scenario_id,graph_id,method,time,sequence,event,node_id,new_target_mask,covered_target_mask
g01_reference_000,g01,one_step_adp,90.0,1,offline_observation_credited,g01_t00_000,268435456,268435456
g01_reference_000,g01,one_step_adp,180.0,2,offline_observation_credited,g01_t05_018,283467841536,283736276992
g01_reference_000,g01,one_step_adp,270.0,3,offline_observation_credited,g01_t04_047,1,283736276993
g01_reference_000,g01,one_step_adp,360.0,4,offline_observation_credited,g01_t03_026,8,283736277001
g01_reference_000,g01,one_step_adp,450.0,5,offline_observation_credited,g01_t08_027,2048,283736279049
g01_reference_000,g01,one_step_adp,540.0,6,offline_observation_credited,g01_t06_025,341024,283736620073
g01_reference_000,g01,one_step_adp,630.0,7,offline_observation_credited,g01_t07_025,16896,283736636969
g01_reference_000,g01,one_step_adp,720.0,8,offline_observation_credited,g01_t02_045,587202560,284323839529
g01_reference_000,g01,one_step_adp,810.0,9,offline_observation_credited,g01_t01_049,201326592,284525166121
g01_reference_000,g01,adaptive_rollout_adp,90.0,1,offline_observation_credited,g01_t04_047,1,1
g01_reference_000,g01,adaptive_rollout_adp,180.0,2,offline_observation_credited,g01_t00_023,268435456,268435457
g01_reference_000,g01,adaptive_rollout_adp,270.0,3,offline_observation_credited,g01_t05_052,412316860416,412585295873
g01_reference_000,g01,adaptive_rollout_adp,360.0,4,offline_observation_credited,g01_t02_045,587202560,413172498433
g01_reference_000,g01,adaptive_rollout_adp,450.0,5,offline_observation_credited,g01_t07_025,26112,413172524545
g01_reference_000,g01,adaptive_rollout_adp,540.0,6,offline_observation_credited,g01_t06_025,331808,413172856353
g01_reference_000,g01,adaptive_rollout_adp,630.0,7,offline_observation_credited,g01_t08_027,2048,413172858401
g01_reference_000,g01,adaptive_rollout_adp,720.0,8,offline_observation_credited,g01_t03_060,8,413172858409
g01_reference_000,g01,adaptive_rollout_adp,810.0,9,offline_observation_credited,g01_t01_049,201326592,413374185001
g01_reference_000,g01,independent_milp,90.0,1,offline_observation_credited,g01_t04_000,9,9
g01_reference_000,g01,independent_milp,180.0,2,offline_observation_credited,g01_t00_023,268435456,268435465
g01_reference_000,g01,independent_milp,270.0,3,offline_observation_credited,g01_t05_052,412316860416,412585295881
g01_reference_000,g01,independent_milp,360.0,4,offline_observation_credited,g01_t02_057,587202560,413172498441
g01_reference_000,g01,independent_milp,450.0,5,offline_observation_credited,g01_t07_025,26112,413172524553
g01_reference_000,g01,independent_milp,540.0,6,offline_observation_credited,g01_t06_025,331808,413172856361
g01_reference_000,g01,independent_milp,630.0,7,offline_observation_credited,g01_t08_027,2048,413172858409
g01_reference_000,g01,independent_milp,720.0,8,offline_observation_credited,g01_t01_049,201326592,413374185001
g01_nominal_000,g01,adaptive_rollout_adp,90.0,1,offline_observation_credited,g01_t04_047,1,1
g01_nominal_000,g01,adaptive_rollout_adp,180.0,2,offline_observation_credited,g01_t00_023,268435456,268435457
g01_nominal_000,g01,adaptive_rollout_adp,270.0,3,offline_observation_credited,g01_t05_052,412316860416,412585295873
g01_nominal_000,g01,adaptive_rollout_adp,360.0,4,offline_observation_credited,g01_t02_045,587202560,413172498433
g01_nominal_000,g01,adaptive_rollout_adp,450.0,5,offline_observation_credited,g01_t07_025,26112,413172524545
g01_nominal_000,g01,adaptive_rollout_adp,540.0,6,offline_observation_credited,g01_t06_025,331808,413172856353
g01_nominal_000,g01,adaptive_rollout_adp,630.0,7,offline_observation_credited,g01_t08_027,2048,413172858401
g01_nominal_000,g01,adaptive_rollout_adp,720.0,8,offline_observation_credited,g01_t03_060,8,413172858409
g01_nominal_000,g01,adaptive_rollout_adp,810.0,9,offline_observation_credited,g01_t01_049,201326592,413374185001
g01_nominal_000,g01,one_step_adp,90.0,1,offline_observation_credited,g01_t00_000,268435456,268435456
g01_nominal_000,g01,one_step_adp,180.0,2,offline_observation_credited,g01_t05_018,283467841536,283736276992
g01_nominal_000,g01,one_step_adp,270.0,3,offline_observation_credited,g01_t04_047,1,283736276993
g01_nominal_000,g01,one_step_adp,360.0,4,offline_observation_credited,g01_t03_026,8,283736277001
g01_nominal_000,g01,one_step_adp,450.0,5,offline_observation_credited,g01_t08_027,2048,283736279049
g01_nominal_000,g01,one_step_adp,540.0,6,offline_observation_credited,g01_t06_025,341024,283736620073
g01_nominal_000,g01,one_step_adp,630.0,7,offline_observation_credited,g01_t07_025,16896,283736636969
g01_nominal_000,g01,one_step_adp,720.0,8,offline_observation_credited,g01_t02_045,587202560,284323839529
g01_nominal_000,g01,one_step_adp,810.0,9,offline_observation_credited,g01_t01_049,201326592,284525166121
g01_nominal_000,g01,independent_milp,90.0,1,offline_observation_credited,g01_t04_000,9,9
g01_nominal_000,g01,independent_milp,180.0,2,offline_observation_credited,g01_t00_023,268435456,268435465
g01_nominal_000,g01,independent_milp,270.0,3,offline_observation_credited,g01_t05_052,412316860416,412585295881
g01_nominal_000,g01,independent_milp,360.0,4,offline_observation_credited,g01_t02_057,587202560,413172498441
g01_nominal_000,g01,independent_milp,450.0,5,offline_observation_credited,g01_t07_025,26112,413172524553
g01_nominal_000,g01,independent_milp,540.0,6,offline_observation_credited,g01_t06_025,331808,413172856361
g01_nominal_000,g01,independent_milp,630.0,7,offline_observation_credited,g01_t08_027,2048,413172858409
g01_nominal_000,g01,independent_milp,720.0,8,offline_observation_credited,g01_t01_049,201326592,413374185001
g01_nominal_001,g01,adaptive_rollout_adp,90.0,1,offline_observation_credited,g01_t04_047,1,1
g01_nominal_001,g01,adaptive_rollout_adp,180.0,2,offline_observation_credited,g01_t00_023,268435456,268435457
g01_nominal_001,g01,adaptive_rollout_adp,270.0,3,offline_observation_credited,g01_t05_052,412316860416,412585295873
g01_nominal_001,g01,adaptive_rollout_adp,360.0,4,offline_observation_credited,g01_t02_045,587202560,413172498433
g01_nominal_001,g01,adaptive_rollout_adp,450.0,5,offline_observation_credited,g01_t07_025,26112,413172524545
g01_nominal_001,g01,adaptive_rollout_adp,540.0,6,offline_observation_credited,g01_t06_025,331808,413172856353
g01_nominal_001,g01,adaptive_rollout_adp,630.0,7,offline_observation_credited,g01_t08_027,2048,413172858401
g01_nominal_001,g01,adaptive_rollout_adp,720.0,8,offline_observation_credited,g01_t03_060,8,413172858409
g01_nominal_001,g01,adaptive_rollout_adp,810.0,9,offline_observation_credited,g01_t01_049,201326592,413374185001
g01_nominal_001,g01,one_step_adp,90.0,1,offline_observation_credited,g01_t00_000,268435456,268435456
g01_nominal_001,g01,one_step_adp,180.0,2,offline_observation_credited,g01_t05_018,283467841536,283736276992
g01_nominal_001,g01,one_step_adp,270.0,3,offline_observation_credited,g01_t04_047,1,283736276993
g01_nominal_001,g01,one_step_adp,360.0,4,offline_observation_credited,g01_t03_026,8,283736277001
g01_nominal_001,g01,one_step_adp,450.0,5,offline_observation_credited,g01_t08_027,2048,283736279049
g01_nominal_001,g01,one_step_adp,540.0,6,offline_observation_credited,g01_t06_025,341024,283736620073
g01_nominal_001,g01,one_step_adp,630.0,7,offline_observation_credited,g01_t07_025,16896,283736636969
g01_nominal_001,g01,one_step_adp,720.0,8,offline_observation_credited,g01_t02_045,587202560,284323839529
g01_nominal_001,g01,one_step_adp,810.0,9,offline_observation_credited,g01_t01_049,201326592,284525166121
g01_nominal_001,g01,independent_milp,90.0,1,offline_observation_credited,g01_t04_000,9,9
g01_nominal_001,g01,independent_milp,180.0,2,offline_observation_credited,g01_t00_023,268435456,268435465
g01_nominal_001,g01,independent_milp,270.0,3,offline_observation_credited,g01_t05_052,412316860416,412585295881
g01_nominal_001,g01,independent_milp,360.0,4,offline_observation_credited,g01_t02_057,587202560,413172498441
g01_nominal_001,g01,independent_milp,450.0,5,offline_observation_credited,g01_t07_025,26112,413172524553
g01_nominal_001,g01,independent_milp,540.0,6,offline_observation_credited,g01_t06_025,331808,413172856361
g01_nominal_001,g01,independent_milp,630.0,7,offline_observation_credited,g01_t08_027,2048,413172858409
g01_nominal_001,g01,independent_milp,720.0,8,offline_observation_credited,g01_t01_049,201326592,413374185001
g01_nominal_002,g01,adaptive_rollout_adp,90.0,1,offline_observation_credited,g01_t04_047,1,1
g01_nominal_002,g01,adaptive_rollout_adp,180.0,2,offline_observation_credited,g01_t00_023,268435456,268435457
g01_nominal_002,g01,adaptive_rollout_adp,270.0,3,offline_observation_credited,g01_t05_052,412316860416,412585295873
g01_nominal_002,g01,adaptive_rollout_adp,360.0,4,offline_observation_credited,g01_t02_045,587202560,413172498433
g01_nominal_002,g01,adaptive_rollout_adp,450.0,5,offline_observation_credited,g01_t07_025,26112,413172524545
g01_nominal_002,g01,adaptive_rollout_adp,540.0,6,offline_observation_credited,g01_t06_025,331808,413172856353
g01_nominal_002,g01,adaptive_rollout_adp,630.0,7,offline_observation_credited,g01_t08_027,2048,413172858401
g01_nominal_002,g01,adaptive_rollout_adp,720.0,8,offline_observation_credited,g01_t03_060,8,413172858409
g01_nominal_002,g01,adaptive_rollout_adp,810.0,9,offline_observation_credited,g01_t01_049,201326592,413374185001
g01_nominal_002,g01,one_step_adp,90.0,1,offline_observation_credited,g01_t00_000,268435456,268435456
g01_nominal_002,g01,one_step_adp,180.0,2,offline_observation_credited,g01_t05_018,283467841536,283736276992
g01_nominal_002,g01,one_step_adp,270.0,3,offline_observation_credited,g01_t04_047,1,283736276993
g01_nominal_002,g01,one_step_adp,360.0,4,offline_observation_credited,g01_t03_026,8,283736277001
g01_nominal_002,g01,one_step_adp,450.0,5,offline_observation_credited,g01_t08_027,2048,283736279049
g01_nominal_002,g01,one_step_adp,540.0,6,offline_observation_credited,g01_t06_025,341024,283736620073
g01_nominal_002,g01,one_step_adp,630.0,7,offline_observation_credited,g01_t07_025,16896,283736636969
g01_nominal_002,g01,one_step_adp,720.0,8,offline_observation_credited,g01_t02_045,587202560,284323839529
g01_nominal_002,g01,one_step_adp,810.0,9,offline_observation_credited,g01_t01_049,201326592,284525166121
g01_nominal_002,g01,independent_milp,90.0,1,offline_observation_credited,g01_t04_000,9,9
g01_nominal_002,g01,independent_milp,180.0,2,offline_observation_credited,g01_t00_023,268435456,268435465
g01_nominal_002,g01,independent_milp,270.0,3,offline_observation_credited,g01_t05_052,412316860416,412585295881
g01_nominal_002,g01,independent_milp,360.0,4,offline_observation_credited,g01_t02_057,587202560,413172498441
g01_nominal_002,g01,independent_milp,450.0,5,offline_observation_credited,g01_t07_025,26112,413172524553
g01_nominal_002,g01,independent_milp,540.0,6,offline_observation_credited,g01_t06_025,331808,413172856361
g01_nominal_002,g01,independent_milp,630.0,7,offline_observation_credited,g01_t08_027,2048,413172858409
g01_nominal_002,g01,independent_milp,720.0,8,offline_observation_credited,g01_t01_049,201326592,413374185001
g01_nominal_003,g01,adaptive_rollout_adp,90.0,1,offline_observation_credited,g01_t04_047,1,1
g01_nominal_003,g01,adaptive_rollout_adp,180.0,2,offline_observation_credited,g01_t00_023,268435456,268435457
g01_nominal_003,g01,adaptive_rollout_adp,270.0,3,offline_observation_credited,g01_t05_052,412316860416,412585295873
g01_nominal_003,g01,adaptive_rollout_adp,360.0,4,offline_observation_credited,g01_t02_045,587202560,413172498433
g01_nominal_003,g01,adaptive_rollout_adp,450.0,5,offline_observation_credited,g01_t07_025,26112,413172524545
g01_nominal_003,g01,adaptive_rollout_adp,540.0,6,offline_observation_credited,g01_t06_025,331808,413172856353
g01_nominal_003,g01,adaptive_rollout_adp,630.0,7,offline_observation_credited,g01_t08_027,2048,413172858401
g01_nominal_003,g01,adaptive_rollout_adp,720.0,8,offline_observation_credited,g01_t03_060,8,413172858409
g01_nominal_003,g01,adaptive_rollout_adp,810.0,9,offline_observation_credited,g01_t01_049,201326592,413374185001
g01_nominal_003,g01,one_step_adp,90.0,1,offline_observation_credited,g01_t00_000,268435456,268435456
g01_nominal_003,g01,one_step_adp,180.0,2,offline_observation_credited,g01_t05_018,283467841536,283736276992
g01_nominal_003,g01,one_step_adp,270.0,3,offline_observation_credited,g01_t04_047,1,283736276993
g01_nominal_003,g01,one_step_adp,360.0,4,offline_observation_credited,g01_t03_026,8,283736277001
g01_nominal_003,g01,one_step_adp,450.0,5,offline_observation_credited,g01_t08_027,2048,283736279049
g01_nominal_003,g01,one_step_adp,540.0,6,offline_observation_credited,g01_t06_025,341024,283736620073
g01_nominal_003,g01,one_step_adp,630.0,7,offline_observation_credited,g01_t07_025,16896,283736636969
g01_nominal_003,g01,one_step_adp,720.0,8,offline_observation_credited,g01_t02_045,587202560,284323839529
g01_nominal_003,g01,one_step_adp,810.0,9,offline_observation_credited,g01_t01_049,201326592,284525166121
g01_nominal_003,g01,independent_milp,90.0,1,offline_observation_credited,g01_t04_000,9,9
g01_nominal_003,g01,independent_milp,180.0,2,offline_observation_credited,g01_t00_023,268435456,268435465
g01_nominal_003,g01,independent_milp,270.0,3,offline_observation_credited,g01_t05_052,412316860416,412585295881
g01_nominal_003,g01,independent_milp,360.0,4,offline_observation_credited,g01_t02_057,587202560,413172498441
g01_nominal_003,g01,independent_milp,450.0,5,offline_observation_credited,g01_t07_025,26112,413172524553
g01_nominal_003,g01,independent_milp,540.0,6,offline_observation_credited,g01_t06_025,331808,413172856361
g01_nominal_003,g01,independent_milp,630.0,7,offline_observation_credited,g01_t08_027,2048,413172858409
g01_nominal_003,g01,independent_milp,720.0,8,offline_observation_credited,g01_t01_049,201326592,413374185001
g01_nominal_004,g01,adaptive_rollout_adp,90.0,1,offline_observation_credited,g01_t04_000,9,9
g01_nominal_004,g01,adaptive_rollout_adp,180.0,2,offline_observation_credited,g01_t03_026,0,9
g01_nominal_004,g01,adaptive_rollout_adp,270.0,3,offline_observation_credited,g01_t08_027,2048,2057
g01_nominal_004,g01,adaptive_rollout_adp,360.0,4,offline_observation_credited,g01_t06_025,341024,343081
g01_nominal_004,g01,adaptive_rollout_adp,450.0,5,offline_observation_credited,g01_t07_025,16896,359977
g01_nominal_004,g01,adaptive_rollout_adp,540.0,6,offline_observation_credited,g01_t02_045,587202560,587562537
g01_nominal_004,g01,adaptive_rollout_adp,630.0,7,offline_observation_credited,g01_t00_054,1342177280,1929739817
g01_nominal_004,g01,adaptive_rollout_adp,720.0,8,offline_observation_credited,g01_t05_005,420906795008,422836534825
g01_nominal_004,g01,adaptive_rollout_adp,810.0,9,offline_observation_credited,g01_t01_049,201326592,423037861417
g01_nominal_004,g01,one_step_adp,90.0,1,offline_observation_credited,g01_t00_000,268435456,268435456
g01_nominal_004,g01,one_step_adp,180.0,2,offline_observation_credited,g01_t05_018,283467841536,283736276992
g01_nominal_004,g01,one_step_adp,270.0,3,offline_observation_credited,g01_t04_000,9,283736277001
g01_nominal_004,g01,one_step_adp,360.0,4,offline_observation_credited,g01_t03_026,0,283736277001
g01_nominal_004,g01,one_step_adp,450.0,5,offline_observation_credited,g01_t08_027,2048,283736279049
g01_nominal_004,g01,one_step_adp,540.0,6,offline_observation_credited,g01_t06_025,341024,283736620073
g01_nominal_004,g01,one_step_adp,630.0,7,offline_observation_credited,g01_t07_025,16896,283736636969
g01_nominal_004,g01,one_step_adp,720.0,8,offline_observation_credited,g01_t02_045,587202560,284323839529
g01_nominal_004,g01,one_step_adp,810.0,9,offline_observation_credited,g01_t01_049,201326592,284525166121
g01_nominal_004,g01,independent_milp,90.0,1,offline_observation_credited,g01_t04_000,9,9
g01_nominal_004,g01,independent_milp,180.0,2,offline_observation_credited,g01_t03_026,0,9
g01_nominal_004,g01,independent_milp,270.0,3,offline_observation_credited,g01_t08_027,2048,2057
g01_nominal_004,g01,independent_milp,360.0,4,offline_observation_credited,g01_t06_025,341024,343081
g01_nominal_004,g01,independent_milp,450.0,5,offline_observation_credited,g01_t13_000,549760008192,549760351273
g01_nominal_004,g01,independent_milp,540.0,6,offline_observation_credited,g01_t07_025,16896,549760368169
g01_nominal_004,g01,independent_milp,630.0,7,offline_observation_credited,g01_t02_045,587202560,550347570729
g01_nominal_004,g01,independent_milp,720.0,8,offline_observation_credited,g01_t00_054,1342177280,551689748009
g01_nominal_004,g01,independent_milp,810.0,9,offline_observation_credited,g01_t05_005,420906795008,972596543017
g01_nominal_004,g01,independent_milp,900.0,10,offline_observation_credited,g01_t01_049,201326592,972797869609
g01_nominal_005,g01,one_step_adp,90.0,1,offline_observation_credited,g01_t00_000,268435456,268435456
g01_nominal_005,g01,one_step_adp,180.0,2,offline_observation_credited,g01_t05_018,283467841536,283736276992
g01_nominal_005,g01,one_step_adp,270.0,3,offline_observation_credited,g01_t04_047,1,283736276993
g01_nominal_005,g01,one_step_adp,360.0,4,offline_observation_credited,g01_t03_026,8,283736277001
g01_nominal_005,g01,one_step_adp,450.0,5,offline_observation_credited,g01_t08_027,2048,283736279049
g01_nominal_005,g01,one_step_adp,540.0,6,offline_observation_credited,g01_t06_025,341024,283736620073
g01_nominal_005,g01,one_step_adp,630.0,7,offline_observation_credited,g01_t07_025,16896,283736636969
g01_nominal_005,g01,one_step_adp,720.0,8,offline_observation_credited,g01_t02_045,587202560,284323839529
g01_nominal_005,g01,one_step_adp,810.0,9,offline_observation_credited,g01_t01_049,201326592,284525166121
g01_nominal_005,g01,adaptive_rollout_adp,90.0,1,offline_observation_credited,g01_t04_047,1,1
g01_nominal_005,g01,adaptive_rollout_adp,180.0,2,offline_observation_credited,g01_t00_023,268435456,268435457
g01_nominal_005,g01,adaptive_rollout_adp,270.0,3,offline_observation_credited,g01_t05_052,412316860416,412585295873
g01_nominal_005,g01,adaptive_rollout_adp,360.0,4,offline_observation_credited,g01_t02_045,587202560,413172498433
g01_nominal_005,g01,adaptive_rollout_adp,450.0,5,offline_observation_credited,g01_t07_025,26112,413172524545
g01_nominal_005,g01,adaptive_rollout_adp,540.0,6,offline_observation_credited,g01_t06_025,331808,413172856353
g01_nominal_005,g01,adaptive_rollout_adp,630.0,7,offline_observation_credited,g01_t08_027,2048,413172858401
g01_nominal_005,g01,adaptive_rollout_adp,720.0,8,offline_observation_credited,g01_t03_060,8,413172858409
g01_nominal_005,g01,adaptive_rollout_adp,810.0,9,offline_observation_credited,g01_t01_049,201326592,413374185001
g01_nominal_005,g01,independent_milp,90.0,1,offline_observation_credited,g01_t04_000,9,9
g01_nominal_005,g01,independent_milp,180.0,2,offline_observation_credited,g01_t00_023,268435456,268435465
g01_nominal_005,g01,independent_milp,270.0,3,offline_observation_credited,g01_t05_052,412316860416,412585295881
g01_nominal_005,g01,independent_milp,360.0,4,offline_observation_credited,g01_t02_057,587202560,413172498441
g01_nominal_005,g01,independent_milp,450.0,5,offline_observation_credited,g01_t07_025,26112,413172524553
g01_nominal_005,g01,independent_milp,540.0,6,offline_observation_credited,g01_t06_025,331808,413172856361
g01_nominal_005,g01,independent_milp,630.0,7,offline_observation_credited,g01_t08_027,2048,413172858409
g01_nominal_005,g01,independent_milp,720.0,8,offline_observation_credited,g01_t01_049,201326592,413374185001
g01_nominal_006,g01,adaptive_rollout_adp,90.0,1,offline_observation_credited,g01_t04_047,1,1
g01_nominal_006,g01,adaptive_rollout_adp,180.0,2,offline_observation_credited,g01_t00_023,268435456,268435457
g01_nominal_006,g01,adaptive_rollout_adp,270.0,3,offline_observation_credited,g01_t05_052,412316860416,412585295873
g01_nominal_006,g01,adaptive_rollout_adp,360.0,4,offline_observation_credited,g01_t02_045,587202560,413172498433
g01_nominal_006,g01,adaptive_rollout_adp,450.0,5,offline_observation_credited,g01_t07_025,26112,413172524545
g01_nominal_006,g01,adaptive_rollout_adp,540.0,6,offline_observation_credited,g01_t06_025,331808,413172856353
g01_nominal_006,g01,adaptive_rollout_adp,630.0,7,offline_observation_credited,g01_t08_027,2048,413172858401
g01_nominal_006,g01,adaptive_rollout_adp,720.0,8,offline_observation_credited,g01_t03_060,8,413172858409
g01_nominal_006,g01,adaptive_rollout_adp,810.0,9,offline_observation_credited,g01_t01_049,201326592,413374185001
g01_nominal_006,g01,one_step_adp,90.0,1,offline_observation_credited,g01_t00_000,268435456,268435456
g01_nominal_006,g01,one_step_adp,180.0,2,offline_observation_credited,g01_t05_018,283467841536,283736276992
g01_nominal_006,g01,one_step_adp,270.0,3,offline_observation_credited,g01_t04_047,1,283736276993
g01_nominal_006,g01,one_step_adp,360.0,4,offline_observation_credited,g01_t03_026,8,283736277001
g01_nominal_006,g01,one_step_adp,450.0,5,offline_observation_credited,g01_t08_027,2048,283736279049
g01_nominal_006,g01,one_step_adp,540.0,6,offline_observation_credited,g01_t06_025,341024,283736620073
g01_nominal_006,g01,one_step_adp,630.0,7,offline_observation_credited,g01_t07_025,16896,283736636969
g01_nominal_006,g01,one_step_adp,720.0,8,offline_observation_credited,g01_t02_045,587202560,284323839529
g01_nominal_006,g01,one_step_adp,810.0,9,offline_observation_credited,g01_t01_049,201326592,284525166121
g01_nominal_006,g01,independent_milp,90.0,1,offline_observation_credited,g01_t04_000,9,9
g01_nominal_006,g01,independent_milp,180.0,2,offline_observation_credited,g01_t00_023,268435456,268435465
g01_nominal_006,g01,independent_milp,270.0,3,offline_observation_credited,g01_t05_052,412316860416,412585295881
g01_nominal_006,g01,independent_milp,360.0,4,offline_observation_credited,g01_t02_045,587202560,413172498441
g01_nominal_006,g01,independent_milp,450.0,5,offline_observation_credited,g01_t07_025,26112,413172524553
g01_nominal_006,g01,independent_milp,540.0,6,offline_observation_credited,g01_t06_025,331808,413172856361
g01_nominal_006,g01,independent_milp,630.0,7,offline_observation_credited,g01_t08_027,2048,413172858409
g01_nominal_006,g01,independent_milp,720.0,8,offline_observation_credited,g01_t01_049,201326592,413374185001
g01_nominal_007,g01,one_step_adp,90.0,1,offline_observation_credited,g01_t07_025,26112,26112
g01_nominal_007,g01,one_step_adp,180.0,2,offline_observation_credited,g01_t08_027,2048,28160
g01_nominal_007,g01,one_step_adp,270.0,3,offline_observation_credited,g01_t06_000,266240,294400
g01_nominal_007,g01,one_step_adp,360.0,4,offline_observation_credited,g01_t01_049,201326592,201620992
g01_nominal_007,g01,one_step_adp,450.0,5,offline_observation_credited,g01_t02_045,587202560,788823552
g01_nominal_007,g01,one_step_adp,540.0,6,offline_observation_credited,g01_t05_052,412316860416,413105683968
g01_nominal_007,g01,one_step_adp,630.0,7,offline_observation_credited,g01_t00_023,268435456,413374119424
g01_nominal_007,g01,one_step_adp,720.0,8,offline_observation_credited,g01_t04_000,9,413374119433
g01_nominal_007,g01,adaptive_rollout_adp,90.0,1,offline_observation_credited,g01_t04_047,1,1
g01_nominal_007,g01,adaptive_rollout_adp,180.0,2,offline_observation_credited,g01_t00_023,268435456,268435457
g01_nominal_007,g01,adaptive_rollout_adp,270.0,3,offline_observation_credited,g01_t05_052,412316860416,412585295873
g01_nominal_007,g01,adaptive_rollout_adp,360.0,4,offline_observation_credited,g01_t02_045,587202560,413172498433
g01_nominal_007,g01,adaptive_rollout_adp,450.0,5,offline_observation_credited,g01_t07_025,26112,413172524545
g01_nominal_007,g01,adaptive_rollout_adp,540.0,6,offline_observation_credited,g01_t06_025,331808,413172856353
g01_nominal_007,g01,adaptive_rollout_adp,630.0,7,offline_observation_credited,g01_t08_027,2048,413172858401
g01_nominal_007,g01,adaptive_rollout_adp,720.0,8,offline_observation_credited,g01_t03_060,8,413172858409
g01_nominal_007,g01,adaptive_rollout_adp,810.0,9,offline_observation_credited,g01_t01_049,201326592,413374185001
g01_nominal_007,g01,incumbent,90.0,1,offline_observation_credited,g01_t04_047,1,1
g01_nominal_007,g01,incumbent,180.0,2,offline_observation_credited,g01_t04_000,8,9
g01_nominal_007,g01,incumbent,270.0,3,offline_observation_credited,g01_t00_023,268435456,268435465
g01_nominal_007,g01,incumbent,360.0,4,offline_observation_credited,g01_t05_052,412316860416,412585295881
g01_nominal_007,g01,incumbent,450.0,5,offline_observation_credited,g01_t02_057,587202560,413172498441
g01_nominal_007,g01,incumbent,540.0,6,offline_observation_credited,g01_t07_000,26112,413172524553
g01_nominal_007,g01,incumbent,630.0,7,offline_observation_credited,g01_t06_025,331808,413172856361
g01_nominal_007,g01,incumbent,720.0,8,offline_observation_credited,g01_t08_013,2048,413172858409
g01_nominal_007,g01,incumbent,810.0,9,offline_observation_credited,g01_t06_053,5242880,413178101289
g01_nominal_007,g01,incumbent,900.0,10,offline_observation_credited,g01_t11_000,32768,413178134057
g01_nominal_007,g01,incumbent,990.0,11,offline_observation_credited,g01_t06_000,0,413178134057
g01_nominal_007,g01,incumbent,1080.0,12,offline_observation_credited,g01_t01_049,201326592,413379460649
g01_nominal_007,g01,independent_milp,90.0,1,offline_observation_credited,g01_t04_000,9,9
g01_nominal_007,g01,independent_milp,180.0,2,offline_observation_credited,g01_t00_023,268435456,268435465
g01_nominal_007,g01,independent_milp,270.0,3,offline_observation_credited,g01_t05_052,412316860416,412585295881
g01_nominal_007,g01,independent_milp,360.0,4,offline_observation_credited,g01_t02_045,587202560,413172498441
g01_nominal_007,g01,independent_milp,450.0,5,offline_observation_credited,g01_t07_025,26112,413172524553
g01_nominal_007,g01,independent_milp,540.0,6,offline_observation_credited,g01_t06_025,331808,413172856361
g01_nominal_007,g01,independent_milp,630.0,7,offline_observation_credited,g01_t08_027,2048,413172858409
g01_nominal_007,g01,independent_milp,720.0,8,offline_observation_credited,g01_t01_049,201326592,413374185001
g01_nominal_008,g01,one_step_adp,90.0,1,offline_observation_credited,g01_t00_000,268435456,268435456
g01_nominal_008,g01,one_step_adp,180.0,2,offline_observation_credited,g01_t05_018,283467841536,283736276992
g01_nominal_008,g01,one_step_adp,270.0,3,offline_observation_credited,g01_t04_047,1,283736276993
g01_nominal_008,g01,one_step_adp,360.0,4,offline_observation_credited,g01_t03_026,8,283736277001
g01_nominal_008,g01,one_step_adp,450.0,5,offline_observation_credited,g01_t08_027,2048,283736279049
g01_nominal_008,g01,one_step_adp,540.0,6,offline_observation_credited,g01_t06_025,341024,283736620073
g01_nominal_008,g01,one_step_adp,630.0,7,offline_observation_credited,g01_t07_025,16896,283736636969
g01_nominal_008,g01,one_step_adp,720.0,8,offline_observation_credited,g01_t02_045,587202560,284323839529
g01_nominal_008,g01,one_step_adp,810.0,9,offline_observation_credited,g01_t01_049,201326592,284525166121
g01_nominal_008,g01,adaptive_rollout_adp,90.0,1,offline_observation_credited,g01_t04_047,1,1
g01_nominal_008,g01,adaptive_rollout_adp,180.0,2,offline_observation_credited,g01_t00_023,268435456,268435457
g01_nominal_008,g01,adaptive_rollout_adp,270.0,3,offline_observation_credited,g01_t05_052,412316860416,412585295873
g01_nominal_008,g01,adaptive_rollout_adp,360.0,4,offline_observation_credited,g01_t02_045,587202560,413172498433
g01_nominal_008,g01,adaptive_rollout_adp,450.0,5,offline_observation_credited,g01_t07_025,26112,413172524545
g01_nominal_008,g01,adaptive_rollout_adp,540.0,6,offline_observation_credited,g01_t06_025,331808,413172856353
g01_nominal_008,g01,adaptive_rollout_adp,630.0,7,offline_observation_credited,g01_t08_027,2048,413172858401
g01_nominal_008,g01,adaptive_rollout_adp,720.0,8,offline_observation_credited,g01_t03_060,8,413172858409
g01_nominal_008,g01,adaptive_rollout_adp,810.0,9,offline_observation_credited,g01_t01_049,201326592,413374185001
g01_nominal_008,g01,independent_milp,90.0,1,offline_observation_credited,g01_t04_000,9,9
g01_nominal_008,g01,independent_milp,180.0,2,offline_observation_credited,g01_t00_023,268435456,268435465
g01_nominal_008,g01,independent_milp,270.0,3,offline_observation_credited,g01_t05_052,412316860416,412585295881
g01_nominal_008,g01,independent_milp,360.0,4,offline_observation_credited,g01_t02_045,587202560,413172498441
g01_nominal_008,g01,independent_milp,450.0,5,offline_observation_credited,g01_t07_025,26112,413172524553
g01_nominal_008,g01,independent_milp,540.0,6,offline_observation_credited,g01_t06_025,331808,413172856361
g01_nominal_008,g01,independent_milp,630.0,7,offline_observation_credited,g01_t08_027,2048,413172858409
g01_nominal_008,g01,independent_milp,720.0,8,offline_observation_credited,g01_t01_049,201326592,413374185001
g01_nominal_009,g01,one_step_adp,90.0,1,offline_observation_credited,g01_t00_000,268435456,268435456
g01_nominal_009,g01,one_step_adp,180.0,2,offline_observation_credited,g01_t05_018,283467841536,283736276992
g01_nominal_009,g01,one_step_adp,270.0,3,offline_observation_credited,g01_t04_047,1,283736276993
g01_nominal_009,g01,one_step_adp,360.0,4,offline_observation_credited,g01_t03_026,8,283736277001
g01_nominal_009,g01,one_step_adp,450.0,5,offline_observation_credited,g01_t08_027,2048,283736279049
g01_nominal_009,g01,one_step_adp,540.0,6,offline_observation_credited,g01_t06_025,341024,283736620073
g01_nominal_009,g01,one_step_adp,630.0,7,offline_observation_credited,g01_t07_025,16896,283736636969
g01_nominal_009,g01,one_step_adp,720.0,8,offline_observation_credited,g01_t02_045,587202560,284323839529
g01_nominal_009,g01,one_step_adp,810.0,9,offline_observation_credited,g01_t01_049,201326592,284525166121
g01_nominal_009,g01,adaptive_rollout_adp,90.0,1,offline_observation_credited,g01_t04_047,1,1
g01_nominal_009,g01,adaptive_rollout_adp,180.0,2,offline_observation_credited,g01_t00_023,268435456,268435457
g01_nominal_009,g01,adaptive_rollout_adp,270.0,3,offline_observation_credited,g01_t05_052,412316860416,412585295873
g01_nominal_009,g01,adaptive_rollout_adp,360.0,4,offline_observation_credited,g01_t02_045,587202560,413172498433
g01_nominal_009,g01,adaptive_rollout_adp,450.0,5,offline_observation_credited,g01_t07_025,26112,413172524545
g01_nominal_009,g01,adaptive_rollout_adp,540.0,6,offline_observation_credited,g01_t06_025,331808,413172856353
g01_nominal_009,g01,adaptive_rollout_adp,630.0,7,offline_observation_credited,g01_t08_027,2048,413172858401
g01_nominal_009,g01,adaptive_rollout_adp,720.0,8,offline_observation_credited,g01_t03_060,8,413172858409
g01_nominal_009,g01,adaptive_rollout_adp,810.0,9,offline_observation_credited,g01_t01_049,201326592,413374185001
g01_nominal_009,g01,independent_milp,90.0,1,offline_observation_credited,g01_t04_047,1,1
g01_nominal_009,g01,independent_milp,180.0,2,offline_observation_credited,g01_t03_026,8,9
g01_nominal_009,g01,independent_milp,270.0,3,offline_observation_credited,g01_t08_027,2048,2057
g01_nominal_009,g01,independent_milp,360.0,4,offline_observation_credited,g01_t06_025,341024,343081
g01_nominal_009,g01,independent_milp,450.0,5,offline_observation_credited,g01_t07_025,16896,359977
g01_nominal_009,g01,independent_milp,540.0,6,offline_observation_credited,g01_t02_045,587202560,587562537
g01_nominal_009,g01,independent_milp,630.0,7,offline_observation_credited,g01_t00_054,1342177280,1929739817
g01_nominal_009,g01,independent_milp,720.0,8,offline_observation_credited,g01_t05_005,420906795008,422836534825
g01_nominal_009,g01,independent_milp,810.0,9,offline_observation_credited,g01_t01_049,201326592,423037861417
g01_shifted_000,g01,one_step_adp,90.0,1,offline_observation_credited,g01_t07_025,26112,26112
g01_shifted_000,g01,one_step_adp,180.0,2,offline_observation_credited,g01_t08_027,2048,28160
g01_shifted_000,g01,one_step_adp,270.0,3,offline_observation_credited,g01_t06_000,266240,294400
g01_shifted_000,g01,one_step_adp,360.0,4,offline_observation_credited,g01_t01_049,201326592,201620992
g01_shifted_000,g01,one_step_adp,450.0,5,offline_observation_credited,g01_t02_045,587202560,788823552
g01_shifted_000,g01,one_step_adp,540.0,6,offline_observation_credited,g01_t05_052,412316860416,413105683968
g01_shifted_000,g01,one_step_adp,630.0,7,offline_observation_credited,g01_t00_023,268435456,413374119424
g01_shifted_000,g01,one_step_adp,720.0,8,offline_observation_credited,g01_t04_000,9,413374119433
g01_shifted_000,g01,incumbent,90.0,1,offline_observation_credited,g01_t04_047,1,1
g01_shifted_000,g01,incumbent,180.0,2,offline_observation_credited,g01_t04_000,8,9
g01_shifted_000,g01,incumbent,270.0,3,offline_observation_credited,g01_t00_023,268435456,268435465
g01_shifted_000,g01,incumbent,360.0,4,offline_observation_credited,g01_t05_052,412316860416,412585295881
g01_shifted_000,g01,incumbent,450.0,5,offline_observation_credited,g01_t02_057,587202560,413172498441
g01_shifted_000,g01,incumbent,540.0,6,offline_observation_credited,g01_t07_000,26112,413172524553
g01_shifted_000,g01,incumbent,630.0,7,offline_observation_credited,g01_t06_025,331808,413172856361
g01_shifted_000,g01,incumbent,720.0,8,offline_observation_credited,g01_t08_013,2048,413172858409
g01_shifted_000,g01,incumbent,810.0,9,offline_observation_credited,g01_t06_053,5242880,413178101289
g01_shifted_000,g01,incumbent,900.0,10,offline_observation_credited,g01_t11_000,32768,413178134057
g01_shifted_000,g01,incumbent,990.0,11,offline_observation_credited,g01_t06_000,0,413178134057
g01_shifted_000,g01,incumbent,1080.0,12,offline_observation_credited,g01_t01_049,201326592,413379460649
g01_shifted_000,g01,adaptive_rollout_adp,90.0,1,offline_observation_credited,g01_t04_047,1,1
g01_shifted_000,g01,adaptive_rollout_adp,180.0,2,offline_observation_credited,g01_t00_023,268435456,268435457
g01_shifted_000,g01,adaptive_rollout_adp,270.0,3,offline_observation_credited,g01_t05_052,412316860416,412585295873
g01_shifted_000,g01,adaptive_rollout_adp,360.0,4,offline_observation_credited,g01_t02_045,587202560,413172498433
g01_shifted_000,g01,adaptive_rollout_adp,450.0,5,offline_observation_credited,g01_t07_025,26112,413172524545
g01_shifted_000,g01,adaptive_rollout_adp,540.0,6,offline_observation_credited,g01_t06_025,331808,413172856353
g01_shifted_000,g01,adaptive_rollout_adp,630.0,7,offline_observation_credited,g01_t08_027,2048,413172858401
g01_shifted_000,g01,adaptive_rollout_adp,720.0,8,offline_observation_credited,g01_t03_060,8,413172858409
g01_shifted_000,g01,adaptive_rollout_adp,810.0,9,offline_observation_credited,g01_t01_049,201326592,413374185001
g01_shifted_000,g01,independent_milp,90.0,1,offline_observation_credited,g01_t04_000,9,9
g01_shifted_000,g01,independent_milp,180.0,2,offline_observation_credited,g01_t00_023,268435456,268435465
g01_shifted_000,g01,independent_milp,270.0,3,offline_observation_credited,g01_t05_052,412316860416,412585295881
g01_shifted_000,g01,independent_milp,360.0,4,offline_observation_credited,g01_t02_045,587202560,413172498441
g01_shifted_000,g01,independent_milp,450.0,5,offline_observation_credited,g01_t07_025,26112,413172524553
g01_shifted_000,g01,independent_milp,540.0,6,offline_observation_credited,g01_t06_000,266240,413172790793
g01_shifted_000,g01,independent_milp,630.0,7,offline_observation_credited,g01_t08_027,2048,413172792841
g01_shifted_000,g01,independent_milp,720.0,8,offline_observation_credited,g01_t01_049,201326592,413374119433
g01_shifted_001,g01,one_step_adp,90.0,1,offline_observation_credited,g01_t00_000,268435456,268435456
g01_shifted_001,g01,one_step_adp,180.0,2,offline_observation_credited,g01_t05_018,283467841536,283736276992
g01_shifted_001,g01,one_step_adp,270.0,3,offline_observation_credited,g01_t04_000,9,283736277001
g01_shifted_001,g01,one_step_adp,360.0,4,offline_observation_credited,g01_t03_026,0,283736277001
g01_shifted_001,g01,one_step_adp,450.0,5,offline_observation_credited,g01_t08_027,2048,283736279049
g01_shifted_001,g01,one_step_adp,540.0,6,offline_observation_credited,g01_t06_025,341024,283736620073
g01_shifted_001,g01,one_step_adp,630.0,7,offline_observation_credited,g01_t07_025,16896,283736636969
g01_shifted_001,g01,one_step_adp,720.0,8,offline_observation_credited,g01_t02_057,587202560,284323839529
g01_shifted_001,g01,one_step_adp,810.0,9,offline_observation_credited,g01_t00_054,1073741824,285397581353
g01_shifted_001,g01,one_step_adp,900.0,10,offline_observation_credited,g01_t01_049,201326592,285598907945
g01_shifted_001,g01,adaptive_rollout_adp,90.0,1,offline_observation_credited,g01_t04_000,9,9
g01_shifted_001,g01,adaptive_rollout_adp,180.0,2,offline_observation_credited,g01_t00_023,268435456,268435465
g01_shifted_001,g01,adaptive_rollout_adp,270.0,3,offline_observation_credited,g01_t02_000,1660944384,1929379849
g01_shifted_001,g01,adaptive_rollout_adp,360.0,4,offline_observation_credited,g01_t05_052,412316860416,414246240265
g01_shifted_001,g01,adaptive_rollout_adp,450.0,5,offline_observation_credited,g01_t07_025,26112,414246266377
g01_shifted_001,g01,adaptive_rollout_adp,540.0,6,offline_observation_credited,g01_t06_025,331808,414246598185
g01_shifted_001,g01,adaptive_rollout_adp,630.0,7,offline_observation_credited,g01_t08_027,2048,414246600233
g01_shifted_001,g01,adaptive_rollout_adp,720.0,8,offline_observation_credited,g01_t01_049,201326592,414447926825
g01_shifted_001,g01,independent_milp,90.0,1,offline_observation_credited,g01_t04_000,9,9
g01_shifted_001,g01,independent_milp,180.0,2,offline_observation_credited,g01_t00_023,268435456,268435465
g01_shifted_001,g01,independent_milp,270.0,3,offline_observation_credited,g01_t05_052,412316860416,412585295881
g01_shifted_001,g01,independent_milp,360.0,4,offline_observation_credited,g01_t02_057,587202560,413172498441
g01_shifted_001,g01,independent_milp,450.0,5,offline_observation_credited,g01_t07_025,26112,413172524553
g01_shifted_001,g01,independent_milp,540.0,6,offline_observation_credited,g01_t06_025,331808,413172856361
g01_shifted_001,g01,independent_milp,630.0,7,offline_observation_credited,g01_t08_027,2048,413172858409
g01_shifted_001,g01,independent_milp,720.0,8,offline_observation_credited,g01_t01_049,201326592,413374185001
g01_shifted_002,g01,incumbent,90.0,1,offline_observation_credited,g01_t04_000,9,9
g01_shifted_002,g01,incumbent,180.0,2,offline_observation_credited,g01_t05_018,283467841536,283467841545
g01_shifted_002,g01,incumbent,270.0,3,offline_observation_credited,g01_t04_015,2,283467841547
g01_shifted_002,g01,incumbent,360.0,4,offline_observation_credited,g01_t05_052,137438953472,420906795019
g01_shifted_002,g01,incumbent,450.0,5,offline_observation_credited,g01_t00_054,1375731712,422282526731
g01_shifted_002,g01,incumbent,540.0,6,offline_observation_credited,g01_t02_000,553648128,422836174859
g01_shifted_002,g01,incumbent,630.0,7,offline_observation_credited,g01_t02_057,0,422836174859
g01_shifted_002,g01,incumbent,720.0,8,offline_observation_credited,g01_t07_000,26112,422836200971
g01_shifted_002,g01,incumbent,810.0,9,offline_observation_credited,g01_t06_025,331808,422836532779
g01_shifted_002,g01,incumbent,900.0,10,offline_observation_credited,g01_t08_013,2048,422836534827
g01_shifted_002,g01,incumbent,990.0,11,offline_observation_credited,g01_t06_053,5242880,422841777707
g01_shifted_002,g01,incumbent,1080.0,12,offline_observation_credited,g01_t11_000,32768,422841810475
g01_shifted_002,g01,incumbent,1170.0,13,offline_observation_credited,g01_t06_000,0,422841810475
g01_shifted_002,g01,incumbent,1260.0,14,offline_observation_credited,g01_t01_049,201326592,423043137067
g01_shifted_002,g01,one_step_adp,90.0,1,offline_observation_credited,g01_t06_025,341024,341024
g01_shifted_002,g01,one_step_adp,180.0,2,offline_observation_credited,g01_t08_013,2048,343072
g01_shifted_002,g01,one_step_adp,270.0,3,offline_observation_credited,g01_t07_025,16896,359968
g01_shifted_002,g01,one_step_adp,360.0,4,offline_observation_credited,g01_t02_045,587202560,587562528
g01_shifted_002,g01,one_step_adp,450.0,5,offline_observation_credited,g01_t05_005,420906795008,421494357536
g01_shifted_002,g01,one_step_adp,540.0,6,offline_observation_credited,g01_t00_054,1342177280,422836534816
g01_shifted_002,g01,one_step_adp,630.0,7,offline_observation_credited,g01_t01_049,201326592,423037861408
g01_shifted_002,g01,one_step_adp,720.0,8,offline_observation_credited,g01_t03_060,8,423037861416
g01_shifted_002,g01,one_step_adp,810.0,9,offline_observation_credited,g01_t04_000,1,423037861417
g01_shifted_002,g01,adaptive_rollout_adp,90.0,1,offline_observation_credited,g01_t04_000,9,9
g01_shifted_002,g01,adaptive_rollout_adp,180.0,2,offline_observation_credited,g01_t03_060,0,9
g01_shifted_002,g01,adaptive_rollout_adp,270.0,3,offline_observation_credited,g01_t01_049,201326592,201326601
g01_shifted_002,g01,adaptive_rollout_adp,360.0,4,offline_observation_credited,g01_t05_005,420906795008,421108121609
g01_shifted_002,g01,adaptive_rollout_adp,450.0,5,offline_observation_credited,g01_t00_054,1375731712,422483853321
g01_shifted_002,g01,adaptive_rollout_adp,540.0,6,offline_observation_credited,g01_t02_045,553648128,423037501449
g01_shifted_002,g01,adaptive_rollout_adp,630.0,7,offline_observation_credited,g01_t07_025,26112,423037527561
g01_shifted_002,g01,adaptive_rollout_adp,720.0,8,offline_observation_credited,g01_t06_025,331808,423037859369
g01_shifted_002,g01,adaptive_rollout_adp,810.0,9,offline_observation_credited,g01_t08_013,2048,423037861417
g01_shifted_002,g01,independent_milp,90.0,1,offline_observation_credited,g01_t04_000,9,9
g01_shifted_002,g01,independent_milp,180.0,2,offline_observation_credited,g01_t03_060,0,9
g01_shifted_002,g01,independent_milp,270.0,3,offline_observation_credited,g01_t08_027,2048,2057
g01_shifted_002,g01,independent_milp,360.0,4,offline_observation_credited,g01_t06_025,341024,343081
g01_shifted_002,g01,independent_milp,450.0,5,offline_observation_credited,g01_t07_025,16896,359977
g01_shifted_002,g01,independent_milp,540.0,6,offline_observation_credited,g01_t02_045,587202560,587562537
g01_shifted_002,g01,independent_milp,630.0,7,offline_observation_credited,g01_t00_054,1342177280,1929739817
g01_shifted_002,g01,independent_milp,720.0,8,offline_observation_credited,g01_t05_005,420906795008,422836534825
g01_shifted_002,g01,independent_milp,810.0,9,offline_observation_credited,g01_t01_049,201326592,423037861417
g01_shifted_003,g01,one_step_adp,90.0,1,offline_observation_credited,g01_t04_047,1,1
g01_shifted_003,g01,one_step_adp,180.0,2,offline_observation_credited,g01_t03_026,8,9
g01_shifted_003,g01,one_step_adp,270.0,3,offline_observation_credited,g01_t08_027,2048,2057
g01_shifted_003,g01,one_step_adp,360.0,4,offline_observation_credited,g01_t06_025,341024,343081
g01_shifted_003,g01,one_step_adp,450.0,5,offline_observation_credited,g01_t07_025,16896,359977
g01_shifted_003,g01,one_step_adp,540.0,6,offline_observation_credited,g01_t02_045,587202560,587562537
g01_shifted_003,g01,one_step_adp,630.0,7,offline_observation_credited,g01_t00_054,1342177280,1929739817
g01_shifted_003,g01,one_step_adp,720.0,8,offline_observation_credited,g01_t05_005,420906795008,422836534825
g01_shifted_003,g01,one_step_adp,810.0,9,offline_observation_credited,g01_t01_049,201326592,423037861417
g01_shifted_003,g01,incumbent,90.0,1,offline_observation_credited,g01_t04_047,1,1
g01_shifted_003,g01,incumbent,180.0,2,offline_observation_credited,g01_t03_026,8,9
g01_shifted_003,g01,incumbent,270.0,3,offline_observation_credited,g01_t08_027,2048,2057
g01_shifted_003,g01,incumbent,360.0,4,offline_observation_credited,g01_t06_025,341024,343081
g01_shifted_003,g01,incumbent,450.0,5,offline_observation_credited,g01_t07_025,16896,359977
g01_shifted_003,g01,incumbent,540.0,6,offline_observation_credited,g01_t02_045,587202560,587562537
g01_shifted_003,g01,incumbent,630.0,7,offline_observation_credited,g01_t00_054,1342177280,1929739817
g01_shifted_003,g01,incumbent,720.0,8,offline_observation_credited,g01_t05_005,420906795008,422836534825
g01_shifted_003,g01,incumbent,810.0,9,offline_observation_credited,g01_t01_049,201326592,423037861417
g01_shifted_003,g01,adaptive_rollout_adp,90.0,1,offline_observation_credited,g01_t04_047,1,1
g01_shifted_003,g01,adaptive_rollout_adp,180.0,2,offline_observation_credited,g01_t03_026,8,9
g01_shifted_003,g01,adaptive_rollout_adp,270.0,3,offline_observation_credited,g01_t08_027,2048,2057
g01_shifted_003,g01,adaptive_rollout_adp,360.0,4,offline_observation_credited,g01_t06_025,341024,343081
g01_shifted_003,g01,adaptive_rollout_adp,450.0,5,offline_observation_credited,g01_t07_025,16896,359977
g01_shifted_003,g01,adaptive_rollout_adp,540.0,6,offline_observation_credited,g01_t02_045,587202560,587562537
g01_shifted_003,g01,adaptive_rollout_adp,630.0,7,offline_observation_credited,g01_t00_054,1342177280,1929739817
g01_shifted_003,g01,adaptive_rollout_adp,720.0,8,offline_observation_credited,g01_t05_005,420906795008,422836534825
g01_shifted_003,g01,adaptive_rollout_adp,810.0,9,offline_observation_credited,g01_t01_049,201326592,423037861417
g01_shifted_003,g01,independent_milp,90.0,1,offline_observation_credited,g01_t04_047,1,1
g01_shifted_003,g01,independent_milp,180.0,2,offline_observation_credited,g01_t03_026,8,9
g01_shifted_003,g01,independent_milp,270.0,3,offline_observation_credited,g01_t08_027,2048,2057
g01_shifted_003,g01,independent_milp,360.0,4,offline_observation_credited,g01_t06_025,341024,343081
g01_shifted_003,g01,independent_milp,450.0,5,offline_observation_credited,g01_t07_025,16896,359977
g01_shifted_003,g01,independent_milp,540.0,6,offline_observation_credited,g01_t02_045,587202560,587562537
g01_shifted_003,g01,independent_milp,630.0,7,offline_observation_credited,g01_t00_054,1342177280,1929739817
g01_shifted_003,g01,independent_milp,720.0,8,offline_observation_credited,g01_t05_005,420906795008,422836534825
g01_shifted_003,g01,independent_milp,810.0,9,offline_observation_credited,g01_t01_049,201326592,423037861417
g01_shifted_004,g01,adaptive_rollout_adp,90.0,1,offline_observation_credited,g01_t04_000,9,9
g01_shifted_004,g01,adaptive_rollout_adp,180.0,2,offline_observation_credited,g01_t00_023,268435456,268435465
g01_shifted_004,g01,adaptive_rollout_adp,270.0,3,offline_observation_credited,g01_t05_052,412316860416,412585295881
g01_shifted_004,g01,adaptive_rollout_adp,360.0,4,offline_observation_credited,g01_t02_045,587202560,413172498441
g01_shifted_004,g01,adaptive_rollout_adp,450.0,5,offline_observation_credited,g01_t01_049,201326592,413373825033
g01_shifted_004,g01,adaptive_rollout_adp,540.0,6,offline_observation_credited,g01_t06_025,341024,413374166057
g01_shifted_004,g01,adaptive_rollout_adp,630.0,7,offline_observation_credited,g01_t08_013,2048,413374168105
g01_shifted_004,g01,adaptive_rollout_adp,720.0,8,offline_observation_credited,g01_t07_056,16896,413374185001
g01_shifted_004,g01,independent_milp,90.0,1,offline_observation_credited,g01_t04_000,9,9
g01_shifted_004,g01,independent_milp,180.0,2,offline_observation_credited,g01_t00_023,268435456,268435465
g01_shifted_004,g01,independent_milp,270.0,3,offline_observation_credited,g01_t05_052,412316860416,412585295881
g01_shifted_004,g01,independent_milp,360.0,4,offline_observation_credited,g01_t02_045,587202560,413172498441
g01_shifted_004,g01,independent_milp,450.0,5,offline_observation_credited,g01_t01_049,201326592,413373825033
g01_shifted_004,g01,independent_milp,540.0,6,offline_observation_credited,g01_t06_025,341024,413374166057
g01_shifted_004,g01,independent_milp,630.0,7,offline_observation_credited,g01_t08_013,2048,413374168105
g01_shifted_004,g01,independent_milp,720.0,8,offline_observation_credited,g01_t07_056,16896,413374185001
g01_shifted_005,g01,one_step_adp,90.0,1,offline_observation_credited,g01_t05_052,412316860416,412316860416
g01_shifted_005,g01,one_step_adp,180.0,2,offline_observation_credited,g01_t00_054,1375731712,413692592128
g01_shifted_005,g01,one_step_adp,270.0,3,offline_observation_credited,g01_t01_049,201326592,413893918720
g01_shifted_005,g01,one_step_adp,360.0,4,offline_observation_credited,g01_t02_045,553648128,414447566848
g01_shifted_005,g01,one_step_adp,450.0,5,offline_observation_credited,g01_t06_025,341024,414447907872
g01_shifted_005,g01,one_step_adp,540.0,6,offline_observation_credited,g01_t08_013,2048,414447909920
g01_shifted_005,g01,one_step_adp,630.0,7,offline_observation_credited,g01_t10_000,16896,414447926816
g01_shifted_005,g01,one_step_adp,720.0,8,offline_observation_credited,g01_t04_047,1,414447926817
g01_shifted_005,g01,one_step_adp,810.0,9,offline_observation_credited,g01_t04_000,8,414447926825
g01_shifted_005,g01,adaptive_rollout_adp,90.0,1,offline_observation_credited,g01_t04_000,9,9
g01_shifted_005,g01,adaptive_rollout_adp,180.0,2,offline_observation_credited,g01_t00_023,268435456,268435465
g01_shifted_005,g01,adaptive_rollout_adp,270.0,3,offline_observation_credited,g01_t05_052,412316860416,412585295881
g01_shifted_005,g01,adaptive_rollout_adp,360.0,4,offline_observation_credited,g01_t02_045,587202560,413172498441
g01_shifted_005,g01,adaptive_rollout_adp,450.0,5,offline_observation_credited,g01_t01_049,201326592,413373825033
g01_shifted_005,g01,adaptive_rollout_adp,540.0,6,offline_observation_credited,g01_t08_027,2048,413373827081
g01_shifted_005,g01,adaptive_rollout_adp,630.0,7,offline_observation_credited,g01_t06_025,341024,413374168105
g01_shifted_005,g01,adaptive_rollout_adp,720.0,8,offline_observation_credited,g01_t10_000,16896,413374185001
g01_shifted_005,g01,independent_milp,90.0,1,offline_observation_credited,g01_t04_000,9,9
g01_shifted_005,g01,independent_milp,180.0,2,offline_observation_credited,g01_t00_023,268435456,268435465
g01_shifted_005,g01,independent_milp,270.0,3,offline_observation_credited,g01_t05_052,412316860416,412585295881
g01_shifted_005,g01,independent_milp,360.0,4,offline_observation_credited,g01_t02_045,587202560,413172498441
g01_shifted_005,g01,independent_milp,450.0,5,offline_observation_credited,g01_t01_049,201326592,413373825033
g01_shifted_005,g01,independent_milp,540.0,6,offline_observation_credited,g01_t08_027,2048,413373827081
g01_shifted_005,g01,independent_milp,630.0,7,offline_observation_credited,g01_t06_025,341024,413374168105
g01_shifted_005,g01,independent_milp,720.0,8,offline_observation_credited,g01_t10_000,16896,413374185001
g01_shifted_006,g01,adaptive_rollout_adp,90.0,1,offline_observation_credited,g01_t04_047,1,1
g01_shifted_006,g01,adaptive_rollout_adp,180.0,2,offline_observation_credited,g01_t03_026,8,9
g01_shifted_006,g01,adaptive_rollout_adp,270.0,3,offline_observation_credited,g01_t08_027,2048,2057
g01_shifted_006,g01,adaptive_rollout_adp,360.0,4,offline_observation_credited,g01_t06_000,266240,268297
g01_shifted_006,g01,adaptive_rollout_adp,450.0,5,offline_observation_credited,g01_t07_025,26112,294409
g01_shifted_006,g01,adaptive_rollout_adp,540.0,6,offline_observation_credited,g01_t02_045,587202560,587496969
g01_shifted_006,g01,adaptive_rollout_adp,630.0,7,offline_observation_credited,g01_t00_054,1342177280,1929674249
g01_shifted_006,g01,adaptive_rollout_adp,720.0,8,offline_observation_credited,g01_t05_005,420906795008,422836469257
g01_shifted_006,g01,adaptive_rollout_adp,810.0,9,offline_observation_credited,g01_t01_049,201326592,423037795849
g01_shifted_006,g01,one_step_adp,90.0,1,offline_observation_credited,g01_t00_000,268435456,268435456
g01_shifted_006,g01,one_step_adp,180.0,2,offline_observation_credited,g01_t05_018,283467841536,283736276992
g01_shifted_006,g01,one_step_adp,270.0,3,offline_observation_credited,g01_t04_047,1,283736276993
g01_shifted_006,g01,one_step_adp,360.0,4,offline_observation_credited,g01_t03_026,8,283736277001
g01_shifted_006,g01,one_step_adp,450.0,5,offline_observation_credited,g01_t08_027,2048,283736279049
g01_shifted_006,g01,one_step_adp,540.0,6,offline_observation_credited,g01_t06_000,266240,283736545289
g01_shifted_006,g01,one_step_adp,630.0,7,offline_observation_credited,g01_t07_025,26112,283736571401
g01_shifted_006,g01,one_step_adp,720.0,8,offline_observation_credited,g01_t02_045,587202560,284323773961
g01_shifted_006,g01,one_step_adp,810.0,9,offline_observation_credited,g01_t01_049,201326592,284525100553
g01_shifted_006,g01,independent_milp,90.0,1,offline_observation_credited,g01_t04_000,9,9
g01_shifted_006,g01,independent_milp,180.0,2,offline_observation_credited,g01_t00_023,268435456,268435465
g01_shifted_006,g01,independent_milp,270.0,3,offline_observation_credited,g01_t05_052,412316860416,412585295881
g01_shifted_006,g01,independent_milp,360.0,4,offline_observation_credited,g01_t02_045,587202560,413172498441
g01_shifted_006,g01,independent_milp,450.0,5,offline_observation_credited,g01_t07_025,26112,413172524553
g01_shifted_006,g01,independent_milp,540.0,6,offline_observation_credited,g01_t06_000,266240,413172790793
g01_shifted_006,g01,independent_milp,630.0,7,offline_observation_credited,g01_t08_027,2048,413172792841
g01_shifted_006,g01,independent_milp,720.0,8,offline_observation_credited,g01_t01_049,201326592,413374119433
g01_shifted_007,g01,one_step_adp,90.0,1,offline_observation_credited,g01_t04_047,1,1
g01_shifted_007,g01,one_step_adp,180.0,2,offline_observation_credited,g01_t03_026,8,9
g01_shifted_007,g01,one_step_adp,270.0,3,offline_observation_credited,g01_t03_060,0,9
g01_shifted_007,g01,one_step_adp,360.0,4,offline_observation_credited,g01_t06_000,266240,266249
g01_shifted_007,g01,one_step_adp,450.0,5,offline_observation_credited,g01_t08_027,2048,268297
g01_shifted_007,g01,one_step_adp,540.0,6,offline_observation_credited,g01_t01_049,201326592,201594889
g01_shifted_007,g01,one_step_adp,630.0,7,offline_observation_credited,g01_t02_045,587202560,788797449
g01_shifted_007,g01,one_step_adp,720.0,8,offline_observation_credited,g01_t00_054,1342177280,2130974729
g01_shifted_007,g01,one_step_adp,810.0,9,offline_observation_credited,g01_t05_052,412316860416,414447835145
g01_shifted_007,g01,one_step_adp,900.0,10,offline_observation_credited,g01_t07_000,26112,414447861257
g01_shifted_007,g01,incumbent,90.0,1,offline_observation_credited,g01_t04_047,1,1
g01_shifted_007,g01,incumbent,180.0,2,offline_observation_credited,g01_t03_026,8,9
g01_shifted_007,g01,incumbent,270.0,3,offline_observation_credited,g01_t08_027,2048,2057
g01_shifted_007,g01,incumbent,360.0,4,offline_observation_credited,g01_t06_000,266240,268297
g01_shifted_007,g01,incumbent,450.0,5,offline_observation_credited,g01_t10_000,26112,294409
g01_shifted_007,g01,incumbent,540.0,6,offline_observation_credited,g01_t02_045,587202560,587496969
g01_shifted_007,g01,incumbent,630.0,7,offline_observation_credited,g01_t00_054,1342177280,1929674249
g01_shifted_007,g01,incumbent,720.0,8,offline_observation_credited,g01_t05_052,412316860416,414246534665
g01_shifted_007,g01,incumbent,810.0,9,offline_observation_credited,g01_t00_023,0,414246534665
g01_shifted_007,g01,incumbent,900.0,10,offline_observation_credited,g01_t01_049,201326592,414447861257
g01_shifted_007,g01,adaptive_rollout_adp,90.0,1,offline_observation_credited,g01_t04_047,1,1
g01_shifted_007,g01,adaptive_rollout_adp,180.0,2,offline_observation_credited,g01_t03_026,8,9
g01_shifted_007,g01,adaptive_rollout_adp,270.0,3,offline_observation_credited,g01_t03_060,0,9
g01_shifted_007,g01,adaptive_rollout_adp,360.0,4,offline_observation_credited,g01_t06_000,266240,266249
g01_shifted_007,g01,adaptive_rollout_adp,450.0,5,offline_observation_credited,g01_t08_013,67584,333833
g01_shifted_007,g01,adaptive_rollout_adp,540.0,6,offline_observation_credited,g01_t10_000,26112,359945
g01_shifted_007,g01,adaptive_rollout_adp,630.0,7,offline_observation_credited,g01_t00_023,268435456,268795401
g01_shifted_007,g01,adaptive_rollout_adp,720.0,8,offline_observation_credited,g01_t05_052,412316860416,412585655817
g01_shifted_007,g01,adaptive_rollout_adp,810.0,9,offline_observation_credited,g01_t02_045,587202560,413172858377
g01_shifted_007,g01,adaptive_rollout_adp,900.0,10,offline_observation_credited,g01_t01_049,201326592,413374184969
g01_shifted_007,g01,independent_milp,90.0,1,offline_observation_credited,g01_t04_047,1,1
g01_shifted_007,g01,independent_milp,180.0,2,offline_observation_credited,g01_t03_026,8,9
g01_shifted_007,g01,independent_milp,270.0,3,offline_observation_credited,g01_t08_027,2048,2057
g01_shifted_007,g01,independent_milp,360.0,4,offline_observation_credited,g01_t06_025,341024,343081
g01_shifted_007,g01,independent_milp,450.0,5,offline_observation_credited,g01_t10_000,16896,359977
g01_shifted_007,g01,independent_milp,540.0,6,offline_observation_credited,g01_t00_023,268435456,268795433
g01_shifted_007,g01,independent_milp,630.0,7,offline_observation_credited,g01_t05_052,412316860416,412585655849
g01_shifted_007,g01,independent_milp,720.0,8,offline_observation_credited,g01_t02_045,587202560,413172858409
g01_shifted_007,g01,independent_milp,810.0,9,offline_observation_credited,g01_t01_049,201326592,413374185001
g01_shifted_008,g01,one_step_adp,90.0,1,offline_observation_credited,g01_t04_047,1,1
g01_shifted_008,g01,one_step_adp,180.0,2,offline_observation_credited,g01_t03_026,8,9
g01_shifted_008,g01,one_step_adp,270.0,3,offline_observation_credited,g01_t08_027,2048,2057
g01_shifted_008,g01,one_step_adp,360.0,4,offline_observation_credited,g01_t06_025,341024,343081
g01_shifted_008,g01,one_step_adp,450.0,5,offline_observation_credited,g01_t07_025,16896,359977
g01_shifted_008,g01,one_step_adp,540.0,6,offline_observation_credited,g01_t05_052,412316860416,412317220393
g01_shifted_008,g01,one_step_adp,630.0,7,offline_observation_credited,g01_t00_023,268435456,412585655849
g01_shifted_008,g01,one_step_adp,720.0,8,offline_observation_credited,g01_t02_045,587202560,413172858409
g01_shifted_008,g01,one_step_adp,810.0,9,offline_observation_credited,g01_t01_049,201326592,413374185001
g01_shifted_008,g01,adaptive_rollout_adp,90.0,1,offline_observation_credited,g01_t04_047,1,1
g01_shifted_008,g01,adaptive_rollout_adp,180.0,2,offline_observation_credited,g01_t03_026,8,9
g01_shifted_008,g01,adaptive_rollout_adp,270.0,3,offline_observation_credited,g01_t08_027,2048,2057
g01_shifted_008,g01,adaptive_rollout_adp,360.0,4,offline_observation_credited,g01_t06_025,341024,343081
g01_shifted_008,g01,adaptive_rollout_adp,450.0,5,offline_observation_credited,g01_t07_025,16896,359977
g01_shifted_008,g01,adaptive_rollout_adp,540.0,6,offline_observation_credited,g01_t00_023,268435456,268795433
g01_shifted_008,g01,adaptive_rollout_adp,630.0,7,offline_observation_credited,g01_t05_052,412316860416,412585655849
g01_shifted_008,g01,adaptive_rollout_adp,720.0,8,offline_observation_credited,g01_t02_045,587202560,413172858409
g01_shifted_008,g01,adaptive_rollout_adp,810.0,9,offline_observation_credited,g01_t01_049,201326592,413374185001
g01_shifted_008,g01,incumbent,90.0,1,offline_observation_credited,g01_t04_047,1,1
g01_shifted_008,g01,incumbent,180.0,2,offline_observation_credited,g01_t03_026,8,9
g01_shifted_008,g01,incumbent,270.0,3,offline_observation_credited,g01_t08_027,2048,2057
g01_shifted_008,g01,incumbent,360.0,4,offline_observation_credited,g01_t06_000,266240,268297
g01_shifted_008,g01,incumbent,450.0,5,offline_observation_credited,g01_t07_025,26112,294409
g01_shifted_008,g01,incumbent,540.0,6,offline_observation_credited,g01_t02_045,587202560,587496969
g01_shifted_008,g01,incumbent,630.0,7,offline_observation_credited,g01_t00_023,268435456,855932425
g01_shifted_008,g01,incumbent,720.0,8,offline_observation_credited,g01_t05_052,412316860416,413172792841
g01_shifted_008,g01,incumbent,810.0,9,offline_observation_credited,g01_t05_005,8589934592,421762727433
g01_shifted_008,g01,incumbent,900.0,10,offline_observation_credited,g01_t01_049,201326592,421964054025
g01_shifted_008,g01,independent_milp,90.0,1,offline_observation_credited,g01_t04_047,1,1
g01_shifted_008,g01,independent_milp,180.0,2,offline_observation_credited,g01_t03_026,8,9
g01_shifted_008,g01,independent_milp,270.0,3,offline_observation_credited,g01_t08_027,2048,2057
g01_shifted_008,g01,independent_milp,360.0,4,offline_observation_credited,g01_t06_025,341024,343081
g01_shifted_008,g01,independent_milp,450.0,5,offline_observation_credited,g01_t07_025,16896,359977
g01_shifted_008,g01,independent_milp,540.0,6,offline_observation_credited,g01_t00_023,268435456,268795433
g01_shifted_008,g01,independent_milp,630.0,7,offline_observation_credited,g01_t05_052,412316860416,412585655849
g01_shifted_008,g01,independent_milp,720.0,8,offline_observation_credited,g01_t02_045,587202560,413172858409
g01_shifted_008,g01,independent_milp,810.0,9,offline_observation_credited,g01_t01_049,201326592,413374185001
g01_shifted_009,g01,adaptive_rollout_adp,90.0,1,offline_observation_credited,g01_t04_000,9,9
g01_shifted_009,g01,adaptive_rollout_adp,180.0,2,offline_observation_credited,g01_t00_023,268435456,268435465
g01_shifted_009,g01,adaptive_rollout_adp,270.0,3,offline_observation_credited,g01_t05_052,412316860416,412585295881
g01_shifted_009,g01,adaptive_rollout_adp,360.0,4,offline_observation_credited,g01_t02_045,587202560,413172498441
g01_shifted_009,g01,adaptive_rollout_adp,450.0,5,offline_observation_credited,g01_t07_025,26112,413172524553
g01_shifted_009,g01,adaptive_rollout_adp,540.0,6,offline_observation_credited,g01_t06_025,331808,413172856361
g01_shifted_009,g01,adaptive_rollout_adp,630.0,7,offline_observation_credited,g01_t08_027,2048,413172858409
g01_shifted_009,g01,adaptive_rollout_adp,720.0,8,offline_observation_credited,g01_t01_049,201326592,413374185001
g01_shifted_009,g01,one_step_adp,90.0,1,offline_observation_credited,g01_t00_000,268435456,268435456
g01_shifted_009,g01,one_step_adp,180.0,2,offline_observation_credited,g01_t05_018,283467841536,283736276992
g01_shifted_009,g01,one_step_adp,270.0,3,offline_observation_credited,g01_t04_047,1,283736276993
g01_shifted_009,g01,one_step_adp,360.0,4,offline_observation_credited,g01_t03_026,8,283736277001
g01_shifted_009,g01,one_step_adp,450.0,5,offline_observation_credited,g01_t08_027,2048,283736279049
g01_shifted_009,g01,one_step_adp,540.0,6,offline_observation_credited,g01_t06_025,341024,283736620073
g01_shifted_009,g01,one_step_adp,630.0,7,offline_observation_credited,g01_t07_025,16896,283736636969
g01_shifted_009,g01,one_step_adp,720.0,8,offline_observation_credited,g01_t02_045,587202560,284323839529
g01_shifted_009,g01,one_step_adp,810.0,9,offline_observation_credited,g01_t01_049,201326592,284525166121
g01_shifted_009,g01,independent_milp,90.0,1,offline_observation_credited,g01_t04_000,9,9
g01_shifted_009,g01,independent_milp,180.0,2,offline_observation_credited,g01_t00_023,268435456,268435465
g01_shifted_009,g01,independent_milp,270.0,3,offline_observation_credited,g01_t05_052,412316860416,412585295881
g01_shifted_009,g01,independent_milp,360.0,4,offline_observation_credited,g01_t02_045,587202560,413172498441
g01_shifted_009,g01,independent_milp,450.0,5,offline_observation_credited,g01_t07_025,26112,413172524553
g01_shifted_009,g01,independent_milp,540.0,6,offline_observation_credited,g01_t06_025,331808,413172856361
g01_shifted_009,g01,independent_milp,630.0,7,offline_observation_credited,g01_t08_027,2048,413172858409
g01_shifted_009,g01,independent_milp,720.0,8,offline_observation_credited,g01_t01_049,201326592,413374185001
g02_reference_000,g02,incumbent,90.0,1,offline_observation_credited,g02_t04_011,3,3
g02_reference_000,g02,incumbent,180.0,2,offline_observation_credited,g02_t03_038,8,11
g02_reference_000,g02,incumbent,270.0,3,offline_observation_credited,g02_t05_034,283467841536,283467841547
g02_reference_000,g02,incumbent,360.0,4,offline_observation_credited,g02_t00_056,268435456,283736277003
g02_reference_000,g02,incumbent,450.0,5,offline_observation_credited,g02_t07_018,26112,283736303115
g02_reference_000,g02,incumbent,540.0,6,offline_observation_credited,g02_t06_024,4526112,283740829227
g02_reference_000,g02,incumbent,630.0,7,offline_observation_credited,g02_t08_058,34816,283740864043
g02_reference_000,g02,incumbent,720.0,8,offline_observation_credited,g02_t02_059,587202560,284328066603
g02_reference_000,g02,incumbent,810.0,9,offline_observation_credited,g02_t01_000,201326592,284529393195
g02_reference_000,g02,adaptive_rollout_adp,90.0,1,offline_observation_credited,g02_t04_000,3,3
g02_reference_000,g02,adaptive_rollout_adp,180.0,2,offline_observation_credited,g02_t03_004,8,11
g02_reference_000,g02,adaptive_rollout_adp,270.0,3,offline_observation_credited,g02_t05_034,283467841536,283467841547
g02_reference_000,g02,adaptive_rollout_adp,360.0,4,offline_observation_credited,g02_t00_056,268435456,283736277003
g02_reference_000,g02,adaptive_rollout_adp,450.0,5,offline_observation_credited,g02_t07_018,26112,283736303115
g02_reference_000,g02,adaptive_rollout_adp,540.0,6,offline_observation_credited,g02_t06_024,4526112,283740829227
g02_reference_000,g02,adaptive_rollout_adp,630.0,7,offline_observation_credited,g02_t08_058,34816,283740864043
g02_reference_000,g02,adaptive_rollout_adp,720.0,8,offline_observation_credited,g02_t01_000,201326592,283942190635
g02_reference_000,g02,adaptive_rollout_adp,810.0,9,offline_observation_credited,g02_t14_000,1660944384,285603135019
g02_reference_000,g02,one_step_adp,90.0,1,offline_observation_credited,g02_t04_000,3,3
g02_reference_000,g02,one_step_adp,180.0,2,offline_observation_credited,g02_t03_004,8,11
g02_reference_000,g02,one_step_adp,270.0,3,offline_observation_credited,g02_t05_034,283467841536,283467841547
g02_reference_000,g02,one_step_adp,360.0,4,offline_observation_credited,g02_t00_056,268435456,283736277003
g02_reference_000,g02,one_step_adp,450.0,5,offline_observation_credited,g02_t07_018,26112,283736303115
g02_reference_000,g02,one_step_adp,540.0,6,offline_observation_credited,g02_t06_024,4526112,283740829227
g02_reference_000,g02,one_step_adp,630.0,7,offline_observation_credited,g02_t08_058,34816,283740864043
g02_reference_000,g02,one_step_adp,720.0,8,offline_observation_credited,g02_t01_000,201326592,283942190635
g02_reference_000,g02,one_step_adp,810.0,9,offline_observation_credited,g02_t14_000,1660944384,285603135019
g02_reference_000,g02,independent_milp,90.0,1,offline_observation_credited,g02_t03_038,8,8
g02_reference_000,g02,independent_milp,180.0,2,offline_observation_credited,g02_t04_000,3,11
g02_reference_000,g02,independent_milp,270.0,3,offline_observation_credited,g02_t05_034,283467841536,283467841547
g02_reference_000,g02,independent_milp,360.0,4,offline_observation_credited,g02_t00_056,268435456,283736277003
g02_reference_000,g02,independent_milp,450.0,5,offline_observation_credited,g02_t07_018,26112,283736303115
g02_reference_000,g02,independent_milp,540.0,6,offline_observation_credited,g02_t06_024,4526112,283740829227
g02_reference_000,g02,independent_milp,630.0,7,offline_observation_credited,g02_t08_058,34816,283740864043
g02_reference_000,g02,independent_milp,720.0,8,offline_observation_credited,g02_t09_000,6442450944,290183314987
g02_reference_000,g02,independent_milp,810.0,9,offline_observation_credited,g02_t14_000,1660944384,291844259371
g02_reference_000,g02,independent_milp,900.0,10,offline_observation_credited,g02_t01_000,201326592,292045585963
g02_nominal_000,g02,one_step_adp,90.0,1,offline_observation_credited,g02_t04_000,3,3
g02_nominal_000,g02,one_step_adp,180.0,2,offline_observation_credited,g02_t03_004,8,11
g02_nominal_000,g02,one_step_adp,270.0,3,offline_observation_credited,g02_t05_034,283467841536,283467841547
g02_nominal_000,g02,one_step_adp,360.0,4,offline_observation_credited,g02_t00_056,268435456,283736277003
g02_nominal_000,g02,one_step_adp,450.0,5,offline_observation_credited,g02_t07_018,26112,283736303115
g02_nominal_000,g02,one_step_adp,540.0,6,offline_observation_credited,g02_t06_024,4526112,283740829227
g02_nominal_000,g02,one_step_adp,630.0,7,offline_observation_credited,g02_t08_058,34816,283740864043
g02_nominal_000,g02,one_step_adp,720.0,8,offline_observation_credited,g02_t01_000,201326592,283942190635
g02_nominal_000,g02,one_step_adp,810.0,9,offline_observation_credited,g02_t14_000,1660944384,285603135019
g02_nominal_000,g02,incumbent,90.0,1,offline_observation_credited,g02_t04_011,3,3
g02_nominal_000,g02,incumbent,180.0,2,offline_observation_credited,g02_t03_038,8,11
g02_nominal_000,g02,incumbent,270.0,3,offline_observation_credited,g02_t05_034,283467841536,283467841547
g02_nominal_000,g02,incumbent,360.0,4,offline_observation_credited,g02_t00_056,268435456,283736277003
g02_nominal_000,g02,incumbent,450.0,5,offline_observation_credited,g02_t07_018,26112,283736303115
g02_nominal_000,g02,incumbent,540.0,6,offline_observation_credited,g02_t06_024,4526112,283740829227
g02_nominal_000,g02,incumbent,630.0,7,offline_observation_credited,g02_t08_058,34816,283740864043
g02_nominal_000,g02,incumbent,720.0,8,offline_observation_credited,g02_t02_059,587202560,284328066603
g02_nominal_000,g02,incumbent,810.0,9,offline_observation_credited,g02_t01_000,201326592,284529393195
g02_nominal_000,g02,adaptive_rollout_adp,90.0,1,offline_observation_credited,g02_t04_000,3,3
g02_nominal_000,g02,adaptive_rollout_adp,180.0,2,offline_observation_credited,g02_t03_004,8,11
g02_nominal_000,g02,adaptive_rollout_adp,270.0,3,offline_observation_credited,g02_t05_034,283467841536,283467841547
g02_nominal_000,g02,adaptive_rollout_adp,360.0,4,offline_observation_credited,g02_t00_056,268435456,283736277003
g02_nominal_000,g02,adaptive_rollout_adp,450.0,5,offline_observation_credited,g02_t07_018,26112,283736303115
g02_nominal_000,g02,adaptive_rollout_adp,540.0,6,offline_observation_credited,g02_t06_024,4526112,283740829227
g02_nominal_000,g02,adaptive_rollout_adp,630.0,7,offline_observation_credited,g02_t08_058,34816,283740864043
g02_nominal_000,g02,adaptive_rollout_adp,720.0,8,offline_observation_credited,g02_t01_000,201326592,283942190635
g02_nominal_000,g02,adaptive_rollout_adp,810.0,9,offline_observation_credited,g02_t14_000,1660944384,285603135019
g02_nominal_000,g02,independent_milp,90.0,1,offline_observation_credited,g02_t07_018,26112,26112
g02_nominal_000,g02,independent_milp,180.0,2,offline_observation_credited,g02_t06_024,4526112,4552224
g02_nominal_000,g02,independent_milp,270.0,3,offline_observation_credited,g02_t08_058,34816,4587040
g02_nominal_000,g02,independent_milp,360.0,4,offline_observation_credited,g02_t01_000,201326592,205913632
g02_nominal_000,g02,independent_milp,450.0,5,offline_observation_credited,g02_t14_000,1660944384,1866858016
g02_nominal_000,g02,independent_milp,540.0,6,offline_observation_credited,g02_t05_007,412316860416,414183718432
g02_nominal_000,g02,independent_milp,630.0,7,offline_observation_credited,g02_t00_021,268435456,414452153888
g02_nominal_000,g02,independent_milp,720.0,8,offline_observation_credited,g02_t03_038,8,414452153896
g02_nominal_000,g02,independent_milp,810.0,9,offline_observation_credited,g02_t04_000,3,414452153899
g02_nominal_001,g02,incumbent,90.0,1,offline_observation_credited,g02_t04_011,3,3
g02_nominal_001,g02,incumbent,180.0,2,offline_observation_credited,g02_t03_038,8,11
g02_nominal_001,g02,incumbent,270.0,3,offline_observation_credited,g02_t05_034,283467841536,283467841547
g02_nominal_001,g02,incumbent,360.0,4,offline_observation_credited,g02_t00_056,268435456,283736277003
g02_nominal_001,g02,incumbent,450.0,5,offline_observation_credited,g02_t07_018,26112,283736303115
g02_nominal_001,g02,incumbent,540.0,6,offline_observation_credited,g02_t06_024,4526112,283740829227
g02_nominal_001,g02,incumbent,630.0,7,offline_observation_credited,g02_t08_058,34816,283740864043
g02_nominal_001,g02,incumbent,720.0,8,offline_observation_credited,g02_t01_000,201326592,283942190635
g02_nominal_001,g02,incumbent,810.0,9,offline_observation_credited,g02_t14_000,1660944384,285603135019
g02_nominal_001,g02,one_step_adp,90.0,1,offline_observation_credited,g02_t04_000,3,3
g02_nominal_001,g02,one_step_adp,180.0,2,offline_observation_credited,g02_t03_004,8,11
g02_nominal_001,g02,one_step_adp,270.0,3,offline_observation_credited,g02_t05_034,283467841536,283467841547
g02_nominal_001,g02,one_step_adp,360.0,4,offline_observation_credited,g02_t00_056,268435456,283736277003
g02_nominal_001,g02,one_step_adp,450.0,5,offline_observation_credited,g02_t07_018,26112,283736303115
g02_nominal_001,g02,one_step_adp,540.0,6,offline_observation_credited,g02_t06_024,4526112,283740829227
g02_nominal_001,g02,one_step_adp,630.0,7,offline_observation_credited,g02_t08_058,34816,283740864043
g02_nominal_001,g02,one_step_adp,720.0,8,offline_observation_credited,g02_t01_000,201326592,283942190635
g02_nominal_001,g02,one_step_adp,810.0,9,offline_observation_credited,g02_t14_000,1660944384,285603135019
g02_nominal_001,g02,adaptive_rollout_adp,90.0,1,offline_observation_credited,g02_t03_038,8,8
g02_nominal_001,g02,adaptive_rollout_adp,180.0,2,offline_observation_credited,g02_t04_000,3,11
g02_nominal_001,g02,adaptive_rollout_adp,270.0,3,offline_observation_credited,g02_t10_000,29696,29707
g02_nominal_001,g02,adaptive_rollout_adp,360.0,4,offline_observation_credited,g02_t07_018,512,30219
g02_nominal_001,g02,adaptive_rollout_adp,450.0,5,offline_observation_credited,g02_t06_024,4522016,4552235
g02_nominal_001,g02,adaptive_rollout_adp,540.0,6,offline_observation_credited,g02_t08_058,34816,4587051
g02_nominal_001,g02,adaptive_rollout_adp,630.0,7,offline_observation_credited,g02_t01_000,201326592,205913643
g02_nominal_001,g02,adaptive_rollout_adp,720.0,8,offline_observation_credited,g02_t14_000,1660944384,1866858027
g02_nominal_001,g02,adaptive_rollout_adp,810.0,9,offline_observation_credited,g02_t05_058,300647710720,302514568747
g02_nominal_001,g02,adaptive_rollout_adp,900.0,10,offline_observation_credited,g02_t00_001,268435456,302783004203
g02_nominal_001,g02,independent_milp,90.0,1,offline_observation_credited,g02_t04_000,3,3
g02_nominal_001,g02,independent_milp,180.0,2,offline_observation_credited,g02_t03_004,8,11
g02_nominal_001,g02,independent_milp,270.0,3,offline_observation_credited,g02_t03_001,0,11
g02_nominal_001,g02,independent_milp,360.0,4,offline_observation_credited,g02_t08_058,100352,100363
g02_nominal_001,g02,independent_milp,450.0,5,offline_observation_credited,g02_t06_024,4460576,4560939
g02_nominal_001,g02,independent_milp,540.0,6,offline_observation_credited,g02_t07_018,26112,4587051
g02_nominal_001,g02,independent_milp,630.0,7,offline_observation_credited,g02_t13_000,0,4587051
g02_nominal_001,g02,independent_milp,720.0,8,offline_observation_credited,g02_t05_007,412316860416,412321447467
g02_nominal_001,g02,independent_milp,810.0,9,offline_observation_credited,g02_t00_001,17448304640,429769752107
g02_nominal_001,g02,independent_milp,900.0,10,offline_observation_credited,g02_t14_000,1660944384,431430696491
g02_nominal_001,g02,independent_milp,990.0,11,offline_observation_credited,g02_t01_000,201326592,431632023083
g02_nominal_002,g02,incumbent,90.0,1,offline_observation_credited,g02_t04_011,3,3
g02_nominal_002,g02,incumbent,180.0,2,offline_observation_credited,g02_t03_038,8,11
g02_nominal_002,g02,incumbent,270.0,3,offline_observation_credited,g02_t05_034,283467841536,283467841547
g02_nominal_002,g02,incumbent,360.0,4,offline_observation_credited,g02_t00_056,268435456,283736277003
g02_nominal_002,g02,incumbent,450.0,5,offline_observation_credited,g02_t07_018,26112,283736303115
g02_nominal_002,g02,incumbent,540.0,6,offline_observation_credited,g02_t06_024,4526112,283740829227
g02_nominal_002,g02,incumbent,630.0,7,offline_observation_credited,g02_t08_058,34816,283740864043
g02_nominal_002,g02,incumbent,720.0,8,offline_observation_credited,g02_t02_059,587202560,284328066603
g02_nominal_002,g02,incumbent,810.0,9,offline_observation_credited,g02_t01_026,201326592,284529393195
g02_nominal_002,g02,one_step_adp,90.0,1,offline_observation_credited,g02_t04_000,3,3
g02_nominal_002,g02,one_step_adp,180.0,2,offline_observation_credited,g02_t03_004,8,11
g02_nominal_002,g02,one_step_adp,270.0,3,offline_observation_credited,g02_t05_034,283467841536,283467841547
g02_nominal_002,g02,one_step_adp,360.0,4,offline_observation_credited,g02_t00_056,268435456,283736277003
g02_nominal_002,g02,one_step_adp,450.0,5,offline_observation_credited,g02_t07_018,26112,283736303115
g02_nominal_002,g02,one_step_adp,540.0,6,offline_observation_credited,g02_t06_024,4526112,283740829227
g02_nominal_002,g02,one_step_adp,630.0,7,offline_observation_credited,g02_t08_058,34816,283740864043
g02_nominal_002,g02,one_step_adp,720.0,8,offline_observation_credited,g02_t02_059,587202560,284328066603
g02_nominal_002,g02,one_step_adp,810.0,9,offline_observation_credited,g02_t01_026,201326592,284529393195
g02_nominal_002,g02,adaptive_rollout_adp,90.0,1,offline_observation_credited,g02_t04_000,3,3
g02_nominal_002,g02,adaptive_rollout_adp,180.0,2,offline_observation_credited,g02_t03_004,8,11
g02_nominal_002,g02,adaptive_rollout_adp,270.0,3,offline_observation_credited,g02_t05_034,283467841536,283467841547
g02_nominal_002,g02,adaptive_rollout_adp,360.0,4,offline_observation_credited,g02_t00_056,268435456,283736277003
g02_nominal_002,g02,adaptive_rollout_adp,450.0,5,offline_observation_credited,g02_t07_018,26112,283736303115
g02_nominal_002,g02,adaptive_rollout_adp,540.0,6,offline_observation_credited,g02_t06_024,4526112,283740829227
g02_nominal_002,g02,adaptive_rollout_adp,630.0,7,offline_observation_credited,g02_t08_058,34816,283740864043
g02_nominal_002,g02,adaptive_rollout_adp,720.0,8,offline_observation_credited,g02_t02_059,587202560,284328066603
g02_nominal_002,g02,adaptive_rollout_adp,810.0,9,offline_observation_credited,g02_t01_026,201326592,284529393195
g02_nominal_002,g02,independent_milp,90.0,1,offline_observation_credited,g02_t03_038,8,8
g02_nominal_002,g02,independent_milp,180.0,2,offline_observation_credited,g02_t04_000,3,11
g02_nominal_002,g02,independent_milp,270.0,3,offline_observation_credited,g02_t00_021,1375731712,1375731723
g02_nominal_002,g02,independent_milp,360.0,4,offline_observation_credited,g02_t05_007,412316860416,413692592139
g02_nominal_002,g02,independent_milp,450.0,5,offline_observation_credited,g02_t02_059,553648128,414246240267
g02_nominal_002,g02,independent_milp,540.0,6,offline_observation_credited,g02_t07_018,26112,414246266379
g02_nominal_002,g02,independent_milp,630.0,7,offline_observation_credited,g02_t06_024,4526112,414250792491
g02_nominal_002,g02,independent_milp,720.0,8,offline_observation_credited,g02_t08_058,34816,414250827307
g02_nominal_002,g02,independent_milp,810.0,9,offline_observation_credited,g02_t01_026,201326592,414452153899
g02_nominal_003,g02,one_step_adp,90.0,1,offline_observation_credited,g02_t04_000,3,3
g02_nominal_003,g02,one_step_adp,180.0,2,offline_observation_credited,g02_t03_004,8,11
g02_nominal_003,g02,one_step_adp,270.0,3,offline_observation_credited,g02_t05_034,283467841536,283467841547
g02_nominal_003,g02,one_step_adp,360.0,4,offline_observation_credited,g02_t00_056,268435456,283736277003
g02_nominal_003,g02,one_step_adp,450.0,5,offline_observation_credited,g02_t07_018,26112,283736303115
g02_nominal_003,g02,one_step_adp,540.0,6,offline_observation_credited,g02_t06_024,4526112,283740829227
g02_nominal_003,g02,one_step_adp,630.0,7,offline_observation_credited,g02_t08_058,34816,283740864043
g02_nominal_003,g02,one_step_adp,720.0,8,offline_observation_credited,g02_t01_000,201326592,283942190635
g02_nominal_003,g02,one_step_adp,810.0,9,offline_observation_credited,g02_t14_000,1660944384,285603135019
g02_nominal_003,g02,incumbent,90.0,1,offline_observation_credited,g02_t04_011,3,3
g02_nominal_003,g02,incumbent,180.0,2,offline_observation_credited,g02_t03_038,8,11
g02_nominal_003,g02,incumbent,270.0,3,offline_observation_credited,g02_t05_034,283467841536,283467841547
g02_nominal_003,g02,incumbent,360.0,4,offline_observation_credited,g02_t00_056,268435456,283736277003
g02_nominal_003,g02,incumbent,450.0,5,offline_observation_credited,g02_t07_018,26112,283736303115
g02_nominal_003,g02,incumbent,540.0,6,offline_observation_credited,g02_t06_024,4526112,283740829227
g02_nominal_003,g02,incumbent,630.0,7,offline_observation_credited,g02_t08_058,34816,283740864043
g02_nominal_003,g02,incumbent,720.0,8,offline_observation_credited,g02_t02_059,587202560,284328066603
g02_nominal_003,g02,incumbent,810.0,9,offline_observation_credited,g02_t01_000,201326592,284529393195
g02_nominal_003,g02,adaptive_rollout_adp,90.0,1,offline_observation_credited,g02_t04_000,3,3
g02_nominal_003,g02,adaptive_rollout_adp,180.0,2,offline_observation_credited,g02_t03_004,8,11
g02_nominal_003,g02,adaptive_rollout_adp,270.0,3,offline_observation_credited,g02_t05_034,283467841536,283467841547
g02_nominal_003,g02,adaptive_rollout_adp,360.0,4,offline_observation_credited,g02_t00_056,268435456,283736277003
g02_nominal_003,g02,adaptive_rollout_adp,450.0,5,offline_observation_credited,g02_t07_018,26112,283736303115
g02_nominal_003,g02,adaptive_rollout_adp,540.0,6,offline_observation_credited,g02_t06_024,4526112,283740829227
g02_nominal_003,g02,adaptive_rollout_adp,630.0,7,offline_observation_credited,g02_t08_058,34816,283740864043
g02_nominal_003,g02,adaptive_rollout_adp,720.0,8,offline_observation_credited,g02_t01_000,201326592,283942190635
g02_nominal_003,g02,adaptive_rollout_adp,810.0,9,offline_observation_credited,g02_t14_000,1660944384,285603135019
g02_nominal_003,g02,independent_milp,90.0,1,offline_observation_credited,g02_t04_000,3,3
g02_nominal_003,g02,independent_milp,180.0,2,offline_observation_credited,g02_t03_038,8,11
g02_nominal_003,g02,independent_milp,270.0,3,offline_observation_credited,g02_t05_034,283467841536,283467841547
g02_nominal_003,g02,independent_milp,360.0,4,offline_observation_credited,g02_t07_018,26112,283467867659
g02_nominal_003,g02,independent_milp,450.0,5,offline_observation_credited,g02_t06_024,4526112,283472393771
g02_nominal_003,g02,independent_milp,540.0,6,offline_observation_credited,g02_t08_058,34816,283472428587
g02_nominal_003,g02,independent_milp,630.0,7,offline_observation_credited,g02_t01_000,201326592,283673755179
g02_nominal_003,g02,independent_milp,720.0,8,offline_observation_credited,g02_t14_000,1660944384,285334699563
g02_nominal_003,g02,independent_milp,810.0,9,offline_observation_credited,g02_t00_001,17448304640,302783004203
g02_nominal_004,g02,incumbent,90.0,1,offline_observation_credited,g02_t04_011,3,3
g02_nominal_004,g02,incumbent,180.0,2,offline_observation_credited,g02_t03_038,8,11
g02_nominal_004,g02,incumbent,270.0,3,offline_observation_credited,g02_t05_034,283467841536,283467841547
g02_nominal_004,g02,incumbent,360.0,4,offline_observation_credited,g02_t00_056,268435456,283736277003
g02_nominal_004,g02,incumbent,450.0,5,offline_observation_credited,g02_t07_018,26112,283736303115
g02_nominal_004,g02,incumbent,540.0,6,offline_observation_credited,g02_t06_024,4526112,283740829227
g02_nominal_004,g02,incumbent,630.0,7,offline_observation_credited,g02_t08_058,34816,283740864043
g02_nominal_004,g02,incumbent,720.0,8,offline_observation_credited,g02_t02_059,587202560,284328066603
g02_nominal_004,g02,incumbent,810.0,9,offline_observation_credited,g02_t01_000,201326592,284529393195
g02_nominal_004,g02,one_step_adp,90.0,1,offline_observation_credited,g02_t04_000,3,3
g02_nominal_004,g02,one_step_adp,180.0,2,offline_observation_credited,g02_t03_004,8,11
g02_nominal_004,g02,one_step_adp,270.0,3,offline_observation_credited,g02_t05_034,283467841536,283467841547
g02_nominal_004,g02,one_step_adp,360.0,4,offline_observation_credited,g02_t00_056,268435456,283736277003
g02_nominal_004,g02,one_step_adp,450.0,5,offline_observation_credited,g02_t07_018,26112,283736303115
g02_nominal_004,g02,one_step_adp,540.0,6,offline_observation_credited,g02_t06_024,4526112,283740829227
g02_nominal_004,g02,one_step_adp,630.0,7,offline_observation_credited,g02_t08_058,34816,283740864043
g02_nominal_004,g02,one_step_adp,720.0,8,offline_observation_credited,g02_t01_000,201326592,283942190635
g02_nominal_004,g02,one_step_adp,810.0,9,offline_observation_credited,g02_t14_000,1660944384,285603135019
g02_nominal_004,g02,adaptive_rollout_adp,90.0,1,offline_observation_credited,g02_t04_000,3,3
g02_nominal_004,g02,adaptive_rollout_adp,180.0,2,offline_observation_credited,g02_t03_004,8,11
g02_nominal_004,g02,adaptive_rollout_adp,270.0,3,offline_observation_credited,g02_t05_034,283467841536,283467841547
g02_nominal_004,g02,adaptive_rollout_adp,360.0,4,offline_observation_credited,g02_t00_056,268435456,283736277003
g02_nominal_004,g02,adaptive_rollout_adp,450.0,5,offline_observation_credited,g02_t07_018,26112,283736303115
g02_nominal_004,g02,adaptive_rollout_adp,540.0,6,offline_observation_credited,g02_t06_024,4526112,283740829227
g02_nominal_004,g02,adaptive_rollout_adp,630.0,7,offline_observation_credited,g02_t08_058,34816,283740864043
g02_nominal_004,g02,adaptive_rollout_adp,720.0,8,offline_observation_credited,g02_t01_000,201326592,283942190635
g02_nominal_004,g02,adaptive_rollout_adp,810.0,9,offline_observation_credited,g02_t14_000,1660944384,285603135019
g02_nominal_004,g02,independent_milp,90.0,1,offline_observation_credited,g02_t04_000,3,3
g02_nominal_004,g02,independent_milp,180.0,2,offline_observation_credited,g02_t03_004,8,11
g02_nominal_004,g02,independent_milp,270.0,3,offline_observation_credited,g02_t03_001,0,11
g02_nominal_004,g02,independent_milp,360.0,4,offline_observation_credited,g02_t08_058,100352,100363
g02_nominal_004,g02,independent_milp,450.0,5,offline_observation_credited,g02_t06_024,4460576,4560939
g02_nominal_004,g02,independent_milp,540.0,6,offline_observation_credited,g02_t07_018,26112,4587051
g02_nominal_004,g02,independent_milp,630.0,7,offline_observation_credited,g02_t00_021,1375731712,1380318763
g02_nominal_004,g02,independent_milp,720.0,8,offline_observation_credited,g02_t05_007,412316860416,413697179179
g02_nominal_004,g02,independent_milp,810.0,9,offline_observation_credited,g02_t14_000,553648128,414250827307
g02_nominal_004,g02,independent_milp,900.0,10,offline_observation_credited,g02_t01_000,201326592,414452153899
g02_nominal_005,g02,incumbent,90.0,1,offline_observation_credited,g02_t04_011,3,3
g02_nominal_005,g02,incumbent,180.0,2,offline_observation_credited,g02_t03_038,8,11
g02_nominal_005,g02,incumbent,270.0,3,offline_observation_credited,g02_t05_034,283467841536,283467841547
g02_nominal_005,g02,incumbent,360.0,4,offline_observation_credited,g02_t00_056,268435456,283736277003
g02_nominal_005,g02,incumbent,450.0,5,offline_observation_credited,g02_t07_018,26112,283736303115
g02_nominal_005,g02,incumbent,540.0,6,offline_observation_credited,g02_t06_024,4526112,283740829227
g02_nominal_005,g02,incumbent,630.0,7,offline_observation_credited,g02_t08_058,34816,283740864043
g02_nominal_005,g02,incumbent,720.0,8,offline_observation_credited,g02_t02_059,587202560,284328066603
g02_nominal_005,g02,incumbent,810.0,9,offline_observation_credited,g02_t01_000,201326592,284529393195
g02_nominal_005,g02,one_step_adp,90.0,1,offline_observation_credited,g02_t04_000,3,3
g02_nominal_005,g02,one_step_adp,180.0,2,offline_observation_credited,g02_t03_004,8,11
g02_nominal_005,g02,one_step_adp,270.0,3,offline_observation_credited,g02_t05_034,283467841536,283467841547
g02_nominal_005,g02,one_step_adp,360.0,4,offline_observation_credited,g02_t00_056,268435456,283736277003
g02_nominal_005,g02,one_step_adp,450.0,5,offline_observation_credited,g02_t07_018,26112,283736303115
g02_nominal_005,g02,one_step_adp,540.0,6,offline_observation_credited,g02_t06_024,4526112,283740829227
g02_nominal_005,g02,one_step_adp,630.0,7,offline_observation_credited,g02_t08_058,34816,283740864043
g02_nominal_005,g02,one_step_adp,720.0,8,offline_observation_credited,g02_t01_000,201326592,283942190635
g02_nominal_005,g02,one_step_adp,810.0,9,offline_observation_credited,g02_t14_000,1660944384,285603135019
g02_nominal_005,g02,adaptive_rollout_adp,90.0,1,offline_observation_credited,g02_t04_000,3,3
g02_nominal_005,g02,adaptive_rollout_adp,180.0,2,offline_observation_credited,g02_t03_004,8,11
g02_nominal_005,g02,adaptive_rollout_adp,270.0,3,offline_observation_credited,g02_t05_034,283467841536,283467841547
g02_nominal_005,g02,adaptive_rollout_adp,360.0,4,offline_observation_credited,g02_t00_056,268435456,283736277003
g02_nominal_005,g02,adaptive_rollout_adp,450.0,5,offline_observation_credited,g02_t07_018,26112,283736303115
g02_nominal_005,g02,adaptive_rollout_adp,540.0,6,offline_observation_credited,g02_t06_024,4526112,283740829227
g02_nominal_005,g02,adaptive_rollout_adp,630.0,7,offline_observation_credited,g02_t08_058,34816,283740864043
g02_nominal_005,g02,adaptive_rollout_adp,720.0,8,offline_observation_credited,g02_t01_000,201326592,283942190635
g02_nominal_005,g02,adaptive_rollout_adp,810.0,9,offline_observation_credited,g02_t14_000,1660944384,285603135019
g02_nominal_005,g02,independent_milp,90.0,1,offline_observation_credited,g02_t03_038,8,8
g02_nominal_005,g02,independent_milp,180.0,2,offline_observation_credited,g02_t04_000,3,11
g02_nominal_005,g02,independent_milp,270.0,3,offline_observation_credited,g02_t10_000,29696,29707
g02_nominal_005,g02,independent_milp,360.0,4,offline_observation_credited,g02_t07_018,512,30219
g02_nominal_005,g02,independent_milp,450.0,5,offline_observation_credited,g02_t06_024,4522016,4552235
g02_nominal_005,g02,independent_milp,540.0,6,offline_observation_credited,g02_t08_058,34816,4587051
g02_nominal_005,g02,independent_milp,630.0,7,offline_observation_credited,g02_t01_000,201326592,205913643
g02_nominal_005,g02,independent_milp,720.0,8,offline_observation_credited,g02_t14_000,1660944384,1866858027
g02_nominal_005,g02,independent_milp,810.0,9,offline_observation_credited,g02_t05_058,300647710720,302514568747
g02_nominal_005,g02,independent_milp,900.0,10,offline_observation_credited,g02_t00_001,268435456,302783004203
g02_nominal_006,g02,adaptive_rollout_adp,90.0,1,offline_observation_credited,g02_t04_035,1,1
g02_nominal_006,g02,adaptive_rollout_adp,180.0,2,offline_observation_credited,g02_t03_001,8,9
g02_nominal_006,g02,adaptive_rollout_adp,270.0,3,offline_observation_credited,g02_t06_001,262144,262153
g02_nominal_006,g02,adaptive_rollout_adp,360.0,4,offline_observation_credited,g02_t08_038,2048,264201
g02_nominal_006,g02,adaptive_rollout_adp,450.0,5,offline_observation_credited,g02_t07_018,26112,290313
g02_nominal_006,g02,adaptive_rollout_adp,540.0,6,offline_observation_credited,g02_t00_021,1375731712,1376022025
g02_nominal_006,g02,adaptive_rollout_adp,630.0,7,offline_observation_credited,g02_t05_058,300647710720,302023732745
g02_nominal_006,g02,adaptive_rollout_adp,720.0,8,offline_observation_credited,g02_t14_000,553648128,302577380873
g02_nominal_006,g02,adaptive_rollout_adp,810.0,9,offline_observation_credited,g02_t01_000,201326592,302778707465
g02_nominal_006,g02,incumbent,90.0,1,offline_observation_credited,g02_t04_011,3,3
g02_nominal_006,g02,incumbent,180.0,2,offline_observation_credited,g02_t03_004,8,11
g02_nominal_006,g02,incumbent,270.0,3,offline_observation_credited,g02_t05_034,283467841536,283467841547
g02_nominal_006,g02,incumbent,360.0,4,offline_observation_credited,g02_t00_056,268435456,283736277003
g02_nominal_006,g02,incumbent,450.0,5,offline_observation_credited,g02_t07_018,26112,283736303115
g02_nominal_006,g02,incumbent,540.0,6,offline_observation_credited,g02_t06_024,4526112,283740829227
g02_nominal_006,g02,incumbent,630.0,7,offline_observation_credited,g02_t08_038,2048,283740831275
g02_nominal_006,g02,incumbent,720.0,8,offline_observation_credited,g02_t06_000,1048576,283741879851
g02_nominal_006,g02,incumbent,810.0,9,offline_observation_credited,g02_t11_000,32768,283741912619
g02_nominal_006,g02,incumbent,900.0,10,offline_observation_credited,g02_t08_000,0,283741912619
g02_nominal_006,g02,incumbent,990.0,11,offline_observation_credited,g02_t06_001,0,283741912619
g02_nominal_006,g02,incumbent,1080.0,12,offline_observation_credited,g02_t01_000,201326592,283943239211
g02_nominal_006,g02,incumbent,1170.0,13,offline_observation_credited,g02_t14_000,1660944384,285604183595
g02_nominal_006,g02,one_step_adp,90.0,1,offline_observation_credited,g02_t04_011,3,3
g02_nominal_006,g02,one_step_adp,180.0,2,offline_observation_credited,g02_t03_004,8,11
g02_nominal_006,g02,one_step_adp,270.0,3,offline_observation_credited,g02_t03_001,0,11
g02_nominal_006,g02,one_step_adp,360.0,4,offline_observation_credited,g02_t06_024,4526112,4526123
g02_nominal_006,g02,one_step_adp,450.0,5,offline_observation_credited,g02_t08_038,2048,4528171
g02_nominal_006,g02,one_step_adp,540.0,6,offline_observation_credited,g02_t07_018,26112,4554283
g02_nominal_006,g02,one_step_adp,630.0,7,offline_observation_credited,g02_t00_021,1375731712,1380285995
g02_nominal_006,g02,one_step_adp,720.0,8,offline_observation_credited,g02_t05_058,300647710720,302027996715
g02_nominal_006,g02,one_step_adp,810.0,9,offline_observation_credited,g02_t14_000,553648128,302581644843
g02_nominal_006,g02,one_step_adp,900.0,10,offline_observation_credited,g02_t01_000,201326592,302782971435
g02_nominal_006,g02,independent_milp,90.0,1,offline_observation_credited,g02_t04_035,1,1
g02_nominal_006,g02,independent_milp,180.0,2,offline_observation_credited,g02_t03_001,8,9
g02_nominal_006,g02,independent_milp,270.0,3,offline_observation_credited,g02_t06_001,262144,262153
g02_nominal_006,g02,independent_milp,360.0,4,offline_observation_credited,g02_t08_038,2048,264201
g02_nominal_006,g02,independent_milp,450.0,5,offline_observation_credited,g02_t07_018,26112,290313
g02_nominal_006,g02,independent_milp,540.0,6,offline_observation_credited,g02_t00_021,1375731712,1376022025
g02_nominal_006,g02,independent_milp,630.0,7,offline_observation_credited,g02_t05_058,300647710720,302023732745
g02_nominal_006,g02,independent_milp,720.0,8,offline_observation_credited,g02_t14_000,553648128,302577380873
g02_nominal_006,g02,independent_milp,810.0,9,offline_observation_credited,g02_t01_000,201326592,302778707465
g02_nominal_007,g02,adaptive_rollout_adp,90.0,1,offline_observation_credited,g02_t04_000,3,3
g02_nominal_007,g02,adaptive_rollout_adp,180.0,2,offline_observation_credited,g02_t03_004,8,11
g02_nominal_007,g02,adaptive_rollout_adp,270.0,3,offline_observation_credited,g02_t05_034,283467841536,283467841547
g02_nominal_007,g02,adaptive_rollout_adp,360.0,4,offline_observation_credited,g02_t00_056,268435456,283736277003
g02_nominal_007,g02,adaptive_rollout_adp,450.0,5,offline_observation_credited,g02_t07_018,26112,283736303115
g02_nominal_007,g02,adaptive_rollout_adp,540.0,6,offline_observation_credited,g02_t06_024,4526112,283740829227
g02_nominal_007,g02,adaptive_rollout_adp,630.0,7,offline_observation_credited,g02_t08_058,34816,283740864043
g02_nominal_007,g02,adaptive_rollout_adp,720.0,8,offline_observation_credited,g02_t01_000,201326592,283942190635
g02_nominal_007,g02,adaptive_rollout_adp,810.0,9,offline_observation_credited,g02_t14_000,1660944384,285603135019
g02_nominal_007,g02,incumbent,90.0,1,offline_observation_credited,g02_t04_011,3,3
g02_nominal_007,g02,incumbent,180.0,2,offline_observation_credited,g02_t03_038,8,11
g02_nominal_007,g02,incumbent,270.0,3,offline_observation_credited,g02_t05_034,283467841536,283467841547
g02_nominal_007,g02,incumbent,360.0,4,offline_observation_credited,g02_t00_056,268435456,283736277003
g02_nominal_007,g02,incumbent,450.0,5,offline_observation_credited,g02_t07_018,26112,283736303115
g02_nominal_007,g02,incumbent,540.0,6,offline_observation_credited,g02_t06_024,4526112,283740829227
g02_nominal_007,g02,incumbent,630.0,7,offline_observation_credited,g02_t08_058,34816,283740864043
g02_nominal_007,g02,incumbent,720.0,8,offline_observation_credited,g02_t02_059,587202560,284328066603
g02_nominal_007,g02,incumbent,810.0,9,offline_observation_credited,g02_t01_000,201326592,284529393195
g02_nominal_007,g02,one_step_adp,90.0,1,offline_observation_credited,g02_t04_000,3,3
g02_nominal_007,g02,one_step_adp,180.0,2,offline_observation_credited,g02_t03_004,8,11
g02_nominal_007,g02,one_step_adp,270.0,3,offline_observation_credited,g02_t05_034,283467841536,283467841547
g02_nominal_007,g02,one_step_adp,360.0,4,offline_observation_credited,g02_t00_056,268435456,283736277003
g02_nominal_007,g02,one_step_adp,450.0,5,offline_observation_credited,g02_t07_018,26112,283736303115
g02_nominal_007,g02,one_step_adp,540.0,6,offline_observation_credited,g02_t06_024,4526112,283740829227
g02_nominal_007,g02,one_step_adp,630.0,7,offline_observation_credited,g02_t08_058,34816,283740864043
g02_nominal_007,g02,one_step_adp,720.0,8,offline_observation_credited,g02_t01_000,201326592,283942190635
g02_nominal_007,g02,one_step_adp,810.0,9,offline_observation_credited,g02_t14_000,1660944384,285603135019
g02_nominal_007,g02,independent_milp,90.0,1,offline_observation_credited,g02_t03_038,8,8
g02_nominal_007,g02,independent_milp,180.0,2,offline_observation_credited,g02_t04_000,3,11
g02_nominal_007,g02,independent_milp,270.0,3,offline_observation_credited,g02_t05_034,283467841536,283467841547
g02_nominal_007,g02,independent_milp,360.0,4,offline_observation_credited,g02_t00_056,268435456,283736277003
g02_nominal_007,g02,independent_milp,450.0,5,offline_observation_credited,g02_t07_018,26112,283736303115
g02_nominal_007,g02,independent_milp,540.0,6,offline_observation_credited,g02_t06_024,4526112,283740829227
g02_nominal_007,g02,independent_milp,630.0,7,offline_observation_credited,g02_t08_058,34816,283740864043
g02_nominal_007,g02,independent_milp,720.0,8,offline_observation_credited,g02_t09_000,6442450944,290183314987
g02_nominal_007,g02,independent_milp,810.0,9,offline_observation_credited,g02_t14_000,1660944384,291844259371
g02_nominal_007,g02,independent_milp,900.0,10,offline_observation_credited,g02_t01_000,201326592,292045585963
g02_nominal_008,g02,adaptive_rollout_adp,90.0,1,offline_observation_credited,g02_t03_038,8,8
g02_nominal_008,g02,adaptive_rollout_adp,180.0,2,offline_observation_credited,g02_t04_000,3,11
g02_nominal_008,g02,adaptive_rollout_adp,270.0,3,offline_observation_credited,g02_t00_021,1375731712,1375731723
g02_nominal_008,g02,adaptive_rollout_adp,360.0,4,offline_observation_credited,g02_t05_007,412316860416,413692592139
g02_nominal_008,g02,adaptive_rollout_adp,450.0,5,offline_observation_credited,g02_t14_000,553648128,414246240267
g02_nominal_008,g02,adaptive_rollout_adp,540.0,6,offline_observation_credited,g02_t01_000,201326592,414447566859
g02_nominal_008,g02,adaptive_rollout_adp,630.0,7,offline_observation_credited,g02_t06_024,4526112,414452092971
g02_nominal_008,g02,adaptive_rollout_adp,720.0,8,offline_observation_credited,g02_t08_038,2048,414452095019
g02_nominal_008,g02,adaptive_rollout_adp,810.0,9,offline_observation_credited,g02_t07_018,26112,414452121131
g02_nominal_008,g02,incumbent,90.0,1,offline_observation_credited,g02_t04_011,3,3
g02_nominal_008,g02,incumbent,180.0,2,offline_observation_credited,g02_t03_038,8,11
g02_nominal_008,g02,incumbent,270.0,3,offline_observation_credited,g02_t05_034,283467841536,283467841547
g02_nominal_008,g02,incumbent,360.0,4,offline_observation_credited,g02_t00_056,268435456,283736277003
g02_nominal_008,g02,incumbent,450.0,5,offline_observation_credited,g02_t07_018,26112,283736303115
g02_nominal_008,g02,incumbent,540.0,6,offline_observation_credited,g02_t06_024,4526112,283740829227
g02_nominal_008,g02,incumbent,630.0,7,offline_observation_credited,g02_t08_038,2048,283740831275
g02_nominal_008,g02,incumbent,720.0,8,offline_observation_credited,g02_t02_059,587202560,284328033835
g02_nominal_008,g02,incumbent,810.0,9,offline_observation_credited,g02_t01_000,201326592,284529360427
g02_nominal_008,g02,one_step_adp,90.0,1,offline_observation_credited,g02_t04_000,3,3
g02_nominal_008,g02,one_step_adp,180.0,2,offline_observation_credited,g02_t03_004,8,11
g02_nominal_008,g02,one_step_adp,270.0,3,offline_observation_credited,g02_t05_034,283467841536,283467841547
g02_nominal_008,g02,one_step_adp,360.0,4,offline_observation_credited,g02_t00_056,268435456,283736277003
g02_nominal_008,g02,one_step_adp,450.0,5,offline_observation_credited,g02_t07_018,26112,283736303115
g02_nominal_008,g02,one_step_adp,540.0,6,offline_observation_credited,g02_t06_000,5509120,283741812235
g02_nominal_008,g02,one_step_adp,630.0,7,offline_observation_credited,g02_t08_038,2048,283741814283
g02_nominal_008,g02,one_step_adp,720.0,8,offline_observation_credited,g02_t02_059,587202560,284329016843
g02_nominal_008,g02,one_step_adp,810.0,9,offline_observation_credited,g02_t01_000,201326592,284530343435
g02_nominal_008,g02,independent_milp,90.0,1,offline_observation_credited,g02_t04_000,3,3
g02_nominal_008,g02,independent_milp,180.0,2,offline_observation_credited,g02_t03_004,8,11
g02_nominal_008,g02,independent_milp,270.0,3,offline_observation_credited,g02_t03_001,0,11
g02_nominal_008,g02,independent_milp,360.0,4,offline_observation_credited,g02_t08_038,2048,2059
g02_nominal_008,g02,independent_milp,450.0,5,offline_observation_credited,g02_t06_000,5509120,5511179
g02_nominal_008,g02,independent_milp,540.0,6,offline_observation_credited,g02_t07_018,26112,5537291
g02_nominal_008,g02,independent_milp,630.0,7,offline_observation_credited,g02_t00_021,1375731712,1381269003
g02_nominal_008,g02,independent_milp,720.0,8,offline_observation_credited,g02_t02_043,553648128,1934917131
g02_nominal_008,g02,independent_milp,810.0,9,offline_observation_credited,g02_t05_058,300647710720,302582627851
g02_nominal_008,g02,independent_milp,900.0,10,offline_observation_credited,g02_t01_000,201326592,302783954443
g02_nominal_009,g02,adaptive_rollout_adp,90.0,1,offline_observation_credited,g02_t04_000,3,3
g02_nominal_009,g02,adaptive_rollout_adp,180.0,2,offline_observation_credited,g02_t03_004,8,11
g02_nominal_009,g02,adaptive_rollout_adp,270.0,3,offline_observation_credited,g02_t05_034,283467841536,283467841547
g02_nominal_009,g02,adaptive_rollout_adp,360.0,4,offline_observation_credited,g02_t00_056,268435456,283736277003
g02_nominal_009,g02,adaptive_rollout_adp,450.0,5,offline_observation_credited,g02_t07_018,26112,283736303115
g02_nominal_009,g02,adaptive_rollout_adp,540.0,6,offline_observation_credited,g02_t06_024,4526112,283740829227
g02_nominal_009,g02,adaptive_rollout_adp,630.0,7,offline_observation_credited,g02_t08_058,34816,283740864043
g02_nominal_009,g02,adaptive_rollout_adp,720.0,8,offline_observation_credited,g02_t01_000,201326592,283942190635
g02_nominal_009,g02,adaptive_rollout_adp,810.0,9,offline_observation_credited,g02_t14_000,1660944384,285603135019
g02_nominal_009,g02,one_step_adp,90.0,1,offline_observation_credited,g02_t04_000,3,3
g02_nominal_009,g02,one_step_adp,180.0,2,offline_observation_credited,g02_t03_004,8,11
g02_nominal_009,g02,one_step_adp,270.0,3,offline_observation_credited,g02_t05_034,283467841536,283467841547
g02_nominal_009,g02,one_step_adp,360.0,4,offline_observation_credited,g02_t00_056,268435456,283736277003
g02_nominal_009,g02,one_step_adp,450.0,5,offline_observation_credited,g02_t07_018,26112,283736303115
g02_nominal_009,g02,one_step_adp,540.0,6,offline_observation_credited,g02_t06_024,4526112,283740829227
g02_nominal_009,g02,one_step_adp,630.0,7,offline_observation_credited,g02_t08_058,34816,283740864043
g02_nominal_009,g02,one_step_adp,720.0,8,offline_observation_credited,g02_t01_000,201326592,283942190635
g02_nominal_009,g02,one_step_adp,810.0,9,offline_observation_credited,g02_t14_000,1660944384,285603135019
g02_nominal_009,g02,incumbent,90.0,1,offline_observation_credited,g02_t04_011,3,3
g02_nominal_009,g02,incumbent,180.0,2,offline_observation_credited,g02_t03_038,8,11
g02_nominal_009,g02,incumbent,270.0,3,offline_observation_credited,g02_t05_034,283467841536,283467841547
g02_nominal_009,g02,incumbent,360.0,4,offline_observation_credited,g02_t00_056,268435456,283736277003
g02_nominal_009,g02,incumbent,450.0,5,offline_observation_credited,g02_t07_018,26112,283736303115
g02_nominal_009,g02,incumbent,540.0,6,offline_observation_credited,g02_t06_024,4526112,283740829227
g02_nominal_009,g02,incumbent,630.0,7,offline_observation_credited,g02_t08_058,34816,283740864043
g02_nominal_009,g02,incumbent,720.0,8,offline_observation_credited,g02_t02_059,587202560,284328066603
g02_nominal_009,g02,incumbent,810.0,9,offline_observation_credited,g02_t01_000,201326592,284529393195
g02_nominal_009,g02,independent_milp,90.0,1,offline_observation_credited,g02_t03_038,8,8
g02_nominal_009,g02,independent_milp,180.0,2,offline_observation_credited,g02_t04_000,3,11
g02_nominal_009,g02,independent_milp,270.0,3,offline_observation_credited,g02_t05_034,283467841536,283467841547
g02_nominal_009,g02,independent_milp,360.0,4,offline_observation_credited,g02_t00_056,268435456,283736277003
g02_nominal_009,g02,independent_milp,450.0,5,offline_observation_credited,g02_t07_018,26112,283736303115
g02_nominal_009,g02,independent_milp,540.0,6,offline_observation_credited,g02_t06_024,4526112,283740829227
g02_nominal_009,g02,independent_milp,630.0,7,offline_observation_credited,g02_t08_058,34816,283740864043
g02_nominal_009,g02,independent_milp,720.0,8,offline_observation_credited,g02_t09_000,6442450944,290183314987
g02_nominal_009,g02,independent_milp,810.0,9,offline_observation_credited,g02_t14_000,1660944384,291844259371
g02_nominal_009,g02,independent_milp,900.0,10,offline_observation_credited,g02_t01_000,201326592,292045585963
g02_shifted_001,g02,incumbent,90.0,1,offline_observation_credited,g02_t04_011,3,3
g02_shifted_001,g02,incumbent,180.0,2,offline_observation_credited,g02_t03_038,8,11
g02_shifted_001,g02,incumbent,270.0,3,offline_observation_credited,g02_t05_034,283467841536,283467841547
g02_shifted_001,g02,incumbent,360.0,4,offline_observation_credited,g02_t00_056,268435456,283736277003
g02_shifted_001,g02,incumbent,450.0,5,offline_observation_credited,g02_t07_018,26112,283736303115
g02_shifted_001,g02,incumbent,540.0,6,offline_observation_credited,g02_t06_024,4526112,283740829227
g02_shifted_001,g02,incumbent,630.0,7,offline_observation_credited,g02_t08_058,34816,283740864043
g02_shifted_001,g02,incumbent,720.0,8,offline_observation_credited,g02_t02_059,587202560,284328066603
g02_shifted_001,g02,incumbent,810.0,9,offline_observation_credited,g02_t01_000,201326592,284529393195
g02_shifted_001,g02,one_step_adp,90.0,1,offline_observation_credited,g02_t04_000,3,3
g02_shifted_001,g02,one_step_adp,180.0,2,offline_observation_credited,g02_t03_004,8,11
g02_shifted_001,g02,one_step_adp,270.0,3,offline_observation_credited,g02_t05_034,283467841536,283467841547
g02_shifted_001,g02,one_step_adp,360.0,4,offline_observation_credited,g02_t00_056,268435456,283736277003
g02_shifted_001,g02,one_step_adp,450.0,5,offline_observation_credited,g02_t07_018,26112,283736303115
g02_shifted_001,g02,one_step_adp,540.0,6,offline_observation_credited,g02_t06_024,4526112,283740829227
g02_shifted_001,g02,one_step_adp,630.0,7,offline_observation_credited,g02_t08_058,34816,283740864043
g02_shifted_001,g02,one_step_adp,720.0,8,offline_observation_credited,g02_t01_000,201326592,283942190635
g02_shifted_001,g02,one_step_adp,810.0,9,offline_observation_credited,g02_t14_000,1660944384,285603135019
g02_shifted_001,g02,adaptive_rollout_adp,90.0,1,offline_observation_credited,g02_t04_000,3,3
g02_shifted_001,g02,adaptive_rollout_adp,180.0,2,offline_observation_credited,g02_t03_004,8,11
g02_shifted_001,g02,adaptive_rollout_adp,270.0,3,offline_observation_credited,g02_t05_034,283467841536,283467841547
g02_shifted_001,g02,adaptive_rollout_adp,360.0,4,offline_observation_credited,g02_t00_056,268435456,283736277003
g02_shifted_001,g02,adaptive_rollout_adp,450.0,5,offline_observation_credited,g02_t07_018,26112,283736303115
g02_shifted_001,g02,adaptive_rollout_adp,540.0,6,offline_observation_credited,g02_t06_024,4526112,283740829227
g02_shifted_001,g02,adaptive_rollout_adp,630.0,7,offline_observation_credited,g02_t08_058,34816,283740864043
g02_shifted_001,g02,adaptive_rollout_adp,720.0,8,offline_observation_credited,g02_t01_000,201326592,283942190635
g02_shifted_001,g02,adaptive_rollout_adp,810.0,9,offline_observation_credited,g02_t14_000,1660944384,285603135019
g02_shifted_001,g02,independent_milp,90.0,1,offline_observation_credited,g02_t03_038,8,8
g02_shifted_001,g02,independent_milp,180.0,2,offline_observation_credited,g02_t04_000,3,11
g02_shifted_001,g02,independent_milp,270.0,3,offline_observation_credited,g02_t00_021,1375731712,1375731723
g02_shifted_001,g02,independent_milp,360.0,4,offline_observation_credited,g02_t05_007,412316860416,413692592139
g02_shifted_001,g02,independent_milp,450.0,5,offline_observation_credited,g02_t14_000,553648128,414246240267
g02_shifted_001,g02,independent_milp,540.0,6,offline_observation_credited,g02_t01_000,201326592,414447566859
g02_shifted_001,g02,independent_milp,630.0,7,offline_observation_credited,g02_t08_058,100352,414447667211
g02_shifted_001,g02,independent_milp,720.0,8,offline_observation_credited,g02_t06_024,4460576,414452127787
g02_shifted_001,g02,independent_milp,810.0,9,offline_observation_credited,g02_t07_018,26112,414452153899
g02_shifted_002,g02,one_step_adp,90.0,1,offline_observation_credited,g02_t04_000,3,3
g02_shifted_002,g02,one_step_adp,180.0,2,offline_observation_credited,g02_t03_004,8,11
g02_shifted_002,g02,one_step_adp,270.0,3,offline_observation_credited,g02_t03_001,0,11
g02_shifted_002,g02,one_step_adp,360.0,4,offline_observation_credited,g02_t06_001,262144,262155
g02_shifted_002,g02,one_step_adp,450.0,5,offline_observation_credited,g02_t08_038,2048,264203
g02_shifted_002,g02,one_step_adp,540.0,6,offline_observation_credited,g02_t07_003,26112,290315
g02_shifted_002,g02,one_step_adp,630.0,7,offline_observation_credited,g02_t02_059,587202560,587492875
g02_shifted_002,g02,one_step_adp,720.0,8,offline_observation_credited,g02_t00_021,1342177280,1929670155
g02_shifted_002,g02,one_step_adp,810.0,9,offline_observation_credited,g02_t05_058,300647710720,302577380875
g02_shifted_002,g02,one_step_adp,900.0,10,offline_observation_credited,g02_t01_000,201326592,302778707467
g02_shifted_002,g02,incumbent,90.0,1,offline_observation_credited,g02_t04_011,3,3
g02_shifted_002,g02,incumbent,180.0,2,offline_observation_credited,g02_t03_004,8,11
g02_shifted_002,g02,incumbent,270.0,3,offline_observation_credited,g02_t05_034,283467841536,283467841547
g02_shifted_002,g02,incumbent,360.0,4,offline_observation_credited,g02_t00_056,268435456,283736277003
g02_shifted_002,g02,incumbent,450.0,5,offline_observation_credited,g02_t07_000,26112,283736303115
g02_shifted_002,g02,incumbent,540.0,6,offline_observation_credited,g02_t08_038,2048,283736305163
g02_shifted_002,g02,incumbent,630.0,7,offline_observation_credited,g02_t06_001,262144,283736567307
g02_shifted_002,g02,incumbent,720.0,8,offline_observation_credited,g02_t02_059,587202560,284323769867
g02_shifted_002,g02,incumbent,810.0,9,offline_observation_credited,g02_t01_000,201326592,284525096459
g02_shifted_002,g02,adaptive_rollout_adp,90.0,1,offline_observation_credited,g02_t04_000,3,3
g02_shifted_002,g02,adaptive_rollout_adp,180.0,2,offline_observation_credited,g02_t03_004,8,11
g02_shifted_002,g02,adaptive_rollout_adp,270.0,3,offline_observation_credited,g02_t03_001,0,11
g02_shifted_002,g02,adaptive_rollout_adp,360.0,4,offline_observation_credited,g02_t06_001,262144,262155
g02_shifted_002,g02,adaptive_rollout_adp,450.0,5,offline_observation_credited,g02_t08_038,2048,264203
g02_shifted_002,g02,adaptive_rollout_adp,540.0,6,offline_observation_credited,g02_t07_000,26112,290315
g02_shifted_002,g02,adaptive_rollout_adp,630.0,7,offline_observation_credited,g02_t00_021,1375731712,1376022027
g02_shifted_002,g02,adaptive_rollout_adp,720.0,8,offline_observation_credited,g02_t05_058,300647710720,302023732747
g02_shifted_002,g02,adaptive_rollout_adp,810.0,9,offline_observation_credited,g02_t14_000,553648128,302577380875
g02_shifted_002,g02,adaptive_rollout_adp,900.0,10,offline_observation_credited,g02_t01_000,201326592,302778707467
g02_shifted_002,g02,independent_milp,90.0,1,offline_observation_credited,g02_t04_000,3,3
g02_shifted_002,g02,independent_milp,180.0,2,offline_observation_credited,g02_t03_004,8,11
g02_shifted_002,g02,independent_milp,270.0,3,offline_observation_credited,g02_t05_034,283467841536,283467841547
g02_shifted_002,g02,independent_milp,360.0,4,offline_observation_credited,g02_t00_056,268435456,283736277003
g02_shifted_002,g02,independent_milp,450.0,5,offline_observation_credited,g02_t07_000,26112,283736303115
g02_shifted_002,g02,independent_milp,540.0,6,offline_observation_credited,g02_t06_024,4526112,283740829227
g02_shifted_002,g02,independent_milp,630.0,7,offline_observation_credited,g02_t08_058,34816,283740864043
g02_shifted_002,g02,independent_milp,720.0,8,offline_observation_credited,g02_t01_000,201326592,283942190635
g02_shifted_002,g02,independent_milp,810.0,9,offline_observation_credited,g02_t14_000,1660944384,285603135019
g02_shifted_003,g02,adaptive_rollout_adp,90.0,1,offline_observation_credited,g02_t03_038,8,8
g02_shifted_003,g02,adaptive_rollout_adp,180.0,2,offline_observation_credited,g02_t04_000,3,11
g02_shifted_003,g02,adaptive_rollout_adp,270.0,3,offline_observation_credited,g02_t10_000,29696,29707
g02_shifted_003,g02,adaptive_rollout_adp,360.0,4,offline_observation_credited,g02_t07_018,512,30219
g02_shifted_003,g02,adaptive_rollout_adp,450.0,5,offline_observation_credited,g02_t06_024,4522016,4552235
g02_shifted_003,g02,adaptive_rollout_adp,540.0,6,offline_observation_credited,g02_t08_058,34816,4587051
g02_shifted_003,g02,adaptive_rollout_adp,630.0,7,offline_observation_credited,g02_t01_026,201326592,205913643
g02_shifted_003,g02,adaptive_rollout_adp,720.0,8,offline_observation_credited,g02_t14_000,1660944384,1866858027
g02_shifted_003,g02,adaptive_rollout_adp,810.0,9,offline_observation_credited,g02_t05_058,300647710720,302514568747
g02_shifted_003,g02,adaptive_rollout_adp,900.0,10,offline_observation_credited,g02_t00_001,268435456,302783004203
g02_shifted_003,g02,incumbent,90.0,1,offline_observation_credited,g02_t04_000,3,3
g02_shifted_003,g02,incumbent,180.0,2,offline_observation_credited,g02_t03_038,8,11
g02_shifted_003,g02,incumbent,270.0,3,offline_observation_credited,g02_t05_034,283467841536,283467841547
g02_shifted_003,g02,incumbent,360.0,4,offline_observation_credited,g02_t07_018,26112,283467867659
g02_shifted_003,g02,incumbent,450.0,5,offline_observation_credited,g02_t06_024,4526112,283472393771
g02_shifted_003,g02,incumbent,540.0,6,offline_observation_credited,g02_t08_058,34816,283472428587
g02_shifted_003,g02,incumbent,630.0,7,offline_observation_credited,g02_t02_059,587202560,284059631147
g02_shifted_003,g02,incumbent,720.0,8,offline_observation_credited,g02_t00_001,17448304640,301507935787
g02_shifted_003,g02,incumbent,810.0,9,offline_observation_credited,g02_t05_058,0,301507935787
g02_shifted_003,g02,incumbent,900.0,10,offline_observation_credited,g02_t01_026,201326592,301709262379
g02_shifted_003,g02,one_step_adp,90.0,1,offline_observation_credited,g02_t04_000,3,3
g02_shifted_003,g02,one_step_adp,180.0,2,offline_observation_credited,g02_t03_004,8,11
g02_shifted_003,g02,one_step_adp,270.0,3,offline_observation_credited,g02_t05_034,283467841536,283467841547
g02_shifted_003,g02,one_step_adp,360.0,4,offline_observation_credited,g02_t07_018,26112,283467867659
g02_shifted_003,g02,one_step_adp,450.0,5,offline_observation_credited,g02_t06_024,4526112,283472393771
g02_shifted_003,g02,one_step_adp,540.0,6,offline_observation_credited,g02_t08_058,34816,283472428587
g02_shifted_003,g02,one_step_adp,630.0,7,offline_observation_credited,g02_t01_026,201326592,283673755179
g02_shifted_003,g02,one_step_adp,720.0,8,offline_observation_credited,g02_t14_000,1660944384,285334699563
g02_shifted_003,g02,one_step_adp,810.0,9,offline_observation_credited,g02_t00_001,17448304640,302783004203
g02_shifted_003,g02,independent_milp,90.0,1,offline_observation_credited,g02_t03_038,8,8
g02_shifted_003,g02,independent_milp,180.0,2,offline_observation_credited,g02_t04_000,3,11
g02_shifted_003,g02,independent_milp,270.0,3,offline_observation_credited,g02_t10_000,29696,29707
g02_shifted_003,g02,independent_milp,360.0,4,offline_observation_credited,g02_t07_018,512,30219
g02_shifted_003,g02,independent_milp,450.0,5,offline_observation_credited,g02_t06_024,4522016,4552235
g02_shifted_003,g02,independent_milp,540.0,6,offline_observation_credited,g02_t08_058,34816,4587051
g02_shifted_003,g02,independent_milp,630.0,7,offline_observation_credited,g02_t01_026,201326592,205913643
g02_shifted_003,g02,independent_milp,720.0,8,offline_observation_credited,g02_t14_000,1660944384,1866858027
g02_shifted_003,g02,independent_milp,810.0,9,offline_observation_credited,g02_t05_058,300647710720,302514568747
g02_shifted_003,g02,independent_milp,900.0,10,offline_observation_credited,g02_t00_001,268435456,302783004203
g02_shifted_005,g02,adaptive_rollout_adp,90.0,1,offline_observation_credited,g02_t03_038,8,8
g02_shifted_005,g02,adaptive_rollout_adp,180.0,2,offline_observation_credited,g02_t04_011,3,11
g02_shifted_005,g02,adaptive_rollout_adp,270.0,3,offline_observation_credited,g02_t13_000,32,43
g02_shifted_005,g02,adaptive_rollout_adp,360.0,4,offline_observation_credited,g02_t08_038,2048,2091
g02_shifted_005,g02,adaptive_rollout_adp,450.0,5,offline_observation_credited,g02_t06_000,5509120,5511211
g02_shifted_005,g02,adaptive_rollout_adp,540.0,6,offline_observation_credited,g02_t07_018,26112,5537323
g02_shifted_005,g02,adaptive_rollout_adp,630.0,7,offline_observation_credited,g02_t00_021,1375731712,1381269035
g02_shifted_005,g02,adaptive_rollout_adp,720.0,8,offline_observation_credited,g02_t05_007,412316860416,413698129451
g02_shifted_005,g02,adaptive_rollout_adp,810.0,9,offline_observation_credited,g02_t14_000,553648128,414251777579
g02_shifted_005,g02,adaptive_rollout_adp,900.0,10,offline_observation_credited,g02_t01_000,201326592,414453104171
g02_shifted_005,g02,incumbent,90.0,1,offline_observation_credited,g02_t04_011,3,3
g02_shifted_005,g02,incumbent,180.0,2,offline_observation_credited,g02_t03_038,8,11
g02_shifted_005,g02,incumbent,270.0,3,offline_observation_credited,g02_t05_034,283467841536,283467841547
g02_shifted_005,g02,incumbent,360.0,4,offline_observation_credited,g02_t07_018,26112,283467867659
g02_shifted_005,g02,incumbent,450.0,5,offline_observation_credited,g02_t08_038,2048,283467869707
g02_shifted_005,g02,incumbent,540.0,6,offline_observation_credited,g02_t06_000,5509120,283473378827
g02_shifted_005,g02,incumbent,630.0,7,offline_observation_credited,g02_t02_059,587202560,284060581387
g02_shifted_005,g02,incumbent,720.0,8,offline_observation_credited,g02_t00_021,1342177280,285402758667
g02_shifted_005,g02,incumbent,810.0,9,offline_observation_credited,g02_t01_000,201326592,285604085259
g02_shifted_005,g02,one_step_adp,90.0,1,offline_observation_credited,g02_t04_000,3,3
g02_shifted_005,g02,one_step_adp,180.0,2,offline_observation_credited,g02_t03_038,8,11
g02_shifted_005,g02,one_step_adp,270.0,3,offline_observation_credited,g02_t05_034,283467841536,283467841547
g02_shifted_005,g02,one_step_adp,360.0,4,offline_observation_credited,g02_t07_018,26112,283467867659
g02_shifted_005,g02,one_step_adp,450.0,5,offline_observation_credited,g02_t06_000,5509120,283473376779
g02_shifted_005,g02,one_step_adp,540.0,6,offline_observation_credited,g02_t08_038,2048,283473378827
g02_shifted_005,g02,one_step_adp,630.0,7,offline_observation_credited,g02_t02_059,587202560,284060581387
g02_shifted_005,g02,one_step_adp,720.0,8,offline_observation_credited,g02_t00_021,1342177280,285402758667
g02_shifted_005,g02,one_step_adp,810.0,9,offline_observation_credited,g02_t01_000,201326592,285604085259
g02_shifted_005,g02,independent_milp,90.0,1,offline_observation_credited,g02_t03_038,8,8
g02_shifted_005,g02,independent_milp,180.0,2,offline_observation_credited,g02_t04_000,3,11
g02_shifted_005,g02,independent_milp,270.0,3,offline_observation_credited,g02_t10_000,29696,29707
g02_shifted_005,g02,independent_milp,360.0,4,offline_observation_credited,g02_t07_018,512,30219
g02_shifted_005,g02,independent_milp,450.0,5,offline_observation_credited,g02_t06_000,5505024,5535243
g02_shifted_005,g02,independent_milp,540.0,6,offline_observation_credited,g02_t08_038,2048,5537291
g02_shifted_005,g02,independent_milp,630.0,7,offline_observation_credited,g02_t06_001,0,5537291
g02_shifted_005,g02,independent_milp,720.0,8,offline_observation_credited,g02_t01_026,201326592,206863883
g02_shifted_005,g02,independent_milp,810.0,9,offline_observation_credited,g02_t14_000,1660944384,1867808267
g02_shifted_005,g02,independent_milp,900.0,10,offline_observation_credited,g02_t00_001,17448304640,19316112907
g02_shifted_005,g02,independent_milp,990.0,11,offline_observation_credited,g02_t05_007,412316860416,431632973323
g02_shifted_006,g02,adaptive_rollout_adp,90.0,1,offline_observation_credited,g02_t04_035,1,1
g02_shifted_006,g02,adaptive_rollout_adp,180.0,2,offline_observation_credited,g02_t03_001,8,9
g02_shifted_006,g02,adaptive_rollout_adp,270.0,3,offline_observation_credited,g02_t08_058,100352,100361
g02_shifted_006,g02,adaptive_rollout_adp,360.0,4,offline_observation_credited,g02_t06_024,4460576,4560937
g02_shifted_006,g02,adaptive_rollout_adp,450.0,5,offline_observation_credited,g02_t07_018,26112,4587049
g02_shifted_006,g02,adaptive_rollout_adp,540.0,6,offline_observation_credited,g02_t02_059,587202560,591789609
g02_shifted_006,g02,adaptive_rollout_adp,630.0,7,offline_observation_credited,g02_t00_021,1342177280,1933966889
g02_shifted_006,g02,adaptive_rollout_adp,720.0,8,offline_observation_credited,g02_t05_058,300647710720,302581677609
g02_shifted_006,g02,adaptive_rollout_adp,810.0,9,offline_observation_credited,g02_t01_026,201326592,302783004201
g02_shifted_006,g02,incumbent,90.0,1,offline_observation_credited,g02_t03_038,8,8
g02_shifted_006,g02,incumbent,180.0,2,offline_observation_credited,g02_t04_035,1,9
g02_shifted_006,g02,incumbent,270.0,3,offline_observation_credited,g02_t05_034,283467841536,283467841545
g02_shifted_006,g02,incumbent,360.0,4,offline_observation_credited,g02_t07_018,26112,283467867657
g02_shifted_006,g02,incumbent,450.0,5,offline_observation_credited,g02_t06_024,4526112,283472393769
g02_shifted_006,g02,incumbent,540.0,6,offline_observation_credited,g02_t08_058,34816,283472428585
g02_shifted_006,g02,incumbent,630.0,7,offline_observation_credited,g02_t02_059,587202560,284059631145
g02_shifted_006,g02,incumbent,720.0,8,offline_observation_credited,g02_t00_021,1342177280,285401808425
g02_shifted_006,g02,incumbent,810.0,9,offline_observation_credited,g02_t05_007,137438953472,422840761897
g02_shifted_006,g02,incumbent,900.0,10,offline_observation_credited,g02_t00_001,17179869184,440020631081
g02_shifted_006,g02,incumbent,990.0,11,offline_observation_credited,g02_t05_058,0,440020631081
g02_shifted_006,g02,incumbent,1080.0,12,offline_observation_credited,g02_t01_026,201326592,440221957673
g02_shifted_006,g02,one_step_adp,90.0,1,offline_observation_credited,g02_t04_035,1,1
g02_shifted_006,g02,one_step_adp,180.0,2,offline_observation_credited,g02_t03_001,8,9
g02_shifted_006,g02,one_step_adp,270.0,3,offline_observation_credited,g02_t08_058,100352,100361
g02_shifted_006,g02,one_step_adp,360.0,4,offline_observation_credited,g02_t06_024,4460576,4560937
g02_shifted_006,g02,one_step_adp,450.0,5,offline_observation_credited,g02_t07_018,26112,4587049
g02_shifted_006,g02,one_step_adp,540.0,6,offline_observation_credited,g02_t02_059,587202560,591789609
g02_shifted_006,g02,one_step_adp,630.0,7,offline_observation_credited,g02_t05_007,412316860416,412908650025
g02_shifted_006,g02,one_step_adp,720.0,8,offline_observation_credited,g02_t00_001,17448304640,430356954665
g02_shifted_006,g02,one_step_adp,810.0,9,offline_observation_credited,g02_t05_058,8589934592,438946889257
g02_shifted_006,g02,one_step_adp,900.0,10,offline_observation_credited,g02_t01_026,201326592,439148215849
g02_shifted_006,g02,independent_milp,90.0,1,offline_observation_credited,g02_t04_035,1,1
g02_shifted_006,g02,independent_milp,180.0,2,offline_observation_credited,g02_t03_001,8,9
g02_shifted_006,g02,independent_milp,270.0,3,offline_observation_credited,g02_t08_058,100352,100361
g02_shifted_006,g02,independent_milp,360.0,4,offline_observation_credited,g02_t06_024,4460576,4560937
g02_shifted_006,g02,independent_milp,450.0,5,offline_observation_credited,g02_t07_018,26112,4587049
g02_shifted_006,g02,independent_milp,540.0,6,offline_observation_credited,g02_t02_059,587202560,591789609
g02_shifted_006,g02,independent_milp,630.0,7,offline_observation_credited,g02_t00_021,1342177280,1933966889
g02_shifted_006,g02,independent_milp,720.0,8,offline_observation_credited,g02_t05_058,300647710720,302581677609
g02_shifted_006,g02,independent_milp,810.0,9,offline_observation_credited,g02_t01_026,201326592,302783004201
g02_shifted_007,g02,one_step_adp,90.0,1,offline_observation_credited,g02_t04_000,3,3
g02_shifted_007,g02,one_step_adp,180.0,2,offline_observation_credited,g02_t03_038,8,11
g02_shifted_007,g02,one_step_adp,270.0,3,offline_observation_credited,g02_t00_056,268435456,268435467
g02_shifted_007,g02,one_step_adp,360.0,4,offline_observation_credited,g02_t07_018,26112,268461579
g02_shifted_007,g02,one_step_adp,450.0,5,offline_observation_credited,g02_t06_024,4526112,272987691
g02_shifted_007,g02,one_step_adp,540.0,6,offline_observation_credited,g02_t08_058,34816,273022507
g02_shifted_007,g02,one_step_adp,630.0,7,offline_observation_credited,g02_t01_000,201326592,474349099
g02_shifted_007,g02,one_step_adp,720.0,8,offline_observation_credited,g02_t14_000,1660944384,2135293483
g02_shifted_007,g02,one_step_adp,810.0,9,offline_observation_credited,g02_t05_007,412316860416,414452153899
g02_shifted_007,g02,adaptive_rollout_adp,90.0,1,offline_observation_credited,g02_t04_035,1,1
g02_shifted_007,g02,adaptive_rollout_adp,180.0,2,offline_observation_credited,g02_t03_001,8,9
g02_shifted_007,g02,adaptive_rollout_adp,270.0,3,offline_observation_credited,g02_t08_058,100352,100361
g02_shifted_007,g02,adaptive_rollout_adp,360.0,4,offline_observation_credited,g02_t06_024,4460576,4560937
g02_shifted_007,g02,adaptive_rollout_adp,450.0,5,offline_observation_credited,g02_t07_018,26112,4587049
g02_shifted_007,g02,adaptive_rollout_adp,540.0,6,offline_observation_credited,g02_t00_021,1375731712,1380318761
g02_shifted_007,g02,adaptive_rollout_adp,630.0,7,offline_observation_credited,g02_t05_007,412316860416,413697179177
g02_shifted_007,g02,adaptive_rollout_adp,720.0,8,offline_observation_credited,g02_t14_000,553648128,414250827305
g02_shifted_007,g02,adaptive_rollout_adp,810.0,9,offline_observation_credited,g02_t01_000,201326592,414452153897
g02_shifted_007,g02,incumbent,90.0,1,offline_observation_credited,g02_t04_011,3,3
g02_shifted_007,g02,incumbent,180.0,2,offline_observation_credited,g02_t03_038,8,11
g02_shifted_007,g02,incumbent,270.0,3,offline_observation_credited,g02_t00_056,268435456,268435467
g02_shifted_007,g02,incumbent,360.0,4,offline_observation_credited,g02_t07_018,26112,268461579
g02_shifted_007,g02,incumbent,450.0,5,offline_observation_credited,g02_t06_024,4526112,272987691
g02_shifted_007,g02,incumbent,540.0,6,offline_observation_credited,g02_t08_058,34816,273022507
g02_shifted_007,g02,incumbent,630.0,7,offline_observation_credited,g02_t02_059,587202560,860225067
g02_shifted_007,g02,incumbent,720.0,8,offline_observation_credited,g02_t05_007,412316860416,413177085483
g02_shifted_007,g02,incumbent,810.0,9,offline_observation_credited,g02_t01_000,201326592,413378412075
g02_shifted_007,g02,independent_milp,90.0,1,offline_observation_credited,g02_t03_038,8,8
g02_shifted_007,g02,independent_milp,180.0,2,offline_observation_credited,g02_t04_000,3,11
g02_shifted_007,g02,independent_milp,270.0,3,offline_observation_credited,g02_t00_021,1375731712,1375731723
g02_shifted_007,g02,independent_milp,360.0,4,offline_observation_credited,g02_t05_007,412316860416,413692592139
g02_shifted_007,g02,independent_milp,450.0,5,offline_observation_credited,g02_t14_000,553648128,414246240267
g02_shifted_007,g02,independent_milp,540.0,6,offline_observation_credited,g02_t01_000,201326592,414447566859
g02_shifted_007,g02,independent_milp,630.0,7,offline_observation_credited,g02_t08_058,100352,414447667211
g02_shifted_007,g02,independent_milp,720.0,8,offline_observation_credited,g02_t06_024,4460576,414452127787
g02_shifted_007,g02,independent_milp,810.0,9,offline_observation_credited,g02_t13_000,0,414452127787
g02_shifted_007,g02,independent_milp,900.0,10,offline_observation_credited,g02_t07_018,26112,414452153899
g02_shifted_008,g02,adaptive_rollout_adp,90.0,1,offline_observation_credited,g02_t04_035,1,1
g02_shifted_008,g02,adaptive_rollout_adp,180.0,2,offline_observation_credited,g02_t03_001,8,9
g02_shifted_008,g02,adaptive_rollout_adp,270.0,3,offline_observation_credited,g02_t08_038,2048,2057
g02_shifted_008,g02,adaptive_rollout_adp,360.0,4,offline_observation_credited,g02_t06_000,5509120,5511177
g02_shifted_008,g02,adaptive_rollout_adp,450.0,5,offline_observation_credited,g02_t07_000,26112,5537289
g02_shifted_008,g02,adaptive_rollout_adp,540.0,6,offline_observation_credited,g02_t00_021,1375731712,1381269001
g02_shifted_008,g02,adaptive_rollout_adp,630.0,7,offline_observation_credited,g02_t05_058,300647710720,302028979721
g02_shifted_008,g02,adaptive_rollout_adp,720.0,8,offline_observation_credited,g02_t14_000,553648128,302582627849
g02_shifted_008,g02,adaptive_rollout_adp,810.0,9,offline_observation_credited,g02_t01_053,201326592,302783954441
g02_shifted_008,g02,one_step_adp,90.0,1,offline_observation_credited,g02_t05_034,283467841536,283467841536
g02_shifted_008,g02,one_step_adp,180.0,2,offline_observation_credited,g02_t00_056,268435456,283736276992
g02_shifted_008,g02,one_step_adp,270.0,3,offline_observation_credited,g02_t04_000,3,283736276995
g02_shifted_008,g02,one_step_adp,360.0,4,offline_observation_credited,g02_t03_004,8,283736277003
g02_shifted_008,g02,one_step_adp,450.0,5,offline_observation_credited,g02_t03_001,0,283736277003
g02_shifted_008,g02,one_step_adp,540.0,6,offline_observation_credited,g02_t08_038,2048,283736279051
g02_shifted_008,g02,one_step_adp,630.0,7,offline_observation_credited,g02_t06_000,5509120,283741788171
g02_shifted_008,g02,one_step_adp,720.0,8,offline_observation_credited,g02_t07_000,26112,283741814283
g02_shifted_008,g02,one_step_adp,810.0,9,offline_observation_credited,g02_t13_000,32,283741814315
g02_shifted_008,g02,one_step_adp,900.0,10,offline_observation_credited,g02_t14_000,1660944384,285402758699
g02_shifted_008,g02,one_step_adp,990.0,11,offline_observation_credited,g02_t01_053,201326592,285604085291
g02_shifted_008,g02,incumbent,90.0,1,offline_observation_credited,g02_t04_000,3,3
g02_shifted_008,g02,incumbent,180.0,2,offline_observation_credited,g02_t03_004,8,11
g02_shifted_008,g02,incumbent,270.0,3,offline_observation_credited,g02_t05_034,283467841536,283467841547
g02_shifted_008,g02,incumbent,360.0,4,offline_observation_credited,g02_t00_056,268435456,283736277003
g02_shifted_008,g02,incumbent,450.0,5,offline_observation_credited,g02_t07_000,26112,283736303115
g02_shifted_008,g02,incumbent,540.0,6,offline_observation_credited,g02_t06_000,5509120,283741812235
g02_shifted_008,g02,incumbent,630.0,7,offline_observation_credited,g02_t08_038,2048,283741814283
g02_shifted_008,g02,incumbent,720.0,8,offline_observation_credited,g02_t11_000,98304,283741912587
g02_shifted_008,g02,incumbent,810.0,9,offline_observation_credited,g02_t08_000,0,283741912587
g02_shifted_008,g02,incumbent,900.0,10,offline_observation_credited,g02_t06_001,0,283741912587
g02_shifted_008,g02,incumbent,990.0,11,offline_observation_credited,g02_t08_058,0,283741912587
g02_shifted_008,g02,incumbent,1080.0,12,offline_observation_credited,g02_t13_000,32,283741912619
g02_shifted_008,g02,incumbent,1170.0,13,offline_observation_credited,g02_t14_000,1660944384,285402857003
g02_shifted_008,g02,incumbent,1260.0,14,offline_observation_credited,g02_t01_053,201326592,285604183595
g02_shifted_008,g02,independent_milp,90.0,1,offline_observation_credited,g02_t04_000,3,3
g02_shifted_008,g02,independent_milp,180.0,2,offline_observation_credited,g02_t03_004,8,11
g02_shifted_008,g02,independent_milp,270.0,3,offline_observation_credited,g02_t03_001,0,11
g02_shifted_008,g02,independent_milp,360.0,4,offline_observation_credited,g02_t08_038,2048,2059
g02_shifted_008,g02,independent_milp,450.0,5,offline_observation_credited,g02_t06_000,5509120,5511179
g02_shifted_008,g02,independent_milp,540.0,6,offline_observation_credited,g02_t07_000,26112,5537291
g02_shifted_008,g02,independent_milp,630.0,7,offline_observation_credited,g02_t00_021,1375731712,1381269003
g02_shifted_008,g02,independent_milp,720.0,8,offline_observation_credited,g02_t05_058,300647710720,302028979723
g02_shifted_008,g02,independent_milp,810.0,9,offline_observation_credited,g02_t14_000,553648128,302582627851
g02_shifted_008,g02,independent_milp,900.0,10,offline_observation_credited,g02_t01_053,201326592,302783954443
g02_shifted_009,g02,adaptive_rollout_adp,90.0,1,offline_observation_credited,g02_t03_038,8,8
g02_shifted_009,g02,adaptive_rollout_adp,180.0,2,offline_observation_credited,g02_t04_011,3,11
g02_shifted_009,g02,adaptive_rollout_adp,270.0,3,offline_observation_credited,g02_t13_000,32,43
g02_shifted_009,g02,adaptive_rollout_adp,360.0,4,offline_observation_credited,g02_t07_018,26112,26155
g02_shifted_009,g02,adaptive_rollout_adp,450.0,5,offline_observation_credited,g02_t06_024,4526080,4552235
g02_shifted_009,g02,adaptive_rollout_adp,540.0,6,offline_observation_credited,g02_t08_058,34816,4587051
g02_shifted_009,g02,adaptive_rollout_adp,630.0,7,offline_observation_credited,g02_t01_000,201326592,205913643
g02_shifted_009,g02,adaptive_rollout_adp,720.0,8,offline_observation_credited,g02_t14_000,1660944384,1866858027
g02_shifted_009,g02,adaptive_rollout_adp,810.0,9,offline_observation_credited,g02_t05_058,300647710720,302514568747
g02_shifted_009,g02,adaptive_rollout_adp,900.0,10,offline_observation_credited,g02_t00_001,268435456,302783004203
g02_shifted_009,g02,one_step_adp,90.0,1,offline_observation_credited,g02_t04_011,3,3
g02_shifted_009,g02,one_step_adp,180.0,2,offline_observation_credited,g02_t03_038,8,11
g02_shifted_009,g02,one_step_adp,270.0,3,offline_observation_credited,g02_t05_034,283467841536,283467841547
g02_shifted_009,g02,one_step_adp,360.0,4,offline_observation_credited,g02_t00_056,268435456,283736277003
g02_shifted_009,g02,one_step_adp,450.0,5,offline_observation_credited,g02_t07_018,26112,283736303115
g02_shifted_009,g02,one_step_adp,540.0,6,offline_observation_credited,g02_t06_024,4526112,283740829227
g02_shifted_009,g02,one_step_adp,630.0,7,offline_observation_credited,g02_t08_058,34816,283740864043
g02_shifted_009,g02,one_step_adp,720.0,8,offline_observation_credited,g02_t01_000,201326592,283942190635
g02_shifted_009,g02,one_step_adp,810.0,9,offline_observation_credited,g02_t14_000,1660944384,285603135019
g02_shifted_009,g02,incumbent,90.0,1,offline_observation_credited,g02_t04_011,3,3
g02_shifted_009,g02,incumbent,180.0,2,offline_observation_credited,g02_t03_038,8,11
g02_shifted_009,g02,incumbent,270.0,3,offline_observation_credited,g02_t05_034,283467841536,283467841547
g02_shifted_009,g02,incumbent,360.0,4,offline_observation_credited,g02_t00_056,268435456,283736277003
g02_shifted_009,g02,incumbent,450.0,5,offline_observation_credited,g02_t07_018,26112,283736303115
g02_shifted_009,g02,incumbent,540.0,6,offline_observation_credited,g02_t06_024,4526112,283740829227
g02_shifted_009,g02,incumbent,630.0,7,offline_observation_credited,g02_t08_058,34816,283740864043
g02_shifted_009,g02,incumbent,720.0,8,offline_observation_credited,g02_t01_000,201326592,283942190635
g02_shifted_009,g02,incumbent,810.0,9,offline_observation_credited,g02_t14_000,1660944384,285603135019
g02_shifted_009,g02,independent_milp,90.0,1,offline_observation_credited,g02_t04_035,1,1
g02_shifted_009,g02,independent_milp,180.0,2,offline_observation_credited,g02_t03_001,8,9
g02_shifted_009,g02,independent_milp,270.0,3,offline_observation_credited,g02_t08_058,100352,100361
g02_shifted_009,g02,independent_milp,360.0,4,offline_observation_credited,g02_t06_024,4460576,4560937
g02_shifted_009,g02,independent_milp,450.0,5,offline_observation_credited,g02_t07_018,26112,4587049
g02_shifted_009,g02,independent_milp,540.0,6,offline_observation_credited,g02_t00_021,1375731712,1380318761
g02_shifted_009,g02,independent_milp,630.0,7,offline_observation_credited,g02_t05_007,412316860416,413697179177
g02_shifted_009,g02,independent_milp,720.0,8,offline_observation_credited,g02_t02_043,553648128,414250827305
g02_shifted_009,g02,independent_milp,810.0,9,offline_observation_credited,g02_t01_000,201326592,414452153897
g03_reference_000,g03,one_step_adp,90.0,1,offline_observation_credited,g03_t04_030,3,3
g03_reference_000,g03,one_step_adp,180.0,2,offline_observation_credited,g03_t03_000,8,11
g03_reference_000,g03,one_step_adp,270.0,3,offline_observation_credited,g03_t08_025,100352,100363
g03_reference_000,g03,one_step_adp,360.0,4,offline_observation_credited,g03_t06_000,266240,366603
g03_reference_000,g03,one_step_adp,450.0,5,offline_observation_credited,g03_t10_000,26112,392715
g03_reference_000,g03,one_step_adp,540.0,6,offline_observation_credited,g03_t13_000,2097200,2489915
g03_reference_000,g03,one_step_adp,630.0,7,offline_observation_credited,g03_t02_000,553648128,556138043
g03_reference_000,g03,one_step_adp,720.0,8,offline_observation_credited,g03_t05_003,420906795008,421462933051
g03_reference_000,g03,one_step_adp,810.0,9,offline_observation_credited,g03_t00_000,1342177280,422805110331
g03_reference_000,g03,one_step_adp,900.0,10,offline_observation_credited,g03_t01_000,201326592,423006436923
g03_reference_000,g03,adaptive_rollout_adp,90.0,1,offline_observation_credited,g03_t04_000,1,1
g03_reference_000,g03,adaptive_rollout_adp,180.0,2,offline_observation_credited,g03_t05_029,412316860416,412316860417
g03_reference_000,g03,adaptive_rollout_adp,270.0,3,offline_observation_credited,g03_t02_000,553648128,412870508545
g03_reference_000,g03,adaptive_rollout_adp,360.0,4,offline_observation_credited,g03_t00_000,1342177280,414212685825
g03_reference_000,g03,adaptive_rollout_adp,450.0,5,offline_observation_credited,g03_t01_000,201326592,414414012417
g03_reference_000,g03,adaptive_rollout_adp,540.0,6,offline_observation_credited,g03_t09_000,6442450944,420856463361
g03_reference_000,g03,adaptive_rollout_adp,630.0,7,offline_observation_credited,g03_t03_056,8,420856463369
g03_reference_000,g03,adaptive_rollout_adp,720.0,8,offline_observation_credited,g03_t08_025,100352,420856563721
g03_reference_000,g03,adaptive_rollout_adp,810.0,9,offline_observation_credited,g03_t06_000,266240,420856829961
g03_reference_000,g03,adaptive_rollout_adp,900.0,10,offline_observation_credited,g03_t10_000,26112,420856856073
g03_reference_000,g03,independent_milp,90.0,1,offline_observation_credited,g03_t04_030,3,3
g03_reference_000,g03,independent_milp,180.0,2,offline_observation_credited,g03_t03_000,8,11
g03_reference_000,g03,independent_milp,270.0,3,offline_observation_credited,g03_t06_000,266240,266251
g03_reference_000,g03,independent_milp,360.0,4,offline_observation_credited,g03_t10_000,26112,292363
g03_reference_000,g03,independent_milp,450.0,5,offline_observation_credited,g03_t08_025,100352,392715
g03_reference_000,g03,independent_milp,540.0,6,offline_observation_credited,g03_t01_000,201326592,201719307
g03_reference_000,g03,independent_milp,630.0,7,offline_observation_credited,g03_t00_000,1342177280,1543896587
g03_reference_000,g03,independent_milp,720.0,8,offline_observation_credited,g03_t05_003,420906795008,422450691595
g03_reference_000,g03,independent_milp,810.0,9,offline_observation_credited,g03_t02_000,553648128,423004339723
g03_nominal_000,g03,one_step_adp,90.0,1,offline_observation_credited,g03_t04_054,3,3
g03_nominal_000,g03,one_step_adp,180.0,2,offline_observation_credited,g03_t03_056,8,11
g03_nominal_000,g03,one_step_adp,270.0,3,offline_observation_credited,g03_t08_025,100352,100363
g03_nominal_000,g03,one_step_adp,360.0,4,offline_observation_credited,g03_t06_000,266240,366603
g03_nominal_000,g03,one_step_adp,450.0,5,offline_observation_credited,g03_t10_000,26112,392715
g03_nominal_000,g03,one_step_adp,540.0,6,offline_observation_credited,g03_t13_000,2097200,2489915
g03_nominal_000,g03,one_step_adp,630.0,7,offline_observation_credited,g03_t02_000,553648128,556138043
g03_nominal_000,g03,one_step_adp,720.0,8,offline_observation_credited,g03_t05_003,420906795008,421462933051
g03_nominal_000,g03,one_step_adp,810.0,9,offline_observation_credited,g03_t00_000,1342177280,422805110331
g03_nominal_000,g03,one_step_adp,900.0,10,offline_observation_credited,g03_t01_000,201326592,423006436923
g03_nominal_000,g03,adaptive_rollout_adp,90.0,1,offline_observation_credited,g03_t04_000,1,1
g03_nominal_000,g03,adaptive_rollout_adp,180.0,2,offline_observation_credited,g03_t05_029,412316860416,412316860417
g03_nominal_000,g03,adaptive_rollout_adp,270.0,3,offline_observation_credited,g03_t02_000,553648128,412870508545
g03_nominal_000,g03,adaptive_rollout_adp,360.0,4,offline_observation_credited,g03_t00_000,1342177280,414212685825
g03_nominal_000,g03,adaptive_rollout_adp,450.0,5,offline_observation_credited,g03_t01_000,201326592,414414012417
g03_nominal_000,g03,adaptive_rollout_adp,540.0,6,offline_observation_credited,g03_t09_000,6442450944,420856463361
g03_nominal_000,g03,adaptive_rollout_adp,630.0,7,offline_observation_credited,g03_t03_056,8,420856463369
g03_nominal_000,g03,adaptive_rollout_adp,720.0,8,offline_observation_credited,g03_t08_025,100352,420856563721
g03_nominal_000,g03,adaptive_rollout_adp,810.0,9,offline_observation_credited,g03_t06_000,266240,420856829961
g03_nominal_000,g03,adaptive_rollout_adp,900.0,10,offline_observation_credited,g03_t10_000,26112,420856856073
g03_nominal_000,g03,independent_milp,90.0,1,offline_observation_credited,g03_t04_000,1,1
g03_nominal_000,g03,independent_milp,180.0,2,offline_observation_credited,g03_t05_029,412316860416,412316860417
g03_nominal_000,g03,independent_milp,270.0,3,offline_observation_credited,g03_t02_000,553648128,412870508545
g03_nominal_000,g03,independent_milp,360.0,4,offline_observation_credited,g03_t00_000,1342177280,414212685825
g03_nominal_000,g03,independent_milp,450.0,5,offline_observation_credited,g03_t01_000,201326592,414414012417
g03_nominal_000,g03,independent_milp,540.0,6,offline_observation_credited,g03_t09_000,6442450944,420856463361
g03_nominal_000,g03,independent_milp,630.0,7,offline_observation_credited,g03_t03_056,8,420856463369
g03_nominal_000,g03,independent_milp,720.0,8,offline_observation_credited,g03_t08_025,100352,420856563721
g03_nominal_000,g03,independent_milp,810.0,9,offline_observation_credited,g03_t06_000,266240,420856829961
g03_nominal_000,g03,independent_milp,900.0,10,offline_observation_credited,g03_t10_000,26112,420856856073
g03_nominal_001,g03,adaptive_rollout_adp,90.0,1,offline_observation_credited,g03_t04_000,1,1
g03_nominal_001,g03,adaptive_rollout_adp,180.0,2,offline_observation_credited,g03_t02_000,553648128,553648129
g03_nominal_001,g03,adaptive_rollout_adp,270.0,3,offline_observation_credited,g03_t05_003,420906795008,421460443137
g03_nominal_001,g03,adaptive_rollout_adp,360.0,4,offline_observation_credited,g03_t00_000,1342177280,422802620417
g03_nominal_001,g03,adaptive_rollout_adp,450.0,5,offline_observation_credited,g03_t01_000,201326592,423003947009
g03_nominal_001,g03,adaptive_rollout_adp,540.0,6,offline_observation_credited,g03_t09_000,6442450944,429446397953
g03_nominal_001,g03,adaptive_rollout_adp,630.0,7,offline_observation_credited,g03_t03_056,8,429446397961
g03_nominal_001,g03,adaptive_rollout_adp,720.0,8,offline_observation_credited,g03_t08_025,100352,429446498313
g03_nominal_001,g03,adaptive_rollout_adp,810.0,9,offline_observation_credited,g03_t06_000,266240,429446764553
g03_nominal_001,g03,adaptive_rollout_adp,900.0,10,offline_observation_credited,g03_t10_000,26112,429446790665
g03_nominal_001,g03,one_step_adp,90.0,1,offline_observation_credited,g03_t02_000,553648128,553648128
g03_nominal_001,g03,one_step_adp,180.0,2,offline_observation_credited,g03_t05_003,420906795008,421460443136
g03_nominal_001,g03,one_step_adp,270.0,3,offline_observation_credited,g03_t00_000,1342177280,422802620416
g03_nominal_001,g03,one_step_adp,360.0,4,offline_observation_credited,g03_t01_000,201326592,423003947008
g03_nominal_001,g03,one_step_adp,450.0,5,offline_observation_credited,g03_t08_025,100352,423004047360
g03_nominal_001,g03,one_step_adp,540.0,6,offline_observation_credited,g03_t06_000,266240,423004313600
g03_nominal_001,g03,one_step_adp,630.0,7,offline_observation_credited,g03_t10_000,26112,423004339712
g03_nominal_001,g03,one_step_adp,720.0,8,offline_observation_credited,g03_t03_056,8,423004339720
g03_nominal_001,g03,one_step_adp,810.0,9,offline_observation_credited,g03_t04_030,3,423004339723
g03_nominal_001,g03,independent_milp,90.0,1,offline_observation_credited,g03_t04_000,1,1
g03_nominal_001,g03,independent_milp,180.0,2,offline_observation_credited,g03_t02_000,553648128,553648129
g03_nominal_001,g03,independent_milp,270.0,3,offline_observation_credited,g03_t05_003,420906795008,421460443137
g03_nominal_001,g03,independent_milp,360.0,4,offline_observation_credited,g03_t00_000,1342177280,422802620417
g03_nominal_001,g03,independent_milp,450.0,5,offline_observation_credited,g03_t01_000,201326592,423003947009
g03_nominal_001,g03,independent_milp,540.0,6,offline_observation_credited,g03_t09_000,6442450944,429446397953
g03_nominal_001,g03,independent_milp,630.0,7,offline_observation_credited,g03_t03_056,8,429446397961
g03_nominal_001,g03,independent_milp,720.0,8,offline_observation_credited,g03_t08_025,100352,429446498313
g03_nominal_001,g03,independent_milp,810.0,9,offline_observation_credited,g03_t06_000,266240,429446764553
g03_nominal_001,g03,independent_milp,900.0,10,offline_observation_credited,g03_t10_000,26112,429446790665
g03_nominal_002,g03,adaptive_rollout_adp,90.0,1,offline_observation_credited,g03_t04_030,3,3
g03_nominal_002,g03,adaptive_rollout_adp,180.0,2,offline_observation_credited,g03_t03_000,8,11
g03_nominal_002,g03,adaptive_rollout_adp,270.0,3,offline_observation_credited,g03_t08_025,100352,100363
g03_nominal_002,g03,adaptive_rollout_adp,360.0,4,offline_observation_credited,g03_t06_000,266240,366603
g03_nominal_002,g03,adaptive_rollout_adp,450.0,5,offline_observation_credited,g03_t07_045,26112,392715
g03_nominal_002,g03,adaptive_rollout_adp,540.0,6,offline_observation_credited,g03_t02_037,553648128,554040843
g03_nominal_002,g03,adaptive_rollout_adp,630.0,7,offline_observation_credited,g03_t05_003,420906795008,421460835851
g03_nominal_002,g03,adaptive_rollout_adp,720.0,8,offline_observation_credited,g03_t00_000,1342177280,422803013131
g03_nominal_002,g03,adaptive_rollout_adp,810.0,9,offline_observation_credited,g03_t01_000,201326592,423004339723
g03_nominal_002,g03,incumbent,90.0,1,offline_observation_credited,g03_t04_000,1,1
g03_nominal_002,g03,incumbent,180.0,2,offline_observation_credited,g03_t05_047,274877906944,274877906945
g03_nominal_002,g03,incumbent,270.0,3,offline_observation_credited,g03_t00_006,268435456,275146342401
g03_nominal_002,g03,incumbent,360.0,4,offline_observation_credited,g03_t03_035,8,275146342409
g03_nominal_002,g03,incumbent,450.0,5,offline_observation_credited,g03_t03_056,0,275146342409
g03_nominal_002,g03,incumbent,540.0,6,offline_observation_credited,g03_t06_000,266240,275146608649
g03_nominal_002,g03,incumbent,630.0,7,offline_observation_credited,g03_t08_025,100352,275146709001
g03_nominal_002,g03,incumbent,720.0,8,offline_observation_credited,g03_t07_010,26112,275146735113
g03_nominal_002,g03,incumbent,810.0,9,offline_observation_credited,g03_t07_000,0,275146735113
g03_nominal_002,g03,incumbent,900.0,10,offline_observation_credited,g03_t02_037,553648128,275700383241
g03_nominal_002,g03,incumbent,990.0,11,offline_observation_credited,g03_t05_029,137438953472,413139336713
g03_nominal_002,g03,incumbent,1080.0,12,offline_observation_credited,g03_t01_000,201326592,413340663305
g03_nominal_002,g03,one_step_adp,90.0,1,offline_observation_credited,g03_t04_030,3,3
g03_nominal_002,g03,one_step_adp,180.0,2,offline_observation_credited,g03_t03_000,8,11
g03_nominal_002,g03,one_step_adp,270.0,3,offline_observation_credited,g03_t08_025,100352,100363
g03_nominal_002,g03,one_step_adp,360.0,4,offline_observation_credited,g03_t06_000,266240,366603
g03_nominal_002,g03,one_step_adp,450.0,5,offline_observation_credited,g03_t07_045,26112,392715
g03_nominal_002,g03,one_step_adp,540.0,6,offline_observation_credited,g03_t00_000,1342177280,1342569995
g03_nominal_002,g03,one_step_adp,630.0,7,offline_observation_credited,g03_t05_003,420906795008,422249365003
g03_nominal_002,g03,one_step_adp,720.0,8,offline_observation_credited,g03_t02_002,587202560,422836567563
g03_nominal_002,g03,one_step_adp,810.0,9,offline_observation_credited,g03_t01_031,201326592,423037894155
g03_nominal_002,g03,independent_milp,90.0,1,offline_observation_credited,g03_t04_030,3,3
g03_nominal_002,g03,independent_milp,180.0,2,offline_observation_credited,g03_t03_000,8,11
g03_nominal_002,g03,independent_milp,270.0,3,offline_observation_credited,g03_t08_025,100352,100363
g03_nominal_002,g03,independent_milp,360.0,4,offline_observation_credited,g03_t06_000,266240,366603
g03_nominal_002,g03,independent_milp,450.0,5,offline_observation_credited,g03_t07_045,26112,392715
g03_nominal_002,g03,independent_milp,540.0,6,offline_observation_credited,g03_t02_037,553648128,554040843
g03_nominal_002,g03,independent_milp,630.0,7,offline_observation_credited,g03_t05_003,420906795008,421460835851
g03_nominal_002,g03,independent_milp,720.0,8,offline_observation_credited,g03_t00_000,1342177280,422803013131
g03_nominal_002,g03,independent_milp,810.0,9,offline_observation_credited,g03_t01_000,201326592,423004339723
g03_nominal_003,g03,one_step_adp,90.0,1,offline_observation_credited,g03_t04_030,3,3
g03_nominal_003,g03,one_step_adp,180.0,2,offline_observation_credited,g03_t03_000,8,11
g03_nominal_003,g03,one_step_adp,270.0,3,offline_observation_credited,g03_t08_025,100352,100363
g03_nominal_003,g03,one_step_adp,360.0,4,offline_observation_credited,g03_t10_000,26112,126475
g03_nominal_003,g03,one_step_adp,450.0,5,offline_observation_credited,g03_t06_000,266240,392715
g03_nominal_003,g03,one_step_adp,540.0,6,offline_observation_credited,g03_t01_000,201326592,201719307
g03_nominal_003,g03,one_step_adp,630.0,7,offline_observation_credited,g03_t00_000,1342177280,1543896587
g03_nominal_003,g03,one_step_adp,720.0,8,offline_observation_credited,g03_t05_003,420906795008,422450691595
g03_nominal_003,g03,one_step_adp,810.0,9,offline_observation_credited,g03_t02_000,553648128,423004339723
g03_nominal_003,g03,incumbent,90.0,1,offline_observation_credited,g03_t04_000,1,1
g03_nominal_003,g03,incumbent,180.0,2,offline_observation_credited,g03_t05_047,274877906944,274877906945
g03_nominal_003,g03,incumbent,270.0,3,offline_observation_credited,g03_t00_006,268435456,275146342401
g03_nominal_003,g03,incumbent,360.0,4,offline_observation_credited,g03_t03_035,8,275146342409
g03_nominal_003,g03,incumbent,450.0,5,offline_observation_credited,g03_t03_056,0,275146342409
g03_nominal_003,g03,incumbent,540.0,6,offline_observation_credited,g03_t06_000,266240,275146608649
g03_nominal_003,g03,incumbent,630.0,7,offline_observation_credited,g03_t08_025,100352,275146709001
g03_nominal_003,g03,incumbent,720.0,8,offline_observation_credited,g03_t10_000,26112,275146735113
g03_nominal_003,g03,incumbent,810.0,9,offline_observation_credited,g03_t07_010,0,275146735113
g03_nominal_003,g03,incumbent,900.0,10,offline_observation_credited,g03_t07_000,0,275146735113
g03_nominal_003,g03,incumbent,990.0,11,offline_observation_credited,g03_t02_037,553648128,275700383241
g03_nominal_003,g03,incumbent,1080.0,12,offline_observation_credited,g03_t02_000,0,275700383241
g03_nominal_003,g03,incumbent,1170.0,13,offline_observation_credited,g03_t01_031,201326592,275901709833
g03_nominal_003,g03,adaptive_rollout_adp,90.0,1,offline_observation_credited,g03_t04_000,1,1
g03_nominal_003,g03,adaptive_rollout_adp,180.0,2,offline_observation_credited,g03_t05_029,412316860416,412316860417
g03_nominal_003,g03,adaptive_rollout_adp,270.0,3,offline_observation_credited,g03_t02_000,553648128,412870508545
g03_nominal_003,g03,adaptive_rollout_adp,360.0,4,offline_observation_credited,g03_t00_000,1342177280,414212685825
g03_nominal_003,g03,adaptive_rollout_adp,450.0,5,offline_observation_credited,g03_t01_000,201326592,414414012417
g03_nominal_003,g03,adaptive_rollout_adp,540.0,6,offline_observation_credited,g03_t09_000,6442450944,420856463361
g03_nominal_003,g03,adaptive_rollout_adp,630.0,7,offline_observation_credited,g03_t03_056,8,420856463369
g03_nominal_003,g03,adaptive_rollout_adp,720.0,8,offline_observation_credited,g03_t08_025,100352,420856563721
g03_nominal_003,g03,adaptive_rollout_adp,810.0,9,offline_observation_credited,g03_t06_000,266240,420856829961
g03_nominal_003,g03,adaptive_rollout_adp,900.0,10,offline_observation_credited,g03_t10_000,26112,420856856073
g03_nominal_003,g03,independent_milp,90.0,1,offline_observation_credited,g03_t04_030,3,3
g03_nominal_003,g03,independent_milp,180.0,2,offline_observation_credited,g03_t03_000,8,11
g03_nominal_003,g03,independent_milp,270.0,3,offline_observation_credited,g03_t08_025,100352,100363
g03_nominal_003,g03,independent_milp,360.0,4,offline_observation_credited,g03_t06_000,266240,366603
g03_nominal_003,g03,independent_milp,450.0,5,offline_observation_credited,g03_t07_045,26112,392715
g03_nominal_003,g03,independent_milp,540.0,6,offline_observation_credited,g03_t02_000,553648128,554040843
g03_nominal_003,g03,independent_milp,630.0,7,offline_observation_credited,g03_t05_003,420906795008,421460835851
g03_nominal_003,g03,independent_milp,720.0,8,offline_observation_credited,g03_t00_000,1342177280,422803013131
g03_nominal_003,g03,independent_milp,810.0,9,offline_observation_credited,g03_t01_000,201326592,423004339723
g03_nominal_004,g03,one_step_adp,90.0,1,offline_observation_credited,g03_t04_030,3,3
g03_nominal_004,g03,one_step_adp,180.0,2,offline_observation_credited,g03_t03_000,8,11
g03_nominal_004,g03,one_step_adp,270.0,3,offline_observation_credited,g03_t09_000,7516192768,7516192779
g03_nominal_004,g03,one_step_adp,360.0,4,offline_observation_credited,g03_t01_000,201326592,7717519371
g03_nominal_004,g03,one_step_adp,450.0,5,offline_observation_credited,g03_t00_000,268435456,7985954827
g03_nominal_004,g03,one_step_adp,540.0,6,offline_observation_credited,g03_t05_003,420906795008,428892749835
g03_nominal_004,g03,one_step_adp,630.0,7,offline_observation_credited,g03_t02_000,553648128,429446397963
g03_nominal_004,g03,one_step_adp,720.0,8,offline_observation_credited,g03_t07_045,26112,429446424075
g03_nominal_004,g03,one_step_adp,810.0,9,offline_observation_credited,g03_t06_014,3477792,429449901867
g03_nominal_004,g03,one_step_adp,900.0,10,offline_observation_credited,g03_t08_000,2048,429449903915
g03_nominal_004,g03,adaptive_rollout_adp,90.0,1,offline_observation_credited,g03_t04_030,3,3
g03_nominal_004,g03,adaptive_rollout_adp,180.0,2,offline_observation_credited,g03_t03_000,8,11
g03_nominal_004,g03,adaptive_rollout_adp,270.0,3,offline_observation_credited,g03_t06_000,266240,266251
g03_nominal_004,g03,adaptive_rollout_adp,360.0,4,offline_observation_credited,g03_t08_000,2048,268299
g03_nominal_004,g03,adaptive_rollout_adp,450.0,5,offline_observation_credited,g03_t10_000,26112,294411
g03_nominal_004,g03,adaptive_rollout_adp,540.0,6,offline_observation_credited,g03_t13_000,2097200,2391611
g03_nominal_004,g03,adaptive_rollout_adp,630.0,7,offline_observation_credited,g03_t02_000,553648128,556039739
g03_nominal_004,g03,adaptive_rollout_adp,720.0,8,offline_observation_credited,g03_t05_003,420906795008,421462834747
g03_nominal_004,g03,adaptive_rollout_adp,810.0,9,offline_observation_credited,g03_t00_000,1342177280,422805012027
g03_nominal_004,g03,adaptive_rollout_adp,900.0,10,offline_observation_credited,g03_t01_000,201326592,423006338619
g03_nominal_004,g03,independent_milp,90.0,1,offline_observation_credited,g03_t04_000,1,1
g03_nominal_004,g03,independent_milp,180.0,2,offline_observation_credited,g03_t05_029,412316860416,412316860417
g03_nominal_004,g03,independent_milp,270.0,3,offline_observation_credited,g03_t02_000,553648128,412870508545
g03_nominal_004,g03,independent_milp,360.0,4,offline_observation_credited,g03_t00_000,1342177280,414212685825
g03_nominal_004,g03,independent_milp,450.0,5,offline_observation_credited,g03_t01_000,201326592,414414012417
g03_nominal_004,g03,independent_milp,540.0,6,offline_observation_credited,g03_t09_000,6442450944,420856463361
g03_nominal_004,g03,independent_milp,630.0,7,offline_observation_credited,g03_t03_056,8,420856463369
g03_nominal_004,g03,independent_milp,720.0,8,offline_observation_credited,g03_t06_000,266240,420856729609
g03_nominal_004,g03,independent_milp,810.0,9,offline_observation_credited,g03_t10_000,26112,420856755721
g03_nominal_004,g03,independent_milp,900.0,10,offline_observation_credited,g03_t08_000,2048,420856757769
g03_nominal_005,g03,adaptive_rollout_adp,90.0,1,offline_observation_credited,g03_t04_000,1,1
g03_nominal_005,g03,adaptive_rollout_adp,180.0,2,offline_observation_credited,g03_t05_029,412316860416,412316860417
g03_nominal_005,g03,adaptive_rollout_adp,270.0,3,offline_observation_credited,g03_t02_000,553648128,412870508545
g03_nominal_005,g03,adaptive_rollout_adp,360.0,4,offline_observation_credited,g03_t00_000,1342177280,414212685825
g03_nominal_005,g03,adaptive_rollout_adp,450.0,5,offline_observation_credited,g03_t01_000,201326592,414414012417
g03_nominal_005,g03,adaptive_rollout_adp,540.0,6,offline_observation_credited,g03_t09_000,6442450944,420856463361
g03_nominal_005,g03,adaptive_rollout_adp,630.0,7,offline_observation_credited,g03_t03_056,8,420856463369
g03_nominal_005,g03,adaptive_rollout_adp,720.0,8,offline_observation_credited,g03_t08_025,100352,420856563721
g03_nominal_005,g03,adaptive_rollout_adp,810.0,9,offline_observation_credited,g03_t06_000,266240,420856829961
g03_nominal_005,g03,adaptive_rollout_adp,900.0,10,offline_observation_credited,g03_t10_000,26112,420856856073
g03_nominal_005,g03,one_step_adp,90.0,1,offline_observation_credited,g03_t04_030,3,3
g03_nominal_005,g03,one_step_adp,180.0,2,offline_observation_credited,g03_t03_000,8,11
g03_nominal_005,g03,one_step_adp,270.0,3,offline_observation_credited,g03_t08_025,100352,100363
g03_nominal_005,g03,one_step_adp,360.0,4,offline_observation_credited,g03_t06_000,266240,366603
g03_nominal_005,g03,one_step_adp,450.0,5,offline_observation_credited,g03_t10_000,26112,392715
g03_nominal_005,g03,one_step_adp,540.0,6,offline_observation_credited,g03_t13_000,2097200,2489915
g03_nominal_005,g03,one_step_adp,630.0,7,offline_observation_credited,g03_t02_000,553648128,556138043
g03_nominal_005,g03,one_step_adp,720.0,8,offline_observation_credited,g03_t05_003,420906795008,421462933051
g03_nominal_005,g03,one_step_adp,810.0,9,offline_observation_credited,g03_t00_000,1342177280,422805110331
g03_nominal_005,g03,one_step_adp,900.0,10,offline_observation_credited,g03_t01_000,201326592,423006436923
g03_nominal_005,g03,independent_milp,90.0,1,offline_observation_credited,g03_t04_030,3,3
g03_nominal_005,g03,independent_milp,180.0,2,offline_observation_credited,g03_t03_000,8,11
g03_nominal_005,g03,independent_milp,270.0,3,offline_observation_credited,g03_t08_025,100352,100363
g03_nominal_005,g03,independent_milp,360.0,4,offline_observation_credited,g03_t06_000,266240,366603
g03_nominal_005,g03,independent_milp,450.0,5,offline_observation_credited,g03_t07_045,26112,392715
g03_nominal_005,g03,independent_milp,540.0,6,offline_observation_credited,g03_t02_000,553648128,554040843
g03_nominal_005,g03,independent_milp,630.0,7,offline_observation_credited,g03_t05_003,420906795008,421460835851
g03_nominal_005,g03,independent_milp,720.0,8,offline_observation_credited,g03_t00_000,1342177280,422803013131
g03_nominal_005,g03,independent_milp,810.0,9,offline_observation_credited,g03_t01_000,201326592,423004339723
g03_nominal_006,g03,one_step_adp,90.0,1,offline_observation_credited,g03_t04_030,3,3
g03_nominal_006,g03,one_step_adp,180.0,2,offline_observation_credited,g03_t03_000,8,11
g03_nominal_006,g03,one_step_adp,270.0,3,offline_observation_credited,g03_t08_025,100352,100363
g03_nominal_006,g03,one_step_adp,360.0,4,offline_observation_credited,g03_t06_000,266240,366603
g03_nominal_006,g03,one_step_adp,450.0,5,offline_observation_credited,g03_t10_000,26112,392715
g03_nominal_006,g03,one_step_adp,540.0,6,offline_observation_credited,g03_t05_029,412316860416,412317253131
g03_nominal_006,g03,one_step_adp,630.0,7,offline_observation_credited,g03_t02_000,553648128,412870901259
g03_nominal_006,g03,one_step_adp,720.0,8,offline_observation_credited,g03_t00_000,1342177280,414213078539
g03_nominal_006,g03,one_step_adp,810.0,9,offline_observation_credited,g03_t01_000,201326592,414414405131
g03_nominal_006,g03,adaptive_rollout_adp,90.0,1,offline_observation_credited,g03_t04_000,1,1
g03_nominal_006,g03,adaptive_rollout_adp,180.0,2,offline_observation_credited,g03_t05_029,412316860416,412316860417
g03_nominal_006,g03,adaptive_rollout_adp,270.0,3,offline_observation_credited,g03_t02_000,553648128,412870508545
g03_nominal_006,g03,adaptive_rollout_adp,360.0,4,offline_observation_credited,g03_t00_000,1342177280,414212685825
g03_nominal_006,g03,adaptive_rollout_adp,450.0,5,offline_observation_credited,g03_t01_000,201326592,414414012417
g03_nominal_006,g03,adaptive_rollout_adp,540.0,6,offline_observation_credited,g03_t08_025,100352,414414112769
g03_nominal_006,g03,adaptive_rollout_adp,630.0,7,offline_observation_credited,g03_t10_000,26112,414414138881
g03_nominal_006,g03,adaptive_rollout_adp,720.0,8,offline_observation_credited,g03_t06_000,266240,414414405121
g03_nominal_006,g03,adaptive_rollout_adp,810.0,9,offline_observation_credited,g03_t03_000,8,414414405129
g03_nominal_006,g03,independent_milp,90.0,1,offline_observation_credited,g03_t04_000,1,1
g03_nominal_006,g03,independent_milp,180.0,2,offline_observation_credited,g03_t05_029,412316860416,412316860417
g03_nominal_006,g03,independent_milp,270.0,3,offline_observation_credited,g03_t02_000,553648128,412870508545
g03_nominal_006,g03,independent_milp,360.0,4,offline_observation_credited,g03_t00_000,1342177280,414212685825
g03_nominal_006,g03,independent_milp,450.0,5,offline_observation_credited,g03_t01_000,201326592,414414012417
g03_nominal_006,g03,independent_milp,540.0,6,offline_observation_credited,g03_t08_025,100352,414414112769
g03_nominal_006,g03,independent_milp,630.0,7,offline_observation_credited,g03_t10_000,26112,414414138881
g03_nominal_006,g03,independent_milp,720.0,8,offline_observation_credited,g03_t06_000,266240,414414405121
g03_nominal_006,g03,independent_milp,810.0,9,offline_observation_credited,g03_t03_000,8,414414405129
g03_nominal_007,g03,one_step_adp,90.0,1,offline_observation_credited,g03_t04_030,3,3
g03_nominal_007,g03,one_step_adp,180.0,2,offline_observation_credited,g03_t03_000,8,11
g03_nominal_007,g03,one_step_adp,270.0,3,offline_observation_credited,g03_t08_025,100352,100363
g03_nominal_007,g03,one_step_adp,360.0,4,offline_observation_credited,g03_t06_000,266240,366603
g03_nominal_007,g03,one_step_adp,450.0,5,offline_observation_credited,g03_t10_000,26112,392715
g03_nominal_007,g03,one_step_adp,540.0,6,offline_observation_credited,g03_t13_000,2097200,2489915
g03_nominal_007,g03,one_step_adp,630.0,7,offline_observation_credited,g03_t02_000,553648128,556138043
g03_nominal_007,g03,one_step_adp,720.0,8,offline_observation_credited,g03_t05_003,420906795008,421462933051
g03_nominal_007,g03,one_step_adp,810.0,9,offline_observation_credited,g03_t00_000,1342177280,422805110331
g03_nominal_007,g03,one_step_adp,900.0,10,offline_observation_credited,g03_t01_000,201326592,423006436923
g03_nominal_007,g03,adaptive_rollout_adp,90.0,1,offline_observation_credited,g03_t04_000,1,1
g03_nominal_007,g03,adaptive_rollout_adp,180.0,2,offline_observation_credited,g03_t05_029,412316860416,412316860417
g03_nominal_007,g03,adaptive_rollout_adp,270.0,3,offline_observation_credited,g03_t02_000,553648128,412870508545
g03_nominal_007,g03,adaptive_rollout_adp,360.0,4,offline_observation_credited,g03_t00_000,1342177280,414212685825
g03_nominal_007,g03,adaptive_rollout_adp,450.0,5,offline_observation_credited,g03_t01_000,201326592,414414012417
g03_nominal_007,g03,adaptive_rollout_adp,540.0,6,offline_observation_credited,g03_t09_000,6442450944,420856463361
g03_nominal_007,g03,adaptive_rollout_adp,630.0,7,offline_observation_credited,g03_t03_056,8,420856463369
g03_nominal_007,g03,adaptive_rollout_adp,720.0,8,offline_observation_credited,g03_t08_025,100352,420856563721
g03_nominal_007,g03,adaptive_rollout_adp,810.0,9,offline_observation_credited,g03_t06_000,266240,420856829961
g03_nominal_007,g03,adaptive_rollout_adp,900.0,10,offline_observation_credited,g03_t10_000,26112,420856856073
g03_nominal_007,g03,independent_milp,90.0,1,offline_observation_credited,g03_t04_030,3,3
g03_nominal_007,g03,independent_milp,180.0,2,offline_observation_credited,g03_t03_000,8,11
g03_nominal_007,g03,independent_milp,270.0,3,offline_observation_credited,g03_t06_000,266240,266251
g03_nominal_007,g03,independent_milp,360.0,4,offline_observation_credited,g03_t10_000,26112,292363
g03_nominal_007,g03,independent_milp,450.0,5,offline_observation_credited,g03_t08_025,100352,392715
g03_nominal_007,g03,independent_milp,540.0,6,offline_observation_credited,g03_t01_000,201326592,201719307
g03_nominal_007,g03,independent_milp,630.0,7,offline_observation_credited,g03_t00_000,1342177280,1543896587
g03_nominal_007,g03,independent_milp,720.0,8,offline_observation_credited,g03_t05_003,420906795008,422450691595
g03_nominal_007,g03,independent_milp,810.0,9,offline_observation_credited,g03_t02_000,553648128,423004339723
g03_nominal_008,g03,adaptive_rollout_adp,90.0,1,offline_observation_credited,g03_t04_000,1,1
g03_nominal_008,g03,adaptive_rollout_adp,180.0,2,offline_observation_credited,g03_t05_029,412316860416,412316860417
g03_nominal_008,g03,adaptive_rollout_adp,270.0,3,offline_observation_credited,g03_t02_000,553648128,412870508545
g03_nominal_008,g03,adaptive_rollout_adp,360.0,4,offline_observation_credited,g03_t00_000,1342177280,414212685825
g03_nominal_008,g03,adaptive_rollout_adp,450.0,5,offline_observation_credited,g03_t01_000,201326592,414414012417
g03_nominal_008,g03,adaptive_rollout_adp,540.0,6,offline_observation_credited,g03_t08_025,100352,414414112769
g03_nominal_008,g03,adaptive_rollout_adp,630.0,7,offline_observation_credited,g03_t10_000,26112,414414138881
g03_nominal_008,g03,adaptive_rollout_adp,720.0,8,offline_observation_credited,g03_t06_000,266240,414414405121
g03_nominal_008,g03,adaptive_rollout_adp,810.0,9,offline_observation_credited,g03_t03_000,8,414414405129
g03_nominal_008,g03,one_step_adp,90.0,1,offline_observation_credited,g03_t04_030,3,3
g03_nominal_008,g03,one_step_adp,180.0,2,offline_observation_credited,g03_t03_000,8,11
g03_nominal_008,g03,one_step_adp,270.0,3,offline_observation_credited,g03_t08_025,100352,100363
g03_nominal_008,g03,one_step_adp,360.0,4,offline_observation_credited,g03_t06_000,266240,366603
g03_nominal_008,g03,one_step_adp,450.0,5,offline_observation_credited,g03_t10_000,26112,392715
g03_nominal_008,g03,one_step_adp,540.0,6,offline_observation_credited,g03_t13_000,2097200,2489915
g03_nominal_008,g03,one_step_adp,630.0,7,offline_observation_credited,g03_t02_000,553648128,556138043
g03_nominal_008,g03,one_step_adp,720.0,8,offline_observation_credited,g03_t05_003,420906795008,421462933051
g03_nominal_008,g03,one_step_adp,810.0,9,offline_observation_credited,g03_t00_000,1342177280,422805110331
g03_nominal_008,g03,one_step_adp,900.0,10,offline_observation_credited,g03_t01_000,201326592,423006436923
g03_nominal_008,g03,independent_milp,90.0,1,offline_observation_credited,g03_t04_030,3,3
g03_nominal_008,g03,independent_milp,180.0,2,offline_observation_credited,g03_t03_000,8,11
g03_nominal_008,g03,independent_milp,270.0,3,offline_observation_credited,g03_t08_025,100352,100363
g03_nominal_008,g03,independent_milp,360.0,4,offline_observation_credited,g03_t06_000,266240,366603
g03_nominal_008,g03,independent_milp,450.0,5,offline_observation_credited,g03_t10_000,26112,392715
g03_nominal_008,g03,independent_milp,540.0,6,offline_observation_credited,g03_t13_000,2097200,2489915
g03_nominal_008,g03,independent_milp,630.0,7,offline_observation_credited,g03_t02_000,553648128,556138043
g03_nominal_008,g03,independent_milp,720.0,8,offline_observation_credited,g03_t05_003,420906795008,421462933051
g03_nominal_008,g03,independent_milp,810.0,9,offline_observation_credited,g03_t00_000,1342177280,422805110331
g03_nominal_008,g03,independent_milp,900.0,10,offline_observation_credited,g03_t01_000,201326592,423006436923
g03_nominal_009,g03,adaptive_rollout_adp,90.0,1,offline_observation_credited,g03_t04_000,1,1
g03_nominal_009,g03,adaptive_rollout_adp,180.0,2,offline_observation_credited,g03_t05_029,412316860416,412316860417
g03_nominal_009,g03,adaptive_rollout_adp,270.0,3,offline_observation_credited,g03_t02_000,553648128,412870508545
g03_nominal_009,g03,adaptive_rollout_adp,360.0,4,offline_observation_credited,g03_t00_000,1342177280,414212685825
g03_nominal_009,g03,adaptive_rollout_adp,450.0,5,offline_observation_credited,g03_t01_000,201326592,414414012417
g03_nominal_009,g03,adaptive_rollout_adp,540.0,6,offline_observation_credited,g03_t09_000,6442450944,420856463361
g03_nominal_009,g03,adaptive_rollout_adp,630.0,7,offline_observation_credited,g03_t03_056,8,420856463369
g03_nominal_009,g03,adaptive_rollout_adp,720.0,8,offline_observation_credited,g03_t08_025,100352,420856563721
g03_nominal_009,g03,adaptive_rollout_adp,810.0,9,offline_observation_credited,g03_t06_000,266240,420856829961
g03_nominal_009,g03,adaptive_rollout_adp,900.0,10,offline_observation_credited,g03_t10_000,26112,420856856073
g03_nominal_009,g03,one_step_adp,90.0,1,offline_observation_credited,g03_t04_054,3,3
g03_nominal_009,g03,one_step_adp,180.0,2,offline_observation_credited,g03_t03_056,8,11
g03_nominal_009,g03,one_step_adp,270.0,3,offline_observation_credited,g03_t08_025,100352,100363
g03_nominal_009,g03,one_step_adp,360.0,4,offline_observation_credited,g03_t06_000,266240,366603
g03_nominal_009,g03,one_step_adp,450.0,5,offline_observation_credited,g03_t10_000,26112,392715
g03_nominal_009,g03,one_step_adp,540.0,6,offline_observation_credited,g03_t13_000,2097200,2489915
g03_nominal_009,g03,one_step_adp,630.0,7,offline_observation_credited,g03_t02_000,553648128,556138043
g03_nominal_009,g03,one_step_adp,720.0,8,offline_observation_credited,g03_t05_003,420906795008,421462933051
g03_nominal_009,g03,one_step_adp,810.0,9,offline_observation_credited,g03_t00_000,1342177280,422805110331
g03_nominal_009,g03,one_step_adp,900.0,10,offline_observation_credited,g03_t01_000,201326592,423006436923
g03_nominal_009,g03,independent_milp,90.0,1,offline_observation_credited,g03_t04_000,1,1
g03_nominal_009,g03,independent_milp,180.0,2,offline_observation_credited,g03_t05_029,412316860416,412316860417
g03_nominal_009,g03,independent_milp,270.0,3,offline_observation_credited,g03_t02_000,553648128,412870508545
g03_nominal_009,g03,independent_milp,360.0,4,offline_observation_credited,g03_t00_000,1342177280,414212685825
g03_nominal_009,g03,independent_milp,450.0,5,offline_observation_credited,g03_t01_000,201326592,414414012417
g03_nominal_009,g03,independent_milp,540.0,6,offline_observation_credited,g03_t09_000,6442450944,420856463361
g03_nominal_009,g03,independent_milp,630.0,7,offline_observation_credited,g03_t03_056,8,420856463369
g03_nominal_009,g03,independent_milp,720.0,8,offline_observation_credited,g03_t08_025,100352,420856563721
g03_nominal_009,g03,independent_milp,810.0,9,offline_observation_credited,g03_t06_000,266240,420856829961
g03_nominal_009,g03,independent_milp,900.0,10,offline_observation_credited,g03_t10_000,26112,420856856073
g03_shifted_000,g03,one_step_adp,90.0,1,offline_observation_credited,g03_t04_054,3,3
g03_shifted_000,g03,one_step_adp,180.0,2,offline_observation_credited,g03_t03_056,8,11
g03_shifted_000,g03,one_step_adp,270.0,3,offline_observation_credited,g03_t08_025,100352,100363
g03_shifted_000,g03,one_step_adp,360.0,4,offline_observation_credited,g03_t06_000,266240,366603
g03_shifted_000,g03,one_step_adp,450.0,5,offline_observation_credited,g03_t10_000,26112,392715
g03_shifted_000,g03,one_step_adp,540.0,6,offline_observation_credited,g03_t13_000,2097200,2489915
g03_shifted_000,g03,one_step_adp,630.0,7,offline_observation_credited,g03_t02_000,553648128,556138043
g03_shifted_000,g03,one_step_adp,720.0,8,offline_observation_credited,g03_t05_003,420906795008,421462933051
g03_shifted_000,g03,one_step_adp,810.0,9,offline_observation_credited,g03_t00_000,1342177280,422805110331
g03_shifted_000,g03,one_step_adp,900.0,10,offline_observation_credited,g03_t01_000,201326592,423006436923
g03_shifted_000,g03,adaptive_rollout_adp,90.0,1,offline_observation_credited,g03_t04_000,1,1
g03_shifted_000,g03,adaptive_rollout_adp,180.0,2,offline_observation_credited,g03_t05_029,412316860416,412316860417
g03_shifted_000,g03,adaptive_rollout_adp,270.0,3,offline_observation_credited,g03_t02_000,553648128,412870508545
g03_shifted_000,g03,adaptive_rollout_adp,360.0,4,offline_observation_credited,g03_t00_000,1342177280,414212685825
g03_shifted_000,g03,adaptive_rollout_adp,450.0,5,offline_observation_credited,g03_t01_000,201326592,414414012417
g03_shifted_000,g03,adaptive_rollout_adp,540.0,6,offline_observation_credited,g03_t09_000,6442450944,420856463361
g03_shifted_000,g03,adaptive_rollout_adp,630.0,7,offline_observation_credited,g03_t03_056,8,420856463369
g03_shifted_000,g03,adaptive_rollout_adp,720.0,8,offline_observation_credited,g03_t08_025,100352,420856563721
g03_shifted_000,g03,adaptive_rollout_adp,810.0,9,offline_observation_credited,g03_t06_000,266240,420856829961
g03_shifted_000,g03,adaptive_rollout_adp,900.0,10,offline_observation_credited,g03_t10_000,26112,420856856073
g03_shifted_000,g03,incumbent,90.0,1,offline_observation_credited,g03_t04_000,1,1
g03_shifted_000,g03,incumbent,180.0,2,offline_observation_credited,g03_t05_047,274877906944,274877906945
g03_shifted_000,g03,incumbent,270.0,3,offline_observation_credited,g03_t03_035,8,274877906953
g03_shifted_000,g03,incumbent,360.0,4,offline_observation_credited,g03_t03_056,0,274877906953
g03_shifted_000,g03,incumbent,450.0,5,offline_observation_credited,g03_t06_000,266240,274878173193
g03_shifted_000,g03,incumbent,540.0,6,offline_observation_credited,g03_t08_025,100352,274878273545
g03_shifted_000,g03,incumbent,630.0,7,offline_observation_credited,g03_t10_000,26112,274878299657
g03_shifted_000,g03,incumbent,720.0,8,offline_observation_credited,g03_t06_014,3146016,274881445673
g03_shifted_000,g03,incumbent,810.0,9,offline_observation_credited,g03_t07_010,0,274881445673
g03_shifted_000,g03,incumbent,900.0,10,offline_observation_credited,g03_t07_000,0,274881445673
g03_shifted_000,g03,incumbent,990.0,11,offline_observation_credited,g03_t07_045,0,274881445673
g03_shifted_000,g03,incumbent,1080.0,12,offline_observation_credited,g03_t02_000,553648128,275435093801
g03_shifted_000,g03,incumbent,1170.0,13,offline_observation_credited,g03_t00_000,1342177280,276777271081
g03_shifted_000,g03,incumbent,1260.0,14,offline_observation_credited,g03_t01_000,201326592,276978597673
g03_shifted_000,g03,independent_milp,90.0,1,offline_observation_credited,g03_t04_000,1,1
g03_shifted_000,g03,independent_milp,180.0,2,offline_observation_credited,g03_t05_029,412316860416,412316860417
g03_shifted_000,g03,independent_milp,270.0,3,offline_observation_credited,g03_t02_000,553648128,412870508545
g03_shifted_000,g03,independent_milp,360.0,4,offline_observation_credited,g03_t00_000,1342177280,414212685825
g03_shifted_000,g03,independent_milp,450.0,5,offline_observation_credited,g03_t01_000,201326592,414414012417
g03_shifted_000,g03,independent_milp,540.0,6,offline_observation_credited,g03_t09_000,6442450944,420856463361
g03_shifted_000,g03,independent_milp,630.0,7,offline_observation_credited,g03_t03_056,8,420856463369
g03_shifted_000,g03,independent_milp,720.0,8,offline_observation_credited,g03_t08_025,100352,420856563721
g03_shifted_000,g03,independent_milp,810.0,9,offline_observation_credited,g03_t06_000,266240,420856829961
g03_shifted_000,g03,independent_milp,900.0,10,offline_observation_credited,g03_t10_000,26112,420856856073
g03_shifted_001,g03,adaptive_rollout_adp,90.0,1,offline_observation_credited,g03_t04_030,3,3
g03_shifted_001,g03,adaptive_rollout_adp,180.0,2,offline_observation_credited,g03_t03_000,8,11
g03_shifted_001,g03,adaptive_rollout_adp,270.0,3,offline_observation_credited,g03_t06_000,266240,266251
g03_shifted_001,g03,adaptive_rollout_adp,360.0,4,offline_observation_credited,g03_t08_000,2048,268299
g03_shifted_001,g03,adaptive_rollout_adp,450.0,5,offline_observation_credited,g03_t07_045,26112,294411
g03_shifted_001,g03,adaptive_rollout_adp,540.0,6,offline_observation_credited,g03_t00_000,1342177280,1342471691
g03_shifted_001,g03,adaptive_rollout_adp,630.0,7,offline_observation_credited,g03_t05_003,420906795008,422249266699
g03_shifted_001,g03,adaptive_rollout_adp,720.0,8,offline_observation_credited,g03_t02_002,587202560,422836469259
g03_shifted_001,g03,adaptive_rollout_adp,810.0,9,offline_observation_credited,g03_t01_031,201326592,423037795851
g03_shifted_001,g03,incumbent,90.0,1,offline_observation_credited,g03_t04_000,1,1
g03_shifted_001,g03,incumbent,180.0,2,offline_observation_credited,g03_t05_029,412316860416,412316860417
g03_shifted_001,g03,incumbent,270.0,3,offline_observation_credited,g03_t00_000,1342177280,413659037697
g03_shifted_001,g03,incumbent,360.0,4,offline_observation_credited,g03_t02_002,587202560,414246240257
g03_shifted_001,g03,incumbent,450.0,5,offline_observation_credited,g03_t01_031,201326592,414447566849
g03_shifted_001,g03,incumbent,540.0,6,offline_observation_credited,g03_t01_000,0,414447566849
g03_shifted_001,g03,incumbent,630.0,7,offline_observation_credited,g03_t06_000,266240,414447833089
g03_shifted_001,g03,incumbent,720.0,8,offline_observation_credited,g03_t08_000,2048,414447835137
g03_shifted_001,g03,incumbent,810.0,9,offline_observation_credited,g03_t07_045,26112,414447861249
g03_shifted_001,g03,incumbent,900.0,10,offline_observation_credited,g03_t07_000,0,414447861249
g03_shifted_001,g03,incumbent,990.0,11,offline_observation_credited,g03_t06_014,3211552,414451072801
g03_shifted_001,g03,incumbent,1080.0,12,offline_observation_credited,g03_t06_021,4194432,414455267233
g03_shifted_001,g03,incumbent,1170.0,13,offline_observation_credited,g03_t08_003,32768,414455300001
g03_shifted_001,g03,incumbent,1260.0,14,offline_observation_credited,g03_t03_056,8,414455300009
g03_shifted_001,g03,one_step_adp,90.0,1,offline_observation_credited,g03_t04_030,3,3
g03_shifted_001,g03,one_step_adp,180.0,2,offline_observation_credited,g03_t03_000,8,11
g03_shifted_001,g03,one_step_adp,270.0,3,offline_observation_credited,g03_t06_000,266240,266251
g03_shifted_001,g03,one_step_adp,360.0,4,offline_observation_credited,g03_t08_000,2048,268299
g03_shifted_001,g03,one_step_adp,450.0,5,offline_observation_credited,g03_t07_045,26112,294411
g03_shifted_001,g03,one_step_adp,540.0,6,offline_observation_credited,g03_t00_000,1342177280,1342471691
g03_shifted_001,g03,one_step_adp,630.0,7,offline_observation_credited,g03_t05_003,420906795008,422249266699
g03_shifted_001,g03,one_step_adp,720.0,8,offline_observation_credited,g03_t02_002,587202560,422836469259
g03_shifted_001,g03,one_step_adp,810.0,9,offline_observation_credited,g03_t01_031,201326592,423037795851
g03_shifted_001,g03,independent_milp,90.0,1,offline_observation_credited,g03_t04_000,1,1
g03_shifted_001,g03,independent_milp,180.0,2,offline_observation_credited,g03_t07_045,26112,26113
g03_shifted_001,g03,independent_milp,270.0,3,offline_observation_credited,g03_t08_000,2048,28161
g03_shifted_001,g03,independent_milp,360.0,4,offline_observation_credited,g03_t06_000,266240,294401
g03_shifted_001,g03,independent_milp,450.0,5,offline_observation_credited,g03_t03_056,8,294409
g03_shifted_001,g03,independent_milp,540.0,6,offline_observation_credited,g03_t09_000,7516192768,7516487177
g03_shifted_001,g03,independent_milp,630.0,7,offline_observation_credited,g03_t01_000,201326592,7717813769
g03_shifted_001,g03,independent_milp,720.0,8,offline_observation_credited,g03_t00_000,268435456,7986249225
g03_shifted_001,g03,independent_milp,810.0,9,offline_observation_credited,g03_t05_003,420906795008,428893044233
g03_shifted_001,g03,independent_milp,900.0,10,offline_observation_credited,g03_t02_002,587202560,429480246793
g03_shifted_002,g03,incumbent,90.0,1,offline_observation_credited,g03_t04_054,3,3
g03_shifted_002,g03,incumbent,180.0,2,offline_observation_credited,g03_t03_056,8,11
g03_shifted_002,g03,incumbent,270.0,3,offline_observation_credited,g03_t06_000,266240,266251
g03_shifted_002,g03,incumbent,360.0,4,offline_observation_credited,g03_t08_025,100352,366603
g03_shifted_002,g03,incumbent,450.0,5,offline_observation_credited,g03_t10_000,26112,392715
g03_shifted_002,g03,incumbent,540.0,6,offline_observation_credited,g03_t05_029,412316860416,412317253131
g03_shifted_002,g03,incumbent,630.0,7,offline_observation_credited,g03_t02_000,553648128,412870901259
g03_shifted_002,g03,incumbent,720.0,8,offline_observation_credited,g03_t00_000,1342177280,414213078539
g03_shifted_002,g03,incumbent,810.0,9,offline_observation_credited,g03_t01_031,201326592,414414405131
g03_shifted_002,g03,one_step_adp,90.0,1,offline_observation_credited,g03_t04_030,3,3
g03_shifted_002,g03,one_step_adp,180.0,2,offline_observation_credited,g03_t03_000,8,11
g03_shifted_002,g03,one_step_adp,270.0,3,offline_observation_credited,g03_t08_025,100352,100363
g03_shifted_002,g03,one_step_adp,360.0,4,offline_observation_credited,g03_t06_000,266240,366603
g03_shifted_002,g03,one_step_adp,450.0,5,offline_observation_credited,g03_t10_000,26112,392715
g03_shifted_002,g03,one_step_adp,540.0,6,offline_observation_credited,g03_t13_000,2097200,2489915
g03_shifted_002,g03,one_step_adp,630.0,7,offline_observation_credited,g03_t02_000,553648128,556138043
g03_shifted_002,g03,one_step_adp,720.0,8,offline_observation_credited,g03_t05_003,420906795008,421462933051
g03_shifted_002,g03,one_step_adp,810.0,9,offline_observation_credited,g03_t00_000,1342177280,422805110331
g03_shifted_002,g03,one_step_adp,900.0,10,offline_observation_credited,g03_t01_031,201326592,423006436923
g03_shifted_002,g03,adaptive_rollout_adp,90.0,1,offline_observation_credited,g03_t04_030,3,3
g03_shifted_002,g03,adaptive_rollout_adp,180.0,2,offline_observation_credited,g03_t03_000,8,11
g03_shifted_002,g03,adaptive_rollout_adp,270.0,3,offline_observation_credited,g03_t08_025,100352,100363
g03_shifted_002,g03,adaptive_rollout_adp,360.0,4,offline_observation_credited,g03_t06_000,266240,366603
g03_shifted_002,g03,adaptive_rollout_adp,450.0,5,offline_observation_credited,g03_t07_045,26112,392715
g03_shifted_002,g03,adaptive_rollout_adp,540.0,6,offline_observation_credited,g03_t02_000,553648128,554040843
g03_shifted_002,g03,adaptive_rollout_adp,630.0,7,offline_observation_credited,g03_t05_003,420906795008,421460835851
g03_shifted_002,g03,adaptive_rollout_adp,720.0,8,offline_observation_credited,g03_t00_000,1342177280,422803013131
g03_shifted_002,g03,adaptive_rollout_adp,810.0,9,offline_observation_credited,g03_t01_031,201326592,423004339723
g03_shifted_002,g03,independent_milp,90.0,1,offline_observation_credited,g03_t04_030,3,3
g03_shifted_002,g03,independent_milp,180.0,2,offline_observation_credited,g03_t03_000,8,11
g03_shifted_002,g03,independent_milp,270.0,3,offline_observation_credited,g03_t08_025,100352,100363
g03_shifted_002,g03,independent_milp,360.0,4,offline_observation_credited,g03_t06_000,266240,366603
g03_shifted_002,g03,independent_milp,450.0,5,offline_observation_credited,g03_t07_045,26112,392715
g03_shifted_002,g03,independent_milp,540.0,6,offline_observation_credited,g03_t02_000,553648128,554040843
g03_shifted_002,g03,independent_milp,630.0,7,offline_observation_credited,g03_t05_003,420906795008,421460835851
g03_shifted_002,g03,independent_milp,720.0,8,offline_observation_credited,g03_t00_000,1342177280,422803013131
g03_shifted_002,g03,independent_milp,810.0,9,offline_observation_credited,g03_t01_031,201326592,423004339723
g03_shifted_003,g03,adaptive_rollout_adp,90.0,1,offline_observation_credited,g03_t04_030,3,3
g03_shifted_003,g03,adaptive_rollout_adp,180.0,2,offline_observation_credited,g03_t03_000,8,11
g03_shifted_003,g03,adaptive_rollout_adp,270.0,3,offline_observation_credited,g03_t08_025,100352,100363
g03_shifted_003,g03,adaptive_rollout_adp,360.0,4,offline_observation_credited,g03_t06_000,266240,366603
g03_shifted_003,g03,adaptive_rollout_adp,450.0,5,offline_observation_credited,g03_t07_045,26112,392715
g03_shifted_003,g03,adaptive_rollout_adp,540.0,6,offline_observation_credited,g03_t02_000,553648128,554040843
g03_shifted_003,g03,adaptive_rollout_adp,630.0,7,offline_observation_credited,g03_t05_003,420906795008,421460835851
g03_shifted_003,g03,adaptive_rollout_adp,720.0,8,offline_observation_credited,g03_t00_000,1342177280,422803013131
g03_shifted_003,g03,adaptive_rollout_adp,810.0,9,offline_observation_credited,g03_t01_031,201326592,423004339723
g03_shifted_003,g03,one_step_adp,90.0,1,offline_observation_credited,g03_t04_030,3,3
g03_shifted_003,g03,one_step_adp,180.0,2,offline_observation_credited,g03_t03_000,8,11
g03_shifted_003,g03,one_step_adp,270.0,3,offline_observation_credited,g03_t08_025,100352,100363
g03_shifted_003,g03,one_step_adp,360.0,4,offline_observation_credited,g03_t06_000,266240,366603
g03_shifted_003,g03,one_step_adp,450.0,5,offline_observation_credited,g03_t10_000,26112,392715
g03_shifted_003,g03,one_step_adp,540.0,6,offline_observation_credited,g03_t13_000,2097200,2489915
g03_shifted_003,g03,one_step_adp,630.0,7,offline_observation_credited,g03_t02_000,553648128,556138043
g03_shifted_003,g03,one_step_adp,720.0,8,offline_observation_credited,g03_t05_003,420906795008,421462933051
g03_shifted_003,g03,one_step_adp,810.0,9,offline_observation_credited,g03_t00_000,1342177280,422805110331
g03_shifted_003,g03,one_step_adp,900.0,10,offline_observation_credited,g03_t01_031,201326592,423006436923
g03_shifted_003,g03,independent_milp,90.0,1,offline_observation_credited,g03_t04_030,3,3
g03_shifted_003,g03,independent_milp,180.0,2,offline_observation_credited,g03_t03_000,8,11
g03_shifted_003,g03,independent_milp,270.0,3,offline_observation_credited,g03_t08_025,100352,100363
g03_shifted_003,g03,independent_milp,360.0,4,offline_observation_credited,g03_t06_000,266240,366603
g03_shifted_003,g03,independent_milp,450.0,5,offline_observation_credited,g03_t07_045,26112,392715
g03_shifted_003,g03,independent_milp,540.0,6,offline_observation_credited,g03_t02_000,553648128,554040843
g03_shifted_003,g03,independent_milp,630.0,7,offline_observation_credited,g03_t05_003,420906795008,421460835851
g03_shifted_003,g03,independent_milp,720.0,8,offline_observation_credited,g03_t00_000,1342177280,422803013131
g03_shifted_003,g03,independent_milp,810.0,9,offline_observation_credited,g03_t01_031,201326592,423004339723
g03_shifted_004,g03,adaptive_rollout_adp,90.0,1,offline_observation_credited,g03_t04_000,1,1
g03_shifted_004,g03,adaptive_rollout_adp,180.0,2,offline_observation_credited,g03_t02_000,553648128,553648129
g03_shifted_004,g03,adaptive_rollout_adp,270.0,3,offline_observation_credited,g03_t05_003,420906795008,421460443137
g03_shifted_004,g03,adaptive_rollout_adp,360.0,4,offline_observation_credited,g03_t00_000,1342177280,422802620417
g03_shifted_004,g03,adaptive_rollout_adp,450.0,5,offline_observation_credited,g03_t01_000,201326592,423003947009
g03_shifted_004,g03,adaptive_rollout_adp,540.0,6,offline_observation_credited,g03_t09_000,6442450944,429446397953
g03_shifted_004,g03,adaptive_rollout_adp,630.0,7,offline_observation_credited,g03_t03_056,8,429446397961
g03_shifted_004,g03,adaptive_rollout_adp,720.0,8,offline_observation_credited,g03_t08_025,100352,429446498313
g03_shifted_004,g03,adaptive_rollout_adp,810.0,9,offline_observation_credited,g03_t06_000,266240,429446764553
g03_shifted_004,g03,adaptive_rollout_adp,900.0,10,offline_observation_credited,g03_t10_000,26112,429446790665
g03_shifted_004,g03,one_step_adp,90.0,1,offline_observation_credited,g03_t02_000,553648128,553648128
g03_shifted_004,g03,one_step_adp,180.0,2,offline_observation_credited,g03_t05_003,420906795008,421460443136
g03_shifted_004,g03,one_step_adp,270.0,3,offline_observation_credited,g03_t00_000,1342177280,422802620416
g03_shifted_004,g03,one_step_adp,360.0,4,offline_observation_credited,g03_t01_000,201326592,423003947008
g03_shifted_004,g03,one_step_adp,450.0,5,offline_observation_credited,g03_t08_025,100352,423004047360
g03_shifted_004,g03,one_step_adp,540.0,6,offline_observation_credited,g03_t06_000,266240,423004313600
g03_shifted_004,g03,one_step_adp,630.0,7,offline_observation_credited,g03_t10_000,26112,423004339712
g03_shifted_004,g03,one_step_adp,720.0,8,offline_observation_credited,g03_t03_056,8,423004339720
g03_shifted_004,g03,one_step_adp,810.0,9,offline_observation_credited,g03_t04_030,3,423004339723
g03_shifted_004,g03,incumbent,90.0,1,offline_observation_credited,g03_t04_000,1,1
g03_shifted_004,g03,incumbent,180.0,2,offline_observation_credited,g03_t07_045,26112,26113
g03_shifted_004,g03,incumbent,270.0,3,offline_observation_credited,g03_t06_014,3477792,3503905
g03_shifted_004,g03,incumbent,360.0,4,offline_observation_credited,g03_t08_000,2048,3505953
g03_shifted_004,g03,incumbent,450.0,5,offline_observation_credited,g03_t06_021,4194432,7700385
g03_shifted_004,g03,incumbent,540.0,6,offline_observation_credited,g03_t11_000,32768,7733153
g03_shifted_004,g03,incumbent,630.0,7,offline_observation_credited,g03_t08_025,0,7733153
g03_shifted_004,g03,incumbent,720.0,8,offline_observation_credited,g03_t03_056,8,7733161
g03_shifted_004,g03,incumbent,810.0,9,offline_observation_credited,g03_t03_000,0,7733161
g03_shifted_004,g03,incumbent,900.0,10,offline_observation_credited,g03_t06_000,0,7733161
g03_shifted_004,g03,incumbent,990.0,11,offline_observation_credited,g03_t01_000,201326592,209059753
g03_shifted_004,g03,incumbent,1080.0,12,offline_observation_credited,g03_t00_000,1342177280,1551237033
g03_shifted_004,g03,incumbent,1170.0,13,offline_observation_credited,g03_t05_003,420906795008,422458032041
g03_shifted_004,g03,incumbent,1260.0,14,offline_observation_credited,g03_t02_000,553648128,423011680169
g03_shifted_004,g03,independent_milp,90.0,1,offline_observation_credited,g03_t04_030,3,3
g03_shifted_004,g03,independent_milp,180.0,2,offline_observation_credited,g03_t03_000,8,11
g03_shifted_004,g03,independent_milp,270.0,3,offline_observation_credited,g03_t08_025,100352,100363
g03_shifted_004,g03,independent_milp,360.0,4,offline_observation_credited,g03_t06_000,266240,366603
g03_shifted_004,g03,independent_milp,450.0,5,offline_observation_credited,g03_t07_045,26112,392715
g03_shifted_004,g03,independent_milp,540.0,6,offline_observation_credited,g03_t02_000,553648128,554040843
g03_shifted_004,g03,independent_milp,630.0,7,offline_observation_credited,g03_t05_003,420906795008,421460835851
g03_shifted_004,g03,independent_milp,720.0,8,offline_observation_credited,g03_t00_000,1342177280,422803013131
g03_shifted_004,g03,independent_milp,810.0,9,offline_observation_credited,g03_t01_000,201326592,423004339723
g03_shifted_005,g03,adaptive_rollout_adp,90.0,1,offline_observation_credited,g03_t04_054,3,3
g03_shifted_005,g03,adaptive_rollout_adp,180.0,2,offline_observation_credited,g03_t03_056,8,11
g03_shifted_005,g03,adaptive_rollout_adp,270.0,3,offline_observation_credited,g03_t08_025,100352,100363
g03_shifted_005,g03,adaptive_rollout_adp,360.0,4,offline_observation_credited,g03_t06_000,266240,366603
g03_shifted_005,g03,adaptive_rollout_adp,450.0,5,offline_observation_credited,g03_t10_000,26112,392715
g03_shifted_005,g03,adaptive_rollout_adp,540.0,6,offline_observation_credited,g03_t05_029,412316860416,412317253131
g03_shifted_005,g03,adaptive_rollout_adp,630.0,7,offline_observation_credited,g03_t02_000,553648128,412870901259
g03_shifted_005,g03,adaptive_rollout_adp,720.0,8,offline_observation_credited,g03_t00_035,8858370048,421729271307
g03_shifted_005,g03,adaptive_rollout_adp,810.0,9,offline_observation_credited,g03_t01_031,201326592,421930597899
g03_shifted_005,g03,incumbent,90.0,1,offline_observation_credited,g03_t04_054,3,3
g03_shifted_005,g03,incumbent,180.0,2,offline_observation_credited,g03_t03_056,8,11
g03_shifted_005,g03,incumbent,270.0,3,offline_observation_credited,g03_t06_000,266240,266251
g03_shifted_005,g03,incumbent,360.0,4,offline_observation_credited,g03_t08_025,100352,366603
g03_shifted_005,g03,incumbent,450.0,5,offline_observation_credited,g03_t10_000,26112,392715
g03_shifted_005,g03,incumbent,540.0,6,offline_observation_credited,g03_t05_029,412316860416,412317253131
g03_shifted_005,g03,incumbent,630.0,7,offline_observation_credited,g03_t02_000,553648128,412870901259
g03_shifted_005,g03,incumbent,720.0,8,offline_observation_credited,g03_t00_035,8858370048,421729271307
g03_shifted_005,g03,incumbent,810.0,9,offline_observation_credited,g03_t01_031,201326592,421930597899
g03_shifted_005,g03,one_step_adp,90.0,1,offline_observation_credited,g03_t04_054,3,3
g03_shifted_005,g03,one_step_adp,180.0,2,offline_observation_credited,g03_t03_056,8,11
g03_shifted_005,g03,one_step_adp,270.0,3,offline_observation_credited,g03_t08_025,100352,100363
g03_shifted_005,g03,one_step_adp,360.0,4,offline_observation_credited,g03_t06_000,266240,366603
g03_shifted_005,g03,one_step_adp,450.0,5,offline_observation_credited,g03_t10_000,26112,392715
g03_shifted_005,g03,one_step_adp,540.0,6,offline_observation_credited,g03_t05_029,412316860416,412317253131
g03_shifted_005,g03,one_step_adp,630.0,7,offline_observation_credited,g03_t02_000,553648128,412870901259
g03_shifted_005,g03,one_step_adp,720.0,8,offline_observation_credited,g03_t00_035,8858370048,421729271307
g03_shifted_005,g03,one_step_adp,810.0,9,offline_observation_credited,g03_t01_031,201326592,421930597899
g03_shifted_005,g03,independent_milp,90.0,1,offline_observation_credited,g03_t04_054,3,3
g03_shifted_005,g03,independent_milp,180.0,2,offline_observation_credited,g03_t03_056,8,11
g03_shifted_005,g03,independent_milp,270.0,3,offline_observation_credited,g03_t08_025,100352,100363
g03_shifted_005,g03,independent_milp,360.0,4,offline_observation_credited,g03_t06_000,266240,366603
g03_shifted_005,g03,independent_milp,450.0,5,offline_observation_credited,g03_t10_000,26112,392715
g03_shifted_005,g03,independent_milp,540.0,6,offline_observation_credited,g03_t05_029,412316860416,412317253131
g03_shifted_005,g03,independent_milp,630.0,7,offline_observation_credited,g03_t02_000,553648128,412870901259
g03_shifted_005,g03,independent_milp,720.0,8,offline_observation_credited,g03_t00_035,8858370048,421729271307
g03_shifted_005,g03,independent_milp,810.0,9,offline_observation_credited,g03_t01_031,201326592,421930597899
g03_shifted_008,g03,adaptive_rollout_adp,90.0,1,offline_observation_credited,g03_t13_000,2097200,2097200
g03_shifted_008,g03,adaptive_rollout_adp,180.0,2,offline_observation_credited,g03_t06_000,266240,2363440
g03_shifted_008,g03,adaptive_rollout_adp,270.0,3,offline_observation_credited,g03_t08_025,100352,2463792
g03_shifted_008,g03,adaptive_rollout_adp,360.0,4,offline_observation_credited,g03_t07_045,26112,2489904
g03_shifted_008,g03,adaptive_rollout_adp,450.0,5,offline_observation_credited,g03_t02_000,553648128,556138032
g03_shifted_008,g03,adaptive_rollout_adp,540.0,6,offline_observation_credited,g03_t05_029,412316860416,412872998448
g03_shifted_008,g03,adaptive_rollout_adp,630.0,7,offline_observation_credited,g03_t00_035,8858370048,421731368496
g03_shifted_008,g03,adaptive_rollout_adp,720.0,8,offline_observation_credited,g03_t01_000,201326592,421932695088
g03_shifted_008,g03,adaptive_rollout_adp,810.0,9,offline_observation_credited,g03_t09_000,7516192768,429448887856
g03_shifted_008,g03,adaptive_rollout_adp,900.0,10,offline_observation_credited,g03_t03_035,8,429448887864
g03_shifted_008,g03,adaptive_rollout_adp,990.0,11,offline_observation_credited,g03_t04_030,3,429448887867
g03_shifted_008,g03,independent_milp,90.0,1,offline_observation_credited,g03_t04_030,3,3
g03_shifted_008,g03,independent_milp,180.0,2,offline_observation_credited,g03_t03_035,8,11
g03_shifted_008,g03,independent_milp,270.0,3,offline_observation_credited,g03_t09_000,7516192768,7516192779
g03_shifted_008,g03,independent_milp,360.0,4,offline_observation_credited,g03_t01_000,201326592,7717519371
g03_shifted_008,g03,independent_milp,450.0,5,offline_observation_credited,g03_t00_035,8858370048,16575889419
g03_shifted_008,g03,independent_milp,540.0,6,offline_observation_credited,g03_t05_029,412316860416,428892749835
g03_shifted_008,g03,independent_milp,630.0,7,offline_observation_credited,g03_t02_000,553648128,429446397963
g03_shifted_008,g03,independent_milp,720.0,8,offline_observation_credited,g03_t06_000,266240,429446664203
g03_shifted_008,g03,independent_milp,810.0,9,offline_observation_credited,g03_t08_025,100352,429446764555
g03_shifted_008,g03,independent_milp,900.0,10,offline_observation_credited,g03_t10_000,26112,429446790667
g03_shifted_009,g03,adaptive_rollout_adp,90.0,1,offline_observation_credited,g03_t04_030,3,3
g03_shifted_009,g03,adaptive_rollout_adp,180.0,2,offline_observation_credited,g03_t03_035,8,11
g03_shifted_009,g03,adaptive_rollout_adp,270.0,3,offline_observation_credited,g03_t09_000,7516192768,7516192779
g03_shifted_009,g03,adaptive_rollout_adp,360.0,4,offline_observation_credited,g03_t01_000,201326592,7717519371
g03_shifted_009,g03,adaptive_rollout_adp,450.0,5,offline_observation_credited,g03_t00_000,268435456,7985954827
g03_shifted_009,g03,adaptive_rollout_adp,540.0,6,offline_observation_credited,g03_t05_003,420906795008,428892749835
g03_shifted_009,g03,adaptive_rollout_adp,630.0,7,offline_observation_credited,g03_t02_000,553648128,429446397963
g03_shifted_009,g03,adaptive_rollout_adp,720.0,8,offline_observation_credited,g03_t13_000,2097200,429448495163
g03_shifted_009,g03,adaptive_rollout_adp,810.0,9,offline_observation_credited,g03_t10_000,26112,429448521275
g03_shifted_009,g03,adaptive_rollout_adp,900.0,10,offline_observation_credited,g03_t06_014,1380608,429449901883
g03_shifted_009,g03,adaptive_rollout_adp,990.0,11,offline_observation_credited,g03_t08_000,2048,429449903931
g03_shifted_009,g03,one_step_adp,90.0,1,offline_observation_credited,g03_t04_054,3,3
g03_shifted_009,g03,one_step_adp,180.0,2,offline_observation_credited,g03_t03_056,8,11
g03_shifted_009,g03,one_step_adp,270.0,3,offline_observation_credited,g03_t09_000,7516192768,7516192779
g03_shifted_009,g03,one_step_adp,360.0,4,offline_observation_credited,g03_t01_000,201326592,7717519371
g03_shifted_009,g03,one_step_adp,450.0,5,offline_observation_credited,g03_t00_000,268435456,7985954827
g03_shifted_009,g03,one_step_adp,540.0,6,offline_observation_credited,g03_t05_003,420906795008,428892749835
g03_shifted_009,g03,one_step_adp,630.0,7,offline_observation_credited,g03_t02_000,553648128,429446397963
g03_shifted_009,g03,one_step_adp,720.0,8,offline_observation_credited,g03_t07_045,26112,429446424075
g03_shifted_009,g03,one_step_adp,810.0,9,offline_observation_credited,g03_t06_014,3477792,429449901867
g03_shifted_009,g03,one_step_adp,900.0,10,offline_observation_credited,g03_t08_000,2048,429449903915
g03_shifted_009,g03,incumbent,90.0,1,offline_observation_credited,g03_t04_000,1,1
g03_shifted_009,g03,incumbent,180.0,2,offline_observation_credited,g03_t05_047,274877906944,274877906945
g03_shifted_009,g03,incumbent,270.0,3,offline_observation_credited,g03_t03_035,8,274877906953
g03_shifted_009,g03,incumbent,360.0,4,offline_observation_credited,g03_t03_056,0,274877906953
g03_shifted_009,g03,incumbent,450.0,5,offline_observation_credited,g03_t08_003,34816,274877941769
g03_shifted_009,g03,incumbent,540.0,6,offline_observation_credited,g03_t06_014,3487008,274881428777
g03_shifted_009,g03,incumbent,630.0,7,offline_observation_credited,g03_t10_000,16896,274881445673
g03_shifted_009,g03,incumbent,720.0,8,offline_observation_credited,g03_t07_010,0,274881445673
g03_shifted_009,g03,incumbent,810.0,9,offline_observation_credited,g03_t07_000,0,274881445673
g03_shifted_009,g03,incumbent,900.0,10,offline_observation_credited,g03_t02_037,553648128,275435093801
g03_shifted_009,g03,incumbent,990.0,11,offline_observation_credited,g03_t00_000,1342177280,276777271081
g03_shifted_009,g03,incumbent,1080.0,12,offline_observation_credited,g03_t01_000,201326592,276978597673
g03_shifted_009,g03,independent_milp,90.0,1,offline_observation_credited,g03_t04_000,1,1
g03_shifted_009,g03,independent_milp,180.0,2,offline_observation_credited,g03_t05_029,412316860416,412316860417
g03_shifted_009,g03,independent_milp,270.0,3,offline_observation_credited,g03_t02_000,553648128,412870508545
g03_shifted_009,g03,independent_milp,360.0,4,offline_observation_credited,g03_t00_000,1342177280,414212685825
g03_shifted_009,g03,independent_milp,450.0,5,offline_observation_credited,g03_t01_000,201326592,414414012417
g03_shifted_009,g03,independent_milp,540.0,6,offline_observation_credited,g03_t09_000,6442450944,420856463361
g03_shifted_009,g03,independent_milp,630.0,7,offline_observation_credited,g03_t03_056,8,420856463369
g03_shifted_009,g03,independent_milp,720.0,8,offline_observation_credited,g03_t10_000,26112,420856489481
g03_shifted_009,g03,independent_milp,810.0,9,offline_observation_credited,g03_t06_014,3477792,420859967273
g03_shifted_009,g03,independent_milp,900.0,10,offline_observation_credited,g03_t08_000,2048,420859969321
