scenario_id,graph_id,method,time,sequence,source_id,target_id,edge_feasible,min_clearance,peak_input
g01_reference_000,g01,one_step_adp,90.0,1,,g01_t00_000,True,2.6856203250819126,0.04244898942008804
g01_reference_000,g01,one_step_adp,180.0,2,g01_t00_000,g01_t05_018,True,2.8619103121138543,0.009652569870450758
g01_reference_000,g01,one_step_adp,270.0,3,g01_t05_018,g01_t04_047,True,12.144557862275258,0.0369971212380308
g01_reference_000,g01,one_step_adp,360.0,4,g01_t04_047,g01_t03_026,True,3.1684316049607912,0.02902617792328548
g01_reference_000,g01,one_step_adp,450.0,5,g01_t03_026,g01_t08_027,True,1.8679225696417572,0.04458220737603425
g01_reference_000,g01,one_step_adp,540.0,6,g01_t08_027,g01_t06_025,True,17.832868662060218,0.022862377400723253
g01_reference_000,g01,one_step_adp,630.0,7,g01_t06_025,g01_t07_025,True,25.04898488605505,0.017745276333715993
g01_reference_000,g01,one_step_adp,720.0,8,g01_t07_025,g01_t02_045,True,19.202226594659965,0.03999970259700613
g01_reference_000,g01,one_step_adp,810.0,9,g01_t02_045,g01_t01_049,True,20.239409073279056,0.043260062731975454
g01_reference_000,g01,adaptive_rollout_adp,90.0,1,,g01_t04_047,True,18.340544988099282,0.009875550423744422
g01_reference_000,g01,adaptive_rollout_adp,180.0,2,g01_t04_047,g01_t00_023,True,6.470911553053833,0.03448033422978818
g01_reference_000,g01,adaptive_rollout_adp,270.0,3,g01_t00_023,g01_t05_052,True,3.862655862507402,0.010130894975510493
g01_reference_000,g01,adaptive_rollout_adp,360.0,4,g01_t05_052,g01_t02_045,True,4.656556675400561,0.026972255315361727
g01_reference_000,g01,adaptive_rollout_adp,450.0,5,g01_t02_045,g01_t07_025,True,19.222713932114964,0.03999966713598189
g01_reference_000,g01,adaptive_rollout_adp,540.0,6,g01_t07_025,g01_t06_025,True,24.87331703913134,0.01776741982556343
g01_reference_000,g01,adaptive_rollout_adp,630.0,7,g01_t06_025,g01_t08_027,True,17.18583906272511,0.02287010953188068
g01_reference_000,g01,adaptive_rollout_adp,720.0,8,g01_t08_027,g01_t03_060,True,7.963131258310417,0.03609104379235408
g01_reference_000,g01,adaptive_rollout_adp,810.0,9,g01_t03_060,g01_t01_049,True,11.286163804726817,0.05538835584540831
g01_reference_000,g01,independent_milp,90.0,1,,g01_t04_000,True,22.015581029451003,0.02762162577156087
g01_reference_000,g01,independent_milp,180.0,2,g01_t04_000,g01_t00_023,True,5.889632552057752,0.05181237043396942
g01_reference_000,g01,independent_milp,270.0,3,g01_t00_023,g01_t05_052,True,3.862655862507402,0.010130894975510493
g01_reference_000,g01,independent_milp,360.0,4,g01_t05_052,g01_t02_057,True,4.740948163945279,0.02086328143061822
g01_reference_000,g01,independent_milp,450.0,5,g01_t02_057,g01_t07_025,True,25.491026523760816,0.04720675059227725
g01_reference_000,g01,independent_milp,540.0,6,g01_t07_025,g01_t06_025,True,24.87331703913134,0.01776741982556343
g01_reference_000,g01,independent_milp,630.0,7,g01_t06_025,g01_t08_027,True,17.18583906272511,0.02287010953188068
g01_reference_000,g01,independent_milp,720.0,8,g01_t08_027,g01_t01_049,True,19.75886636959521,0.04604180870509462
g01_nominal_000,g01,adaptive_rollout_adp,90.0,1,,g01_t04_047,True,18.340544988099282,0.009875550423744422
g01_nominal_000,g01,adaptive_rollout_adp,180.0,2,g01_t04_047,g01_t00_023,True,6.470911553053833,0.03448033422978818
g01_nominal_000,g01,adaptive_rollout_adp,270.0,3,g01_t00_023,g01_t05_052,True,3.862655862507402,0.010130894975510493
g01_nominal_000,g01,adaptive_rollout_adp,360.0,4,g01_t05_052,g01_t02_045,True,4.656556675400561,0.026972255315361727
g01_nominal_000,g01,adaptive_rollout_adp,450.0,5,g01_t02_045,g01_t07_025,True,19.222713932114964,0.03999966713598189
g01_nominal_000,g01,adaptive_rollout_adp,540.0,6,g01_t07_025,g01_t06_025,True,24.87331703913134,0.01776741982556343
g01_nominal_000,g01,adaptive_rollout_adp,630.0,7,g01_t06_025,g01_t08_027,True,17.18583906272511,0.02287010953188068
g01_nominal_000,g01,adaptive_rollout_adp,720.0,8,g01_t08_027,g01_t03_060,True,7.963131258310417,0.03609104379235408
g01_nominal_000,g01,adaptive_rollout_adp,810.0,9,g01_t03_060,g01_t01_049,True,11.286163804726817,0.05538835584540831
g01_nominal_000,g01,one_step_adp,90.0,1,,g01_t00_000,True,2.6856203250819126,0.04244898942008804
g01_nominal_000,g01,one_step_adp,180.0,2,g01_t00_000,g01_t05_018,True,2.8619103121138543,0.009652569870450758
g01_nominal_000,g01,one_step_adp,270.0,3,g01_t05_018,g01_t04_047,True,12.144557862275258,0.0369971212380308
g01_nominal_000,g01,one_step_adp,360.0,4,g01_t04_047,g01_t03_026,True,3.1684316049607912,0.02902617792328548
g01_nominal_000,g01,one_step_adp,450.0,5,g01_t03_026,g01_t08_027,True,1.8679225696417572,0.04458220737603425
g01_nominal_000,g01,one_step_adp,540.0,6,g01_t08_027,g01_t06_025,True,17.832868662060218,0.022862377400723253
g01_nominal_000,g01,one_step_adp,630.0,7,g01_t06_025,g01_t07_025,True,25.04898488605505,0.017745276333715993
g01_nominal_000,g01,one_step_adp,720.0,8,g01_t07_025,g01_t02_045,True,19.202226594659965,0.03999970259700613
g01_nominal_000,g01,one_step_adp,810.0,9,g01_t02_045,g01_t01_049,True,20.239409073279056,0.043260062731975454
g01_nominal_000,g01,independent_milp,90.0,1,,g01_t04_000,True,22.015581029451003,0.02762162577156087
g01_nominal_000,g01,independent_milp,180.0,2,g01_t04_000,g01_t00_023,True,5.889632552057752,0.05181237043396942
g01_nominal_000,g01,independent_milp,270.0,3,g01_t00_023,g01_t05_052,True,3.862655862507402,0.010130894975510493
g01_nominal_000,g01,independent_milp,360.0,4,g01_t05_052,g01_t02_057,True,4.740948163945279,0.02086328143061822
g01_nominal_000,g01,independent_milp,450.0,5,g01_t02_057,g01_t07_025,True,25.491026523760816,0.04720675059227725
g01_nominal_000,g01,independent_milp,540.0,6,g01_t07_025,g01_t06_025,True,24.87331703913134,0.01776741982556343
g01_nominal_000,g01,independent_milp,630.0,7,g01_t06_025,g01_t08_027,True,17.18583906272511,0.02287010953188068
g01_nominal_000,g01,independent_milp,720.0,8,g01_t08_027,g01_t01_049,True,19.75886636959521,0.04604180870509462
g01_nominal_001,g01,adaptive_rollout_adp,90.0,1,,g01_t04_047,True,18.340544988099282,0.009875550423744422
g01_nominal_001,g01,adaptive_rollout_adp,180.0,2,g01_t04_047,g01_t00_023,True,6.470911553053833,0.03448033422978818
g01_nominal_001,g01,adaptive_rollout_adp,270.0,3,g01_t00_023,g01_t05_052,True,3.862655862507402,0.010130894975510493
g01_nominal_001,g01,adaptive_rollout_adp,360.0,4,g01_t05_052,g01_t02_045,True,4.656556675400561,0.026972255315361727
g01_nominal_001,g01,adaptive_rollout_adp,450.0,5,g01_t02_045,g01_t07_025,True,19.222713932114964,0.03999966713598189
g01_nominal_001,g01,adaptive_rollout_adp,540.0,6,g01_t07_025,g01_t06_025,True,24.87331703913134,0.01776741982556343
g01_nominal_001,g01,adaptive_rollout_adp,630.0,7,g01_t06_025,g01_t08_027,True,17.18583906272511,0.02287010953188068
g01_nominal_001,g01,adaptive_rollout_adp,720.0,8,g01_t08_027,g01_t03_060,True,7.963131258310417,0.03609104379235408
g01_nominal_001,g01,adaptive_rollout_adp,810.0,9,g01_t03_060,g01_t01_049,True,11.286163804726817,0.05538835584540831
g01_nominal_001,g01,one_step_adp,90.0,1,,g01_t00_000,True,2.6856203250819126,0.04244898942008804
g01_nominal_001,g01,one_step_adp,180.0,2,g01_t00_000,g01_t05_018,True,2.8619103121138543,0.009652569870450758
g01_nominal_001,g01,one_step_adp,270.0,3,g01_t05_018,g01_t04_047,True,12.144557862275258,0.0369971212380308
g01_nominal_001,g01,one_step_adp,360.0,4,g01_t04_047,g01_t03_026,True,3.1684316049607912,0.02902617792328548
g01_nominal_001,g01,one_step_adp,450.0,5,g01_t03_026,g01_t08_027,True,1.8679225696417572,0.04458220737603425
g01_nominal_001,g01,one_step_adp,540.0,6,g01_t08_027,g01_t06_025,True,17.832868662060218,0.022862377400723253
g01_nominal_001,g01,one_step_adp,630.0,7,g01_t06_025,g01_t07_025,True,25.04898488605505,0.017745276333715993
g01_nominal_001,g01,one_step_adp,720.0,8,g01_t07_025,g01_t02_045,True,19.202226594659965,0.03999970259700613
g01_nominal_001,g01,one_step_adp,810.0,9,g01_t02_045,g01_t01_049,True,20.239409073279056,0.043260062731975454
g01_nominal_001,g01,independent_milp,90.0,1,,g01_t04_000,True,22.015581029451003,0.02762162577156087
g01_nominal_001,g01,independent_milp,180.0,2,g01_t04_000,g01_t00_023,True,5.889632552057752,0.05181237043396942
g01_nominal_001,g01,independent_milp,270.0,3,g01_t00_023,g01_t05_052,True,3.862655862507402,0.010130894975510493
g01_nominal_001,g01,independent_milp,360.0,4,g01_t05_052,g01_t02_057,True,4.740948163945279,0.02086328143061822
g01_nominal_001,g01,independent_milp,450.0,5,g01_t02_057,g01_t07_025,True,25.491026523760816,0.04720675059227725
g01_nominal_001,g01,independent_milp,540.0,6,g01_t07_025,g01_t06_025,True,24.87331703913134,0.01776741982556343
g01_nominal_001,g01,independent_milp,630.0,7,g01_t06_025,g01_t08_027,True,17.18583906272511,0.02287010953188068
g01_nominal_001,g01,independent_milp,720.0,8,g01_t08_027,g01_t01_049,True,19.75886636959521,0.04604180870509462
g01_nominal_002,g01,adaptive_rollout_adp,90.0,1,,g01_t04_047,True,18.340544988099282,0.009875550423744422
g01_nominal_002,g01,adaptive_rollout_adp,180.0,2,g01_t04_047,g01_t00_023,True,6.470911553053833,0.03448033422978818
g01_nominal_002,g01,adaptive_rollout_adp,270.0,3,g01_t00_023,g01_t05_052,True,3.862655862507402,0.010130894975510493
g01_nominal_002,g01,adaptive_rollout_adp,360.0,4,g01_t05_052,g01_t02_045,True,4.656556675400561,0.026972255315361727
g01_nominal_002,g01,adaptive_rollout_adp,450.0,5,g01_t02_045,g01_t07_025,True,19.222713932114964,0.03999966713598189
g01_nominal_002,g01,adaptive_rollout_adp,540.0,6,g01_t07_025,g01_t06_025,True,24.87331703913134,0.01776741982556343
g01_nominal_002,g01,adaptive_rollout_adp,630.0,7,g01_t06_025,g01_t08_027,True,17.18583906272511,0.02287010953188068
g01_nominal_002,g01,adaptive_rollout_adp,720.0,8,g01_t08_027,g01_t03_060,True,7.963131258310417,0.03609104379235408
g01_nominal_002,g01,adaptive_rollout_adp,810.0,9,g01_t03_060,g01_t01_049,True,11.286163804726817,0.05538835584540831
g01_nominal_002,g01,one_step_adp,90.0,1,,g01_t00_000,True,2.6856203250819126,0.04244898942008804
g01_nominal_002,g01,one_step_adp,180.0,2,g01_t00_000,g01_t05_018,True,2.8619103121138543,0.009652569870450758
g01_nominal_002,g01,one_step_adp,270.0,3,g01_t05_018,g01_t04_047,True,12.144557862275258,0.0369971212380308
g01_nominal_002,g01,one_step_adp,360.0,4,g01_t04_047,g01_t03_026,True,3.1684316049607912,0.02902617792328548
g01_nominal_002,g01,one_step_adp,450.0,5,g01_t03_026,g01_t08_027,True,1.8679225696417572,0.04458220737603425
g01_nominal_002,g01,one_step_adp,540.0,6,g01_t08_027,g01_t06_025,True,17.832868662060218,0.022862377400723253
g01_nominal_002,g01,one_step_adp,630.0,7,g01_t06_025,g01_t07_025,True,25.04898488605505,0.017745276333715993
g01_nominal_002,g01,one_step_adp,720.0,8,g01_t07_025,g01_t02_045,True,19.202226594659965,0.03999970259700613
g01_nominal_002,g01,one_step_adp,810.0,9,g01_t02_045,g01_t01_049,True,20.239409073279056,0.043260062731975454
g01_nominal_002,g01,independent_milp,90.0,1,,g01_t04_000,True,22.015581029451003,0.02762162577156087
g01_nominal_002,g01,independent_milp,180.0,2,g01_t04_000,g01_t00_023,True,5.889632552057752,0.05181237043396942
g01_nominal_002,g01,independent_milp,270.0,3,g01_t00_023,g01_t05_052,True,3.862655862507402,0.010130894975510493
g01_nominal_002,g01,independent_milp,360.0,4,g01_t05_052,g01_t02_057,True,4.740948163945279,0.02086328143061822
g01_nominal_002,g01,independent_milp,450.0,5,g01_t02_057,g01_t07_025,True,25.491026523760816,0.04720675059227725
g01_nominal_002,g01,independent_milp,540.0,6,g01_t07_025,g01_t06_025,True,24.87331703913134,0.01776741982556343
g01_nominal_002,g01,independent_milp,630.0,7,g01_t06_025,g01_t08_027,True,17.18583906272511,0.02287010953188068
g01_nominal_002,g01,independent_milp,720.0,8,g01_t08_027,g01_t01_049,True,19.75886636959521,0.04604180870509462
g01_nominal_003,g01,adaptive_rollout_adp,90.0,1,,g01_t04_047,True,18.340544988099282,0.009875550423744422
g01_nominal_003,g01,adaptive_rollout_adp,180.0,2,g01_t04_047,g01_t00_023,True,6.470911553053833,0.03448033422978818
g01_nominal_003,g01,adaptive_rollout_adp,270.0,3,g01_t00_023,g01_t05_052,True,3.862655862507402,0.010130894975510493
g01_nominal_003,g01,adaptive_rollout_adp,360.0,4,g01_t05_052,g01_t02_045,True,4.656556675400561,0.026972255315361727
g01_nominal_003,g01,adaptive_rollout_adp,450.0,5,g01_t02_045,g01_t07_025,True,19.222713932114964,0.03999966713598189
g01_nominal_003,g01,adaptive_rollout_adp,540.0,6,g01_t07_025,g01_t06_025,True,24.87331703913134,0.01776741982556343
g01_nominal_003,g01,adaptive_rollout_adp,630.0,7,g01_t06_025,g01_t08_027,True,17.18583906272511,0.02287010953188068
g01_nominal_003,g01,adaptive_rollout_adp,720.0,8,g01_t08_027,g01_t03_060,True,7.963131258310417,0.03609104379235408
g01_nominal_003,g01,adaptive_rollout_adp,810.0,9,g01_t03_060,g01_t01_049,True,11.286163804726817,0.05538835584540831
g01_nominal_003,g01,one_step_adp,90.0,1,,g01_t00_000,True,2.6856203250819126,0.04244898942008804
g01_nominal_003,g01,one_step_adp,180.0,2,g01_t00_000,g01_t05_018,True,2.8619103121138543,0.009652569870450758
g01_nominal_003,g01,one_step_adp,270.0,3,g01_t05_018,g01_t04_047,True,12.144557862275258,0.0369971212380308
g01_nominal_003,g01,one_step_adp,360.0,4,g01_t04_047,g01_t03_026,True,3.1684316049607912,0.02902617792328548
g01_nominal_003,g01,one_step_adp,450.0,5,g01_t03_026,g01_t08_027,True,1.8679225696417572,0.04458220737603425
g01_nominal_003,g01,one_step_adp,540.0,6,g01_t08_027,g01_t06_025,True,17.832868662060218,0.022862377400723253
g01_nominal_003,g01,one_step_adp,630.0,7,g01_t06_025,g01_t07_025,True,25.04898488605505,0.017745276333715993
g01_nominal_003,g01,one_step_adp,720.0,8,g01_t07_025,g01_t02_045,True,19.202226594659965,0.03999970259700613
g01_nominal_003,g01,one_step_adp,810.0,9,g01_t02_045,g01_t01_049,True,20.239409073279056,0.043260062731975454
g01_nominal_003,g01,independent_milp,90.0,1,,g01_t04_000,True,22.015581029451003,0.02762162577156087
g01_nominal_003,g01,independent_milp,180.0,2,g01_t04_000,g01_t00_023,True,5.889632552057752,0.05181237043396942
g01_nominal_003,g01,independent_milp,270.0,3,g01_t00_023,g01_t05_052,True,3.862655862507402,0.010130894975510493
g01_nominal_003,g01,independent_milp,360.0,4,g01_t05_052,g01_t02_057,True,4.740948163945279,0.02086328143061822
g01_nominal_003,g01,independent_milp,450.0,5,g01_t02_057,g01_t07_025,True,25.491026523760816,0.04720675059227725
g01_nominal_003,g01,independent_milp,540.0,6,g01_t07_025,g01_t06_025,True,24.87331703913134,0.01776741982556343
g01_nominal_003,g01,independent_milp,630.0,7,g01_t06_025,g01_t08_027,True,17.18583906272511,0.02287010953188068
g01_nominal_003,g01,independent_milp,720.0,8,g01_t08_027,g01_t01_049,True,19.75886636959521,0.04604180870509462
g01_nominal_004,g01,adaptive_rollout_adp,90.0,1,,g01_t04_000,True,22.015581029451003,0.02762162577156087
g01_nominal_004,g01,adaptive_rollout_adp,180.0,2,g01_t04_000,g01_t03_026,True,5.794295562868781,0.01949357319604751
g01_nominal_004,g01,adaptive_rollout_adp,270.0,3,g01_t03_026,g01_t08_027,True,1.8679225696417572,0.04458220737603425
g01_nominal_004,g01,adaptive_rollout_adp,360.0,4,g01_t08_027,g01_t06_025,True,17.832868662060218,0.022862377400723253
g01_nominal_004,g01,adaptive_rollout_adp,450.0,5,g01_t06_025,g01_t07_025,True,25.04898488605505,0.017745276333715993
g01_nominal_004,g01,adaptive_rollout_adp,540.0,6,g01_t07_025,g01_t02_045,True,19.202226594659965,0.03999970259700613
g01_nominal_004,g01,adaptive_rollout_adp,630.0,7,g01_t02_045,g01_t00_054,True,19.531558795152936,0.01724375970158982
g01_nominal_004,g01,adaptive_rollout_adp,720.0,8,g01_t00_054,g01_t05_005,True,3.63569345771911,0.01518553468595928
g01_nominal_004,g01,adaptive_rollout_adp,810.0,9,g01_t05_005,g01_t01_049,True,3.433396748408486,0.05100934396791517
g01_nominal_004,g01,one_step_adp,90.0,1,,g01_t00_000,True,2.6856203250819126,0.04244898942008804
g01_nominal_004,g01,one_step_adp,180.0,2,g01_t00_000,g01_t05_018,True,2.8619103121138543,0.009652569870450758
g01_nominal_004,g01,one_step_adp,270.0,3,g01_t05_018,g01_t04_000,True,12.16263975163655,0.04810649781985107
g01_nominal_004,g01,one_step_adp,360.0,4,g01_t04_000,g01_t03_026,True,5.794295562868781,0.01949357319604751
g01_nominal_004,g01,one_step_adp,450.0,5,g01_t03_026,g01_t08_027,True,1.8679225696417572,0.04458220737603425
g01_nominal_004,g01,one_step_adp,540.0,6,g01_t08_027,g01_t06_025,True,17.832868662060218,0.022862377400723253
g01_nominal_004,g01,one_step_adp,630.0,7,g01_t06_025,g01_t07_025,True,25.04898488605505,0.017745276333715993
g01_nominal_004,g01,one_step_adp,720.0,8,g01_t07_025,g01_t02_045,True,19.202226594659965,0.03999970259700613
g01_nominal_004,g01,one_step_adp,810.0,9,g01_t02_045,g01_t01_049,True,20.239409073279056,0.043260062731975454
g01_nominal_004,g01,independent_milp,90.0,1,,g01_t04_000,True,22.015581029451003,0.02762162577156087
g01_nominal_004,g01,independent_milp,180.0,2,g01_t04_000,g01_t03_026,True,5.794295562868781,0.01949357319604751
g01_nominal_004,g01,independent_milp,270.0,3,g01_t03_026,g01_t08_027,True,1.8679225696417572,0.04458220737603425
g01_nominal_004,g01,independent_milp,360.0,4,g01_t08_027,g01_t06_025,True,17.832868662060218,0.022862377400723253
g01_nominal_004,g01,independent_milp,450.0,5,g01_t06_025,g01_t13_000,True,24.304834949399147,0.01922478148664706
g01_nominal_004,g01,independent_milp,540.0,6,g01_t13_000,g01_t07_025,True,24.35820077771695,0.008688951741711373
g01_nominal_004,g01,independent_milp,630.0,7,g01_t07_025,g01_t02_045,True,19.202226594659965,0.03999970259700613
g01_nominal_004,g01,independent_milp,720.0,8,g01_t02_045,g01_t00_054,True,19.531558795152936,0.01724375970158982
g01_nominal_004,g01,independent_milp,810.0,9,g01_t00_054,g01_t05_005,True,3.63569345771911,0.01518553468595928
g01_nominal_004,g01,independent_milp,900.0,10,g01_t05_005,g01_t01_049,True,3.433396748408486,0.05100934396791517
g01_nominal_005,g01,one_step_adp,90.0,1,,g01_t00_000,True,2.6856203250819126,0.04244898942008804
g01_nominal_005,g01,one_step_adp,180.0,2,g01_t00_000,g01_t05_018,True,2.8619103121138543,0.009652569870450758
g01_nominal_005,g01,one_step_adp,270.0,3,g01_t05_018,g01_t04_047,True,12.144557862275258,0.0369971212380308
g01_nominal_005,g01,one_step_adp,360.0,4,g01_t04_047,g01_t03_026,True,3.1684316049607912,0.02902617792328548
g01_nominal_005,g01,one_step_adp,450.0,5,g01_t03_026,g01_t08_027,True,1.8679225696417572,0.04458220737603425
g01_nominal_005,g01,one_step_adp,540.0,6,g01_t08_027,g01_t06_025,True,17.832868662060218,0.022862377400723253
g01_nominal_005,g01,one_step_adp,630.0,7,g01_t06_025,g01_t07_025,True,25.04898488605505,0.017745276333715993
g01_nominal_005,g01,one_step_adp,720.0,8,g01_t07_025,g01_t02_045,True,19.202226594659965,0.03999970259700613
g01_nominal_005,g01,one_step_adp,810.0,9,g01_t02_045,g01_t01_049,True,20.239409073279056,0.043260062731975454
g01_nominal_005,g01,adaptive_rollout_adp,90.0,1,,g01_t04_047,True,18.340544988099282,0.009875550423744422
g01_nominal_005,g01,adaptive_rollout_adp,180.0,2,g01_t04_047,g01_t00_023,True,6.470911553053833,0.03448033422978818
g01_nominal_005,g01,adaptive_rollout_adp,270.0,3,g01_t00_023,g01_t05_052,True,3.862655862507402,0.010130894975510493
g01_nominal_005,g01,adaptive_rollout_adp,360.0,4,g01_t05_052,g01_t02_045,True,4.656556675400561,0.026972255315361727
g01_nominal_005,g01,adaptive_rollout_adp,450.0,5,g01_t02_045,g01_t07_025,True,19.222713932114964,0.03999966713598189
g01_nominal_005,g01,adaptive_rollout_adp,540.0,6,g01_t07_025,g01_t06_025,True,24.87331703913134,0.01776741982556343
g01_nominal_005,g01,adaptive_rollout_adp,630.0,7,g01_t06_025,g01_t08_027,True,17.18583906272511,0.02287010953188068
g01_nominal_005,g01,adaptive_rollout_adp,720.0,8,g01_t08_027,g01_t03_060,True,7.963131258310417,0.03609104379235408
g01_nominal_005,g01,adaptive_rollout_adp,810.0,9,g01_t03_060,g01_t01_049,True,11.286163804726817,0.05538835584540831
g01_nominal_005,g01,independent_milp,90.0,1,,g01_t04_000,True,22.015581029451003,0.02762162577156087
g01_nominal_005,g01,independent_milp,180.0,2,g01_t04_000,g01_t00_023,True,5.889632552057752,0.05181237043396942
g01_nominal_005,g01,independent_milp,270.0,3,g01_t00_023,g01_t05_052,True,3.862655862507402,0.010130894975510493
g01_nominal_005,g01,independent_milp,360.0,4,g01_t05_052,g01_t02_057,True,4.740948163945279,0.02086328143061822
g01_nominal_005,g01,independent_milp,450.0,5,g01_t02_057,g01_t07_025,True,25.491026523760816,0.04720675059227725
g01_nominal_005,g01,independent_milp,540.0,6,g01_t07_025,g01_t06_025,True,24.87331703913134,0.01776741982556343
g01_nominal_005,g01,independent_milp,630.0,7,g01_t06_025,g01_t08_027,True,17.18583906272511,0.02287010953188068
g01_nominal_005,g01,independent_milp,720.0,8,g01_t08_027,g01_t01_049,True,19.75886636959521,0.04604180870509462
g01_nominal_006,g01,adaptive_rollout_adp,90.0,1,,g01_t04_047,True,18.340544988099282,0.009875550423744422
g01_nominal_006,g01,adaptive_rollout_adp,180.0,2,g01_t04_047,g01_t00_023,True,6.470911553053833,0.03448033422978818
g01_nominal_006,g01,adaptive_rollout_adp,270.0,3,g01_t00_023,g01_t05_052,True,3.862655862507402,0.010130894975510493
g01_nominal_006,g01,adaptive_rollout_adp,360.0,4,g01_t05_052,g01_t02_045,True,4.656556675400561,0.026972255315361727
g01_nominal_006,g01,adaptive_rollout_adp,450.0,5,g01_t02_045,g01_t07_025,True,19.222713932114964,0.03999966713598189
g01_nominal_006,g01,adaptive_rollout_adp,540.0,6,g01_t07_025,g01_t06_025,True,24.87331703913134,0.01776741982556343
g01_nominal_006,g01,adaptive_rollout_adp,630.0,7,g01_t06_025,g01_t08_027,True,17.18583906272511,0.02287010953188068
g01_nominal_006,g01,adaptive_rollout_adp,720.0,8,g01_t08_027,g01_t03_060,True,7.963131258310417,0.03609104379235408
g01_nominal_006,g01,adaptive_rollout_adp,810.0,9,g01_t03_060,g01_t01_049,True,11.286163804726817,0.05538835584540831
g01_nominal_006,g01,one_step_adp,90.0,1,,g01_t00_000,True,2.6856203250819126,0.04244898942008804
g01_nominal_006,g01,one_step_adp,180.0,2,g01_t00_000,g01_t05_018,True,2.8619103121138543,0.009652569870450758
g01_nominal_006,g01,one_step_adp,270.0,3,g01_t05_018,g01_t04_047,True,12.144557862275258,0.0369971212380308
g01_nominal_006,g01,one_step_adp,360.0,4,g01_t04_047,g01_t03_026,True,3.1684316049607912,0.02902617792328548
g01_nominal_006,g01,one_step_adp,450.0,5,g01_t03_026,g01_t08_027,True,1.8679225696417572,0.04458220737603425
g01_nominal_006,g01,one_step_adp,540.0,6,g01_t08_027,g01_t06_025,True,17.832868662060218,0.022862377400723253
g01_nominal_006,g01,one_step_adp,630.0,7,g01_t06_025,g01_t07_025,True,25.04898488605505,0.017745276333715993
g01_nominal_006,g01,one_step_adp,720.0,8,g01_t07_025,g01_t02_045,True,19.202226594659965,0.03999970259700613
g01_nominal_006,g01,one_step_adp,810.0,9,g01_t02_045,g01_t01_049,True,20.239409073279056,0.043260062731975454
g01_nominal_006,g01,independent_milp,90.0,1,,g01_t04_000,True,22.015581029451003,0.02762162577156087
g01_nominal_006,g01,independent_milp,180.0,2,g01_t04_000,g01_t00_023,True,5.889632552057752,0.05181237043396942
g01_nominal_006,g01,independent_milp,270.0,3,g01_t00_023,g01_t05_052,True,3.862655862507402,0.010130894975510493
g01_nominal_006,g01,independent_milp,360.0,4,g01_t05_052,g01_t02_045,True,4.656556675400561,0.026972255315361727
g01_nominal_006,g01,independent_milp,450.0,5,g01_t02_045,g01_t07_025,True,19.222713932114964,0.03999966713598189
g01_nominal_006,g01,independent_milp,540.0,6,g01_t07_025,g01_t06_025,True,24.87331703913134,0.01776741982556343
g01_nominal_006,g01,independent_milp,630.0,7,g01_t06_025,g01_t08_027,True,17.18583906272511,0.02287010953188068
g01_nominal_006,g01,independent_milp,720.0,8,g01_t08_027,g01_t01_049,True,19.75886636959521,0.04604180870509462
g01_nominal_007,g01,one_step_adp,90.0,1,,g01_t07_025,True,7.890393264750306,0.046781999444182286
g01_nominal_007,g01,one_step_adp,180.0,2,g01_t07_025,g01_t08_027,True,12.152888220830764,0.037488601222539934
g01_nominal_007,g01,one_step_adp,270.0,3,g01_t08_027,g01_t06_000,True,13.348189133497357,0.008096892919687893
g01_nominal_007,g01,one_step_adp,360.0,4,g01_t06_000,g01_t01_049,True,13.058261305253481,0.0528612711437108
g01_nominal_007,g01,one_step_adp,450.0,5,g01_t01_049,g01_t02_045,True,20.914061049530762,0.04324110731198179
g01_nominal_007,g01,one_step_adp,540.0,6,g01_t02_045,g01_t05_052,True,4.6703533847137875,0.02695126227189818
g01_nominal_007,g01,one_step_adp,630.0,7,g01_t05_052,g01_t00_023,True,3.632259369102921,0.0101412695326091
g01_nominal_007,g01,one_step_adp,720.0,8,g01_t00_023,g01_t04_000,True,5.8266856134720735,0.05181350031386873
g01_nominal_007,g01,adaptive_rollout_adp,90.0,1,,g01_t04_047,True,18.340544988099282,0.009875550423744422
g01_nominal_007,g01,adaptive_rollout_adp,180.0,2,g01_t04_047,g01_t00_023,True,6.470911553053833,0.03448033422978818
g01_nominal_007,g01,adaptive_rollout_adp,270.0,3,g01_t00_023,g01_t05_052,True,3.862655862507402,0.010130894975510493
g01_nominal_007,g01,adaptive_rollout_adp,360.0,4,g01_t05_052,g01_t02_045,True,4.656556675400561,0.026972255315361727
g01_nominal_007,g01,adaptive_rollout_adp,450.0,5,g01_t02_045,g01_t07_025,True,19.222713932114964,0.03999966713598189
g01_nominal_007,g01,adaptive_rollout_adp,540.0,6,g01_t07_025,g01_t06_025,True,24.87331703913134,0.01776741982556343
g01_nominal_007,g01,adaptive_rollout_adp,630.0,7,g01_t06_025,g01_t08_027,True,17.18583906272511,0.02287010953188068
g01_nominal_007,g01,adaptive_rollout_adp,720.0,8,g01_t08_027,g01_t03_060,True,7.963131258310417,0.03609104379235408
g01_nominal_007,g01,adaptive_rollout_adp,810.0,9,g01_t03_060,g01_t01_049,True,11.286163804726817,0.05538835584540831
g01_nominal_007,g01,incumbent,90.0,1,,g01_t04_047,True,18.340544988099282,0.009875550423744422
g01_nominal_007,g01,incumbent,180.0,2,g01_t04_047,g01_t04_000,True,18.300874345079023,0.01929689878231396
g01_nominal_007,g01,incumbent,270.0,3,g01_t04_000,g01_t00_023,True,5.889632552057752,0.05181237043396942
g01_nominal_007,g01,incumbent,360.0,4,g01_t00_023,g01_t05_052,True,3.862655862507402,0.010130894975510493
g01_nominal_007,g01,incumbent,450.0,5,g01_t05_052,g01_t02_057,True,4.740948163945279,0.02086328143061822
g01_nominal_007,g01,incumbent,540.0,6,g01_t02_057,g01_t07_000,True,25.52247462067387,0.0461693226284198
g01_nominal_007,g01,incumbent,630.0,7,g01_t07_000,g01_t06_025,True,24.599657979109352,0.04062595330500757
g01_nominal_007,g01,incumbent,720.0,8,g01_t06_025,g01_t08_013,True,25.043742424420625,0.014575868043301165
g01_nominal_007,g01,incumbent,810.0,9,g01_t08_013,g01_t06_053,True,27.602528605790578,0.00880582923346278
g01_nominal_007,g01,incumbent,900.0,10,g01_t06_053,g01_t11_000,True,27.48761989801882,0.016645318786427155
g01_nominal_007,g01,incumbent,990.0,11,g01_t11_000,g01_t06_000,True,13.086980670859424,0.035175112240502605
g01_nominal_007,g01,incumbent,1080.0,12,g01_t06_000,g01_t01_049,True,13.058261305253481,0.0528612711437108
g01_nominal_007,g01,independent_milp,90.0,1,,g01_t04_000,True,22.015581029451003,0.02762162577156087
g01_nominal_007,g01,independent_milp,180.0,2,g01_t04_000,g01_t00_023,True,5.889632552057752,0.05181237043396942
g01_nominal_007,g01,independent_milp,270.0,3,g01_t00_023,g01_t05_052,True,3.862655862507402,0.010130894975510493
g01_nominal_007,g01,independent_milp,360.0,4,g01_t05_052,g01_t02_045,True,4.656556675400561,0.026972255315361727
g01_nominal_007,g01,independent_milp,450.0,5,g01_t02_045,g01_t07_025,True,19.222713932114964,0.03999966713598189
g01_nominal_007,g01,independent_milp,540.0,6,g01_t07_025,g01_t06_025,True,24.87331703913134,0.01776741982556343
g01_nominal_007,g01,independent_milp,630.0,7,g01_t06_025,g01_t08_027,True,17.18583906272511,0.02287010953188068
g01_nominal_007,g01,independent_milp,720.0,8,g01_t08_027,g01_t01_049,True,19.75886636959521,0.04604180870509462
g01_nominal_008,g01,one_step_adp,90.0,1,,g01_t00_000,True,2.6856203250819126,0.04244898942008804
g01_nominal_008,g01,one_step_adp,180.0,2,g01_t00_000,g01_t05_018,True,2.8619103121138543,0.009652569870450758
g01_nominal_008,g01,one_step_adp,270.0,3,g01_t05_018,g01_t04_047,True,12.144557862275258,0.0369971212380308
g01_nominal_008,g01,one_step_adp,360.0,4,g01_t04_047,g01_t03_026,True,3.1684316049607912,0.02902617792328548
g01_nominal_008,g01,one_step_adp,450.0,5,g01_t03_026,g01_t08_027,True,1.8679225696417572,0.04458220737603425
g01_nominal_008,g01,one_step_adp,540.0,6,g01_t08_027,g01_t06_025,True,17.832868662060218,0.022862377400723253
g01_nominal_008,g01,one_step_adp,630.0,7,g01_t06_025,g01_t07_025,True,25.04898488605505,0.017745276333715993
g01_nominal_008,g01,one_step_adp,720.0,8,g01_t07_025,g01_t02_045,True,19.202226594659965,0.03999970259700613
g01_nominal_008,g01,one_step_adp,810.0,9,g01_t02_045,g01_t01_049,True,20.239409073279056,0.043260062731975454
g01_nominal_008,g01,adaptive_rollout_adp,90.0,1,,g01_t04_047,True,18.340544988099282,0.009875550423744422
g01_nominal_008,g01,adaptive_rollout_adp,180.0,2,g01_t04_047,g01_t00_023,True,6.470911553053833,0.03448033422978818
g01_nominal_008,g01,adaptive_rollout_adp,270.0,3,g01_t00_023,g01_t05_052,True,3.862655862507402,0.010130894975510493
g01_nominal_008,g01,adaptive_rollout_adp,360.0,4,g01_t05_052,g01_t02_045,True,4.656556675400561,0.026972255315361727
g01_nominal_008,g01,adaptive_rollout_adp,450.0,5,g01_t02_045,g01_t07_025,True,19.222713932114964,0.03999966713598189
g01_nominal_008,g01,adaptive_rollout_adp,540.0,6,g01_t07_025,g01_t06_025,True,24.87331703913134,0.01776741982556343
g01_nominal_008,g01,adaptive_rollout_adp,630.0,7,g01_t06_025,g01_t08_027,True,17.18583906272511,0.02287010953188068
g01_nominal_008,g01,adaptive_rollout_adp,720.0,8,g01_t08_027,g01_t03_060,True,7.963131258310417,0.03609104379235408
g01_nominal_008,g01,adaptive_rollout_adp,810.0,9,g01_t03_060,g01_t01_049,True,11.286163804726817,0.05538835584540831
g01_nominal_008,g01,independent_milp,90.0,1,,g01_t04_000,True,22.015581029451003,0.02762162577156087
g01_nominal_008,g01,independent_milp,180.0,2,g01_t04_000,g01_t00_023,True,5.889632552057752,0.05181237043396942
g01_nominal_008,g01,independent_milp,270.0,3,g01_t00_023,g01_t05_052,True,3.862655862507402,0.010130894975510493
g01_nominal_008,g01,independent_milp,360.0,4,g01_t05_052,g01_t02_045,True,4.656556675400561,0.026972255315361727
g01_nominal_008,g01,independent_milp,450.0,5,g01_t02_045,g01_t07_025,True,19.222713932114964,0.03999966713598189
g01_nominal_008,g01,independent_milp,540.0,6,g01_t07_025,g01_t06_025,True,24.87331703913134,0.01776741982556343
g01_nominal_008,g01,independent_milp,630.0,7,g01_t06_025,g01_t08_027,True,17.18583906272511,0.02287010953188068
g01_nominal_008,g01,independent_milp,720.0,8,g01_t08_027,g01_t01_049,True,19.75886636959521,0.04604180870509462
g01_nominal_009,g01,one_step_adp,90.0,1,,g01_t00_000,True,2.6856203250819126,0.04244898942008804
g01_nominal_009,g01,one_step_adp,180.0,2,g01_t00_000,g01_t05_018,True,2.8619103121138543,0.009652569870450758
g01_nominal_009,g01,one_step_adp,270.0,3,g01_t05_018,g01_t04_047,True,12.144557862275258,0.0369971212380308
g01_nominal_009,g01,one_step_adp,360.0,4,g01_t04_047,g01_t03_026,True,3.1684316049607912,0.02902617792328548
g01_nominal_009,g01,one_step_adp,450.0,5,g01_t03_026,g01_t08_027,True,1.8679225696417572,0.04458220737603425
g01_nominal_009,g01,one_step_adp,540.0,6,g01_t08_027,g01_t06_025,True,17.832868662060218,0.022862377400723253
g01_nominal_009,g01,one_step_adp,630.0,7,g01_t06_025,g01_t07_025,True,25.04898488605505,0.017745276333715993
g01_nominal_009,g01,one_step_adp,720.0,8,g01_t07_025,g01_t02_045,True,19.202226594659965,0.03999970259700613
g01_nominal_009,g01,one_step_adp,810.0,9,g01_t02_045,g01_t01_049,True,20.239409073279056,0.043260062731975454
g01_nominal_009,g01,adaptive_rollout_adp,90.0,1,,g01_t04_047,True,18.340544988099282,0.009875550423744422
g01_nominal_009,g01,adaptive_rollout_adp,180.0,2,g01_t04_047,g01_t00_023,True,6.470911553053833,0.03448033422978818
g01_nominal_009,g01,adaptive_rollout_adp,270.0,3,g01_t00_023,g01_t05_052,True,3.862655862507402,0.010130894975510493
g01_nominal_009,g01,adaptive_rollout_adp,360.0,4,g01_t05_052,g01_t02_045,True,4.656556675400561,0.026972255315361727
g01_nominal_009,g01,adaptive_rollout_adp,450.0,5,g01_t02_045,g01_t07_025,True,19.222713932114964,0.03999966713598189
g01_nominal_009,g01,adaptive_rollout_adp,540.0,6,g01_t07_025,g01_t06_025,True,24.87331703913134,0.01776741982556343
g01_nominal_009,g01,adaptive_rollout_adp,630.0,7,g01_t06_025,g01_t08_027,True,17.18583906272511,0.02287010953188068
g01_nominal_009,g01,adaptive_rollout_adp,720.0,8,g01_t08_027,g01_t03_060,True,7.963131258310417,0.03609104379235408
g01_nominal_009,g01,adaptive_rollout_adp,810.0,9,g01_t03_060,g01_t01_049,True,11.286163804726817,0.05538835584540831
g01_nominal_009,g01,independent_milp,90.0,1,,g01_t04_047,True,18.340544988099282,0.009875550423744422
g01_nominal_009,g01,independent_milp,180.0,2,g01_t04_047,g01_t03_026,True,3.1684316049607912,0.02902617792328548
g01_nominal_009,g01,independent_milp,270.0,3,g01_t03_026,g01_t08_027,True,1.8679225696417572,0.04458220737603425
g01_nominal_009,g01,independent_milp,360.0,4,g01_t08_027,g01_t06_025,True,17.832868662060218,0.022862377400723253
g01_nominal_009,g01,independent_milp,450.0,5,g01_t06_025,g01_t07_025,True,25.04898488605505,0.017745276333715993
g01_nominal_009,g01,independent_milp,540.0,6,g01_t07_025,g01_t02_045,True,19.202226594659965,0.03999970259700613
g01_nominal_009,g01,independent_milp,630.0,7,g01_t02_045,g01_t00_054,True,19.531558795152936,0.01724375970158982
g01_nominal_009,g01,independent_milp,720.0,8,g01_t00_054,g01_t05_005,True,3.63569345771911,0.01518553468595928
g01_nominal_009,g01,independent_milp,810.0,9,g01_t05_005,g01_t01_049,True,3.433396748408486,0.05100934396791517
g01_shifted_000,g01,one_step_adp,90.0,1,,g01_t07_025,True,7.890393264750306,0.046781999444182286
g01_shifted_000,g01,one_step_adp,180.0,2,g01_t07_025,g01_t08_027,True,12.152888220830764,0.037488601222539934
g01_shifted_000,g01,one_step_adp,270.0,3,g01_t08_027,g01_t06_000,True,13.348189133497357,0.008096892919687893
g01_shifted_000,g01,one_step_adp,360.0,4,g01_t06_000,g01_t01_049,True,13.058261305253481,0.0528612711437108
g01_shifted_000,g01,one_step_adp,450.0,5,g01_t01_049,g01_t02_045,True,20.914061049530762,0.04324110731198179
g01_shifted_000,g01,one_step_adp,540.0,6,g01_t02_045,g01_t05_052,True,4.6703533847137875,0.02695126227189818
g01_shifted_000,g01,one_step_adp,630.0,7,g01_t05_052,g01_t00_023,True,3.632259369102921,0.0101412695326091
g01_shifted_000,g01,one_step_adp,720.0,8,g01_t00_023,g01_t04_000,True,5.8266856134720735,0.05181350031386873
g01_shifted_000,g01,incumbent,90.0,1,,g01_t04_047,True,18.340544988099282,0.009875550423744422
g01_shifted_000,g01,incumbent,180.0,2,g01_t04_047,g01_t04_000,True,18.300874345079023,0.01929689878231396
g01_shifted_000,g01,incumbent,270.0,3,g01_t04_000,g01_t00_023,True,5.889632552057752,0.05181237043396942
g01_shifted_000,g01,incumbent,360.0,4,g01_t00_023,g01_t05_052,True,3.862655862507402,0.010130894975510493
g01_shifted_000,g01,incumbent,450.0,5,g01_t05_052,g01_t02_057,True,4.740948163945279,0.02086328143061822
g01_shifted_000,g01,incumbent,540.0,6,g01_t02_057,g01_t07_000,True,25.52247462067387,0.0461693226284198
g01_shifted_000,g01,incumbent,630.0,7,g01_t07_000,g01_t06_025,True,24.599657979109352,0.04062595330500757
g01_shifted_000,g01,incumbent,720.0,8,g01_t06_025,g01_t08_013,True,25.043742424420625,0.014575868043301165
g01_shifted_000,g01,incumbent,810.0,9,g01_t08_013,g01_t06_053,True,27.602528605790578,0.00880582923346278
g01_shifted_000,g01,incumbent,900.0,10,g01_t06_053,g01_t11_000,True,27.48761989801882,0.016645318786427155
g01_shifted_000,g01,incumbent,990.0,11,g01_t11_000,g01_t06_000,True,13.086980670859424,0.035175112240502605
g01_shifted_000,g01,incumbent,1080.0,12,g01_t06_000,g01_t01_049,True,13.058261305253481,0.0528612711437108
g01_shifted_000,g01,adaptive_rollout_adp,90.0,1,,g01_t04_047,True,18.340544988099282,0.009875550423744422
g01_shifted_000,g01,adaptive_rollout_adp,180.0,2,g01_t04_047,g01_t00_023,True,6.470911553053833,0.03448033422978818
g01_shifted_000,g01,adaptive_rollout_adp,270.0,3,g01_t00_023,g01_t05_052,True,3.862655862507402,0.010130894975510493
g01_shifted_000,g01,adaptive_rollout_adp,360.0,4,g01_t05_052,g01_t02_045,True,4.656556675400561,0.026972255315361727
g01_shifted_000,g01,adaptive_rollout_adp,450.0,5,g01_t02_045,g01_t07_025,True,19.222713932114964,0.03999966713598189
g01_shifted_000,g01,adaptive_rollout_adp,540.0,6,g01_t07_025,g01_t06_025,True,24.87331703913134,0.01776741982556343
g01_shifted_000,g01,adaptive_rollout_adp,630.0,7,g01_t06_025,g01_t08_027,True,17.18583906272511,0.02287010953188068
g01_shifted_000,g01,adaptive_rollout_adp,720.0,8,g01_t08_027,g01_t03_060,True,7.963131258310417,0.03609104379235408
g01_shifted_000,g01,adaptive_rollout_adp,810.0,9,g01_t03_060,g01_t01_049,True,11.286163804726817,0.05538835584540831
g01_shifted_000,g01,independent_milp,90.0,1,,g01_t04_000,True,22.015581029451003,0.02762162577156087
g01_shifted_000,g01,independent_milp,180.0,2,g01_t04_000,g01_t00_023,True,5.889632552057752,0.05181237043396942
g01_shifted_000,g01,independent_milp,270.0,3,g01_t00_023,g01_t05_052,True,3.862655862507402,0.010130894975510493
g01_shifted_000,g01,independent_milp,360.0,4,g01_t05_052,g01_t02_045,True,4.656556675400561,0.026972255315361727
g01_shifted_000,g01,independent_milp,450.0,5,g01_t02_045,g01_t07_025,True,19.222713932114964,0.03999966713598189
g01_shifted_000,g01,independent_milp,540.0,6,g01_t07_025,g01_t06_000,True,11.493996707523813,0.03563356062263385
g01_shifted_000,g01,independent_milp,630.0,7,g01_t06_000,g01_t08_027,True,13.345919096225575,0.00810021172574119
g01_shifted_000,g01,independent_milp,720.0,8,g01_t08_027,g01_t01_049,True,19.75886636959521,0.04604180870509462
g01_shifted_001,g01,one_step_adp,90.0,1,,g01_t00_000,True,2.6856203250819126,0.04244898942008804
g01_shifted_001,g01,one_step_adp,180.0,2,g01_t00_000,g01_t05_018,True,2.8619103121138543,0.009652569870450758
g01_shifted_001,g01,one_step_adp,270.0,3,g01_t05_018,g01_t04_000,True,12.16263975163655,0.04810649781985107
g01_shifted_001,g01,one_step_adp,360.0,4,g01_t04_000,g01_t03_026,True,5.794295562868781,0.01949357319604751
g01_shifted_001,g01,one_step_adp,450.0,5,g01_t03_026,g01_t08_027,True,1.8679225696417572,0.04458220737603425
g01_shifted_001,g01,one_step_adp,540.0,6,g01_t08_027,g01_t06_025,True,17.832868662060218,0.022862377400723253
g01_shifted_001,g01,one_step_adp,630.0,7,g01_t06_025,g01_t07_025,True,25.04898488605505,0.017745276333715993
g01_shifted_001,g01,one_step_adp,720.0,8,g01_t07_025,g01_t02_057,True,26.11510103048689,0.04719319946283023
g01_shifted_001,g01,one_step_adp,810.0,9,g01_t02_057,g01_t00_054,True,19.527057107436338,0.01734253100826428
g01_shifted_001,g01,one_step_adp,900.0,10,g01_t00_054,g01_t01_049,True,16.292928253609784,0.055474104141292106
g01_shifted_001,g01,adaptive_rollout_adp,90.0,1,,g01_t04_000,True,22.015581029451003,0.02762162577156087
g01_shifted_001,g01,adaptive_rollout_adp,180.0,2,g01_t04_000,g01_t00_023,True,5.889632552057752,0.05181237043396942
g01_shifted_001,g01,adaptive_rollout_adp,270.0,3,g01_t00_023,g01_t02_000,True,6.239150077416207,0.028631560601315855
g01_shifted_001,g01,adaptive_rollout_adp,360.0,4,g01_t02_000,g01_t05_052,True,4.709088727588832,0.021644986634157135
g01_shifted_001,g01,adaptive_rollout_adp,450.0,5,g01_t05_052,g01_t07_025,True,4.472376490482548,0.05137025343975565
g01_shifted_001,g01,adaptive_rollout_adp,540.0,6,g01_t07_025,g01_t06_025,True,24.87331703913134,0.01776741982556343
g01_shifted_001,g01,adaptive_rollout_adp,630.0,7,g01_t06_025,g01_t08_027,True,17.18583906272511,0.02287010953188068
g01_shifted_001,g01,adaptive_rollout_adp,720.0,8,g01_t08_027,g01_t01_049,True,19.75886636959521,0.04604180870509462
g01_shifted_001,g01,independent_milp,90.0,1,,g01_t04_000,True,22.015581029451003,0.02762162577156087
g01_shifted_001,g01,independent_milp,180.0,2,g01_t04_000,g01_t00_023,True,5.889632552057752,0.05181237043396942
g01_shifted_001,g01,independent_milp,270.0,3,g01_t00_023,g01_t05_052,True,3.862655862507402,0.010130894975510493
g01_shifted_001,g01,independent_milp,360.0,4,g01_t05_052,g01_t02_057,True,4.740948163945279,0.02086328143061822
g01_shifted_001,g01,independent_milp,450.0,5,g01_t02_057,g01_t07_025,True,25.491026523760816,0.04720675059227725
g01_shifted_001,g01,independent_milp,540.0,6,g01_t07_025,g01_t06_025,True,24.87331703913134,0.01776741982556343
g01_shifted_001,g01,independent_milp,630.0,7,g01_t06_025,g01_t08_027,True,17.18583906272511,0.02287010953188068
g01_shifted_001,g01,independent_milp,720.0,8,g01_t08_027,g01_t01_049,True,19.75886636959521,0.04604180870509462
g01_shifted_002,g01,incumbent,90.0,1,,g01_t04_000,True,22.015581029451003,0.02762162577156087
g01_shifted_002,g01,incumbent,180.0,2,g01_t04_000,g01_t05_018,True,12.15522741543635,0.04810586246485739
g01_shifted_002,g01,incumbent,270.0,3,g01_t05_018,g01_t04_015,True,12.079516940588942,0.056278275236708225
g01_shifted_002,g01,incumbent,360.0,4,g01_t04_015,g01_t05_052,True,0.26025233754551524,0.05953158648084363
g01_shifted_002,g01,incumbent,450.0,5,g01_t05_052,g01_t00_054,True,4.729167756724482,0.01376139902211447
g01_shifted_002,g01,incumbent,540.0,6,g01_t00_054,g01_t02_000,True,19.544664189929087,0.013557595593849333
g01_shifted_002,g01,incumbent,630.0,7,g01_t02_000,g01_t02_057,True,24.736823386526286,0.019660502463847755
g01_shifted_002,g01,incumbent,720.0,8,g01_t02_057,g01_t07_000,True,25.52247462067387,0.0461693226284198
g01_shifted_002,g01,incumbent,810.0,9,g01_t07_000,g01_t06_025,True,24.599657979109352,0.04062595330500757
g01_shifted_002,g01,incumbent,900.0,10,g01_t06_025,g01_t08_013,True,25.043742424420625,0.014575868043301165
g01_shifted_002,g01,incumbent,990.0,11,g01_t08_013,g01_t06_053,True,27.602528605790578,0.00880582923346278
g01_shifted_002,g01,incumbent,1080.0,12,g01_t06_053,g01_t11_000,True,27.48761989801882,0.016645318786427155
g01_shifted_002,g01,incumbent,1170.0,13,g01_t11_000,g01_t06_000,True,13.086980670859424,0.035175112240502605
g01_shifted_002,g01,incumbent,1260.0,14,g01_t06_000,g01_t01_049,True,13.058261305253481,0.0528612711437108
g01_shifted_002,g01,one_step_adp,90.0,1,,g01_t06_025,True,1.8301852225965065,0.055366056181696655
g01_shifted_002,g01,one_step_adp,180.0,2,g01_t06_025,g01_t08_013,True,25.043742424420625,0.014575868043301165
g01_shifted_002,g01,one_step_adp,270.0,3,g01_t08_013,g01_t07_025,True,26.994357176122225,0.02640608814673786
g01_shifted_002,g01,one_step_adp,360.0,4,g01_t07_025,g01_t02_045,True,19.202226594659965,0.03999970259700613
g01_shifted_002,g01,one_step_adp,450.0,5,g01_t02_045,g01_t05_005,True,3.625460552836499,0.024354757498440602
g01_shifted_002,g01,one_step_adp,540.0,6,g01_t05_005,g01_t00_054,True,3.6405885399707785,0.015183275751105065
g01_shifted_002,g01,one_step_adp,630.0,7,g01_t00_054,g01_t01_049,True,16.292928253609784,0.055474104141292106
g01_shifted_002,g01,one_step_adp,720.0,8,g01_t01_049,g01_t03_060,True,11.4020197180011,0.05539647707886815
g01_shifted_002,g01,one_step_adp,810.0,9,g01_t03_060,g01_t04_000,True,1.9228771596791387,0.03170134044417063
g01_shifted_002,g01,adaptive_rollout_adp,90.0,1,,g01_t04_000,True,22.015581029451003,0.02762162577156087
g01_shifted_002,g01,adaptive_rollout_adp,180.0,2,g01_t04_000,g01_t03_060,True,3.0028031431982547,0.031682610295331017
g01_shifted_002,g01,adaptive_rollout_adp,270.0,3,g01_t03_060,g01_t01_049,True,11.286163804726817,0.05538835584540831
g01_shifted_002,g01,adaptive_rollout_adp,360.0,4,g01_t01_049,g01_t05_005,True,3.459291334878253,0.051001291463575
g01_shifted_002,g01,adaptive_rollout_adp,450.0,5,g01_t05_005,g01_t00_054,True,3.6405885399707785,0.015183275751105065
g01_shifted_002,g01,adaptive_rollout_adp,540.0,6,g01_t00_054,g01_t02_045,True,19.524765548171956,0.01726256875718978
g01_shifted_002,g01,adaptive_rollout_adp,630.0,7,g01_t02_045,g01_t07_025,True,19.222713932114964,0.03999966713598189
g01_shifted_002,g01,adaptive_rollout_adp,720.0,8,g01_t07_025,g01_t06_025,True,24.87331703913134,0.01776741982556343
g01_shifted_002,g01,adaptive_rollout_adp,810.0,9,g01_t06_025,g01_t08_013,True,25.043742424420625,0.014575868043301165
g01_shifted_002,g01,independent_milp,90.0,1,,g01_t04_000,True,22.015581029451003,0.02762162577156087
g01_shifted_002,g01,independent_milp,180.0,2,g01_t04_000,g01_t03_060,True,3.0028031431982547,0.031682610295331017
g01_shifted_002,g01,independent_milp,270.0,3,g01_t03_060,g01_t08_027,True,7.965236442048196,0.03608362479434493
g01_shifted_002,g01,independent_milp,360.0,4,g01_t08_027,g01_t06_025,True,17.832868662060218,0.022862377400723253
g01_shifted_002,g01,independent_milp,450.0,5,g01_t06_025,g01_t07_025,True,25.04898488605505,0.017745276333715993
g01_shifted_002,g01,independent_milp,540.0,6,g01_t07_025,g01_t02_045,True,19.202226594659965,0.03999970259700613
g01_shifted_002,g01,independent_milp,630.0,7,g01_t02_045,g01_t00_054,True,19.531558795152936,0.01724375970158982
g01_shifted_002,g01,independent_milp,720.0,8,g01_t00_054,g01_t05_005,True,3.63569345771911,0.01518553468595928
g01_shifted_002,g01,independent_milp,810.0,9,g01_t05_005,g01_t01_049,True,3.433396748408486,0.05100934396791517
g01_shifted_003,g01,one_step_adp,90.0,1,,g01_t04_047,True,18.340544988099282,0.009875550423744422
g01_shifted_003,g01,one_step_adp,180.0,2,g01_t04_047,g01_t03_026,True,3.1684316049607912,0.02902617792328548
g01_shifted_003,g01,one_step_adp,270.0,3,g01_t03_026,g01_t08_027,True,1.8679225696417572,0.04458220737603425
g01_shifted_003,g01,one_step_adp,360.0,4,g01_t08_027,g01_t06_025,True,17.832868662060218,0.022862377400723253
g01_shifted_003,g01,one_step_adp,450.0,5,g01_t06_025,g01_t07_025,True,25.04898488605505,0.017745276333715993
g01_shifted_003,g01,one_step_adp,540.0,6,g01_t07_025,g01_t02_045,True,19.202226594659965,0.03999970259700613
g01_shifted_003,g01,one_step_adp,630.0,7,g01_t02_045,g01_t00_054,True,19.531558795152936,0.01724375970158982
g01_shifted_003,g01,one_step_adp,720.0,8,g01_t00_054,g01_t05_005,True,3.63569345771911,0.01518553468595928
g01_shifted_003,g01,one_step_adp,810.0,9,g01_t05_005,g01_t01_049,True,3.433396748408486,0.05100934396791517
g01_shifted_003,g01,incumbent,90.0,1,,g01_t04_047,True,18.340544988099282,0.009875550423744422
g01_shifted_003,g01,incumbent,180.0,2,g01_t04_047,g01_t03_026,True,3.1684316049607912,0.02902617792328548
g01_shifted_003,g01,incumbent,270.0,3,g01_t03_026,g01_t08_027,True,1.8679225696417572,0.04458220737603425
g01_shifted_003,g01,incumbent,360.0,4,g01_t08_027,g01_t06_025,True,17.832868662060218,0.022862377400723253
g01_shifted_003,g01,incumbent,450.0,5,g01_t06_025,g01_t07_025,True,25.04898488605505,0.017745276333715993
g01_shifted_003,g01,incumbent,540.0,6,g01_t07_025,g01_t02_045,True,19.202226594659965,0.03999970259700613
g01_shifted_003,g01,incumbent,630.0,7,g01_t02_045,g01_t00_054,True,19.531558795152936,0.01724375970158982
g01_shifted_003,g01,incumbent,720.0,8,g01_t00_054,g01_t05_005,True,3.63569345771911,0.01518553468595928
g01_shifted_003,g01,incumbent,810.0,9,g01_t05_005,g01_t01_049,True,3.433396748408486,0.05100934396791517
g01_shifted_003,g01,adaptive_rollout_adp,90.0,1,,g01_t04_047,True,18.340544988099282,0.009875550423744422
g01_shifted_003,g01,adaptive_rollout_adp,180.0,2,g01_t04_047,g01_t03_026,True,3.1684316049607912,0.02902617792328548
g01_shifted_003,g01,adaptive_rollout_adp,270.0,3,g01_t03_026,g01_t08_027,True,1.8679225696417572,0.04458220737603425
g01_shifted_003,g01,adaptive_rollout_adp,360.0,4,g01_t08_027,g01_t06_025,True,17.832868662060218,0.022862377400723253
g01_shifted_003,g01,adaptive_rollout_adp,450.0,5,g01_t06_025,g01_t07_025,True,25.04898488605505,0.017745276333715993
g01_shifted_003,g01,adaptive_rollout_adp,540.0,6,g01_t07_025,g01_t02_045,True,19.202226594659965,0.03999970259700613
g01_shifted_003,g01,adaptive_rollout_adp,630.0,7,g01_t02_045,g01_t00_054,True,19.531558795152936,0.01724375970158982
g01_shifted_003,g01,adaptive_rollout_adp,720.0,8,g01_t00_054,g01_t05_005,True,3.63569345771911,0.01518553468595928
g01_shifted_003,g01,adaptive_rollout_adp,810.0,9,g01_t05_005,g01_t01_049,True,3.433396748408486,0.05100934396791517
g01_shifted_003,g01,independent_milp,90.0,1,,g01_t04_047,True,18.340544988099282,0.009875550423744422
g01_shifted_003,g01,independent_milp,180.0,2,g01_t04_047,g01_t03_026,True,3.1684316049607912,0.02902617792328548
g01_shifted_003,g01,independent_milp,270.0,3,g01_t03_026,g01_t08_027,True,1.8679225696417572,0.04458220737603425
g01_shifted_003,g01,independent_milp,360.0,4,g01_t08_027,g01_t06_025,True,17.832868662060218,0.022862377400723253
g01_shifted_003,g01,independent_milp,450.0,5,g01_t06_025,g01_t07_025,True,25.04898488605505,0.017745276333715993
g01_shifted_003,g01,independent_milp,540.0,6,g01_t07_025,g01_t02_045,True,19.202226594659965,0.03999970259700613
g01_shifted_003,g01,independent_milp,630.0,7,g01_t02_045,g01_t00_054,True,19.531558795152936,0.01724375970158982
g01_shifted_003,g01,independent_milp,720.0,8,g01_t00_054,g01_t05_005,True,3.63569345771911,0.01518553468595928
g01_shifted_003,g01,independent_milp,810.0,9,g01_t05_005,g01_t01_049,True,3.433396748408486,0.05100934396791517
g01_shifted_004,g01,adaptive_rollout_adp,90.0,1,,g01_t04_000,True,22.015581029451003,0.02762162577156087
g01_shifted_004,g01,adaptive_rollout_adp,180.0,2,g01_t04_000,g01_t00_023,True,5.889632552057752,0.05181237043396942
g01_shifted_004,g01,adaptive_rollout_adp,270.0,3,g01_t00_023,g01_t05_052,True,3.862655862507402,0.010130894975510493
g01_shifted_004,g01,adaptive_rollout_adp,360.0,4,g01_t05_052,g01_t02_045,True,4.656556675400561,0.026972255315361727
g01_shifted_004,g01,adaptive_rollout_adp,450.0,5,g01_t02_045,g01_t01_049,True,20.239409073279056,0.043260062731975454
g01_shifted_004,g01,adaptive_rollout_adp,540.0,6,g01_t01_049,g01_t06_025,True,19.70579168554182,0.05314240155722431
g01_shifted_004,g01,adaptive_rollout_adp,630.0,7,g01_t06_025,g01_t08_013,True,25.043742424420625,0.014575868043301165
g01_shifted_004,g01,adaptive_rollout_adp,720.0,8,g01_t08_013,g01_t07_056,True,27.561521426436805,0.036919172507071996
g01_shifted_004,g01,independent_milp,90.0,1,,g01_t04_000,True,22.015581029451003,0.02762162577156087
g01_shifted_004,g01,independent_milp,180.0,2,g01_t04_000,g01_t00_023,True,5.889632552057752,0.05181237043396942
g01_shifted_004,g01,independent_milp,270.0,3,g01_t00_023,g01_t05_052,True,3.862655862507402,0.010130894975510493
g01_shifted_004,g01,independent_milp,360.0,4,g01_t05_052,g01_t02_045,True,4.656556675400561,0.026972255315361727
g01_shifted_004,g01,independent_milp,450.0,5,g01_t02_045,g01_t01_049,True,20.239409073279056,0.043260062731975454
g01_shifted_004,g01,independent_milp,540.0,6,g01_t01_049,g01_t06_025,True,19.70579168554182,0.05314240155722431
g01_shifted_004,g01,independent_milp,630.0,7,g01_t06_025,g01_t08_013,True,25.043742424420625,0.014575868043301165
g01_shifted_004,g01,independent_milp,720.0,8,g01_t08_013,g01_t07_056,True,27.561521426436805,0.036919172507071996
g01_shifted_005,g01,one_step_adp,90.0,1,,g01_t05_052,True,0.955961553495172,0.03880386984261003
g01_shifted_005,g01,one_step_adp,180.0,2,g01_t05_052,g01_t00_054,True,4.729167756724482,0.01376139902211447
g01_shifted_005,g01,one_step_adp,270.0,3,g01_t00_054,g01_t01_049,True,16.292928253609784,0.055474104141292106
g01_shifted_005,g01,one_step_adp,360.0,4,g01_t01_049,g01_t02_045,True,20.914061049530762,0.04324110731198179
g01_shifted_005,g01,one_step_adp,450.0,5,g01_t02_045,g01_t06_025,True,18.89825318865435,0.04302680456563853
g01_shifted_005,g01,one_step_adp,540.0,6,g01_t06_025,g01_t08_013,True,25.043742424420625,0.014575868043301165
g01_shifted_005,g01,one_step_adp,630.0,7,g01_t08_013,g01_t10_000,True,27.912868278708032,0.03449545801087255
g01_shifted_005,g01,one_step_adp,720.0,8,g01_t10_000,g01_t04_047,True,5.573106975817455,0.051475839338169536
g01_shifted_005,g01,one_step_adp,810.0,9,g01_t04_047,g01_t04_000,True,18.300874345079023,0.01929689878231396
g01_shifted_005,g01,adaptive_rollout_adp,90.0,1,,g01_t04_000,True,22.015581029451003,0.02762162577156087
g01_shifted_005,g01,adaptive_rollout_adp,180.0,2,g01_t04_000,g01_t00_023,True,5.889632552057752,0.05181237043396942
g01_shifted_005,g01,adaptive_rollout_adp,270.0,3,g01_t00_023,g01_t05_052,True,3.862655862507402,0.010130894975510493
g01_shifted_005,g01,adaptive_rollout_adp,360.0,4,g01_t05_052,g01_t02_045,True,4.656556675400561,0.026972255315361727
g01_shifted_005,g01,adaptive_rollout_adp,450.0,5,g01_t02_045,g01_t01_049,True,20.239409073279056,0.043260062731975454
g01_shifted_005,g01,adaptive_rollout_adp,540.0,6,g01_t01_049,g01_t08_027,True,19.681258448878538,0.046040597363867355
g01_shifted_005,g01,adaptive_rollout_adp,630.0,7,g01_t08_027,g01_t06_025,True,17.832868662060218,0.022862377400723253
g01_shifted_005,g01,adaptive_rollout_adp,720.0,8,g01_t06_025,g01_t10_000,True,25.023194905939707,0.028295523955171945
g01_shifted_005,g01,independent_milp,90.0,1,,g01_t04_000,True,22.015581029451003,0.02762162577156087
g01_shifted_005,g01,independent_milp,180.0,2,g01_t04_000,g01_t00_023,True,5.889632552057752,0.05181237043396942
g01_shifted_005,g01,independent_milp,270.0,3,g01_t00_023,g01_t05_052,True,3.862655862507402,0.010130894975510493
g01_shifted_005,g01,independent_milp,360.0,4,g01_t05_052,g01_t02_045,True,4.656556675400561,0.026972255315361727
g01_shifted_005,g01,independent_milp,450.0,5,g01_t02_045,g01_t01_049,True,20.239409073279056,0.043260062731975454
g01_shifted_005,g01,independent_milp,540.0,6,g01_t01_049,g01_t08_027,True,19.681258448878538,0.046040597363867355
g01_shifted_005,g01,independent_milp,630.0,7,g01_t08_027,g01_t06_025,True,17.832868662060218,0.022862377400723253
g01_shifted_005,g01,independent_milp,720.0,8,g01_t06_025,g01_t10_000,True,25.023194905939707,0.028295523955171945
g01_shifted_006,g01,adaptive_rollout_adp,90.0,1,,g01_t04_047,True,18.340544988099282,0.009875550423744422
g01_shifted_006,g01,adaptive_rollout_adp,180.0,2,g01_t04_047,g01_t03_026,True,3.1684316049607912,0.02902617792328548
g01_shifted_006,g01,adaptive_rollout_adp,270.0,3,g01_t03_026,g01_t08_027,True,1.8679225696417572,0.04458220737603425
g01_shifted_006,g01,adaptive_rollout_adp,360.0,4,g01_t08_027,g01_t06_000,True,13.348189133497357,0.008096892919687893
g01_shifted_006,g01,adaptive_rollout_adp,450.0,5,g01_t06_000,g01_t07_025,True,12.153727362436712,0.035620488601848126
g01_shifted_006,g01,adaptive_rollout_adp,540.0,6,g01_t07_025,g01_t02_045,True,19.202226594659965,0.03999970259700613
g01_shifted_006,g01,adaptive_rollout_adp,630.0,7,g01_t02_045,g01_t00_054,True,19.531558795152936,0.01724375970158982
g01_shifted_006,g01,adaptive_rollout_adp,720.0,8,g01_t00_054,g01_t05_005,True,3.63569345771911,0.01518553468595928
g01_shifted_006,g01,adaptive_rollout_adp,810.0,9,g01_t05_005,g01_t01_049,True,3.433396748408486,0.05100934396791517
g01_shifted_006,g01,one_step_adp,90.0,1,,g01_t00_000,True,2.6856203250819126,0.04244898942008804
g01_shifted_006,g01,one_step_adp,180.0,2,g01_t00_000,g01_t05_018,True,2.8619103121138543,0.009652569870450758
g01_shifted_006,g01,one_step_adp,270.0,3,g01_t05_018,g01_t04_047,True,12.144557862275258,0.0369971212380308
g01_shifted_006,g01,one_step_adp,360.0,4,g01_t04_047,g01_t03_026,True,3.1684316049607912,0.02902617792328548
g01_shifted_006,g01,one_step_adp,450.0,5,g01_t03_026,g01_t08_027,True,1.8679225696417572,0.04458220737603425
g01_shifted_006,g01,one_step_adp,540.0,6,g01_t08_027,g01_t06_000,True,13.348189133497357,0.008096892919687893
g01_shifted_006,g01,one_step_adp,630.0,7,g01_t06_000,g01_t07_025,True,12.153727362436712,0.035620488601848126
g01_shifted_006,g01,one_step_adp,720.0,8,g01_t07_025,g01_t02_045,True,19.202226594659965,0.03999970259700613
g01_shifted_006,g01,one_step_adp,810.0,9,g01_t02_045,g01_t01_049,True,20.239409073279056,0.043260062731975454
g01_shifted_006,g01,independent_milp,90.0,1,,g01_t04_000,True,22.015581029451003,0.02762162577156087
g01_shifted_006,g01,independent_milp,180.0,2,g01_t04_000,g01_t00_023,True,5.889632552057752,0.05181237043396942
g01_shifted_006,g01,independent_milp,270.0,3,g01_t00_023,g01_t05_052,True,3.862655862507402,0.010130894975510493
g01_shifted_006,g01,independent_milp,360.0,4,g01_t05_052,g01_t02_045,True,4.656556675400561,0.026972255315361727
g01_shifted_006,g01,independent_milp,450.0,5,g01_t02_045,g01_t07_025,True,19.222713932114964,0.03999966713598189
g01_shifted_006,g01,independent_milp,540.0,6,g01_t07_025,g01_t06_000,True,11.493996707523813,0.03563356062263385
g01_shifted_006,g01,independent_milp,630.0,7,g01_t06_000,g01_t08_027,True,13.345919096225575,0.00810021172574119
g01_shifted_006,g01,independent_milp,720.0,8,g01_t08_027,g01_t01_049,True,19.75886636959521,0.04604180870509462
g01_shifted_007,g01,one_step_adp,90.0,1,,g01_t04_047,True,18.340544988099282,0.009875550423744422
g01_shifted_007,g01,one_step_adp,180.0,2,g01_t04_047,g01_t03_026,True,3.1684316049607912,0.02902617792328548
g01_shifted_007,g01,one_step_adp,270.0,3,g01_t03_026,g01_t03_060,True,5.024881238135099,0.01597362342903721
g01_shifted_007,g01,one_step_adp,360.0,4,g01_t03_060,g01_t06_000,True,2.2621445139244423,0.03396707925159744
g01_shifted_007,g01,one_step_adp,450.0,5,g01_t06_000,g01_t08_027,True,13.345919096225575,0.00810021172574119
g01_shifted_007,g01,one_step_adp,540.0,6,g01_t08_027,g01_t01_049,True,19.75886636959521,0.04604180870509462
g01_shifted_007,g01,one_step_adp,630.0,7,g01_t01_049,g01_t02_045,True,20.914061049530762,0.04324110731198179
g01_shifted_007,g01,one_step_adp,720.0,8,g01_t02_045,g01_t00_054,True,19.531558795152936,0.01724375970158982
g01_shifted_007,g01,one_step_adp,810.0,9,g01_t00_054,g01_t05_052,True,4.734856028126361,0.013744579882899795
g01_shifted_007,g01,one_step_adp,900.0,10,g01_t05_052,g01_t07_000,True,4.523944661553275,0.05109546860145408
g01_shifted_007,g01,incumbent,90.0,1,,g01_t04_047,True,18.340544988099282,0.009875550423744422
g01_shifted_007,g01,incumbent,180.0,2,g01_t04_047,g01_t03_026,True,3.1684316049607912,0.02902617792328548
g01_shifted_007,g01,incumbent,270.0,3,g01_t03_026,g01_t08_027,True,1.8679225696417572,0.04458220737603425
g01_shifted_007,g01,incumbent,360.0,4,g01_t08_027,g01_t06_000,True,13.348189133497357,0.008096892919687893
g01_shifted_007,g01,incumbent,450.0,5,g01_t06_000,g01_t10_000,True,12.205564110580191,0.04430708842183478
g01_shifted_007,g01,incumbent,540.0,6,g01_t10_000,g01_t02_045,True,19.06977522513541,0.04539589694458509
g01_shifted_007,g01,incumbent,630.0,7,g01_t02_045,g01_t00_054,True,19.531558795152936,0.01724375970158982
g01_shifted_007,g01,incumbent,720.0,8,g01_t00_054,g01_t05_052,True,4.734856028126361,0.013744579882899795
g01_shifted_007,g01,incumbent,810.0,9,g01_t05_052,g01_t00_023,True,3.632259369102921,0.0101412695326091
g01_shifted_007,g01,incumbent,900.0,10,g01_t00_023,g01_t01_049,True,0.21992017439143519,0.05822468906479747
g01_shifted_007,g01,adaptive_rollout_adp,90.0,1,,g01_t04_047,True,18.340544988099282,0.009875550423744422
g01_shifted_007,g01,adaptive_rollout_adp,180.0,2,g01_t04_047,g01_t03_026,True,3.1684316049607912,0.02902617792328548
g01_shifted_007,g01,adaptive_rollout_adp,270.0,3,g01_t03_026,g01_t03_060,True,5.024881238135099,0.01597362342903721
g01_shifted_007,g01,adaptive_rollout_adp,360.0,4,g01_t03_060,g01_t06_000,True,2.2621445139244423,0.03396707925159744
g01_shifted_007,g01,adaptive_rollout_adp,450.0,5,g01_t06_000,g01_t08_013,True,13.32152916985687,0.0181280370746072
g01_shifted_007,g01,adaptive_rollout_adp,540.0,6,g01_t08_013,g01_t10_000,True,27.912868278708032,0.03449545801087255
g01_shifted_007,g01,adaptive_rollout_adp,630.0,7,g01_t10_000,g01_t00_023,True,6.895362345733183,0.04573137729159834
g01_shifted_007,g01,adaptive_rollout_adp,720.0,8,g01_t00_023,g01_t05_052,True,3.862655862507402,0.010130894975510493
g01_shifted_007,g01,adaptive_rollout_adp,810.0,9,g01_t05_052,g01_t02_045,True,4.656556675400561,0.026972255315361727
g01_shifted_007,g01,adaptive_rollout_adp,900.0,10,g01_t02_045,g01_t01_049,True,20.239409073279056,0.043260062731975454
g01_shifted_007,g01,independent_milp,90.0,1,,g01_t04_047,True,18.340544988099282,0.009875550423744422
g01_shifted_007,g01,independent_milp,180.0,2,g01_t04_047,g01_t03_026,True,3.1684316049607912,0.02902617792328548
g01_shifted_007,g01,independent_milp,270.0,3,g01_t03_026,g01_t08_027,True,1.8679225696417572,0.04458220737603425
g01_shifted_007,g01,independent_milp,360.0,4,g01_t08_027,g01_t06_025,True,17.832868662060218,0.022862377400723253
g01_shifted_007,g01,independent_milp,450.0,5,g01_t06_025,g01_t10_000,True,25.023194905939707,0.028295523955171945
g01_shifted_007,g01,independent_milp,540.0,6,g01_t10_000,g01_t00_023,True,6.895362345733183,0.04573137729159834
g01_shifted_007,g01,independent_milp,630.0,7,g01_t00_023,g01_t05_052,True,3.862655862507402,0.010130894975510493
g01_shifted_007,g01,independent_milp,720.0,8,g01_t05_052,g01_t02_045,True,4.656556675400561,0.026972255315361727
g01_shifted_007,g01,independent_milp,810.0,9,g01_t02_045,g01_t01_049,True,20.239409073279056,0.043260062731975454
g01_shifted_008,g01,one_step_adp,90.0,1,,g01_t04_047,True,18.340544988099282,0.009875550423744422
g01_shifted_008,g01,one_step_adp,180.0,2,g01_t04_047,g01_t03_026,True,3.1684316049607912,0.02902617792328548
g01_shifted_008,g01,one_step_adp,270.0,3,g01_t03_026,g01_t08_027,True,1.8679225696417572,0.04458220737603425
g01_shifted_008,g01,one_step_adp,360.0,4,g01_t08_027,g01_t06_025,True,17.832868662060218,0.022862377400723253
g01_shifted_008,g01,one_step_adp,450.0,5,g01_t06_025,g01_t07_025,True,25.04898488605505,0.017745276333715993
g01_shifted_008,g01,one_step_adp,540.0,6,g01_t07_025,g01_t05_052,True,4.518403550727952,0.05135852101713237
g01_shifted_008,g01,one_step_adp,630.0,7,g01_t05_052,g01_t00_023,True,3.632259369102921,0.0101412695326091
g01_shifted_008,g01,one_step_adp,720.0,8,g01_t00_023,g01_t02_045,True,6.899481171404087,0.02302302356948607
g01_shifted_008,g01,one_step_adp,810.0,9,g01_t02_045,g01_t01_049,True,20.239409073279056,0.043260062731975454
g01_shifted_008,g01,adaptive_rollout_adp,90.0,1,,g01_t04_047,True,18.340544988099282,0.009875550423744422
g01_shifted_008,g01,adaptive_rollout_adp,180.0,2,g01_t04_047,g01_t03_026,True,3.1684316049607912,0.02902617792328548
g01_shifted_008,g01,adaptive_rollout_adp,270.0,3,g01_t03_026,g01_t08_027,True,1.8679225696417572,0.04458220737603425
g01_shifted_008,g01,adaptive_rollout_adp,360.0,4,g01_t08_027,g01_t06_025,True,17.832868662060218,0.022862377400723253
g01_shifted_008,g01,adaptive_rollout_adp,450.0,5,g01_t06_025,g01_t07_025,True,25.04898488605505,0.017745276333715993
g01_shifted_008,g01,adaptive_rollout_adp,540.0,6,g01_t07_025,g01_t00_023,True,6.900527327164401,0.04396718642740053
g01_shifted_008,g01,adaptive_rollout_adp,630.0,7,g01_t00_023,g01_t05_052,True,3.862655862507402,0.010130894975510493
g01_shifted_008,g01,adaptive_rollout_adp,720.0,8,g01_t05_052,g01_t02_045,True,4.656556675400561,0.026972255315361727
g01_shifted_008,g01,adaptive_rollout_adp,810.0,9,g01_t02_045,g01_t01_049,True,20.239409073279056,0.043260062731975454
g01_shifted_008,g01,incumbent,90.0,1,,g01_t04_047,True,18.340544988099282,0.009875550423744422
g01_shifted_008,g01,incumbent,180.0,2,g01_t04_047,g01_t03_026,True,3.1684316049607912,0.02902617792328548
g01_shifted_008,g01,incumbent,270.0,3,g01_t03_026,g01_t08_027,True,1.8679225696417572,0.04458220737603425
g01_shifted_008,g01,incumbent,360.0,4,g01_t08_027,g01_t06_000,True,13.348189133497357,0.008096892919687893
g01_shifted_008,g01,incumbent,450.0,5,g01_t06_000,g01_t07_025,True,12.153727362436712,0.035620488601848126
g01_shifted_008,g01,incumbent,540.0,6,g01_t07_025,g01_t02_045,True,19.202226594659965,0.03999970259700613
g01_shifted_008,g01,incumbent,630.0,7,g01_t02_045,g01_t00_023,True,6.9038021557777585,0.023004550377912544
g01_shifted_008,g01,incumbent,720.0,8,g01_t00_023,g01_t05_052,True,3.862655862507402,0.010130894975510493
g01_shifted_008,g01,incumbent,810.0,9,g01_t05_052,g01_t05_005,True,3.049537524490248,0.01785323842403984
g01_shifted_008,g01,incumbent,900.0,10,g01_t05_005,g01_t01_049,True,3.433396748408486,0.05100934396791517
g01_shifted_008,g01,independent_milp,90.0,1,,g01_t04_047,True,18.340544988099282,0.009875550423744422
g01_shifted_008,g01,independent_milp,180.0,2,g01_t04_047,g01_t03_026,True,3.1684316049607912,0.02902617792328548
g01_shifted_008,g01,independent_milp,270.0,3,g01_t03_026,g01_t08_027,True,1.8679225696417572,0.04458220737603425
g01_shifted_008,g01,independent_milp,360.0,4,g01_t08_027,g01_t06_025,True,17.832868662060218,0.022862377400723253
g01_shifted_008,g01,independent_milp,450.0,5,g01_t06_025,g01_t07_025,True,25.04898488605505,0.017745276333715993
g01_shifted_008,g01,independent_milp,540.0,6,g01_t07_025,g01_t00_023,True,6.900527327164401,0.04396718642740053
g01_shifted_008,g01,independent_milp,630.0,7,g01_t00_023,g01_t05_052,True,3.862655862507402,0.010130894975510493
g01_shifted_008,g01,independent_milp,720.0,8,g01_t05_052,g01_t02_045,True,4.656556675400561,0.026972255315361727
g01_shifted_008,g01,independent_milp,810.0,9,g01_t02_045,g01_t01_049,True,20.239409073279056,0.043260062731975454
g01_shifted_009,g01,adaptive_rollout_adp,90.0,1,,g01_t04_000,True,22.015581029451003,0.02762162577156087
g01_shifted_009,g01,adaptive_rollout_adp,180.0,2,g01_t04_000,g01_t00_023,True,5.889632552057752,0.05181237043396942
g01_shifted_009,g01,adaptive_rollout_adp,270.0,3,g01_t00_023,g01_t05_052,True,3.862655862507402,0.010130894975510493
g01_shifted_009,g01,adaptive_rollout_adp,360.0,4,g01_t05_052,g01_t02_045,True,4.656556675400561,0.026972255315361727
g01_shifted_009,g01,adaptive_rollout_adp,450.0,5,g01_t02_045,g01_t07_025,True,19.222713932114964,0.03999966713598189
g01_shifted_009,g01,adaptive_rollout_adp,540.0,6,g01_t07_025,g01_t06_025,True,24.87331703913134,0.01776741982556343
g01_shifted_009,g01,adaptive_rollout_adp,630.0,7,g01_t06_025,g01_t08_027,True,17.18583906272511,0.02287010953188068
g01_shifted_009,g01,adaptive_rollout_adp,720.0,8,g01_t08_027,g01_t01_049,True,19.75886636959521,0.04604180870509462
g01_shifted_009,g01,one_step_adp,90.0,1,,g01_t00_000,True,2.6856203250819126,0.04244898942008804
g01_shifted_009,g01,one_step_adp,180.0,2,g01_t00_000,g01_t05_018,True,2.8619103121138543,0.009652569870450758
g01_shifted_009,g01,one_step_adp,270.0,3,g01_t05_018,g01_t04_047,True,12.144557862275258,0.0369971212380308
g01_shifted_009,g01,one_step_adp,360.0,4,g01_t04_047,g01_t03_026,True,3.1684316049607912,0.02902617792328548
g01_shifted_009,g01,one_step_adp,450.0,5,g01_t03_026,g01_t08_027,True,1.8679225696417572,0.04458220737603425
g01_shifted_009,g01,one_step_adp,540.0,6,g01_t08_027,g01_t06_025,True,17.832868662060218,0.022862377400723253
g01_shifted_009,g01,one_step_adp,630.0,7,g01_t06_025,g01_t07_025,True,25.04898488605505,0.017745276333715993
g01_shifted_009,g01,one_step_adp,720.0,8,g01_t07_025,g01_t02_045,True,19.202226594659965,0.03999970259700613
g01_shifted_009,g01,one_step_adp,810.0,9,g01_t02_045,g01_t01_049,True,20.239409073279056,0.043260062731975454
g01_shifted_009,g01,independent_milp,90.0,1,,g01_t04_000,True,22.015581029451003,0.02762162577156087
g01_shifted_009,g01,independent_milp,180.0,2,g01_t04_000,g01_t00_023,True,5.889632552057752,0.05181237043396942
g01_shifted_009,g01,independent_milp,270.0,3,g01_t00_023,g01_t05_052,True,3.862655862507402,0.010130894975510493
g01_shifted_009,g01,independent_milp,360.0,4,g01_t05_052,g01_t02_045,True,4.656556675400561,0.026972255315361727
g01_shifted_009,g01,independent_milp,450.0,5,g01_t02_045,g01_t07_025,True,19.222713932114964,0.03999966713598189
g01_shifted_009,g01,independent_milp,540.0,6,g01_t07_025,g01_t06_025,True,24.87331703913134,0.01776741982556343
g01_shifted_009,g01,independent_milp,630.0,7,g01_t06_025,g01_t08_027,True,17.18583906272511,0.02287010953188068
g01_shifted_009,g01,independent_milp,720.0,8,g01_t08_027,g01_t01_049,True,19.75886636959521,0.04604180870509462
g02_reference_000,g02,incumbent,90.0,1,,g02_t04_011,True,24.382037943308198,0.017997520680770283
g02_reference_000,g02,incumbent,180.0,2,g02_t04_011,g02_t03_038,True,6.519506527645924,0.02651708691739281
g02_reference_000,g02,incumbent,270.0,3,g02_t03_038,g02_t05_034,True,2.7969105226895907,0.039225588214570804
g02_reference_000,g02,incumbent,360.0,4,g02_t05_034,g02_t00_056,True,9.168501379623699,0.014817038072610924
g02_reference_000,g02,incumbent,450.0,5,g02_t00_056,g02_t07_018,True,7.029742508806007,0.051223267790452255
g02_reference_000,g02,incumbent,540.0,6,g02_t07_018,g02_t06_024,True,14.77447961476437,0.027098863794220773
g02_reference_000,g02,incumbent,630.0,7,g02_t06_024,g02_t08_058,True,17.162628630611422,0.009542879745594262
g02_reference_000,g02,incumbent,720.0,8,g02_t08_058,g02_t02_059,True,16.2544800750422,0.046607622434860774
g02_reference_000,g02,incumbent,810.0,9,g02_t02_059,g02_t01_000,True,20.33219395072795,0.04272099221302373
g02_reference_000,g02,adaptive_rollout_adp,90.0,1,,g02_t04_000,True,24.199755340469753,0.020548470737184424
g02_reference_000,g02,adaptive_rollout_adp,180.0,2,g02_t04_000,g02_t03_004,True,5.880665466345793,0.02628010392398943
g02_reference_000,g02,adaptive_rollout_adp,270.0,3,g02_t03_004,g02_t05_034,True,4.569041016449092,0.031855999854152266
g02_reference_000,g02,adaptive_rollout_adp,360.0,4,g02_t05_034,g02_t00_056,True,9.168501379623699,0.014817038072610924
g02_reference_000,g02,adaptive_rollout_adp,450.0,5,g02_t00_056,g02_t07_018,True,7.029742508806007,0.051223267790452255
g02_reference_000,g02,adaptive_rollout_adp,540.0,6,g02_t07_018,g02_t06_024,True,14.77447961476437,0.027098863794220773
g02_reference_000,g02,adaptive_rollout_adp,630.0,7,g02_t06_024,g02_t08_058,True,17.162628630611422,0.009542879745594262
g02_reference_000,g02,adaptive_rollout_adp,720.0,8,g02_t08_058,g02_t01_000,True,22.496551569852073,0.04944351730523839
g02_reference_000,g02,adaptive_rollout_adp,810.0,9,g02_t01_000,g02_t14_000,True,26.893453946567192,0.03710345454329105
g02_reference_000,g02,one_step_adp,90.0,1,,g02_t04_000,True,24.199755340469753,0.020548470737184424
g02_reference_000,g02,one_step_adp,180.0,2,g02_t04_000,g02_t03_004,True,5.880665466345793,0.02628010392398943
g02_reference_000,g02,one_step_adp,270.0,3,g02_t03_004,g02_t05_034,True,4.569041016449092,0.031855999854152266
g02_reference_000,g02,one_step_adp,360.0,4,g02_t05_034,g02_t00_056,True,9.168501379623699,0.014817038072610924
g02_reference_000,g02,one_step_adp,450.0,5,g02_t00_056,g02_t07_018,True,7.029742508806007,0.051223267790452255
g02_reference_000,g02,one_step_adp,540.0,6,g02_t07_018,g02_t06_024,True,14.77447961476437,0.027098863794220773
g02_reference_000,g02,one_step_adp,630.0,7,g02_t06_024,g02_t08_058,True,17.162628630611422,0.009542879745594262
g02_reference_000,g02,one_step_adp,720.0,8,g02_t08_058,g02_t01_000,True,22.496551569852073,0.04944351730523839
g02_reference_000,g02,one_step_adp,810.0,9,g02_t01_000,g02_t14_000,True,26.893453946567192,0.03710345454329105
g02_reference_000,g02,independent_milp,90.0,1,,g02_t03_038,True,6.325853088722215,0.027320472712536948
g02_reference_000,g02,independent_milp,180.0,2,g02_t03_038,g02_t04_000,True,6.549909961903845,0.019566689126069434
g02_reference_000,g02,independent_milp,270.0,3,g02_t04_000,g02_t05_034,True,14.264354702415723,0.038452349771042955
g02_reference_000,g02,independent_milp,360.0,4,g02_t05_034,g02_t00_056,True,9.168501379623699,0.014817038072610924
g02_reference_000,g02,independent_milp,450.0,5,g02_t00_056,g02_t07_018,True,7.029742508806007,0.051223267790452255
g02_reference_000,g02,independent_milp,540.0,6,g02_t07_018,g02_t06_024,True,14.77447961476437,0.027098863794220773
g02_reference_000,g02,independent_milp,630.0,7,g02_t06_024,g02_t08_058,True,17.162628630611422,0.009542879745594262
g02_reference_000,g02,independent_milp,720.0,8,g02_t08_058,g02_t09_000,True,21.08821176511154,0.03413589173311684
g02_reference_000,g02,independent_milp,810.0,9,g02_t09_000,g02_t14_000,True,24.777739525422497,0.030427214702740516
g02_reference_000,g02,independent_milp,900.0,10,g02_t14_000,g02_t01_000,True,25.84209624675261,0.03712196028576406
g02_nominal_000,g02,one_step_adp,90.0,1,,g02_t04_000,True,24.199755340469753,0.020548470737184424
g02_nominal_000,g02,one_step_adp,180.0,2,g02_t04_000,g02_t03_004,True,5.880665466345793,0.02628010392398943
g02_nominal_000,g02,one_step_adp,270.0,3,g02_t03_004,g02_t05_034,True,4.569041016449092,0.031855999854152266
g02_nominal_000,g02,one_step_adp,360.0,4,g02_t05_034,g02_t00_056,True,9.168501379623699,0.014817038072610924
g02_nominal_000,g02,one_step_adp,450.0,5,g02_t00_056,g02_t07_018,True,7.029742508806007,0.051223267790452255
g02_nominal_000,g02,one_step_adp,540.0,6,g02_t07_018,g02_t06_024,True,14.77447961476437,0.027098863794220773
g02_nominal_000,g02,one_step_adp,630.0,7,g02_t06_024,g02_t08_058,True,17.162628630611422,0.009542879745594262
g02_nominal_000,g02,one_step_adp,720.0,8,g02_t08_058,g02_t01_000,True,22.496551569852073,0.04944351730523839
g02_nominal_000,g02,one_step_adp,810.0,9,g02_t01_000,g02_t14_000,True,26.893453946567192,0.03710345454329105
g02_nominal_000,g02,incumbent,90.0,1,,g02_t04_011,True,24.382037943308198,0.017997520680770283
g02_nominal_000,g02,incumbent,180.0,2,g02_t04_011,g02_t03_038,True,6.519506527645924,0.02651708691739281
g02_nominal_000,g02,incumbent,270.0,3,g02_t03_038,g02_t05_034,True,2.7969105226895907,0.039225588214570804
g02_nominal_000,g02,incumbent,360.0,4,g02_t05_034,g02_t00_056,True,9.168501379623699,0.014817038072610924
g02_nominal_000,g02,incumbent,450.0,5,g02_t00_056,g02_t07_018,True,7.029742508806007,0.051223267790452255
g02_nominal_000,g02,incumbent,540.0,6,g02_t07_018,g02_t06_024,True,14.77447961476437,0.027098863794220773
g02_nominal_000,g02,incumbent,630.0,7,g02_t06_024,g02_t08_058,True,17.162628630611422,0.009542879745594262
g02_nominal_000,g02,incumbent,720.0,8,g02_t08_058,g02_t02_059,True,16.2544800750422,0.046607622434860774
g02_nominal_000,g02,incumbent,810.0,9,g02_t02_059,g02_t01_000,True,20.33219395072795,0.04272099221302373
g02_nominal_000,g02,adaptive_rollout_adp,90.0,1,,g02_t04_000,True,24.199755340469753,0.020548470737184424
g02_nominal_000,g02,adaptive_rollout_adp,180.0,2,g02_t04_000,g02_t03_004,True,5.880665466345793,0.02628010392398943
g02_nominal_000,g02,adaptive_rollout_adp,270.0,3,g02_t03_004,g02_t05_034,True,4.569041016449092,0.031855999854152266
g02_nominal_000,g02,adaptive_rollout_adp,360.0,4,g02_t05_034,g02_t00_056,True,9.168501379623699,0.014817038072610924
g02_nominal_000,g02,adaptive_rollout_adp,450.0,5,g02_t00_056,g02_t07_018,True,7.029742508806007,0.051223267790452255
g02_nominal_000,g02,adaptive_rollout_adp,540.0,6,g02_t07_018,g02_t06_024,True,14.77447961476437,0.027098863794220773
g02_nominal_000,g02,adaptive_rollout_adp,630.0,7,g02_t06_024,g02_t08_058,True,17.162628630611422,0.009542879745594262
g02_nominal_000,g02,adaptive_rollout_adp,720.0,8,g02_t08_058,g02_t01_000,True,22.496551569852073,0.04944351730523839
g02_nominal_000,g02,adaptive_rollout_adp,810.0,9,g02_t01_000,g02_t14_000,True,26.893453946567192,0.03710345454329105
g02_nominal_000,g02,independent_milp,90.0,1,,g02_t07_018,True,8.97126666492109,0.04416055608455615
g02_nominal_000,g02,independent_milp,180.0,2,g02_t07_018,g02_t06_024,True,14.77447961476437,0.027098863794220773
g02_nominal_000,g02,independent_milp,270.0,3,g02_t06_024,g02_t08_058,True,17.162628630611422,0.009542879745594262
g02_nominal_000,g02,independent_milp,360.0,4,g02_t08_058,g02_t01_000,True,22.496551569852073,0.04944351730523839
g02_nominal_000,g02,independent_milp,450.0,5,g02_t01_000,g02_t14_000,True,26.893453946567192,0.03710345454329105
g02_nominal_000,g02,independent_milp,540.0,6,g02_t14_000,g02_t05_007,True,4.372801851778339,0.025598277631400632
g02_nominal_000,g02,independent_milp,630.0,7,g02_t05_007,g02_t00_021,True,4.395930804292922,0.01194463439177496
g02_nominal_000,g02,independent_milp,720.0,8,g02_t00_021,g02_t03_038,True,0.6810096186289489,0.053514700779597794
g02_nominal_000,g02,independent_milp,810.0,9,g02_t03_038,g02_t04_000,True,6.549909961903845,0.019566689126069434
g02_nominal_001,g02,incumbent,90.0,1,,g02_t04_011,True,24.382037943308198,0.017997520680770283
g02_nominal_001,g02,incumbent,180.0,2,g02_t04_011,g02_t03_038,True,6.519506527645924,0.02651708691739281
g02_nominal_001,g02,incumbent,270.0,3,g02_t03_038,g02_t05_034,True,2.7969105226895907,0.039225588214570804
g02_nominal_001,g02,incumbent,360.0,4,g02_t05_034,g02_t00_056,True,9.168501379623699,0.014817038072610924
g02_nominal_001,g02,incumbent,450.0,5,g02_t00_056,g02_t07_018,True,7.029742508806007,0.051223267790452255
g02_nominal_001,g02,incumbent,540.0,6,g02_t07_018,g02_t06_024,True,14.77447961476437,0.027098863794220773
g02_nominal_001,g02,incumbent,630.0,7,g02_t06_024,g02_t08_058,True,17.162628630611422,0.009542879745594262
g02_nominal_001,g02,incumbent,720.0,8,g02_t08_058,g02_t01_000,True,22.496551569852073,0.04944351730523839
g02_nominal_001,g02,incumbent,810.0,9,g02_t01_000,g02_t14_000,True,26.893453946567192,0.03710345454329105
g02_nominal_001,g02,one_step_adp,90.0,1,,g02_t04_000,True,24.199755340469753,0.020548470737184424
g02_nominal_001,g02,one_step_adp,180.0,2,g02_t04_000,g02_t03_004,True,5.880665466345793,0.02628010392398943
g02_nominal_001,g02,one_step_adp,270.0,3,g02_t03_004,g02_t05_034,True,4.569041016449092,0.031855999854152266
g02_nominal_001,g02,one_step_adp,360.0,4,g02_t05_034,g02_t00_056,True,9.168501379623699,0.014817038072610924
g02_nominal_001,g02,one_step_adp,450.0,5,g02_t00_056,g02_t07_018,True,7.029742508806007,0.051223267790452255
g02_nominal_001,g02,one_step_adp,540.0,6,g02_t07_018,g02_t06_024,True,14.77447961476437,0.027098863794220773
g02_nominal_001,g02,one_step_adp,630.0,7,g02_t06_024,g02_t08_058,True,17.162628630611422,0.009542879745594262
g02_nominal_001,g02,one_step_adp,720.0,8,g02_t08_058,g02_t01_000,True,22.496551569852073,0.04944351730523839
g02_nominal_001,g02,one_step_adp,810.0,9,g02_t01_000,g02_t14_000,True,26.893453946567192,0.03710345454329105
g02_nominal_001,g02,adaptive_rollout_adp,90.0,1,,g02_t03_038,True,6.325853088722215,0.027320472712536948
g02_nominal_001,g02,adaptive_rollout_adp,180.0,2,g02_t03_038,g02_t04_000,True,6.549909961903845,0.019566689126069434
g02_nominal_001,g02,adaptive_rollout_adp,270.0,3,g02_t04_000,g02_t10_000,True,2.5368169883335776,0.05988418230128934
g02_nominal_001,g02,adaptive_rollout_adp,360.0,4,g02_t10_000,g02_t07_018,True,24.73878871173503,0.007154004194639668
g02_nominal_001,g02,adaptive_rollout_adp,450.0,5,g02_t07_018,g02_t06_024,True,14.77447961476437,0.027098863794220773
g02_nominal_001,g02,adaptive_rollout_adp,540.0,6,g02_t06_024,g02_t08_058,True,17.162628630611422,0.009542879745594262
g02_nominal_001,g02,adaptive_rollout_adp,630.0,7,g02_t08_058,g02_t01_000,True,22.496551569852073,0.04944351730523839
g02_nominal_001,g02,adaptive_rollout_adp,720.0,8,g02_t01_000,g02_t14_000,True,26.893453946567192,0.03710345454329105
g02_nominal_001,g02,adaptive_rollout_adp,810.0,9,g02_t14_000,g02_t05_058,True,4.237771775412723,0.01888764198748367
g02_nominal_001,g02,adaptive_rollout_adp,900.0,10,g02_t05_058,g02_t00_001,True,4.199042545753777,0.009609498410071303
g02_nominal_001,g02,independent_milp,90.0,1,,g02_t04_000,True,24.199755340469753,0.020548470737184424
g02_nominal_001,g02,independent_milp,180.0,2,g02_t04_000,g02_t03_004,True,5.880665466345793,0.02628010392398943
g02_nominal_001,g02,independent_milp,270.0,3,g02_t03_004,g02_t03_001,True,0.643832013938022,0.020777425261175517
g02_nominal_001,g02,independent_milp,360.0,4,g02_t03_001,g02_t08_058,True,8.89600325173927,0.044301133460187464
g02_nominal_001,g02,independent_milp,450.0,5,g02_t08_058,g02_t06_024,True,17.187158004722175,0.009532540859543387
g02_nominal_001,g02,independent_milp,540.0,6,g02_t06_024,g02_t07_018,True,15.416796900196196,0.027079764294415807
g02_nominal_001,g02,independent_milp,630.0,7,g02_t07_018,g02_t13_000,True,16.5578467438117,0.014183554266811227
g02_nominal_001,g02,independent_milp,720.0,8,g02_t13_000,g02_t05_007,True,4.217899697615454,0.050979099544046697
g02_nominal_001,g02,independent_milp,810.0,9,g02_t05_007,g02_t00_001,True,4.389789236987312,0.00758751259928509
g02_nominal_001,g02,independent_milp,900.0,10,g02_t00_001,g02_t14_000,True,5.082328452360574,0.021514032815651313
g02_nominal_001,g02,independent_milp,990.0,11,g02_t14_000,g02_t01_000,True,25.84209624675261,0.03712196028576406
g02_nominal_002,g02,incumbent,90.0,1,,g02_t04_011,True,24.382037943308198,0.017997520680770283
g02_nominal_002,g02,incumbent,180.0,2,g02_t04_011,g02_t03_038,True,6.519506527645924,0.02651708691739281
g02_nominal_002,g02,incumbent,270.0,3,g02_t03_038,g02_t05_034,True,2.7969105226895907,0.039225588214570804
g02_nominal_002,g02,incumbent,360.0,4,g02_t05_034,g02_t00_056,True,9.168501379623699,0.014817038072610924
g02_nominal_002,g02,incumbent,450.0,5,g02_t00_056,g02_t07_018,True,7.029742508806007,0.051223267790452255
g02_nominal_002,g02,incumbent,540.0,6,g02_t07_018,g02_t06_024,True,14.77447961476437,0.027098863794220773
g02_nominal_002,g02,incumbent,630.0,7,g02_t06_024,g02_t08_058,True,17.162628630611422,0.009542879745594262
g02_nominal_002,g02,incumbent,720.0,8,g02_t08_058,g02_t02_059,True,16.2544800750422,0.046607622434860774
g02_nominal_002,g02,incumbent,810.0,9,g02_t02_059,g02_t01_026,True,18.124447244444458,0.055664173838065635
g02_nominal_002,g02,one_step_adp,90.0,1,,g02_t04_000,True,24.199755340469753,0.020548470737184424
g02_nominal_002,g02,one_step_adp,180.0,2,g02_t04_000,g02_t03_004,True,5.880665466345793,0.02628010392398943
g02_nominal_002,g02,one_step_adp,270.0,3,g02_t03_004,g02_t05_034,True,4.569041016449092,0.031855999854152266
g02_nominal_002,g02,one_step_adp,360.0,4,g02_t05_034,g02_t00_056,True,9.168501379623699,0.014817038072610924
g02_nominal_002,g02,one_step_adp,450.0,5,g02_t00_056,g02_t07_018,True,7.029742508806007,0.051223267790452255
g02_nominal_002,g02,one_step_adp,540.0,6,g02_t07_018,g02_t06_024,True,14.77447961476437,0.027098863794220773
g02_nominal_002,g02,one_step_adp,630.0,7,g02_t06_024,g02_t08_058,True,17.162628630611422,0.009542879745594262
g02_nominal_002,g02,one_step_adp,720.0,8,g02_t08_058,g02_t02_059,True,16.2544800750422,0.046607622434860774
g02_nominal_002,g02,one_step_adp,810.0,9,g02_t02_059,g02_t01_026,True,18.124447244444458,0.055664173838065635
g02_nominal_002,g02,adaptive_rollout_adp,90.0,1,,g02_t04_000,True,24.199755340469753,0.020548470737184424
g02_nominal_002,g02,adaptive_rollout_adp,180.0,2,g02_t04_000,g02_t03_004,True,5.880665466345793,0.02628010392398943
g02_nominal_002,g02,adaptive_rollout_adp,270.0,3,g02_t03_004,g02_t05_034,True,4.569041016449092,0.031855999854152266
g02_nominal_002,g02,adaptive_rollout_adp,360.0,4,g02_t05_034,g02_t00_056,True,9.168501379623699,0.014817038072610924
g02_nominal_002,g02,adaptive_rollout_adp,450.0,5,g02_t00_056,g02_t07_018,True,7.029742508806007,0.051223267790452255
g02_nominal_002,g02,adaptive_rollout_adp,540.0,6,g02_t07_018,g02_t06_024,True,14.77447961476437,0.027098863794220773
g02_nominal_002,g02,adaptive_rollout_adp,630.0,7,g02_t06_024,g02_t08_058,True,17.162628630611422,0.009542879745594262
g02_nominal_002,g02,adaptive_rollout_adp,720.0,8,g02_t08_058,g02_t02_059,True,16.2544800750422,0.046607622434860774
g02_nominal_002,g02,adaptive_rollout_adp,810.0,9,g02_t02_059,g02_t01_026,True,18.124447244444458,0.055664173838065635
g02_nominal_002,g02,independent_milp,90.0,1,,g02_t03_038,True,6.325853088722215,0.027320472712536948
g02_nominal_002,g02,independent_milp,180.0,2,g02_t03_038,g02_t04_000,True,6.549909961903845,0.019566689126069434
g02_nominal_002,g02,independent_milp,270.0,3,g02_t04_000,g02_t00_021,True,2.79274495484177,0.054818335917089095
g02_nominal_002,g02,independent_milp,360.0,4,g02_t00_021,g02_t05_007,True,4.396648716972505,0.01193337673924359
g02_nominal_002,g02,independent_milp,450.0,5,g02_t05_007,g02_t02_059,True,4.362897245442859,0.026859591588940388
g02_nominal_002,g02,independent_milp,540.0,6,g02_t02_059,g02_t07_018,True,18.35300978206638,0.03691745275604811
g02_nominal_002,g02,independent_milp,630.0,7,g02_t07_018,g02_t06_024,True,14.77447961476437,0.027098863794220773
g02_nominal_002,g02,independent_milp,720.0,8,g02_t06_024,g02_t08_058,True,17.162628630611422,0.009542879745594262
g02_nominal_002,g02,independent_milp,810.0,9,g02_t08_058,g02_t01_026,True,20.60286406075009,0.053613307548764054
g02_nominal_003,g02,one_step_adp,90.0,1,,g02_t04_000,True,24.199755340469753,0.020548470737184424
g02_nominal_003,g02,one_step_adp,180.0,2,g02_t04_000,g02_t03_004,True,5.880665466345793,0.02628010392398943
g02_nominal_003,g02,one_step_adp,270.0,3,g02_t03_004,g02_t05_034,True,4.569041016449092,0.031855999854152266
g02_nominal_003,g02,one_step_adp,360.0,4,g02_t05_034,g02_t00_056,True,9.168501379623699,0.014817038072610924
g02_nominal_003,g02,one_step_adp,450.0,5,g02_t00_056,g02_t07_018,True,7.029742508806007,0.051223267790452255
g02_nominal_003,g02,one_step_adp,540.0,6,g02_t07_018,g02_t06_024,True,14.77447961476437,0.027098863794220773
g02_nominal_003,g02,one_step_adp,630.0,7,g02_t06_024,g02_t08_058,True,17.162628630611422,0.009542879745594262
g02_nominal_003,g02,one_step_adp,720.0,8,g02_t08_058,g02_t01_000,True,22.496551569852073,0.04944351730523839
g02_nominal_003,g02,one_step_adp,810.0,9,g02_t01_000,g02_t14_000,True,26.893453946567192,0.03710345454329105
g02_nominal_003,g02,incumbent,90.0,1,,g02_t04_011,True,24.382037943308198,0.017997520680770283
g02_nominal_003,g02,incumbent,180.0,2,g02_t04_011,g02_t03_038,True,6.519506527645924,0.02651708691739281
g02_nominal_003,g02,incumbent,270.0,3,g02_t03_038,g02_t05_034,True,2.7969105226895907,0.039225588214570804
g02_nominal_003,g02,incumbent,360.0,4,g02_t05_034,g02_t00_056,True,9.168501379623699,0.014817038072610924
g02_nominal_003,g02,incumbent,450.0,5,g02_t00_056,g02_t07_018,True,7.029742508806007,0.051223267790452255
g02_nominal_003,g02,incumbent,540.0,6,g02_t07_018,g02_t06_024,True,14.77447961476437,0.027098863794220773
g02_nominal_003,g02,incumbent,630.0,7,g02_t06_024,g02_t08_058,True,17.162628630611422,0.009542879745594262
g02_nominal_003,g02,incumbent,720.0,8,g02_t08_058,g02_t02_059,True,16.2544800750422,0.046607622434860774
g02_nominal_003,g02,incumbent,810.0,9,g02_t02_059,g02_t01_000,True,20.33219395072795,0.04272099221302373
g02_nominal_003,g02,adaptive_rollout_adp,90.0,1,,g02_t04_000,True,24.199755340469753,0.020548470737184424
g02_nominal_003,g02,adaptive_rollout_adp,180.0,2,g02_t04_000,g02_t03_004,True,5.880665466345793,0.02628010392398943
g02_nominal_003,g02,adaptive_rollout_adp,270.0,3,g02_t03_004,g02_t05_034,True,4.569041016449092,0.031855999854152266
g02_nominal_003,g02,adaptive_rollout_adp,360.0,4,g02_t05_034,g02_t00_056,True,9.168501379623699,0.014817038072610924
g02_nominal_003,g02,adaptive_rollout_adp,450.0,5,g02_t00_056,g02_t07_018,True,7.029742508806007,0.051223267790452255
g02_nominal_003,g02,adaptive_rollout_adp,540.0,6,g02_t07_018,g02_t06_024,True,14.77447961476437,0.027098863794220773
g02_nominal_003,g02,adaptive_rollout_adp,630.0,7,g02_t06_024,g02_t08_058,True,17.162628630611422,0.009542879745594262
g02_nominal_003,g02,adaptive_rollout_adp,720.0,8,g02_t08_058,g02_t01_000,True,22.496551569852073,0.04944351730523839
g02_nominal_003,g02,adaptive_rollout_adp,810.0,9,g02_t01_000,g02_t14_000,True,26.893453946567192,0.03710345454329105
g02_nominal_003,g02,independent_milp,90.0,1,,g02_t04_000,True,24.199755340469753,0.020548470737184424
g02_nominal_003,g02,independent_milp,180.0,2,g02_t04_000,g02_t03_038,True,6.557291234437797,0.019552493670681775
g02_nominal_003,g02,independent_milp,270.0,3,g02_t03_038,g02_t05_034,True,2.7969105226895907,0.039225588214570804
g02_nominal_003,g02,independent_milp,360.0,4,g02_t05_034,g02_t07_018,True,0.3430882804604374,0.05951524510118255
g02_nominal_003,g02,independent_milp,450.0,5,g02_t07_018,g02_t06_024,True,14.77447961476437,0.027098863794220773
g02_nominal_003,g02,independent_milp,540.0,6,g02_t06_024,g02_t08_058,True,17.162628630611422,0.009542879745594262
g02_nominal_003,g02,independent_milp,630.0,7,g02_t08_058,g02_t01_000,True,22.496551569852073,0.04944351730523839
g02_nominal_003,g02,independent_milp,720.0,8,g02_t01_000,g02_t14_000,True,26.893453946567192,0.03710345454329105
g02_nominal_003,g02,independent_milp,810.0,9,g02_t14_000,g02_t00_001,True,5.089473649896909,0.021495372340402684
g02_nominal_004,g02,incumbent,90.0,1,,g02_t04_011,True,24.382037943308198,0.017997520680770283
g02_nominal_004,g02,incumbent,180.0,2,g02_t04_011,g02_t03_038,True,6.519506527645924,0.02651708691739281
g02_nominal_004,g02,incumbent,270.0,3,g02_t03_038,g02_t05_034,True,2.7969105226895907,0.039225588214570804
g02_nominal_004,g02,incumbent,360.0,4,g02_t05_034,g02_t00_056,True,9.168501379623699,0.014817038072610924
g02_nominal_004,g02,incumbent,450.0,5,g02_t00_056,g02_t07_018,True,7.029742508806007,0.051223267790452255
g02_nominal_004,g02,incumbent,540.0,6,g02_t07_018,g02_t06_024,True,14.77447961476437,0.027098863794220773
g02_nominal_004,g02,incumbent,630.0,7,g02_t06_024,g02_t08_058,True,17.162628630611422,0.009542879745594262
g02_nominal_004,g02,incumbent,720.0,8,g02_t08_058,g02_t02_059,True,16.2544800750422,0.046607622434860774
g02_nominal_004,g02,incumbent,810.0,9,g02_t02_059,g02_t01_000,True,20.33219395072795,0.04272099221302373
g02_nominal_004,g02,one_step_adp,90.0,1,,g02_t04_000,True,24.199755340469753,0.020548470737184424
g02_nominal_004,g02,one_step_adp,180.0,2,g02_t04_000,g02_t03_004,True,5.880665466345793,0.02628010392398943
g02_nominal_004,g02,one_step_adp,270.0,3,g02_t03_004,g02_t05_034,True,4.569041016449092,0.031855999854152266
g02_nominal_004,g02,one_step_adp,360.0,4,g02_t05_034,g02_t00_056,True,9.168501379623699,0.014817038072610924
g02_nominal_004,g02,one_step_adp,450.0,5,g02_t00_056,g02_t07_018,True,7.029742508806007,0.051223267790452255
g02_nominal_004,g02,one_step_adp,540.0,6,g02_t07_018,g02_t06_024,True,14.77447961476437,0.027098863794220773
g02_nominal_004,g02,one_step_adp,630.0,7,g02_t06_024,g02_t08_058,True,17.162628630611422,0.009542879745594262
g02_nominal_004,g02,one_step_adp,720.0,8,g02_t08_058,g02_t01_000,True,22.496551569852073,0.04944351730523839
g02_nominal_004,g02,one_step_adp,810.0,9,g02_t01_000,g02_t14_000,True,26.893453946567192,0.03710345454329105
g02_nominal_004,g02,adaptive_rollout_adp,90.0,1,,g02_t04_000,True,24.199755340469753,0.020548470737184424
g02_nominal_004,g02,adaptive_rollout_adp,180.0,2,g02_t04_000,g02_t03_004,True,5.880665466345793,0.02628010392398943
g02_nominal_004,g02,adaptive_rollout_adp,270.0,3,g02_t03_004,g02_t05_034,True,4.569041016449092,0.031855999854152266
g02_nominal_004,g02,adaptive_rollout_adp,360.0,4,g02_t05_034,g02_t00_056,True,9.168501379623699,0.014817038072610924
g02_nominal_004,g02,adaptive_rollout_adp,450.0,5,g02_t00_056,g02_t07_018,True,7.029742508806007,0.051223267790452255
g02_nominal_004,g02,adaptive_rollout_adp,540.0,6,g02_t07_018,g02_t06_024,True,14.77447961476437,0.027098863794220773
g02_nominal_004,g02,adaptive_rollout_adp,630.0,7,g02_t06_024,g02_t08_058,True,17.162628630611422,0.009542879745594262
g02_nominal_004,g02,adaptive_rollout_adp,720.0,8,g02_t08_058,g02_t01_000,True,22.496551569852073,0.04944351730523839
g02_nominal_004,g02,adaptive_rollout_adp,810.0,9,g02_t01_000,g02_t14_000,True,26.893453946567192,0.03710345454329105
g02_nominal_004,g02,independent_milp,90.0,1,,g02_t04_000,True,24.199755340469753,0.020548470737184424
g02_nominal_004,g02,independent_milp,180.0,2,g02_t04_000,g02_t03_004,True,5.880665466345793,0.02628010392398943
g02_nominal_004,g02,independent_milp,270.0,3,g02_t03_004,g02_t03_001,True,0.643832013938022,0.020777425261175517
g02_nominal_004,g02,independent_milp,360.0,4,g02_t03_001,g02_t08_058,True,8.89600325173927,0.044301133460187464
g02_nominal_004,g02,independent_milp,450.0,5,g02_t08_058,g02_t06_024,True,17.187158004722175,0.009532540859543387
g02_nominal_004,g02,independent_milp,540.0,6,g02_t06_024,g02_t07_018,True,15.416796900196196,0.027079764294415807
g02_nominal_004,g02,independent_milp,630.0,7,g02_t07_018,g02_t00_021,True,13.009770784719166,0.04325939390250313
g02_nominal_004,g02,independent_milp,720.0,8,g02_t00_021,g02_t05_007,True,4.396648716972505,0.01193337673924359
g02_nominal_004,g02,independent_milp,810.0,9,g02_t05_007,g02_t14_000,True,4.36814832802662,0.025616800776377284
g02_nominal_004,g02,independent_milp,900.0,10,g02_t14_000,g02_t01_000,True,25.84209624675261,0.03712196028576406
g02_nominal_005,g02,incumbent,90.0,1,,g02_t04_011,True,24.382037943308198,0.017997520680770283
g02_nominal_005,g02,incumbent,180.0,2,g02_t04_011,g02_t03_038,True,6.519506527645924,0.02651708691739281
g02_nominal_005,g02,incumbent,270.0,3,g02_t03_038,g02_t05_034,True,2.7969105226895907,0.039225588214570804
g02_nominal_005,g02,incumbent,360.0,4,g02_t05_034,g02_t00_056,True,9.168501379623699,0.014817038072610924
g02_nominal_005,g02,incumbent,450.0,5,g02_t00_056,g02_t07_018,True,7.029742508806007,0.051223267790452255
g02_nominal_005,g02,incumbent,540.0,6,g02_t07_018,g02_t06_024,True,14.77447961476437,0.027098863794220773
g02_nominal_005,g02,incumbent,630.0,7,g02_t06_024,g02_t08_058,True,17.162628630611422,0.009542879745594262
g02_nominal_005,g02,incumbent,720.0,8,g02_t08_058,g02_t02_059,True,16.2544800750422,0.046607622434860774
g02_nominal_005,g02,incumbent,810.0,9,g02_t02_059,g02_t01_000,True,20.33219395072795,0.04272099221302373
g02_nominal_005,g02,one_step_adp,90.0,1,,g02_t04_000,True,24.199755340469753,0.020548470737184424
g02_nominal_005,g02,one_step_adp,180.0,2,g02_t04_000,g02_t03_004,True,5.880665466345793,0.02628010392398943
g02_nominal_005,g02,one_step_adp,270.0,3,g02_t03_004,g02_t05_034,True,4.569041016449092,0.031855999854152266
g02_nominal_005,g02,one_step_adp,360.0,4,g02_t05_034,g02_t00_056,True,9.168501379623699,0.014817038072610924
g02_nominal_005,g02,one_step_adp,450.0,5,g02_t00_056,g02_t07_018,True,7.029742508806007,0.051223267790452255
g02_nominal_005,g02,one_step_adp,540.0,6,g02_t07_018,g02_t06_024,True,14.77447961476437,0.027098863794220773
g02_nominal_005,g02,one_step_adp,630.0,7,g02_t06_024,g02_t08_058,True,17.162628630611422,0.009542879745594262
g02_nominal_005,g02,one_step_adp,720.0,8,g02_t08_058,g02_t01_000,True,22.496551569852073,0.04944351730523839
g02_nominal_005,g02,one_step_adp,810.0,9,g02_t01_000,g02_t14_000,True,26.893453946567192,0.03710345454329105
g02_nominal_005,g02,adaptive_rollout_adp,90.0,1,,g02_t04_000,True,24.199755340469753,0.020548470737184424
g02_nominal_005,g02,adaptive_rollout_adp,180.0,2,g02_t04_000,g02_t03_004,True,5.880665466345793,0.02628010392398943
g02_nominal_005,g02,adaptive_rollout_adp,270.0,3,g02_t03_004,g02_t05_034,True,4.569041016449092,0.031855999854152266
g02_nominal_005,g02,adaptive_rollout_adp,360.0,4,g02_t05_034,g02_t00_056,True,9.168501379623699,0.014817038072610924
g02_nominal_005,g02,adaptive_rollout_adp,450.0,5,g02_t00_056,g02_t07_018,True,7.029742508806007,0.051223267790452255
g02_nominal_005,g02,adaptive_rollout_adp,540.0,6,g02_t07_018,g02_t06_024,True,14.77447961476437,0.027098863794220773
g02_nominal_005,g02,adaptive_rollout_adp,630.0,7,g02_t06_024,g02_t08_058,True,17.162628630611422,0.009542879745594262
g02_nominal_005,g02,adaptive_rollout_adp,720.0,8,g02_t08_058,g02_t01_000,True,22.496551569852073,0.04944351730523839
g02_nominal_005,g02,adaptive_rollout_adp,810.0,9,g02_t01_000,g02_t14_000,True,26.893453946567192,0.03710345454329105
g02_nominal_005,g02,independent_milp,90.0,1,,g02_t03_038,True,6.325853088722215,0.027320472712536948
g02_nominal_005,g02,independent_milp,180.0,2,g02_t03_038,g02_t04_000,True,6.549909961903845,0.019566689126069434
g02_nominal_005,g02,independent_milp,270.0,3,g02_t04_000,g02_t10_000,True,2.5368169883335776,0.05988418230128934
g02_nominal_005,g02,independent_milp,360.0,4,g02_t10_000,g02_t07_018,True,24.73878871173503,0.007154004194639668
g02_nominal_005,g02,independent_milp,450.0,5,g02_t07_018,g02_t06_024,True,14.77447961476437,0.027098863794220773
g02_nominal_005,g02,independent_milp,540.0,6,g02_t06_024,g02_t08_058,True,17.162628630611422,0.009542879745594262
g02_nominal_005,g02,independent_milp,630.0,7,g02_t08_058,g02_t01_000,True,22.496551569852073,0.04944351730523839
g02_nominal_005,g02,independent_milp,720.0,8,g02_t01_000,g02_t14_000,True,26.893453946567192,0.03710345454329105
g02_nominal_005,g02,independent_milp,810.0,9,g02_t14_000,g02_t05_058,True,4.237771775412723,0.01888764198748367
g02_nominal_005,g02,independent_milp,900.0,10,g02_t05_058,g02_t00_001,True,4.199042545753777,0.009609498410071303
g02_nominal_006,g02,adaptive_rollout_adp,90.0,1,,g02_t04_035,True,24.002418167792488,0.03198755413011418
g02_nominal_006,g02,adaptive_rollout_adp,180.0,2,g02_t04_035,g02_t03_001,True,3.7858830333633233,0.036329218562992656
g02_nominal_006,g02,adaptive_rollout_adp,270.0,3,g02_t03_001,g02_t06_001,True,5.66606373782801,0.034369742361072944
g02_nominal_006,g02,adaptive_rollout_adp,360.0,4,g02_t06_001,g02_t08_038,True,11.529373895994135,0.017114652596666422
g02_nominal_006,g02,adaptive_rollout_adp,450.0,5,g02_t08_038,g02_t07_018,True,18.414867205044807,0.030939707821456143
g02_nominal_006,g02,adaptive_rollout_adp,540.0,6,g02_t07_018,g02_t00_021,True,13.009770784719166,0.04325939390250313
g02_nominal_006,g02,adaptive_rollout_adp,630.0,7,g02_t00_021,g02_t05_058,True,4.170645334767528,0.02145322342131899
g02_nominal_006,g02,adaptive_rollout_adp,720.0,8,g02_t05_058,g02_t14_000,True,4.237713685496265,0.018900906993783783
g02_nominal_006,g02,adaptive_rollout_adp,810.0,9,g02_t14_000,g02_t01_000,True,25.84209624675261,0.03712196028576406
g02_nominal_006,g02,incumbent,90.0,1,,g02_t04_011,True,24.382037943308198,0.017997520680770283
g02_nominal_006,g02,incumbent,180.0,2,g02_t04_011,g02_t03_004,True,5.690319175269608,0.04058934889494932
g02_nominal_006,g02,incumbent,270.0,3,g02_t03_004,g02_t05_034,True,4.569041016449092,0.031855999854152266
g02_nominal_006,g02,incumbent,360.0,4,g02_t05_034,g02_t00_056,True,9.168501379623699,0.014817038072610924
g02_nominal_006,g02,incumbent,450.0,5,g02_t00_056,g02_t07_018,True,7.029742508806007,0.051223267790452255
g02_nominal_006,g02,incumbent,540.0,6,g02_t07_018,g02_t06_024,True,14.77447961476437,0.027098863794220773
g02_nominal_006,g02,incumbent,630.0,7,g02_t06_024,g02_t08_038,True,15.643363333341659,0.019696788363937557
g02_nominal_006,g02,incumbent,720.0,8,g02_t08_038,g02_t06_000,True,18.14477795639473,0.005399195634485708
g02_nominal_006,g02,incumbent,810.0,9,g02_t06_000,g02_t11_000,True,18.140469390192674,0.011244444529732882
g02_nominal_006,g02,incumbent,900.0,10,g02_t11_000,g02_t08_000,True,20.059238029237562,0.020190963607196317
g02_nominal_006,g02,incumbent,990.0,11,g02_t08_000,g02_t06_001,True,11.512527496123106,0.01662120078400707
g02_nominal_006,g02,incumbent,1080.0,12,g02_t06_001,g02_t01_000,True,11.346846565018431,0.0585414573303963
g02_nominal_006,g02,incumbent,1170.0,13,g02_t01_000,g02_t14_000,True,26.893453946567192,0.03710345454329105
g02_nominal_006,g02,one_step_adp,90.0,1,,g02_t04_011,True,24.382037943308198,0.017997520680770283
g02_nominal_006,g02,one_step_adp,180.0,2,g02_t04_011,g02_t03_004,True,5.690319175269608,0.04058934889494932
g02_nominal_006,g02,one_step_adp,270.0,3,g02_t03_004,g02_t03_001,True,0.643832013938022,0.020777425261175517
g02_nominal_006,g02,one_step_adp,360.0,4,g02_t03_001,g02_t06_024,True,6.263891600401967,0.04651655647973681
g02_nominal_006,g02,one_step_adp,450.0,5,g02_t06_024,g02_t08_038,True,15.643363333341659,0.019696788363937557
g02_nominal_006,g02,one_step_adp,540.0,6,g02_t08_038,g02_t07_018,True,18.414867205044807,0.030939707821456143
g02_nominal_006,g02,one_step_adp,630.0,7,g02_t07_018,g02_t00_021,True,13.009770784719166,0.04325939390250313
g02_nominal_006,g02,one_step_adp,720.0,8,g02_t00_021,g02_t05_058,True,4.170645334767528,0.02145322342131899
g02_nominal_006,g02,one_step_adp,810.0,9,g02_t05_058,g02_t14_000,True,4.237713685496265,0.018900906993783783
g02_nominal_006,g02,one_step_adp,900.0,10,g02_t14_000,g02_t01_000,True,25.84209624675261,0.03712196028576406
g02_nominal_006,g02,independent_milp,90.0,1,,g02_t04_035,True,24.002418167792488,0.03198755413011418
g02_nominal_006,g02,independent_milp,180.0,2,g02_t04_035,g02_t03_001,True,3.7858830333633233,0.036329218562992656
g02_nominal_006,g02,independent_milp,270.0,3,g02_t03_001,g02_t06_001,True,5.66606373782801,0.034369742361072944
g02_nominal_006,g02,independent_milp,360.0,4,g02_t06_001,g02_t08_038,True,11.529373895994135,0.017114652596666422
g02_nominal_006,g02,independent_milp,450.0,5,g02_t08_038,g02_t07_018,True,18.414867205044807,0.030939707821456143
g02_nominal_006,g02,independent_milp,540.0,6,g02_t07_018,g02_t00_021,True,13.009770784719166,0.04325939390250313
g02_nominal_006,g02,independent_milp,630.0,7,g02_t00_021,g02_t05_058,True,4.170645334767528,0.02145322342131899
g02_nominal_006,g02,independent_milp,720.0,8,g02_t05_058,g02_t14_000,True,4.237713685496265,0.018900906993783783
g02_nominal_006,g02,independent_milp,810.0,9,g02_t14_000,g02_t01_000,True,25.84209624675261,0.03712196028576406
g02_nominal_007,g02,adaptive_rollout_adp,90.0,1,,g02_t04_000,True,24.199755340469753,0.020548470737184424
g02_nominal_007,g02,adaptive_rollout_adp,180.0,2,g02_t04_000,g02_t03_004,True,5.880665466345793,0.02628010392398943
g02_nominal_007,g02,adaptive_rollout_adp,270.0,3,g02_t03_004,g02_t05_034,True,4.569041016449092,0.031855999854152266
g02_nominal_007,g02,adaptive_rollout_adp,360.0,4,g02_t05_034,g02_t00_056,True,9.168501379623699,0.014817038072610924
g02_nominal_007,g02,adaptive_rollout_adp,450.0,5,g02_t00_056,g02_t07_018,True,7.029742508806007,0.051223267790452255
g02_nominal_007,g02,adaptive_rollout_adp,540.0,6,g02_t07_018,g02_t06_024,True,14.77447961476437,0.027098863794220773
g02_nominal_007,g02,adaptive_rollout_adp,630.0,7,g02_t06_024,g02_t08_058,True,17.162628630611422,0.009542879745594262
g02_nominal_007,g02,adaptive_rollout_adp,720.0,8,g02_t08_058,g02_t01_000,True,22.496551569852073,0.04944351730523839
g02_nominal_007,g02,adaptive_rollout_adp,810.0,9,g02_t01_000,g02_t14_000,True,26.893453946567192,0.03710345454329105
g02_nominal_007,g02,incumbent,90.0,1,,g02_t04_011,True,24.382037943308198,0.017997520680770283
g02_nominal_007,g02,incumbent,180.0,2,g02_t04_011,g02_t03_038,True,6.519506527645924,0.02651708691739281
g02_nominal_007,g02,incumbent,270.0,3,g02_t03_038,g02_t05_034,True,2.7969105226895907,0.039225588214570804
g02_nominal_007,g02,incumbent,360.0,4,g02_t05_034,g02_t00_056,True,9.168501379623699,0.014817038072610924
g02_nominal_007,g02,incumbent,450.0,5,g02_t00_056,g02_t07_018,True,7.029742508806007,0.051223267790452255
g02_nominal_007,g02,incumbent,540.0,6,g02_t07_018,g02_t06_024,True,14.77447961476437,0.027098863794220773
g02_nominal_007,g02,incumbent,630.0,7,g02_t06_024,g02_t08_058,True,17.162628630611422,0.009542879745594262
g02_nominal_007,g02,incumbent,720.0,8,g02_t08_058,g02_t02_059,True,16.2544800750422,0.046607622434860774
g02_nominal_007,g02,incumbent,810.0,9,g02_t02_059,g02_t01_000,True,20.33219395072795,0.04272099221302373
g02_nominal_007,g02,one_step_adp,90.0,1,,g02_t04_000,True,24.199755340469753,0.020548470737184424
g02_nominal_007,g02,one_step_adp,180.0,2,g02_t04_000,g02_t03_004,True,5.880665466345793,0.02628010392398943
g02_nominal_007,g02,one_step_adp,270.0,3,g02_t03_004,g02_t05_034,True,4.569041016449092,0.031855999854152266
g02_nominal_007,g02,one_step_adp,360.0,4,g02_t05_034,g02_t00_056,True,9.168501379623699,0.014817038072610924
g02_nominal_007,g02,one_step_adp,450.0,5,g02_t00_056,g02_t07_018,True,7.029742508806007,0.051223267790452255
g02_nominal_007,g02,one_step_adp,540.0,6,g02_t07_018,g02_t06_024,True,14.77447961476437,0.027098863794220773
g02_nominal_007,g02,one_step_adp,630.0,7,g02_t06_024,g02_t08_058,True,17.162628630611422,0.009542879745594262
g02_nominal_007,g02,one_step_adp,720.0,8,g02_t08_058,g02_t01_000,True,22.496551569852073,0.04944351730523839
g02_nominal_007,g02,one_step_adp,810.0,9,g02_t01_000,g02_t14_000,True,26.893453946567192,0.03710345454329105
g02_nominal_007,g02,independent_milp,90.0,1,,g02_t03_038,True,6.325853088722215,0.027320472712536948
g02_nominal_007,g02,independent_milp,180.0,2,g02_t03_038,g02_t04_000,True,6.549909961903845,0.019566689126069434
g02_nominal_007,g02,independent_milp,270.0,3,g02_t04_000,g02_t05_034,True,14.264354702415723,0.038452349771042955
g02_nominal_007,g02,independent_milp,360.0,4,g02_t05_034,g02_t00_056,True,9.168501379623699,0.014817038072610924
g02_nominal_007,g02,independent_milp,450.0,5,g02_t00_056,g02_t07_018,True,7.029742508806007,0.051223267790452255
g02_nominal_007,g02,independent_milp,540.0,6,g02_t07_018,g02_t06_024,True,14.77447961476437,0.027098863794220773
g02_nominal_007,g02,independent_milp,630.0,7,g02_t06_024,g02_t08_058,True,17.162628630611422,0.009542879745594262
g02_nominal_007,g02,independent_milp,720.0,8,g02_t08_058,g02_t09_000,True,21.08821176511154,0.03413589173311684
g02_nominal_007,g02,independent_milp,810.0,9,g02_t09_000,g02_t14_000,True,24.777739525422497,0.030427214702740516
g02_nominal_007,g02,independent_milp,900.0,10,g02_t14_000,g02_t01_000,True,25.84209624675261,0.03712196028576406
g02_nominal_008,g02,adaptive_rollout_adp,90.0,1,,g02_t03_038,True,6.325853088722215,0.027320472712536948
g02_nominal_008,g02,adaptive_rollout_adp,180.0,2,g02_t03_038,g02_t04_000,True,6.549909961903845,0.019566689126069434
g02_nominal_008,g02,adaptive_rollout_adp,270.0,3,g02_t04_000,g02_t00_021,True,2.79274495484177,0.054818335917089095
g02_nominal_008,g02,adaptive_rollout_adp,360.0,4,g02_t00_021,g02_t05_007,True,4.396648716972505,0.01193337673924359
g02_nominal_008,g02,adaptive_rollout_adp,450.0,5,g02_t05_007,g02_t14_000,True,4.36814832802662,0.025616800776377284
g02_nominal_008,g02,adaptive_rollout_adp,540.0,6,g02_t14_000,g02_t01_000,True,25.84209624675261,0.03712196028576406
g02_nominal_008,g02,adaptive_rollout_adp,630.0,7,g02_t01_000,g02_t06_024,True,16.82399288289387,0.0492910557470688
g02_nominal_008,g02,adaptive_rollout_adp,720.0,8,g02_t06_024,g02_t08_038,True,15.643363333341659,0.019696788363937557
g02_nominal_008,g02,adaptive_rollout_adp,810.0,9,g02_t08_038,g02_t07_018,True,18.414867205044807,0.030939707821456143
g02_nominal_008,g02,incumbent,90.0,1,,g02_t04_011,True,24.382037943308198,0.017997520680770283
g02_nominal_008,g02,incumbent,180.0,2,g02_t04_011,g02_t03_038,True,6.519506527645924,0.02651708691739281
g02_nominal_008,g02,incumbent,270.0,3,g02_t03_038,g02_t05_034,True,2.7969105226895907,0.039225588214570804
g02_nominal_008,g02,incumbent,360.0,4,g02_t05_034,g02_t00_056,True,9.168501379623699,0.014817038072610924
g02_nominal_008,g02,incumbent,450.0,5,g02_t00_056,g02_t07_018,True,7.029742508806007,0.051223267790452255
g02_nominal_008,g02,incumbent,540.0,6,g02_t07_018,g02_t06_024,True,14.77447961476437,0.027098863794220773
g02_nominal_008,g02,incumbent,630.0,7,g02_t06_024,g02_t08_038,True,15.643363333341659,0.019696788363937557
g02_nominal_008,g02,incumbent,720.0,8,g02_t08_038,g02_t02_059,True,7.7310839527823925,0.05529368926284277
g02_nominal_008,g02,incumbent,810.0,9,g02_t02_059,g02_t01_000,True,20.33219395072795,0.04272099221302373
g02_nominal_008,g02,one_step_adp,90.0,1,,g02_t04_000,True,24.199755340469753,0.020548470737184424
g02_nominal_008,g02,one_step_adp,180.0,2,g02_t04_000,g02_t03_004,True,5.880665466345793,0.02628010392398943
g02_nominal_008,g02,one_step_adp,270.0,3,g02_t03_004,g02_t05_034,True,4.569041016449092,0.031855999854152266
g02_nominal_008,g02,one_step_adp,360.0,4,g02_t05_034,g02_t00_056,True,9.168501379623699,0.014817038072610924
g02_nominal_008,g02,one_step_adp,450.0,5,g02_t00_056,g02_t07_018,True,7.029742508806007,0.051223267790452255
g02_nominal_008,g02,one_step_adp,540.0,6,g02_t07_018,g02_t06_000,True,17.88743295772909,0.03214348336760765
g02_nominal_008,g02,one_step_adp,630.0,7,g02_t06_000,g02_t08_038,True,18.1438839128901,0.005403406778439301
g02_nominal_008,g02,one_step_adp,720.0,8,g02_t08_038,g02_t02_059,True,7.7310839527823925,0.05529368926284277
g02_nominal_008,g02,one_step_adp,810.0,9,g02_t02_059,g02_t01_000,True,20.33219395072795,0.04272099221302373
g02_nominal_008,g02,independent_milp,90.0,1,,g02_t04_000,True,24.199755340469753,0.020548470737184424
g02_nominal_008,g02,independent_milp,180.0,2,g02_t04_000,g02_t03_004,True,5.880665466345793,0.02628010392398943
g02_nominal_008,g02,independent_milp,270.0,3,g02_t03_004,g02_t03_001,True,0.643832013938022,0.020777425261175517
g02_nominal_008,g02,independent_milp,360.0,4,g02_t03_001,g02_t08_038,True,2.0993483301938936,0.04606369364697507
g02_nominal_008,g02,independent_milp,450.0,5,g02_t08_038,g02_t06_000,True,18.14477795639473,0.005399195634485708
g02_nominal_008,g02,independent_milp,540.0,6,g02_t06_000,g02_t07_018,True,18.008526724269682,0.03213094262068221
g02_nominal_008,g02,independent_milp,630.0,7,g02_t07_018,g02_t00_021,True,13.009770784719166,0.04325939390250313
g02_nominal_008,g02,independent_milp,720.0,8,g02_t00_021,g02_t02_043,True,14.662534013129942,0.020746186886298326
g02_nominal_008,g02,independent_milp,810.0,9,g02_t02_043,g02_t05_058,True,4.216648924055148,0.018964205850924155
g02_nominal_008,g02,independent_milp,900.0,10,g02_t05_058,g02_t01_000,True,4.062392510073583,0.04592064064874633
g02_nominal_009,g02,adaptive_rollout_adp,90.0,1,,g02_t04_000,True,24.199755340469753,0.020548470737184424
g02_nominal_009,g02,adaptive_rollout_adp,180.0,2,g02_t04_000,g02_t03_004,True,5.880665466345793,0.02628010392398943
g02_nominal_009,g02,adaptive_rollout_adp,270.0,3,g02_t03_004,g02_t05_034,True,4.569041016449092,0.031855999854152266
g02_nominal_009,g02,adaptive_rollout_adp,360.0,4,g02_t05_034,g02_t00_056,True,9.168501379623699,0.014817038072610924
g02_nominal_009,g02,adaptive_rollout_adp,450.0,5,g02_t00_056,g02_t07_018,True,7.029742508806007,0.051223267790452255
g02_nominal_009,g02,adaptive_rollout_adp,540.0,6,g02_t07_018,g02_t06_024,True,14.77447961476437,0.027098863794220773
g02_nominal_009,g02,adaptive_rollout_adp,630.0,7,g02_t06_024,g02_t08_058,True,17.162628630611422,0.009542879745594262
g02_nominal_009,g02,adaptive_rollout_adp,720.0,8,g02_t08_058,g02_t01_000,True,22.496551569852073,0.04944351730523839
g02_nominal_009,g02,adaptive_rollout_adp,810.0,9,g02_t01_000,g02_t14_000,True,26.893453946567192,0.03710345454329105
g02_nominal_009,g02,one_step_adp,90.0,1,,g02_t04_000,True,24.199755340469753,0.020548470737184424
g02_nominal_009,g02,one_step_adp,180.0,2,g02_t04_000,g02_t03_004,True,5.880665466345793,0.02628010392398943
g02_nominal_009,g02,one_step_adp,270.0,3,g02_t03_004,g02_t05_034,True,4.569041016449092,0.031855999854152266
g02_nominal_009,g02,one_step_adp,360.0,4,g02_t05_034,g02_t00_056,True,9.168501379623699,0.014817038072610924
g02_nominal_009,g02,one_step_adp,450.0,5,g02_t00_056,g02_t07_018,True,7.029742508806007,0.051223267790452255
g02_nominal_009,g02,one_step_adp,540.0,6,g02_t07_018,g02_t06_024,True,14.77447961476437,0.027098863794220773
g02_nominal_009,g02,one_step_adp,630.0,7,g02_t06_024,g02_t08_058,True,17.162628630611422,0.009542879745594262
g02_nominal_009,g02,one_step_adp,720.0,8,g02_t08_058,g02_t01_000,True,22.496551569852073,0.04944351730523839
g02_nominal_009,g02,one_step_adp,810.0,9,g02_t01_000,g02_t14_000,True,26.893453946567192,0.03710345454329105
g02_nominal_009,g02,incumbent,90.0,1,,g02_t04_011,True,24.382037943308198,0.017997520680770283
g02_nominal_009,g02,incumbent,180.0,2,g02_t04_011,g02_t03_038,True,6.519506527645924,0.02651708691739281
g02_nominal_009,g02,incumbent,270.0,3,g02_t03_038,g02_t05_034,True,2.7969105226895907,0.039225588214570804
g02_nominal_009,g02,incumbent,360.0,4,g02_t05_034,g02_t00_056,True,9.168501379623699,0.014817038072610924
g02_nominal_009,g02,incumbent,450.0,5,g02_t00_056,g02_t07_018,True,7.029742508806007,0.051223267790452255
g02_nominal_009,g02,incumbent,540.0,6,g02_t07_018,g02_t06_024,True,14.77447961476437,0.027098863794220773
g02_nominal_009,g02,incumbent,630.0,7,g02_t06_024,g02_t08_058,True,17.162628630611422,0.009542879745594262
g02_nominal_009,g02,incumbent,720.0,8,g02_t08_058,g02_t02_059,True,16.2544800750422,0.046607622434860774
g02_nominal_009,g02,incumbent,810.0,9,g02_t02_059,g02_t01_000,True,20.33219395072795,0.04272099221302373
g02_nominal_009,g02,independent_milp,90.0,1,,g02_t03_038,True,6.325853088722215,0.027320472712536948
g02_nominal_009,g02,independent_milp,180.0,2,g02_t03_038,g02_t04_000,True,6.549909961903845,0.019566689126069434
g02_nominal_009,g02,independent_milp,270.0,3,g02_t04_000,g02_t05_034,True,14.264354702415723,0.038452349771042955
g02_nominal_009,g02,independent_milp,360.0,4,g02_t05_034,g02_t00_056,True,9.168501379623699,0.014817038072610924
g02_nominal_009,g02,independent_milp,450.0,5,g02_t00_056,g02_t07_018,True,7.029742508806007,0.051223267790452255
g02_nominal_009,g02,independent_milp,540.0,6,g02_t07_018,g02_t06_024,True,14.77447961476437,0.027098863794220773
g02_nominal_009,g02,independent_milp,630.0,7,g02_t06_024,g02_t08_058,True,17.162628630611422,0.009542879745594262
g02_nominal_009,g02,independent_milp,720.0,8,g02_t08_058,g02_t09_000,True,21.08821176511154,0.03413589173311684
g02_nominal_009,g02,independent_milp,810.0,9,g02_t09_000,g02_t14_000,True,24.777739525422497,0.030427214702740516
g02_nominal_009,g02,independent_milp,900.0,10,g02_t14_000,g02_t01_000,True,25.84209624675261,0.03712196028576406
g02_shifted_001,g02,incumbent,90.0,1,,g02_t04_011,True,24.382037943308198,0.017997520680770283
g02_shifted_001,g02,incumbent,180.0,2,g02_t04_011,g02_t03_038,True,6.519506527645924,0.02651708691739281
g02_shifted_001,g02,incumbent,270.0,3,g02_t03_038,g02_t05_034,True,2.7969105226895907,0.039225588214570804
g02_shifted_001,g02,incumbent,360.0,4,g02_t05_034,g02_t00_056,True,9.168501379623699,0.014817038072610924
g02_shifted_001,g02,incumbent,450.0,5,g02_t00_056,g02_t07_018,True,7.029742508806007,0.051223267790452255
g02_shifted_001,g02,incumbent,540.0,6,g02_t07_018,g02_t06_024,True,14.77447961476437,0.027098863794220773
g02_shifted_001,g02,incumbent,630.0,7,g02_t06_024,g02_t08_058,True,17.162628630611422,0.009542879745594262
g02_shifted_001,g02,incumbent,720.0,8,g02_t08_058,g02_t02_059,True,16.2544800750422,0.046607622434860774
g02_shifted_001,g02,incumbent,810.0,9,g02_t02_059,g02_t01_000,True,20.33219395072795,0.04272099221302373
g02_shifted_001,g02,one_step_adp,90.0,1,,g02_t04_000,True,24.199755340469753,0.020548470737184424
g02_shifted_001,g02,one_step_adp,180.0,2,g02_t04_000,g02_t03_004,True,5.880665466345793,0.02628010392398943
g02_shifted_001,g02,one_step_adp,270.0,3,g02_t03_004,g02_t05_034,True,4.569041016449092,0.031855999854152266
g02_shifted_001,g02,one_step_adp,360.0,4,g02_t05_034,g02_t00_056,True,9.168501379623699,0.014817038072610924
g02_shifted_001,g02,one_step_adp,450.0,5,g02_t00_056,g02_t07_018,True,7.029742508806007,0.051223267790452255
g02_shifted_001,g02,one_step_adp,540.0,6,g02_t07_018,g02_t06_024,True,14.77447961476437,0.027098863794220773
g02_shifted_001,g02,one_step_adp,630.0,7,g02_t06_024,g02_t08_058,True,17.162628630611422,0.009542879745594262
g02_shifted_001,g02,one_step_adp,720.0,8,g02_t08_058,g02_t01_000,True,22.496551569852073,0.04944351730523839
g02_shifted_001,g02,one_step_adp,810.0,9,g02_t01_000,g02_t14_000,True,26.893453946567192,0.03710345454329105
g02_shifted_001,g02,adaptive_rollout_adp,90.0,1,,g02_t04_000,True,24.199755340469753,0.020548470737184424
g02_shifted_001,g02,adaptive_rollout_adp,180.0,2,g02_t04_000,g02_t03_004,True,5.880665466345793,0.02628010392398943
g02_shifted_001,g02,adaptive_rollout_adp,270.0,3,g02_t03_004,g02_t05_034,True,4.569041016449092,0.031855999854152266
g02_shifted_001,g02,adaptive_rollout_adp,360.0,4,g02_t05_034,g02_t00_056,True,9.168501379623699,0.014817038072610924
g02_shifted_001,g02,adaptive_rollout_adp,450.0,5,g02_t00_056,g02_t07_018,True,7.029742508806007,0.051223267790452255
g02_shifted_001,g02,adaptive_rollout_adp,540.0,6,g02_t07_018,g02_t06_024,True,14.77447961476437,0.027098863794220773
g02_shifted_001,g02,adaptive_rollout_adp,630.0,7,g02_t06_024,g02_t08_058,True,17.162628630611422,0.009542879745594262
g02_shifted_001,g02,adaptive_rollout_adp,720.0,8,g02_t08_058,g02_t01_000,True,22.496551569852073,0.04944351730523839
g02_shifted_001,g02,adaptive_rollout_adp,810.0,9,g02_t01_000,g02_t14_000,True,26.893453946567192,0.03710345454329105
g02_shifted_001,g02,independent_milp,90.0,1,,g02_t03_038,True,6.325853088722215,0.027320472712536948
g02_shifted_001,g02,independent_milp,180.0,2,g02_t03_038,g02_t04_000,True,6.549909961903845,0.019566689126069434
g02_shifted_001,g02,independent_milp,270.0,3,g02_t04_000,g02_t00_021,True,2.79274495484177,0.054818335917089095
g02_shifted_001,g02,independent_milp,360.0,4,g02_t00_021,g02_t05_007,True,4.396648716972505,0.01193337673924359
g02_shifted_001,g02,independent_milp,450.0,5,g02_t05_007,g02_t14_000,True,4.36814832802662,0.025616800776377284
g02_shifted_001,g02,independent_milp,540.0,6,g02_t14_000,g02_t01_000,True,25.84209624675261,0.03712196028576406
g02_shifted_001,g02,independent_milp,630.0,7,g02_t01_000,g02_t08_058,True,22.504646571180192,0.04944243054146208
g02_shifted_001,g02,independent_milp,720.0,8,g02_t08_058,g02_t06_024,True,17.187158004722175,0.009532540859543387
g02_shifted_001,g02,independent_milp,810.0,9,g02_t06_024,g02_t07_018,True,15.416796900196196,0.027079764294415807
g02_shifted_002,g02,one_step_adp,90.0,1,,g02_t04_000,True,24.199755340469753,0.020548470737184424
g02_shifted_002,g02,one_step_adp,180.0,2,g02_t04_000,g02_t03_004,True,5.880665466345793,0.02628010392398943
g02_shifted_002,g02,one_step_adp,270.0,3,g02_t03_004,g02_t03_001,True,0.643832013938022,0.020777425261175517
g02_shifted_002,g02,one_step_adp,360.0,4,g02_t03_001,g02_t06_001,True,5.66606373782801,0.034369742361072944
g02_shifted_002,g02,one_step_adp,450.0,5,g02_t06_001,g02_t08_038,True,11.529373895994135,0.017114652596666422
g02_shifted_002,g02,one_step_adp,540.0,6,g02_t08_038,g02_t07_003,True,21.40415198949706,0.032785133108868186
g02_shifted_002,g02,one_step_adp,630.0,7,g02_t07_003,g02_t02_059,True,17.8004411703967,0.05987045390057108
g02_shifted_002,g02,one_step_adp,720.0,8,g02_t02_059,g02_t00_021,True,14.720108516085432,0.01598915147539505
g02_shifted_002,g02,one_step_adp,810.0,9,g02_t00_021,g02_t05_058,True,4.170645334767528,0.02145322342131899
g02_shifted_002,g02,one_step_adp,900.0,10,g02_t05_058,g02_t01_000,True,4.062392510073583,0.04592064064874633
g02_shifted_002,g02,incumbent,90.0,1,,g02_t04_011,True,24.382037943308198,0.017997520680770283
g02_shifted_002,g02,incumbent,180.0,2,g02_t04_011,g02_t03_004,True,5.690319175269608,0.04058934889494932
g02_shifted_002,g02,incumbent,270.0,3,g02_t03_004,g02_t05_034,True,4.569041016449092,0.031855999854152266
g02_shifted_002,g02,incumbent,360.0,4,g02_t05_034,g02_t00_056,True,9.168501379623699,0.014817038072610924
g02_shifted_002,g02,incumbent,450.0,5,g02_t00_056,g02_t07_000,True,7.839828997523038,0.05487524960472012
g02_shifted_002,g02,incumbent,540.0,6,g02_t07_000,g02_t08_038,True,17.351156665044904,0.04466830786684766
g02_shifted_002,g02,incumbent,630.0,7,g02_t08_038,g02_t06_001,True,11.521259996038035,0.017114518023826443
g02_shifted_002,g02,incumbent,720.0,8,g02_t06_001,g02_t02_059,True,5.724000872813182,0.057138639268331515
g02_shifted_002,g02,incumbent,810.0,9,g02_t02_059,g02_t01_000,True,20.33219395072795,0.04272099221302373
g02_shifted_002,g02,adaptive_rollout_adp,90.0,1,,g02_t04_000,True,24.199755340469753,0.020548470737184424
g02_shifted_002,g02,adaptive_rollout_adp,180.0,2,g02_t04_000,g02_t03_004,True,5.880665466345793,0.02628010392398943
g02_shifted_002,g02,adaptive_rollout_adp,270.0,3,g02_t03_004,g02_t03_001,True,0.643832013938022,0.020777425261175517
g02_shifted_002,g02,adaptive_rollout_adp,360.0,4,g02_t03_001,g02_t06_001,True,5.66606373782801,0.034369742361072944
g02_shifted_002,g02,adaptive_rollout_adp,450.0,5,g02_t06_001,g02_t08_038,True,11.529373895994135,0.017114652596666422
g02_shifted_002,g02,adaptive_rollout_adp,540.0,6,g02_t08_038,g02_t07_000,True,18.64550908591387,0.044647210404024314
g02_shifted_002,g02,adaptive_rollout_adp,630.0,7,g02_t07_000,g02_t00_021,True,14.318660785805505,0.050815958558725
g02_shifted_002,g02,adaptive_rollout_adp,720.0,8,g02_t00_021,g02_t05_058,True,4.170645334767528,0.02145322342131899
g02_shifted_002,g02,adaptive_rollout_adp,810.0,9,g02_t05_058,g02_t14_000,True,4.237713685496265,0.018900906993783783
g02_shifted_002,g02,adaptive_rollout_adp,900.0,10,g02_t14_000,g02_t01_000,True,25.84209624675261,0.03712196028576406
g02_shifted_002,g02,independent_milp,90.0,1,,g02_t04_000,True,24.199755340469753,0.020548470737184424
g02_shifted_002,g02,independent_milp,180.0,2,g02_t04_000,g02_t03_004,True,5.880665466345793,0.02628010392398943
g02_shifted_002,g02,independent_milp,270.0,3,g02_t03_004,g02_t05_034,True,4.569041016449092,0.031855999854152266
g02_shifted_002,g02,independent_milp,360.0,4,g02_t05_034,g02_t00_056,True,9.168501379623699,0.014817038072610924
g02_shifted_002,g02,independent_milp,450.0,5,g02_t00_056,g02_t07_000,True,7.839828997523038,0.05487524960472012
g02_shifted_002,g02,independent_milp,540.0,6,g02_t07_000,g02_t06_024,True,13.714004792201761,0.0458556241115543
g02_shifted_002,g02,independent_milp,630.0,7,g02_t06_024,g02_t08_058,True,17.162628630611422,0.009542879745594262
g02_shifted_002,g02,independent_milp,720.0,8,g02_t08_058,g02_t01_000,True,22.496551569852073,0.04944351730523839
g02_shifted_002,g02,independent_milp,810.0,9,g02_t01_000,g02_t14_000,True,26.893453946567192,0.03710345454329105
g02_shifted_003,g02,adaptive_rollout_adp,90.0,1,,g02_t03_038,True,6.325853088722215,0.027320472712536948
g02_shifted_003,g02,adaptive_rollout_adp,180.0,2,g02_t03_038,g02_t04_000,True,6.549909961903845,0.019566689126069434
g02_shifted_003,g02,adaptive_rollout_adp,270.0,3,g02_t04_000,g02_t10_000,True,2.5368169883335776,0.05988418230128934
g02_shifted_003,g02,adaptive_rollout_adp,360.0,4,g02_t10_000,g02_t07_018,True,24.73878871173503,0.007154004194639668
g02_shifted_003,g02,adaptive_rollout_adp,450.0,5,g02_t07_018,g02_t06_024,True,14.77447961476437,0.027098863794220773
g02_shifted_003,g02,adaptive_rollout_adp,540.0,6,g02_t06_024,g02_t08_058,True,17.162628630611422,0.009542879745594262
g02_shifted_003,g02,adaptive_rollout_adp,630.0,7,g02_t08_058,g02_t01_026,True,20.60286406075009,0.053613307548764054
g02_shifted_003,g02,adaptive_rollout_adp,720.0,8,g02_t01_026,g02_t14_000,True,20.077289778167803,0.050318031085517044
g02_shifted_003,g02,adaptive_rollout_adp,810.0,9,g02_t14_000,g02_t05_058,True,4.237771775412723,0.01888764198748367
g02_shifted_003,g02,adaptive_rollout_adp,900.0,10,g02_t05_058,g02_t00_001,True,4.199042545753777,0.009609498410071303
g02_shifted_003,g02,incumbent,90.0,1,,g02_t04_000,True,24.199755340469753,0.020548470737184424
g02_shifted_003,g02,incumbent,180.0,2,g02_t04_000,g02_t03_038,True,6.557291234437797,0.019552493670681775
g02_shifted_003,g02,incumbent,270.0,3,g02_t03_038,g02_t05_034,True,2.7969105226895907,0.039225588214570804
g02_shifted_003,g02,incumbent,360.0,4,g02_t05_034,g02_t07_018,True,0.3430882804604374,0.05951524510118255
g02_shifted_003,g02,incumbent,450.0,5,g02_t07_018,g02_t06_024,True,14.77447961476437,0.027098863794220773
g02_shifted_003,g02,incumbent,540.0,6,g02_t06_024,g02_t08_058,True,17.162628630611422,0.009542879745594262
g02_shifted_003,g02,incumbent,630.0,7,g02_t08_058,g02_t02_059,True,16.2544800750422,0.046607622434860774
g02_shifted_003,g02,incumbent,720.0,8,g02_t02_059,g02_t00_001,True,5.055350874557567,0.028381776315230783
g02_shifted_003,g02,incumbent,810.0,9,g02_t00_001,g02_t05_058,True,4.05401279568248,0.009620279048259102
g02_shifted_003,g02,incumbent,900.0,10,g02_t05_058,g02_t01_026,True,3.8561032713756154,0.054911786286395904
g02_shifted_003,g02,one_step_adp,90.0,1,,g02_t04_000,True,24.199755340469753,0.020548470737184424
g02_shifted_003,g02,one_step_adp,180.0,2,g02_t04_000,g02_t03_004,True,5.880665466345793,0.02628010392398943
g02_shifted_003,g02,one_step_adp,270.0,3,g02_t03_004,g02_t05_034,True,4.569041016449092,0.031855999854152266
g02_shifted_003,g02,one_step_adp,360.0,4,g02_t05_034,g02_t07_018,True,0.3430882804604374,0.05951524510118255
g02_shifted_003,g02,one_step_adp,450.0,5,g02_t07_018,g02_t06_024,True,14.77447961476437,0.027098863794220773
g02_shifted_003,g02,one_step_adp,540.0,6,g02_t06_024,g02_t08_058,True,17.162628630611422,0.009542879745594262
g02_shifted_003,g02,one_step_adp,630.0,7,g02_t08_058,g02_t01_026,True,20.60286406075009,0.053613307548764054
g02_shifted_003,g02,one_step_adp,720.0,8,g02_t01_026,g02_t14_000,True,20.077289778167803,0.050318031085517044
g02_shifted_003,g02,one_step_adp,810.0,9,g02_t14_000,g02_t00_001,True,5.089473649896909,0.021495372340402684
g02_shifted_003,g02,independent_milp,90.0,1,,g02_t03_038,True,6.325853088722215,0.027320472712536948
g02_shifted_003,g02,independent_milp,180.0,2,g02_t03_038,g02_t04_000,True,6.549909961903845,0.019566689126069434
g02_shifted_003,g02,independent_milp,270.0,3,g02_t04_000,g02_t10_000,True,2.5368169883335776,0.05988418230128934
g02_shifted_003,g02,independent_milp,360.0,4,g02_t10_000,g02_t07_018,True,24.73878871173503,0.007154004194639668
g02_shifted_003,g02,independent_milp,450.0,5,g02_t07_018,g02_t06_024,True,14.77447961476437,0.027098863794220773
g02_shifted_003,g02,independent_milp,540.0,6,g02_t06_024,g02_t08_058,True,17.162628630611422,0.009542879745594262
g02_shifted_003,g02,independent_milp,630.0,7,g02_t08_058,g02_t01_026,True,20.60286406075009,0.053613307548764054
g02_shifted_003,g02,independent_milp,720.0,8,g02_t01_026,g02_t14_000,True,20.077289778167803,0.050318031085517044
g02_shifted_003,g02,independent_milp,810.0,9,g02_t14_000,g02_t05_058,True,4.237771775412723,0.01888764198748367
g02_shifted_003,g02,independent_milp,900.0,10,g02_t05_058,g02_t00_001,True,4.199042545753777,0.009609498410071303
g02_shifted_005,g02,adaptive_rollout_adp,90.0,1,,g02_t03_038,True,6.325853088722215,0.027320472712536948
g02_shifted_005,g02,adaptive_rollout_adp,180.0,2,g02_t03_038,g02_t04_011,True,6.50935042501613,0.026526724729462332
g02_shifted_005,g02,adaptive_rollout_adp,270.0,3,g02_t04_011,g02_t13_000,True,0.38094204555864897,0.05228399803632325
g02_shifted_005,g02,adaptive_rollout_adp,360.0,4,g02_t13_000,g02_t08_038,True,12.046319912072804,0.025210547562883105
g02_shifted_005,g02,adaptive_rollout_adp,450.0,5,g02_t08_038,g02_t06_000,True,18.14477795639473,0.005399195634485708
g02_shifted_005,g02,adaptive_rollout_adp,540.0,6,g02_t06_000,g02_t07_018,True,18.008526724269682,0.03213094262068221
g02_shifted_005,g02,adaptive_rollout_adp,630.0,7,g02_t07_018,g02_t00_021,True,13.009770784719166,0.04325939390250313
g02_shifted_005,g02,adaptive_rollout_adp,720.0,8,g02_t00_021,g02_t05_007,True,4.396648716972505,0.01193337673924359
g02_shifted_005,g02,adaptive_rollout_adp,810.0,9,g02_t05_007,g02_t14_000,True,4.36814832802662,0.025616800776377284
g02_shifted_005,g02,adaptive_rollout_adp,900.0,10,g02_t14_000,g02_t01_000,True,25.84209624675261,0.03712196028576406
g02_shifted_005,g02,incumbent,90.0,1,,g02_t04_011,True,24.382037943308198,0.017997520680770283
g02_shifted_005,g02,incumbent,180.0,2,g02_t04_011,g02_t03_038,True,6.519506527645924,0.02651708691739281
g02_shifted_005,g02,incumbent,270.0,3,g02_t03_038,g02_t05_034,True,2.7969105226895907,0.039225588214570804
g02_shifted_005,g02,incumbent,360.0,4,g02_t05_034,g02_t07_018,True,0.3430882804604374,0.05951524510118255
g02_shifted_005,g02,incumbent,450.0,5,g02_t07_018,g02_t08_038,True,17.840761052137147,0.03095469443485518
g02_shifted_005,g02,incumbent,540.0,6,g02_t08_038,g02_t06_000,True,18.14477795639473,0.005399195634485708
g02_shifted_005,g02,incumbent,630.0,7,g02_t06_000,g02_t02_059,True,7.1966236798884,0.05878585228513209
g02_shifted_005,g02,incumbent,720.0,8,g02_t02_059,g02_t00_021,True,14.720108516085432,0.01598915147539505
g02_shifted_005,g02,incumbent,810.0,9,g02_t00_021,g02_t01_000,True,12.583022114759139,0.05235838338931297
g02_shifted_005,g02,one_step_adp,90.0,1,,g02_t04_000,True,24.199755340469753,0.020548470737184424
g02_shifted_005,g02,one_step_adp,180.0,2,g02_t04_000,g02_t03_038,True,6.557291234437797,0.019552493670681775
g02_shifted_005,g02,one_step_adp,270.0,3,g02_t03_038,g02_t05_034,True,2.7969105226895907,0.039225588214570804
g02_shifted_005,g02,one_step_adp,360.0,4,g02_t05_034,g02_t07_018,True,0.3430882804604374,0.05951524510118255
g02_shifted_005,g02,one_step_adp,450.0,5,g02_t07_018,g02_t06_000,True,17.88743295772909,0.03214348336760765
g02_shifted_005,g02,one_step_adp,540.0,6,g02_t06_000,g02_t08_038,True,18.1438839128901,0.005403406778439301
g02_shifted_005,g02,one_step_adp,630.0,7,g02_t08_038,g02_t02_059,True,7.7310839527823925,0.05529368926284277
g02_shifted_005,g02,one_step_adp,720.0,8,g02_t02_059,g02_t00_021,True,14.720108516085432,0.01598915147539505
g02_shifted_005,g02,one_step_adp,810.0,9,g02_t00_021,g02_t01_000,True,12.583022114759139,0.05235838338931297
g02_shifted_005,g02,independent_milp,90.0,1,,g02_t03_038,True,6.325853088722215,0.027320472712536948
g02_shifted_005,g02,independent_milp,180.0,2,g02_t03_038,g02_t04_000,True,6.549909961903845,0.019566689126069434
g02_shifted_005,g02,independent_milp,270.0,3,g02_t04_000,g02_t10_000,True,2.5368169883335776,0.05988418230128934
g02_shifted_005,g02,independent_milp,360.0,4,g02_t10_000,g02_t07_018,True,24.73878871173503,0.007154004194639668
g02_shifted_005,g02,independent_milp,450.0,5,g02_t07_018,g02_t06_000,True,17.88743295772909,0.03214348336760765
g02_shifted_005,g02,independent_milp,540.0,6,g02_t06_000,g02_t08_038,True,18.1438839128901,0.005403406778439301
g02_shifted_005,g02,independent_milp,630.0,7,g02_t08_038,g02_t06_001,True,11.521259996038035,0.017114518023826443
g02_shifted_005,g02,independent_milp,720.0,8,g02_t06_001,g02_t01_026,True,11.300902027170181,0.05902399772860923
g02_shifted_005,g02,independent_milp,810.0,9,g02_t01_026,g02_t14_000,True,20.077289778167803,0.050318031085517044
g02_shifted_005,g02,independent_milp,900.0,10,g02_t14_000,g02_t00_001,True,5.089473649896909,0.021495372340402684
g02_shifted_005,g02,independent_milp,990.0,11,g02_t00_001,g02_t05_007,True,4.396479162561108,0.0075804523995564145
g02_shifted_006,g02,adaptive_rollout_adp,90.0,1,,g02_t04_035,True,24.002418167792488,0.03198755413011418
g02_shifted_006,g02,adaptive_rollout_adp,180.0,2,g02_t04_035,g02_t03_001,True,3.7858830333633233,0.036329218562992656
g02_shifted_006,g02,adaptive_rollout_adp,270.0,3,g02_t03_001,g02_t08_058,True,8.89600325173927,0.044301133460187464
g02_shifted_006,g02,adaptive_rollout_adp,360.0,4,g02_t08_058,g02_t06_024,True,17.187158004722175,0.009532540859543387
g02_shifted_006,g02,adaptive_rollout_adp,450.0,5,g02_t06_024,g02_t07_018,True,15.416796900196196,0.027079764294415807
g02_shifted_006,g02,adaptive_rollout_adp,540.0,6,g02_t07_018,g02_t02_059,True,18.31373372442504,0.03691807199557087
g02_shifted_006,g02,adaptive_rollout_adp,630.0,7,g02_t02_059,g02_t00_021,True,14.720108516085432,0.01598915147539505
g02_shifted_006,g02,adaptive_rollout_adp,720.0,8,g02_t00_021,g02_t05_058,True,4.170645334767528,0.02145322342131899
g02_shifted_006,g02,adaptive_rollout_adp,810.0,9,g02_t05_058,g02_t01_026,True,3.8561032713756154,0.054911786286395904
g02_shifted_006,g02,incumbent,90.0,1,,g02_t03_038,True,6.325853088722215,0.027320472712536948
g02_shifted_006,g02,incumbent,180.0,2,g02_t03_038,g02_t04_035,True,6.582997552229013,0.021072713871504924
g02_shifted_006,g02,incumbent,270.0,3,g02_t04_035,g02_t05_034,True,14.16291960338456,0.05522856748962324
g02_shifted_006,g02,incumbent,360.0,4,g02_t05_034,g02_t07_018,True,0.3430882804604374,0.05951524510118255
g02_shifted_006,g02,incumbent,450.0,5,g02_t07_018,g02_t06_024,True,14.77447961476437,0.027098863794220773
g02_shifted_006,g02,incumbent,540.0,6,g02_t06_024,g02_t08_058,True,17.162628630611422,0.009542879745594262
g02_shifted_006,g02,incumbent,630.0,7,g02_t08_058,g02_t02_059,True,16.2544800750422,0.046607622434860774
g02_shifted_006,g02,incumbent,720.0,8,g02_t02_059,g02_t00_021,True,14.720108516085432,0.01598915147539505
g02_shifted_006,g02,incumbent,810.0,9,g02_t00_021,g02_t05_007,True,4.396648716972505,0.01193337673924359
g02_shifted_006,g02,incumbent,900.0,10,g02_t05_007,g02_t00_001,True,4.389789236987312,0.00758751259928509
g02_shifted_006,g02,incumbent,990.0,11,g02_t00_001,g02_t05_058,True,4.05401279568248,0.009620279048259102
g02_shifted_006,g02,incumbent,1080.0,12,g02_t05_058,g02_t01_026,True,3.8561032713756154,0.054911786286395904
g02_shifted_006,g02,one_step_adp,90.0,1,,g02_t04_035,True,24.002418167792488,0.03198755413011418
g02_shifted_006,g02,one_step_adp,180.0,2,g02_t04_035,g02_t03_001,True,3.7858830333633233,0.036329218562992656
g02_shifted_006,g02,one_step_adp,270.0,3,g02_t03_001,g02_t08_058,True,8.89600325173927,0.044301133460187464
g02_shifted_006,g02,one_step_adp,360.0,4,g02_t08_058,g02_t06_024,True,17.187158004722175,0.009532540859543387
g02_shifted_006,g02,one_step_adp,450.0,5,g02_t06_024,g02_t07_018,True,15.416796900196196,0.027079764294415807
g02_shifted_006,g02,one_step_adp,540.0,6,g02_t07_018,g02_t02_059,True,18.31373372442504,0.03691807199557087
g02_shifted_006,g02,one_step_adp,630.0,7,g02_t02_059,g02_t05_007,True,4.3661824384440155,0.026841606624500566
g02_shifted_006,g02,one_step_adp,720.0,8,g02_t05_007,g02_t00_001,True,4.389789236987312,0.00758751259928509
g02_shifted_006,g02,one_step_adp,810.0,9,g02_t00_001,g02_t05_058,True,4.05401279568248,0.009620279048259102
g02_shifted_006,g02,one_step_adp,900.0,10,g02_t05_058,g02_t01_026,True,3.8561032713756154,0.054911786286395904
g02_shifted_006,g02,independent_milp,90.0,1,,g02_t04_035,True,24.002418167792488,0.03198755413011418
g02_shifted_006,g02,independent_milp,180.0,2,g02_t04_035,g02_t03_001,True,3.7858830333633233,0.036329218562992656
g02_shifted_006,g02,independent_milp,270.0,3,g02_t03_001,g02_t08_058,True,8.89600325173927,0.044301133460187464
g02_shifted_006,g02,independent_milp,360.0,4,g02_t08_058,g02_t06_024,True,17.187158004722175,0.009532540859543387
g02_shifted_006,g02,independent_milp,450.0,5,g02_t06_024,g02_t07_018,True,15.416796900196196,0.027079764294415807
g02_shifted_006,g02,independent_milp,540.0,6,g02_t07_018,g02_t02_059,True,18.31373372442504,0.03691807199557087
g02_shifted_006,g02,independent_milp,630.0,7,g02_t02_059,g02_t00_021,True,14.720108516085432,0.01598915147539505
g02_shifted_006,g02,independent_milp,720.0,8,g02_t00_021,g02_t05_058,True,4.170645334767528,0.02145322342131899
g02_shifted_006,g02,independent_milp,810.0,9,g02_t05_058,g02_t01_026,True,3.8561032713756154,0.054911786286395904
g02_shifted_007,g02,one_step_adp,90.0,1,,g02_t04_000,True,24.199755340469753,0.020548470737184424
g02_shifted_007,g02,one_step_adp,180.0,2,g02_t04_000,g02_t03_038,True,6.557291234437797,0.019552493670681775
g02_shifted_007,g02,one_step_adp,270.0,3,g02_t03_038,g02_t00_056,True,3.8963799655461577,0.04069682617643053
g02_shifted_007,g02,one_step_adp,360.0,4,g02_t00_056,g02_t07_018,True,7.029742508806007,0.051223267790452255
g02_shifted_007,g02,one_step_adp,450.0,5,g02_t07_018,g02_t06_024,True,14.77447961476437,0.027098863794220773
g02_shifted_007,g02,one_step_adp,540.0,6,g02_t06_024,g02_t08_058,True,17.162628630611422,0.009542879745594262
g02_shifted_007,g02,one_step_adp,630.0,7,g02_t08_058,g02_t01_000,True,22.496551569852073,0.04944351730523839
g02_shifted_007,g02,one_step_adp,720.0,8,g02_t01_000,g02_t14_000,True,26.893453946567192,0.03710345454329105
g02_shifted_007,g02,one_step_adp,810.0,9,g02_t14_000,g02_t05_007,True,4.372801851778339,0.025598277631400632
g02_shifted_007,g02,adaptive_rollout_adp,90.0,1,,g02_t04_035,True,24.002418167792488,0.03198755413011418
g02_shifted_007,g02,adaptive_rollout_adp,180.0,2,g02_t04_035,g02_t03_001,True,3.7858830333633233,0.036329218562992656
g02_shifted_007,g02,adaptive_rollout_adp,270.0,3,g02_t03_001,g02_t08_058,True,8.89600325173927,0.044301133460187464
g02_shifted_007,g02,adaptive_rollout_adp,360.0,4,g02_t08_058,g02_t06_024,True,17.187158004722175,0.009532540859543387
g02_shifted_007,g02,adaptive_rollout_adp,450.0,5,g02_t06_024,g02_t07_018,True,15.416796900196196,0.027079764294415807
g02_shifted_007,g02,adaptive_rollout_adp,540.0,6,g02_t07_018,g02_t00_021,True,13.009770784719166,0.04325939390250313
g02_shifted_007,g02,adaptive_rollout_adp,630.0,7,g02_t00_021,g02_t05_007,True,4.396648716972505,0.01193337673924359
g02_shifted_007,g02,adaptive_rollout_adp,720.0,8,g02_t05_007,g02_t14_000,True,4.36814832802662,0.025616800776377284
g02_shifted_007,g02,adaptive_rollout_adp,810.0,9,g02_t14_000,g02_t01_000,True,25.84209624675261,0.03712196028576406
g02_shifted_007,g02,incumbent,90.0,1,,g02_t04_011,True,24.382037943308198,0.017997520680770283
g02_shifted_007,g02,incumbent,180.0,2,g02_t04_011,g02_t03_038,True,6.519506527645924,0.02651708691739281
g02_shifted_007,g02,incumbent,270.0,3,g02_t03_038,g02_t00_056,True,3.8963799655461577,0.04069682617643053
g02_shifted_007,g02,incumbent,360.0,4,g02_t00_056,g02_t07_018,True,7.029742508806007,0.051223267790452255
g02_shifted_007,g02,incumbent,450.0,5,g02_t07_018,g02_t06_024,True,14.77447961476437,0.027098863794220773
g02_shifted_007,g02,incumbent,540.0,6,g02_t06_024,g02_t08_058,True,17.162628630611422,0.009542879745594262
g02_shifted_007,g02,incumbent,630.0,7,g02_t08_058,g02_t02_059,True,16.2544800750422,0.046607622434860774
g02_shifted_007,g02,incumbent,720.0,8,g02_t02_059,g02_t05_007,True,4.3661824384440155,0.026841606624500566
g02_shifted_007,g02,incumbent,810.0,9,g02_t05_007,g02_t01_000,True,4.2021436575600095,0.05721065114923591
g02_shifted_007,g02,independent_milp,90.0,1,,g02_t03_038,True,6.325853088722215,0.027320472712536948
g02_shifted_007,g02,independent_milp,180.0,2,g02_t03_038,g02_t04_000,True,6.549909961903845,0.019566689126069434
g02_shifted_007,g02,independent_milp,270.0,3,g02_t04_000,g02_t00_021,True,2.79274495484177,0.054818335917089095
g02_shifted_007,g02,independent_milp,360.0,4,g02_t00_021,g02_t05_007,True,4.396648716972505,0.01193337673924359
g02_shifted_007,g02,independent_milp,450.0,5,g02_t05_007,g02_t14_000,True,4.36814832802662,0.025616800776377284
g02_shifted_007,g02,independent_milp,540.0,6,g02_t14_000,g02_t01_000,True,25.84209624675261,0.03712196028576406
g02_shifted_007,g02,independent_milp,630.0,7,g02_t01_000,g02_t08_058,True,22.504646571180192,0.04944243054146208
g02_shifted_007,g02,independent_milp,720.0,8,g02_t08_058,g02_t06_024,True,17.187158004722175,0.009532540859543387
g02_shifted_007,g02,independent_milp,810.0,9,g02_t06_024,g02_t13_000,True,13.834608393147946,0.014762220414263677
g02_shifted_007,g02,independent_milp,900.0,10,g02_t13_000,g02_t07_018,True,16.562143384571076,0.014169193150944693
g02_shifted_008,g02,adaptive_rollout_adp,90.0,1,,g02_t04_035,True,24.002418167792488,0.03198755413011418
g02_shifted_008,g02,adaptive_rollout_adp,180.0,2,g02_t04_035,g02_t03_001,True,3.7858830333633233,0.036329218562992656
g02_shifted_008,g02,adaptive_rollout_adp,270.0,3,g02_t03_001,g02_t08_038,True,2.0993483301938936,0.04606369364697507
g02_shifted_008,g02,adaptive_rollout_adp,360.0,4,g02_t08_038,g02_t06_000,True,18.14477795639473,0.005399195634485708
g02_shifted_008,g02,adaptive_rollout_adp,450.0,5,g02_t06_000,g02_t07_000,True,15.79607341159683,0.04375476844256447
g02_shifted_008,g02,adaptive_rollout_adp,540.0,6,g02_t07_000,g02_t00_021,True,14.318660785805505,0.050815958558725
g02_shifted_008,g02,adaptive_rollout_adp,630.0,7,g02_t00_021,g02_t05_058,True,4.170645334767528,0.02145322342131899
g02_shifted_008,g02,adaptive_rollout_adp,720.0,8,g02_t05_058,g02_t14_000,True,4.237713685496265,0.018900906993783783
g02_shifted_008,g02,adaptive_rollout_adp,810.0,9,g02_t14_000,g02_t01_053,True,25.60387702045248,0.04961528581642248
g02_shifted_008,g02,one_step_adp,90.0,1,,g02_t05_034,True,13.966499914177358,0.03690563246968994
g02_shifted_008,g02,one_step_adp,180.0,2,g02_t05_034,g02_t00_056,True,9.168501379623699,0.014817038072610924
g02_shifted_008,g02,one_step_adp,270.0,3,g02_t00_056,g02_t04_000,True,9.240225324618072,0.03650371251762572
g02_shifted_008,g02,one_step_adp,360.0,4,g02_t04_000,g02_t03_004,True,5.880665466345793,0.02628010392398943
g02_shifted_008,g02,one_step_adp,450.0,5,g02_t03_004,g02_t03_001,True,0.643832013938022,0.020777425261175517
g02_shifted_008,g02,one_step_adp,540.0,6,g02_t03_001,g02_t08_038,True,2.0993483301938936,0.04606369364697507
g02_shifted_008,g02,one_step_adp,630.0,7,g02_t08_038,g02_t06_000,True,18.14477795639473,0.005399195634485708
g02_shifted_008,g02,one_step_adp,720.0,8,g02_t06_000,g02_t07_000,True,15.79607341159683,0.04375476844256447
g02_shifted_008,g02,one_step_adp,810.0,9,g02_t07_000,g02_t13_000,True,16.462583952659216,0.032810651703905014
g02_shifted_008,g02,one_step_adp,900.0,10,g02_t13_000,g02_t14_000,True,13.777377704820571,0.05028492939121684
g02_shifted_008,g02,one_step_adp,990.0,11,g02_t14_000,g02_t01_053,True,25.60387702045248,0.04961528581642248
g02_shifted_008,g02,incumbent,90.0,1,,g02_t04_000,True,24.199755340469753,0.020548470737184424
g02_shifted_008,g02,incumbent,180.0,2,g02_t04_000,g02_t03_004,True,5.880665466345793,0.02628010392398943
g02_shifted_008,g02,incumbent,270.0,3,g02_t03_004,g02_t05_034,True,4.569041016449092,0.031855999854152266
g02_shifted_008,g02,incumbent,360.0,4,g02_t05_034,g02_t00_056,True,9.168501379623699,0.014817038072610924
g02_shifted_008,g02,incumbent,450.0,5,g02_t00_056,g02_t07_000,True,7.839828997523038,0.05487524960472012
g02_shifted_008,g02,incumbent,540.0,6,g02_t07_000,g02_t06_000,True,14.648650099740285,0.04377471799090456
g02_shifted_008,g02,incumbent,630.0,7,g02_t06_000,g02_t08_038,True,18.1438839128901,0.005403406778439301
g02_shifted_008,g02,incumbent,720.0,8,g02_t08_038,g02_t11_000,True,21.700144015763858,0.00902906724172157
g02_shifted_008,g02,incumbent,810.0,9,g02_t11_000,g02_t08_000,True,20.059238029237562,0.020190963607196317
g02_shifted_008,g02,incumbent,900.0,10,g02_t08_000,g02_t06_001,True,11.512527496123106,0.01662120078400707
g02_shifted_008,g02,incumbent,990.0,11,g02_t06_001,g02_t08_058,True,11.572846471623613,0.016380397193781
g02_shifted_008,g02,incumbent,1080.0,12,g02_t08_058,g02_t13_000,True,12.121629835630483,0.023770899370350415
g02_shifted_008,g02,incumbent,1170.0,13,g02_t13_000,g02_t14_000,True,13.777377704820571,0.05028492939121684
g02_shifted_008,g02,incumbent,1260.0,14,g02_t14_000,g02_t01_053,True,25.60387702045248,0.04961528581642248
g02_shifted_008,g02,independent_milp,90.0,1,,g02_t04_000,True,24.199755340469753,0.020548470737184424
g02_shifted_008,g02,independent_milp,180.0,2,g02_t04_000,g02_t03_004,True,5.880665466345793,0.02628010392398943
g02_shifted_008,g02,independent_milp,270.0,3,g02_t03_004,g02_t03_001,True,0.643832013938022,0.020777425261175517
g02_shifted_008,g02,independent_milp,360.0,4,g02_t03_001,g02_t08_038,True,2.0993483301938936,0.04606369364697507
g02_shifted_008,g02,independent_milp,450.0,5,g02_t08_038,g02_t06_000,True,18.14477795639473,0.005399195634485708
g02_shifted_008,g02,independent_milp,540.0,6,g02_t06_000,g02_t07_000,True,15.79607341159683,0.04375476844256447
g02_shifted_008,g02,independent_milp,630.0,7,g02_t07_000,g02_t00_021,True,14.318660785805505,0.050815958558725
g02_shifted_008,g02,independent_milp,720.0,8,g02_t00_021,g02_t05_058,True,4.170645334767528,0.02145322342131899
g02_shifted_008,g02,independent_milp,810.0,9,g02_t05_058,g02_t14_000,True,4.237713685496265,0.018900906993783783
g02_shifted_008,g02,independent_milp,900.0,10,g02_t14_000,g02_t01_053,True,25.60387702045248,0.04961528581642248
g02_shifted_009,g02,adaptive_rollout_adp,90.0,1,,g02_t03_038,True,6.325853088722215,0.027320472712536948
g02_shifted_009,g02,adaptive_rollout_adp,180.0,2,g02_t03_038,g02_t04_011,True,6.50935042501613,0.026526724729462332
g02_shifted_009,g02,adaptive_rollout_adp,270.0,3,g02_t04_011,g02_t13_000,True,0.38094204555864897,0.05228399803632325
g02_shifted_009,g02,adaptive_rollout_adp,360.0,4,g02_t13_000,g02_t07_018,True,16.562143384571076,0.014169193150944693
g02_shifted_009,g02,adaptive_rollout_adp,450.0,5,g02_t07_018,g02_t06_024,True,14.77447961476437,0.027098863794220773
g02_shifted_009,g02,adaptive_rollout_adp,540.0,6,g02_t06_024,g02_t08_058,True,17.162628630611422,0.009542879745594262
g02_shifted_009,g02,adaptive_rollout_adp,630.0,7,g02_t08_058,g02_t01_000,True,22.496551569852073,0.04944351730523839
g02_shifted_009,g02,adaptive_rollout_adp,720.0,8,g02_t01_000,g02_t14_000,True,26.893453946567192,0.03710345454329105
g02_shifted_009,g02,adaptive_rollout_adp,810.0,9,g02_t14_000,g02_t05_058,True,4.237771775412723,0.01888764198748367
g02_shifted_009,g02,adaptive_rollout_adp,900.0,10,g02_t05_058,g02_t00_001,True,4.199042545753777,0.009609498410071303
g02_shifted_009,g02,one_step_adp,90.0,1,,g02_t04_011,True,24.382037943308198,0.017997520680770283
g02_shifted_009,g02,one_step_adp,180.0,2,g02_t04_011,g02_t03_038,True,6.519506527645924,0.02651708691739281
g02_shifted_009,g02,one_step_adp,270.0,3,g02_t03_038,g02_t05_034,True,2.7969105226895907,0.039225588214570804
g02_shifted_009,g02,one_step_adp,360.0,4,g02_t05_034,g02_t00_056,True,9.168501379623699,0.014817038072610924
g02_shifted_009,g02,one_step_adp,450.0,5,g02_t00_056,g02_t07_018,True,7.029742508806007,0.051223267790452255
g02_shifted_009,g02,one_step_adp,540.0,6,g02_t07_018,g02_t06_024,True,14.77447961476437,0.027098863794220773
g02_shifted_009,g02,one_step_adp,630.0,7,g02_t06_024,g02_t08_058,True,17.162628630611422,0.009542879745594262
g02_shifted_009,g02,one_step_adp,720.0,8,g02_t08_058,g02_t01_000,True,22.496551569852073,0.04944351730523839
g02_shifted_009,g02,one_step_adp,810.0,9,g02_t01_000,g02_t14_000,True,26.893453946567192,0.03710345454329105
g02_shifted_009,g02,incumbent,90.0,1,,g02_t04_011,True,24.382037943308198,0.017997520680770283
g02_shifted_009,g02,incumbent,180.0,2,g02_t04_011,g02_t03_038,True,6.519506527645924,0.02651708691739281
g02_shifted_009,g02,incumbent,270.0,3,g02_t03_038,g02_t05_034,True,2.7969105226895907,0.039225588214570804
g02_shifted_009,g02,incumbent,360.0,4,g02_t05_034,g02_t00_056,True,9.168501379623699,0.014817038072610924
g02_shifted_009,g02,incumbent,450.0,5,g02_t00_056,g02_t07_018,True,7.029742508806007,0.051223267790452255
g02_shifted_009,g02,incumbent,540.0,6,g02_t07_018,g02_t06_024,True,14.77447961476437,0.027098863794220773
g02_shifted_009,g02,incumbent,630.0,7,g02_t06_024,g02_t08_058,True,17.162628630611422,0.009542879745594262
g02_shifted_009,g02,incumbent,720.0,8,g02_t08_058,g02_t01_000,True,22.496551569852073,0.04944351730523839
g02_shifted_009,g02,incumbent,810.0,9,g02_t01_000,g02_t14_000,True,26.893453946567192,0.03710345454329105
g02_shifted_009,g02,independent_milp,90.0,1,,g02_t04_035,True,24.002418167792488,0.03198755413011418
g02_shifted_009,g02,independent_milp,180.0,2,g02_t04_035,g02_t03_001,True,3.7858830333633233,0.036329218562992656
g02_shifted_009,g02,independent_milp,270.0,3,g02_t03_001,g02_t08_058,True,8.89600325173927,0.044301133460187464
g02_shifted_009,g02,independent_milp,360.0,4,g02_t08_058,g02_t06_024,True,17.187158004722175,0.009532540859543387
g02_shifted_009,g02,independent_milp,450.0,5,g02_t06_024,g02_t07_018,True,15.416796900196196,0.027079764294415807
g02_shifted_009,g02,independent_milp,540.0,6,g02_t07_018,g02_t00_021,True,13.009770784719166,0.04325939390250313
g02_shifted_009,g02,independent_milp,630.0,7,g02_t00_021,g02_t05_007,True,4.396648716972505,0.01193337673924359
g02_shifted_009,g02,independent_milp,720.0,8,g02_t05_007,g02_t02_043,True,4.379773571258942,0.01794298025492851
g02_shifted_009,g02,independent_milp,810.0,9,g02_t02_043,g02_t01_000,True,23.04252473660537,0.05332123943926055
g03_reference_000,g03,one_step_adp,90.0,1,,g03_t04_030,True,24.02314446255754,0.0333446563075567
g03_reference_000,g03,one_step_adp,180.0,2,g03_t04_030,g03_t03_000,True,0.14683383141595496,0.029967161682240378
g03_reference_000,g03,one_step_adp,270.0,3,g03_t03_000,g03_t08_025,True,1.2417026948313274,0.044077100718720806
g03_reference_000,g03,one_step_adp,360.0,4,g03_t08_025,g03_t06_000,True,9.521872845039878,0.008021002867692167
g03_reference_000,g03,one_step_adp,450.0,5,g03_t06_000,g03_t10_000,True,9.406931937290988,0.018879492346087167
g03_reference_000,g03,one_step_adp,540.0,6,g03_t10_000,g03_t13_000,True,19.678409663026617,0.02250889270377403
g03_reference_000,g03,one_step_adp,630.0,7,g03_t13_000,g03_t02_000,True,17.173292792329388,0.038784239984652816
g03_reference_000,g03,one_step_adp,720.0,8,g03_t02_000,g03_t05_003,True,9.315146084721704,0.013892650092206464
g03_reference_000,g03,one_step_adp,810.0,9,g03_t05_003,g03_t00_000,True,9.315555370683919,0.006920788225130254
g03_reference_000,g03,one_step_adp,900.0,10,g03_t00_000,g03_t01_000,True,11.525978630857502,0.04214425776145803
g03_reference_000,g03,adaptive_rollout_adp,90.0,1,,g03_t04_000,True,19.497494196411367,0.00905077566228345
g03_reference_000,g03,adaptive_rollout_adp,180.0,2,g03_t04_000,g03_t05_029,True,3.1132026435586857,0.042220820778839444
g03_reference_000,g03,adaptive_rollout_adp,270.0,3,g03_t05_029,g03_t02_000,True,4.579498514428431,0.018587796708974622
g03_reference_000,g03,adaptive_rollout_adp,360.0,4,g03_t02_000,g03_t00_000,True,13.43827221712032,0.014091404271694209
g03_reference_000,g03,adaptive_rollout_adp,450.0,5,g03_t00_000,g03_t01_000,True,11.525978630857502,0.04214425776145803
g03_reference_000,g03,adaptive_rollout_adp,540.0,6,g03_t01_000,g03_t09_000,True,22.022981534985874,0.018468048366905746
g03_reference_000,g03,adaptive_rollout_adp,630.0,7,g03_t09_000,g03_t03_056,True,13.588084341101219,0.04438732982085593
g03_reference_000,g03,adaptive_rollout_adp,720.0,8,g03_t03_056,g03_t08_025,True,11.812871223006777,0.04311775412298136
g03_reference_000,g03,adaptive_rollout_adp,810.0,9,g03_t08_025,g03_t06_000,True,9.521872845039878,0.008021002867692167
g03_reference_000,g03,adaptive_rollout_adp,900.0,10,g03_t06_000,g03_t10_000,True,9.406931937290988,0.018879492346087167
g03_reference_000,g03,independent_milp,90.0,1,,g03_t04_030,True,24.02314446255754,0.0333446563075567
g03_reference_000,g03,independent_milp,180.0,2,g03_t04_030,g03_t03_000,True,0.14683383141595496,0.029967161682240378
g03_reference_000,g03,independent_milp,270.0,3,g03_t03_000,g03_t06_000,True,1.1522627090522064,0.040663936599064976
g03_reference_000,g03,independent_milp,360.0,4,g03_t06_000,g03_t10_000,True,9.406931937290988,0.018879492346087167
g03_reference_000,g03,independent_milp,450.0,5,g03_t10_000,g03_t08_025,True,16.732879955030246,0.02311276954644029
g03_reference_000,g03,independent_milp,540.0,6,g03_t08_025,g03_t01_000,True,17.082914923950394,0.052041264798956426
g03_reference_000,g03,independent_milp,630.0,7,g03_t01_000,g03_t00_000,True,12.876545626687271,0.04213017369986362
g03_reference_000,g03,independent_milp,720.0,8,g03_t00_000,g03_t05_003,True,9.319140184999846,0.006905250260687064
g03_reference_000,g03,independent_milp,810.0,9,g03_t05_003,g03_t02_000,True,9.316955744342945,0.013898700697293296
g03_nominal_000,g03,one_step_adp,90.0,1,,g03_t04_054,True,24.25242991803392,0.029275256921799886
g03_nominal_000,g03,one_step_adp,180.0,2,g03_t04_054,g03_t03_056,True,4.358902455456626,0.04477436646043718
g03_nominal_000,g03,one_step_adp,270.0,3,g03_t03_056,g03_t08_025,True,11.812871223006777,0.04311775412298136
g03_nominal_000,g03,one_step_adp,360.0,4,g03_t08_025,g03_t06_000,True,9.521872845039878,0.008021002867692167
g03_nominal_000,g03,one_step_adp,450.0,5,g03_t06_000,g03_t10_000,True,9.406931937290988,0.018879492346087167
g03_nominal_000,g03,one_step_adp,540.0,6,g03_t10_000,g03_t13_000,True,19.678409663026617,0.02250889270377403
g03_nominal_000,g03,one_step_adp,630.0,7,g03_t13_000,g03_t02_000,True,17.173292792329388,0.038784239984652816
g03_nominal_000,g03,one_step_adp,720.0,8,g03_t02_000,g03_t05_003,True,9.315146084721704,0.013892650092206464
g03_nominal_000,g03,one_step_adp,810.0,9,g03_t05_003,g03_t00_000,True,9.315555370683919,0.006920788225130254
g03_nominal_000,g03,one_step_adp,900.0,10,g03_t00_000,g03_t01_000,True,11.525978630857502,0.04214425776145803
g03_nominal_000,g03,adaptive_rollout_adp,90.0,1,,g03_t04_000,True,19.497494196411367,0.00905077566228345
g03_nominal_000,g03,adaptive_rollout_adp,180.0,2,g03_t04_000,g03_t05_029,True,3.1132026435586857,0.042220820778839444
g03_nominal_000,g03,adaptive_rollout_adp,270.0,3,g03_t05_029,g03_t02_000,True,4.579498514428431,0.018587796708974622
g03_nominal_000,g03,adaptive_rollout_adp,360.0,4,g03_t02_000,g03_t00_000,True,13.43827221712032,0.014091404271694209
g03_nominal_000,g03,adaptive_rollout_adp,450.0,5,g03_t00_000,g03_t01_000,True,11.525978630857502,0.04214425776145803
g03_nominal_000,g03,adaptive_rollout_adp,540.0,6,g03_t01_000,g03_t09_000,True,22.022981534985874,0.018468048366905746
g03_nominal_000,g03,adaptive_rollout_adp,630.0,7,g03_t09_000,g03_t03_056,True,13.588084341101219,0.04438732982085593
g03_nominal_000,g03,adaptive_rollout_adp,720.0,8,g03_t03_056,g03_t08_025,True,11.812871223006777,0.04311775412298136
g03_nominal_000,g03,adaptive_rollout_adp,810.0,9,g03_t08_025,g03_t06_000,True,9.521872845039878,0.008021002867692167
g03_nominal_000,g03,adaptive_rollout_adp,900.0,10,g03_t06_000,g03_t10_000,True,9.406931937290988,0.018879492346087167
g03_nominal_000,g03,independent_milp,90.0,1,,g03_t04_000,True,19.497494196411367,0.00905077566228345
g03_nominal_000,g03,independent_milp,180.0,2,g03_t04_000,g03_t05_029,True,3.1132026435586857,0.042220820778839444
g03_nominal_000,g03,independent_milp,270.0,3,g03_t05_029,g03_t02_000,True,4.579498514428431,0.018587796708974622
g03_nominal_000,g03,independent_milp,360.0,4,g03_t02_000,g03_t00_000,True,13.43827221712032,0.014091404271694209
g03_nominal_000,g03,independent_milp,450.0,5,g03_t00_000,g03_t01_000,True,11.525978630857502,0.04214425776145803
g03_nominal_000,g03,independent_milp,540.0,6,g03_t01_000,g03_t09_000,True,22.022981534985874,0.018468048366905746
g03_nominal_000,g03,independent_milp,630.0,7,g03_t09_000,g03_t03_056,True,13.588084341101219,0.04438732982085593
g03_nominal_000,g03,independent_milp,720.0,8,g03_t03_056,g03_t08_025,True,11.812871223006777,0.04311775412298136
g03_nominal_000,g03,independent_milp,810.0,9,g03_t08_025,g03_t06_000,True,9.521872845039878,0.008021002867692167
g03_nominal_000,g03,independent_milp,900.0,10,g03_t06_000,g03_t10_000,True,9.406931937290988,0.018879492346087167
g03_nominal_001,g03,adaptive_rollout_adp,90.0,1,,g03_t04_000,True,19.497494196411367,0.00905077566228345
g03_nominal_001,g03,adaptive_rollout_adp,180.0,2,g03_t04_000,g03_t02_000,True,8.978649612262547,0.056326051772012255
g03_nominal_001,g03,adaptive_rollout_adp,270.0,3,g03_t02_000,g03_t05_003,True,9.315146084721704,0.013892650092206464
g03_nominal_001,g03,adaptive_rollout_adp,360.0,4,g03_t05_003,g03_t00_000,True,9.315555370683919,0.006920788225130254
g03_nominal_001,g03,adaptive_rollout_adp,450.0,5,g03_t00_000,g03_t01_000,True,11.525978630857502,0.04214425776145803
g03_nominal_001,g03,adaptive_rollout_adp,540.0,6,g03_t01_000,g03_t09_000,True,22.022981534985874,0.018468048366905746
g03_nominal_001,g03,adaptive_rollout_adp,630.0,7,g03_t09_000,g03_t03_056,True,13.588084341101219,0.04438732982085593
g03_nominal_001,g03,adaptive_rollout_adp,720.0,8,g03_t03_056,g03_t08_025,True,11.812871223006777,0.04311775412298136
g03_nominal_001,g03,adaptive_rollout_adp,810.0,9,g03_t08_025,g03_t06_000,True,9.521872845039878,0.008021002867692167
g03_nominal_001,g03,adaptive_rollout_adp,900.0,10,g03_t06_000,g03_t10_000,True,9.406931937290988,0.018879492346087167
g03_nominal_001,g03,one_step_adp,90.0,1,,g03_t02_000,True,9.104521567175606,0.05194238086739204
g03_nominal_001,g03,one_step_adp,180.0,2,g03_t02_000,g03_t05_003,True,9.315146084721704,0.013892650092206464
g03_nominal_001,g03,one_step_adp,270.0,3,g03_t05_003,g03_t00_000,True,9.315555370683919,0.006920788225130254
g03_nominal_001,g03,one_step_adp,360.0,4,g03_t00_000,g03_t01_000,True,11.525978630857502,0.04214425776145803
g03_nominal_001,g03,one_step_adp,450.0,5,g03_t01_000,g03_t08_025,True,17.16824209234613,0.05204050893393308
g03_nominal_001,g03,one_step_adp,540.0,6,g03_t08_025,g03_t06_000,True,9.521872845039878,0.008021002867692167
g03_nominal_001,g03,one_step_adp,630.0,7,g03_t06_000,g03_t10_000,True,9.406931937290988,0.018879492346087167
g03_nominal_001,g03,one_step_adp,720.0,8,g03_t10_000,g03_t03_056,True,1.716872950866835,0.05682739971774946
g03_nominal_001,g03,one_step_adp,810.0,9,g03_t03_056,g03_t04_030,True,2.1841678619545535,0.041617832157312365
g03_nominal_001,g03,independent_milp,90.0,1,,g03_t04_000,True,19.497494196411367,0.00905077566228345
g03_nominal_001,g03,independent_milp,180.0,2,g03_t04_000,g03_t02_000,True,8.978649612262547,0.056326051772012255
g03_nominal_001,g03,independent_milp,270.0,3,g03_t02_000,g03_t05_003,True,9.315146084721704,0.013892650092206464
g03_nominal_001,g03,independent_milp,360.0,4,g03_t05_003,g03_t00_000,True,9.315555370683919,0.006920788225130254
g03_nominal_001,g03,independent_milp,450.0,5,g03_t00_000,g03_t01_000,True,11.525978630857502,0.04214425776145803
g03_nominal_001,g03,independent_milp,540.0,6,g03_t01_000,g03_t09_000,True,22.022981534985874,0.018468048366905746
g03_nominal_001,g03,independent_milp,630.0,7,g03_t09_000,g03_t03_056,True,13.588084341101219,0.04438732982085593
g03_nominal_001,g03,independent_milp,720.0,8,g03_t03_056,g03_t08_025,True,11.812871223006777,0.04311775412298136
g03_nominal_001,g03,independent_milp,810.0,9,g03_t08_025,g03_t06_000,True,9.521872845039878,0.008021002867692167
g03_nominal_001,g03,independent_milp,900.0,10,g03_t06_000,g03_t10_000,True,9.406931937290988,0.018879492346087167
g03_nominal_002,g03,adaptive_rollout_adp,90.0,1,,g03_t04_030,True,24.02314446255754,0.0333446563075567
g03_nominal_002,g03,adaptive_rollout_adp,180.0,2,g03_t04_030,g03_t03_000,True,0.14683383141595496,0.029967161682240378
g03_nominal_002,g03,adaptive_rollout_adp,270.0,3,g03_t03_000,g03_t08_025,True,1.2417026948313274,0.044077100718720806
g03_nominal_002,g03,adaptive_rollout_adp,360.0,4,g03_t08_025,g03_t06_000,True,9.521872845039878,0.008021002867692167
g03_nominal_002,g03,adaptive_rollout_adp,450.0,5,g03_t06_000,g03_t07_045,True,8.392888807247772,0.033534109598698236
g03_nominal_002,g03,adaptive_rollout_adp,540.0,6,g03_t07_045,g03_t02_037,True,30.580624059586857,0.04378039929892983
g03_nominal_002,g03,adaptive_rollout_adp,630.0,7,g03_t02_037,g03_t05_003,True,9.242663739710702,0.026881959547409035
g03_nominal_002,g03,adaptive_rollout_adp,720.0,8,g03_t05_003,g03_t00_000,True,9.315555370683919,0.006920788225130254
g03_nominal_002,g03,adaptive_rollout_adp,810.0,9,g03_t00_000,g03_t01_000,True,11.525978630857502,0.04214425776145803
g03_nominal_002,g03,incumbent,90.0,1,,g03_t04_000,True,19.497494196411367,0.00905077566228345
g03_nominal_002,g03,incumbent,180.0,2,g03_t04_000,g03_t05_047,True,12.941003806982497,0.04007074910894351
g03_nominal_002,g03,incumbent,270.0,3,g03_t05_047,g03_t00_006,True,15.076109753781992,0.011862909846023941
g03_nominal_002,g03,incumbent,360.0,4,g03_t00_006,g03_t03_035,True,1.5344531872700242,0.0459329834445753
g03_nominal_002,g03,incumbent,450.0,5,g03_t03_035,g03_t03_056,True,3.482973528915928,0.02163265300785297
g03_nominal_002,g03,incumbent,540.0,6,g03_t03_056,g03_t06_000,True,6.195876522430627,0.042255649370180864
g03_nominal_002,g03,incumbent,630.0,7,g03_t06_000,g03_t08_025,True,9.519918766331674,0.008029774698077991
g03_nominal_002,g03,incumbent,720.0,8,g03_t08_025,g03_t07_010,True,17.461237496171442,0.03830646728517178
g03_nominal_002,g03,incumbent,810.0,9,g03_t07_010,g03_t07_000,True,28.268816881726824,0.01734215151244275
g03_nominal_002,g03,incumbent,900.0,10,g03_t07_000,g03_t02_037,True,27.18556826291646,0.05675611619984942
g03_nominal_002,g03,incumbent,990.0,11,g03_t02_037,g03_t05_029,True,4.608673702005245,0.02170802027913118
g03_nominal_002,g03,incumbent,1080.0,12,g03_t05_029,g03_t01_000,True,3.5565125493461425,0.059830052820188544
g03_nominal_002,g03,one_step_adp,90.0,1,,g03_t04_030,True,24.02314446255754,0.0333446563075567
g03_nominal_002,g03,one_step_adp,180.0,2,g03_t04_030,g03_t03_000,True,0.14683383141595496,0.029967161682240378
g03_nominal_002,g03,one_step_adp,270.0,3,g03_t03_000,g03_t08_025,True,1.2417026948313274,0.044077100718720806
g03_nominal_002,g03,one_step_adp,360.0,4,g03_t08_025,g03_t06_000,True,9.521872845039878,0.008021002867692167
g03_nominal_002,g03,one_step_adp,450.0,5,g03_t06_000,g03_t07_045,True,8.392888807247772,0.033534109598698236
g03_nominal_002,g03,one_step_adp,540.0,6,g03_t07_045,g03_t00_000,True,10.594966996117172,0.052113892844490334
g03_nominal_002,g03,one_step_adp,630.0,7,g03_t00_000,g03_t05_003,True,9.319140184999846,0.006905250260687064
g03_nominal_002,g03,one_step_adp,720.0,8,g03_t05_003,g03_t02_002,True,9.287230201718398,0.02057619865559121
g03_nominal_002,g03,one_step_adp,810.0,9,g03_t02_002,g03_t01_031,True,27.773186295457695,0.04816560446997678
g03_nominal_002,g03,independent_milp,90.0,1,,g03_t04_030,True,24.02314446255754,0.0333446563075567
g03_nominal_002,g03,independent_milp,180.0,2,g03_t04_030,g03_t03_000,True,0.14683383141595496,0.029967161682240378
g03_nominal_002,g03,independent_milp,270.0,3,g03_t03_000,g03_t08_025,True,1.2417026948313274,0.044077100718720806
g03_nominal_002,g03,independent_milp,360.0,4,g03_t08_025,g03_t06_000,True,9.521872845039878,0.008021002867692167
g03_nominal_002,g03,independent_milp,450.0,5,g03_t06_000,g03_t07_045,True,8.392888807247772,0.033534109598698236
g03_nominal_002,g03,independent_milp,540.0,6,g03_t07_045,g03_t02_037,True,30.580624059586857,0.04378039929892983
g03_nominal_002,g03,independent_milp,630.0,7,g03_t02_037,g03_t05_003,True,9.242663739710702,0.026881959547409035
g03_nominal_002,g03,independent_milp,720.0,8,g03_t05_003,g03_t00_000,True,9.315555370683919,0.006920788225130254
g03_nominal_002,g03,independent_milp,810.0,9,g03_t00_000,g03_t01_000,True,11.525978630857502,0.04214425776145803
g03_nominal_003,g03,one_step_adp,90.0,1,,g03_t04_030,True,24.02314446255754,0.0333446563075567
g03_nominal_003,g03,one_step_adp,180.0,2,g03_t04_030,g03_t03_000,True,0.14683383141595496,0.029967161682240378
g03_nominal_003,g03,one_step_adp,270.0,3,g03_t03_000,g03_t08_025,True,1.2417026948313274,0.044077100718720806
g03_nominal_003,g03,one_step_adp,360.0,4,g03_t08_025,g03_t10_000,True,17.142851817503953,0.023101184255986198
g03_nominal_003,g03,one_step_adp,450.0,5,g03_t10_000,g03_t06_000,True,9.373288704784938,0.018886963627720174
g03_nominal_003,g03,one_step_adp,540.0,6,g03_t06_000,g03_t01_000,True,7.798873374601136,0.05162242910724507
g03_nominal_003,g03,one_step_adp,630.0,7,g03_t01_000,g03_t00_000,True,12.876545626687271,0.04213017369986362
g03_nominal_003,g03,one_step_adp,720.0,8,g03_t00_000,g03_t05_003,True,9.319140184999846,0.006905250260687064
g03_nominal_003,g03,one_step_adp,810.0,9,g03_t05_003,g03_t02_000,True,9.316955744342945,0.013898700697293296
g03_nominal_003,g03,incumbent,90.0,1,,g03_t04_000,True,19.497494196411367,0.00905077566228345
g03_nominal_003,g03,incumbent,180.0,2,g03_t04_000,g03_t05_047,True,12.941003806982497,0.04007074910894351
g03_nominal_003,g03,incumbent,270.0,3,g03_t05_047,g03_t00_006,True,15.076109753781992,0.011862909846023941
g03_nominal_003,g03,incumbent,360.0,4,g03_t00_006,g03_t03_035,True,1.5344531872700242,0.0459329834445753
g03_nominal_003,g03,incumbent,450.0,5,g03_t03_035,g03_t03_056,True,3.482973528915928,0.02163265300785297
g03_nominal_003,g03,incumbent,540.0,6,g03_t03_056,g03_t06_000,True,6.195876522430627,0.042255649370180864
g03_nominal_003,g03,incumbent,630.0,7,g03_t06_000,g03_t08_025,True,9.519918766331674,0.008029774698077991
g03_nominal_003,g03,incumbent,720.0,8,g03_t08_025,g03_t10_000,True,17.142851817503953,0.023101184255986198
g03_nominal_003,g03,incumbent,810.0,9,g03_t10_000,g03_t07_010,True,25.53430387344178,0.015389984826250947
g03_nominal_003,g03,incumbent,900.0,10,g03_t07_010,g03_t07_000,True,28.268816881726824,0.01734215151244275
g03_nominal_003,g03,incumbent,990.0,11,g03_t07_000,g03_t02_037,True,27.18556826291646,0.05675611619984942
g03_nominal_003,g03,incumbent,1080.0,12,g03_t02_037,g03_t02_000,True,26.02070761672316,0.01690571514979606
g03_nominal_003,g03,incumbent,1170.0,13,g03_t02_000,g03_t01_031,True,23.059841993037672,0.05087359707822108
g03_nominal_003,g03,adaptive_rollout_adp,90.0,1,,g03_t04_000,True,19.497494196411367,0.00905077566228345
g03_nominal_003,g03,adaptive_rollout_adp,180.0,2,g03_t04_000,g03_t05_029,True,3.1132026435586857,0.042220820778839444
g03_nominal_003,g03,adaptive_rollout_adp,270.0,3,g03_t05_029,g03_t02_000,True,4.579498514428431,0.018587796708974622
g03_nominal_003,g03,adaptive_rollout_adp,360.0,4,g03_t02_000,g03_t00_000,True,13.43827221712032,0.014091404271694209
g03_nominal_003,g03,adaptive_rollout_adp,450.0,5,g03_t00_000,g03_t01_000,True,11.525978630857502,0.04214425776145803
g03_nominal_003,g03,adaptive_rollout_adp,540.0,6,g03_t01_000,g03_t09_000,True,22.022981534985874,0.018468048366905746
g03_nominal_003,g03,adaptive_rollout_adp,630.0,7,g03_t09_000,g03_t03_056,True,13.588084341101219,0.04438732982085593
g03_nominal_003,g03,adaptive_rollout_adp,720.0,8,g03_t03_056,g03_t08_025,True,11.812871223006777,0.04311775412298136
g03_nominal_003,g03,adaptive_rollout_adp,810.0,9,g03_t08_025,g03_t06_000,True,9.521872845039878,0.008021002867692167
g03_nominal_003,g03,adaptive_rollout_adp,900.0,10,g03_t06_000,g03_t10_000,True,9.406931937290988,0.018879492346087167
g03_nominal_003,g03,independent_milp,90.0,1,,g03_t04_030,True,24.02314446255754,0.0333446563075567
g03_nominal_003,g03,independent_milp,180.0,2,g03_t04_030,g03_t03_000,True,0.14683383141595496,0.029967161682240378
g03_nominal_003,g03,independent_milp,270.0,3,g03_t03_000,g03_t08_025,True,1.2417026948313274,0.044077100718720806
g03_nominal_003,g03,independent_milp,360.0,4,g03_t08_025,g03_t06_000,True,9.521872845039878,0.008021002867692167
g03_nominal_003,g03,independent_milp,450.0,5,g03_t06_000,g03_t07_045,True,8.392888807247772,0.033534109598698236
g03_nominal_003,g03,independent_milp,540.0,6,g03_t07_045,g03_t02_000,True,23.032554190634574,0.04590896474579682
g03_nominal_003,g03,independent_milp,630.0,7,g03_t02_000,g03_t05_003,True,9.315146084721704,0.013892650092206464
g03_nominal_003,g03,independent_milp,720.0,8,g03_t05_003,g03_t00_000,True,9.315555370683919,0.006920788225130254
g03_nominal_003,g03,independent_milp,810.0,9,g03_t00_000,g03_t01_000,True,11.525978630857502,0.04214425776145803
g03_nominal_004,g03,one_step_adp,90.0,1,,g03_t04_030,True,24.02314446255754,0.0333446563075567
g03_nominal_004,g03,one_step_adp,180.0,2,g03_t04_030,g03_t03_000,True,0.14683383141595496,0.029967161682240378
g03_nominal_004,g03,one_step_adp,270.0,3,g03_t03_000,g03_t09_000,True,0.8008369888534996,0.04759356316134879
g03_nominal_004,g03,one_step_adp,360.0,4,g03_t09_000,g03_t01_000,True,21.897636198110174,0.01846907884604376
g03_nominal_004,g03,one_step_adp,450.0,5,g03_t01_000,g03_t00_000,True,12.876545626687271,0.04213017369986362
g03_nominal_004,g03,one_step_adp,540.0,6,g03_t00_000,g03_t05_003,True,9.319140184999846,0.006905250260687064
g03_nominal_004,g03,one_step_adp,630.0,7,g03_t05_003,g03_t02_000,True,9.316955744342945,0.013898700697293296
g03_nominal_004,g03,one_step_adp,720.0,8,g03_t02_000,g03_t07_045,True,22.775259553100472,0.04591358060411896
g03_nominal_004,g03,one_step_adp,810.0,9,g03_t07_045,g03_t06_014,True,31.06793820634528,0.03250104478971871
g03_nominal_004,g03,one_step_adp,900.0,10,g03_t06_014,g03_t08_000,True,22.3450509033889,0.017646306106284475
g03_nominal_004,g03,adaptive_rollout_adp,90.0,1,,g03_t04_030,True,24.02314446255754,0.0333446563075567
g03_nominal_004,g03,adaptive_rollout_adp,180.0,2,g03_t04_030,g03_t03_000,True,0.14683383141595496,0.029967161682240378
g03_nominal_004,g03,adaptive_rollout_adp,270.0,3,g03_t03_000,g03_t06_000,True,1.1522627090522064,0.040663936599064976
g03_nominal_004,g03,adaptive_rollout_adp,360.0,4,g03_t06_000,g03_t08_000,True,9.458874530483262,0.024293616498889038
g03_nominal_004,g03,adaptive_rollout_adp,450.0,5,g03_t08_000,g03_t10_000,True,22.270090929958283,0.024710092354655693
g03_nominal_004,g03,adaptive_rollout_adp,540.0,6,g03_t10_000,g03_t13_000,True,19.678409663026617,0.02250889270377403
g03_nominal_004,g03,adaptive_rollout_adp,630.0,7,g03_t13_000,g03_t02_000,True,17.173292792329388,0.038784239984652816
g03_nominal_004,g03,adaptive_rollout_adp,720.0,8,g03_t02_000,g03_t05_003,True,9.315146084721704,0.013892650092206464
g03_nominal_004,g03,adaptive_rollout_adp,810.0,9,g03_t05_003,g03_t00_000,True,9.315555370683919,0.006920788225130254
g03_nominal_004,g03,adaptive_rollout_adp,900.0,10,g03_t00_000,g03_t01_000,True,11.525978630857502,0.04214425776145803
g03_nominal_004,g03,independent_milp,90.0,1,,g03_t04_000,True,19.497494196411367,0.00905077566228345
g03_nominal_004,g03,independent_milp,180.0,2,g03_t04_000,g03_t05_029,True,3.1132026435586857,0.042220820778839444
g03_nominal_004,g03,independent_milp,270.0,3,g03_t05_029,g03_t02_000,True,4.579498514428431,0.018587796708974622
g03_nominal_004,g03,independent_milp,360.0,4,g03_t02_000,g03_t00_000,True,13.43827221712032,0.014091404271694209
g03_nominal_004,g03,independent_milp,450.0,5,g03_t00_000,g03_t01_000,True,11.525978630857502,0.04214425776145803
g03_nominal_004,g03,independent_milp,540.0,6,g03_t01_000,g03_t09_000,True,22.022981534985874,0.018468048366905746
g03_nominal_004,g03,independent_milp,630.0,7,g03_t09_000,g03_t03_056,True,13.588084341101219,0.04438732982085593
g03_nominal_004,g03,independent_milp,720.0,8,g03_t03_056,g03_t06_000,True,6.195876522430627,0.042255649370180864
g03_nominal_004,g03,independent_milp,810.0,9,g03_t06_000,g03_t10_000,True,9.406931937290988,0.018879492346087167
g03_nominal_004,g03,independent_milp,900.0,10,g03_t10_000,g03_t08_000,True,22.206346738091284,0.024721583016927676
g03_nominal_005,g03,adaptive_rollout_adp,90.0,1,,g03_t04_000,True,19.497494196411367,0.00905077566228345
g03_nominal_005,g03,adaptive_rollout_adp,180.0,2,g03_t04_000,g03_t05_029,True,3.1132026435586857,0.042220820778839444
g03_nominal_005,g03,adaptive_rollout_adp,270.0,3,g03_t05_029,g03_t02_000,True,4.579498514428431,0.018587796708974622
g03_nominal_005,g03,adaptive_rollout_adp,360.0,4,g03_t02_000,g03_t00_000,True,13.43827221712032,0.014091404271694209
g03_nominal_005,g03,adaptive_rollout_adp,450.0,5,g03_t00_000,g03_t01_000,True,11.525978630857502,0.04214425776145803
g03_nominal_005,g03,adaptive_rollout_adp,540.0,6,g03_t01_000,g03_t09_000,True,22.022981534985874,0.018468048366905746
g03_nominal_005,g03,adaptive_rollout_adp,630.0,7,g03_t09_000,g03_t03_056,True,13.588084341101219,0.04438732982085593
g03_nominal_005,g03,adaptive_rollout_adp,720.0,8,g03_t03_056,g03_t08_025,True,11.812871223006777,0.04311775412298136
g03_nominal_005,g03,adaptive_rollout_adp,810.0,9,g03_t08_025,g03_t06_000,True,9.521872845039878,0.008021002867692167
g03_nominal_005,g03,adaptive_rollout_adp,900.0,10,g03_t06_000,g03_t10_000,True,9.406931937290988,0.018879492346087167
g03_nominal_005,g03,one_step_adp,90.0,1,,g03_t04_030,True,24.02314446255754,0.0333446563075567
g03_nominal_005,g03,one_step_adp,180.0,2,g03_t04_030,g03_t03_000,True,0.14683383141595496,0.029967161682240378
g03_nominal_005,g03,one_step_adp,270.0,3,g03_t03_000,g03_t08_025,True,1.2417026948313274,0.044077100718720806
g03_nominal_005,g03,one_step_adp,360.0,4,g03_t08_025,g03_t06_000,True,9.521872845039878,0.008021002867692167
g03_nominal_005,g03,one_step_adp,450.0,5,g03_t06_000,g03_t10_000,True,9.406931937290988,0.018879492346087167
g03_nominal_005,g03,one_step_adp,540.0,6,g03_t10_000,g03_t13_000,True,19.678409663026617,0.02250889270377403
g03_nominal_005,g03,one_step_adp,630.0,7,g03_t13_000,g03_t02_000,True,17.173292792329388,0.038784239984652816
g03_nominal_005,g03,one_step_adp,720.0,8,g03_t02_000,g03_t05_003,True,9.315146084721704,0.013892650092206464
g03_nominal_005,g03,one_step_adp,810.0,9,g03_t05_003,g03_t00_000,True,9.315555370683919,0.006920788225130254
g03_nominal_005,g03,one_step_adp,900.0,10,g03_t00_000,g03_t01_000,True,11.525978630857502,0.04214425776145803
g03_nominal_005,g03,independent_milp,90.0,1,,g03_t04_030,True,24.02314446255754,0.0333446563075567
g03_nominal_005,g03,independent_milp,180.0,2,g03_t04_030,g03_t03_000,True,0.14683383141595496,0.029967161682240378
g03_nominal_005,g03,independent_milp,270.0,3,g03_t03_000,g03_t08_025,True,1.2417026948313274,0.044077100718720806
g03_nominal_005,g03,independent_milp,360.0,4,g03_t08_025,g03_t06_000,True,9.521872845039878,0.008021002867692167
g03_nominal_005,g03,independent_milp,450.0,5,g03_t06_000,g03_t07_045,True,8.392888807247772,0.033534109598698236
g03_nominal_005,g03,independent_milp,540.0,6,g03_t07_045,g03_t02_000,True,23.032554190634574,0.04590896474579682
g03_nominal_005,g03,independent_milp,630.0,7,g03_t02_000,g03_t05_003,True,9.315146084721704,0.013892650092206464
g03_nominal_005,g03,independent_milp,720.0,8,g03_t05_003,g03_t00_000,True,9.315555370683919,0.006920788225130254
g03_nominal_005,g03,independent_milp,810.0,9,g03_t00_000,g03_t01_000,True,11.525978630857502,0.04214425776145803
g03_nominal_006,g03,one_step_adp,90.0,1,,g03_t04_030,True,24.02314446255754,0.0333446563075567
g03_nominal_006,g03,one_step_adp,180.0,2,g03_t04_030,g03_t03_000,True,0.14683383141595496,0.029967161682240378
g03_nominal_006,g03,one_step_adp,270.0,3,g03_t03_000,g03_t08_025,True,1.2417026948313274,0.044077100718720806
g03_nominal_006,g03,one_step_adp,360.0,4,g03_t08_025,g03_t06_000,True,9.521872845039878,0.008021002867692167
g03_nominal_006,g03,one_step_adp,450.0,5,g03_t06_000,g03_t10_000,True,9.406931937290988,0.018879492346087167
g03_nominal_006,g03,one_step_adp,540.0,6,g03_t10_000,g03_t05_029,True,4.362613652352002,0.05944444967508562
g03_nominal_006,g03,one_step_adp,630.0,7,g03_t05_029,g03_t02_000,True,4.579498514428431,0.018587796708974622
g03_nominal_006,g03,one_step_adp,720.0,8,g03_t02_000,g03_t00_000,True,13.43827221712032,0.014091404271694209
g03_nominal_006,g03,one_step_adp,810.0,9,g03_t00_000,g03_t01_000,True,11.525978630857502,0.04214425776145803
g03_nominal_006,g03,adaptive_rollout_adp,90.0,1,,g03_t04_000,True,19.497494196411367,0.00905077566228345
g03_nominal_006,g03,adaptive_rollout_adp,180.0,2,g03_t04_000,g03_t05_029,True,3.1132026435586857,0.042220820778839444
g03_nominal_006,g03,adaptive_rollout_adp,270.0,3,g03_t05_029,g03_t02_000,True,4.579498514428431,0.018587796708974622
g03_nominal_006,g03,adaptive_rollout_adp,360.0,4,g03_t02_000,g03_t00_000,True,13.43827221712032,0.014091404271694209
g03_nominal_006,g03,adaptive_rollout_adp,450.0,5,g03_t00_000,g03_t01_000,True,11.525978630857502,0.04214425776145803
g03_nominal_006,g03,adaptive_rollout_adp,540.0,6,g03_t01_000,g03_t08_025,True,17.16824209234613,0.05204050893393308
g03_nominal_006,g03,adaptive_rollout_adp,630.0,7,g03_t08_025,g03_t10_000,True,17.142851817503953,0.023101184255986198
g03_nominal_006,g03,adaptive_rollout_adp,720.0,8,g03_t10_000,g03_t06_000,True,9.373288704784938,0.018886963627720174
g03_nominal_006,g03,adaptive_rollout_adp,810.0,9,g03_t06_000,g03_t03_000,True,0.7853970598143178,0.04067069055918952
g03_nominal_006,g03,independent_milp,90.0,1,,g03_t04_000,True,19.497494196411367,0.00905077566228345
g03_nominal_006,g03,independent_milp,180.0,2,g03_t04_000,g03_t05_029,True,3.1132026435586857,0.042220820778839444
g03_nominal_006,g03,independent_milp,270.0,3,g03_t05_029,g03_t02_000,True,4.579498514428431,0.018587796708974622
g03_nominal_006,g03,independent_milp,360.0,4,g03_t02_000,g03_t00_000,True,13.43827221712032,0.014091404271694209
g03_nominal_006,g03,independent_milp,450.0,5,g03_t00_000,g03_t01_000,True,11.525978630857502,0.04214425776145803
g03_nominal_006,g03,independent_milp,540.0,6,g03_t01_000,g03_t08_025,True,17.16824209234613,0.05204050893393308
g03_nominal_006,g03,independent_milp,630.0,7,g03_t08_025,g03_t10_000,True,17.142851817503953,0.023101184255986198
g03_nominal_006,g03,independent_milp,720.0,8,g03_t10_000,g03_t06_000,True,9.373288704784938,0.018886963627720174
g03_nominal_006,g03,independent_milp,810.0,9,g03_t06_000,g03_t03_000,True,0.7853970598143178,0.04067069055918952
g03_nominal_007,g03,one_step_adp,90.0,1,,g03_t04_030,True,24.02314446255754,0.0333446563075567
g03_nominal_007,g03,one_step_adp,180.0,2,g03_t04_030,g03_t03_000,True,0.14683383141595496,0.029967161682240378
g03_nominal_007,g03,one_step_adp,270.0,3,g03_t03_000,g03_t08_025,True,1.2417026948313274,0.044077100718720806
g03_nominal_007,g03,one_step_adp,360.0,4,g03_t08_025,g03_t06_000,True,9.521872845039878,0.008021002867692167
g03_nominal_007,g03,one_step_adp,450.0,5,g03_t06_000,g03_t10_000,True,9.406931937290988,0.018879492346087167
g03_nominal_007,g03,one_step_adp,540.0,6,g03_t10_000,g03_t13_000,True,19.678409663026617,0.02250889270377403
g03_nominal_007,g03,one_step_adp,630.0,7,g03_t13_000,g03_t02_000,True,17.173292792329388,0.038784239984652816
g03_nominal_007,g03,one_step_adp,720.0,8,g03_t02_000,g03_t05_003,True,9.315146084721704,0.013892650092206464
g03_nominal_007,g03,one_step_adp,810.0,9,g03_t05_003,g03_t00_000,True,9.315555370683919,0.006920788225130254
g03_nominal_007,g03,one_step_adp,900.0,10,g03_t00_000,g03_t01_000,True,11.525978630857502,0.04214425776145803
g03_nominal_007,g03,adaptive_rollout_adp,90.0,1,,g03_t04_000,True,19.497494196411367,0.00905077566228345
g03_nominal_007,g03,adaptive_rollout_adp,180.0,2,g03_t04_000,g03_t05_029,True,3.1132026435586857,0.042220820778839444
g03_nominal_007,g03,adaptive_rollout_adp,270.0,3,g03_t05_029,g03_t02_000,True,4.579498514428431,0.018587796708974622
g03_nominal_007,g03,adaptive_rollout_adp,360.0,4,g03_t02_000,g03_t00_000,True,13.43827221712032,0.014091404271694209
g03_nominal_007,g03,adaptive_rollout_adp,450.0,5,g03_t00_000,g03_t01_000,True,11.525978630857502,0.04214425776145803
g03_nominal_007,g03,adaptive_rollout_adp,540.0,6,g03_t01_000,g03_t09_000,True,22.022981534985874,0.018468048366905746
g03_nominal_007,g03,adaptive_rollout_adp,630.0,7,g03_t09_000,g03_t03_056,True,13.588084341101219,0.04438732982085593
g03_nominal_007,g03,adaptive_rollout_adp,720.0,8,g03_t03_056,g03_t08_025,True,11.812871223006777,0.04311775412298136
g03_nominal_007,g03,adaptive_rollout_adp,810.0,9,g03_t08_025,g03_t06_000,True,9.521872845039878,0.008021002867692167
g03_nominal_007,g03,adaptive_rollout_adp,900.0,10,g03_t06_000,g03_t10_000,True,9.406931937290988,0.018879492346087167
g03_nominal_007,g03,independent_milp,90.0,1,,g03_t04_030,True,24.02314446255754,0.0333446563075567
g03_nominal_007,g03,independent_milp,180.0,2,g03_t04_030,g03_t03_000,True,0.14683383141595496,0.029967161682240378
g03_nominal_007,g03,independent_milp,270.0,3,g03_t03_000,g03_t06_000,True,1.1522627090522064,0.040663936599064976
g03_nominal_007,g03,independent_milp,360.0,4,g03_t06_000,g03_t10_000,True,9.406931937290988,0.018879492346087167
g03_nominal_007,g03,independent_milp,450.0,5,g03_t10_000,g03_t08_025,True,16.732879955030246,0.02311276954644029
g03_nominal_007,g03,independent_milp,540.0,6,g03_t08_025,g03_t01_000,True,17.082914923950394,0.052041264798956426
g03_nominal_007,g03,independent_milp,630.0,7,g03_t01_000,g03_t00_000,True,12.876545626687271,0.04213017369986362
g03_nominal_007,g03,independent_milp,720.0,8,g03_t00_000,g03_t05_003,True,9.319140184999846,0.006905250260687064
g03_nominal_007,g03,independent_milp,810.0,9,g03_t05_003,g03_t02_000,True,9.316955744342945,0.013898700697293296
g03_nominal_008,g03,adaptive_rollout_adp,90.0,1,,g03_t04_000,True,19.497494196411367,0.00905077566228345
g03_nominal_008,g03,adaptive_rollout_adp,180.0,2,g03_t04_000,g03_t05_029,True,3.1132026435586857,0.042220820778839444
g03_nominal_008,g03,adaptive_rollout_adp,270.0,3,g03_t05_029,g03_t02_000,True,4.579498514428431,0.018587796708974622
g03_nominal_008,g03,adaptive_rollout_adp,360.0,4,g03_t02_000,g03_t00_000,True,13.43827221712032,0.014091404271694209
g03_nominal_008,g03,adaptive_rollout_adp,450.0,5,g03_t00_000,g03_t01_000,True,11.525978630857502,0.04214425776145803
g03_nominal_008,g03,adaptive_rollout_adp,540.0,6,g03_t01_000,g03_t08_025,True,17.16824209234613,0.05204050893393308
g03_nominal_008,g03,adaptive_rollout_adp,630.0,7,g03_t08_025,g03_t10_000,True,17.142851817503953,0.023101184255986198
g03_nominal_008,g03,adaptive_rollout_adp,720.0,8,g03_t10_000,g03_t06_000,True,9.373288704784938,0.018886963627720174
g03_nominal_008,g03,adaptive_rollout_adp,810.0,9,g03_t06_000,g03_t03_000,True,0.7853970598143178,0.04067069055918952
g03_nominal_008,g03,one_step_adp,90.0,1,,g03_t04_030,True,24.02314446255754,0.0333446563075567
g03_nominal_008,g03,one_step_adp,180.0,2,g03_t04_030,g03_t03_000,True,0.14683383141595496,0.029967161682240378
g03_nominal_008,g03,one_step_adp,270.0,3,g03_t03_000,g03_t08_025,True,1.2417026948313274,0.044077100718720806
g03_nominal_008,g03,one_step_adp,360.0,4,g03_t08_025,g03_t06_000,True,9.521872845039878,0.008021002867692167
g03_nominal_008,g03,one_step_adp,450.0,5,g03_t06_000,g03_t10_000,True,9.406931937290988,0.018879492346087167
g03_nominal_008,g03,one_step_adp,540.0,6,g03_t10_000,g03_t13_000,True,19.678409663026617,0.02250889270377403
g03_nominal_008,g03,one_step_adp,630.0,7,g03_t13_000,g03_t02_000,True,17.173292792329388,0.038784239984652816
g03_nominal_008,g03,one_step_adp,720.0,8,g03_t02_000,g03_t05_003,True,9.315146084721704,0.013892650092206464
g03_nominal_008,g03,one_step_adp,810.0,9,g03_t05_003,g03_t00_000,True,9.315555370683919,0.006920788225130254
g03_nominal_008,g03,one_step_adp,900.0,10,g03_t00_000,g03_t01_000,True,11.525978630857502,0.04214425776145803
g03_nominal_008,g03,independent_milp,90.0,1,,g03_t04_030,True,24.02314446255754,0.0333446563075567
g03_nominal_008,g03,independent_milp,180.0,2,g03_t04_030,g03_t03_000,True,0.14683383141595496,0.029967161682240378
g03_nominal_008,g03,independent_milp,270.0,3,g03_t03_000,g03_t08_025,True,1.2417026948313274,0.044077100718720806
g03_nominal_008,g03,independent_milp,360.0,4,g03_t08_025,g03_t06_000,True,9.521872845039878,0.008021002867692167
g03_nominal_008,g03,independent_milp,450.0,5,g03_t06_000,g03_t10_000,True,9.406931937290988,0.018879492346087167
g03_nominal_008,g03,independent_milp,540.0,6,g03_t10_000,g03_t13_000,True,19.678409663026617,0.02250889270377403
g03_nominal_008,g03,independent_milp,630.0,7,g03_t13_000,g03_t02_000,True,17.173292792329388,0.038784239984652816
g03_nominal_008,g03,independent_milp,720.0,8,g03_t02_000,g03_t05_003,True,9.315146084721704,0.013892650092206464
g03_nominal_008,g03,independent_milp,810.0,9,g03_t05_003,g03_t00_000,True,9.315555370683919,0.006920788225130254
g03_nominal_008,g03,independent_milp,900.0,10,g03_t00_000,g03_t01_000,True,11.525978630857502,0.04214425776145803
g03_nominal_009,g03,adaptive_rollout_adp,90.0,1,,g03_t04_000,True,19.497494196411367,0.00905077566228345
g03_nominal_009,g03,adaptive_rollout_adp,180.0,2,g03_t04_000,g03_t05_029,True,3.1132026435586857,0.042220820778839444
g03_nominal_009,g03,adaptive_rollout_adp,270.0,3,g03_t05_029,g03_t02_000,True,4.579498514428431,0.018587796708974622
g03_nominal_009,g03,adaptive_rollout_adp,360.0,4,g03_t02_000,g03_t00_000,True,13.43827221712032,0.014091404271694209
g03_nominal_009,g03,adaptive_rollout_adp,450.0,5,g03_t00_000,g03_t01_000,True,11.525978630857502,0.04214425776145803
g03_nominal_009,g03,adaptive_rollout_adp,540.0,6,g03_t01_000,g03_t09_000,True,22.022981534985874,0.018468048366905746
g03_nominal_009,g03,adaptive_rollout_adp,630.0,7,g03_t09_000,g03_t03_056,True,13.588084341101219,0.04438732982085593
g03_nominal_009,g03,adaptive_rollout_adp,720.0,8,g03_t03_056,g03_t08_025,True,11.812871223006777,0.04311775412298136
g03_nominal_009,g03,adaptive_rollout_adp,810.0,9,g03_t08_025,g03_t06_000,True,9.521872845039878,0.008021002867692167
g03_nominal_009,g03,adaptive_rollout_adp,900.0,10,g03_t06_000,g03_t10_000,True,9.406931937290988,0.018879492346087167
g03_nominal_009,g03,one_step_adp,90.0,1,,g03_t04_054,True,24.25242991803392,0.029275256921799886
g03_nominal_009,g03,one_step_adp,180.0,2,g03_t04_054,g03_t03_056,True,4.358902455456626,0.04477436646043718
g03_nominal_009,g03,one_step_adp,270.0,3,g03_t03_056,g03_t08_025,True,11.812871223006777,0.04311775412298136
g03_nominal_009,g03,one_step_adp,360.0,4,g03_t08_025,g03_t06_000,True,9.521872845039878,0.008021002867692167
g03_nominal_009,g03,one_step_adp,450.0,5,g03_t06_000,g03_t10_000,True,9.406931937290988,0.018879492346087167
g03_nominal_009,g03,one_step_adp,540.0,6,g03_t10_000,g03_t13_000,True,19.678409663026617,0.02250889270377403
g03_nominal_009,g03,one_step_adp,630.0,7,g03_t13_000,g03_t02_000,True,17.173292792329388,0.038784239984652816
g03_nominal_009,g03,one_step_adp,720.0,8,g03_t02_000,g03_t05_003,True,9.315146084721704,0.013892650092206464
g03_nominal_009,g03,one_step_adp,810.0,9,g03_t05_003,g03_t00_000,True,9.315555370683919,0.006920788225130254
g03_nominal_009,g03,one_step_adp,900.0,10,g03_t00_000,g03_t01_000,True,11.525978630857502,0.04214425776145803
g03_nominal_009,g03,independent_milp,90.0,1,,g03_t04_000,True,19.497494196411367,0.00905077566228345
g03_nominal_009,g03,independent_milp,180.0,2,g03_t04_000,g03_t05_029,True,3.1132026435586857,0.042220820778839444
g03_nominal_009,g03,independent_milp,270.0,3,g03_t05_029,g03_t02_000,True,4.579498514428431,0.018587796708974622
g03_nominal_009,g03,independent_milp,360.0,4,g03_t02_000,g03_t00_000,True,13.43827221712032,0.014091404271694209
g03_nominal_009,g03,independent_milp,450.0,5,g03_t00_000,g03_t01_000,True,11.525978630857502,0.04214425776145803
g03_nominal_009,g03,independent_milp,540.0,6,g03_t01_000,g03_t09_000,True,22.022981534985874,0.018468048366905746
g03_nominal_009,g03,independent_milp,630.0,7,g03_t09_000,g03_t03_056,True,13.588084341101219,0.04438732982085593
g03_nominal_009,g03,independent_milp,720.0,8,g03_t03_056,g03_t08_025,True,11.812871223006777,0.04311775412298136
g03_nominal_009,g03,independent_milp,810.0,9,g03_t08_025,g03_t06_000,True,9.521872845039878,0.008021002867692167
g03_nominal_009,g03,independent_milp,900.0,10,g03_t06_000,g03_t10_000,True,9.406931937290988,0.018879492346087167
g03_shifted_000,g03,one_step_adp,90.0,1,,g03_t04_054,True,24.25242991803392,0.029275256921799886
g03_shifted_000,g03,one_step_adp,180.0,2,g03_t04_054,g03_t03_056,True,4.358902455456626,0.04477436646043718
g03_shifted_000,g03,one_step_adp,270.0,3,g03_t03_056,g03_t08_025,True,11.812871223006777,0.04311775412298136
g03_shifted_000,g03,one_step_adp,360.0,4,g03_t08_025,g03_t06_000,True,9.521872845039878,0.008021002867692167
g03_shifted_000,g03,one_step_adp,450.0,5,g03_t06_000,g03_t10_000,True,9.406931937290988,0.018879492346087167
g03_shifted_000,g03,one_step_adp,540.0,6,g03_t10_000,g03_t13_000,True,19.678409663026617,0.02250889270377403
g03_shifted_000,g03,one_step_adp,630.0,7,g03_t13_000,g03_t02_000,True,17.173292792329388,0.038784239984652816
g03_shifted_000,g03,one_step_adp,720.0,8,g03_t02_000,g03_t05_003,True,9.315146084721704,0.013892650092206464
g03_shifted_000,g03,one_step_adp,810.0,9,g03_t05_003,g03_t00_000,True,9.315555370683919,0.006920788225130254
g03_shifted_000,g03,one_step_adp,900.0,10,g03_t00_000,g03_t01_000,True,11.525978630857502,0.04214425776145803
g03_shifted_000,g03,adaptive_rollout_adp,90.0,1,,g03_t04_000,True,19.497494196411367,0.00905077566228345
g03_shifted_000,g03,adaptive_rollout_adp,180.0,2,g03_t04_000,g03_t05_029,True,3.1132026435586857,0.042220820778839444
g03_shifted_000,g03,adaptive_rollout_adp,270.0,3,g03_t05_029,g03_t02_000,True,4.579498514428431,0.018587796708974622
g03_shifted_000,g03,adaptive_rollout_adp,360.0,4,g03_t02_000,g03_t00_000,True,13.43827221712032,0.014091404271694209
g03_shifted_000,g03,adaptive_rollout_adp,450.0,5,g03_t00_000,g03_t01_000,True,11.525978630857502,0.04214425776145803
g03_shifted_000,g03,adaptive_rollout_adp,540.0,6,g03_t01_000,g03_t09_000,True,22.022981534985874,0.018468048366905746
g03_shifted_000,g03,adaptive_rollout_adp,630.0,7,g03_t09_000,g03_t03_056,True,13.588084341101219,0.04438732982085593
g03_shifted_000,g03,adaptive_rollout_adp,720.0,8,g03_t03_056,g03_t08_025,True,11.812871223006777,0.04311775412298136
g03_shifted_000,g03,adaptive_rollout_adp,810.0,9,g03_t08_025,g03_t06_000,True,9.521872845039878,0.008021002867692167
g03_shifted_000,g03,adaptive_rollout_adp,900.0,10,g03_t06_000,g03_t10_000,True,9.406931937290988,0.018879492346087167
g03_shifted_000,g03,incumbent,90.0,1,,g03_t04_000,True,19.497494196411367,0.00905077566228345
g03_shifted_000,g03,incumbent,180.0,2,g03_t04_000,g03_t05_047,True,12.941003806982497,0.04007074910894351
g03_shifted_000,g03,incumbent,270.0,3,g03_t05_047,g03_t03_035,True,1.3654049834574442,0.034804855736845317
g03_shifted_000,g03,incumbent,360.0,4,g03_t03_035,g03_t03_056,True,3.482973528915928,0.02163265300785297
g03_shifted_000,g03,incumbent,450.0,5,g03_t03_056,g03_t06_000,True,6.195876522430627,0.042255649370180864
g03_shifted_000,g03,incumbent,540.0,6,g03_t06_000,g03_t08_025,True,9.519918766331674,0.008029774698077991
g03_shifted_000,g03,incumbent,630.0,7,g03_t08_025,g03_t10_000,True,17.142851817503953,0.023101184255986198
g03_shifted_000,g03,incumbent,720.0,8,g03_t10_000,g03_t06_014,True,25.539056356003467,0.011848718030874793
g03_shifted_000,g03,incumbent,810.0,9,g03_t06_014,g03_t07_010,True,30.09343613120913,0.019791204169209913
g03_shifted_000,g03,incumbent,900.0,10,g03_t07_010,g03_t07_000,True,28.268816881726824,0.01734215151244275
g03_shifted_000,g03,incumbent,990.0,11,g03_t07_000,g03_t07_045,True,28.272148590944873,0.02001214333296309
g03_shifted_000,g03,incumbent,1080.0,12,g03_t07_045,g03_t02_000,True,23.032554190634574,0.04590896474579682
g03_shifted_000,g03,incumbent,1170.0,13,g03_t02_000,g03_t00_000,True,13.43827221712032,0.014091404271694209
g03_shifted_000,g03,incumbent,1260.0,14,g03_t00_000,g03_t01_000,True,11.525978630857502,0.04214425776145803
g03_shifted_000,g03,independent_milp,90.0,1,,g03_t04_000,True,19.497494196411367,0.00905077566228345
g03_shifted_000,g03,independent_milp,180.0,2,g03_t04_000,g03_t05_029,True,3.1132026435586857,0.042220820778839444
g03_shifted_000,g03,independent_milp,270.0,3,g03_t05_029,g03_t02_000,True,4.579498514428431,0.018587796708974622
g03_shifted_000,g03,independent_milp,360.0,4,g03_t02_000,g03_t00_000,True,13.43827221712032,0.014091404271694209
g03_shifted_000,g03,independent_milp,450.0,5,g03_t00_000,g03_t01_000,True,11.525978630857502,0.04214425776145803
g03_shifted_000,g03,independent_milp,540.0,6,g03_t01_000,g03_t09_000,True,22.022981534985874,0.018468048366905746
g03_shifted_000,g03,independent_milp,630.0,7,g03_t09_000,g03_t03_056,True,13.588084341101219,0.04438732982085593
g03_shifted_000,g03,independent_milp,720.0,8,g03_t03_056,g03_t08_025,True,11.812871223006777,0.04311775412298136
g03_shifted_000,g03,independent_milp,810.0,9,g03_t08_025,g03_t06_000,True,9.521872845039878,0.008021002867692167
g03_shifted_000,g03,independent_milp,900.0,10,g03_t06_000,g03_t10_000,True,9.406931937290988,0.018879492346087167
g03_shifted_001,g03,adaptive_rollout_adp,90.0,1,,g03_t04_030,True,24.02314446255754,0.0333446563075567
g03_shifted_001,g03,adaptive_rollout_adp,180.0,2,g03_t04_030,g03_t03_000,True,0.14683383141595496,0.029967161682240378
g03_shifted_001,g03,adaptive_rollout_adp,270.0,3,g03_t03_000,g03_t06_000,True,1.1522627090522064,0.040663936599064976
g03_shifted_001,g03,adaptive_rollout_adp,360.0,4,g03_t06_000,g03_t08_000,True,9.458874530483262,0.024293616498889038
g03_shifted_001,g03,adaptive_rollout_adp,450.0,5,g03_t08_000,g03_t07_045,True,22.149475682311227,0.047112608190586124
g03_shifted_001,g03,adaptive_rollout_adp,540.0,6,g03_t07_045,g03_t00_000,True,10.594966996117172,0.052113892844490334
g03_shifted_001,g03,adaptive_rollout_adp,630.0,7,g03_t00_000,g03_t05_003,True,9.319140184999846,0.006905250260687064
g03_shifted_001,g03,adaptive_rollout_adp,720.0,8,g03_t05_003,g03_t02_002,True,9.287230201718398,0.02057619865559121
g03_shifted_001,g03,adaptive_rollout_adp,810.0,9,g03_t02_002,g03_t01_031,True,27.773186295457695,0.04816560446997678
g03_shifted_001,g03,incumbent,90.0,1,,g03_t04_000,True,19.497494196411367,0.00905077566228345
g03_shifted_001,g03,incumbent,180.0,2,g03_t04_000,g03_t05_029,True,3.1132026435586857,0.042220820778839444
g03_shifted_001,g03,incumbent,270.0,3,g03_t05_029,g03_t00_000,True,4.1305452496312185,0.020151811059291556
g03_shifted_001,g03,incumbent,360.0,4,g03_t00_000,g03_t02_002,True,13.420330467610478,0.021524442568276958
g03_shifted_001,g03,incumbent,450.0,5,g03_t02_002,g03_t01_031,True,27.773186295457695,0.04816560446997678
g03_shifted_001,g03,incumbent,540.0,6,g03_t01_031,g03_t01_000,True,22.16794132342996,0.01898406736365529
g03_shifted_001,g03,incumbent,630.0,7,g03_t01_000,g03_t06_000,True,7.891988479702725,0.051620217899930355
g03_shifted_001,g03,incumbent,720.0,8,g03_t06_000,g03_t08_000,True,9.458874530483262,0.024293616498889038
g03_shifted_001,g03,incumbent,810.0,9,g03_t08_000,g03_t07_045,True,22.149475682311227,0.047112608190586124
g03_shifted_001,g03,incumbent,900.0,10,g03_t07_045,g03_t07_000,True,28.29353233448088,0.019998346553122253
g03_shifted_001,g03,incumbent,990.0,11,g03_t07_000,g03_t06_014,True,27.98703384667465,0.036671869818053086
g03_shifted_001,g03,incumbent,1080.0,12,g03_t06_014,g03_t06_021,True,15.332860280148688,0.02428440735095096
g03_shifted_001,g03,incumbent,1170.0,13,g03_t06_021,g03_t08_003,True,15.33878188965017,0.021522449528243656
g03_shifted_001,g03,incumbent,1260.0,14,g03_t08_003,g03_t03_056,True,9.043807159539703,0.050786143705757916
g03_shifted_001,g03,one_step_adp,90.0,1,,g03_t04_030,True,24.02314446255754,0.0333446563075567
g03_shifted_001,g03,one_step_adp,180.0,2,g03_t04_030,g03_t03_000,True,0.14683383141595496,0.029967161682240378
g03_shifted_001,g03,one_step_adp,270.0,3,g03_t03_000,g03_t06_000,True,1.1522627090522064,0.040663936599064976
g03_shifted_001,g03,one_step_adp,360.0,4,g03_t06_000,g03_t08_000,True,9.458874530483262,0.024293616498889038
g03_shifted_001,g03,one_step_adp,450.0,5,g03_t08_000,g03_t07_045,True,22.149475682311227,0.047112608190586124
g03_shifted_001,g03,one_step_adp,540.0,6,g03_t07_045,g03_t00_000,True,10.594966996117172,0.052113892844490334
g03_shifted_001,g03,one_step_adp,630.0,7,g03_t00_000,g03_t05_003,True,9.319140184999846,0.006905250260687064
g03_shifted_001,g03,one_step_adp,720.0,8,g03_t05_003,g03_t02_002,True,9.287230201718398,0.02057619865559121
g03_shifted_001,g03,one_step_adp,810.0,9,g03_t02_002,g03_t01_031,True,27.773186295457695,0.04816560446997678
g03_shifted_001,g03,independent_milp,90.0,1,,g03_t04_000,True,19.497494196411367,0.00905077566228345
g03_shifted_001,g03,independent_milp,180.0,2,g03_t04_000,g03_t07_045,True,7.259232026860225,0.047692449375914485
g03_shifted_001,g03,independent_milp,270.0,3,g03_t07_045,g03_t08_000,True,22.05868131245228,0.04712991545085889
g03_shifted_001,g03,independent_milp,360.0,4,g03_t08_000,g03_t06_000,True,9.462322751262196,0.024290344108452308
g03_shifted_001,g03,independent_milp,450.0,5,g03_t06_000,g03_t03_056,True,5.430762907520661,0.04225803986225364
g03_shifted_001,g03,independent_milp,540.0,6,g03_t03_056,g03_t09_000,True,13.655453371183384,0.04438099314569449
g03_shifted_001,g03,independent_milp,630.0,7,g03_t09_000,g03_t01_000,True,21.897636198110174,0.01846907884604376
g03_shifted_001,g03,independent_milp,720.0,8,g03_t01_000,g03_t00_000,True,12.876545626687271,0.04213017369986362
g03_shifted_001,g03,independent_milp,810.0,9,g03_t00_000,g03_t05_003,True,9.319140184999846,0.006905250260687064
g03_shifted_001,g03,independent_milp,900.0,10,g03_t05_003,g03_t02_002,True,9.287230201718398,0.02057619865559121
g03_shifted_002,g03,incumbent,90.0,1,,g03_t04_054,True,24.25242991803392,0.029275256921799886
g03_shifted_002,g03,incumbent,180.0,2,g03_t04_054,g03_t03_056,True,4.358902455456626,0.04477436646043718
g03_shifted_002,g03,incumbent,270.0,3,g03_t03_056,g03_t06_000,True,6.195876522430627,0.042255649370180864
g03_shifted_002,g03,incumbent,360.0,4,g03_t06_000,g03_t08_025,True,9.519918766331674,0.008029774698077991
g03_shifted_002,g03,incumbent,450.0,5,g03_t08_025,g03_t10_000,True,17.142851817503953,0.023101184255986198
g03_shifted_002,g03,incumbent,540.0,6,g03_t10_000,g03_t05_029,True,4.362613652352002,0.05944444967508562
g03_shifted_002,g03,incumbent,630.0,7,g03_t05_029,g03_t02_000,True,4.579498514428431,0.018587796708974622
g03_shifted_002,g03,incumbent,720.0,8,g03_t02_000,g03_t00_000,True,13.43827221712032,0.014091404271694209
g03_shifted_002,g03,incumbent,810.0,9,g03_t00_000,g03_t01_031,True,13.2333665014116,0.0423050424016337
g03_shifted_002,g03,one_step_adp,90.0,1,,g03_t04_030,True,24.02314446255754,0.0333446563075567
g03_shifted_002,g03,one_step_adp,180.0,2,g03_t04_030,g03_t03_000,True,0.14683383141595496,0.029967161682240378
g03_shifted_002,g03,one_step_adp,270.0,3,g03_t03_000,g03_t08_025,True,1.2417026948313274,0.044077100718720806
g03_shifted_002,g03,one_step_adp,360.0,4,g03_t08_025,g03_t06_000,True,9.521872845039878,0.008021002867692167
g03_shifted_002,g03,one_step_adp,450.0,5,g03_t06_000,g03_t10_000,True,9.406931937290988,0.018879492346087167
g03_shifted_002,g03,one_step_adp,540.0,6,g03_t10_000,g03_t13_000,True,19.678409663026617,0.02250889270377403
g03_shifted_002,g03,one_step_adp,630.0,7,g03_t13_000,g03_t02_000,True,17.173292792329388,0.038784239984652816
g03_shifted_002,g03,one_step_adp,720.0,8,g03_t02_000,g03_t05_003,True,9.315146084721704,0.013892650092206464
g03_shifted_002,g03,one_step_adp,810.0,9,g03_t05_003,g03_t00_000,True,9.315555370683919,0.006920788225130254
g03_shifted_002,g03,one_step_adp,900.0,10,g03_t00_000,g03_t01_031,True,13.2333665014116,0.0423050424016337
g03_shifted_002,g03,adaptive_rollout_adp,90.0,1,,g03_t04_030,True,24.02314446255754,0.0333446563075567
g03_shifted_002,g03,adaptive_rollout_adp,180.0,2,g03_t04_030,g03_t03_000,True,0.14683383141595496,0.029967161682240378
g03_shifted_002,g03,adaptive_rollout_adp,270.0,3,g03_t03_000,g03_t08_025,True,1.2417026948313274,0.044077100718720806
g03_shifted_002,g03,adaptive_rollout_adp,360.0,4,g03_t08_025,g03_t06_000,True,9.521872845039878,0.008021002867692167
g03_shifted_002,g03,adaptive_rollout_adp,450.0,5,g03_t06_000,g03_t07_045,True,8.392888807247772,0.033534109598698236
g03_shifted_002,g03,adaptive_rollout_adp,540.0,6,g03_t07_045,g03_t02_000,True,23.032554190634574,0.04590896474579682
g03_shifted_002,g03,adaptive_rollout_adp,630.0,7,g03_t02_000,g03_t05_003,True,9.315146084721704,0.013892650092206464
g03_shifted_002,g03,adaptive_rollout_adp,720.0,8,g03_t05_003,g03_t00_000,True,9.315555370683919,0.006920788225130254
g03_shifted_002,g03,adaptive_rollout_adp,810.0,9,g03_t00_000,g03_t01_031,True,13.2333665014116,0.0423050424016337
g03_shifted_002,g03,independent_milp,90.0,1,,g03_t04_030,True,24.02314446255754,0.0333446563075567
g03_shifted_002,g03,independent_milp,180.0,2,g03_t04_030,g03_t03_000,True,0.14683383141595496,0.029967161682240378
g03_shifted_002,g03,independent_milp,270.0,3,g03_t03_000,g03_t08_025,True,1.2417026948313274,0.044077100718720806
g03_shifted_002,g03,independent_milp,360.0,4,g03_t08_025,g03_t06_000,True,9.521872845039878,0.008021002867692167
g03_shifted_002,g03,independent_milp,450.0,5,g03_t06_000,g03_t07_045,True,8.392888807247772,0.033534109598698236
g03_shifted_002,g03,independent_milp,540.0,6,g03_t07_045,g03_t02_000,True,23.032554190634574,0.04590896474579682
g03_shifted_002,g03,independent_milp,630.0,7,g03_t02_000,g03_t05_003,True,9.315146084721704,0.013892650092206464
g03_shifted_002,g03,independent_milp,720.0,8,g03_t05_003,g03_t00_000,True,9.315555370683919,0.006920788225130254
g03_shifted_002,g03,independent_milp,810.0,9,g03_t00_000,g03_t01_031,True,13.2333665014116,0.0423050424016337
g03_shifted_003,g03,adaptive_rollout_adp,90.0,1,,g03_t04_030,True,24.02314446255754,0.0333446563075567
g03_shifted_003,g03,adaptive_rollout_adp,180.0,2,g03_t04_030,g03_t03_000,True,0.14683383141595496,0.029967161682240378
g03_shifted_003,g03,adaptive_rollout_adp,270.0,3,g03_t03_000,g03_t08_025,True,1.2417026948313274,0.044077100718720806
g03_shifted_003,g03,adaptive_rollout_adp,360.0,4,g03_t08_025,g03_t06_000,True,9.521872845039878,0.008021002867692167
g03_shifted_003,g03,adaptive_rollout_adp,450.0,5,g03_t06_000,g03_t07_045,True,8.392888807247772,0.033534109598698236
g03_shifted_003,g03,adaptive_rollout_adp,540.0,6,g03_t07_045,g03_t02_000,True,23.032554190634574,0.04590896474579682
g03_shifted_003,g03,adaptive_rollout_adp,630.0,7,g03_t02_000,g03_t05_003,True,9.315146084721704,0.013892650092206464
g03_shifted_003,g03,adaptive_rollout_adp,720.0,8,g03_t05_003,g03_t00_000,True,9.315555370683919,0.006920788225130254
g03_shifted_003,g03,adaptive_rollout_adp,810.0,9,g03_t00_000,g03_t01_031,True,13.2333665014116,0.0423050424016337
g03_shifted_003,g03,one_step_adp,90.0,1,,g03_t04_030,True,24.02314446255754,0.0333446563075567
g03_shifted_003,g03,one_step_adp,180.0,2,g03_t04_030,g03_t03_000,True,0.14683383141595496,0.029967161682240378
g03_shifted_003,g03,one_step_adp,270.0,3,g03_t03_000,g03_t08_025,True,1.2417026948313274,0.044077100718720806
g03_shifted_003,g03,one_step_adp,360.0,4,g03_t08_025,g03_t06_000,True,9.521872845039878,0.008021002867692167
g03_shifted_003,g03,one_step_adp,450.0,5,g03_t06_000,g03_t10_000,True,9.406931937290988,0.018879492346087167
g03_shifted_003,g03,one_step_adp,540.0,6,g03_t10_000,g03_t13_000,True,19.678409663026617,0.02250889270377403
g03_shifted_003,g03,one_step_adp,630.0,7,g03_t13_000,g03_t02_000,True,17.173292792329388,0.038784239984652816
g03_shifted_003,g03,one_step_adp,720.0,8,g03_t02_000,g03_t05_003,True,9.315146084721704,0.013892650092206464
g03_shifted_003,g03,one_step_adp,810.0,9,g03_t05_003,g03_t00_000,True,9.315555370683919,0.006920788225130254
g03_shifted_003,g03,one_step_adp,900.0,10,g03_t00_000,g03_t01_031,True,13.2333665014116,0.0423050424016337
g03_shifted_003,g03,independent_milp,90.0,1,,g03_t04_030,True,24.02314446255754,0.0333446563075567
g03_shifted_003,g03,independent_milp,180.0,2,g03_t04_030,g03_t03_000,True,0.14683383141595496,0.029967161682240378
g03_shifted_003,g03,independent_milp,270.0,3,g03_t03_000,g03_t08_025,True,1.2417026948313274,0.044077100718720806
g03_shifted_003,g03,independent_milp,360.0,4,g03_t08_025,g03_t06_000,True,9.521872845039878,0.008021002867692167
g03_shifted_003,g03,independent_milp,450.0,5,g03_t06_000,g03_t07_045,True,8.392888807247772,0.033534109598698236
g03_shifted_003,g03,independent_milp,540.0,6,g03_t07_045,g03_t02_000,True,23.032554190634574,0.04590896474579682
g03_shifted_003,g03,independent_milp,630.0,7,g03_t02_000,g03_t05_003,True,9.315146084721704,0.013892650092206464
g03_shifted_003,g03,independent_milp,720.0,8,g03_t05_003,g03_t00_000,True,9.315555370683919,0.006920788225130254
g03_shifted_003,g03,independent_milp,810.0,9,g03_t00_000,g03_t01_031,True,13.2333665014116,0.0423050424016337
g03_shifted_004,g03,adaptive_rollout_adp,90.0,1,,g03_t04_000,True,19.497494196411367,0.00905077566228345
g03_shifted_004,g03,adaptive_rollout_adp,180.0,2,g03_t04_000,g03_t02_000,True,8.978649612262547,0.056326051772012255
g03_shifted_004,g03,adaptive_rollout_adp,270.0,3,g03_t02_000,g03_t05_003,True,9.315146084721704,0.013892650092206464
g03_shifted_004,g03,adaptive_rollout_adp,360.0,4,g03_t05_003,g03_t00_000,True,9.315555370683919,0.006920788225130254
g03_shifted_004,g03,adaptive_rollout_adp,450.0,5,g03_t00_000,g03_t01_000,True,11.525978630857502,0.04214425776145803
g03_shifted_004,g03,adaptive_rollout_adp,540.0,6,g03_t01_000,g03_t09_000,True,22.022981534985874,0.018468048366905746
g03_shifted_004,g03,adaptive_rollout_adp,630.0,7,g03_t09_000,g03_t03_056,True,13.588084341101219,0.04438732982085593
g03_shifted_004,g03,adaptive_rollout_adp,720.0,8,g03_t03_056,g03_t08_025,True,11.812871223006777,0.04311775412298136
g03_shifted_004,g03,adaptive_rollout_adp,810.0,9,g03_t08_025,g03_t06_000,True,9.521872845039878,0.008021002867692167
g03_shifted_004,g03,adaptive_rollout_adp,900.0,10,g03_t06_000,g03_t10_000,True,9.406931937290988,0.018879492346087167
g03_shifted_004,g03,one_step_adp,90.0,1,,g03_t02_000,True,9.104521567175606,0.05194238086739204
g03_shifted_004,g03,one_step_adp,180.0,2,g03_t02_000,g03_t05_003,True,9.315146084721704,0.013892650092206464
g03_shifted_004,g03,one_step_adp,270.0,3,g03_t05_003,g03_t00_000,True,9.315555370683919,0.006920788225130254
g03_shifted_004,g03,one_step_adp,360.0,4,g03_t00_000,g03_t01_000,True,11.525978630857502,0.04214425776145803
g03_shifted_004,g03,one_step_adp,450.0,5,g03_t01_000,g03_t08_025,True,17.16824209234613,0.05204050893393308
g03_shifted_004,g03,one_step_adp,540.0,6,g03_t08_025,g03_t06_000,True,9.521872845039878,0.008021002867692167
g03_shifted_004,g03,one_step_adp,630.0,7,g03_t06_000,g03_t10_000,True,9.406931937290988,0.018879492346087167
g03_shifted_004,g03,one_step_adp,720.0,8,g03_t10_000,g03_t03_056,True,1.716872950866835,0.05682739971774946
g03_shifted_004,g03,one_step_adp,810.0,9,g03_t03_056,g03_t04_030,True,2.1841678619545535,0.041617832157312365
g03_shifted_004,g03,incumbent,90.0,1,,g03_t04_000,True,19.497494196411367,0.00905077566228345
g03_shifted_004,g03,incumbent,180.0,2,g03_t04_000,g03_t07_045,True,7.259232026860225,0.047692449375914485
g03_shifted_004,g03,incumbent,270.0,3,g03_t07_045,g03_t06_014,True,31.06793820634528,0.03250104478971871
g03_shifted_004,g03,incumbent,360.0,4,g03_t06_014,g03_t08_000,True,22.3450509033889,0.017646306106284475
g03_shifted_004,g03,incumbent,450.0,5,g03_t08_000,g03_t06_021,True,15.404516177004277,0.00755360397809853
g03_shifted_004,g03,incumbent,540.0,6,g03_t06_021,g03_t11_000,True,15.365224250694812,0.01318887362771184
g03_shifted_004,g03,incumbent,630.0,7,g03_t11_000,g03_t08_025,True,19.551758409704664,0.03085852998290096
g03_shifted_004,g03,incumbent,720.0,8,g03_t08_025,g03_t03_056,True,11.7114284976803,0.04312334246039054
g03_shifted_004,g03,incumbent,810.0,9,g03_t03_056,g03_t03_000,True,1.4482235320497299,0.014823921183825773
g03_shifted_004,g03,incumbent,900.0,10,g03_t03_000,g03_t06_000,True,1.1522627090522064,0.040663936599064976
g03_shifted_004,g03,incumbent,990.0,11,g03_t06_000,g03_t01_000,True,7.798873374601136,0.05162242910724507
g03_shifted_004,g03,incumbent,1080.0,12,g03_t01_000,g03_t00_000,True,12.876545626687271,0.04213017369986362
g03_shifted_004,g03,incumbent,1170.0,13,g03_t00_000,g03_t05_003,True,9.319140184999846,0.006905250260687064
g03_shifted_004,g03,incumbent,1260.0,14,g03_t05_003,g03_t02_000,True,9.316955744342945,0.013898700697293296
g03_shifted_004,g03,independent_milp,90.0,1,,g03_t04_030,True,24.02314446255754,0.0333446563075567
g03_shifted_004,g03,independent_milp,180.0,2,g03_t04_030,g03_t03_000,True,0.14683383141595496,0.029967161682240378
g03_shifted_004,g03,independent_milp,270.0,3,g03_t03_000,g03_t08_025,True,1.2417026948313274,0.044077100718720806
g03_shifted_004,g03,independent_milp,360.0,4,g03_t08_025,g03_t06_000,True,9.521872845039878,0.008021002867692167
g03_shifted_004,g03,independent_milp,450.0,5,g03_t06_000,g03_t07_045,True,8.392888807247772,0.033534109598698236
g03_shifted_004,g03,independent_milp,540.0,6,g03_t07_045,g03_t02_000,True,23.032554190634574,0.04590896474579682
g03_shifted_004,g03,independent_milp,630.0,7,g03_t02_000,g03_t05_003,True,9.315146084721704,0.013892650092206464
g03_shifted_004,g03,independent_milp,720.0,8,g03_t05_003,g03_t00_000,True,9.315555370683919,0.006920788225130254
g03_shifted_004,g03,independent_milp,810.0,9,g03_t00_000,g03_t01_000,True,11.525978630857502,0.04214425776145803
g03_shifted_005,g03,adaptive_rollout_adp,90.0,1,,g03_t04_054,True,24.25242991803392,0.029275256921799886
g03_shifted_005,g03,adaptive_rollout_adp,180.0,2,g03_t04_054,g03_t03_056,True,4.358902455456626,0.04477436646043718
g03_shifted_005,g03,adaptive_rollout_adp,270.0,3,g03_t03_056,g03_t08_025,True,11.812871223006777,0.04311775412298136
g03_shifted_005,g03,adaptive_rollout_adp,360.0,4,g03_t08_025,g03_t06_000,True,9.521872845039878,0.008021002867692167
g03_shifted_005,g03,adaptive_rollout_adp,450.0,5,g03_t06_000,g03_t10_000,True,9.406931937290988,0.018879492346087167
g03_shifted_005,g03,adaptive_rollout_adp,540.0,6,g03_t10_000,g03_t05_029,True,4.362613652352002,0.05944444967508562
g03_shifted_005,g03,adaptive_rollout_adp,630.0,7,g03_t05_029,g03_t02_000,True,4.579498514428431,0.018587796708974622
g03_shifted_005,g03,adaptive_rollout_adp,720.0,8,g03_t02_000,g03_t00_035,True,2.3326081604010476,0.024694123292728857
g03_shifted_005,g03,adaptive_rollout_adp,810.0,9,g03_t00_035,g03_t01_031,True,2.2513708501983216,0.0513934256303048
g03_shifted_005,g03,incumbent,90.0,1,,g03_t04_054,True,24.25242991803392,0.029275256921799886
g03_shifted_005,g03,incumbent,180.0,2,g03_t04_054,g03_t03_056,True,4.358902455456626,0.04477436646043718
g03_shifted_005,g03,incumbent,270.0,3,g03_t03_056,g03_t06_000,True,6.195876522430627,0.042255649370180864
g03_shifted_005,g03,incumbent,360.0,4,g03_t06_000,g03_t08_025,True,9.519918766331674,0.008029774698077991
g03_shifted_005,g03,incumbent,450.0,5,g03_t08_025,g03_t10_000,True,17.142851817503953,0.023101184255986198
g03_shifted_005,g03,incumbent,540.0,6,g03_t10_000,g03_t05_029,True,4.362613652352002,0.05944444967508562
g03_shifted_005,g03,incumbent,630.0,7,g03_t05_029,g03_t02_000,True,4.579498514428431,0.018587796708974622
g03_shifted_005,g03,incumbent,720.0,8,g03_t02_000,g03_t00_035,True,2.3326081604010476,0.024694123292728857
g03_shifted_005,g03,incumbent,810.0,9,g03_t00_035,g03_t01_031,True,2.2513708501983216,0.0513934256303048
g03_shifted_005,g03,one_step_adp,90.0,1,,g03_t04_054,True,24.25242991803392,0.029275256921799886
g03_shifted_005,g03,one_step_adp,180.0,2,g03_t04_054,g03_t03_056,True,4.358902455456626,0.04477436646043718
g03_shifted_005,g03,one_step_adp,270.0,3,g03_t03_056,g03_t08_025,True,11.812871223006777,0.04311775412298136
g03_shifted_005,g03,one_step_adp,360.0,4,g03_t08_025,g03_t06_000,True,9.521872845039878,0.008021002867692167
g03_shifted_005,g03,one_step_adp,450.0,5,g03_t06_000,g03_t10_000,True,9.406931937290988,0.018879492346087167
g03_shifted_005,g03,one_step_adp,540.0,6,g03_t10_000,g03_t05_029,True,4.362613652352002,0.05944444967508562
g03_shifted_005,g03,one_step_adp,630.0,7,g03_t05_029,g03_t02_000,True,4.579498514428431,0.018587796708974622
g03_shifted_005,g03,one_step_adp,720.0,8,g03_t02_000,g03_t00_035,True,2.3326081604010476,0.024694123292728857
g03_shifted_005,g03,one_step_adp,810.0,9,g03_t00_035,g03_t01_031,True,2.2513708501983216,0.0513934256303048
g03_shifted_005,g03,independent_milp,90.0,1,,g03_t04_054,True,24.25242991803392,0.029275256921799886
g03_shifted_005,g03,independent_milp,180.0,2,g03_t04_054,g03_t03_056,True,4.358902455456626,0.04477436646043718
g03_shifted_005,g03,independent_milp,270.0,3,g03_t03_056,g03_t08_025,True,11.812871223006777,0.04311775412298136
g03_shifted_005,g03,independent_milp,360.0,4,g03_t08_025,g03_t06_000,True,9.521872845039878,0.008021002867692167
g03_shifted_005,g03,independent_milp,450.0,5,g03_t06_000,g03_t10_000,True,9.406931937290988,0.018879492346087167
g03_shifted_005,g03,independent_milp,540.0,6,g03_t10_000,g03_t05_029,True,4.362613652352002,0.05944444967508562
g03_shifted_005,g03,independent_milp,630.0,7,g03_t05_029,g03_t02_000,True,4.579498514428431,0.018587796708974622
g03_shifted_005,g03,independent_milp,720.0,8,g03_t02_000,g03_t00_035,True,2.3326081604010476,0.024694123292728857
g03_shifted_005,g03,independent_milp,810.0,9,g03_t00_035,g03_t01_031,True,2.2513708501983216,0.0513934256303048
g03_shifted_008,g03,adaptive_rollout_adp,90.0,1,,g03_t13_000,True,5.61202659887462,0.04224868391258569
g03_shifted_008,g03,adaptive_rollout_adp,180.0,2,g03_t13_000,g03_t06_000,True,6.85261890227417,0.025677858307588813
g03_shifted_008,g03,adaptive_rollout_adp,270.0,3,g03_t06_000,g03_t08_025,True,9.519918766331674,0.008029774698077991
g03_shifted_008,g03,adaptive_rollout_adp,360.0,4,g03_t08_025,g03_t07_045,True,13.545520046616014,0.03998449537934791
g03_shifted_008,g03,adaptive_rollout_adp,450.0,5,g03_t07_045,g03_t02_000,True,23.032554190634574,0.04590896474579682
g03_shifted_008,g03,adaptive_rollout_adp,540.0,6,g03_t02_000,g03_t05_029,True,4.585747283351865,0.018571069291514947
g03_shifted_008,g03,adaptive_rollout_adp,630.0,7,g03_t05_029,g03_t00_035,True,1.096161126573995,0.02479435672414263
g03_shifted_008,g03,adaptive_rollout_adp,720.0,8,g03_t00_035,g03_t01_000,True,1.9655135603566818,0.05593756403977178
g03_shifted_008,g03,adaptive_rollout_adp,810.0,9,g03_t01_000,g03_t09_000,True,22.022981534985874,0.018468048366905746
g03_shifted_008,g03,adaptive_rollout_adp,900.0,10,g03_t09_000,g03_t03_035,True,0.576053913114575,0.04315281398029033
g03_shifted_008,g03,adaptive_rollout_adp,990.0,11,g03_t03_035,g03_t04_030,True,1.1513810784520357,0.036686353262986804
g03_shifted_008,g03,independent_milp,90.0,1,,g03_t04_030,True,24.02314446255754,0.0333446563075567
g03_shifted_008,g03,independent_milp,180.0,2,g03_t04_030,g03_t03_035,True,1.510015738056265,0.036668512254105785
g03_shifted_008,g03,independent_milp,270.0,3,g03_t03_035,g03_t09_000,True,0.8780425439007353,0.043142799045703104
g03_shifted_008,g03,independent_milp,360.0,4,g03_t09_000,g03_t01_000,True,21.897636198110174,0.01846907884604376
g03_shifted_008,g03,independent_milp,450.0,5,g03_t01_000,g03_t00_035,True,2.122751199652938,0.05592421681619243
g03_shifted_008,g03,independent_milp,540.0,6,g03_t00_035,g03_t05_029,True,1.1819979129257456,0.024792914338195686
g03_shifted_008,g03,independent_milp,630.0,7,g03_t05_029,g03_t02_000,True,4.579498514428431,0.018587796708974622
g03_shifted_008,g03,independent_milp,720.0,8,g03_t02_000,g03_t06_000,True,4.20144700782123,0.05674419947938136
g03_shifted_008,g03,independent_milp,810.0,9,g03_t06_000,g03_t08_025,True,9.519918766331674,0.008029774698077991
g03_shifted_008,g03,independent_milp,900.0,10,g03_t08_025,g03_t10_000,True,17.142851817503953,0.023101184255986198
g03_shifted_009,g03,adaptive_rollout_adp,90.0,1,,g03_t04_030,True,24.02314446255754,0.0333446563075567
g03_shifted_009,g03,adaptive_rollout_adp,180.0,2,g03_t04_030,g03_t03_035,True,1.510015738056265,0.036668512254105785
g03_shifted_009,g03,adaptive_rollout_adp,270.0,3,g03_t03_035,g03_t09_000,True,0.8780425439007353,0.043142799045703104
g03_shifted_009,g03,adaptive_rollout_adp,360.0,4,g03_t09_000,g03_t01_000,True,21.897636198110174,0.01846907884604376
g03_shifted_009,g03,adaptive_rollout_adp,450.0,5,g03_t01_000,g03_t00_000,True,12.876545626687271,0.04213017369986362
g03_shifted_009,g03,adaptive_rollout_adp,540.0,6,g03_t00_000,g03_t05_003,True,9.319140184999846,0.006905250260687064
g03_shifted_009,g03,adaptive_rollout_adp,630.0,7,g03_t05_003,g03_t02_000,True,9.316955744342945,0.013898700697293296
g03_shifted_009,g03,adaptive_rollout_adp,720.0,8,g03_t02_000,g03_t13_000,True,16.849726803976512,0.03879211052244587
g03_shifted_009,g03,adaptive_rollout_adp,810.0,9,g03_t13_000,g03_t10_000,True,19.56283116166991,0.02251783776050006
g03_shifted_009,g03,adaptive_rollout_adp,900.0,10,g03_t10_000,g03_t06_014,True,25.539056356003467,0.011848718030874793
g03_shifted_009,g03,adaptive_rollout_adp,990.0,11,g03_t06_014,g03_t08_000,True,22.3450509033889,0.017646306106284475
g03_shifted_009,g03,one_step_adp,90.0,1,,g03_t04_054,True,24.25242991803392,0.029275256921799886
g03_shifted_009,g03,one_step_adp,180.0,2,g03_t04_054,g03_t03_056,True,4.358902455456626,0.04477436646043718
g03_shifted_009,g03,one_step_adp,270.0,3,g03_t03_056,g03_t09_000,True,13.655453371183384,0.04438099314569449
g03_shifted_009,g03,one_step_adp,360.0,4,g03_t09_000,g03_t01_000,True,21.897636198110174,0.01846907884604376
g03_shifted_009,g03,one_step_adp,450.0,5,g03_t01_000,g03_t00_000,True,12.876545626687271,0.04213017369986362
g03_shifted_009,g03,one_step_adp,540.0,6,g03_t00_000,g03_t05_003,True,9.319140184999846,0.006905250260687064
g03_shifted_009,g03,one_step_adp,630.0,7,g03_t05_003,g03_t02_000,True,9.316955744342945,0.013898700697293296
g03_shifted_009,g03,one_step_adp,720.0,8,g03_t02_000,g03_t07_045,True,22.775259553100472,0.04591358060411896
g03_shifted_009,g03,one_step_adp,810.0,9,g03_t07_045,g03_t06_014,True,31.06793820634528,0.03250104478971871
g03_shifted_009,g03,one_step_adp,900.0,10,g03_t06_014,g03_t08_000,True,22.3450509033889,0.017646306106284475
g03_shifted_009,g03,incumbent,90.0,1,,g03_t04_000,True,19.497494196411367,0.00905077566228345
g03_shifted_009,g03,incumbent,180.0,2,g03_t04_000,g03_t05_047,True,12.941003806982497,0.04007074910894351
g03_shifted_009,g03,incumbent,270.0,3,g03_t05_047,g03_t03_035,True,1.3654049834574442,0.034804855736845317
g03_shifted_009,g03,incumbent,360.0,4,g03_t03_035,g03_t03_056,True,3.482973528915928,0.02163265300785297
g03_shifted_009,g03,incumbent,450.0,5,g03_t03_056,g03_t08_003,True,9.501032024173945,0.05077392347051636
g03_shifted_009,g03,incumbent,540.0,6,g03_t08_003,g03_t06_014,True,31.79245560280181,0.03566131505718435
g03_shifted_009,g03,incumbent,630.0,7,g03_t06_014,g03_t10_000,True,25.543650201127083,0.011835665309907073
g03_shifted_009,g03,incumbent,720.0,8,g03_t10_000,g03_t07_010,True,25.53430387344178,0.015389984826250947
g03_shifted_009,g03,incumbent,810.0,9,g03_t07_010,g03_t07_000,True,28.268816881726824,0.01734215151244275
g03_shifted_009,g03,incumbent,900.0,10,g03_t07_000,g03_t02_037,True,27.18556826291646,0.05675611619984942
g03_shifted_009,g03,incumbent,990.0,11,g03_t02_037,g03_t00_000,True,13.343298016760734,0.029735909271583545
g03_shifted_009,g03,incumbent,1080.0,12,g03_t00_000,g03_t01_000,True,11.525978630857502,0.04214425776145803
g03_shifted_009,g03,independent_milp,90.0,1,,g03_t04_000,True,19.497494196411367,0.00905077566228345
g03_shifted_009,g03,independent_milp,180.0,2,g03_t04_000,g03_t05_029,True,3.1132026435586857,0.042220820778839444
g03_shifted_009,g03,independent_milp,270.0,3,g03_t05_029,g03_t02_000,True,4.579498514428431,0.018587796708974622
g03_shifted_009,g03,independent_milp,360.0,4,g03_t02_000,g03_t00_000,True,13.43827221712032,0.014091404271694209
g03_shifted_009,g03,independent_milp,450.0,5,g03_t00_000,g03_t01_000,True,11.525978630857502,0.04214425776145803
g03_shifted_009,g03,independent_milp,540.0,6,g03_t01_000,g03_t09_000,True,22.022981534985874,0.018468048366905746
g03_shifted_009,g03,independent_milp,630.0,7,g03_t09_000,g03_t03_056,True,13.588084341101219,0.04438732982085593
g03_shifted_009,g03,independent_milp,720.0,8,g03_t03_056,g03_t10_000,True,3.343242507888688,0.05682833240478697
g03_shifted_009,g03,independent_milp,810.0,9,g03_t10_000,g03_t06_014,True,25.539056356003467,0.011848718030874793
g03_shifted_009,g03,independent_milp,900.0,10,g03_t06_014,g03_t08_000,True,22.3450509033889,0.017646306106284475
