method,time,boresight_x,boresight_y,boresight_z,yaw_rad,pitch_rad,qx,qy,qz,qw
safe_graph_adp,2.0,-0.3823070966942389,0.8884538364333859,-0.2539509093191443,1.9771526821956196,0.25676289990747275,-0.10693551971216497,0.07040056958505382,0.8283702723717332,0.5453542392580897
safe_graph_adp,4.0,-0.38618330529934836,0.8868193266732005,-0.25379900816780493,1.9815017183679293,0.25660585345026776,-0.10702321447578769,0.07012518845477378,0.82956260197399,0.5435571533091949
safe_graph_adp,6.0,-0.3925455215196266,0.8840973344891623,-0.25353484313609237,1.9886554183237177,0.2563327558389094,-0.10715981506233334,0.06966811761775361,0.8315161538703938,0.5405959797075753
safe_graph_adp,8.0,-0.4013222947476474,0.8802608395920304,-0.2531427858328498,1.998556551043899,0.2559274773815307,-0.1073343569079417,0.06902805242136227,0.8342039770660036,0.5364868949502261
safe_graph_adp,10.0,-0.4124498025333861,0.8752585733644611,-0.25260164318978406,2.011165784484862,0.2553681566301258,-0.10753317699840467,0.06820142005998808,0.8375998254348517,0.5312360253013125
safe_graph_adp,12.0,-0.4258670473328618,0.8690174050098874,-0.2518849098018204,2.0264570010941125,0.2546274723454019,-0.10773976930818834,0.06718291184001249,0.8416768857602828,0.5248415174535904
safe_graph_adp,14.0,-0.4415106341425463,0.8614446809908536,-0.25096099603646155,2.0444124594646715,0.25367289494979,-0.10793460143173086,0.06596606707048978,0.8464064006530934,0.5172956647242468
safe_graph_adp,16.0,-0.4593091277932188,0.8524308332663364,-0.24979351397242475,2.065017677124211,0.2524670031591685,-0.10809494052118274,0.06454393905099695,0.8517562114997405,0.5085871802720874
safe_graph_adp,18.0,-0.47917704097540426,0.8418525758186025,-0.24834170811533038,2.0882559429548158,0.2509679563266008,-0.10819474396371703,0.06290986863321912,0.8576892612807119,0.49870369648812873
safe_graph_adp,20.0,-0.5010085885710044,0.8295770048800785,-0.2465611225483213,2.1141024206633374,0.2491302173340665,-0.1082046794910583,0.06105838114224192,0.8641621192680173,0.48763454866399203
safe_graph_adp,22.0,-0.5246714599299371,0.815466892120647,-0.24440459690865293,2.14251788067785,0.24690562057508564,-0.1080923480849906,0.05898620650009498,0.871123617753357,0.475373867940282
safe_graph_adp,24.0,-0.5500010026021542,0.7993873949066205,-0.24182367543528896,2.1734421985304935,0.24424486951633653,-0.1078227874340278,0.05669339902785926,0.8785137220372515,0.4619239604186812
safe_graph_adp,26.0,-0.5767953640510959,0.781214286087695,-0.23877049068437356,2.2067878804771963,0.2410995227051618,-0.10735932896007341,0.05418450262841568,0.8862627836598236,0.4472988849300822
safe_graph_adp,28.0,-0.6048122752123022,0.7608436142783916,-0.23520014108055373,2.242434011859506,0.23742448066364072,-0.10666486211553017,0.051469671070065025,0.8942913454608015,0.43152806349497574
safe_graph_adp,30.0,-0.6337682415574225,0.7382024424807588,-0.2310735162424596,2.280221151129466,0.2331809162865845,-0.10570352104355957,0.0485656172236365,0.9025106656446773,0.41465967353997957
safe_graph_adp,32.0,-0.6633408846487815,0.7132599967258306,-0.2263604378508755,2.319947783395412,0.2283395009426948,-0.1044427490539634,0.04549623813989491,0.9108240964310885,0.39676349358989677
safe_graph_adp,34.0,-0.69317500305778,0.6860382333670968,-0.2210428860976964,2.361368966340004,0.22288367827332053,-0.10285561960188433,0.04229275609551837,0.919129383879514,0.377932824702251
safe_graph_adp,36.0,-0.7228925691752527,0.65662057805232,-0.21511799066893408,2.4041977148853517,0.2168126475165628,-0.1009232102230937,0.03899324021423219,0.9273218490929789,0.3582851113996211
safe_graph_adp,38.0,-0.7521063625340686,0.6251574921699709,-0.2086004060866731,2.448109459928871,0.21014366457153505,-0.09863675749902186,0.03564143523442655,0.9352982782842405,0.3379609575129128
safe_graph_adp,40.0,-0.780436332244986,0.5918676654949008,-0.20152369055178143,2.4927495893848164,0.20291327847697732,-0.09599928985811636,0.03228492002768453,0.942961213444805,0.3171213809005069
safe_graph_adp,42.0,-0.8075272069473626,0.557034054396541,-0.1939403833200884,2.5377436806911757,0.1951772099424248,-0.09302646056891853,0.0289727326885541,0.9502232286332717,0.29594336309560687
safe_graph_adp,44.0,-0.8330654830183559,0.52099464596745,-0.1859206278943924,2.5827096386505994,0.18700874350659002,-0.08974639268809678,0.02575270493592509,0.9570107312343269,0.27461398997555836
safe_graph_adp,46.0,-0.85679385082456,0.48412860919621936,-0.1775493929782806,2.6272706504606123,0.1784957179105247,-0.08619848895333493,0.0226688165692976,0.9632668634223994,0.25332369626602597
safe_graph_adp,48.0,-0.8785214192956342,0.4468392170271464,-0.16892255611774068,2.671067736542046,0.16973641326067246,-0.08243132210168265,0.019758888867601323,0.9689531959586773,0.23225926782100978
safe_graph_adp,50.0,-0.8981287199525525,0.409535408661231,-0.16014228501263444,2.713770746301754,0.1608347966281436,-0.0784998647417694,0.017052879137878316,0.9740500804832292,0.21159728556682292
safe_graph_adp,52.0,-0.9155672663829921,0.3726139925045308,-0.1513122378322667,2.755086903802334,0.1518956612185892,-0.07446240714767197,0.01457193191727602,0.9785557173670257,0.19149860764579527
safe_graph_adp,54.0,-0.9308542223423494,0.3364442523009546,-0.14253309033719802,2.794766384432484,0.1430201659686436,-0.07037752778858333,0.012328214657853914,0.9824841608364608,0.17210430677700247
safe_graph_adp,56.0,-0.9440633204638486,0.3013561998715959,-0.13389879668512245,2.832604811861003,0.13430216905963838,-0.066301429026388,0.010325449300615588,0.9858625894761728,0.15353325462952516
safe_graph_adp,58.0,-0.9553134762778761,0.2676330679420254,-0.1254938364455357,2.8684429221317567,0.12582558714780184,-0.06228585141413138,0.008559970262452341,0.9887282058523688,0.13588132533456776
safe_graph_adp,60.0,-0.9647565515458175,0.23550801257123927,-0.1173915340395873,2.9021638935118843,0.11766284425187819,-0.0583766646048998,0.007022104145212122,0.9911251009969845,0.11922201666092692
safe_graph_adp,62.0,-0.9725655021374764,0.2051645127247608,-0.10965339379376199,2.9336889672475768,0.10987433431195173,-0.05461312830908671,0.00569767314053613,0.9931013480957127,0.1036081808910717
safe_graph_adp,64.0,-0.9789237994716987,0.17673966801192795,-0.10232929482277636,2.9629719973772386,0.10250872814698962,-0.051027740348137826,0.004569459878794656,0.9947064993113625,0.08907451924716527
safe_graph_adp,66.0,-0.9840166394981713,0.15032949974699186,-0.09545834010993956,2.989993497666355,0.09560391191316779,-0.04764654636299794,0.003618520923968963,0.9959895712583584,0.07564051077691754
safe_graph_adp,68.0,-0.9880241216562496,0.12599541259792335,-0.0890701466804423,3.0147546365793763,0.08918834200253963,-0.04448977371785166,0.0028252860930465546,0.9969975318859207,0.06331349940107203
safe_graph_adp,70.0,-0.9911163304186251,0.10377111724852792,-0.08318638592047836,3.0372714987544747,0.08328262719938513,-0.0415726622197036,0.002170422798416815,0.9977742502561333,0.05209173203737625
safe_graph_adp,72.0,-0.9934500924574248,0.08366949586006096,-0.0778224213119674,3.0575698063015637,0.07790118920582752,-0.03890638700490991,0.001635475002657476,0.99835984066379,0.04196721126679466
safe_graph_adp,74.0,-0.9951671021827951,0.06568907254013205,-0.07298893396889396,3.07568018810076,0.07305389651160703,-0.03649899631649305,0.0012033050909730396,0.9987903199111692,0.03292828839297733
safe_graph_adp,76.0,-0.9963930873138688,0.049819907276332454,-0.06869346688088014,3.0916340046746686,0.0687476069587772,-0.034356313385821055,0.0008583760393311184,0.9990974961671707,0.02496197255027797
safe_graph_adp,78.0,-0.9972377027978899,0.036048854132514005,-0.06494185271548804,3.1054596791720868,0.06498758767390053,-0.03248277418498662,0.000586913481498368,0.9993090147354372,0.018055968052204125
safe_graph_adp,80.0,-0.9977948773670742,0.024364212501964723,-0.06173951610746874,3.117179447561485,0.06177880632293456,-0.030882190297669473,0.0003769853611088852,0.9994484962045691,0.012200476994011828
safe_graph_adp,82.0,-0.9981433785341485,0.014759858625458179,-0.05909265996544825,3.126806418200853,0.05912710548115734,-0.029558438662832184,0.00021853299745291623,0.9995357129739804,0.007389819804389908
safe_graph_adp,84.0,-0.9983473996064965,0.007238980224215452,-0.05700935769029289,3.134341817493658,0.05704028364588168,-0.02851608820294903,0.00010338319377603414,0.9995867591735915,0.003623935754586223
safe_graph_adp,86.0,-0.9984570005856942,0.0018175568007180092,-0.05550058079601687,3.139772289976714,0.05552911357120989,-0.027760978277242002,2.526754433716107e-05,0.999614175396887,0.0009098308872494406
safe_graph_adp,88.0,-0.9985082501074121,-0.0014722623378794714,-0.05458119558091756,-3.1401181927920936,0.054608332512562203,-0.027300766341367147,-2.012695850514171e-05,0.9996269927571042,-0.0007369555400851911
safe_graph_adp,90.0,-0.998522915418222,-0.002578726872188841,-0.05427096417434674,-3.1390101178267815,0.05429764059794087,-0.027145462746517066,-3.50520836548251e-05,0.9996306600342261,-0.0012907916820811413
safe_graph_adp,92.0,-0.99857658953782,-0.0038772489770325315,-0.05319550514269149,-3.137709897341119,0.05322062557848028,-0.026607122260699972,-5.16545500029601e-05,0.9996440827118008,-0.001940689592420487
safe_graph_adp,94.0,-0.9987192679596268,-0.007746306592773528,-0.04999818537064697,-3.13383656886256,0.05001903990395101,-0.02500672484882117,-9.697762449522364e-05,0.9996797610110719,-0.0038768198980434145
safe_graph_adp,96.0,-0.9988993380985371,-0.014146728638253578,-0.04472116294484932,-3.127431283766326,0.04473608330020119,-0.022365615791631252,-0.00015836652491286077,0.9997247841127639,-0.007078854497198308
safe_graph_adp,98.0,-0.9990348504304348,-0.023073183235945788,-0.037376407542718385,-3.11850128483578,0.0373851154656962,-0.01869022338641525,-0.00021580100920209945,0.9997586602001215,-0.011543410871511542
safe_graph_adp,100.0,-0.999012095292941,-0.034548492753442676,-0.027950583301125282,-3.1070237730757206,0.027954223910636677,-0.013974569141547972,-0.0002415666620884549,0.9997529641326494,-0.01728189141377785
safe_graph_adp,102.0,-0.9986826488248919,-0.04861767937147505,-0.016410002700493687,-3.092949245896526,0.01641073929307434,-0.00820285079456621,-0.00019954665623609543,0.9996705880406694,-0.024318487337747066
safe_graph_adp,104.0,-0.9978593115913648,-0.06534119029229077,-0.0027061266774498667,-3.0762046385877646,0.0027061299803432023,-0.0013523414976256295,-4.42292230349386e-05,0.9994646836379254,-0.03268815346255361
safe_graph_adp,106.0,-0.9963114494482429,-0.0847866949046734,0.013217869173333775,-3.0566966087409666,-0.013218254090467653,0.006603125590697544,0.00028045808974682854,0.9990773974359451,-0.04243434939187917
safe_graph_adp,108.0,-0.9937604462948891,-0.10701881703950906,0.031418914354999626,-3.0343153285665205,-0.031424085839938935,0.015688800201422392,0.0008423342425399002,0.9984385377280208,-0.053606327992087546
safe_graph_adp,110.0,-0.9898762974914331,-0.13208620444502733,0.051943722045671575,-3.008939186447501,-0.05196710911382498,0.025923504366722576,0.001721947192023277,0.9974643771301231,-0.0662557406994435
safe_graph_adp,112.0,-0.9842767980006862,-0.16000550891232185,0.07481592100098373,-2.980440835587286,-0.07488589344150784,0.03731274372131259,0.0030130317466632176,0.9960568862469837,-0.08043233277510102
safe_graph_adp,114.0,-0.9765312550115307,-0.19074223941251348,0.10002052834045548,-2.948695045948563,-0.10018805294139428,0.04984035930525693,0.004822004343499085,0.9941038053341698,-0.0961785375151726
safe_graph_adp,116.0,-0.9661710496429798,-0.2241891468722421,0.12748619241501696,-2.913588787441955,-0.1278340758897832,0.06345891094167677,0.0072659429569948255,0.9914800708508648,-0.11352286906437131
safe_graph_adp,118.0,-0.9527094506200926,-0.26014385412386803,0.15706647592895487,-2.8750338574451617,-0.15771955413628672,0.07807941814955298,0.010468436381951345,0.9880511814424208,-0.132472182556871
safe_graph_adp,120.0,-0.9356725076987916,-0.29828879504311323,0.18852255326189085,-2.832982114970497,-0.18965750591252478,0.09356167669057643,0.014552744318887196,0.9836790490206574,-0.15300313331906729
safe_graph_adp,122.0,-0.9146412674833044,-0.33817789914241964,0.22151085830756437,-2.7874429493139288,-0.2233635459147112,0.10970703254317299,0.01963197694608506,0.9782306574744224,-0.17505351544290385
safe_graph_adp,124.0,-0.889302784053442,-0.3792353051633764,0.2555800101581454,-2.738501969592164,-0.2584475909395856,0.1262560256253324,0.02579655327208403,0.9715893833641873,-0.1985145434636324
safe_graph_adp,126.0,-0.8595037489751295,-0.42077096305048534,0.2901811540249723,-2.6863390916064893,-0.2944161315607972,0.14289339238280818,0.0331000285561638,0.9636681288686193,-0.22322545537139812
safe_graph_adp,128.0,-0.8252970748007686,-0.46201564920990584,0.32469413023712584,-2.6312433621944504,-0.3306883187217919,0.15926219650600928,0.04154534254579501,0.954422611798954,-0.24897191681733294
safe_graph_adp,130.0,-0.7869700927696363,-0.5021736543084931,0.35846853976967613,-2.573621267064418,-0.3666268918625658,0.17498717585289886,0.051074305008359404,0.9438625226974167,-0.2754894587860096
safe_graph_adp,132.0,-0.7450447673060551,-0.5404862331848325,0.39087456613028343,-2.51399527346679,-0.4015815580829146,0.18970499713537406,0.0615632744729345,0.9320581242010595,-0.3024725283539651
safe_graph_adp,134.0,-0.7002459266908054,-0.5762947983243887,0.4213548950435811,-2.4529902813360724,-0.434938794390393,0.20309674018873392,0.07282717545056232,0.9191404494751038,-0.32958876009249344
safe_graph_adp,136.0,-0.6534414701837749,-0.6090918095448317,0.44946792164677235,-2.391307570536605,-0.46616961505600696,0.21491659603674892,0.0846322669059581,0.9052944904782345,-0.35649701493292946
safe_graph_adp,138.0,-0.6055658037365127,-0.6385501846561049,0.47491443336732303,-2.3296883957286507,-0.49486679788898424,0.2250112070134078,0.0967159143795074,0.8907462791244161,-0.38286688920578255
safe_graph_adp,140.0,-0.5575413954059446,-0.6645277809871926,0.49754439068793643,-2.268871843608806,-0.520765595580821,0.2333263046093863,0.10880982264449111,0.8757460363593128,-0.4083970346052424
safe_graph_adp,142.0,-0.5102121184192041,-0.6870496969189521,0.517345443762448,-2.2095530450976577,-0.5437461054128326,0.23990048491900462,0.12066245203260172,0.8605501913770528,-0.4328298720352194
safe_graph_adp,144.0,-0.46429707798436126,-0.7062754943229619,0.5344185152986747,-2.1523477428336433,-0.5638196289263403,0.24484888150398962,0.13205689911300453,0.845404941071933,-0.45596105780435303
safe_graph_adp,146.0,-0.4203673946406839,-0.7224598616053558,0.5489471758668348,-2.097767589641378,-0.5811041417313816,0.24834118263843466,0.14282203952757005,0.8305332999618542,-0.4776431300515079
safe_graph_adp,148.0,-0.37884328862714517,-0.735914090321285,0.561166832883738,-2.046208034876065,-0.5957948520308414,0.25057859696331236,0.1528365429649661,0.8161266050363085,-0.4977838109363595
safe_graph_adp,150.0,-0.3400059630429529,-0.7469732236043313,0.5713378582882356,-1.9979481330984643,-0.6081350452478,-0.2517733493493093,-0.16202684559530495,-0.8023405030458773,0.5163401969980204
safe_graph_adp,152.0,-0.3040181746144635,-0.7559710692123377,0.5797246691473846,-1.9531597974377628,-0.6183907430047519,-0.2521327483079169,-0.17036096553999167,-0.7892947666920854,0.5333104067271376
safe_graph_adp,154.0,-0.27094826432898833,-0.7632232091788583,0.586581086490038,-1.9119232097720689,-0.6268309033132538,-0.25184840962322713,-0.17784017098239466,-0.7770759330653902,0.5487241988519889
safe_graph_adp,156.0,-0.24079393817772862,-0.7690169149110875,0.592141253348805,-1.874245179470906,-0.6337134433177714,-0.25109018934753835,-0.18449017203853527,-0.7657416963376462,0.5626337598514268
safe_graph_adp,158.0,-0.21350361310209695,-0.77360638016401,0.5966149308908448,-1.8400778809098641,-0.6392764527247381,-0.2500038452448791,-0.19035297174118787,-0.7553261234065369,0.5751054432117001
safe_graph_adp,160.0,-0.1889943554076501,-0.7772116716497505,0.6001859304211048,-1.809336245207052,-0.6437335420812207,-0.24871131208722969,-0.19547998370843053,-0.7458449930603387,0.5862128500263566
safe_graph_adp,162.0,-0.16716625620766537,-0.7800200339313421,0.6030125947700105,-1.7819130788832624,-0.6472721940942551,-0.24731258850581064,-0.19992661325821878,-0.737300805245004,0.5960313376515726
safe_graph_adp,164.0,-0.14791355921474145,-0.78218850452419,0.6052294791156809,-1.7576916025292852,-0.6500541077027644,-0.24588845332302584,-0.20374823300734637,-0.7296872187134396,0.6046338469809968
safe_graph_adp,166.0,-0.13113307510791145,-0.7838471010923759,0.6069496179435503,-1.7365555167275328,-0.6522167271357814,-0.24450346458150563,-0.20699734421526317,-0.7229928333267098,0.6120878354073742
safe_graph_adp,168.0,-0.11673047701011455,-0.7851020930238976,0.6082669638131651,-1.7183969380843394,-0.6538753586827682,-0.24320889649399732,-0.2097216646556954,-0.7172043376047731,0.6184530654472618
safe_graph_adp,170.0,-0.1046250458923914,-0.7860390544325982,0.6092587337730349,-1.7031226543092473,-0.655125459300062,-0.2420454215726652,-0.21196288663721005,-0.712309102591436,0.6237800020436012
safe_graph_adp,172.0,-0.09475337206669555,-0.7867255204216553,0.6099875031500778,-1.6906591725758646,-0.6560448201629674,-0.2410454483655677,-0.2137558772898808,-0.7082973323099426,0.6281085939460586
safe_graph_adp,174.0,-0.08707244913790724,-0.7872131442946305,0.6105029517134931,-1.6809570189176484,-0.6566954644541739,-0.2402350881383992,-0.21512812920349497,-0.7051638905916537,0.6314672421101367
safe_graph_adp,176.0,-0.08156253620911705,-0.7875392912145135,0.6108432020416354,-1.6739947155547918,-0.6571251370381128,-0.23963575645963922,-0.2160993024397276,-0.7029099228134582,0.6338717820832995
safe_graph_adp,178.0,-0.07823012079819,-0.7877280118279517,0.6110357007421767,-1.6697828353579847,-0.6573682900195265,-0.2392654262921359,-0.21668072351979867,-0.701544385234485,0.6353243229895639
safe_graph_adp,180.0,-0.07711129223057506,-0.78779032218389,0.6110975837654192,-1.6683685185674233,-0.6574464666906665,-0.239139543338494,-0.2168747208728065,-0.701085587900386,0.635811790309498
safe_graph_adp,182.0,-0.07697690168154728,-0.7885504523443038,0.610133379446743,-1.6681062421418185,-0.6562289249128408,-0.23868430670380683,-0.21651891949592367,-0.7011476366223389,0.6360356522181358
safe_graph_adp,184.0,-0.07657674842092708,-0.7907994829980977,0.6072661519393449,-1.6673299436070108,-0.6526150738099749,-0.23733338284606303,-0.21546143459189213,-0.7013306954740162,0.6366981162029464
safe_graph_adp,186.0,-0.07591515681273353,-0.7944761058406348,0.6025318300425285,-1.666060823280594,-0.6466696665545757,-0.23511192000778033,-0.21371700624433937,-0.7016285481993473,0.6377811589125917
safe_graph_adp,188.0,-0.07499260513471705,-0.7995214419756008,0.5959375579675814,-1.664319564907951,-0.6384326679413097,-0.2320364097053174,-0.21129059759767552,-0.7020346045133214,0.6392673947603675
safe_graph_adp,190.0,-0.07380616983622867,-0.8058768683417964,0.5874649967153148,-1.6621264641850702,-0.6279227299535213,-0.22811591164318556,-0.20817863105867968,-0.7025416304310006,0.6411396462059448
safe_graph_adp,192.0,-0.07234991594261875,-0.8134814277910951,0.5770731810629024,-1.6595015501383303,-0.6151403871095742,-0.22335318478509184,-0.20437009123110275,-0.703141396720105,0.6433804448963673
safe_graph_adp,194.0,-0.0706152682650102,-0.8222688421631626,0.5647011909811354,-1.6564646993980465,-0.600071145621386,-0.21774578876766618,-0.19984756937052386,-0.7038242558687493,0.6459714679004345
safe_graph_adp,196.0,-0.06859139850979831,-0.8321641418797497,0.5502708978494226,-1.6530357433566465,-0.5826886371262197,-0.2112872195414295,-0.1945883229090429,-0.7045786569591398,0.6488929122771743
safe_graph_adp,198.0,-0.06626566475818975,-0.8430799406970022,0.5336900554333895,-1.6492345681547702,-0.5629580052314299,-0.20396814310454126,-0.18856542378715271,-0.7053906104642068,0.6521228137547332
safe_graph_adp,200.0,-0.06362414142175038,-0.8549124218299075,0.5148560183481081,-1.6450812073928864,-0.5408396884022494,-0.19577779028216413,-0.1817490696735861,-0.706243121300067,0.6556363215391272
safe_graph_adp,202.0,-0.06065227858932284,-0.8675371642994935,0.4936603788649815,-1.6405959274253006,-0.5162937513030018,-0.1867055718403851,-0.17410813071046133,-0.7071156186333111,0.6594049515654955
safe_graph_adp,204.0,-0.05733572807408513,-0.8808050281343628,0.46999480497069224,-1.635799305060371,-0.48928489241443773,-0.17674296422747465,-0.1656119984652623,-0.7079834249482007,0.6633958550963693
safe_graph_adp,206.0,-0.053661367304573056,-0.8945384332004751,0.44375832294869993,-1.6307122974676778,-0.4597882110007956,-0.16588569866733774,-0.15623278977415786,-0.70881732417575,0.667571158248589
safe_graph_adp,208.0,-0.04961853888367863,-0.908528502021917,0.4148661972405802,-1.6253563040817929,-0.4277957430442128,-0.15413625661220903,-0.14594793200941752,-0.70958330771236,0.6718874496191575
safe_graph_adp,210.0,-0.04520050049458104,-0.922533674995822,0.3832603987548707,-1.61975322029474,-0.39332366645308225,-0.1415066295286403,-0.13474311395240884,-0.7102425948151088,0.6762955149578871
safe_graph_adp,212.0,-0.04040604492295048,-0.936280516172159,0.34892140457426774,-1.6139254827464034,-0.3564199276663384,-0.12802123922557423,-0.12261552520780725,-0.7107520351286296,0.6807404350012368
safe_graph_adp,214.0,-0.03524120338454667,-0.9494674635350523,0.31188073565438984,-1.6078961060547354,-0.31717186013137494,-0.11371983869479893,-0.10957722759426056,-0.7110649990577719,0.6851621680996081
safe_graph_adp,216.0,-0.029720890883285216,-0.9617721830156618,0.2722332393782806,-1.6016887108757876,-0.2757131687093494,-0.09866013085181584,-0.09565841061780389,-0.7111328384484282,0.6894967245307696
safe_graph_adp,218.0,-0.02387029895036043,-0.9728629062254447,0.23014772325313546,-1.595327543246958,-0.2322294783066307,-0.08291976925015457,-0.08091019432333592,-0.7109069488545883,0.6936779961857814
safe_graph_adp,220.0,-0.017725803331725118,-0.9824136397908645,0.18587424848297435,-1.5888374852444052,-0.18696154132114384,-0.06659736351672797,-0.0654065791949647,-0.7103413834656371,0.6976402292777835
safe_graph_adp,222.0,-0.011335149984168104,-0.9901224559567473,0.13974632941517798,-1.5822440570756497,-0.1402052256394092,-0.049812128855676444,-0.04924513225976277,-0.7093958640567357,0.701321022661364
safe_graph_adp,224.0,-0.004756728350607344,-0.9957313149972158,0.09217657983085559,-1.575573410828731,-0.09230761149713472,-0.03270191450676253,-0.0325460666658351,-0.7080389238734596,0.7046646156947919
safe_graph_adp,226.0,0.0019421569178099801,-0.9990452126781639,0.043645057582149115,-1.5688523162070094,-0.04365892598672172,-0.015419525680274437,-0.015449530575823893,-0.7062508290586864,0.7076251244032395
safe_graph_adp,228.0,0.008687955881974128,-0.9999481104780904,-0.005319377208774923,-1.5621081386904234,0.005319402295076806,0.0018725028839242743,0.0018888426253629586,-0.7040258903851119,0.7101693260581852
safe_graph_adp,230.0,0.015404258972007999,-0.9984132714684844,-0.05416316239956615,-1.555368810675876,0.05418968003183064,0.01900826315683178,0.019303798996732638,-0.7013738189142006,0.7122786080023495
safe_graph_adp,232.0,0.02201553167339646,-0.9945063410637304,-0.10233500842413971,-1.5486627962573205,0.10251447190142321,0.035825328111317195,0.036627175699364925,-0.6983199010221531,0.7139497963459439
safe_graph_adp,234.0,0.028450757256847193,-0.988380650801339,-0.14931256990968156,-1.5420190504057099,0.14987301271026796,0.05217136640828592,0.053694740650814116,-0.6949039474618188,0.7151947477124786
safe_graph_adp,236.0,0.03464656242610928,-0.9802655027569321,-0.1946256915639678,-1.5354669733960293,0.1958758300489464,0.06790981388540629,0.07035242571787574,-0.6911781644283593,0.7160387827423206
safe_graph_adp,238.0,0.0405495022769106,-0.9704492759443683,-0.23787379150328045,-1.5290363613990219,0.24017621957773042,0.08292406376578636,0.08646134217957627,-0.6872042528754103,0.7165182138557422
safe_graph_adp,240.0,0.04611733737275343,-0.9592598212877552,-0.2787360515911628,-1.522757354205237,0.2824777486030179,0.0971198878544614,0.10190119147887829,-0.6830501288257022,0.7166773305117956
safe_graph_adp,242.0,0.051319302994022487,-0.947044679411136,-0.316974296022984,-1.5166603810754904,0.322537569430353,0.11042607011234133,0.11657194733840752,-0.6787866598547148,0.7165652339714477
safe_graph_adp,244.0,0.0561355083634705,-0.9341532426090904,-0.3524294596422047,-1.5107761057121472,0.36016586359688413,0.12279346060294667,0.1303939238099818,-0.6744847444173229,0.716232867309849
safe_graph_adp,246.0,0.06055568782618136,-0.9209222825304266,-0.38501319225559943,-1.505135371318097,0.3952221166896716,0.13419280369415407,0.14330651345811002,-0.6702129507010365,0.7157304907224458
safe_graph_adp,248.0,0.06457755234137556,-0.9076654987892712,-0.41469637331573156,-1.4997691466538579,0.4276091071728874,0.14461175035149923,0.15526596403307433,-0.6660358130327471,0.7151057389162553
safe_graph_adp,250.0,0.06820496937529825,-0.8946670841902676,-0.4414961954751131,-1.494708473917827,0.4572655009119258,0.15405144459714973,0.16624256861042916,-0.6620127821229419,0.7144022936029675
safe_graph_adp,252.0,0.07144615071566708,-0.8821788416081868,-0.4654631445847799,-1.4899844191609068,0.48415782669983143,0.16252300506067036,0.1762175957272291,-0.6581977541729244,0.7136591260425966
safe_graph_adp,254.0,0.07431196891537308,-0.8704201410146324,-0.4866687881834914,-1.4856280258059482,0.5082724257205642,0.17004413149609882,0.18518020866712526,-0.6546390653331906,0.7129102172093089
safe_graph_adp,256.0,0.07681446734228352,-0.8595799368557573,-0.5051948829530775,-1.4816702716766044,0.529607769355219,0.17663597477706833,0.19312453886065023,-0.6513798268435395,0.7121846432532062
safe_graph_adp,258.0,0.07896558353098677,-0.8498201184809084,-0.5211239802990315,-1.4781420297517274,0.5481673585639252,0.18232033038647194,0.20004700209150342,-0.6484584837818906,0.7115069141570314
safe_graph_adp,260.0,0.08077607301790601,-0.8412795825615678,-0.5345314677293006,-1.475074032653046,0.5639532712954615,0.18711715528518466,0.20594388514151435,-0.6459094980443204,0.7108974656776693
safe_graph_adp,262.0,0.08225460011641327,-0.8340785514152512,-0.5454788271131382,-1.4724968406484622,0.5769603163818076,0.1910423663446139,0.2108091863618731,-0.6437640770400587,0.7103732218486681
safe_graph_adp,264.0,0.08340695058529234,-0.8283227848686997,-0.5540078019860589,-1.470440812713816,0.5871706798398894,0.19410585234909003,0.2146326647657833,-0.6420508888887957,0.7099481624572878
safe_graph_adp,266.0,0.08423531594105987,-0.8241074286415554,-0.5601351244174155,-1.4689360799452578,0.5945489057014993,0.1963096169699049,0.21739803551799633,-0.6407967198592592,0.7096338437924584
safe_graph_adp,268.0,0.08473759771462401,-0.8215203007610749,-0.5638474394470437,-1.4680125203552303,0.5990370314117016,0.19764596337578877,0.2190812420104782,-0.6400270389146339,0.7094398297379196
safe_graph_adp,270.0,0.08490668042962281,-0.8206444351036414,-0.5650960686041332,-1.4676997338201707,0.6005496921862521,0.1980956295371429,0.21964873370819676,-0.6397664367295101,0.7093739928789993
safe_graph_adp,272.0,0.08494577758002829,-0.8200909098943864,-0.5658932005068815,-1.4675834723619008,0.6015162033348822,0.1983919884881919,0.2200030500259033,-0.639629399878778,0.7093049468978172
safe_graph_adp,274.0,0.08506876649871807,-0.8184465201256012,-0.5682504717645914,-1.4672289078644267,0.6043781237153779,0.19926788359876296,0.22105314170906878,-0.6392191527881431,0.7091027385474046
safe_graph_adp,276.0,0.08528332969536588,-0.8157367759850271,-0.572101622075681,-1.4666271477006836,0.6090659548694799,0.2006985910969642,0.22277500620708088,-0.6385371028857699,0.7087748164116559
safe_graph_adp,278.0,0.08559614416744236,-0.811973857706183,-0.5773835419419275,-1.4657668737895,0.6155204598902699,0.20266143692572872,0.22514843042357263,-0.6375814553404768,0.7083264883278897
safe_graph_adp,280.0,0.08601295691706323,-0.8071585176354134,-0.5840350149186139,-1.4646343038067158,0.6236907458200089,0.20513518140924578,0.22815636021643856,-0.6363475440624056,0.7077612844785504
safe_graph_adp,282.0,0.08653861617964205,-0.801281826851501,-0.5919953562885726,-1.4632130957339082,0.6335324043897432,0.2080993884796788,0.231784291042375,-0.6348281140089517,0.7070812913691076
safe_graph_adp,284.0,0.08717706490408131,-0.7943268429833623,-0.601202982253743,-1.4614841986805547,0.6450056860852785,0.21153377743027355,0.23601967454824246,-0.6330135707661417,0.7062874722505845
safe_graph_adp,286.0,0.0879313023615521,-0.7862702693577474,-0.6115939417531022,-1.4594256506340657,0.6580736853371218,0.21541755505514737,0.24085133683055646,-0.630892211369072,0.7053799884848156
safe_graph_adp,288.0,0.0888033195876509,-0.777084168356986,-0.6231004459307866,-1.457012321922681,0.6727005196757484,0.21972872708982813,0.2462689059425639,-0.628450448461951,0.7043585353250923
safe_graph_adp,290.0,0.08979401464558094,-0.7667377831528686,-0.6356494370481686,-1.4542156015907428,0.6888494928067349,0.22444338990308954,0.2522622489111926,-0.6256730379770867,0.7032227044483136
safe_graph_adp,292.0,0.09090309438058859,-0.7551995108923947,-0.649161248211815,-1.4510030225112693,0.7064812406706081,0.2295350062663046,0.25882092193608364,-0.6225433183143655,0.7019723841353176
safe_graph_adp,294.0,0.09212897033234543,-0.7424390559842823,-0.66354841645103,-1.4473378198709903,0.7255518705548142,0.23497367258027466,0.26593364145036075,-0.6190434663081247,0.7006082060326662
safe_graph_adp,296.0,0.09346865765398642,-0.7284297735429164,-0.6787147228788967,-1.4431784166797903,0.74601111596517,0.24072538894784637,0.2735877881190081,-0.6151547718787164,0.6991320447117992
safe_graph_adp,298.0,0.09491768707326659,-0.7131511898148168,-0.6945545429599987,-1.4384778292580778,0.7678005437259561,0.2467513476226494,0.2817689603049308,-0.6108579290408246,0.697547572559062
safe_graph_adp,300.0,0.09647004088594707,-0.6965916586886732,-0.7109525949434509,-1.4331829853949936,0.7908518637926862,0.25300725920290557,0.2904605975592981,-0.6061333358449459,0.6958608677268806
safe_graph_adp,302.0,0.09811812440955298,-0.6787510822196507,-0.7277841727105672,-1.427233948305481,0.815085405255123,0.2594427389301802,0.2996436976375355,-0.6009613899921764,0.6940810668943382
safe_graph_adp,304.0,0.0998527839400671,-0.6596435906573507,-0.7449159381058349,-1.4205630410539283,0.8404088323173601,0.26600077699373675,0.3092966515993738,-0.5953227606428146,0.6922210475048862
safe_graph_adp,306.0,0.1016633807603915,-0.6393000471513864,-0.7622073252892568,-1.4130938693842365,0.8667161797331842,0.2726173162720791,0.319395219819243,-0.5891986109763173,0.6902981162141506
safe_graph_adp,308.0,0.10353792794836857,-0.6177702185886909,-0.7795125749473446,-1.4047402468452805,0.8938872862852344,0.2792209581051354,0.3299126663149516,-0.5825707413102508,0.6883346718922667
safe_graph_adp,310.0,0.10546329258239946,-0.5951244419584967,-0.7966833702929081,-1.3954050361246586,0.9217876957961859,0.2857328115334707,0.3408200589414515,-0.5754216203202186,0.6863588031812354
safe_graph_adp,312.0,0.10742546062576153,-0.5714546200764266,-0.813571992882406,-1.3849789366383864,0.9502690770015265,0.29206649466233225,0.3520867282271872,-0.5677342736645324,0.6844047727832842
safe_graph_adp,314.0,0.10940985572681834,-0.5468744049225666,-0.8300348599368735,-1.3733392735820706,0.9791701867819151,0.2981282899832723,0.3636808579102116,-0.559492006847536,0.6825133336243763
safe_graph_adp,316.0,0.11140169708393083,-0.521518472250897,-0.845936253501356,-1.3603488819011185,1.008318367704024,0.3038174512432487,0.37557015601525534,-0.5506779543151435,0.680731815667537
safe_graph_adp,318.0,0.11338637623345664,-0.4955408550921857,-0.86115201365331,-1.345855235496828,1.037531534172051,0.3090266615478887,0.3877225275571275,-0.5412744715095884,0.6791139157529427
safe_graph_adp,320.0,0.1153498289845801,-0.4691123801824516,-0.8755729505374084,-1.329690054575116,1.0666205667867446,0.31364265564186433,0.400106640073847,-0.5312624229855966,0.677719115160705
safe_graph_adp,322.0,0.11727887743868035,-0.4424173309614756,-0.8891077382250405,-1.3116697408921365,1.0953920075950103,0.3175470493554512,0.41269224307099495,-0.5206204700064054,0.6766116390995554
safe_graph_adp,324.0,0.11916151845064593,-0.4156495326979755,-0.9016850883143689,-1.2915971505906803,1.1236509355531865,0.32061747195347756,0.42545007472047636,-0.5093245278749279,0.6758588579751574
safe_graph_adp,326.0,0.12098713892685102,-0.3890081090348412,-0.9132550592903561,-1.2692654235820304,1.1512039063506583,0.3227291777248681,0.43835116794281287,-0.4973476491346332,0.6755290129287239
safe_graph_adp,328.0,0.12274664446661024,-0.3626931869471517,-0.9237894313177143,-1.2444648444095803,1.1778618662063776,0.3237574239590821,0.45136536052402015,-0.4846606948017511,0.675688132694873
safe_graph_adp,330.0,0.12443249514388517,-0.3369018251898447,-0.9332811550310113,-1.2169939892355794,1.2034429946714056,0.32358103908969654,0.4644588328387338,-0.47123427828007025,0.6763960073164055
safe_graph_adp,332.0,0.1260386496280338,-0.3118244111611823,-0.9417429561212143,-1.1866766548133796,1.2277754919878816,0.32208774915303445,0.47759056281563045,-0.45704259046114337,0.6777011189746914
safe_graph_adp,334.0,0.12756042533950193,-0.2876417185630015,-0.9492052357785057,-1.1533861410238222,1.250700391817673,0.3191819401891986,0.4907077307662301,-0.4420698025159672,0.6796345354135631
safe_graph_adp,336.0,0.1289942871502538,-0.2645227521240268,-0.9557134442348965,-1.117078152403755,1.272074532557714,0.5897329933933703,-0.5322479308758072,-0.3901474035583155,-0.4655235118427662
safe_graph_adp,338.0,0.1303375798451131,-0.24262343579610737,-0.9613251186162832,-1.0778325904521109,1.2917738335093298,0.5853975814776213,-0.5268031306639053,-0.396622832928403,-0.4716762253100196
safe_graph_adp,340.0,0.13158822011050192,-0.22208613614189815,-0.9661067686657165,-1.035902503488061,1.3096969611218323,0.581300813936103,-0.5216478948750056,-0.4026032336149626,-0.4773714211936815
safe_graph_adp,342.0,0.1327443624777521,-0.20303995968317246,-0.9701307690214918,-0.9917653036405198,1.3257692996834634,0.577475077610171,-0.5168222944320388,-0.4080717274439962,-0.48259166588121183
safe_graph_adp,344.0,0.13380405088872246,-0.18560172535215158,-0.9734723804567198,-0.9461674419910252,1.339946842780471,0.5739505610997417,-0.5123643441364233,-0.41301422906879565,-0.4873220484009038
safe_graph_adp,346.0,0.1347648639196856,-0.1698774915224639,-0.9762069807816086,-0.9001503302670654,1.3522192293202244,0.5707552884946289,-0.5083101094654169,-0.41741873539098967,-0.4915494203182991
safe_graph_adp,348.0,0.13562355771556234,-0.15596450966134603,-0.9784075440830725,-0.8550445407673232,1.3626107741412081,0.5679152500763893,-0.5046939195309832,-0.4212745764114806,-0.4952615951075285
safe_graph_adp,350.0,0.13637570677471483,-0.1439534801593335,-0.9801423683076419,-0.8124232782328226,1.3711781769751827,0.5654546090350658,-0.5015486631341385,-0.4245716489840095,-0.4984465252244803
safe_graph_adp,352.0,0.1370153391861612,-0.13393099633743588,-0.9814730179927327,-0.7740150619293765,1.3780038242578132,-0.5633959619060828,0.49890614377756426,0.42729964908471413,0.5010914683977373
safe_graph_adp,354.0,0.1375345599450739,-0.1259820758798528,-0.9824524219409905,-0.7415865399715831,1.3831842848193578,-0.5617606300956176,0.4967974693503262,0.4294473128039978,0.5031821483788069
safe_graph_adp,356.0,0.13792315367146193,-0.12019269114633055,-0.9831230445251099,-0.7168140215585752,1.3868145764660447,-0.5605689599087107,0.4952534522619734,0.43100167190727506,0.5047019100643441
safe_graph_adp,358.0,0.1381681565212966,-0.11665221754693911,-0.9835150332683726,-0.7011622586518863,1.3889697101936178,-0.5598406083140091,0.4943049953791195,0.43194732697702903,0.5056308649036851
safe_graph_adp,360.0,0.13825338644173452,-0.1154557193226102,-0.9836442334569401,-0.6957813415409424,1.389685602570623,-0.5595947907062837,0.4939834375409182,0.43226574027372405,0.505945020170431
safe_graph_adp,362.0,0.1377440662430604,-0.1166872079683595,-0.9835703674427042,-0.7028258458400188,1.3892759724806065,-0.5597552068080154,0.49442275274015635,0.4320579920002823,0.505515718423123
safe_graph_adp,364.0,0.13622918702790798,-0.12032054126565658,-0.9833435696394494,-0.7234674728568348,1.3880239202642,-0.5602257280771464,0.49571995409264563,0.43144771827004885,0.5042437179721581
safe_graph_adp,366.0,0.1337382189299781,-0.12623338490121494,-0.9829441598248697,-0.7565382793633808,1.3858393289831195,-0.5609855531896452,0.4978309767606903,0.4304593001812227,0.5021596544700669
safe_graph_adp,368.0,0.1303002313966521,-0.1342999770297862,-0.982336686614003,-0.8005131969518984,1.382564775326243,0.5620129274904824,-0.5007079138261108,-0.4291170811486975,-0.4992910824678365
safe_graph_adp,370.0,0.12594482788806555,-0.14439034129153708,-0.9814730407249906,-0.8535245863430798,1.3780039429019513,0.5632851949366093,-0.5042993128001874,-0.4274456563883017,-0.49566339698353634
safe_graph_adp,372.0,0.12070317212622057,-0.15636931168350596,-0.980295558799638,-0.9134190965781251,1.3719521957415213,0.5647788170448383,-0.5085504164971815,-0.42547019615647935,-0.4913007977609474
safe_graph_adp,374.0,0.11460903509901635,-0.1700955583133362,-0.9787401443262388,-0.9778769740379084,1.364226164730617,0.566469388020836,-0.5134033989127772,-0.4232167676679405,-0.48622726166352265
safe_graph_adp,376.0,0.10769979412259945,-0.18542078268322595,-0.9767394164745732,-1.044584261662316,1.354688377483816,0.5683316709922218,-0.5187976399247701,-0.4207126237079046,-0.48046748985596166
safe_graph_adp,378.0,0.10001731702715468,-0.20218922863649,-0.9742258732542832,-1.111420326691783,1.3432634206773126,0.5703396753705752,-0.5246700742259232,-0.41798642884451037,-0.4740477963367874
safe_graph_adp,380.0,0.091608667729032,-0.2202376280720068,-0.9711350262338025,-1.1766128147230703,1.329944018842476,0.5724667897714739,-0.5309556398859898,-0.4150683975066557,-0.46699690413669676
safe_graph_adp,382.0,0.08252657574017801,-0.23939566721083536,-0.9674084343323041,-1.2388251700904276,1.3147879065153965,0.574685978659072,-0.5375878404477229,-0.4119903226201614,-0.4593466161873337
safe_graph_adp,384.0,0.07282962278658166,-0.25948701901432153,-0.9629965384194407,-1.2971685803128787,1.2979082546497132,0.5769700441352399,-0.5444994218877829,-0.4087854794028028,-0.45113233043517315
safe_graph_adp,386.0,0.062582115208563,-0.28033094137268816,-0.9578611810513696,-1.3511541881563116,1.2794609979616198,0.5792919474270662,-0.5516231528403802,-0.4054883964383656,-0.4423933738771848
safe_graph_adp,388.0,0.051853630834999775,-0.3017443917472246,-0.9519776903994782,-1.4006123632291798,1.259631849417787,0.581625178165622,-0.5588926842057351,-0.4021344950682652,-0.4331731380652643
safe_graph_adp,390.0,0.04071825221086696,-0.3235445614216183,-0.9453364166852904,-1.4456039822427125,1.2386247118872664,0.3839778557935731,0.43533051246298227,-0.5386355157370185,0.610671869636717
safe_graph_adp,392.0,0.029253522190415764,-0.34555169164223504,-0.9379436336169912,-1.4863402631579579,1.2166521855124375,0.3866878842774347,0.4208070907183608,-0.5552428579513126,0.604234425739091
safe_graph_adp,394.0,0.017539180216898386,-0.3675920048731001,-0.9298217544834568,-1.5231187705785258,1.1939281983335124,0.3879012400930459,0.40685074606626437,-0.5707038464185034,0.5985835096648808
safe_graph_adp,396.0,0.0056557552648443,-0.38950057118920256,-0.9210088585218217,-1.5562768158211828,1.1706624675909552,0.3878128166825156,0.3934849470581313,-0.5850997511589263,0.5936573901243003
safe_graph_adp,398.0,-0.006316897915400818,-0.41112393445693807,-0.9115575721353937,-1.586160065938327,1.1470564199827429,0.38661148968209397,0.38071685745066725,-0.5985090838162682,0.5893836671371983
safe_graph_adp,400.0,-0.01830103030879238,-0.4323223448097079,-0.9015333950929787,-1.6131029771666243,1.1233002414915907,0.3844747945379438,0.3685435757972329,-0.6110042126638615,0.5856864495705956
safe_graph_adp,402.0,-0.030222315143064345,-0.45297147989806813,-0.891012598152432,-1.637417715213137,1.099570807987523,0.3815662535287879,0.3569564466565144,-0.6226501849047241,0.582491233064046
safe_graph_adp,404.0,-0.042010980172046866,-0.4729635824180468,-0.880079841407171,-1.6593887992064014,1.0760303231248491,0.37803436374565497,0.3459438616564753,-0.6335048024034458,0.5797279790913963
safe_graph_adp,406.0,-0.05360270528627639,-0.49220798948253397,-0.8688256701292579,-1.6792713952353677,1.0528255442779988,0.3740125770887111,0.33549296726264877,-0.643619314160507,0.5773328671886981
safe_graph_adp,408.0,-0.06493925633738444,-0.510631074635413,-0.8573440374803049,-1.697291800497544,1.0300875095672288,0.3696198457418058,0.3255906311093025,-0.6530393319720783,0.5752491125287476
safe_graph_adp,410.0,-0.07596884725291791,-0.528175660966013,-0.8457299837478733,-1.7136491404801606,1.0079316947359227,0.3649614733770681,0.31622393697571466,-0.6618057459028579,0.5734271525869532
safe_graph_adp,412.0,-0.08664624126510445,-0.5447999908373716,-0.8340775736454188,-1.7285176507153615,0.9864585343163346,0.3601301194011654,0.3073804022042689,-0.6699555276085825,0.571824428008764
safe_graph_adp,414.0,-0.09693261678689331,-0.560476353078414,-0.8224781610734514,-1.7420491552843649,0.965754242711621,0.3552068685489228,0.29904804887286457,-0.6775223781239846,0.5704049194582929
safe_graph_adp,416.0,-0.10679523336074388,-0.5751894726948783,-0.8110190186625788,-1.754375513931539,0.9458918713506071,0.35026231575140543,0.29121541268441076,-0.6845372160046672,0.5691385538549386
safe_graph_adp,418.0,-0.11620693815245757,-0.5889347630572717,-0.7997823406326914,-1.765610912281703,0.9269325400716666,0.3453576371412756,0.2838715396613211,-0.6910285218762969,0.568000557563077
safe_graph_adp,420.0,-0.12514555421389964,-0.6017165286368934,-0.7888446041050559,-1.7758539335877732,0.9089267851701682,0.34054562943962374,0.2770059977188546,-0.69702256371995,0.5669708080339063
safe_graph_adp,422.0,-0.13359318909705098,-0.6135461903460263,-0.7782762569542756,-1.785189388849671,0.8919159730203825,0.3358717062317754,0.2706089154065065,-0.702543528509828,0.5660332166970685
safe_graph_adp,424.0,-0.14153549740336116,-0.6244405878080377,-0.7681416895812487,-1.7936899041038232,0.875933736290769,0.3313748433585475,0.2646710512734255,-0.7076135833345063,0.5651751626596995
safe_graph_adp,426.0,-0.1489609244919492,-0.6344203953548163,-0.7584994429347608,-1.801417275234679,0.8610073987651189,0.3270884681987509,0.2591838926085268,-0.7122528849069453,0.5643869875585547
safe_graph_adp,428.0,-0.15585995168806524,-0.6435086725509357,-0.749402604620191,-1.8084236057462766,0.8471593639409402,0.32304128965207013,0.2541397803436535,-0.7164795516209184,0.5636615556660707
safe_graph_adp,430.0,-0.16222435655976844,-0.651729556335355,-0.7408993477778816,-1.8147522440626946,0.8344084513204871,0.31925806740129103,0.24953205668212694,-0.7203096077159266,0.5629938792911595
safe_graph_adp,432.0,-0.1680464955784483,-0.6591070907326192,-0.7330335724029189,-1.8204385356566202,0.8227711722426397,0.31576032059101683,0.24535523282570634,-0.7237569049855536,0.5623808070614024
safe_graph_adp,434.0,-0.17331861096531676,-0.6656641814386504,-0.7258456148814739,-1.8255104025593174,0.8122629440103203,0.31256697737328853,0.2416051755599432,-0.7268330238956588,0.5618207713969534
safe_graph_adp,436.0,-0.17803215881336648,-0.6714216561163746,-0.7193729979129028,-1.829988759087026,0.8028992468850868,0.3096949677803809,0.23827931314159334,-0.7295471529212172,0.5613135910743883
safe_graph_adp,438.0,-0.18217715161245826,-0.676397406494941,-0.7136511990582578,-1.8338877681452275,0.7946967332961278,0.3071597630317781,0.23537686276603018,-0.7319059422361937,0.5608603250079585
safe_graph_adp,440.0,-0.18574150497232447,-0.6806055848485044,-0.7087144214728814,-1.837214937250431,0.7876743024625759,0.3049758646079098,0.23289908382894883,-0.7339133254259651,0.5604631740984378
safe_graph_adp,442.0,-0.18871037547444042,-0.6840558246274469,-0.7045963546468003,-1.839971047273342,0.7818541567039721,0.3031572461614408,0.23084956325873474,-0.7355703004339365,0.5601254291340391
safe_graph_adp,444.0,-0.1910654740171772,-0.6867524524420193,-0.7013309159758061,-1.8421498995226353,0.7772628581586875,0.3017177504950708,0.2292345414639577,-0.736874658275339,0.5598514642542302
safe_graph_adp,446.0,-0.1927843365862999,-0.688693655808006,-0.6989529655254237,-1.8437378576244674,0.7739324065543587,0.3006714422677597,0.22806329004475787,-0.7378206448908236,0.5596467774511663
safe_graph_adp,448.0,-0.19383953194779804,-0.689870567646829,-0.697498986199192,-1.844713148921336,0.7719013601209941,0.30003291456563685,0.2273485555395825,-0.738398537558116,0.5595180821057979
safe_graph_adp,450.0,-0.19419778323054976,-0.6902662241159793,-0.6970077193496563,-1.8450448746616483,0.7712160226415083,0.2998175436163182,0.22710708736526497,-0.7385941121372014,0.5594734568543913
safe_graph_adp,452.0,-0.1951285245270885,-0.6897065989980109,-0.6973017038660373,-1.8465063020582553,0.7716260882444931,0.3001349273121359,0.22700254092100666,-0.7389412078636236,0.5588870754846588
safe_graph_adp,454.0,-0.1978791339016576,-0.6880402740288344,-0.6981722063220909,-1.8508368357866376,0.7728412731771662,0.3010753982460859,0.2266906979074866,-0.7399668198190008,0.5571481289748104
safe_graph_adp,456.0,-0.20237716574476128,-0.6852835329250441,-0.6995927117165298,-1.8579530024720667,0.7748273382294079,0.3026167012086155,0.22616855072778122,-0.7416443686390909,0.5542874247872082
safe_graph_adp,458.0,-0.20856414008208154,-0.6814344888989751,-0.7015326341737884,-1.8678092101787493,0.7775458774393448,0.3047391185611061,0.22542272498899804,-0.7439534025055435,0.5503199065794
safe_graph_adp,460.0,-0.21639299986204258,-0.6764750493430266,-0.7039570847907249,-1.8803933122083532,0.7809536820956159,0.30742450197796656,0.22443021335691057,-0.7468785572391223,0.5452464357082749
safe_graph_adp,462.0,-0.22582558670262795,-0.670372539049631,-0.7068263317665555,-1.895722731683206,0.7850016266344452,0.310655088646789,0.22315881382508024,-0.750408513520134,0.539055305647335
safe_graph_adp,464.0,-0.23683007582385426,-0.6630811252333468,-0.7100950193773692,-1.913840848994341,0.7896331505784716,0.3144120874165315,0.22156739110316157,-0.7545349091405021,0.5317236137077723
safe_graph_adp,466.0,-0.2493783075375694,-0.6545431825354152,-0.71371120344724,-1.9348133380387513,0.7947823962548207,0.3186740076571,0.21960608465324769,-0.7592511582816687,0.5232186188152882
safe_graph_adp,468.0,-0.26344295592078026,-0.6446907363058534,-0.7176152614717293,-1.9587241107700526,0.8003720650703913,0.3234147008617301,0.21721660220568345,-0.7645511269278256,0.5134992242507553
safe_graph_adp,470.0,-0.2789944856741688,-0.6334471259953539,-0.7217387446518528,-1.9856704964042124,0.806311075902681,0.32860109409829424,0.2143327623223646,-0.7704276149206681,0.5025177391100931
safe_graph_adp,472.0,-0.2959978671724579,-0.6207290348190916,-0.7260032561648158,-2.0157572500658865,0.8124921489212249,-0.33419061909970615,-0.2108814810042076,0.7768706034827814,-0.4902220889755237
safe_graph_adp,474.0,-0.3144090494615805,-0.6064490332631596,-0.7303194641188504,-2.049088970959805,0.8187894980081669,-0.34012838645157034,-0.20678442970818542,0.7838652463026096,-0.47655865955731097
safe_graph_adp,476.0,-0.3341712336389992,-0.5905187774884488,-0.7345863870517457,-2.0857605364591083,0.8250568942564787,-0.3463442269033733,-0.20196061497937612,0.7913896175820427,-0.4614759578474322
safe_graph_adp,478.0,-0.35521104614546667,-0.5728529829327649,-0.7386911212687456,-2.1258452600184534,0.83112645696734,-0.3527498255347556,-0.19633012636171074,0.7994122869680751,-0.4449292500077582
safe_graph_adp,480.0,-0.3774347826345963,-0.5533742511775764,-0.742509207344415,-2.169380699684124,0.8368086249681094,-0.3592363078979572,-0.1898192454906607,0.8078898720485699,-0.42688626561479576
safe_graph_adp,482.0,-0.4007249746142235,-0.5320187573059169,-0.7459058496855334,-2.216352421550832,0.841893837074496,-0.3656727871812641,-0.18236697680879896,0.8167648211552275,-0.4073339237136702
safe_graph_adp,484.0,-0.42493761446351497,-0.5087427004707907,-0.7487381975909501,-2.2666765804105933,0.8461564706751997,-0.37190651605974545,-0.17393282388208195,0.8259637885574417,-0.3862858217441391
safe_graph_adp,486.0,-0.44990044519953265,-0.48352928212460844,-0.7508588567349547,-2.3201828894663215,0.8493615059753783,-0.37776535109841175,-0.1645052881312404,0.8353970509743399,-0.36378993514077235
safe_graph_adp,488.0,-0.47541275901133856,-0.45639581271685864,-0.752120715512972,-2.3766002980642797,0.8512741544170916,-0.3830631571031962,-0.15411014271314183,0.8449594330017296,-0.33993563826769135
safe_graph_adp,490.0,-0.5012471289370788,-0.42740037865285,-0.7523830354677968,-2.435548259768127,0.8516722871531374,-0.3876084809406095,-0.14281712772113975,0.8545331079004623,-0.3148588589104231
safe_graph_adp,492.0,-0.5271533986103928,-0.39664735959326863,-0.751518573596954,-2.4965365495453,0.8503609446727862,-0.3912162781543502,-0.13074348009537695,0.8639923852197693,-0.2887440465219355
safe_graph_adp,494.0,-0.5528650631151945,-0.3642910140000515,-0.7494212961381913,-2.558975892291454,0.8471875944266918,-0.39372174140052835,-0.11805283246675176,0.8732102039624676,-0.26182180732501703
safe_graph_adp,496.0,-0.5781078963397526,-0.3305363912346259,-0.7460140442774628,-2.622200091644536,0.8420562936595645,-0.3949945367520176,-0.1049486088725315,0.8820656084813627,-0.23436161751912934
safe_graph_adp,498.0,-0.6026103497489601,-0.2956370113569893,-0.7412553702276587,-2.6854981333170094,0.834938704595876,-0.3949512693355096,-0.09166207021531136,0.8904511439480122,-0.20665991380959614
safe_graph_adp,500.0,-0.6261149232207276,-0.25988908018507995,-0.735144726513668,-2.7481524795110923,0.8258801454931436,-0.39356402207014696,-0.07843636624932351,0.8982790201601982,-0.179024855597219
safe_graph_adp,502.0,-0.6483894649350357,-0.2236224388875743,-0.727725296102335,-2.8094782380989454,0.8149995589574507,-0.3908634314982495,-0.06550893610875819,0.9054851250889859,-0.151759828182215
safe_graph_adp,504.0,-0.6692372635405047,-0.1871889080416276,-0.7190839991231902,-2.868857664494063,0.8024832857791913,-0.3869358340787693,-0.05309499884653346,0.9120304561075464,-0.12514802649468687
safe_graph_adp,506.0,-0.6885048919684802,-0.15094907793358864,-0.7093485670715567,-2.9257656246389847,0.7885735743494854,-0.38191519289634435,-0.04137454220900553,0.9179000998154622,-0.09944012998135099
safe_graph_adp,508.0,-0.7060870414613408,-0.11525882922913495,-0.69868196782592,-2.979783760917908,0.7735535477673686,-0.37597142350442153,-0.030484300861484532,0.9231003348128831,-0.07484629568247518
safe_graph_adp,510.0,-0.7219279908596544,-0.0804568870377674,-0.687274810640936,-3.030603408110416,0.7577307115008063,-0.36929714272589526,-0.02051506970584018,0.9276546379686741,-0.05153275603596709
safe_graph_adp,512.0,-0.7360198013109819,-0.04685451767309326,-0.6753365873782974,-3.078019121649996,0.7414209905847123,-0.36209474778842343,-0.011513699076170749,0.9315993427375711,-0.029622507803140734
safe_graph_adp,514.0,-0.7483977167260807,-0.01472812501867423,-0.6630866760330987,-3.1219156505647487,0.7249348493512756,-0.35456525253268506,-0.0034885033319100975,0.9349795124533712,-0.00919909416154814
safe_graph_adp,516.0,-0.7591335148894953,0.01568492066296463,-0.6507459487659657,3.1209339829455027,0.7085664458117238,-0.34689968539420923,0.0035833706172669236,0.9378453587344595,0.009687663735440558
safe_graph_adp,518.0,-0.7683276623424473,0.04418729327391081,-0.6385296284374873,3.0841449328161485,0.692586174936413,-0.3392732784749646,0.009747919304637281,0.9402493335495932,0.02701502066675949
safe_graph_adp,520.0,-0.7761010881234703,0.07061994795189896,-0.6266417828112296,3.0508493135872357,0.6772364734242182,-0.33184225387724803,0.01506657728181029,0.9422438868524149,0.042780538565250374
safe_graph_adp,522.0,-0.7825872463353921,0.09485816288593205,-0.6152715910937985,3.020970114958879,0.6627304411371295,-0.3247427683487365,0.019609430430135733,0.9438798087711707,0.05699571244841889
safe_graph_adp,524.0,-0.7879249360458965,0.11680603019504615,-0.6045913053188441,2.9944194059542397,0.6492526773211211,-0.3180914844005321,0.023449620185632347,0.9452050483022707,0.06968026642398682
safe_graph_adp,526.0,-0.7922521359548089,0.13639000535192639,-0.5947556805236454,2.9711089726783757,0.6369616992363817,-0.31198724858500804,0.026658968111548564,0.9462638994469946,0.08085721206517037
safe_graph_adp,528.0,-0.7957009238955683,0.1535520242549354,-0.585902564902178,2.9509589508937535,0.625993363018671,-0.30651342881353066,0.029304696069447536,0.9470964558776795,0.09054863891405841
safe_graph_adp,530.0,-0.7983934048746382,0.16824256656791928,-0.5781543131788616,2.9339048440206326,0.6164648006722935,-0.3017405559001799,0.03144703586610277,0.947738247815585,0.09877213416612628
safe_graph_adp,532.0,-0.8004384695425306,0.18041391190002015,-0.5716196960124303,2.9199033665414103,0.6084784914360055,-0.29772900577328526,0.033137491790661375,0.9482199857675904,0.10553769160819192
safe_graph_adp,534.0,-0.801929142108113,0.19001372106861017,-0.56639600708639,2.908937551907684,0.602126179039451,-0.29453153432200435,0.034417519362571466,0.9485673436372262,0.11084495584314803
safe_graph_adp,536.0,-0.8029402426785813,0.19697898904361175,-0.5625711017841366,2.9010215397015506,0.5974924157960771,-0.29219553015506977,0.03531739788525806,0.9488007181415417,0.11468064709490905
safe_graph_adp,538.0,-0.8035260730637015,0.20123036457414,-0.5602251246420368,2.8962054257700296,0.5946575529663757,-0.2907648791476521,0.03585509218256355,0.948934902349171,0.11701601822998646
safe_graph_adp,540.0,-0.8037178283148793,0.20266681696783168,-0.5594316881880588,2.8945805296168245,0.5937000000776914,-0.290281337470953,0.03603491394326204,0.9489786083650892,0.11780420603117284
safe_graph_adp,542.0,-0.8042091394674289,0.20330575167792742,-0.558493000253119,2.8939784725345854,0.5925679499904335,-0.28973330474953995,0.03605544766981786,0.9491072512772429,0.11811029754088234
safe_graph_adp,544.0,-0.8056582949295039,0.2051974277653351,-0.5557056122172733,2.892199735622894,0.5892114505831393,-0.28810805431887954,0.03611342687958755,0.9494866865121199,0.1190151316927288
safe_graph_adp,546.0,-0.8080143927513581,0.20829671680599726,-0.55111270977405,2.8892972948058873,0.5836971471048333,-0.28543685094155963,0.03619941700976374,0.9501035725560831,0.12049318548734146
safe_graph_adp,548.0,-0.8112227635830018,0.21256671035456612,-0.5447320639486861,2.88532175758084,0.5760695814395302,-0.28173969640513286,0.036299724693400655,0.9509435902190436,0.12252086221555399
safe_graph_adp,550.0,-0.8152240221472253,0.21797689980107762,-0.5365592836464682,2.880321771154429,0.5663544571985778,-0.2770269970470907,0.03639682470346234,0.9519912196155583,0.12507610416645737
safe_graph_adp,552.0,-0.8199527055294439,0.224501271948663,-0.5265707355981508,2.8743444331798784,0.5545616968953163,-0.2713011276926666,0.03646969094664317,0.9532294133140135,0.12813799338200002
safe_graph_adp,554.0,-0.8253355863787493,0.23211628566797526,-0.5147263348465365,2.867435698550368,0.5406884214694465,-0.26455796132271153,0.03649407012815431,0.9546391863080292,0.13168633912215816
safe_graph_adp,556.0,-0.831289742728184,0.24079869208165083,-0.5009724079494555,2.8596407768013554,0.5247219800063182,-0.2567884331553197,0.03644273439514719,0.956199141640431,0.13570124993360927
safe_graph_adp,558.0,-0.8377204763730236,0.2505231660022167,-0.48524483177214794,2.851004515393157,0.506643152611556,-0.24798020592917785,0.0362857483965051,0.9578849527212636,0.1401626886186576
safe_graph_adp,560.0,-0.8445191975591864,0.2612597306484633,-0.4674726495694485,2.8415717645874765,0.48642964033037145,-0.23811949901989987,0.03599078626029438,0.9596688293801977,0.14505001002040208
safe_graph_adp,562.0,-0.8515614340479839,0.2729709826560223,-0.44758235741586894,2.8313877198869757,0.46405993987242133,-0.22719313592434182,0.03552353429781921,0.9615190042505576,0.15034148451066856
safe_graph_adp,564.0,-0.8587051751801338,0.2856091619490432,-0.4255030302237823,2.8204982381543005,0.4395176739298392,-0.21519085036328672,0.034848214872116166,0.9633992887221237,0.1560138145481311
safe_graph_adp,566.0,-0.8657898215461637,0.29911316238835034,-0.4011724080655381,2.8089501236357166,0.4127964057716587,-0.20210786818256016,0.03392826462476461,0.9652687623831167,0.16204165774768878
safe_graph_adp,568.0,-0.872636069397567,0.3134056436466156,-0.37454397995003896,2.796791380245964,0.38390490556163487,-0.18794774787877452,0.03272719469122865,0.9670816746409923,0.16839717743630112
safe_graph_adp,570.0,-0.8790471017730617,0.32839047846192926,-0.3455949746740045,2.7840714266776065,0.35287275307294474,-0.17272541531915792,0.031209650079485517,0.9687876488831012,0.17504965014616164
safe_graph_adp,572.0,-0.8848114655590446,0.34395084318958247,-0.31433499309563206,2.770841271223574,0.3197560582350562,-0.1564702684767561,0.029342668635523664,0.9703322835899403,0.18196516782969646
safe_graph_adp,574.0,-0.8897079614160781,0.3599483180584294,-0.280814799680776,2.757153643678248,0.2846429640586104,-0.1392291596243351,0.0270971162331435,0.9716582356980702,0.18910647900657027
safe_graph_adp,576.0,-0.8935127384564749,0.3762233854481874,-0.2451345558217278,2.743063082330783,0.2476584805469475,-0.12106899405998307,0.02444924460268379,0.9727068436412872,0.19643301517073536
safe_graph_adp,578.0,-0.896008553609545,0.39259767557612113,-0.20745056517338742,2.72862597489051,0.20896810637361515,-0.10207863004312669,0.02138228419565324,0.9734202970594711,0.20390114390004288
safe_graph_adp,580.0,-0.8969958327373061,0.40887818847586727,-0.1679794720809653,2.7139005531790126,0.16877965716528687,-0.08236974238009741,0.01788795179852064,0.9737442875565981,0.21146467594277604
safe_graph_adp,582.0,-0.8963047931362815,0.42486351141142625,-0.12699887586935696,2.698946842561629,0.12734276579046794,-0.06207634082154141,0.013967728644764229,0.9736309871427917,0.21907562927461155
safe_graph_adp,584.0,-0.8938075255472744,0.44035176735339066,-0.08484355169253549,2.68382656833184,0.0849456728767797,-0.04135272747164554,0.009633757899673306,0.9730421129028115,0.2266852204203412
safe_graph_adp,586.0,-0.8894286835897804,0.45514971708088503,-0.041896919325179305,2.668603022550706,0.041909186323256194,-0.020369835410370372,0.004909227592408554,0.9719517690088002,0.23424501704511072
safe_graph_adp,588.0,-0.8831533851534333,0.469082163690495,0.0014219702792121248,2.6533408961149507,-0.0014219707584164206,0.0006899038779286416,-0.00017185099211249774,0.9703487326955981,0.2417081534742312
safe_graph_adp,590.0,-0.8750311538936356,0.4820006504953362,0.04467496656568854,2.638106082010001,-0.04468984070350516,0.02163879992996993,-0.005565492789937099,0.9682378851484913,0.24903049088570045
safe_graph_adp,592.0,-0.8651752121486497,0.4937904601730683,0.08742330196010942,2.622965456725921,-0.08753504700373198,0.042290704351311166,-0.011219161369585583,0.9656405834949607,0.2561716031318561
safe_graph_adp,594.0,-0.8537570925643446,0.5043751302968691,0.1292461018139168,2.6079866476073827,-0.12960866700106452,0.062467727842657764,-0.017073635373099767,0.9625939108769175,0.263095489691487
safe_graph_adp,596.0,-0.8409972181727964,0.5137180593949874,0.16975698653388607,2.5932377944168454,-0.17058307136777526,0.08200623441175064,-0.023065136455802614,0.9591488980167122,0.26977095549967345
safe_graph_adp,598.0,-0.8271526504429154,0.5218212051291673,0.2086171679004478,2.578787313571639,-0.21016080345499352,0.10076158705267457,-0.029127513985257005,0.9553679464742871,0.2761716447305345
safe_graph_adp,600.0,-0.8125035036142887,0.5287212720937264,0.24554403484934662,2.5647036733483217,-0.24808086891781625,0.11861130980704486,-0.03519429362267538,0.9513217718015,0.28227576123130527
safe_graph_adp,602.0,-0.7973395303959754,0.5344840680189722,0.2803149198701633,2.5510551878293035,-0.2841221664404412,0.13545655335134354,-0.04120043683042528,0.9470862100162635,0.28806554281306695
safe_graph_adp,604.0,-0.7819481391719856,0.5391978316265448,0.3127663760935652,2.537909836515034,-0.3181041370309477,0.1512219573409476,-0.047083714453083535,0.9427391969252649,0.29352657466059157
safe_graph_adp,606.0,-0.7666047021455166,0.54296630745258,0.3427897600858208,2.5253351153747334,-0.3498849816475871,0.1658541569859253,-0.052785656415400506,0.9383581541978273,0.2986470283423726
safe_graph_adp,608.0,-0.75156556933003,0.5459022022252491,0.37032415611630165,2.513397923707076,-0.3793579631806741,0.1793192672265074,-0.058252090293628475,0.9340179220129762,0.30341690087457784
safe_graph_adp,610.0,-0.737063807970681,0.548121458596407,0.39534770722227053,2.5021644895838655,-0.40644636708407494,0.1915996975300322,-0.06343331768299483,0.9297892869855346,0.30782730860185165
safe_graph_adp,612.0,-0.7233073960708021,0.54973857622617,0.4178682909698928,2.491700334909782,-0.43109766498749247,0.20269061858106935,-0.06828399734864142,0.9257380805289863,0.3118698688617134
safe_graph_adp,614.0,-0.7104794281361515,0.5508630332393782,0.4379142619345012,2.482070279299811,-0.45327733752039534,0.21259633898165828,-0.0727628101573503,0.9219247732467553,0.315536182685156
safe_graph_adp,616.0,-0.6987398277275538,0.5515967304584363,0.4555257403208204,2.4733384800924756,-0.4729626967002385,0.22132677443788037,-0.07683197667095128,0.91840446494157,0.31881741648339534
safe_graph_adp,618.0,-0.6882280762655325,0.5520322987805926,0.4707467006181338,2.465568503906614,-0.49013692889047406,0.22889411804203086,-0.08045668832842216,0.9152271627503138,0.3217039704339916
safe_graph_adp,620.0,-0.6790665287051726,0.5522520690545994,0.48361792958617744,2.4588234232204504,-0.5047834724351066,0.23530975676608615,-0.08360450103008463,0.9124382454501219,0.32418521560691055
safe_graph_adp,622.0,-0.6713639662713075,0.5523274919455059,0.49417078670601927,2.453165929495339,-0.5168807577060225,0.24058142983257463,-0.08624472832838129,0.910079024025506,0.32624927966826267
safe_graph_adp,624.0,-0.6652191136930811,0.5523188002912526,0.5024216094299918,2.4486584523586554,-0.5263972737480044,0.24471058947652277,-0.08834786199077481,0.9081873221578242,0.32788286102129865
safe_graph_adp,626.0,-0.6607239096980263,0.5522747178501215,0.5083665519848087,2.4453632722652308,-0.5332868839075355,0.24768990219094017,-0.08988504133634212,0.9067980117936835,0.32907105236351214
safe_graph_adp,628.0,-0.6579663566557551,0.5522320281266446,0.5119766211657368,2.4433426118338293,-0.5374842905514334,0.24950081681000755,-0.09082758991643947,0.9059434459379065,0.32979715596599907
safe_graph_adp,630.0,-0.6570327829595319,0.5522148195890707,0.5131926686369,2.442658688667681,-0.5389005445760855,0.25011112320209083,-0.09114663912238957,0.905653731652699,0.3300424738890778
safe_graph_adp,632.0,-0.656638818189339,0.5517023552436447,0.514246996749153,2.4428205607965348,-0.540129425532118,0.250674938906737,-0.09132912501558199,0.9055265871406304,0.3299131187289075
safe_graph_adp,634.0,-0.6554718751267519,0.5501719032627489,0.5173659225133256,2.4433126299084886,-0.5437700356039287,0.2523454674967267,-0.09186743296148663,0.9051498839001433,0.32952363719539524
safe_graph_adp,636.0,-0.653551087688124,0.5476326102883465,0.5224648312857447,2.444145426034366,-0.5497391513565463,0.2550844524660856,-0.09274429608154035,0.9045297338332232,0.3288713703958058
safe_graph_adp,638.0,-0.6508800965712377,0.544079267099091,0.5294646834306628,2.4453337611447807,-0.5579694184894435,0.25886040640401886,-0.09394306673417814,0.9036673882010996,0.32795005978155783
safe_graph_adp,640.0,-0.64744900126337,0.5394942924667779,0.5382896052858865,2.4468968028710414,-0.5684062749254254,0.26364725820851254,-0.09544714702381256,0.9025598831970651,0.3267500919777208
safe_graph_adp,642.0,-0.6432360851571103,0.5338495999921433,0.5488642303338623,2.448858280074707,-0.5810049108509097,0.26942299730843317,-0.09723935567598876,0.9012006160041579,0.3252586754304715
safe_graph_adp,644.0,-0.6382094407274594,0.5271084624505326,0.5611108433985025,2.4512468181328435,-0.5957272091436234,0.27616829932915105,-0.09930122880231781,0.8995798943518466,0.32345996673763927
safe_graph_adp,646.0,-0.6323286157492293,0.519227483031853,0.5749463823427975,2.4540964088994675,-0.6125386145900191,0.2838651198035723,-0.1016122505859734,0.8976855008328185,0.32133516129469686
safe_graph_adp,648.0,-0.6255463952292202,0.5101587750591849,0.5902793674573424,2.457447026956512,-0.6314048918885552,0.29249524852566305,-0.10414901031072145,0.895503311700134,0.31886255969508337
safe_graph_adp,650.0,-0.6178108248427283,0.49985243909888405,0.6070068564967319,2.461345410524027,-0.6522887508229118,0.3020388268287516,-0.10688428414775852,0.8930180077823657,0.3160176176521607
safe_graph_adp,652.0,-0.6090675672342827,0.4882594060136423,0.625011560679095,2.4658460327259686,-0.6751463425464339,0.3124728433236578,-0.10978604342569923,0.8902139115325439,0.312772982477847
safe_graph_adp,654.0,-0.5992626591965068,0.475334683470743,0.6441593001599062,2.4710122972404793,-0.6999236637285297,0.32376964006491715,-0.11281639533379603,0.8870759778858529,0.3090985127333689
safe_graph_adp,656.0,-0.5883457022205657,0.4610409992036921,0.6642970207157718,2.4769180021330754,-0.726552944606667,0.3358954797736123,-0.11593046648454117,0.8835909562976296,0.3049612689463564
safe_graph_adp,658.0,-0.5762734688956255,0.4453527758749481,0.685251628285173,2.4836491273112147,-0.7549491405557003,0.3488092438190247,-0.1190752434621887,0.8797487259679512,0.3003254517662256
safe_graph_adp,660.0,-0.5630138428680727,0.42826030124999015,0.7068299138492887,2.491306014965686,-0.7850066904696454,0.36246134725717366,-0.12218838596626172,0.8755437851809561,0.29515224937390905
safe_graph_adp,662.0,-0.5485499336530159,0.4097738789170391,0.7288198257776441,2.5000060289116126,-0.8165967426894893,0.3767929673356744,-0.12519702562806337,0.8709768490610953,0.28939953859650414
safe_graph_adp,664.0,-0.5328841270693295,0.38992766890051916,0.7509932890135343,2.5098867980132793,-0.8495650721073033,0.3917356806401982,-0.12801655512191268,0.866056479191388,0.2830213648802789
safe_graph_adp,666.0,-0.5160417597920396,0.3687828685186493,0.7731106635132459,2.5211101704486354,-0.8837309112146762,0.4072115864045771,-0.13054939625223594,0.8608006360558736,0.2759671067389153
safe_graph_adp,668.0,-0.49807405859862386,0.34642985862604064,0.7949267797749904,2.5338670279193405,-0.9188868849804352,0.42313395514328955,-0.1326837117910345,0.8552380147799008,0.26818021311328094
safe_graph_adp,670.0,-0.47905997837305025,0.3229889648790654,0.8161983004684356,2.5483831283555474,-0.9548001697898815,0.4394083803243838,-0.13429199552873727,0.84940899990725,0.2595963907957439
safe_graph_adp,672.0,-0.45910662127287094,0.2986095678353028,0.8366919602222926,2.5649261544082576,-0.991214891698909,0.45593432672260986,-0.1352294430673931,0.8433660583424721,0.25014111833036373
safe_graph_adp,674.0,-0.4383480273039733,0.2734674385326654,0.8561930664406818,2.5838141276814377,-1.0278556485046704,0.47260686575548216,-0.13533198177401404,0.8371733801077914,0.23972637900071198
safe_graph_adp,676.0,-0.4169422856249824,0.2477603625689264,0.8745135408886072,2.605425276155383,-1.0644319015081896,0.489318270885926,-0.13441383812558297,0.830905567999662,0.22824654863703042
safe_graph_adp,678.0,-0.39506710412110224,0.22170231713641322,0.8914987749950705,2.6302092614813413,-1.1006428606738556,0.5059590206971717,-0.1322645704225232,0.824645157307976,0.21557346152670986
safe_graph_adp,680.0,-0.37291415974466385,0.19551664555832834,0.9070326734862149,2.65869928996524,-1.1361824083413998,0.5224176281698265,-0.1286456361004633,0.8184786986749497,0.201550841985542
safe_graph_adp,682.0,-0.35068269875087,0.16942879738002664,0.9210404591629862,2.6915238870536355,-1.1707435980010708,0.5385785880902483,-0.12328686203100159,0.8124910455051082,0.18598858856198597
safe_graph_adp,684.0,-0.3285729359893273,0.14365924471055602,0.9334890717863524,2.7294157562228265,-1.2040223497080607,0.5543176293325626,-0.11588374675627827,0.8067573521402768,0.16865793137728288
safe_graph_adp,686.0,-0.3067798022453785,0.11841714086974309,0.9443852676119645,2.7732128048590603,-1.235720166120492,0.5694934361629748,-0.10609749405181582,0.8013321551507927,0.14928940030892573
safe_graph_adp,688.0,-0.28548751266877215,0.09389516827291967,0.9537717638330448,2.823842685016316,-1.2655460418534858,0.44845971036389637,0.5863956583690366,0.5467027420640309,-0.3951457096387914
safe_graph_adp,690.0,-0.26486529768584216,0.07026585633680098,0.961721936692226,2.882276883254573,-1.29321827012028,0.44801739914519684,0.577193415398814,0.5470652703866088,-0.4084700248736156
safe_graph_adp,692.0,-0.2450644795361287,0.04767947069711828,0.9683336557941841,2.9494343720647285,-1.318467587909408,0.4475370726910673,0.5681739796936797,0.5474582802069127,-0.42092556206418036
safe_graph_adp,694.0,-0.22621692240795677,0.02626341309643546,0.973722823573936,3.02601174119621,-1.341043975886693,0.44703612457959757,0.5594191254177173,0.5478674139979989,-0.432493054414607
safe_graph_adp,696.0,-0.20843475543273704,0.006122948489997621,0.9780171073296643,3.1122252472685807,-1.360730101828816,0.4465293118021529,0.5510043593428938,0.5482805611194836,-0.4431638477867155
safe_graph_adp,698.0,-0.19181117881378598,-0.012656998189998053,0.9813502290614111,-3.075701418652693,-1.3773640132245026,0.44602883261012355,0.5429984428397956,0.5486877805095083,-0.45293784460294045
safe_graph_adp,700.0,-0.17642211707935304,-0.03000925990237385,0.983857042931213,-2.973106090299859,-1.3908709115651925,0.44554454262554194,0.5354633488886797,0.5490811056088133,-0.4618213962095305
safe_graph_adp,702.0,-0.1623284748479516,-0.045881332483070046,0.9856695032226146,-2.8661329269087696,-1.4012979175360447,0.44508426713506527,0.5284545791978096,0.5494542702981221,-0.46982524168552936
safe_graph_adp,704.0,-0.14957877001818853,-0.06023200120112167,0.9869135208270043,-2.758780242837132,-1.4088387900377213,0.44465417221426734,0.5220217599647065,0.5498023891658208,-0.47696255840825746
safe_graph_adp,706.0,-0.1382119561004767,-0.0730278714231531,0.9877066291092125,-2.6555028359040738,-1.4138336457651497,0.44425916449971675,0.5162094374304143,0.5501216181518535,-0.48324715902711235
safe_graph_adp,708.0,-0.12826028970179693,-0.08423993034860339,0.988156329848913,-2.5604597379906924,-1.4167370977656597,0.4439032974473839,0.511058002907262,0.5504088139876936,-0.48869184325548237
safe_graph_adp,710.0,-0.11975214343468767,-0.09384021471673372,0.9883589622423199,-2.476919416502454,-1.4180632671134499,0.44359016962121023,0.5066046883931473,0.5506612038408244,-0.4933068920034283
safe_graph_adp,712.0,-0.1127147037671164,-0.10179861504763214,0.9883989263091474,-2.4070383295360416,-1.418326171278694,0.44332330721374397,0.5028845857674401,0.5508760707101629,-0.49709867571490296
safe_graph_adp,714.0,-0.10717652477282914,-0.10807981222666908,0.9883480898583591,-2.351998180971324,-1.4179918206459037,-0.4431065282340439,-0.4999316530787404,-0.5510504556176073,0.5000683375799333
safe_graph_adp,716.0,-0.10316993113401808,-0.11264031744406872,0.9882652094432451,-2.312339695024295,-1.417448268226321,-0.4429442894613372,-0.4977796793094489,-0.5511808745172415,0.5022105045362772
safe_graph_adp,718.0,-0.1007332766493155,-0.11542557138702113,0.9881951955183106,-2.2883289750694678,-1.4169905828104927,-0.4428420193134651,-0.4964631833220719,-0.5512630460409736,0.5035119736468189
safe_graph_adp,720.0,-0.09991306758345207,-0.11636705301383451,0.9881680463863116,-2.2802635568735714,-1.41681347038298,-0.4428064401534679,-0.4960182226825065,-0.55129162569244,0.5039503177565099
safe_graph_adp,722.0,-0.09949351202482887,-0.11753669750666103,0.9880719436378066,-2.273248492680883,-1.4161881435208064,-0.4425949539434351,-0.4956178459948812,-0.5514614281559579,0.5043440797029288
safe_graph_adp,724.0,-0.09826220802647591,-0.12099291703390032,0.9877779368367109,-2.252891117741394,-1.4142904732444348,-0.4419669483352127,-0.49443491728839145,-0.5519648689719839,0.505503820525643
safe_graph_adp,726.0,-0.09626958259744431,-0.1266264810378627,0.987267897668349,-2.2208342359394253,-1.4110514540857837,-0.4409369812062941,-0.4925040230232052,-0.5527880051201186,0.5073852454555199
safe_graph_adp,728.0,-0.09356487324487976,-0.13432281274313945,0.9865105151347557,-2.179214719594156,-1.4063583619841404,-0.43952031083831317,-0.4898576734744974,-0.5539150624063158,0.509940643347981
safe_graph_adp,730.0,-0.09019662280328034,-0.14396161597861862,0.9854641659440019,-2.1304968639535,-1.4000849547239453,-0.4377330797754569,-0.486527039876867,-0.5553285071651676,0.5131193228369532
safe_graph_adp,732.0,-0.08621321204712744,-0.1554163662542663,0.9840797910580406,-2.0772592894876034,-1.3921199076747106,-0.4355925367989575,-0.4825427070617842,-0.5570091039516759,0.5168680062273976
safe_graph_adp,734.0,-0.08166337468889716,-0.16855382408939457,0.9823037725771301,-2.0219626441250904,-1.3823889603034911,-0.4331172666540462,-0.4779354077888776,-0.5589359832092831,0.5211312176234306
safe_graph_adp,736.0,-0.0765966469817811,-0.18323370923612856,0.9800807933383442,-1.9667460298318349,-1.3708678929841565,-0.43032740001911757,-0.4727367075847867,-0.5610867390990332,0.5258516951592873
safe_graph_adp,738.0,-0.0710637117177437,-0.1993086516122207,0.9773566443573276,-1.9132953202959322,-1.3575859658393572,-0.4272447791930921,-0.4669796111251816,-0.5634375729859041,0.5309708492877685
safe_graph_adp,740.0,-0.06511660467636694,-0.2166245075250127,0.9740809260708104,-1.8628004310867547,-1.3426217413585901,-0.4238930584830438,-0.4606990637805689,-0.5659634926122804,0.5364292801774595
safe_graph_adp,742.0,-0.05880876106798441,-0.23502109777922084,0.9702095718041018,-1.8159891734798093,-1.3260943603272384,-0.42029772261450377,-0.45393232553865404,-0.5686385709438481,0.5421673577697844
safe_graph_adp,744.0,-0.05219489040900688,-0.254333388115487,0.965707109378868,-1.7732082773801094,-1.3081532100302193,-0.41648601182596545,-0.4467191995551586,-0.571436262371668,0.5481258584931005
safe_graph_adp,746.0,-0.04533068032550084,-0.2743930938554013,0.9605485721532713,-1.734520977732238,-1.2889680298284156,-0.41248674860510237,-0.439102104228116,-0.574329767838296,0.5542466437087741
safe_graph_adp,748.0,-0.03827234233111603,-0.2950306524175919,0.9547209759644647,-1.699799194733544,-1.2687204780190664,-0.4083300680044903,-0.43112598576530936,-0.577292435047826,0.560473357438059
safe_graph_adp,750.0,-0.03107602464959894,-0.31607747301590866,0.9482242940063574,-1.6687991051554367,-1.2475974202425186,-0.43277259877407337,-0.3923100139835855,-0.6013575186633974,0.5451328878590389
safe_graph_adp,752.0,-0.02379712745228353,-0.33736834599951954,0.9410718866497757,-1.641217210292442,-1.2257857829171295,-0.42082031991645397,-0.3921823025566637,-0.5984075578462351,0.5576842248255474
safe_graph_adp,754.0,-0.016489563299957228,-0.3587438780600616,0.9332903751012352,-1.616728720905248,-1.2034686676907178,-0.4093604872399843,-0.39097655668679804,-0.5961393409022036,0.5693673768637119
safe_graph_adp,756.0,-0.009205009231615994,-0.3800528158584423,0.9249189829185661,-1.595011934515996,-1.1808224280013437,-0.39838547857351553,-0.3888532802820108,-0.5944708832480594,0.5802469352318399
safe_graph_adp,758.0,-0.0019921964052678318,-0.4011541298523086,0.9160084034854267,-1.575762447992634,-1.1580144749302759,-0.3878836255157303,-0.3859621156970404,-0.5933206076391568,0.5903813977880221
safe_graph_adp,760.0,0.0051037213989058965,-0.42191875084516883,0.9066192804662466,-1.5587004612335198,-1.135201653535822,-0.37784207435366046,-0.38244026691156247,-0.5926108179447621,0.5998226634160932
safe_graph_adp,762.0,0.012041687081846962,-0.4422308811424508,0.8968204087420149,-1.543573640971744,-1.1125290896405775,-0.36824841095278854,-0.3784120907582924,-0.5922697409348332,0.6086164238431868
safe_graph_adp,764.0,0.018785124280066,-0.46198883632694876,0.8866867734521895,-1.5301572891005935,-1.090129445027506,-0.3590914501259399,-0.3739893496727631,-0.5922325592124354,0.6168029609093025
safe_graph_adp,766.0,0.025302174387028933,-0.4811054084029717,0.8762975442032792,-1.5182529862113319,-1.0681225388300843,-0.35036149748190065,-0.36927181750281474,-0.5924417588292148,0.6244180556932629
safe_graph_adp,768.0,0.03156578573183717,-0.49950777263655405,0.8657341313860744,-1.5076864634197615,-1.0466152999638614,-0.34205030600146996,-0.3643480593829755,-0.5928470281260937,0.6314938487667313
safe_graph_adp,770.0,0.037553663697425056,-0.517136985978694,0.8550783941111908,-1.498305167672832,-1.0257020151432337,-0.33415087947600536,-0.35929628638829175,-0.5934048758974517,0.6380595752703071
safe_graph_adp,772.0,0.0432480980196381,-0.5339471428326136,0.8444110673591223,-1.4899757949450696,-1.005464833668941,-0.326657221561414,-0.3541852321173216,-0.5940780860629181,0.6441421493828798
safe_graph_adp,774.0,0.048635688470653166,-0.5499042636667627,0.8338104524459385,-1.4825819432910667,-0.9859744867023096,-0.3195640904980097,-0.3490750239053521,-0.5948350892895873,0.6497666014035397
safe_graph_adp,776.0,0.0537069925915902,-0.5649849941708696,0.8233513923644686,-1.4760219614447618,-0.9672911768491759,-0.31286679260845,-0.34401803457479047,-0.5956493058767913,0.6549563850965163
safe_graph_adp,778.0,0.05845611937854604,-0.5791751886154937,0.813104533869667,-1.4702070226545714,-0.9494655942579839,-0.3065610297021424,-0.3390597070116234,-0.5964984957163925,0.6597335786188508
safe_graph_adp,780.0,0.0628802913008702,-0.5924684424940275,0.8031358624881715,-1.4650594268197414,-0.9325400181041679,-0.3006428041110071,-0.33423934678434564,-0.5973641380353686,0.6641190028802862
safe_graph_adp,782.0,0.06697939427207701,-0.6048646281479476,0.7935064853915126,-1.4605111195020188,-0.9165494668884949,-0.2951083783731966,-0.32959087942208637,-0.59823085432443,0.6681322789313361
safe_graph_adp,784.0,0.07075553172263081,-0.6163684744739386,0.7842726301518607,-1.4565024093170154,-0.9015228668365965,-0.2899542831228701,-0.3251435698530093,-0.5990858812573753,0.6717918424333671
safe_graph_adp,786.0,0.07421259518954149,-0.6269882192410843,0.7754858242728409,-1.452980862554221,-0.887484214241122,-0.2851773654541781,-0.3209227023342202,-0.599918595754233,0.6751149293471334
safe_graph_adp,788.0,0.07735586018778438,-0.6367343508918384,0.7671932203095627,-1.4499003537461248,-0.8744537143027084,-0.2807748701157398,-0.31695022013631036,-0.6007200911087062,0.6781175432072095
safe_graph_adp,790.0,0.08019161280049796,-0.6456184464858054,0.7594380335443507,-1.4472202521417186,-0.8624488854932444,-0.27674454679519506,-0.31324532528319354,-0.6014828009078709,0.6808144109956626
safe_graph_adp,792.0,0.08272680955475847,-0.6536521038863808,0.7522600627879954,-1.4449047259360859,-0.8514856244167385,-0.2730847780843573,-0.3098250397345421,-0.6022001660379297,0.6832189317898009
safe_graph_adp,794.0,0.08496877079007568,-0.6608459593661085,0.7456962692543869,-1.4429221482552572,-0.8415792314420993,-0.26979472421926476,-0.3067047304669428,-0.6028663391782313,0.6853431200344021
safe_graph_adp,796.0,0.08692490586819625,-0.6672087763319839,0.7397813930651284,-1.441244591065457,-0.8327454019992495,-0.26687448220950694,-0.3038986019070918,-0.6034759206669449,0.6871975434178339
safe_graph_adp,798.0,0.08860246716469738,-0.6727465865609621,0.7345485913694906,-1.4398473952520965,-0.8250011924178442,-0.2643252584218208,-0.3014201600631591,-0.6040237193398542,0.6887912538226558
safe_graph_adp,800.0,0.0900083287509516,-0.6774618618511438,0.7300300860188178,-1.438708807049638,-0.8183659726549093,-0.2621495550273695,-0.2992826534761974,-0.6045045317884478,0.6901317085704931
safe_graph_adp,802.0,0.09114878493501866,-0.6813526909804948,0.7262578120051503,-1.4378096727951335,-0.8128623813460648,-0.2603513719560811,-0.2974994967745103,-0.6049129333643015,0.6912246780809375
safe_graph_adp,804.0,0.09202936329696051,-0.684411933970206,0.723264060305998,-1.437133185650412,-0.8085173014826479,-0.2589364271403525,-0.2960846831706337,-0.6052430740977257,0.6920741350088654
safe_graph_adp,806.0,0.09265464644851487,-0.6866263225340754,0.7210821102307506,-1.436664679536015,-0.8053628778240288,-0.25791239889997153,-0.29505319270388886,-0.605488472434434,0.6926821188091399
safe_graph_adp,808.0,0.09302809639854025,-0.6879754719339817,0.7197468466743558,-1.4363914671089248,-0.8034376000514023,-0.2572891953486026,-0.29442140340424877,-0.6056417992660368,0.693048568396284
safe_graph_adp,810.0,0.0931518750548496,-0.6884307649455181,0.7192953566166647,-1.4363027202838738,-0.8027874787859677,-0.25707925671420845,-0.2942075128206904,-0.6056946440843262,0.6931711140077138
safe_graph_adp,812.0,0.0924032797562003,-0.6886601598790175,0.7191723145990141,-1.4374146360397355,-0.8026103808143318,-0.25718911518900606,-0.29400319119745516,-0.6061027006107237,0.692860302590931
safe_graph_adp,814.0,0.09018887730797043,-0.6893331835000779,0.7188085479010217,-1.440700329991355,-0.8020869905079052,-0.25751284953118747,-0.2933992048676326,-0.6073075562917488,0.6919404388965232
safe_graph_adp,816.0,0.08656883899516049,-0.6904194538854614,0.7182108421706896,-1.4460614237512108,-0.8012276213530065,-0.2580366231967828,-0.29241123375501066,-0.6092710816018534,0.6904357468923389
safe_graph_adp,818.0,0.0815987559775971,-0.69188608887658,0.7173808493694112,-1.4534019135314065,-0.8000355370811423,-0.25874339845551947,-0.2910519638704968,-0.6119553711982014,0.6883685290195121
safe_graph_adp,820.0,0.07533061784616125,-0.6936979874250754,0.7163158523007261,-1.462627372522898,-0.798508065731713,-0.25961331696921963,-0.2893317037659088,-0.6153225627854352,0.6857596040707853
safe_graph_adp,822.0,0.06781380587504864,-0.6958180481106719,0.7150094626340241,-1.473644037301051,-0.7966376415876366,-0.2606240104108835,-0.28725900820913214,-0.6193346100979513,0.6826287630439198
safe_graph_adp,824.0,0.05909608642546502,-0.6982073524550825,0.7134522727883472,-1.4863578422686532,-0.79441279731092,-0.26175087262701335,-0.28484130094153326,-0.6239530351438338,0.6789952311259112
safe_graph_adp,826.0,0.04922459185956818,-0.7008253371952029,0.7116324797966215,-1.5006734586147088,-0.7918191261830511,-0.2629673212756556,-0.28208548911946923,-0.6291386817693264,0.674878125198091
safe_graph_adp,828.0,0.03824677660340628,-0.7036299766226854,0.7095364966493326,-1.5164933886984475,-0.7888402306621373,-0.26424507312594553,-0.27899856146954066,-0.634851490032294,0.6702968966289243
safe_graph_adp,830.0,0.026211335117357733,-0.7065779932402168,0.7071495636567937,-1.533717162254508,-0.7854586687775897,-0.2655544531428899,-0.27558816076194925,-0.6410503085477512,0.6652717489677881
safe_graph_adp,832.0,0.01316906691252747,-0.709625112117707,0.7044563690737596,-1.5522406764526366,-0.7816569044151497,-0.26686475294173845,-0.2718631193732431,-0.6476927596232538,0.6598240197913445
safe_graph_adp,834.0,-0.0008263282063046177,-0.7127263712594053,0.7014416845990092,-1.5719557168068004,-0.7774182615276284,-0.26814464905534974,-0.2678339449063294,-0.6547351694074984,0.653976515694433
safe_graph_adp,836.0,-0.01571754338735177,-0.7158364968551229,0.6980910174182535,-1.592749689540723,-0.772727876014661,-0.2693626856797018,-0.2635132414856562,-0.6621325722658554,0.647753789544872
safe_graph_adp,838.0,-0.031443066620170074,-0.7189103483778532,0.694391276267749,-1.6145055878349255,-0.7675736327934418,-0.2704878202384324,-0.2589160518381884,-0.6698387950922293,0.6411823498760524
safe_graph_adp,840.0,-0.04793671200081766,-0.7219034340708762,0.690331444683803,-1.6371022042578327,-0.7619470698504994,-0.2714900234769495,-0.2540601059269623,-0.6778066232907358,0.6342907938414971
safe_graph_adp,842.0,-0.06512730047658512,-0.7247724924934593,0.6859032503622149,-1.6604145898197225,-0.755844226294891,-0.2723409192476549,-0.2489659639338911,-0.6859880458439207,0.6271098575728576
safe_graph_adp,844.0,-0.08293850802502072,-0.727476130619015,0.6811018156385796,-1.6843147470390676,-0.7492664081122652,-0.27301444318671053,-0.24365704485092088,-0.6943345724555468,0.6196723810199548
safe_graph_adp,846.0,-0.10128889536115318,-0.7299755037584771,0.6759262708232867,-1.7086725310485196,-0.7422208438896373,-0.2734874946790293,-0.2381595367116564,-0.7027976115169046,0.6120131882350341
safe_graph_adp,848.0,-0.12009212764176565,-0.7322350176608479,0.6703803098165189,-1.7333567201856548,-0.7347212035742627,-0.2737405534152919,-0.23250219026929747,-0.711328893930833,0.6041688883044269
safe_graph_adp,850.0,-0.1392573853766622,-0.7342230289326781,0.6644726664077159,-1.758236206881354,-0.7267879565029827,-0.2737582309101216,-0.22671600422549096,-0.719880924956592,0.5961776063562179
safe_graph_adp,852.0,-0.15868995919681805,-0.7359125168508617,0.6582174901902428,-1.78318125204951,-0.7184485504219661,-0.27352972883001514,-0.22083381634975582,-0.7284074444669077,0.588078657874752
safe_graph_adp,854.0,-0.17829201179956836,-0.7372816981178345,0.6516346032470534,-1.80806474240093,-0.7097374006943498,-0.27304917987536886,-0.2148898203757861,-0.736863875487628,0.5799121825497413
safe_graph_adp,856.0,-0.19796348098821187,-0.7383145564306948,0.6447496226889755,-1.8327633905535416,-0.700695687813482,-0.2723158529966799,-0.20891903284732388,-0.745207741645405,0.5717187557817084
safe_graph_adp,858.0,-0.2176030890451541,-0.7390012610606449,0.6375939395797166,-1.85715882241704,-0.6913709709660436,-0.2713342123672033,-0.20295673667717232,-0.7533990360757903,0.5635389965889607
safe_graph_adp,860.0,-0.23710941653303372,-0.7393384529276685,0.6302045514068316,-1.8811385045526952,-0.6818166348824727,-0.2701138280570265,-0.1970379288418356,-0.761400527228762,0.5554131899998975
safe_graph_adp,862.0,-0.2563819937249047,-0.7393293826566387,0.6226237525457862,-1.9045964751268794,-0.6720911957292531,-0.26866914493549476,-0.19119679835239756,-0.7691779905602116,0.5473809402026871
safe_graph_adp,864.0,-0.2753223607493478,-0.7389838923647023,0.6148986944992809,-1.9274338545311154,-0.6622574985962557,-0.26701912416470763,-0.1854662576293941,-0.7767003589902743,0.5394808680163168
safe_graph_adp,866.0,-0.29383504845691855,-0.7383182408496664,0.6070808344256757,-1.9495591245068127,-0.6523818436584342,-0.26518677805064256,-0.17987754605129924,-0.7839397889219695,0.5317503629699373
safe_graph_adp,868.0,-0.3118284359169085,-0.7373547797333658,0.5992252959930631,-1.9708881765617416,-0.6425330800382756,-0.2631986235032762,-0.17445991923864201,-0.7908716422642177,0.5242253967784529
safe_graph_adp,870.0,-0.32921544697646726,-0.7361214952695476,0.5913901704240698,-1.991344140696719,-0.6327817057261655,-0.2610840816769688,-0.16924043210990278,-0.797474388069916,0.5169404016002817
safe_graph_adp,872.0,-0.345914056837268,-0.7346514363431412,0.5836357874234089,-2.0108570133768433,-0.6231990088451489,-0.2588748515154442,-0.16424381839809862,-0.8037294299306492,0.5099282134126555
safe_graph_adp,874.0,-0.3618475893344344,-0.7329820532112192,0.5760239854060973,-2.02936310900658,-0.6138562804918969,-0.2566042831220357,-0.15949246455692123,-0.8096208670833382,0.5032200783118745
safe_graph_adp,876.0,-0.37694479567826317,-0.7311544735079433,0.5686174081756509,-2.0468043619208687,-0.6048241228955863,0.25430677348086633,0.15500647209986748,0.8151351982624016,-0.4968457176253207
safe_graph_adp,878.0,-0.3911397150241238,-0.7292127419099,0.5614788512197878,-2.0631275063360444,-0.596171869310352,0.2520172025206884,0.15080379956056336,0.820260977707802,-0.4908334464169943
safe_graph_adp,880.0,-0.40437132568959283,-0.7272030477808821,0.5546706754987479,-2.0782831602200305,-0.5879671244694761,0.2497704223116577,0.14690047346889587,0.8249884324882445,-0.4852103392277001
safe_graph_adp,882.0,-0.4165830026639485,-0.725172961383242,0.5482543004575043,-2.0922248361236457,-0.5802754270679437,0.2476008067493176,0.14331085693381673,0.8293090495206654,-0.48000243662414144
safe_graph_adp,884.0,-0.42772180201408816,-0.7231706942467877,0.5422897814494021,-2.1049078981585807,-0.5731600289626767,0.24554186376229958,0.14004796446198228,0.833215139479054,-0.47523498622585886
safe_graph_adp,886.0,-0.4377375958811611,-0.7212443934495325,0.5368354702046031,-2.116288479973013,-0.5666817797951312,0.24362590712984467,0.1371238123261503,0.8366993833114277,-0.47093271221542865
safe_graph_adp,888.0,-0.4465820831957936,-0.719441473291473,0.5319477507017959,-2.1263223741625987,-0.5608991006065153,0.24188378055105142,0.13454979490963237,0.8397543654472257,-0.46712010779716384
safe_graph_adp,890.0,-0.45420770140277933,-0.7178079814780551,0.5276808369770536,-2.1349638993948146,-0.5558680256522124,0.24034462270545345,0.13233707876916478,0.8423720960978192,-0.4638217455393652
safe_graph_adp,892.0,-0.4605664638943787,-0.7163879907395081,0.5240866140820983,-2.142164747891774,-0.551642287836563,0.23903565863360504,0.13049700745973034,0.8445435234440227,-0.46106260090622114
safe_graph_adp,894.0,-0.4656087471109088,-0.7152230009795452,0.5212144985355099,-2.1478728130469573,-0.5482734197052469,0.23798199973320328,0.12904151124044927,0.8462580350769117,-0.45886838444975825
safe_graph_adp,896.0,-0.4692820510453161,-0.7143513316905008,0.5191112900705489,-2.1520309950751124,-0.5458108384199406,0.23720643186080662,0.12798351642308825,0.8475029469250471,-0.4572658779760485
safe_graph_adp,898.0,-0.47152975789752266,-0.71380747957747,0.5178209821128952,-2.154575981975763,-0.5443018792463152,0.23672916829422602,0.1273373491184734,0.8482629771882311,-0.4562832693951891
safe_graph_adp,900.0,-0.4722899166182616,-0.7136214122016277,0.5173844940738659,-2.155437004074182,-0.5437917374706891,0.23656754151478365,0.1271191272415127,0.8485197026578033,-0.4559504797590636
safe_graph_adp,902.0,-0.471842292220479,-0.7137036170721359,0.5176794358000655,-2.154947686720713,-0.5441364309165903,0.2366826504838022,0.12725561719632383,0.8483673461432979,-0.4561361385044193
safe_graph_adp,904.0,-0.4705124707475333,-0.7139491556225827,0.5185504971136878,-2.153491949307013,-0.5451548457478042,0.23702175749129806,0.12766042311402104,0.8479145309193113,-0.456688571240807
safe_graph_adp,906.0,-0.46832503977657425,-0.714353678979266,0.5199716131165795,-2.1510930878172703,-0.5468177175918103,0.23757291590500038,0.12832513072626747,0.8471689210024017,-0.4575987213051501
safe_graph_adp,908.0,-0.4652989192562036,-0.7149113077507038,0.5219183248260091,-2.1477677687498113,-0.5490983347498927,0.23832423716669823,0.1292432814549077,0.8461357065074545,-0.4588595627758123
safe_graph_adp,910.0,-0.46144821063789293,-0.7156147017354032,0.5243673784277937,-2.1435269143373037,-0.5519719865386815,0.23926375344391926,0.13041008328805279,0.8448179185456175,-0.4604657978275705
safe_graph_adp,912.0,-0.45678297458193984,-0.71645508722147,0.5272963323659202,-2.138376482516154,-0.5554154341231443,0.24037926815129831,0.13182214946298026,0.8432167029903579,-0.4624135812798716
safe_graph_adp,914.0,-0.45130996030230236,-0.7174222537303815,0.5306831725091294,-2.1323181731727567,-0.5594063985573404,0.24165819844724168,0.13347725579418965,0.8413315650424651,-0.4647002635808187
safe_graph_adp,916.0,-0.4450333067021096,-0.71850453057316,0.5345059358619221,-2.1253500880276865,-0.5639230616680736,0.2430874133782918,0.13537410860591279,0.8391605949222171,-0.46732414457846794
safe_graph_adp,918.0,-0.4379552328796985,-0.7196887527494388,0.5387423439449013,-2.1174673684877887,-0.5689435766700325,0.2446530713871494,0.13751211614434583,0.8367006838489814,-0.4702842313122833
safe_graph_adp,920.0,-0.43007673318722034,-0.7209602253775684,0.543369447976728,-2.108662833588572,-0.5744455869660352,0.24634046133394397,0.13989115713821557,0.8339477386192383,-0.4735799937879232
safe_graph_adp,922.0,-0.42139828963475573,-0.7223026958671874,0.5483632892853932,-2.098927638494217,-0.5804057534607976,0.2481338519396585,0.1425113409289197,0.8308969024638491,-0.47721111334943767
safe_graph_adp,924.0,-0.41192061189120655,-0.7236983433127823,0.5536985799020153,-2.0882519726670963,-0.5867992929053899,0.250016355589002,0.14537275438700942,0.8275427893635093,-0.48117721890421056
safe_graph_adp,926.0,-0.4016454122868956,-0.7251277949732937,0.5593484099790208,-2.0766258155114126,-0.5935995322881125,0.25196981366573284,0.14847519175668344,0.8238797385397119,-0.485477606958146
safe_graph_adp,928.0,-0.3905762199371049,-0.726570180073686,0.5652839904396139,-2.0640397657727854,-0.6007774870693836,0.2539747119576247,0.15181786471299177,0.8199020953275704,-0.4901109422543931
safe_graph_adp,930.0,-0.37871923427563225,-0.7280032313688262,0.571474440991219,-2.0504859589540088,-0.6083014740595869,0.25601013605375644,0.15539909136557759,0.8156045239824071,-0.4950749368529183
safe_graph_adp,932.0,-0.3660842138538951,-0.7294034447804527,0.5778866351711073,-2.035959084182546,-0.6161367728434515,-0.25805377791816203,-0.15921596477879507,-0.8109823570747424,0.5003660068142283
safe_graph_adp,934.0,-0.3526853912316408,-0.7307463067740758,0.5844851152491676,-2.020457508020899,-0.6242453526795572,-0.2600820057701669,-0.16326400386387996,-0.8060319848853117,0.5059789073259345
safe_graph_adp,936.0,-0.3385423992562181,-0.7320065978013646,0.5912320903681688,-2.0039845073386062,-0.6325856844883313,-0.2620700097943383,-0.16753679226426604,-0.8007512865215448,0.5119063491873163
safe_graph_adp,938.0,-0.3236811882052698,-0.7331587779268836,0.5980875310109579,-1.9865496063009866,-0.6411126595437533,-0.26399203576136204,-0.17202561407651332,-0.7951401022488009,0.5181386020669922
safe_graph_adp,940.0,-0.3081349074854349,-0.7341774575574065,0.6050093715005457,-1.9681700036115584,-0.6497776373850159,-0.2658217170604143,-0.17671909882587886,-0.7892007436976265,0.5246630928475299
safe_graph_adp,942.0,-0.2919447203006987,-0.735037951939438,0.6119538295469873,-1.9488720653815674,-0.6585286447948084,-0.2675325126271451,-0.1816028918449031,-0.7829385351506961,0.5314640105755583
safe_graph_adp,944.0,-0.275160515508567,-0.7357169128320655,0.618875847709308,-1.928692846659485,-0.6673107449729594,-0.26909825356097083,-0.18665936976121478,-0.7763623750766324,0.5385219328645324
safe_graph_adp,946.0,-0.25784147842895405,-0.7361930246792755,0.6257296560138017,-1.9076815913511305,-0.6760665908499307,-0.27049379474769,-0.1918674237327323,-0.7694853026046963,0.5458134917611672
safe_graph_adp,948.0,-0.24005648233048052,-0.7364477460363166,0.6324694479966165,-1.8859011470304725,-0.6847371685649559,-0.271695759627548,-0.1972023348034182,-0.7623250489871894,0.5533110996854929
safe_graph_adp,950.0,-0.22188426528191457,-0.7364660704454831,0.6390501544502543,-1.8634292194572,-0.6932627264612243,-0.27268335674204286,-0.2026357656476269,-0.7549045496758894,0.5609827575914742
safe_graph_adp,952.0,-0.20341336342029462,-0.7362372750394488,0.6454282906911736,-1.8403593833406708,-0.7015838718605328,-0.27343923655518826,-0.20813589039435185,-0.7472523889823959,0.5687919674203992
safe_graph_adp,954.0,-0.18474178154182241,-0.7357556205851579,0.6515628449582609,-1.81680176309985,-0.7096428031339559,-0.27395034731825807,-0.21366767867673397,-0.7394031470448359,0.576697768708441
safe_graph_adp,956.0,-0.16597639495388197,-0.7350209641699803,0.6574161684570479,-1.7928833020674646,-0.7173846293907888,-0.2742087407512957,-0.21919334132292875,-0.731397618670331,0.5846549144740406
safe_graph_adp,958.0,-0.1472320919700285,-0.7340392458580458,0.6629548224685302,-1.768747552290669,-0.7247587160549742,-0.27421227349698213,-0.2246729334109648,-0.7232828761815991,0.592614194125151
safe_graph_adp,960.0,-0.12863068308201595,-0.7328228137591934,0.6681503356310708,-1.7445539403573909,-0.7317199834960456,-0.2739651499990691,-0.230065096514375,-0.715112154075736,0.6005229013492988
safe_graph_adp,962.0,-0.11029961916338837,-0.731390558076418,0.6729798255290255,-1.7204764967272412,-0.7382300795031363,-0.2734782575999091,-0.23532790719336985,-0.7069445421514216,0.608325433496269
safe_graph_adp,964.0,-0.092370575343942,-0.7297678334651451,0.6774264432764767,-1.6967020744615344,-0.7442583461540884,-0.27276925547608083,-0.24041978492405525,-0.6988444853392219,0.6159639969958096
safe_graph_adp,966.0,-0.07497796780418747,-0.7279861597046746,0.68147960763503,-1.6734281240781357,-0.7497825082836846,-0.27186239487416963,-0.24530040170726936,-0.690881101799974,0.6233793823597211
safe_graph_adp,968.0,-0.05825747634036014,-0.7260827021998463,0.6851350056861947,-1.6508601294455676,-0.7547890241319198,-0.270788067366242,-0.24993152942228142,-0.683127344475991,0.6305117638885698
safe_graph_adp,970.0,-0.0423446453216992,-0.7240995449824681,0.6883943491696906,-1.6292088397894882,-0.7592730576973504,-0.26958209814399126,-0.25427776092310095,-0.6756590434241105,0.6373014747350221
safe_graph_adp,972.0,-0.02737362941765749,-0.7220827784570532,0.6912648880626348,-1.6086874502692219,-0.7632380547957248,-0.26828481994754405,-0.25830704739760146,-0.6685538751466199,0.6436897083819851
safe_graph_adp,974.0,-0.013476138681194464,-0.7200814311100626,0.6937586945449614,-1.589508885025338,-0.7666949282276525,-0.2669399774292389,-0.2619910070936251,-0.6618903092980477,0.6496191030977154
safe_graph_adp,976.0,-0.0007806212582756621,-0.7181462780886697,0.6958917400701364,-1.5718833211505645,-0.7696608790712121,-0.26559351956004706,-0.26530497769666106,-0.6557465817207987,0.6550341760080685
safe_graph_adp,978.0,0.010588297457938526,-0.7163285596956769,0.6976827950589432,-1.5560160611237777,-0.7721578985866335,-0.264292338082408,-0.26822780431654214,-0.6501997356678619,0.6598815869229141
safe_graph_adp,980.0,0.02051012148052527,-0.7146786396356811,0.6991521844100512,-1.5421058183183531,-0.774211006985997,-0.26308300315265915,-0.2707413749111573,-0.6453247610087137,0.6641102274415299
safe_graph_adp,982.0,0.02886856022466094,-0.7132446268881037,0.7003204326919249,-1.530343429953202,-0.7758462908563104,-0.2620105344300301,-0.27282993303744507,-0.6411938455151085,0.6676711465684441
safe_graph_adp,984.0,0.03555141776343607,-0.7120709773017593,0.701206831098733,-1.5209109593107941,-0.7770888008995032,-0.26111722897273276,-0.2744792127437059,-0.6378757346771213,0.6705173387879836
safe_graph_adp,986.0,0.0404503580316533,-0.7111970825447534,0.7018279549255232,-1.5139810986795472,-0.7779603674054968,-0.2604415488093195,-0.2756754517535407,-0.6354351786647121,0.6726034334358021
safe_graph_adp,988.0,0.0434606255131369,-0.710655846160615,0.7021961566028022,-1.5097167397003286,-0.7784773847568061,-0.2600170534213895,-0.27640434726437635,-0.6339324286205792,0.6738853349692564
safe_graph_adp,990.0,0.044480815864333945,-0.7104722404803938,0.7023180565291002,-1.5082705408593866,-0.7786486109356577,-0.2598713478667727,-0.2766500247878278,-0.6334227307673189,0.6743198725308887
safe_graph_adp,992.0,0.044059759478828814,-0.7104367143021918,0.7023805325933895,-1.5088578024492463,-0.7787363788681572,-0.2599803751686671,-0.2766032900330648,-0.6336092961782283,0.6741217132436645
safe_graph_adp,994.0,0.04281590254799523,-0.7103298791943655,0.7025654853554353,-1.5105930838460573,-0.7789962496921163,-0.2603026716093005,-0.2764651348784447,-0.6341601358668375,0.6735357974354876
safe_graph_adp,996.0,0.04079163566016999,-0.7101514548818126,0.7028662416060489,-1.5134186212418723,-0.7794189744810868,-0.2608272257657946,-0.27623927609841264,-0.6350559380956452,0.6725808324130299
safe_graph_adp,998.0,0.03803408734625115,-0.7099006019619395,0.7032741595806102,-1.5172708641266848,-0.7799926016311809,-0.26154131513517,-0.2759289218633888,-0.636275244219184,0.6712772781425655
safe_graph_adp,1000.0,0.03459417472216398,-0.7095761423764136,0.7037790429143939,-1.522081604155608,-0.780703035642952,-0.26243084118076443,-0.2755369079884757,-0.637794892559566,0.6696470271405962
safe_graph_adp,1002.0,0.030525675540410455,-0.7091767810227438,0.7043695595289596,-1.5277790637756377,-0.781534601340702,-0.26348065898235234,-0.2750658438348345,-0.6395904500422321,0.667713097155081
safe_graph_adp,1004.0,0.025884339426037056,-0.7087013161629715,0.7050336484461928,-1.5342889317159416,-0.7824705921113213,-0.26467489477885137,-0.27451825676794617,-0.6416366237895632,0.6654993386824832
safe_graph_adp,1006.0,0.020727052992600553,-0.7081488287278559,0.7057589005075373,-1.5415353349321945,-0.7834937844387039,-0.26599724579927797,-0.27389672599667075,-0.6439076463220517,0.6630301589848676
safe_graph_adp,1008.0,0.0151110705547141,-0.7075188432993079,0.7065329022226069,-1.5494417386416794,-0.7845869049646003,-0.26743125780456173,-0.2732039988022289,-0.6463776293786123,0.660330264054607
safe_graph_adp,1010.0,0.009093319294540372,-0.7068114562518948,0.7073435352466886,-1.5579317678380078,-0.7857330402777677,-0.26896057673280405,-0.27244308442080845,-0.6490208826409256,0.6574244198467438
safe_graph_adp,1012.0,0.0027297850168410934,-0.7060274290587276,0.7081792270961393,-1.566929945260636,-0.786915983419079,-0.27056917177272344,-0.2716173230042155,-0.6518121948349871,0.6543372339968458
safe_graph_adp,1014.0,-0.003925017936419986,-0.7051682469793078,0.7090291515067125,-1.576362342309784,-0.7881205145343417,-0.2722415280940593,-0.2707304290241024,-0.6547270757870302,0.6510929591178217
safe_graph_adp,1016.0,-0.010818491414437498,-0.7042361451582612,0.709883379222354,-1.5861571408974553,-0.7893326160968079,-0.27396280833791603,-0.26978651011991317,-0.6577419590268944,0.6477153185932718
safe_graph_adp,1018.0,-0.017900313777922904,-0.7032341055322845,0.7107329819157542,-1.5962451057270546,-0.7905396255882746,-0.27571898280249335,-0.26879006366937824,-0.660834365451414,0.6442273555456931
safe_graph_adp,1020.0,-0.02512271864214743,-0.7021658288663469,0.7115700933713163,-1.6065599679826228,-0.7917303304410341,-0.27749692903133166,-0.26774595426764564,-0.6639830293722736,0.6406513053581537
safe_graph_adp,1022.0,-0.03244069645704134,-0.7010356867493901,0.7123879330232885,-1.6170387228462761,-0.7928950114070342,-0.2792845022000339,-0.2666593758499608,-0.6671679889651707,0.6370084917819845
safe_graph_adp,1024.0,-0.039812124601150044,-0.6998486585273175,0.7131807974786315,-1.6276218445991173,-0.7940254413684352,-0.2810705782823946,-0.26553580241836067,-0.6703706436998956,0.6333192462916513
safe_graph_adp,1026.0,-0.047197832597335405,-0.6986102580034058,0.7139440258245242,-1.638253424244632,-0.7951148469900167,-0.2828450724413541,-0.2643809312854262,-0.673573781757662,0.6296028499752662
safe_graph_adp,1028.0,-0.05456160966235645,-0.6973264543653053,0.7146739443923811,-1.6488812355783036,-0.7961578406081609,-0.28459893542429626,-0.2632006224864524,-0.6767615807312959,0.6258774968986974
safe_graph_adp,1030.0,-0.06187016209837232,-0.696003591274215,0.715367796294547,-1.6594567363786816,-0.7971503294306647,-0.28632413094368075,-0.26200083759638537,-0.6799195850598648,0.6221602775733597
safe_graph_adp,1032.0,-0.06909302805236565,-0.6946483074400267,0.7160236605345252,-1.6699350118943599,-0.7980894085652898,-0.2880135970982148,-0.2607875806777457,-0.6830346636814497,0.6184671809080611
safe_graph_adp,1034.0,-0.07620245694861266,-0.6932674613612867,0.7166403648781389,-1.680274668045016,-0.7989732436778977,-0.2896611948485914,-0.25956684353217285,-0.6860949513099851,0.6148131128437162
safe_graph_adp,1036.0,-0.08317326048392026,-0.6918680622745677,0.7172173960138649,-1.6904376817542799,-0.7998009482708887,-0.291261646422012,-0.2583445568740392,-0.6890897765716136,0.61121192976052
safe_graph_adp,1038.0,-0.08998264151137625,-0.6904572087668431,0.7177548098679206,-1.700389215611182,-0.8005724597269694,-0.29281046630103047,-0.25712654852271744,-0.6920095799918399,0.6076764847094916
safe_graph_adp,1040.0,-0.0966100064703643,-0.6890420359784204,0.7182531443053413,-1.710097403647322,-0.8012884174281433,-0.29430388717552786,-0.2559185092435092,-0.6948458245263923,0.6042186845490564
safe_graph_adp,1042.0,-0.10303676628931846,-0.6876296718753302,0.7187133358643529,-1.7195331144557022,-0.801950045469784,-0.2957387829221477,-0.25472596646982776,-0.6975909009947531,0.6008495561545066
safe_graph_adp,1044.0,-0.10924612992836584,-0.6862272027034125,0.7191366416513099,-1.728669697202877,-0.8025590417683255,-0.2971125903416992,-0.2535542658170311,-0.7002380304226337,0.5975793200038492
safe_graph_adp,1046.0,-0.11522289397043044,-0.684841647450403,0.7195245670736315,-1.7374827153358376,-0.8031174747223467,-0.29842323104754975,-0.2524085600511288,-0.7027811649426378,0.5944174696170407
safe_graph_adp,1048.0,-0.12095323093358132,-0.6834799409316328,0.7198787997092423,-1.7459496719923484,-0.8036276880364193,-0.29966903456930294,-0.25129380499873394,-0.7052148885524532,0.5913728555264534
safe_graph_adp,1050.0,-0.12642447827985748,-0.6821489249712991,0.7202011492993934,-1.7540497303166604,-0.8040922138542164,-0.30084866342513733,-0.25021476177027835,-0.7075343186956881,0.5884537726749484
safe_graph_adp,1052.0,-0.13162492944587634,-0.6808553470650094,0.7204934936009857,-1.7617634310840549,-0.8045136939664704,-0.30196104062886064,-0.24917600460715508,-0.7097350093175292,0.5856680503659025
safe_graph_adp,1054.0,-0.13654362762228728,-0.679605865870336,0.7207577296362331,-1.7690724092636765,-0.8048948085513066,-0.3030052798368205,-0.2481819336448944,-0.7118128557587484,0.583023144120254
safe_graph_adp,1056.0,-0.1411701624620829,-0.6784070628705179,0.7209957297223241,-1.775959110409744,-0.8052382116580102,-0.3039806181056067,-0.2472367918986157,-0.7137640015878652,0.5805262290242292
safe_graph_adp,1058.0,-0.14549446939773758,-0.6772654595830169,0.7212093015418448,-1.7824065070709691,-0.8055464724477898,-0.3048863510221293,-0.24634468581434352,-0.7155847472311726,0.5781842943746763
safe_graph_adp,1060.0,-0.14950663078687867,-0.676187539731007,0.7214001514161774,-1.7883978147464903,-0.8058220210433431,-0.3057217697796598,-0.24550960878171704,-0.717271460040958,0.576004239645294
safe_graph_adp,1062.0,-0.15319667767608758,-0.6751797758547411,0.721569849859146,-1.7939162062891092,-0.8060670976995166,-0.3064860996019316,-0.24473546706252902,-0.7188204852393465,0.5739929720064098
safe_graph_adp,1064.0,-0.1565543905608521,-0.6742486599046561,0.7217197984071767,-1.7989445230548737,-0.8062837038764424,-0.30717843875652534,-0.24402610764866023,-0.7202280569835298,0.5721575058344316
safe_graph_adp,1066.0,-0.159569097113298,-0.673400737423367,0.7218511966355061,-1.8034649805108103,-0.8064735536604047,-0.3077976972417896,-0.2433853476162751,-0.7214902086115611,0.5705050648469326
safe_graph_adp,1068.0,-0.16222946443313863,-0.6726426449841819,0.7219650081675847,-1.8074588654261465,-0.8066380238220109,-0.3083425340709594,-0.24281700458495467,-0.7226026809395045,0.5690431876985526
safe_graph_adp,1070.0,-0.16452328293457086,-0.6719811506043801,0.722061924356107,-1.8109062211708344,-0.8067781006106779,-0.3088112919046575,-0.24232492791504925,-0.7235608272828564,0.5677798380753679
safe_graph_adp,1072.0,-0.16643723849389808,-0.6714231968869221,0.7221423241471663,-1.813785517010885,-0.806894321141961,-0.3092019275894394,-0.24191303027770208,-0.724359513659349,0.5667235205353895
safe_graph_adp,1074.0,-0.16795666892828587,-0.6709759466582867,0.7222062284199231,-1.8160732966036193,-0.8069867069201546,-0.30951193693521073,-0.24158531920225637,-0.7249930123870759,0.5658834035651438
safe_graph_adp,1076.0,-0.1690653002309802,-0.6706468308550818,0.7222532468060242,-1.8177438001366186,-0.8070546866292586,-0.3097382717965823,-0.24134592813563785,-0.7254548870107896,0.5652694515617986
safe_graph_adp,1078.0,-0.1697449572243026,-0.6704435983577273,0.7222825146146499,-1.8187685536998144,-0.8070970047917234,-0.3098772471991227,-0.24119914642519272,-0.725737866158236,0.5648925677118991
safe_graph_adp,1080.0,-0.16997524237558356,-0.6703743673620126,0.7222926169935167,-1.819115918507928,-0.8071116121996004,-0.3099244358554521,-0.24114944744321254,-0.7258337035338226,0.5647647500259627
safe_graph_adp,1082.0,-0.1694610951845809,-0.6694993448537142,0.7232244219184595,-1.8187056777851274,-0.8084599038172237,-0.31036413386474615,-0.24159379349097562,-0.7255087777132199,0.564750880316353
safe_graph_adp,1084.0,-0.16793347448965132,-0.6669093965310189,0.7259684600342262,-1.8174764097307117,-0.8124415517954358,-0.31165863674049343,-0.24290923545829698,-0.7245425043252406,0.5647142258702462
safe_graph_adp,1086.0,-0.16542380792221267,-0.6626675188973578,0.7304154455999236,-1.81542972900004,-0.8189300160613084,-0.3137569598686268,-0.24506122639125696,-0.7229501360956504,0.5646633210798189
safe_graph_adp,1088.0,-0.16196199389490504,-0.656826028332734,0.73644272081285,-1.8125562143004317,-0.8277968380880637,-0.316602987177505,-0.2480173319253149,-0.7207415625674023,0.5646074313740728
safe_graph_adp,1090.0,-0.1575775873803909,-0.6494297776372955,0.7439154978042519,-1.808835947291506,-0.8389105305080764,-0.32013539984346473,-0.2517468530211592,-0.7179222211940082,0.5645569343094368
safe_graph_adp,1092.0,-0.15230107508775925,-0.640519492651666,0.7526879579615745,-1.804238722303228,-0.8521353070080425,-0.3242874526153487,-0.2562204792463195,-0.7144939492806541,0.5645237909356596
safe_graph_adp,1094.0,-0.14616516780971045,-0.6301351271658191,0.7626043962834702,-1.7987239710547822,-0.8673297967182522,-0.3289866732994,-0.26141000165707823,-0.7104557656451959,0.5645220853842112
safe_graph_adp,1096.0,-0.1392060380447108,-0.6183191306263699,0.7735005699243827,-1.7922404310937325,-0.8843458731557138,-0.33415454888496104,-0.26728811270326586,-0.7058045648973104,0.5645686126921446
safe_graph_adp,1098.0,-0.13146443037207853,-0.6051195133780588,0.7852053731833771,-1.784725575779307,-0.903027713393519,-0.33970624957592954,-0.27382831723711615,-0.7005357006356838,0.564683494369206
safe_graph_adp,1100.0,-0.12298657284695085,-0.5905925837864623,0.7975429160087827,-1.776104816455035,-0.923211186191545,-0.34555042865670443,-0.281004973205619,-0.6946434275635126,0.5648907990326028
safe_graph_adp,1102.0,-0.11382482215262324,-0.5748052260249863,0.8103350307103155,-1.76629048376149,-0.944723646439411,-0.35158912110253127,-0.28879347247020337,-0.6881211676259592,0.5652191423209568
safe_graph_adp,1104.0,-0.10403798520616865,-0.5578365914425281,0.823404174680954,-1.7551805951848147,-0.9673841863798254,-0.35771774718741384,-0.2971705610715603,-0.6809615629648257,0.5657022368208183
safe_graph_adp,1106.0,-0.09369127632722252,-0.5397790938382424,0.8365766400009875,-1.7426574209285655,-0.9910043618448783,-0.3638252098631218,-0.3061147839871625,-0.6731562799143332,0.5663793591793791
safe_graph_adp,1108.0,-0.08285589175556347,-0.5207386311748442,0.8496859297431846,-1.7285858718488814,-1.015389375692533,-0.36979405805794047,-0.3156070220769711,-0.6646955344317336,0.5672956978042922
safe_graph_adp,1110.0,-0.071608210724532,-0.50083400212954,0.8625761221293683,-1.7128117543705876,-1.0403396636844902,-0.37550067481481625,-0.32563106868651515,-0.6555673210802564,0.5685025398811792
safe_graph_adp,1112.0,-0.06002866172236334,-0.4801955414608411,0.8751050232588953,-1.6951599722486392,-1.065652794168581,-0.3808154426802747,-0.33617417048438775,-0.6457563456601224,0.5700572495416971
safe_graph_adp,1114.0,-0.0482003204281344,-0.4589630571156609,0.8871469107840436,-1.67543280975798,-1.0911255665921213,-0.3856028429628509,-0.34722743159768826,-0.6352426866640339,0.5720229779343657
safe_graph_adp,1116.0,-0.036207328332063284,-0.4372832066125473,0.8985946953937033,-1.6534085134690004,-1.116556179355432,-0.38972146499085714,-0.3587859517797403,-0.6240002443681714,0.574468028317807
safe_graph_adp,1118.0,-0.024133235051265894,-0.41530649291891564,0.9093613714609561,-1.6288405103707704,-1.1417463382228172,-0.3930239415044398,-0.3708485379617717,-0.6119950812034761,0.577464772846519
safe_graph_adp,1120.0,-0.012059370890520192,-0.39318408484761036,0.9193806866561164,-1.6014577701657364,-1.166503194492029,-0.39535689264697965,-0.38341679454685085,-0.5991838174589482,0.5810879812827525
safe_graph_adp,1122.0,-6.334899092296774e-05,-0.37106467084700534,0.9286070245459642,-1.5709670490308965,-1.190641037889811,-0.3965610599232171,-0.3964933639107995,-0.5855123285381442,0.585412377095935
safe_graph_adp,1124.0,0.011782220136064673,-0.3490915382787531,0.9370145554850464,-1.5370580431383656,-1.213982721738082,-0.39647194843856964,-0.41007906257576215,-0.5709151008415803,0.5905091905883909
safe_graph_adp,1126.0,0.0234107420300899,-0.3274000363766043,0.9445957618675824,-1.4994128144323664,-1.236360864942485,-0.3949214719615806,-0.4241686575537197,-0.5553157470611025,0.5964414489275067
safe_graph_adp,1128.0,0.03476234626071755,-0.3061155358329966,0.951359478853355,-1.457721168090103,-1.2576189526398056,-0.426863842617979,-0.4059945406088953,-0.5637262277607928,0.5789373308016786
safe_graph_adp,1130.0,0.04578428145344602,-0.28535194811356157,0.9573286088274949,-1.411703826432167,-1.2776125376111802,-0.43610724255677624,-0.40902003164117984,-0.5566062099811008,0.5768037913504455
safe_graph_adp,1132.0,0.05643101245218999,-0.26521081956049897,0.9625376678456118,-1.3611450151795665,-1.296210814596703,-0.4448805479530109,-0.41195047726744566,-0.5496192300611659,0.5747145415587844
safe_graph_adp,1134.0,0.06666405206551322,-0.2457809741661253,0.9670303081600686,-1.3059350928374194,-1.3132988763744522,-0.45317353635556423,-0.4147700905565049,-0.54280175565946,0.5726829593935451
safe_graph_adp,1136.0,0.0764515710909449,-0.22713864772612097,0.9708569369309132,-1.2461217003288585,-1.3287809281949783,-0.4609809945417595,-0.4174657971417985,-0.5361870221026339,0.5707208671642932
safe_graph_adp,1138.0,0.0857678355519388,-0.20934803609468336,0.974072522026997,-1.1819643547872007,-1.342584591141674,-0.46830189037288433,-0.42002707383078003,-0.5298050013667133,0.5688385159684183
safe_graph_adp,1140.0,0.09459252013628776,-0.19246217097121093,0.9767346455815492,-1.1139828459297967,-1.3546661293975708,-0.47513856107814023,-0.4224457268753724,-0.5236824875595845,0.5670446259728932
safe_graph_adp,1142.0,0.1029099429194895,-0.17652403640671813,0.9789018378872251,-1.0429857142325014,-1.3650160016687878,-0.4814959388430355,-0.42471563152607333,-0.5178432782972702,0.5653464710577123
safe_graph_adp,1144.0,0.11070825993556181,-0.1615678457871666,0.9806322003634872,-0.9700641560883361,-1.3736636650474245,-0.48738082784806286,-0.4268324511867415,-0.512308431168312,0.563749996553364
safe_graph_adp,1146.0,0.117978650264524,-0.14762041007397908,0.9819823076875425,-0.8965416497200313,-1.3806802569910288,-0.4928012406720306,-0.42879335078290404,-0.507096575803966,0.5622599597378152
safe_graph_adp,1148.0,0.12471451405105519,-0.1347025414311738,0.9830063658578169,-0.8238809700253596,-1.386177887567525,-0.4977657965632699,-0.4305967152716554,-0.5022242644195254,0.5608800841510251
safe_graph_adp,1150.0,0.1309106979776657,-0.12283045033849849,0.9837555944565916,-0.7535644697153215,-1.390304902192921,-0.5022831796291501,-0.4322418808370333,-0.49770634661578406,0.5596132204035784
safe_graph_adp,1152.0,0.1365627556326057,-0.1120171076645285,0.9842777968462473,-0.6869737155472052,-1.3932374649891899,-0.5063616514941174,-0.43372888339093474,-0.49355635736575204,0.5584615078162979
safe_graph_adp,1154.0,0.1416662441429537,-0.10227355520166537,0.9846170804819714,-0.6252950232312627,-1.395168759817571,-0.5100086103232256,-0.43505822660001603,-0.48978691019276155,0.557426532798403
safe_graph_adp,1156.0,0.14621605340954166,-0.09361015848341096,0.9848136899708739,-0.5694678742324637,-1.396297594493097,-0.5132301861358807,-0.4362306697795328,-0.48641009039588134,0.5565094812702657
safe_graph_adp,1158.0,0.15020576018018642,-0.08603780424124528,0.9849039170650288,-0.5201790729710195,-1.3968180607084637,-0.5160308608478988,-0.43724703458952147,-0.4834378456974346,0.5557112836200735
safe_graph_adp,1160.0,0.1536269958535777,-0.079569051736366,0.9849200536849578,-0.47789374784010996,-1.3969113057851048,-0.5184131002748422,-0.43810802846990227,-0.48088237383317184,0.5550327516374284
safe_graph_adp,1162.0,0.15646881410419652,-0.074219252653222,0.9848903556987567,-0.44290883902874234,-1.396739734914885,-0.5203769842046139,-0.4388140820869251,-0.4787565083736316,0.5544747075946833
safe_graph_adp,1164.0,0.15871704193608885,-0.07000765854263513,0.9848389859994554,-0.4154152730093231,-1.3964433570307735,-0.5219198194075412,-0.4393651976685862,-0.47707410546957973,0.554038106160257
safe_graph_adp,1166.0,0.16035359539730928,-0.06695853821777582,0.9847859049574659,-0.3955589168539279,-1.3961376285189935,-0.5230357189069315,-0.4397608049313127,-0.4758504352709046,0.5537241501381026
safe_graph_adp,1168.0,0.16135573872754044,-0.06510233024892392,0.9847466741126115,-0.38349486718637665,-1.3959120123531477,-0.5237151287894873,-0.4399996213171314,-0.47510258247773274,0.5535344011358111
safe_graph_adp,1170.0,0.16169526301414952,-0.06447685789196446,0.9847321344991057,-0.3794329784064343,-1.3958284683300377,-0.5239442810890321,-0.4400795134732223,-0.47484986081297026,0.5534708861549739
safe_graph_adp,1172.0,0.16272582855289863,-0.06444826229732424,0.9845642316317548,-0.37710028079540375,-1.3948665502868751,-0.5241994332574079,-0.4397978303163149,-0.4745681765274747,0.5536947430209734
safe_graph_adp,1174.0,0.1657760006845075,-0.06437019972216419,0.9840603614538992,-0.37037640191596727,-1.3920106181290615,-0.5249524253334007,-0.4389613291864853,-0.4737351065063475,0.5543581436930769
safe_graph_adp,1176.0,0.1707666754455143,-0.06425439639482666,0.9832141756002214,-0.35988372941354824,-1.387313377194284,-0.5261796323750908,-0.43758618328693666,-0.4723716698465461,0.5554442656076048
safe_graph_adp,1178.0,0.17762607233121455,-0.06411104382847409,0.9820075114210735,-0.34638095556756565,-1.3808136754698626,-0.5278585891778609,-0.4356852694356723,-0.4704947500569569,0.5569365726873803
safe_graph_adp,1180.0,0.18628774839013792,-0.0639489969832674,0.9804118525316625,-0.33067635024326447,-1.3725417789069903,-0.5299676409195232,-0.43326876904149875,-0.4681178265973166,0.5588185517440026
safe_graph_adp,1182.0,0.19668853698071836,-0.06377593684682462,0.9783896203965444,-0.3135519222568413,-1.3625240720994174,-0.5324855717806287,-0.4303447637234406,-0.4652516693634284,0.5610734215196939
safe_graph_adp,1184.0,0.20876643550122861,-0.06359850293688461,0.9758953867255947,-0.2957077644756853,-1.3507868754592156,-0.5353912232015443,-0.4269198333769836,-0.46190500984374944,0.5636838261555572
safe_graph_adp,1186.0,0.2224584665496411,-0.0634224008963609,0.9728770887038729,-0.27772953080128665,-1.3373593347664716,-0.5386631124091578,-0.42299966358792807,-0.4580852009503025,0.5666315245417428
safe_graph_adp,1188.0,0.2376985429276599,-0.06325249001255806,0.9692773210992192,-0.2600768378414852,-1.3222755251333522,-0.5422790619921067,-0.418589667348836,-0.4537988749710173,0.5698970875419446
safe_graph_adp,1190.0,0.25441537738102826,-0.06309285518235527,0.9650347700352602,-0.2430874339248837,-1.3055759931625064,-0.5462158522699713,-0.4136956231101521,-0.44905260574791106,0.5734596162063228
safe_graph_adp,1192.0,0.27253049162998494,-0.06294686756176202,0.9600858414725637,-0.22699119907039023,-1.2873089555731492,-0.5504489096376127,-0.40832432735050733,-0.4438535770710463,0.5772964954802304
safe_graph_adp,1194.0,0.29195639449673894,-0.06281723785526196,0.954366522013791,-0.21192875845366912,-1.2675313157282448,-0.5549520455945035,-0.40248425517174496,-0.43821025443327577,0.5813831992230646
safe_graph_adp,1196.0,0.3125950137800988,-0.06270606587570175,0.9478144895823297,-0.19797089745773094,-1.2463095854457271,-0.05767360634870383,-0.5807431258202187,-0.08024908050882829,0.8080663722868217
safe_graph_adp,1198.0,0.33433647849556475,-0.06261488958940231,0.9403714663625707,-0.18513643586441583,-1.223720730926643,-0.05309447768757305,-0.5719321258697202,-0.07566640040572943,0.815076202380407
safe_graph_adp,1200.0,0.3570583543450697,-0.06254473630580769,0.9319857764756003,-0.17340741563482967,-1.1998529094285124,-0.048890023866049924,-0.5624609703858088,-0.0714736288439269,0.8222766825946799
safe_graph_adp,1202.0,0.3806254328341941,-0.06249617794164974,0.9226150376091147,-0.1627412795577657,-1.174806030221428,-0.045045958926418585,-0.5523674876670317,-0.06765679678579666,0.8296285783418363
safe_graph_adp,1204.0,0.40489016067274347,-0.06246939137707223,0.9122288818774477,-0.15308020187184138,-1.1486920582029043,-0.0415425652922569,-0.5416952544040974,-0.06419634740161269,0.8370897775061588
safe_graph_adp,1206.0,0.4296937692664277,-0.06246422385279011,0.9008115704141897,-0.14435796452634295,-1.12163497890568,-0.03835713331237594,-0.5304937517422542,-0.06106958923403536,0.8446156610892736
safe_graph_adp,1208.0,0.4548681241198018,-0.06248026220385945,0.8883643433269198,-0.13650484423629075,-1.0937703570525636,-0.035465704421438045,-0.5188184557781143,-0.058252449597524326,0.8521597537256687
safe_graph_adp,1210.0,0.48023826286582777,-0.06251690359966283,0.8749073366042387,-0.12945095716767718,-1.0652444449184657,-0.03284427026463696,-0.5067307708578888,-0.05572068227198956,0.8596745810733835
safe_graph_adp,1212.0,0.5056255328592967,-0.06257342450370088,0.860480904533408,-0.12312844822514554,-1.036212828930859,-0.030469561615419728,-0.49429774434775486,-0.05345066419674644,0.8671126641011608
safe_graph_adp,1214.0,0.5308511814125223,-0.06264904392950507,0.8451462124908614,-0.11747283945612874,-1.006838639964261,-0.028319537032801722,-0.48159153238878466,-0.051419891337507226,0.8744275810657558
safe_graph_adp,1216.0,0.5557402017104915,-0.06274297687431128,0.8289850101514089,-0.11242378234319833,-0.9772903907577783,-0.026373657627692677,-0.4686886161551945,-0.049607259864690015,0.881575028592906
safe_graph_adp,1218.0,0.5801252030658556,-0.06285447412688512,0.8120985555029837,-0.10792539848357656,-0.9477395384501001,-0.024613013628325,-0.45566879575961083,-0.04799319783113253,0.8885138159269442
safe_graph_adp,1220.0,0.6038500616521266,-0.06298284545609414,0.7946057287869102,-0.10392634426272401,-0.9183578971164231,-0.023020351472856252,-0.4426140123531939,-0.04655969547305231,0.8952067326847635
safe_graph_adp,1222.0,0.6267731202747691,-0.06312746439073966,0.7766404437966297,-0.100379697092009,-0.8893150409322463,-0.021580036822661793,-0.4296070662826094,-0.04529026896216328,0.901621240958817
safe_graph_adp,1224.0,0.6487697422309106,-0.06328775422335407,0.7583485226009229,-0.09724273205424631,-0.8607758411572197,-0.02027797870252339,-0.4167303089217892,-0.044169882391681264,0.90772995692287
safe_graph_adp,1226.0,0.6697340800484389,-0.06346315629498238,0.7398842408206503,-0.09447663658556982,-0.8328982693727748,-0.019101532347137132,-0.4040643873290071,-0.04318484535360445,0.913510903868263
safe_graph_adp,1228.0,0.6895799870430482,-0.06365308283097755,0.7214067691086786,-0.0920461954291719,-0.80583157707079,-0.0180393927115748,-0.3916871145539383,-0.04232269805773259,0.9189475359519289
safe_graph_adp,1230.0,0.7082410689194584,-0.06385685743087693,0.703076731271115,-0.08991946709278967,-0.7797149310774764,-0.017081486515924265,-0.3796725256105108,-0.04157209204270094,0.9240285478696725
safe_graph_adp,1232.0,0.7256699351961887,-0.06407364667381756,0.6850530730930838,-0.08806746527901149,-0.7546765496013421,-0.01621886776535226,-0.3680901619718103,-0.04092267172939802,0.9287474984765797
safe_graph_adp,1234.0,0.7418367591373723,-0.06430238617387968,0.6674903938821184,-0.08646385334843074,-0.7308333492255209,-0.015443619624829695,-0.35700460841660897,-0.040364960059655154,0.9331022849514247
safe_graph_adp,1236.0,0.7567272861303856,-0.06454170387039002,0.6505368420675713,-0.08508465615200204,-0.7082910826363763,-0.014748764109232496,-0.34647528755733653,-0.03989025002263309,0.9370945080526527
safe_graph_adp,1238.0,0.7703404431763335,-0.06478984247959345,0.6343326240375466,-0.08390799103569138,-0.6871449229174877,-0.014128180102763392,-0.3365565013449672,-0.03949050283635789,0.9407287686231088
safe_graph_adp,1240.0,0.7826856981533276,-0.06504458199910577,0.6190091277669496,-0.08291381811534668,-0.6674804341717187,-0.013576529613643109,-0.3272976965400238,-0.03915825280743095,0.9440119315561185
safe_graph_adp,1242.0,0.793780300364455,-0.0653031620704076,0.6046886238196663,-0.08208370877918969,-0.649374860163803,-0.013089191796938853,-0.31874392309182675,-0.03888651835539148,0.9469523869975356
safe_graph_adp,1244.0,0.8036465079975946,-0.06556220296546439,0.5914844780090066,-0.08140063060798633,-0.63289866172702,-0.012662204058714275,-0.3109364504627365,-0.0386687182983461,0.9495593307356697
safe_graph_adp,1246.0,0.8123088778414191,-0.06581762303336434,0.5795017924719924,-0.08084874636854111,-0.6181172383491091,-0.012292209424179081,-0.30391350657292326,-0.03849859220595122,0.9518420775045521
safe_graph_adp,1248.0,0.8197916615810691,-0.06606454964802946,0.5688383837980284,-0.08041322432963119,-0.6050927778632215,-0.01197640926012001,-0.2977111063431024,-0.03837012339609393,0.9538094130442248
safe_graph_adp,1250.0,0.826116323910895,-0.0662972200368293,0.5595860058859027,-0.08008005678851407,-0.5938861887352758,-0.011712520345800533,-0.2923639407907403,-0.03827746294963964,0.9554689837051733
safe_graph_adp,1252.0,0.8312991721950007,-0.0665088678239767,0.5518317287078366,-0.0798358833109975,-0.5845590804499889,-0.011498735150179549,-0.28790630232644504,-0.03821485291366805,0.9568267163846579
safe_graph_adp,1254.0,0.8353490662476794,-0.06669159067031218,0.5456593894115576,-0.07966781471279817,-0.5771757675923413,-0.01133368396109587,-0.28437302643465395,-0.03817654662952037,0.9578862566775398
safe_graph_adp,1256.0,0.8382651601521149,-0.06683619402165163,0.5411510366282681,-0.07956325317366375,-0.5718052812691651,-0.011216397184412426,-0.28180043355280754,-0.03815672382938864,0.9586484092253317
safe_graph_adp,1258.0,0.8400346157473616,-0.06693200570628838,0.5383882901385543,-0.07950970299291273,-0.5685233765341045,-0.011146265638740082,-0.28022725701935897,-0.03814939776360023,0.9591105612159588
safe_graph_adp,1260.0,0.8406302193873224,-0.06696665600707163,0.5374535340250846,-0.07949456525286304,-0.5674145255013768,-0.011122995948266047,-0.2796955428057732,-0.0381483111149462,0.9592660677073885
safe_graph_adp,1262.0,0.8408083455588126,-0.06683766855147097,0.5371908898159539,-0.0793253513653355,-0.5671031058191112,-0.011093404158948848,-0.27954711182824976,-0.038068878221951596,0.9593128317517559
safe_graph_adp,1264.0,0.8413367605425385,-0.0664504072135086,0.536411035252768,-0.07881831558648904,-0.5661787886589777,-0.01100505097309398,-0.279106526280098,-0.03783076415548298,0.9594515460013334
safe_graph_adp,1266.0,0.8422044010584286,-0.06580511193244493,0.5351274932961039,-0.07797594892255254,-0.5646586604067856,-0.010859045183190918,-0.2783817993704266,-0.03743492019584372,0.9596792597878334
safe_graph_adp,1268.0,0.8434023386005598,-0.06489990419752532,0.5333483830276966,-0.07679876700331041,-0.562554035874749,-0.010656385575317959,-0.2773780834649035,-0.03688128947118127,0.959993547242246
safe_graph_adp,1270.0,0.8449234421282094,-0.06373095524763622,0.5310769645592268,-0.07528552227457706,-0.5598710790336717,-0.010398001645144015,-0.2760979700336127,-0.03616890763091525,0.960392421162252
safe_graph_adp,1272.0,0.8467620668831064,-0.06229261665232034,0.5283120592968297,-0.07343338656239506,-0.5566112990044805,-0.010084796610767105,-0.27454172690491385,-0.03529598768294465,0.9608742531251802
safe_graph_adp,1274.0,0.8489137589280754,-0.06057752272938971,0.5250483726692005,-0.07123811233282996,-0.5527719494152538,-0.009717693307495773,-0.2727074868682286,-0.03425999331548712,0.9614376973578783
safe_graph_adp,1276.0,0.8513749657321752,-0.058576672990283074,0.5212767413820868,-0.06869417986131948,-0.5483463542700462,-0.009297683638831855,-0.27059139918041847,-0.033057704449883346,0.9620816160519022
safe_graph_adp,1278.0,0.8541427436157778,-0.05627950210099508,0.5169843239129942,-0.06579493678988904,-0.5433241801280271,-0.00882588230420497,-0.2681877538672765,-0.03168527840711227,0.9628050039387214
safe_graph_adp,1280.0,0.8572144531721311,-0.05367394461538459,0.5121547509710603,-0.06253273611134234,-0.537691672325554,-0.008303585529737121,-0.26548908770729557,-0.030138309877668305,0.9636069100278474
safe_graph_adp,1282.0,0.8605874339696138,-0.05074650192372714,0.5067682518036232,-0.05889907841941518,-0.5314318719674238,-0.0077323354884878985,-0.26248628032875876,-0.028411892833201183,0.9644863544771903
safe_graph_adp,1284.0,0.8642586499989576,-0.04748231942943573,0.5008017724045914,-0.05488476425888808,-0.5245248303191369,-0.007113990999699608,-0.2591686488715115,-0.02650068758799223,0.9654422386303259
safe_graph_adp,1286.0,0.8682242975752363,-0.043865282900410814,0.4942291028015797,-0.050480062563730894,-0.5169478379517564,-0.006450804924528946,-0.2555240501154873,-0.0243989963924702,0.966473246346449
safe_graph_adp,1288.0,0.8724793678833429,-0.039878144220942505,0.4870210326375814,-0.04567490145171689,-0.5086756874554172,-0.005745508403949528,-0.2515389998277827,-0.022100851204586314,0.9675777349003292
safe_graph_adp,1290.0,0.8770171572618051,-0.03550268836991617,0.47914555720253804,-0.04045908801689029,-0.4996809906853952,-0.005001401681356862,-0.24719882030122775,-0.019600117621552903,0.9687536139866134
safe_graph_adp,1292.0,0.8818287199045511,-0.03071995532402738,0.4705681598837629,-0.03482256418807017,-0.4899345742600318,-0.004222450679495431,-0.24248782861399673,-0.016890619343097033,0.9699982117831635
safe_graph_adp,1294.0,0.8869022602426394,-0.025510532644256373,0.46125220162152497,-0.028755706154257227,-0.4794059802758206,-0.0034133877143254854,-0.23738957997271298,-0.013966287948456993,0.9713081276843263
safe_graph_adp,1296.0,0.8922224662397206,-0.01985493660165864,0.45115945321987294,-0.022249675234755226,-0.468064102750354,-0.0025798136794949254,-0.23188718250981855,-0.01082134316052415,0.9726790722952969
safe_graph_adp,1298.0,0.8977697906545478,-0.013734101596792623,0.4402508119713337,-0.015296828313180588,-0.4558779938424504,-0.0017282976775919528,-0.2259637019238936,-0.007450509081662254,0.9741056966851244
safe_graph_adp,1300.0,0.9035196954908596,-0.0071299989667683115,0.42848724948922096,-0.007891195957775474,-0.4428178769612817,-0.0008664683713840162,-0.21960267612072135,-0.003849272033473797,0.9755814148383473
safe_graph_adp,1302.0,0.9094418858525996,-2.6406542296281964e-05,0.4158310420826729,-2.903598646559464e-05,-0.42885640577757494,-3.0892657946326273e-06,-0.2127887611516916,-1.4185505431349755e-05,0.9770982258282718
safe_graph_adp,1304.0,0.9154995736122641,0.007590151177406068,0.40224733724521605,0.008290530654170321,-0.41397020793954564,0.0008518922620969608,-0.20550852972099007,0.004056772828846802,0.9786465455340381
safe_graph_adp,1306.0,0.9216488287528659,0.015729276497225202,0.3877061081790486,0.017064796428235655,-0.39814174872656427,0.0016873349946987352,-0.1977514416391232,0.008363788209625163,0.9802150617477007
safe_graph_adp,1308.0,0.9278380964931522,0.02439537770793258,0.37218454057423067,0.02628665342473687,-0.3813615414097564,0.0024909484376000753,-0.1895110009667647,0.012904738122053469,0.9817906311543502
safe_graph_adp,1310.0,0.9340079800265121,0.03358615856684802,0.35566987952245466,0.03594369017436924,-0.36363071599464175,0.0032494097419250704,-0.18078610623236568,0.017674664921400948,0.9833582416136986
safe_graph_adp,1312.0,0.9400914093465975,0.04329094083551361,0.33816273673233704,0.04601720503091881,-0.3449639345650567,0.003948572354140358,-0.17158258703608636,0.02266519694829578,0.9849010678487778
safe_graph_adp,1314.0,0.9460143320912818,0.05348886685840961,0.3196808167533505,0.056481148655102176,-0.32539260827313843,0.004573785794465445,-0.1619149018096008,0.027863928767250527,0.9864006521333749
safe_graph_adp,1316.0,0.9516970668021887,0.06414705891502481,0.3002629645371915,0.06730101635181103,-0.3049683277056381,0.005110343627256133,-0.15180794727693842,0.0332537778676038,0.9878372425602842
safe_graph_adp,1318.0,0.9570564452162462,0.07521884531896063,0.2799733665528285,0.07843272082034732,-0.28376636614643197,0.005544071037787816,-0.1412989010303535,0.03881234287557545,0.9891903183333585
safe_graph_adp,1320.0,0.9620088304085257,0.08664219595599376,0.2589056586788785,0.08982148703744901,-0.2618890578490248,0.005862053616982674,-0.1304389868209183,0.0445112964635892,0.9904393224885886
safe_graph_adp,1322.0,0.966474025315548,0.09833853593305895,0.23718661585532982,0.10140082299461706,-0.2394687976044962,0.006053494478501835,-0.11929502169548453,0.05031585377293961,0.9915646059951781
safe_graph_adp,1324.0,0.9703799788918042,0.110212117218742,0.21497903568512006,0.11309163202730008,-0.21667036356731173,0.006110667881657199,-0.10795058085200909,0.05618436301865314,0.9925485626325505
safe_graph_adp,1326.0,0.9736680595252556,0.12215011601629888,0.19248339932972972,0.12480154334094067,-0.19369224468275537,0.006029915332271431,-0.09650660716738908,0.062068067558217796,0.9933769022298201
safe_graph_adp,1328.0,0.9762985117406963,0.13402358128425085,0.1699379169951347,0.13642454559381414,-0.17076666944204227,0.005812607160516096,-0.08508130483656598,0.06791108670135665,0.9940399737778888
safe_graph_adp,1330.0,0.9782555673979095,0.1456892852047144,0.1476166556711454,0.1478410123814394,-0.14815809303138183,0.005465972507148008,-0.07380919534022498,0.07365065501591793,0.9945340149253348
safe_graph_adp,1332.0,0.9795515788109238,0.15699242499568247,0.12582560527572045,0.15891820651976035,-0.1261600067897398,0.00500368789539956,-0.06283927931116567,0.0792176468357359,0.9948621776471892
safe_graph_adp,1334.0,0.9802295113445673,0.16777001181226678,0.10489675031049667,0.1695113407374574,-0.10509007800590575,0.00444611336316426,-0.052332333498832616,0.08453739526554692,0.9950351691011959
safe_graph_adp,1336.0,0.9803632006988632,0.17785467889544307,0.0851804432395099,0.17946525490634813,-0.08528378842814183,0.0038200783820723423,-0.04245746460992762,0.08953079553687188,0.9950713579189115
safe_graph_adp,1338.0,0.9800549500124749,0.18707857317004814,0.06703657521610254,0.18861674422897262,-0.06708688632917273,0.0031581479983260148,-0.03338812284206456,0.0941156641948923,0.9949962317051548
safe_graph_adp,1340.0,0.9794302949338093,0.19527698406821895,0.05082515970552545,0.19679753981791498,-0.05084706707988829,0.0024973403793926655,-0.02529782800892674,0.09820831141571564,0.9948411485045912
safe_graph_adp,1342.0,0.9786300608253229,0.202291421624188,0.036896948197512075,0.20383790477540653,-0.036905325154434676,0.0018773152752559195,-0.01835586550339712,0.10172527605742718,0.994641395730149
safe_graph_adp,1344.0,0.9778001255921533,0.20797197881492888,0.02558457386340307,0.2095707679094251,-0.02558736583675128,0.0013381025432507836,-0.01272316290066295,0.10458517260934518,0.9944336439791549
safe_graph_adp,1346.0,0.9770795409391747,0.212178981496993,0.01719449007648367,0.21383627666170743,-0.017195337449125114,0.0009174850382475772,-0.00854846812801118,0.10671060501691956,0.9942529500538543
safe_graph_adp,1348.0,0.9765878313212699,0.2147841131039277,0.011999686386651056,0.21648661361293664,-0.011999974382733045,0.0006481870657568606,-0.005964835943268709,0.10803011187412015,0.9941295164686355
safe_graph_adp,1350.0,0.9764123870914087,0.2156713662854814,0.010232892993218803,0.21739088947882335,-0.010233071586251695,0.0005550472458776786,-0.005086318180410221,0.10848011717205716,0.9940854517938884
safe_graph_adp,1352.0,0.9762035922897494,0.2165954837454371,0.01062745602995908,0.21833834352475895,-0.010627656089272313,0.0005789518929246653,-0.005282169764684118,0.10895091802138399,0.9940329275026962
safe_graph_adp,1354.0,0.9755790982906416,0.21933149343368208,0.011794870349835663,0.22114486598339989,-0.011795143848653648,0.0006507771069003615,-0.005861522030502811,0.11034533707486308,0.9938758099654493
safe_graph_adp,1356.0,0.974537034145329,0.2238074418569369,0.013703942815107254,0.22574083262397837,-0.013704371780313031,0.0007717619098299786,-0.006808531426685411,0.11262826833058986,0.9936135674678658
safe_graph_adp,1358.0,0.9730644271131779,0.2299545371275639,0.016325793743357492,0.23206246318274482,-0.016326519053515676,0.0009450586083141415,-0.008108279108276504,0.1157671898825972,0.9932428305408582
safe_graph_adp,1360.0,0.9711388037055104,0.23770562761197672,0.019633098049623085,0.24005026835858181,-0.019634359559333996,0.0011754623512439482,-0.009746394766800236,0.1197313907724053,0.9927577852331434
safe_graph_adp,1362.0,0.9687296983669406,0.24699361142387233,0.023599309686719316,0.24964751719370484,-0.02360150075298345,0.0014691577312893598,-0.011708664351340001,0.12449119645837381,0.9921505383554609
safe_graph_adp,1364.0,0.9658001386710907,0.25774982355217774,0.028197882929809556,0.2607987313716049,-0.028201621053754535,0.0018334694382543136,-0.01398063194261379,0.13001720115023174,0.9914114724600298
safe_graph_adp,1366.0,0.9623081667972936,0.26990244826075266,0.03340150502722884,0.27344821550966614,-0.033407718937589766,0.0022766056313712007,-0.016547206362356435,0.1362795162999738,0.9905296060519575
safe_graph_adp,1368.0,0.9582084458514601,0.28337500867469473,0.03918135727034261,0.2875386368051261,-0.03919138926685981,0.0028073847301248434,-0.019392284339408827,0.1432470466793975,0.9894929719390164
safe_graph_adp,1370.0,0.9534539858161094,0.2980849915957048,0.045506425005297155,0.3030096728230563,-0.045522145706902516,0.003434938832217977,-0.02249840382251,0.15088680829477616,0.9882890235671312
safe_graph_adp,1372.0,0.9479980071729648,0.31394267186849467,0.05234288085459563,0.3197967521784385,-0.052366811675704755,0.0041683900401109,-0.025846442907740484,0.1591633054524019,0.9869050755320675
safe_graph_adp,1374.0,0.9417959404520847,0.330850205213239,0.05965356869736228,0.33782991867346496,-0.05968900549050031,0.005016499645400337,-0.029415381373539003,0.16803798711186377,0.9853287801324744
safe_graph_adp,1376.0,0.9348075375423551,0.34870105942776247,0.0673976179694395,0.35703285433088283,-0.06744874747927794,0.005987294319491152,-0.03318214249412654,0.17746880471880674,0.9835486368644458
safe_graph_adp,1378.0,0.9269990466285475,0.36737984941097385,0.07553021777099866,0.37732209987310783,-0.07560221706346126,0.007087677998861853,-0.03712153214405948,0.1874098944479823,0.9815545263177478
safe_graph_adp,1380.0,0.918345378915931,0.3867626300685399,0.08400257737843922,0.39860651168797595,-0.08410168550280062,0.008323042698726293,-0.04120628979250441,0.1978114056963617,0.9793382543422884
safe_graph_adp,1382.0,0.9088321743592082,0.40671768200066416,0.09276209353782547,0.4207869914430498,-0.09289564462153627,0.009696895568331896,-0.04540726154951193,0.20861949434070173,0.976894087092322
safe_graph_adp,1384.0,0.898457658370142,0.4271067981072589,0.10175273522911574,0.44375651773391367,-0.1019291432232323,0.011210522547113766,-0.0496936989472186,0.21977649351073064,0.9742192532327062
safe_graph_adp,1386.0,0.8872341749104121,0.4477870462978698,0.1109156437968504,0.4674004983159712,-0.11114433131127929,0.012862710408014644,-0.054033678916621135,0.23122126651225117,0.9713143868676947
safe_graph_adp,1388.0,0.8751892859251946,0.46861294710780305,0.12018993137816182,0.4915974468988116,-0.12048119844068948,0.014649548287034539,-0.058394631109124844,0.24288973649586737,0.9681838842376913
safe_graph_adp,1390.0,0.8623663440414758,0.48943896907652945,0.12951364489443862,0.5162199710557973,-0.12987847781452544,0.016564326711568312,-0.06274394928448329,0.2547155762953028,0.9648361493545577
safe_graph_adp,1392.0,0.8488244744958651,0.5101222137639795,0.13882484835704043,0.5411360389312877,-0.139274673761852,0.01859754668505508,-0.06704965512148045,0.2666310306400176,0.961283708644451
safe_graph_adp,1394.0,0.8346379411199312,0.5305251407026159,0.1480627648180054,0.5662104739337359,-0.1486091587929803,0.020737043966087866,-0.07128107670400494,0.2785678329311412,0.957543182090246
safe_graph_adp,1396.0,0.8198949158726744,0.5505181739190798,0.15716891267340996,0.5913066104851723,-0.15782327915743602,0.022968225058554118,-0.07540950108974846,0.2904581711865893,0.9536351076664474
safe_graph_adp,1398.0,0.8046957166124576,0.5699820377419449,0.1660881703105414,0.6162880320407296,-0.16686140588695772,0.025274402627371406,-0.07940876136483327,0.3022356536086935,0.9495836260583154
safe_graph_adp,1400.0,0.7891506179240722,0.5888096901388942,0.1747697085555582,0.6410203064548304,-0.17567187212171329,0.027637210185927814,-0.0832557234522304,0.3138362240889501,0.9454160425839911
safe_graph_adp,1402.0,0.7733773698828794,0.6069077543328164,0.18316774138405945,0.665372634131688,-0.1842077466910789,0.030037069972057698,-0.08693064611408297,0.3251989818937759,0.941162291727061
safe_graph_adp,1404.0,0.7574985762087317,0.6241973897372343,0.1912420604547217,0.6892193312135754,-0.19242740727672075,0.03245368465162133,-0.09041739801297079,0.3362668672828148,0.9368543357731228
safe_graph_adp,1406.0,0.7416390850038446,0.6406145861875038,0.19895833623770015,0.7124410824737963,-0.20029489229777897,0.03486652315859918,-0.09370352702284172,0.3469871849529278,0.93252553212486
safe_graph_adp,1408.0,0.7259235330591962,0.6561099058790065,0.20628818569732746,0.7349259150761989,-0.20778002696512832,0.037255273445789404,-0.09678018780891529,0.3573119487479715,0.9282100037869004
safe_graph_adp,1410.0,0.7104741612983175,0.6706477310641854,0.21320902172730036,0.7565698630276174,-0.21485833390253786,0.039600239641530616,-0.09964194282515372,0.36719804272472656,0.9239420445403987
safe_graph_adp,1412.0,0.6954089882445688,0.6842050995613913,0.21970371139981168,0.777277310987445,-0.22151075086927563,0.04188266729158782,-0.10228645847880509,0.3766072042454569,0.9197555850892272
safe_graph_adp,1414.0,0.680840394775766,0.6967702233250318,0.22576007780199894,0.7969610233200692,-0.22772318654917992,0.04408498712752835,-0.10471412190932868,0.38550584338616106,0.9156837397801976
safe_graph_adp,1416.0,0.6668741408425441,0.708340788115846,0.23137028367303522,0.8155418785158406,-0.23348594980985368,0.04619097432498595,-0.10692760468607487,0.3938647190785517,0.9117584462521752
safe_graph_adp,1418.0,0.6536088063606785,0.7189221262783332,0.23653013464505823,0.8329483395377045,-0.23879308852939185,0.048185825858733426,-0.10893139815112486,0.40165849588487706,0.9080102033384048
safe_graph_adp,1420.0,0.6411356260769766,0.7285253420570287,0.2412383364135405,0.8491156969944004,-0.24364167166710765,0.050056162927244414,-0.11073134173539217,0.40886520629541406,0.9044679063358133
safe_graph_adp,1422.0,0.6295386726263181,0.7371654522419676,0.2454957345633298,0.8639851244904719,-0.24803104355489508,0.05178996835204457,-0.11233416104264496,0.4154656423215836,0.901158773741483
safe_graph_adp,1424.0,0.6188953330343187,0.7448595865087966,0.24930455899217835,0.8775025845976326,-0.25196207328350173,0.05337647040857833,-0.11374702746840713,0.42144269743933416,0.8981083558924733
safe_graph_adp,1426.0,0.609277020662206,0.7516252734443999,0.25266768770979986,0.8896176203737837,-0.2554364153438811,0.05480598491571594,-0.11497714611890333,0.42678067615491844,0.8953406135926826
safe_graph_adp,1428.0,0.6007500657164588,0.757478821198453,0.25558793785598044,0.9002820620399666,-0.2584557909867365,0.056069726884863516,-0.11603137418301918,0.4314645841166697,0.8928780535914668
safe_graph_adp,1430.0,0.593376731482119,0.7624337866934088,0.2580673854712113,0.9094486720982153,-0.26102129352089554,0.05715960192008909,-0.11691586789309583,0.43547940719825623,0.8907419074285191
safe_graph_adp,1432.0,0.5872163089427992,0.7664995146042693,0.2601067100691837,0.9170697455304955,-0.2631327152374591,0.05806798616970507,-0.11763575285703078,0.43880938364893696,0.8889523403724153
safe_graph_adp,1434.0,0.5823262481120144,0.7696797167756488,0.2617045554512599,0.9230956753415557,-0.26478788892482485,0.05878750222588841,-0.11819480982046877,0.44143726946814993,0.8875286776426148
safe_graph_adp,1436.0,0.5787632890697114,0.7719710540449654,0.2628568944157917,0.9274734880706591,-0.2659820330267993,0.05931079718130847,-0.11859516572421026,0.44334359376446536,0.8864896355133395
safe_graph_adp,1438.0,0.5765845583539676,0.7733616751576027,0.2635563819473675,0.9301453494005327,-0.2667070863332246,0.059630328277004783,-0.1188369781290123,0.44450589810730395,0.8858535449647196
safe_graph_adp,1440.0,0.5758485960349755,0.7738296611809948,0.26379167902163714,0.9310470370200142,-0.2669510156162259,0.05973816139429676,-0.11891809956120306,0.44489795187128484,0.8856385549933544
safe_graph_adp,1442.0,0.5761956211295396,0.7738118305642891,0.26308526577877384,0.9307474388653214,-0.2662187354355589,0.05955749650369519,-0.11860274680562596,0.44478711524210185,0.8857486749496056
safe_graph_adp,1444.0,0.5772197403775515,0.773755713862752,0.2609970624034204,0.929861816066164,-0.26405492072969905,0.05902414322782247,-0.11767052767380588,0.44445897080404656,0.8860733720776159
safe_graph_adp,1446.0,0.5788852274837087,0.7736540020874259,0.25758761316345147,0.9284173022889809,-0.26052473297418555,0.05815566609154749,-0.11614837611857971,0.44392222402484266,0.8866005482985576
safe_graph_adp,1448.0,0.5811534149153008,0.7734950743502409,0.2529151602577422,0.9264417841304987,-0.25569219542538624,0.05697022389356078,-0.11406210241547508,0.4431852088404025,0.8873167985827656
safe_graph_adp,1450.0,0.5839830565474031,0.7732637645731344,0.247036313249159,0.9239637714233973,-0.24962057643442997,0.05548650943063409,-0.11143668984015281,0.4422559619538984,0.8882076196165545
safe_graph_adp,1452.0,0.587330641481326,0.7729420927960072,0.24000674732445013,0.9210122776841986,-0.2423728015114486,0.05372370295198499,-0.10829660118898246,0.44114229612478945,0.8892576029935251
safe_graph_adp,1454.0,0.5911506819641889,0.772509970474866,0.2318819025499753,0.9176167097823426,-0.23401187118357777,0.05170143307921318,-0.1046660839455281,0.43985187266784853,0.8904506178332688
safe_graph_adp,1456.0,0.5953959951734747,0.771945887395959,0.22271765952401057,0.9138067659814231,-0.22460126463692381,0.04943973974790662,-0.10056946429117071,0.4383922732729782,0.8917699870035977
safe_graph_adp,1458.0,0.6000179952272675,0.7712275853714649,0.21257096924451108,0.9096123415992087,-0.21420531163803924,0.04695903452193129,-0.0960314212665057,0.43677107106114665,0.89319866026008
safe_graph_adp,1460.0,0.6049670081611248,0.7703327209631988,0.20150041699711713,0.9050634416432922,-0.20288951749025544,0.044280054422303684,-0.09107723333631365,0.43499590054072956,0.8947193866575823
safe_graph_adp,1462.0,0.6101926187953899,0.769239516321138,0.18956670197491365,0.9001900998962951,-0.1907208279753529,0.041423806220115114,-0.08573299050992005,0.4330745258503795,0.8963148875679425
safe_graph_adp,1464.0,0.6156440544414197,0.7679273940387178,0.17683301647552643,0.895022304042035,-0.17776782351417003,0.038411498982518076,-0.08002576611977759,0.431014906396789,0.8979680305927522
safe_graph_adp,1466.0,0.621270606336485,0.7663775889360034,0.16336531112489655,0.8895899265367827,-0.16410083426431177,0.035264463538781154,-0.0739837434416303,0.4288252587454714,0.8996620036322333
safe_graph_adp,1468.0,0.627022085672754,0.7645737271057156,0.14923243581160425,0.8839226610335996,-0.149791970624435,0.032004058445248854,-0.06763629360041053,0.426514113426065,0.9013804874077374
safe_graph_adp,1470.0,0.6328493072554839,0.7625023606080873,0.13450614994619514,0.8780499642597835,-0.1349150666437125,0.028651562956932632,-0.061014002667002944,0.42409036519450544,0.903107823888082
safe_graph_adp,1472.0,0.6387045903812916,0.7601534450662167,0.11926100024663826,0.8720010033256373,-0.11954553709642883,0.025228058430857528,-0.054148647498951645,0.42156331527231883,0.9048291773912107
safe_graph_adp,1474.0,0.6445422636761265,0.7575207472367106,0.10357406934744874,0.8658046085059385,-0.10376015237560886,0.021754300453786585,-0.047073121666863955,0.4189427041714336,0.9065306846708663
safe_graph_adp,1476.0,0.650319158573186,0.7546021704885761,0.08752460389280937,0.8594892315832655,-0.08763673874052048,0.018250584759726008,-0.039821314661838116,0.41623873391601823,0.9081995900915839
safe_graph_adp,1478.0,0.6559950750080783,0.7513999880123565,0.07119353608422671,0.8530829098749872,-0.0712538146430026,0.014736610634152924,-0.032427949398964984,0.41346207878563546,0.9098243620672379
safe_graph_adp,1480.0,0.6615332028674963,0.7479209764065707,0.05466291754849946,0.8466132360841129,-0.054690176665213,0.01123134594946218,-0.024928384706051902,0.4106238841107504,0.9113947872913865
safe_graph_adp,1482.0,0.666900483774722,0.7441764458653591,0.03801528850665456,0.8401073341196005,-0.038024450842460304,0.007752898206301898,-0.01735839090245716,0.40773575312684635,0.912902039901743
safe_graph_adp,1484.0,0.6720678998665196,0.7401821672593119,0.02133300823405229,0.8335918410257992,-0.021334626664381115,0.004318395949065397,-0.009753907629541486,0.4048097224038655,0.914338723553633
safe_graph_adp,1486.0,0.6770106791575545,0.7359582006478359,0.004697574462020111,0.8270928951453159,-0.004697591739248768,0.0009438846792149023,-0.002150793714965104,0.4018582268756214,0.9156988853659754
safe_graph_adp,1488.0,0.6817084106691136,0.7315286338527626,-0.011811040449596714,0.820636130616791,0.0118113150748589,-0.002355759075389381,0.0054154210054701835,0.3988940559606983,0.9169780017719812
safe_graph_adp,1490.0,0.6861450664326869,0.7269212433409269,-0.028115010043827198,0.8142466782808742,0.028118715297992793,-0.005566892528232686,0.01290977232705933,0.3959303026570712,0.9181729373728691
safe_graph_adp,1492.0,0.6903089314556875,0.7221670925387587,-0.044139207136317415,0.8079491730361654,0.04415355222914903,-0.008677148019246813,0.02029807798639662,0.39298030777917403,0.9192818788761671
safe_graph_adp,1494.0,0.6941924464544004,0.717300084640834,-0.05981166993076807,0.8017677676538834,0.05984738953257004,-0.01167544966129371,0.027547126022594792,0.390057601670183,0.9203042470305169
safe_graph_adp,1496.0,0.6977919713553924,0.712356487875431,-0.075063965347804,0.7957261530272851,0.07513463724438253,-0.014552004769287157,0.03462482902178232,0.3871758457568294,0.9212405900929957
safe_graph_adp,1498.0,0.7011074800410743,0.7073744510480774,-0.08983143901154902,0.7898475848008367,0.08995269847215698,-0.017298270423417476,0.04150033969870676,0.38434877622330843,0.9220924627502903
safe_graph_adp,1500.0,0.7041421984450396,0.7023935260815268,-0.10405334635534788,0.7841549162960295,0.10424203310576094,-0.0199068962485785,0.04814412494374532,0.3815901518787943,0.9228622945511796
safe_graph_adp,1502.0,0.7069021988460827,0.6974542123601888,-0.11767286402396306,0.7786706376264254,0.11794613772383017,-0.02237164508262039,0.05452799708216604,0.37891370800113044,0.923553251804864
safe_graph_adp,1504.0,0.7093959630986347,0.6925975351669881,-0.13063698488549494,0.7734169208745748,0.1310114434128285,-0.024687293630259104,0.06062510256318,0.37633311758319454,0.9241690965848895
safe_graph_adp,1506.0,0.7116339266642107,0.6878646675883204,-0.14289630332547598,0.768415671188089,0.1433871353054899,-0.026849515445972926,0.06640986955054555,0.3738619610152579,0.9247140459906629
safe_graph_adp,1508.0,0.7136280138072392,0.683296602169674,-0.1544046999702828,0.7636885836412914,0.15502489923065807,-0.028854748660320208,0.07185791688196264,0.37151370483168633,0.9251926342029368
safe_graph_adp,1510.0,0.7153911723443429,0.678933875515676,-0.1651189365549912,0.7592572057020469,0.16587860193182258,-0.030700050773522797,0.07694592758535886,0.3693016897549445,0.9256095791718421
safe_graph_adp,1512.0,0.7169369140459327,0.6748163460879535,-0.17499817236416537,0.7551430051398227,0.17590391188286147,-0.03238294260998054,0.08165149059454853,0.36723912789995833,0.9259696550378339
safe_graph_adp,1514.0,0.7182788643267852,0.6709830227576824,-0.1840034136432996,0.7513674432096489,0.1850578678660428,-0.03390124318495668,0.0859529145227986,0.36533910866706276,0.9262775706417095
safe_graph_adp,1516.0,0.7194303223477956,0.6674719392615914,-0.19209690675520427,0.7479520529459581,0.1932984022637313,-0.03525289680970482,0.0898290173740957,0.36361461255525296,0.9265378537547303
safe_graph_adp,1518.0,0.720403830174059,0.6643200675870242,-0.199241484816082,0.7449185223984708,0.20058382555319076,-0.036435793283582076,0.09325889595280502,0.3620785318665474,0.9267547399689012
safe_graph_adp,1520.0,0.7212107472532587,0.6615632614276401,-0.20539987627946624,0.7422887826371336,0.2068722778960403,-0.037447581519620084,0.09622167853457934,0.3607436970389902,0.9269320645359944
safe_graph_adp,1522.0,0.7218608242230024,0.6592362191258081,-0.2105339826365266,0.7400851003419339,0.2121211531000801,-0.03828547645009771,0.09869626415122192,0.3596229071278567,0.9270731548289435
safe_graph_adp,1524.0,0.722361767933775,0.6573724538430187,-0.2146041312649854,0.7383301747730289,0.21628649972715208,-0.038946058585836225,0.10066105168999137,0.35872896273618243,0.9271807205111181
safe_graph_adp,1526.0,0.7227187875793291,0.6560042569483678,-0.21756830868829283,0.7370472388832536,0.21932240386012083,-0.03942506518197046,0.10209366198832573,0.35807469945829584,0.9272567379237867
safe_graph_adp,1528.0,0.7229341099497871,0.6551626386474616,-0.21938137931831095,0.736260164284202,0.22118035817124698,-0.039717171620587764,0.10297065629963906,0.3576730196231302,0.9273023246241511
safe_graph_adp,1530.0,0.7230064500669234,0.6548772275444509,-0.21999429539267315,0.735993569703363,0.2218086226194859,-0.03981576138876106,0.10326725500651848,0.35753691978585506,0.9273175994116013
safe_graph_adp,1532.0,0.7225641642283857,0.654794223500219,-0.22168796413806446,0.7362349738345357,0.22354516725416987,-0.040138747210074086,0.104067536108271,0.3576141297742036,0.9271844277632141
safe_graph_adp,1534.0,0.7212321293791777,0.6545437859338737,-0.22670828799699433,0.7369628152858019,0.22869663545483326,-0.041098470547345896,0.10644041926600449,0.3578468561506281,0.9267831355868847
safe_graph_adp,1536.0,0.718986978951749,0.6541081384213625,-0.23494737144470626,0.7381832093001328,0.2371644235866958,-0.04268051879096626,0.11033733216272452,0.3582348163639851,0.9261057514083413
safe_graph_adp,1538.0,0.7157747476480962,0.6534466872762219,-0.24632080203879597,0.7399087623905063,0.24888224893420588,-0.04487850027184042,0.11572270304105314,0.35877692536843026,0.9251342032577752
safe_graph_adp,1540.0,0.7115134415886876,0.6524972152840881,-0.26076043888046296,0.7421584415791862,0.2638098093861994,-0.04769296017208385,0.12257084460076219,0.35947137196098383,0.9238409507833953
safe_graph_adp,1542.0,0.7060951799863777,0.6511764671348104,-0.2782064079956317,0.7449576436018447,0.28192629189238033,-0.051130342927601546,0.13086264194812697,0.3603156657004624,0.9221893937935389
safe_graph_adp,1544.0,0.6993883802984227,0.649380494514005,-0.29859816953272744,0.7483384486924493,0.30322347527055676,-0.055201944777338065,0.1405819427164633,0.36130669414342964,0.920134194257561
safe_graph_adp,1546.0,0.6912404896406994,0.6469851572618743,-0.3218645549980829,0.7523400539562333,0.3276981824481078,-0.05992280353656711,0.15171155307003914,0.3624408363370869,0.9176216553878116
safe_graph_adp,1548.0,0.6814818011985498,0.643847225123174,-0.3479127840944751,0.7570093900426007,0.3553438816451273,-0.06531048180315775,0.16422877107665915,0.36371418744857253,0.9145903135097782
safe_graph_adp,1550.0,0.6699309125837122,0.6398065765902909,-0.3766166710550223,0.7624019325714692,0.38614132599518664,-0.07138371711124039,0.17810044376330542,0.36512295961697283,0.9109719102273344
safe_graph_adp,1552.0,0.6564023496643493,0.6346900215558061,-0.40780452657199845,0.7685827270254498,0.4200482691066789,-0.0781609408970154,0.19327762107960764,0.3666641329031693,0.9066929150215457
safe_graph_adp,1554.0,0.6407167508527395,0.6283172462691373,-0.4412476438662045,0.7756276528791408,0.45698850894679766,-0.08565870975099099,0.2096900007305441,0.3683364333965005,0.9016767496559758
safe_graph_adp,1556.0,0.6227137374674045,0.6205092475361567,-0.4766506843501738,0.7836249596782854,0.49684079138398946,-0.0938901471895883,0.22724050613218585,0.3701417075109015,0.8958468111203052
safe_graph_adp,1558.0,0.6022671539550484,0.6110993452768264,-0.5136456613942343,0.7926771144325312,0.5394284232955419,-0.10286355749219778,0.24580049601577508,0.37208673609909126,0.8891302860197562
safe_graph_adp,1560.0,0.5793017554944857,0.5999464172338175,-0.5517914212175767,0.80290300549206,0.584510748318733,-0.11258143391386254,0.26520623192621534,0.3741854844863114,0.881462590519383
safe_graph_adp,1562.0,0.5538097263711383,0.5869494143609927,-0.5905803687543404,0.814440551878556,0.631777838763976,-0.1230401235811649,0.2852572772716457,0.3764617146244732,0.872792066402245
safe_graph_adp,1564.0,0.5258647923379408,0.5720615907525676,-0.6294535380510751,0.827449766680802,0.6808497483427235,-0.1342304077635775,0.3057174128258936,0.37895180079539376,0.8630843491806546
safe_graph_adp,1566.0,0.4956313735829903,0.5553023940961885,-0.6678239233744772,0.8421163148314238,0.7312813592219906,-0.1461391881717518,0.32631839059644735,0.3817075073496056,0.8523256563497291
safe_graph_adp,1568.0,0.46336644118513215,0.5367648251179891,-0.7051064201235726,0.8586555829651521,0.7825732120675521,-0.15875232849422313,0.3467664178533312,0.3847984288645197,0.840524192864327
safe_graph_adp,1570.0,0.42941260842730355,0.5166164553380372,-0.7407511389107823,0.8773172315785865,0.834187803188982,-0.1720584971516515,0.36675073771915584,0.3883137805548538,0.8277089934098619
safe_graph_adp,1572.0,0.39418241501887336,0.49509321457830835,-0.7742757471136531,0.8983901103971037,0.8855698589073545,-0.18605362576151432,0.38595318391328726,0.39236326575988184,0.8139258294528017
safe_graph_adp,1574.0,0.3581354129483208,0.4724863418850392,-0.8052922964516857,0.9222072601642594,0.9361683160886333,-0.2007453829779105,0.40405728997008494,0.3970768186986875,0.7992302532357071
safe_graph_adp,1576.0,0.32175105921597735,0.44912418545038485,-0.8335248778152485,0.9491504580734704,0.9854573909069425,-0.21615690112363597,0.42075554817492294,0.40260307881588714,0.7836783292299306
safe_graph_adp,1578.0,0.28550113339282013,0.42535145138984737,-0.8588161885013378,0.9796533331452171,1.0329543261841636,-0.23232889029779244,0.4357537792963303,0.40910643741275327,0.7673160062382424
safe_graph_adp,1580.0,0.2498252337924898,0.40150877918190475,-0.8811231768602981,1.0142014095517093,1.0782321195024949,-0.24931920337314692,0.44877224002592636,0.41676235396910244,0.750168348922843
safe_graph_adp,1582.0,0.21511198332707138,0.37791513808962596,-0.9005037384885155,1.0533264556927444,1.1209265526790162,-0.26719883000455924,0.45954395958660865,0.4257503464988909,0.7322300027366608
safe_graph_adp,1584.0,0.18168724713989,0.3548546897332242,-0.9170975375613357,1.0975911932609983,1.160737914487304,-0.2860431781255584,0.46781176879579084,0.4362436537145366,0.7134584247296932
safe_graph_adp,1586.0,0.14980934342644953,0.33256875320280377,-0.9311042825673548,1.147558873127355,1.197428719720256,-0.305917415973345,0.4733265160072164,0.44839417651352864,0.6937717249336529
safe_graph_adp,1588.0,0.11967023064826621,0.31125262207076976,-0.9427623460611171,1.2037409332621618,1.2308193585193605,-0.32685483046393027,0.4758500083104543,0.4623112093242036,0.6730535157968707
safe_graph_adp,1590.0,0.09140111374740317,0.29105638514333787,-0.9523297837792469,1.266516069612457,1.2607839159575336,-0.44768182462414735,0.39334267404529627,0.547339916232312,0.5876066207718356
safe_graph_adp,1592.0,0.06508079969765833,0.27208863170096237,-0.9600688860752709,1.3360176502759002,1.2872483431340807,-0.445425405541228,0.4072632957347595,0.5491777563762326,0.5780455068134877
safe_graph_adp,1594.0,0.0407453234461086,0.2544219195487693,-0.9662346016731089,1.411996141835855,1.310192623536921,-0.443438077487439,0.4198388581857349,0.5507836884242706,0.5689774452096483
safe_graph_adp,1596.0,0.018397711092445933,0.23809905176227397,-0.9710666124300974,1.493680408346661,1.3296573723524148,-0.4416846669918295,0.4311455548993406,0.5521907776704686,0.560458303971437
safe_graph_adp,1598.0,-0.0019828735080295724,0.22313944964226154,-0.9747845168169219,1.5796823454743603,1.3457533457183883,-0.4401358138418673,0.441260661491887,0.5534261155508994,0.5525296631129792
safe_graph_adp,1600.0,-0.02043301607744252,0.20954515478442234,-0.9775854540449912,1.6680002968836518,1.3586700181699654,-0.4387674744344913,0.45025926382512477,0.5545115899405331,0.54522160204788
safe_graph_adp,1602.0,-0.036998131150562254,0.19730620240691338,-0.9796435069876838,1.7561600334810015,1.3686778721169999,-0.4375603470041847,0.4582118754961548,0.5554646187918519,0.538555361271519
safe_graph_adp,1604.0,-0.05172671330972686,0.18640526602327603,-0.9811103016118855,1.8414815530979582,1.3761198264008077,-0.43649929979470664,0.4651827548137749,0.5562988057498693,0.5325457770219076
safe_graph_adp,1606.0,-0.06466563241815973,0.1768215809436063,-0.9821163294114212,1.9213986270436743,1.381390780175329,-0.43557285095667786,0.4712287392547362,0.5570244981232618,0.5272034477318902
safe_graph_adp,1608.0,-0.07585628880103022,0.16853421957638437,-0.9827726289845042,1.9937286563765104,1.3849089241295065,-0.43477272678907175,0.4763984344643882,0.5576492410470898,0.522536631864102
safe_graph_adp,1610.0,-0.0853314227924903,0.161524826104492,-0.9831725580162024,2.056816409396091,1.387085419604581,-0.43409351107746585,0.4807316171792813,0.558178128952074,0.5185529020690106
safe_graph_adp,1612.0,-0.09311237154910332,0.1557799321211054,-0.9833934609365905,2.109535733360078,1.388298619656747,-0.4335323907224246,0.4842587320638139,0.5586140583573771,0.5152605946702574
safe_graph_adp,1614.0,-0.09920657377407974,0.1512929764934363,-0.983498088957861,2.1511855683438657,1.3888760292002538,-0.43308899990301536,0.48700037856662276,0.5589578858581441,0.512670099845862
safe_graph_adp,1616.0,-0.10360513265599071,0.14806614801656257,-0.9835356588852647,2.181335650794749,1.3890838086950799,-0.43276536546178923,0.4889666940306582,0.5592084928331508,0.5107950392561861
safe_graph_adp,1618.0,-0.10628025423117153,0.1461121621562402,-0.9835424462780373,2.199668096879909,1.389121371255889,-0.43256595931078384,0.49015654261678926,0.559362754253035,0.5096533760605885
safe_graph_adp,1620.0,-0.10718237983602275,0.14545607539721264,-0.9835417975778797,2.205841860780719,1.389117780909342,-0.4324978692135375,0.4905564155041309,0.5594154030108126,0.509268498149786
safe_graph_adp,1622.0,-0.1080167441667284,0.14599259526044694,-0.9833710109153811,2.2077879736446793,1.3881749602165225,-0.432106326863408,0.49063657609145955,0.5597178952692273,0.5091912707433716
safe_graph_adp,1624.0,-0.11048618084010559,0.14758763827569213,-0.9828584297199525,2.213409842641142,1.3853737412455014,-0.4309437161803125,0.4908722613219761,0.5606135152533359,0.5089640685398622
safe_graph_adp,1626.0,-0.11453108769308758,0.15021332304774598,-0.981997244156414,2.222221891367201,1.3807593135094272,-0.42902999284302545,0.4912558178845623,0.5620794118637628,0.5085938668471827
safe_graph_adp,1628.0,-0.12010371645758561,0.15384806614202162,-0.9807680000068497,2.233635602038146,1.374358229268679,-0.4263768781594621,0.4917815576633609,0.5640946354743955,0.5080855238463289
safe_graph_adp,1630.0,-0.12716600575976808,0.1584753649564612,-0.9791396047964882,2.247019595698416,1.3661828991355538,-0.42298891928133375,0.49244555913793636,0.5666395451830107,0.5074419880984675
safe_graph_adp,1632.0,-0.13568746748774352,0.1640825582793528,-0.9770700206409288,2.2617533576346243,1.3562356135619884,-0.41886443148167557,0.4932455227413007,0.5696951711569379,0.5066644395412618
safe_graph_adp,1634.0,-0.1456430742096735,0.17065953922974758,-0.9745067555459253,2.277268495756994,1.34451197252719,-0.4139963727232374,0.4941806691209546,0.5732425345104831,0.5057523764325439
safe_graph_adp,1636.0,-0.15701109719506898,0.17819739477073088,-0.9713872574079429,2.2930751038946804,1.3310037433105235,-0.4083731978393514,0.49525167067973885,0.5772619260668955,0.5047036582876406
safe_graph_adp,1638.0,-0.16977085019837887,0.18668694856188903,-0.9676393138249243,2.308773963157851,1.315701270587261,-0.4019797376235177,0.49646060725808006,0.5817321467308884,0.5035145136348489
safe_graph_adp,1640.0,-0.18390030396686605,0.1961171898474848,-0.9631815644244961,2.324057338778362,1.298595616627904,-0.3947981464347374,0.49781093641234647,0.5866297158955517,0.5021795212752733
safe_graph_adp,1642.0,-0.19937355135372706,0.20647358094011625,-0.9579242388594037,2.338701929993782,1.2796806148881807,-0.3868089598274024,0.49930746747832694,0.5919280603225726,0.50069157464489
safe_graph_adp,1644.0,-0.21615812408073817,0.217736250366075,-0.9517702404837094,2.352557385358759,1.2589549913871099,-0.37799230025443686,0.5009563265315745,0.5975967042649747,0.4990418408390127
safe_graph_adp,1646.0,-0.23421219062143023,0.2298780985004092,-0.9446166998281085,2.3655331172437664,1.2364246601542983,-0.5364912318570262,0.21929274471595128,0.754332014053268,0.30833595773087424
safe_graph_adp,1648.0,-0.2534817008420251,0.24286286773967625,-0.9363571192720728,2.377585302374744,1.2121052429748538,-0.5285685446854423,0.21234602159863386,0.762659830810726,0.30638936526599775
safe_graph_adp,1650.0,-0.2738975863086666,0.2566432593294356,-0.9268842158840827,2.3887051776080583,1.1860248058649867,-0.5197289309383817,0.20544622628391856,0.7711942954016389,0.3048492171407263
safe_graph_adp,1652.0,-0.29537317313471506,0.2711592119968741,-0.9160935379870138,2.3989091407990273,1.158226747678752,-0.5099800595706773,0.19859009760274465,0.7799029168438145,0.3037001025237413
safe_graph_adp,1654.0,-0.3178020120692675,0.2863364899416275,-0.9038878778104249,2.4082307639764307,1.1287727210970502,-0.49933876000657396,0.19177089609665054,0.7887489647821552,0.30291879558796514
safe_graph_adp,1656.0,-0.34105637057388644,0.3020857539666406,-0.8901824247542602,2.4167145906506295,1.097745414799841,-0.4878318452130316,0.18498096090354282,0.7976905599229223,0.3024762891684333
safe_graph_adp,1658.0,-0.3649866536389839,0.3183023022887671,-0.8749105022932843,2.4244114756585895,1.0652509817154003,-0.47549714347809663,0.17821376579430784,0.8066803459245202,0.30233944453987227
safe_graph_adp,1660.0,-0.38942201233130264,0.33486665868518956,-0.8580296132493654,2.4313751913152983,1.0314208681362302,-0.4623845476404697,0.17146551157431902,0.815665730864187,0.3024723523525198
safe_graph_adp,1662.0,-0.41417235071109243,0.3516461477853759,-0.8395273972028271,2.437660034075253,0.9964127902265861,-0.44855688315891845,0.16473628793877543,0.8245896741966269,0.30283749308038177
safe_graph_adp,1664.0,-0.4390318463383798,0.368497526500317,-0.8194270015467281,2.4433191982111255,0.960410626170995,-0.434090403822428,0.1580308298803787,0.8333919725894345,0.3033967668583361
safe_graph_adp,1666.0,-0.4637839588680765,0.3852706387872719,-0.7977913100461186,2.448403722805712,0.9236230496953379,-0.419074749432575,0.15135888836631067,0.842010965692581,0.30411243801263105
safe_graph_adp,1668.0,-0.48820772822115804,0.40181293815888475,-0.7747254848223726,2.4529618576164345,0.8862808245206597,-0.4036122457984775,0.144735235991912,0.8503855452516491,0.30494801348907064
safe_graph_adp,1670.0,-0.5120849832347787,0.4179745966356187,-0.7503773760666885,2.4570387282543193,0.8486328026661623,-0.38781649297667936,0.13817933682040345,0.8584573154754188,0.3058690506701846
safe_graph_adp,1672.0,-0.5352079266084491,0.4336138137592123,-0.7249355390741139,2.4606762102481547,0.8109408075620809,-0.3718102672923946,0.13171472433715725,0.8661727279804019,0.30684387207785907
safe_graph_adp,1674.0,-0.5573864665069702,0.44860187852857564,-0.6986248503564035,2.463912944912088,0.7734737145871399,-0.35572284606909815,0.1253681491196144,0.873485008709255,0.30784415461563613
safe_graph_adp,1676.0,-0.5784546550243946,0.4628275377910138,-0.6716999943002204,2.466784448112212,0.7365011438078369,-0.33968693801761446,0.11916857406428975,0.8803557113279162,0.3088453603796243
safe_graph_adp,1678.0,-0.5982756775321868,0.4762002913956548,-0.6444373485049547,2.4693232768752567,0.7002872329073889,-0.32383545390934415,0.11314610546923594,0.8867557711023019,0.30982698401726677
safe_graph_adp,1680.0,-0.6167450023485721,0.48865235703860177,-0.6171259806868273,2.4715592291540367,0.6650849520390159,-0.3082983721700329,0.10733094981684577,0.8926659892623332,0.31077260584392224
safe_graph_adp,1682.0,-0.6337915162022631,0.5001392031774909,-0.5900585491584891,2.473519559726138,0.6311313580861184,-0.29319993939835837,0.10175247768710491,0.8980769406825156,0.31166975701159627
safe_graph_adp,1684.0,-0.649376696454805,0.5106387071202447,-0.5635228627944115,2.4752292007972088,0.5986440765819226,-0.27865640068456315,0.09643845910420105,0.9029883564216151,0.31250961926014653
safe_graph_adp,1686.0,-0.6634920658658866,0.5201491293595374,-0.5377947208364298,2.476710979925433,0.5678191662049792,-0.2647743889221017,0.09141451186377128,0.9074080779636314,0.3132865940923492
safe_graph_adp,1688.0,-0.6761553106989072,0.5286861847760671,-0.5131324525311084,2.4779858307840112,0.5388303864649806,-0.2516500289151777,0.08670377997372014,0.911350706307798,0.3139977827907971
safe_graph_adp,1690.0,-0.6874055054592513,0.5362795287248499,-0.48977335384335086,2.479072994344668,0.5118297738498468,-0.23936874338890785,0.08232683705370732,0.9148360752781659,0.3146424191980311
safe_graph_adp,1692.0,-0.697297881141456,0.5429689649866267,-0.4679320121737637,2.479990209533246,0.48694934829455433,-0.22800569328936243,0.07830179214172162,0.9178876673744575,0.31522129251830244
safe_graph_adp,1694.0,-0.7058985139980123,0.5488006349146185,-0.44780034731195767,2.480753893456458,0.4643037251387502,-0.21762674884791658,0.07464456419650055,0.920531067392579,0.3157361892258786
safe_graph_adp,1696.0,-0.7132792194731677,0.5538233780767816,-0.4295490902834864,2.481379312061524,0.44399339535376875,-0.20828987122638593,0.07136928663689988,0.9227925198339679,0.31618937333172936
safe_graph_adp,1698.0,-0.7195128315797736,0.5580853788117792,-0.4133303704648003,2.481880742670965,0.42610845147808224,-0.20004678428788703,0.06848880348273383,0.9246976260310126,0.31658311437312747
safe_graph_adp,1700.0,-0.7246689477692161,0.5616311415209205,-0.3992810752001212,2.4822716303148185,0.41073256894551535,-0.1929448274336314,0.06601522246923895,0.9262701896784463,0.316919263665051
safe_graph_adp,1702.0,-0.728810133407784,0.5644987769724022,-0.38752667035804134,2.482564740229998,0.39794709285962315,-0.18702889828769154,0.06396049618915017,0.9275311971201453,0.31719887216287573
safe_graph_adp,1704.0,-0.731988512806971,0.566717535137758,-0.37818520923751486,2.4827723093732765,0.3878351206384329,-0.18234341351522718,0.062337008323474476,0.9284979018806475,0.31742183785009087
safe_graph_adp,1706.0,-0.7342426256046146,0.5683054869435894,-0.3713712970263741,2.4829062003631113,0.3804855050247571,-0.17893423331894737,0.061158147091664575,0.9291829711346532,0.3175865666936389
safe_graph_adp,1708.0,-0.7355943960234462,0.5692672360988822,-0.367199807248371,2.482978061997466,0.3759967250484979,-0.17685050717239476,0.0604388511997196,0.9295936441679135,0.3176896285703133
safe_graph_adp,1710.0,-0.7360460454418942,0.5695915309305234,-0.3657891563203752,2.482999501479501,0.37448058095756825,-0.17614640276585422,0.06019611398957886,0.9297308484618012,0.31772538782996623
safe_graph_adp,1712.0,-0.7362153469020087,0.5696520244587915,-0.36535398453548473,2.4830594151568475,0.3740130480506098,-0.1759308590530691,0.06011656850301403,0.9297815182301845,0.31771159780820835
safe_graph_adp,1714.0,-0.7367143080915205,0.5698307314657852,-0.3640672544055565,2.483235505056497,0.3726311327112769,-0.17529365038786693,0.05988159541619889,0.9299308299955277,0.31767118548577233
safe_graph_adp,1716.0,-0.7375245523433196,0.5701212169884868,-0.3619659274439412,2.4835207990440957,0.3703759634915746,-0.17425345253467686,0.05949850015848634,0.9301732121763938,0.317605821905212
safe_graph_adp,1718.0,-0.7386264513038863,0.5705158911720973,-0.3590857604449605,2.483908301280351,0.36728813604522426,-0.17282856787312045,0.05897458883280369,0.9305026724969386,0.3175170239136528
safe_graph_adp,1720.0,-0.7399993180769806,0.5710061859214086,-0.3554615941069996,2.484391016980077,0.3634078677286289,-0.17103702400185503,0.05831717317227105,0.930912867217811,0.3174061709893154
safe_graph_adp,1722.0,-0.7416215854043577,0.5715827199030127,-0.35112763828927074,2.484961975794326,0.3587751523528425,-0.16889667143657303,0.05753357697816683,0.9313971656722368,0.3172745209995082
safe_graph_adp,1724.0,-0.7434709736554052,0.5722354545608855,-0.34611774857031047,2.485614253728901,0.3534299105777724,-0.1664252781478745,0.056631143241944404,0.9319487112726821,0.3171232252070164
safe_graph_adp,1726.0,-0.7455246526239683,0.5729538433802809,-0.3404656894397384,2.4863409935306566,0.34741213206129457,-0.16364061898886695,0.05561724126103552,0.9325604799617534,0.3169533427887398
safe_graph_adp,1728.0,-0.7477594003425443,0.5737269761739294,-0.3342053799831445,2.487135423490562,0.3407620060215927,-0.1605605583225829,0.05449927315299481,0.9332253368812204,0.31676585507258875
safe_graph_adp,1730.0,-0.7501517613321865,0.5745437196854586,-0.32737111836601496,2.4879908746293444,0.33352003736711705,-0.1572031243915829,0.05328467925925193,0.9339360918298061,0.31656167963831505
safe_graph_adp,1732.0,-0.7526782059205743,0.575392855321051,-0.319997781832427,2.4889007962474654,0.32572714601784747,-0.15358657419021154,0.05198094201192686,0.9346855538777947,0.3163416843671214
safe_graph_adp,1734.0,-0.7553152914912067,0.5762632143443112,-0.3121209993465928,2.489858769836098,0.31742474750253946,-0.14972944781528966,0.05059558791777978,0.9354665853085601,0.3161067014653835
safe_graph_adp,1736.0,-0.7580398257856554,0.5771438104137259,-0.3037772944510147,2.4908585213595162,0.308654813383242,-0.14565061149230035,0.04913618739459903,0.9362721548679906,0.31585754143140443
safe_graph_adp,1738.0,-0.7608290316824498,0.5780239689198653,-0.29500419641637743,2.491893931931801,0.2994599105395877,-0.1413692887073257,0.0476103522785641,0.9370953901269261,0.3155950068824917
safe_graph_adp,1740.0,-0.763660712236508,0.5788934522035596,-0.2858403183287384,2.4929590469219844,0.28988321884509144,-0.13690507912317185,0.04602573090688442,0.9379296286037354,0.31531990611444766
safe_graph_adp,1742.0,-0.7665134141993502,0.5797425794193449,-0.2763254014032368,2.4940480835315713,0.27996852728489263,-0.13227796522143592,0.04439000076799996,0.9387684671586983,0.3150330662282953
safe_graph_adp,1744.0,-0.7693665877700754,0.5805623395621552,-0.2665003255254063,2.4951554368968942,0.2697602090932347,-0.1275083068880673,0.04271085880072729,0.9396058090633231,0.3147353456310567
safe_graph_adp,1746.0,-0.7722007399665257,0.5813444960093151,-0.25640708678744745,2.4962756847758527,0.2593031770194897,-0.12261682444303586,0.04099600951214118,0.9404359080699457,0.3144276456996791
safe_graph_adp,1748.0,-0.7749975787688068,0.582081680851412,-0.2460887435858904,2.4974035908844052,0.2486428203502342,-0.11762457089763963,0.039253151169325644,0.9412534087628482,0.3141109213904266
safe_graph_adp,1750.0,-0.777740145082879,0.5827674772980584,-0.23558933365099408,2.498534106952661,0.23782492580586923,-0.1125528944967168,0.037489960399667704,0.942053382463367,0.31378619058041973
safe_graph_adp,1752.0,-0.7804129296043301,0.5833964885471545,-0.22495376515461282,2.4996623735737167,0.22689558487636227,-0.10742339285752292,0.0357140756051944,0.9428313579881779,0.3134545419431871
safe_graph_adp,1754.0,-0.7830019718294087,0.5839643916936726,-0.2142276857576923,2.5007837199204452,0.21590109054475903,-0.10225786024202214,0.0339330796557342,0.9435833466206268,0.3131171411852418
safe_graph_adp,1756.0,-0.7854949387527554,0.5844679755162218,-0.20345733407713398,2.501893662406486,0.20488782665341349,-0.0970782296850703,0.03215448237089314,0.9443058607463144,0.3127752355044036
safe_graph_adp,1758.0,-0.7878811811930887,0.5849051613024235,-0.19268937854373103,2.502987902367676,0.19390215338330433,-0.09190651183901438,0.03038570332997089,0.9449959257212104,0.3124301561710085
safe_graph_adp,1760.0,-0.7901517661772879,0.5852750062395874,-0.1819707489630233,2.5040623228392422,0.1829902924319323,-0.08676473247912957,0.028634055560703992,0.9456510846770021,0.312083319178038
safe_graph_adp,1762.0,-0.7922994843628193,0.5855776892848787,-0.17134846626157155,2.50511298450234,0.17219821548519992,-0.0816748706401056,0.02690673065163925,0.9462693961166925,0.31173622395306017
safe_graph_adp,1764.0,-0.7943188320579551,0.5858144798174789,-0.16086947589354234,2.5061361208710466,0.16157153948334232,-0.07665879932032599,0.02521078580941434,0.9468494243056017,0.31139045017114525
safe_graph_adp,1766.0,-0.796205967976958,0.5859876897425422,-0.15058049019734754,2.5071281327877553,0.1511554319853293,-0.07173823059970605,0.023553133342525165,0.9473902226106349,0.31104765275106067
safe_graph_adp,1768.0,-0.7979586454123005,0.5861006100429893,-0.14052784463942417,2.508085582291257,0.14099452964967896,-0.06693466687286823,0.021940532999327047,0.9478913100761373,0.31070955515475845
safe_graph_adp,1770.0,-0.7995761209895418,0.5861574330429427,-0.13075737238039659,2.509005185917563,0.13113287248564476,-0.06226935970930831,0.020379587522710043,0.9483526416408483,0.31037794114051004
safe_graph_adp,1772.0,-0.8010590415684964,0.5861631618421991,-0.12131430097279586,2.50988380748894,0.1216138561033888,-0.05776327762462674,0.01887674171018208,0.9487745724916195,0.3100546451414849
safe_graph_adp,1774.0,-0.8024093111481467,0.5861235084951036,-0.11224317427864768,2.510718450441662,0.1124802037227669,-0.05343708379167466,0.017438285189248854,0.9491578171114284,0.3097415414531415
safe_graph_adp,1776.0,-0.803629939810045,0.5860447825347033,-0.10358780191101391,2.5115062497377143,0.10377395920572374,-0.049311124447764615,0.016070359037207743,0.9495034036091908,0.30944053241402375
safe_graph_adp,1778.0,-0.804724876789987,0.5859337713836796,-0.09539123768689652,2.5122444634002052,0.09553650187401858,-0.0454054284736934,0.014778966294700177,0.9498126239160299,0.30915353575549925
safe_graph_adp,1780.0,-0.80569882970113,0.585797614050935,-0.08769578775779815,2.512930463706507,0.08780858337685304,-0.041739718340883615,0.013569986346036171,0.9500869803976547,0.3088824712771164
safe_graph_adp,1782.0,-0.8065570717497651,0.585643669293822,-0.08054304828172605,2.5135617280672684,0.08063038639353033,-0.03833343235142235,0.01244919306820881,0.9503281293673428,0.3086292469764917
safe_graph_adp,1784.0,-0.8073052384986865,0.5854793791404013,-0.07397397173296165,2.5141358296133838,0.074041604502136,-0.03520575783692228,0.011422276585680957,0.9505378218918716,0.3083957447271033
safe_graph_adp,1786.0,-0.8079491153572919,0.5853121283250994,-0.06802896022218602,2.5146504275067967,0.06808154211947239,-0.032375674738189024,0.010494868409632914,0.9507178421675437,0.3081838055553877
safe_graph_adp,1788.0,-0.8084944165295113,0.5851490998068809,-0.06274798351980973,2.515103256984669,0.06278923301836803,-0.029862008758178085,0.009672569687715408,0.950869943609741,0.30799521452154244
safe_graph_adp,1790.0,-0.8089465556494814,0.5849971261241365,-0.05817071883122697,2.5154921191398962,0.05820357554936386,-0.02768349306240378,0.008960982241887995,0.9509957826520585,0.30783168515785236
safe_graph_adp,1792.0,-0.8093104078006741,0.5848625359073845,-0.05433670874730848,2.515814870434259,0.054363482323141483,-0.02585883728782191,0.008365742025218552,0.9510968500950387,0.3076948433656061
safe_graph_adp,1794.0,-0.8095900620679075,0.5847509944319839,-0.05128553316177777,2.5160694119335245,0.05130804173169723,-0.024406802404598894,0.007892554580340268,0.9511743996850158,0.30758621061814395
safe_graph_adp,1796.0,-0.8097885632353718,0.5846673366609267,-0.049056990276725006,2.5162536782466014,0.04907668827953053,-0.0233462797439797,0.007547232028603353,0.9512293734459594,0.3075071862646951
safe_graph_adp,1798.0,-0.8099076407413499,0.5846153908158381,-0.04769128106924164,2.5163656261432763,0.04770937823619535,-0.022696372246268193,0.007335731055087337,0.9512623231372944,0.3074590286789182
safe_graph_adp,1800.0,-0.8099474225587824,0.5845977901379832,-0.0472291907211193,2.5164032228170536,0.047246766579841164,-0.022476475680294407,0.007264191275144449,0.951273327075089,0.3074428349492015
safe_graph_adp,1802.0,-0.810504488334933,0.583859289412512,-0.046806031188778546,2.517329075913981,0.04682313853736319,-0.022278312402812833,0.007188757957886148,0.9514202887927551,0.30700396191094365
safe_graph_adp,1804.0,-0.812150199616689,0.5816674148262972,-0.04555295590699523,2.5200723185283316,0.045568724911895085,-0.02169114651391229,0.006966456103823294,0.9518542789196769,0.30570311472827283
safe_graph_adp,1806.0,-0.8148307135229275,0.578064509260874,-0.04350093599799692,2.524566516862824,0.04351466739226081,-0.020728450014835923,0.006605924428743127,0.9525606114698978,0.3035703783285166
safe_graph_adp,1808.0,-0.8184879059437624,0.5730819272457839,-0.04067741987949523,2.530751579430795,0.04068864607279279,-0.01940146122898634,0.006116999516768811,0.9535232222074055,0.30063205140220645
safe_graph_adp,1810.0,-0.8230591286746566,0.5667422003721206,-0.037107263745557846,2.5385721884965,0.03711578482826604,-0.017719711964804735,0.005510684576090626,0.9547246706212379,0.2969115145469372
safe_graph_adp,1812.0,-0.8284768427219883,0.5590611630973967,-0.0328136707728947,2.547976259387931,0.03281956224345952,-0.015691556940399833,0.004799144442476927,0.9561461130881694,0.29243008340420806
safe_graph_adp,1814.0,-0.834668205347656,0.5500500729174163,-0.027819134876339458,2.5589134276839234,0.027822724351062242,-0.013324706895720963,0.003995710192211131,0.9577672666018023,0.28720785071497446
safe_graph_adp,1816.0,-0.8415546842501209,0.5397177513693883,-0.022146382852523915,2.5713335672363486,0.02214819357974151,-0.010626765390372061,0.00311487784131479,0.9595663810602653,0.2812645191492833
safe_graph_adp,1818.0,-0.8490517702033558,0.5280727611878544,-0.015819304851458205,2.5851853466310812,0.015819964723681128,-0.007605766741765694,0.0021722864301527227,0.9615202370586609,0.27462022360087035
safe_graph_adp,1820.0,-0.8570688578945374,0.5151256204580733,-0.008863857796599562,2.6004148375560567,0.0088639738699298,-0.0042707091213152115,0.001184661632608842,0.9636041850905822,0.267296337603665
safe_graph_adp,1822.0,-0.8655093619237192,0.5008910372030397,-0.0013089201883424238,2.6169641951435687,0.0013089205620987765,-0.0006320727515141745,0.00016971221261998586,0.965792240680999,0.25931625387194135
safe_graph_adp,1824.0,-0.8742711292362161,0.48539012822024863,0.006812929646062045,2.6347704371189695,-0.0068129823519984395,0.003297691228577543,-0.0008540315026459793,0.9680572479188928,0.2507061240066803
safe_graph_adp,1826.0,-0.8832471990483104,0.4686525653612274,0.01546474550890015,2.653764354839086,-0.015465361995762147,0.007503719887688903,-0.0018674451754419744,0.9703711208463863,0.24149553756475908
safe_graph_adp,1828.0,-0.892326945333608,0.45071857261871623,0.024604693213675987,2.6738695942488784,-0.024607176466581473,0.011968367782520134,-0.002851108158122476,0.9727051679975155,0.23171811648168197
safe_graph_adp,1830.0,-0.9013976145200844,0.43164068072836065,0.034185717454207384,2.6950019475581026,-0.03419237955716152,0.016670930691381185,-0.003785670367249392,0.9750305000152112,0.22141199789045082
safe_graph_adp,1832.0,-0.9103462424991097,0.4114851352890914,0.04415543232570971,2.717068896181138,-0.04416979325302334,0.0215874881768102,-0.004652281240715608,0.977318513857592,0.21062017734457741
safe_graph_adp,1834.0,-0.9190619018474883,0.3903328525077653,0.05445626525597407,2.739969441459283,-0.054483216107920666,0.026690886790224043,-0.005433066951509995,0.9795414400152985,0.19939068593745127
safe_graph_adp,1836.0,-0.9274381950813626,0.3682798259797544,0.06502587239358251,2.7635942514359724,-0.0650717853193227,0.03195088017221006,-0.006111635339175034,0.981672932016648,0.18777657925188604
safe_graph_adp,1838.0,-0.9353758767109844,0.3454369097738024,0.07579782736387183,2.7878261394462136,-0.07587059600051659,0.03733443376022886,-0.006673582169795176,0.9836886711030657,0.17583572361812863
safe_graph_adp,1840.0,-0.9427854604559569,0.3219289372149916,0.0867025659163283,2.8125408740202875,-0.08681156374296792,0.04280619078245128,-0.007106968272110827,0.9855669542095847,0.1636303755502563
safe_graph_adp,1842.0,-0.949589652773412,0.29789317887506317,0.09766854829155751,2.8376083006905333,-0.09782449773371198,0.048329083688287006,-0.007402735669503775,0.9872892311229337,0.1512265627564963
safe_graph_adp,1844.0,-0.9557254534463833,0.27347719310395546,0.1086235816325656,2.862893736372521,-0.10883833360901154,0.053865062563425055,-0.007555032621283698,0.9888405575244591,0.13869328863303587
safe_graph_adp,1846.0,-0.9611457801268607,0.24883617214576745,0.11949622912950238,2.88825957808633,-0.1197824602640244,0.05937590104878718,-0.007561422659447406,0.99020993478696,0.12610159519694558
safe_graph_adp,1848.0,-0.965820505717206,0.22412993000401266,0.130217223179412,2.913567052011945,-0.13058806516476856,0.06482403242151236,-0.00742296089054937,0.9913905146359937,0.11352353043317365
safe_graph_adp,1850.0,-0.9697368420075343,0.19951970880283063,0.14072079822289382,2.9386780181314376,-0.14118941985187505,0.07017336502661166,-0.007144131142440939,0.9923796563785388,0.10103107362131133
safe_graph_adp,1852.0,-0.9728990546341811,0.17516499416545595,0.1509458654979736,2.9634567413486197,-0.15152503184839342,0.0753900277659425,-0.006732648701570293,0.9931788352348996,0.08869507537828598
safe_graph_adp,1854.0,-0.975327546578175,0.1512205253720218,0.1608369658754093,2.9877715425538622,-0.16153860054552027,0.08044300268647527,-0.006199143975185524,0.993793411078511,0.07658426750773445
safe_graph_adp,1856.0,-0.9770573935310599,0.1278336638937133,0.17034495625583027,3.0114962522852324,-0.1711797312911878,0.08530461195431417,-0.005556751095114548,0.9942322763231924,0.06476439155735149
safe_graph_adp,1858.0,-0.978136449213846,0.10514224800631349,0.17942740705786353,3.0345114042635677,-0.18040438159400407,0.0899508391948927,-0.004820631271434955,0.9945074087813865,0.05329748513027217
safe_graph_adp,1860.0,-0.978623158940603,0.08327301696447789,0.18804871026079586,3.0567051243648127,-0.1891750335560542,0.094361478605367,-0.004007463121215631,0.9946333594393634,0.04224135278500552
safe_graph_adp,1862.0,-0.9785842246090566,0.0623406416908057,0.1961799167597696,3.0779736904417336,-0.1974606050196287,0.09852011774832248,-0.003134931294403621,0.994626706111548,0.03164923528820871
safe_graph_adp,1864.0,-0.9780922553564566,0.04244735565320595,0.2037983366216963,3.098221757745286,-0.20523612665374938,0.10241397019744675,-0.002221241014078984,0.9945055021298704,0.02156967849014368
safe_graph_adp,1866.0,-0.9772235184536755,0.02368314382123337,0.21088694525684057,3.1173622617627696,-0.21248222226121125,0.10603358140777396,-0.0012846804670460855,0.9942887451957482,0.012046592339878186
safe_graph_adp,1868.0,-0.9760558785625421,0.006126421822321149,0.21743364247319055,3.1353160238349527,-0.21918443467692836,0.10937243505012273,-0.0003432462669780485,0.9939958860394098,0.0031194823185403905
safe_graph_adp,1870.0,-0.9746669842221369,-0.010154877585692458,0.22343041048287082,-3.131174212901106,-0.2253324401360299,0.11242648778205289,0.0005856596448890753,0.9936463903793185,-0.00517616981207306
safe_graph_adp,1872.0,-0.9731327317484244,-0.025101898570664336,0.2288724122475166,-3.115803434350185,-0.23091919075504208,0.11519365856621128,0.0014854595883968297,0.993259361538578,-0.012808401614524057
safe_graph_adp,1874.0,-0.9715260110756674,-0.038663221305173565,0.2337570643247161,-3.101817259774053,-0.2359400188585719,0.11767329490993284,0.0023405594111898342,0.9928532254666228,-0.0197481676923787
safe_graph_adp,1876.0,-0.9699157168351593,-0.05079306114061014,0.23808310980854017,-3.0892719170380887,-0.24039172938662884,0.11986563353711564,0.003136444640436342,0.9924454751433941,-0.02596866340738902
safe_graph_adp,1878.0,-0.968365991591115,-0.061449369774501376,0.24184970805041858,-3.078220861952578,-0.24427169849701247,0.1217712676858359,0.0038597235037049348,0.9920524675288261,-0.03144459525303004
safe_graph_adp,1880.0,-0.9669356563076265,-0.07059188548077121,0.24505554934587687,-3.0687161700204317,-0.24757698848610188,0.12339062798218622,0.004498128502524032,0.9916892633248522,-0.036151414527629856
safe_graph_adp,1882.0,-0.9656777749563685,-0.07818016470410442,0.24769799515166896,-3.060809985747289,-0.2503034818092664,0.12472347903966376,0.005040489106436494,0.9913694976888043,-0.04006452667957351
safe_graph_adp,1884.0,-0.964639294548667,-0.08417161390753407,0.24977223789855232,-3.0545560140165913,-0.2524450305961764,0.1257684297922972,0.005476688514863037,0.9911052684539846,-0.04315848460322136
safe_graph_adp,1886.0,-0.9638606975254861,-0.08851952944494493,0.2512704691612781,-3.050011043877187,-0.2539926127720762,0.12652245219221464,0.005797617628804136,0.9909070271183736,-0.04540617059966281
safe_graph_adp,1888.0,-0.9633755991044308,-0.09117114511049262,0.25218104082071735,-3.047236499716087,-0.2549334817638089,0.12698040032365665,0.005995139691997068,0.9907834565899296,-0.046777968975025605
safe_graph_adp,1890.0,-0.9632102166750386,-0.09206568252627431,0.25248760087140204,-3.0463000176838886,-0.25525029381794306,0.12713452022371977,0.006062079788279213,0.990741318168451,-0.04724092960521928
safe_graph_adp,1892.0,-0.9628488682210355,-0.0933060000078518,0.2534088540836841,-3.0449881241220487,-0.25620251342920886,0.12760218884609184,0.006168272536173131,0.9906494771231837,-0.04788786162660219
safe_graph_adp,1894.0,-0.961765358354648,-0.09698031279106933,0.2561292923503708,-3.041096613488591,-0.25901578534269665,0.12898316813993796,0.006486609005513724,0.9903739713264549,-0.04980625622610531
safe_graph_adp,1896.0,-0.959947105747245,-0.10299633328803343,0.2605634462020876,-3.0347077942333303,-0.2636057628467338,0.13123396797932071,0.007020146776070719,0.9899112437046388,-0.05295368518602074
safe_graph_adp,1898.0,-0.9573561118076717,-0.11126631688082278,0.2666253587194453,-3.025889255273397,-0.26988993613067147,0.1343107089112562,0.007778782722053336,0.9892510027506665,-0.05729378297791049
safe_graph_adp,1900.0,-0.9539329522375133,-0.12170354490968732,0.27422649359942897,-3.014697359800055,-0.2777852693470897,0.1381679265391997,0.008778212179412416,0.9883771644011663,-0.06279448986257964
safe_graph_adp,1902.0,-0.9496007481790271,-0.13421847012161034,0.2832734038628518,-3.001180751714252,-0.28720560877085893,0.14275721556219947,0.010038904998401908,0.9872687549375533,-0.06942624370808323
safe_graph_adp,1904.0,-0.9442693495044091,-0.1487146982299781,0.2936653437450299,-2.9853839173524572,-0.29805900076152214,0.148025809467263,0.011585029254707956,0.9859008377364187,-0.07716012557893483
safe_graph_adp,1906.0,-0.9378399267465376,-0.16508500073541646,0.30529201485174223,-2.967350831609417,-0.31024506914253125,0.15391519844679055,0.013443261215367928,0.9842455192182306,-0.08596597183662996
safe_graph_adp,1908.0,-0.9302101087123482,-0.1832075904358417,0.3180316532297598,-2.9471286947302695,-0.32365262259890043,0.16035990083830695,0.015641433346523986,0.9822730780791258,-0.09581047879514147
safe_graph_adp,1910.0,-0.9212797174975598,-0.2029429315955181,0.3317496776833904,-2.9247717342756503,-0.33815768666413304,0.1672865175233266,0.018206992089419942,0.9799532459193325,-0.10665534354235558
safe_graph_adp,1912.0,-0.9109570417204226,-0.22413138856243847,0.34629812127854476,-2.900345006855246,-0.35362217323102335,0.1746132085060455,0.021165264819661175,0.977256646140268,-0.11845550453656865
safe_graph_adp,1914.0,-0.8991654580298586,-0.24659202493796104,0.3615160471167918,-2.8739280881433005,-0.3698934035407801,0.18224972978383383,0.024537570720814052,0.9741563717586876,-0.13115756546532195
safe_graph_adp,1916.0,-0.8858500734820797,-0.27012283569262874,0.37723109753726214,-2.8456184912295712,-0.3868046785699849,0.19009815016140516,0.02833925125467332,0.9706296531527173,-0.1446985022872458
safe_graph_adp,1918.0,-0.8709839381833281,-0.29450261610228573,0.3932622388884679,-2.815534608581018,-0.4041770360500029,0.19805432693754957,0.03257773808996049,0.96665953679287,-0.15900476247474546
safe_graph_adp,1920.0,-0.8545732951375025,-0.31949454127859644,0.40942364530032976,-2.783817940075449,-0.42182224325211476,0.20601015493748,0.03725081290037408,0.9622364701605384,-0.17399186329792612
safe_graph_adp,1922.0,-0.8366613191079001,-0.3448513573816017,0.4255295270844264,-2.750634358430628,-0.439546953821648,0.21385651895139549,0.04234523582577471,0.9573596714698241,-0.18956457936028412
safe_graph_adp,1924.0,-0.8173298674456776,-0.3703218924857966,0.44139957377298056,-2.716174183313395,-0.45715781885041556,0.22148678523534426,0.04783591911543689,0.9520381602463318,-0.2056177770604323
safe_graph_adp,1926.0,-0.7966989265777934,-0.39565841430271775,0.45686457466217567,-2.6806508930484734,-0.4744672084724482,0.22880057877908838,0.05368579355625429,0.94629133931318,-0.2220379063616334
safe_graph_adp,1928.0,-0.7749236708894801,-0.42062423005372795,0.47177172592990496,-2.6442983989923072,-0.49129909613586803,0.23570752770960485,0.05984645681861232,0.9401490504441293,-0.23870510245130042
safe_graph_adp,1930.0,-0.7521893190351675,-0.4450008712305824,0.48598914898733453,-2.6073669350924917,-0.5074946069304359,0.24213063089125625,0.06625961068369182,0.9336510716052489,-0.25549578874536955
safe_graph_adp,1932.0,-0.7287042271965977,-0.46859424783358133,0.4994092311552616,-2.5701177580971932,-0.522916748722657,0.24800892922537368,0.07285920076974264,0.9268460770060437,-0.2722856173693072
safe_graph_adp,1934.0,-0.7046918510543756,-0.491239287155585,0.511950542349972,-2.5328169898541484,-0.5374539312981493,0.2532992347115621,0.07957408470978981,0.9197901339815443,-0.2889525431058691
safe_graph_adp,1936.0,-0.6803823037265927,-0.5128027656985042,0.5235582529840015,-2.49572903763256,-0.5510220200855325,0.2579767822179664,0.08633098982525518,0.912544854820347,-0.30537980937378234
safe_graph_adp,1938.0,-0.656004223948989,-0.533184261246554,0.5342031464902197,-2.4591100809427022,-0.5635648414578271,0.2620347968012787,0.09305749185336977,0.9051753505174865,-0.3214586338719464
safe_graph_adp,1940.0,-0.6317775598895587,-0.5523153555373809,0.5438794561827204,-2.423202103139177,-0.5750532253087808,0.26548309079279375,0.09968475698142241,0.8977481435070385,-0.33709041599892137
safe_graph_adp,1942.0,-0.6079077001124531,-0.5701573747516383,0.5526018423424841,-2.388227875221636,-0.5854828098272977,0.26834589912448314,0.10614983610098071,0.8903291876334065,-0.3521883421790765
safe_graph_adp,1944.0,-0.58458118323054,-0.5866980481334573,0.5604018562863378,-2.3543871819592472,-0.5948709246666615,0.270659215673479,0.11239737129261297,0.8829821190385344,-0.36667832954204854
safe_graph_adp,1946.0,-0.5619630279859468,-0.6019474930055604,0.5673242202137918,-2.3218544391476805,-0.6032529056724864,0.2724679047588215,0.11838065489300603,0.8757668265811833,-0.38049931259249914
safe_graph_adp,1948.0,-0.5401955720071568,-0.6159339080647696,0.5734231987632873,-2.2907777099375948,-0.6106781818938977,0.27382283622101483,0.12406205641163945,0.8687383910950947,-0.3936029323573452
safe_graph_adp,1950.0,-0.5193986033434802,-0.6286992936534622,0.5787592668843238,-2.2612790085156687,-0.6172064263670869,0.2747782413987946,0.12941289121543625,0.8619464050966288,-0.4059527267823751
safe_graph_adp,1952.0,-0.49967051511071414,-0.6402954363847982,0.5833962036847637,-2.233455694188536,-0.6229039919071445,0.2753894243026002,0.13441284187028613,0.8554346529663798,-0.4175229423958944
safe_graph_adp,1954.0,-0.48109020278688647,-0.6507803118905572,0.5873986741882397,-2.207382712650465,-0.6278407768005692,0.27571089942257776,0.13904905813531193,0.8492411087701336,-0.4282970914518916
safe_graph_adp,1956.0,-0.4637194442280748,-0.6602149845592125,0.5908303066095073,-2.1831154309931824,-0.6320875943403298,0.2757949734795534,0.14331505848168666,0.8433981954725942,-0.43826636933419266
safe_graph_adp,1958.0,-0.4476055420208772,-0.6686610228652463,0.59375223389306,-2.1606928310859606,-0.6357140616351056,0.2756907475599421,0.1472095402183889,0.8379332445243651,-0.4474280285134153
safe_graph_adp,1960.0,-0.4327840557145158,-0.6761784049883888,0.596222043995904,-2.1401408625970233,-0.6387869799414563,0.2754434894595538,0.15073518265764144,0.8328690968972408,-0.4557837823541847
safe_graph_adp,1962.0,-0.4192814999067674,-0.6828238607416469,0.5982930711932101,-2.121475802803495,-0.6413691506361999,0.2750943122149234,0.15389750314140535,0.828224793446939,-0.46333828833112267
safe_graph_adp,1964.0,-0.40711792811273273,-0.6886495796523607,0.6000139573825117,-2.1047075179306765,-0.643518555635572,0.27468009092831175,0.1567038026379031,0.8240163119108672,-0.47009773833879265
safe_graph_adp,1966.0,-0.39630935930821426,-0.6937022080908076,0.6014284148713381,-2.089842564945604,-0.6452878254664541,0.2742335529319512,0.1591622179859343,0.8202573181751597,-0.47606856522166163
safe_graph_adp,1968.0,-0.3868700333052081,-0.6980220574306913,0.6025751278227899,-2.0768871106803823,-0.6467239190871756,0.27378348318135964,0.16128088247217512,0.8169599094212645,-0.4812562598912123
safe_graph_adp,1970.0,-0.37881450313370013,-0.70164244760576,0.6034877363570583,-2.0658496759054246,-0.6478679440758374,0.27335499517090184,0.1630671851731325,0.8141353356086207,-0.48566428224470676
safe_graph_adp,1972.0,-0.37215958842663915,-0.7045891138914377,0.6041948537746685,-2.05674373581818,-0.6487550516275802,0.2729698259121121,0.1645271117801013,0.8117946930736968,-0.4892930409562266
safe_graph_adp,1974.0,-0.36692622469585473,-0.7068796075896651,0.6047200724337899,-2.0495902264050674,-0.6494143461490102,0.2726466204446419,0.16566464463926728,0.8099495897057253,-0.492138911296585
safe_graph_adp,1976.0,-0.36314125054775714,-0.7085226222179516,0.6050819167319488,-2.044420019625124,-0.6498687527718053,0.27240117620350496,0.16648119664901562,0.8086127852292408,-0.49419325564911193
safe_graph_adp,1978.0,-0.36083917928884823,-0.7095171747299504,0.6052937018120866,-2.0412764406956576,-0.6501347867823998,0.2722466198209117,0.16697505173329227,0.8077988126650649,-0.4954414075868747
safe_graph_adp,1980.0,-0.36006400362923685,-0.7098515652431338,0.6053632534374365,-2.0402179090401806,-0.6502221658554901,0.27219348813966393,0.16714078329441975,0.8075245880927381,-0.49586157665193653
set_cover_cw_tour,2.0,-0.38116233078605344,0.8889729501921628,-0.25385502046716657,1.9758533880897187,0.2566637622854141,-0.10684871773671628,0.07044296575197188,0.828021107200229,0.5458957648901418
set_cover_cw_tour,4.0,-0.3816410961084359,0.8888901099914365,-0.2534254251659917,1.976342007658544,0.25621964369305583,-0.10668202242595032,0.07029568142308482,0.8281781603178642,0.5457090782064113
set_cover_cw_tour,6.0,-0.3824224058598797,0.8887541043472135,-0.2527236544178723,1.9771394876854549,0.2554942593316308,-0.10640958399376535,0.07005532819961566,0.8284343389314472,0.5454042514542163
set_cover_cw_tour,8.0,-0.3834919946816624,0.8885662445430355,-0.2517616314567531,1.978231406221126,0.25450008884241265,-0.10603585191343494,0.06972632628843617,0.828784795205094,0.5449866060447368
set_cover_cw_tour,10.0,-0.38483558435573445,0.8883274906789187,-0.25055107726305237,1.979603379211079,0.2532494471483308,-0.10556514750531837,0.06931312124086639,0.8292246278311541,0.544461392069551
set_cover_cw_tour,12.0,-0.38643886582316084,0.888038521208025,-0.24910356848502438,1.981241037933327,0.2517545351549862,-0.10500169633640284,0.06882018559302239,0.8297488866919451,0.5438338081205484
set_cover_cw_tour,14.0,-0.3882874823919526,0.8876997989369957,-0.24743059225757935,1.9831300082581282,0.250027487620066,-0.10434965894587635,0.0682520203260972,0.8303525774737996,0.5431090198863421
set_cover_cw_tour,16.0,-0.3903670146122419,0.8873116338183364,-0.24554359774459614,1.985255891834354,0.24808041800870567,-0.10361315985748529,0.0676131559913983,0.8310306663673752,0.5422921775189334
set_cover_cw_tour,18.0,-0.3926629672187694,0.8868742427856144,-0.24345404424325104,1.9876042492847983,0.24592546017107128,-0.10279631483602819,0.06690815337204231,0.8317780849612041,0.541388431762951
set_cover_cw_tour,20.0,-0.39516075846735604,0.8863878068074563,-0.24117344569950422,1.9901605854712159,0.2435748066956159,-0.10190325634162058,0.06614160357880232,0.8325897354097651,0.5404029488384533
set_cover_cw_tour,22.0,-0.3978457121219286,0.8858525252653049,-0.23871341149436479,1.992910336868661,0.24104074380844728,-0.10093815713210072,0.0653181275020734,0.833460495932823,0.539340924067339
set_cover_cw_tour,24.0,-0.40070305228059255,0.8852686676933965,-0.23608568337232075,1.9958388610676627,0.23833568270712227,-0.09990525196178525,0.06444237456551827,0.8343852266792922,0.5382075942330765
set_cover_cw_tour,26.0,-0.40371790116237566,0.8846366228582561,-0.23330216839752235,1.9989314284017767,0.23547218723681512,-0.09880885732425908,0.06351902074985094,0.8353587759664514,0.5370082486639163
set_cover_cw_tour,28.0,-0.40687527991010075,0.8839569450999394,-0.2303749678408222,2.002173215677088,0.23246299783881155,-0.0976533891884054,0.06255276587749416,0.8363759868839646,0.5357482390311401
set_cover_cw_tour,30.0,-0.41016011239920214,0.8832303978089838,-0.2273164019222062,2.0055493019593507,0.22932105172605502,-0.09644337868075657,0.06154833017050401,0.8374317042319473,0.5344329878563254
set_cover_cw_tour,32.0,-0.4135572319772942,0.8824579938722721,-0.22413903035884575,2.009044666353723,0.22605949926819102,-0.09518348567365034,0.06051045011512861,0.8385207817433697,0.5330679957250921
set_cover_cw_tour,34.0,-0.4170513909953035,0.8816410328883207,-0.22085566869903364,2.012644187691696,0.22269171659917955,-0.09387851024768679,0.059443873686508504,0.8396380895235722,0.5316588472093955
set_cover_cw_tour,36.0,-0.42062727292861407,0.8807811349283862,-0.2174794004564596,2.0163326460199613,0.21923131449382746,-0.09253340200854306,0.058353355006154496,0.8407785216237584,0.5302112155060644
set_cover_cw_tour,38.0,-0.42426950682675596,0.8798802706045428,-0.2140235850971985,2.0200947257669557,0.2156921435950944,-0.09115326725215606,0.057243648522706664,0.8419370036512155,0.5287308658059213
set_cover_cw_tour,40.0,-0.42796268377367175,0.8789407871997044,-0.21050186197276358,2.0239150204448295,0.21208829611113067,-0.08974337398835196,0.05611950282283188,0.8431085003069024,0.5272236574152861
set_cover_cw_tour,42.0,-0.4316913749885875,0.8779654306173443,-0.20692815033572373,2.027778038727995,0.20843410413893707,-0.08830915485080663,0.05498565419366816,0.8442880227310986,0.5256955446598749
set_cover_cw_tour,44.0,-0.43544015115112844,0.8769573629201536,-0.2033166456186325,2.031668211734447,0.20474413480939943,-0.08685620794028483,0.05384682007070002,0.8454706355301985,0.5241525766097788
set_cover_cw_tour,46.0,-0.4391936024946587,0.8759201752464861,-0.19968181220113354,2.0355699013230293,0.2010331824852414,-0.08539029566787754,0.05270769251508145,0.8466514633525799,0.5226008956731926
set_cover_cw_tour,48.0,-0.44293635917995394,0.8748578959204083,-0.19603837293275794,2.039467409209009,0.19731625827809401,-0.08391734168481223,0.051572931871981094,0.8478256968788486,0.5210467351155532
set_cover_cw_tour,50.0,-0.4466531114381515,0.8737749936044069,-0.19240129571870554,2.043344986691979,0.1936085771823191,-0.08244342600468561,0.05044716076631693,0.84898859809169,0.5194964155694766
set_cover_cw_tour,52.0,-0.4503286289582404,0.8726763753820829,-0.18878577751139322,2.0471868447843953,0.18992554315036525,-0.08097477844197765,0.04933495859414019,0.8501355046930076,0.517956340609083
set_cover_cw_tour,54.0,-0.4539477789906921,0.871567379699947,-0.18520722608037174,2.050977164526219,0.1862827324562661,-0.07951777050675987,0.04824085666684639,0.8512618335408882,0.5164329914696468
set_cover_cw_tour,56.0,-0.45749554264552683,0.8704537641411493,-0.1816812399560824,2.0547001072712114,0.18269587570948095,-0.07807890590894975,0.0471693341613363,0.8523630829860827,0.5149329209997143
set_cover_cw_tour,58.0,-0.46095702888018647,0.8693416880478527,-0.17822358695767748,2.0583398247335425,0.17918083888981803,-0.07666480983567069,0.04612481502228142,0.8534348339968633,0.5134627469376599
set_cover_cw_tour,60.0,-0.46431748569987824,0.868237690051258,-0.17485018172080669,2.0618804685895227,0.1757536037750179,-0.0752822171717046,0.045111665952908685,0.8544727499721054,0.5120291446077784
set_cover_cw_tour,62.0,-0.46756230813007693,0.8671486606072233,-0.17157706263709482,2.065306199438431,0.17243024812521687,-0.07393795983521412,0.04413419561840061,0.8554725751548996,0.5106388391322851
set_cover_cw_tour,64.0,-0.47067704256698883,0.8660818096693853,-0.16842036860248047,2.068601194938491,0.16922692597264932,-0.07263895339849155,0.04319665517136153,0.8564301315726233,0.5092985972547711
set_cover_cw_tour,66.0,-0.47364738716611304,0.8650446296591231,-0.16539631594634957,2.0717496569489287,0.16615984834045797,-0.07139218315621608,0.04230324019211712,0.8573413144438476,0.5080152188676368
set_cover_cw_tour,68.0,-0.4764591879906176,0.8640448539113804,-0.16252117587743023,2.0747358175266077,0.16324526468140751,-0.0702046897914186,0.04145809411820599,0.8582020860073661,0.5067955283306887
set_cover_cw_tour,70.0,-0.47909843070902786,0.8630904107862261,-0.15981125273587726,2.0775439436457255,0.16049944528584756,-0.06908355477203243,0.04066531321760967,0.8590084677437282,0.505646365660375
set_cover_cw_tour,72.0,-0.48155122770464687,0.8621893736374038,-0.15728286328423932,2.080158340531356,0.157938664858789,-0.06803588558862154,0.039928953139355815,0.8597565309746235,0.5045745776590896
set_cover_cw_tour,74.0,-0.48380380053622063,0.8613499068206524,-0.15495231720359126,2.0825633535219885,0.15557918740889243,-0.06706880091678959,0.039253037053395404,0.860442385840095,0.5035870090416094
set_cover_cw_tour,76.0,-0.48584245776977214,0.8605802079062871,-0.15283589888569696,2.0847433684024304,0.15343725252805007,-0.06618941575613264,0.03864156536932214,0.8610621686676837,0.5026904936011579
set_cover_cw_tour,78.0,-0.4876535682846206,0.8598884462328455,-0.15094985052837745,2.0866828101764185,0.15152906306963457,-0.06540482656172306,0.03809852700072573,0.8616120277611526,0.5018918454409482
set_cover_cw_tour,80.0,-0.4892235302419917,0.8592826979023316,-0.14931035645009177,2.088366140277756,0.14987077415697442,-0.06472209634437048,0.03762791211882485,0.8620881076494292,0.5011978502785046
set_cover_cw_tour,82.0,-0.4905387359922319,0.8587708772739543,-0.14793352844188595,2.089777852249754,0.1484784833717512,-0.06414823967271135,0.037233726315483426,0.862486531848921,0.5006152568098343
set_cover_cw_tour,84.0,-0.4915855332867356,0.8583606649638906,-0.14683539187111266,2.0909024659550823,0.14736822188531315,-0.06369020746396703,0.036920006071648755,0.8628033842046734,0.5001507680988094
set_cover_cw_tour,86.0,-0.4923501832538881,0.8580594323055042,-0.14603187214241542,2.091724520411834,0.14655594620482948,-0.06335487140145254,0.036690835402416445,0.8630346888882374,0.4998110329342094
set_cover_cw_tour,88.0,-0.49281881569561514,0.8578741621700928,-0.14553878100813078,2.0922285653867583,0.14605753011117065,-0.0631490077660994,0.036550363523973395,0.8631763891430726,0.49960263707305375
set_cover_cw_tour,90.0,-0.49297738236382144,0.8578113659954518,-0.1453718021031981,2.0923991519132574,0.14588875626675954,-0.06307928041690615,0.036502823360128986,0.8632243248823854,0.49953209426439715
set_cover_cw_tour,92.0,-0.4935200632784423,0.8575199480376678,-0.14524973617572542,2.093021472714057,0.14576538084011847,-0.06303737555564227,0.03645239532804309,0.8633836079716068,0.49926571847447704
set_cover_cw_tour,94.0,-0.4951236724297486,0.8566563124764494,-0.14488792666723765,2.094861546394068,0.14539970303070648,-0.06291294133247187,0.036303242671314184,0.8638541027201422,0.4984778085311548
set_cover_cw_tour,96.0,-0.49773859220264016,0.8552398680556993,-0.14429505161371275,2.0978657620182983,0.14480053153554442,-0.06270837649329242,0.03605975017199818,0.8646207206161862,0.49719046995719407
set_cover_cw_tour,98.0,-0.5013142458218283,0.8532864512569313,-0.1434791240475218,2.101981312848717,0.14397602421370093,-0.06242557713426357,0.03572639643551493,0.8656678043618387,0.495424993726134
set_cover_cw_tour,100.0,-0.5057990049093422,0.850809044012422,-0.14244766498397898,2.1071558403603357,0.1429338599650961,-0.0620660428099035,0.03530777161870204,0.8669791599098521,0.49320209232651074
set_cover_cw_tour,102.0,-0.5111400828256961,0.8478184666411998,-0.14120787283683983,2.1133370863377894,0.14168140712399097,-0.06163097984599175,0.03480859695983705,0.868538083788233,0.49054212959783056
set_cover_cw_tour,104.0,-0.5172834315609477,0.844324047091753,-0.1397667876683638,2.1204725626328726,0.1402258866620653,-0.0611214018785898,0.034233743901641814,0.8703273904450846,0.48746534076990755
set_cover_cw_tour,106.0,-0.5241736576669384,0.8403342665289788,-0.13813144864681082,2.128509247153823,0.13857452847941054,-0.060538227478309475,0.03358825085084045,0.872329443638268,0.483992039377008
set_cover_cw_tour,108.0,-0.5317539705581372,0.8358573799399555,-0.1363090429706286,2.137393313776261,0.13673471896661699,-0.05988237450180633,0.032877335857097116,0.8745261951857178,0.48014280786548996
set_cover_cw_tour,110.0,-0.5399661743371162,0.8309020089060443,-0.1343070443708708,2.147069903015129,0.1347141378942107,-0.05915485056666618,0.03210640373769931,0.8768992336680367,0.47593866882811414
set_cover_cw_tour,112.0,-0.5487507120244032,0.8254777021421471,-0.1321333391647663,2.157482939393025,0.1325208825700493,-0.05835683879664949,0.031281046436954375,0.879429844925683,0.4714012339328996
set_cover_cw_tour,114.0,-0.5580467686236894,0.819595457977352,-0.12979633774322408,2.168575000417127,0.13016357713988627,-0.05748977775626118,0.030407035701620212,0.8820990854159668,0.4665528278144834
set_cover_cw_tour,116.0,-0.5677924368011142,0.8132682017788823,-0.12730506936801844,2.1802872408893563,0.12765146492500345,-0.056555434310507184,0.02949030748131725,0.8848878686959238,0.4614165844975589
set_cover_cw_tour,118.0,-0.5779249461120158,0.8065112105275744,-0.12466925825868329,2.1925593749006302,0.12499448182068243,-0.05555596802932916,0.02853693782530313,0.8877770644906089,0.45601651435043034
set_cover_cw_tour,120.0,-0.5883809537236845,0.7993424764452406,-0.12189937918462716,2.205329716303395,0.1222033090387689,-0.0544939857251978,0.027553110437402,0.8907476090156328,0.45037754013487363
set_cover_cw_tour,122.0,-0.5990968915530966,0.7917830018331806,-0.11900669115413041,2.218535276746043,0.11928940387448946,-0.05337258478035888,0.026545076456206445,0.8937806244781112,0.44452550142518843
set_cover_cw_tour,124.0,-0.6100093617941744,0.7838570181518445,-0.11600324830608433,2.2321119185415337,0.11626500770769872,-0.05219538409425609,0.02551910742944788,0.896857545016538,0.43848712749881935
set_cover_cw_tour,126.0,-0.6210555701039703,0.7755921238550653,-0.112901887746934,2.2459945578048086,0.11314313109469118,-0.05096654176054096,0.02448144282727602,0.8999602457937128,0.4322899797230857
set_cover_cw_tour,128.0,-0.6321737834152862,0.7670193375396318,-0.1097161948058133,2.2601174115186624,0.10993751653897761,-0.049690758956674325,0.023438233764927048,0.9030711715615907,0.4259623654346315
set_cover_cw_tour,130.0,-0.6433037976011021,0.7581730654830074,-0.10646044696552702,2.274414280572792,0.10666258030764371,-0.04837326997829209,0.0223954848574793,0.9061734608001657,0.4195332262777958
set_cover_cw_tour,132.0,-0.6543873991648773,0.7490909854736034,-0.10314953851769426,2.288818859461517,0.10333333543606549,-0.047019818848167284,0.021358996288158547,0.9092510615116164,0.4130320048774029
set_cover_cw_tour,134.0,-0.6653688048592845,0.7398138518083193,-0.09979888873462366,2.3032650623074336,0.09996529878636902,-0.04563662344278918,0.020334308223021427,0.9122888349304366,0.40648849451257396
set_cover_cw_tour,136.0,-0.6761950636784979,0.7303852292397406,-0.09642433699665089,2.3176873542669623,0.09657438564401741,-0.04423032857237235,0.01932664964282651,0.9152726437804379,0.39993267707844404
set_cover_cw_tour,138.0,-0.6868164069982524,0.7208511662970642,-0.09304202881586962,2.3320210772090375,0.09317679580861926,-0.04280794988707303,0.018340893490556964,0.9181894222463545,0.3933945550301117
set_cover_cw_tour,140.0,-0.6971865346642229,0.7112598205947052,-0.08966829702007363,2.346202758848976,0.08978889542665533,-0.041376810831925015,0.01738151976252976,0.9210272254949124,0.38690398317058927
set_cover_cw_tour,142.0,-0.7072628274090624,0.7016610503304677,-0.08631954248305469,2.36017039524284,0.08642709890664271,-0.039944475111289963,0.01645258782248235,0.9237752573318224,0.3804905060623096
set_cover_cw_tour,144.0,-0.7170064789268074,0.6921059870606917,-0.08301211870400152,2.3738636976506293,0.08310775514847775,-0.03851867723571401,0.015557718817663328,0.9264238753662355,0.374183206518688
set_cover_cw_tour,146.0,-0.7263825440424384,0.6826466049805124,-0.07976222426070627,2.387224296181885,0.07984704202124746,-0.037107253705935955,0.014700088653312125,0.9289645738212001,0.3680105700943712
set_cover_cw_tour,148.0,-0.7353599024731068,0.6733353013504262,-0.07658580671425619,2.4001958942502113,0.07666087256451189,-0.03571807724692355,0.013882431566937286,0.931389944829953,0.36200036978051475
set_cover_cw_tour,150.0,-0.7439111404909512,0.664224501467276,-0.07349848096390221,2.4127243695808005,0.0735648158043977,-0.034358996255056604,0.013107053964007735,0.93369361965361,0.3561795742752094
set_cover_cw_tour,152.0,-0.7520123552026955,0.655366299793634,-0.07051546438403185,2.4247578192348547,0.07057403441170232,-0.033037781286822616,0.012375857854800878,0.9358701917166213,0.3505742822944894
set_cover_cw_tour,154.0,-0.7596428880389603,0.6468121466784519,-0.06765153036732013,2.4362465477432287,0.06770324073037565,-0.031762080024787656,0.011690372984581705,0.9379151236646959,0.3452096844716539
set_cover_cw_tour,156.0,-0.7667849953258924,0.6386125876804264,-0.0649209811939166,2.447142998900326,0.0649666720146179,-0.030539381734538663,0.01105179658529858,0.9398246408001779,0.34011005351257395
set_cover_cw_tour,158.0,-0.7734234644715529,0.6308170599972635,-0.062337640484940546,2.457401632999583,0.06237808506883457,-0.029376991801589678,0.010461039598864663,0.9415956132471558,0.3352987624744728
set_cover_cw_tour,160.0,-0.7795451843613839,0.623473748045402,-0.059914864910093686,2.466978752256976,0.059950769915723005,-0.028282016532880976,0.009918778225975323,0.9432254290567,0.33079833034666595
set_cover_cw_tour,162.0,-0.7851386780780237,0.6166294979351424,-0.057665574324266465,2.475832277853774,0.05769758164279544,-0.02726135804098971,0.00942550973156793,0.9447118602014648,0.3266304935531113
set_cover_cw_tour,164.0,-0.7901936051225501,0.6103297885212482,-0.05560229911645451,2.4839214824392237,0.05563098920534405,-0.026321718711681943,0.008981611576445666,0.9460529230517524,0.32281630157535113
set_cover_cw_tour,166.0,-0.7947002390127232,0.6046187549185902,-0.0537372432658637,2.4912066820901426,0.05376313969316494,-0.025469614491608582,0.008587403130536358,0.9472467344962638,0.31937623460628267
set_cover_cw_tour,168.0,-0.7986489245692064,0.5995392588603968,-0.052082361405527966,2.497648891663264,0.052105936389611626,-0.024711396021216758,0.008243209442690615,0.9482913643931844,0.31633034097613744
set_cover_cw_tour,170.0,-0.8020295174700888,0.5951329990147244,-0.05064944807632732,2.5032094472437834,0.05067112884792494,-0.024053276471253437,0.007949426781544524,0.9491846845313557,0.31369839202003097
set_cover_cw_tour,172.0,-0.8048308068461761,0.591440653306129,-0.04945023729116148,2.5078495990431615,0.0494704131587437,-0.023501364807867246,0.0077065899099068025,0.9499242137639448,0.31150005205309267
set_cover_cw_tour,174.0,-0.8070399198831187,0.588502044333823,-0.04849651049261272,2.5115300776895655,0.04851554055719501,-0.023061703095751215,0.007515441301174165,0.950506958461435,0.30975506115116824
set_cover_cw_tour,176.0,-0.8086417056607877,0.5863563180349576,-0.047800210946182864,2.51421063644834,0.04781843248721698,-0.022740306332374866,0.007377002741713442,0.9509292469268903,0.308483428464992
set_cover_cw_tour,178.0,-0.8096180938592213,0.5850421246961472,-0.047373562529945595,2.5158495715753135,0.04739130017052798,-0.02254320316782376,0.007292649980149951,0.9511865559320515,0.30770563378222954
set_cover_cw_tour,180.0,-0.809947422558782,0.5845977901379837,-0.04722919072111924,2.5164032228170528,0.0472467665798411,-0.022476475680294372,0.007264191275144447,0.9512733270750889,0.3074428349492018
set_cover_cw_tour,182.0,-0.8098992644455788,0.5846270177461818,-0.04769100095108069,2.5163512798623002,0.0477090977989333,-0.022696186241063177,0.007335850746724348,0.9512601208484519,0.30746585323791903
set_cover_cw_tour,184.0,-0.8097563732505209,0.584712011462138,-0.04905588274675992,2.5161985479979623,0.04907557941450107,-0.02334554430692355,0.007547705062318173,0.9512209095544277,0.3075334110885402
set_cover_cw_tour,186.0,-0.8095207999080184,0.58484709472961,-0.05128304108198276,2.5159507970039257,0.05130554636824134,-0.02440514753409719,0.007893618231949227,0.9511561863044458,0.30764263166835265
set_cover_cw_tour,188.0,-0.8091928801539227,0.5850255480482097,-0.05433222652432976,2.515613611329169,0.054358993469190625,-0.025855860718033075,0.008367653332647872,0.9510659401191203,0.3077905690393523
set_cover_cw_tour,190.0,-0.8087715272359302,0.5852397935931372,-0.05816356873097927,2.5151924089588804,0.05819641332245128,-0.027678744444029964,0.008964027763029389,0.9509497409559712,0.30797422536315766
set_cover_cw_tour,192.0,-0.8082545087893729,0.5854815684994881,-0.06273740486367747,2.514692458926929,0.06277863347834566,-0.029854982334799857,0.00967706977224523,0.9508068198721071,0.3081905670767721
set_cover_cw_tour,194.0,-0.8076387099572058,0.5857420892069766,-0.06801410963988866,2.514118897570947,0.06806665706119366,-0.032365809290178196,0.010501176811410155,0.9506361450440324,0.30843654032943135
set_cover_cw_tour,196.0,-0.8069203844819232,0.5860122088561079,-0.07395393281719755,2.5134767436148295,0.07402151054733322,-0.0351924427818552,0.011430776183645942,0.9504364942471438,0.30870908592084595
set_cover_cw_tour,198.0,-0.8060953950711525,0.5862825692904307,-0.08051684911429517,2.512770912152089,0.08060410185891234,-0.03831601898004739,0.012460288411550918,0.9502065242610561,0.3090051539278018
set_cover_cw_tour,200.0,-0.8051594438681291,0.5865437487667243,-0.08766242486175571,2.5120062275930564,0.08777509149591176,-0.04171753523471435,0.013584093692747786,0.9499448375209011,0.30932171815098247
set_cover_cw_tour,202.0,-0.8041082933693512,0.5867864060190897,-0.09534970501175843,2.5111874356293162,0.09549477901977521,-0.04537780019832454,0.014796501770439039,0.949650046185453,0.30965579045851105
set_cover_cw_tour,204.0,-0.8029379776479357,0.5870014208762763,-0.10353712348658266,2.5103192142599515,0.10372300680778906,-0.04927739264946845,0.016091725502629432,0.9493208336459892,0.31000443504843966
set_cover_cw_tour,206.0,-0.8016450032842178,0.587180031206399,-0.11218243918679391,2.5094061839159982,0.11241908260202671,-0.05339662984831869,0.017463858367673352,0.9489560133604839,0.31036478260062417
set_cover_cw_tour,208.0,-0.8002265389951013,0.5873139655717408,-0.12124269929491756,2.508452916712031,0.12154172196879186,-0.057715546020058864,0.018906856092725115,0.948554584771082,0.3107340442404981
set_cover_cw_tour,210.0,-0.7986805926091641,0.5873955706308865,-0.13067423079050294,2.507463944846858,0.1310490113572122,-0.06221388131755551,0.020414522534031313,0.9481157859535352,0.3111095251946219
set_cover_cw_tour,212.0,-0.7970061737720792,0.5874179320379452,-0.14043266033745253,2.5064437681689373,0.1408983919967734,-0.06687108135897031,0.021980499873211826,0.9476391425597421,0.3114886379819373
set_cover_cw_tour,214.0,-0.7952034406002664,0.5873749873700325,-0.1504729619219105,2.5053968609162824,0.15104666440551273,-0.07166630717148588,0.023598263122016478,0.9471245125524719,0.31186891495669944
set_cover_cw_tour,216.0,-0.7932738284399546,0.5872616294737446,-0.160749530823762,2.5043276776353016,0.1614500127999311,-0.07657845510299664,0.025261118850644557,0.9465721261976769,0.3122480200002251
set_cover_cw_tour,218.0,-0.7912201589395231,0.5870737985657254,-0.171216281717966,2.503240658278176,0.17206404821477744,-0.08158618599567727,0.02696220797346762,0.9459826207763846,0.31262375914974405
set_cover_cw_tour,220.0,-0.7890467278053566,0.5868085614549093,-0.181826767949275,2.502140232474076,0.1828438686690615,-0.08666796265656489,0.028694512343434994,0.9453570695055127,0.31299408995423866
set_cover_cw_tour,222.0,-0.7867593698798527,0.5864641763739569,-0.1925343183338322,2.501030822965719,0.19374413426936019,-0.09180209441947393,0.03045086482557598,0.9446970042142089,0.313357129359253
set_cover_cw_tour,224.0,-0.784365500543063,0.5860401421096783,-0.2032921872426444,2.499916848199512,0.20471915473906976,-0.09696678737888219,0.032223962444126536,0.9440044314069352,0.31371115994476056
set_cover_cw_tour,226.0,-0.7818741328793969,0.5855372303973039,-0.214053713242134,2.4988027240548276,0.21572298651885277,-0.1021401986987305,0.034006382130228344,0.9432818414525488,0.3140546343712911
set_cover_cw_tour,228.0,-0.7792958705455615,0.5849575008774883,-0.22477248122890586,2.497692864695867,0.22670953631385055,-0.10730049326519936,0.035790598541012915,0.9425322107646278,0.31438617792814016
set_cover_cw_tour,230.0,-0.7766428767993193,0.5843042982904816,-0.2354024828164415,2.4965916825281074,0.23763266777942185,-0.11242590086864787,0.03756900337890562,0.9417589969757526,0.31470458912162896
set_cover_cw_tour,232.0,-0.7739288206723282,0.583582231978897,-0.2458982697199552,2.4955035872405125,0.24844630794791275,-0.11749477207006159,0.0393339256142627,0.9409661272500386,0.31500883828876947
set_cover_cw_tour,234.0,-0.7711688017653224,0.5827971381673267,-0.25621509504283846,2.4944329839146597,0.2591045500087855,-0.12248563093309794,0.04107765200631204,0.9401579800162894,0.31529806426976315
set_cover_cw_tour,236.0,-0.768379255582582,0.5819560258620295,-0.26630903768597447,2.4933842701825855,0.2695617491633706,-0.12737722288305706,0.04279244732726791,0.939339360531131,0.31557156921894747
set_cover_cw_tour,238.0,-0.7655778416803626,0.5810670075465032,-0.27613710556350407,2.492361832416703,0.2797726084791428,-0.13214855608521828,0.044470573722015364,0.938515470790448,0.3158288116755827
set_cover_cw_tour,240.0,-0.7627833171605797,0.5801392161209291,-0.28565731389218135,2.4913700409375004,0.28969225195825316,-0.13677893491107213,0.046104308679661095,0.9376918743923617,0.3160693980509704
set_cover_cw_tour,242.0,-0.7600153981819536,0.5791827097307041,-0.294828735497959,2.490413244228022,0.2992762823992192,-0.1412479842743794,0.0476859611515683,0.9368744570111985,0.31629307271492346
set_cover_cw_tour,244.0,-0.7572946121775217,0.5782083662411681,-0.30361152082161896,2.4894957621483647,0.3084808220549213,-0.1455356638608453,0.04920788542073776,0.9360693831662161,0.3164997068811001
set_cover_cw_tour,246.0,-0.7546421433576602,0.5772277691364514,-0.3119668860733653,2.4886218781486478,0.3172625345588754,-0.14962227153618546,0.05066249240675047,0.9352830499597253,0.3166892864962783
set_cover_cw_tour,248.0,-0.7520796738450025,0.5762530865488016,-0.3198570687544271,2.4877958304851253,0.3255786270896178,-0.15348843548837723,0.05204225817603727,0.9345220384166657,0.3168618993328625
set_cover_cw_tour,250.0,-0.7496292224403652,0.5752969449637757,-0.3272452505060993,2.487021802451365,0.3333868322555922,-0.15711509493277453,0.053339729516228875,0.9337930629830777,0.31701772146692775
set_cover_cw_tour,252.0,-0.7473129825692885,0.574372298902784,-0.3340954479434365,2.4863039116446655,0.34064536969810916,-0.16048346947688455,0.05454752652335815,0.9331029196368575,0.3171570032965024
set_cover_cw_tour,254.0,-0.7451531604218636,0.5734922975669122,-0.3403723727694898,2.4856461982971574,0.3473128879188876,-0.16357501750035391,0.055658342239886145,0.9324584329341655,0.31728005521751146
set_cover_cw_tour,256.0,-0.7431718136903099,0.5726701490459342,-0.3460412630423758,2.485052612711211,0.3533483873364762,-0.16637138415290476,0.056664939468740835,0.9318664021629705,0.3173872330291369
set_cover_cw_tour,258.0,-0.7413906906454272,0.5719189822661767,-0.3510676879861167,2.4845270018499175,0.35871112606198907,-0.1688543398090204,0.05756014497343952,0.9313335466058067,0.3174789230877324
set_cover_cw_tour,260.0,-0.7398310685901112,0.5712517063831283,-0.3554173292105753,2.484073095145276,0.3633605103632859,-0.1710057100462848,0.05833684135740191,0.9308664497313763,0.31755552717046265
set_cover_cw_tour,262.0,-0.7385135899997419,0.5706808668319868,-0.35905574165801224,2.4836944895993356,0.36725597226692075,-0.17280729844032183,0.05898795699812824,0.9304715019435351,0.31761744694819044
set_cover_cw_tour,264.0,-0.7374580939183729,0.5702184967442137,-0.3619480980541958,2.483394634266657,0.3703568372424318,-0.17424080370180256,0.05950645449622847,0.9301548413207743,0.31766506790354454
set_cover_cw_tour,266.0,-0.7366834394384046,0.5698759619331611,-0.36405892114870186,2.483176814219944,0.37262218544169484,-0.17528773293096278,0.05988531818835826,0.9299222915839159,0.3176987424663831
set_cover_cw_tour,268.0,-0.7362073173622496,0.5696637971602792,-0.3653518086272629,2.48304413411435,0.3740107105487554,-0.17592931304572032,0.060117541370657814,0.929779296339014,0.3177187720770306
set_cover_cw_tour,270.0,-0.7360460454418946,0.5695915309305228,-0.36578915632037506,2.482999501479502,0.3744805809575682,-0.1761464027658542,0.06019611398957879,0.9297308484618013,0.3177253878299659
set_cover_cw_tour,272.0,-0.7362716512400602,0.5690385321156901,-0.36619558237075406,2.4836178677015246,0.3749173080786316,-0.17636804254616198,0.06021096505953111,0.9297905491596643,0.3174247752592811
set_cover_cw_tour,274.0,-0.7369363964767148,0.5674036200136299,-0.36739335805556206,2.4854458014090417,0.3762048209533459,-0.177021708268651,0.060253530026206044,0.929966510342033,0.31653612205132486
set_cover_cw_tour,276.0,-0.7380136566317745,0.5647342105542392,-0.3693387524410043,2.488429041710847,0.37829736157657395,-0.17808477883273016,0.06031911169036305,0.9302518116514329,0.315085676018778
set_cover_cw_tour,278.0,-0.7394727777435468,0.5610764445401072,-0.371985529770279,2.492513758834944,0.3811471360070387,-0.1795338373174175,0.060401465616063174,0.9306385183427586,0.3130993650365802
set_cover_cw_tour,280.0,-0.7412797707968192,0.5564757410215612,-0.3752852928931793,2.497646268943592,0.38470454474602134,-0.18134472094067533,0.06049310388001511,0.9311178603062941,0.3106029729228923
set_cover_cw_tour,282.0,-0.7433979838241183,0.5509773537739285,-0.379187807391687,2.5037727546221595,0.3889183957808429,-0.1834925619410697,0.06058558931031584,0.9316804056542034,0.3076223135603845
set_cover_cw_tour,284.0,-0.7457887573447777,0.5446269053752946,-0.38364132123568506,2.5108390013058437,0.3937361160578326,-0.18595182932329243,0.060669821232742664,0.9323162293256382,0.30418339615917944
set_cover_cw_tour,286.0,-0.7484120666165746,0.5374708765181619,-0.3885928916456228,2.5187901586748276,0.3991039741621984,-0.1886963797314476,0.060736313036040254,0.9330150768273123,0.30031257544091977
set_cover_cw_tour,288.0,-0.7512271515991487,0.5295570312939915,-0.3939887273861072,2.527570534904205,0.4049673237993747,-0.19169952395493556,0.060775461000901636,0.9337665228201867,0.2960366813688411
set_cover_cw_tour,290.0,-0.7541931327996185,0.5209347624380133,-0.3997745511179365,2.537123430519544,0.4112708743706432,-0.19493411374388336,0.06077780291518303,0.9345601238404153,0.2913831239091885
set_cover_cw_tour,292.0,-0.7572696085430172,0.5116553440369062,-0.40589598285223366,2.547391017416808,0.41795899160282696,-0.19837265173728208,0.06073426411766288,0.9353855640502448,0.2863799692213309
set_cover_cw_tour,294.0,-0.7604172269145716,0.5017720830415247,-0.41229894214237606,2.558314267309216,0.42497602793186645,-0.20198742542509496,0.06063638786300947,0.936232792591785,0.2810559846593841
set_cover_cw_tour,296.0,-0.7635982238561776,0.4913403650724242,-0.41893006358363405,2.5698329324373317,0.43226667927329687,-0.20575066422931265,0.06047654635836959,0.9370921508948055,0.27544065103231913
set_cover_cw_tour,298.0,-0.76677691782017,0.48041759436286813,-0.4257371176263528,2.5818855798189744,0.4397763620691657,-0.20963471706552642,0.06024812854772511,0.9379544881904356,0.2695641417005825
set_cover_cw_tour,300.0,-0.7699201510878935,0.4690630320905894,-0.432669426785367,2.5944096786425725,0.4474516022104513,-0.2136122462115649,0.05994570075355118,0.9388112635163218,0.2634572692572803
set_cover_cw_tour,302.0,-0.772997668381266,0.45733754159494205,-0.4396782661503986,2.607341738663971,0.45524042571291184,-0.21765643203929974,0.059565136641051335,0.9396546326643455,0.2571514017097489
set_cover_cw_tour,304.0,-0.7759824246951579,0.4453032528248925,-0.4467172367256423,2.6206174957141823,0.4630927399619454,-0.22174118222809175,0.05910371363567226,0.9404775188073617,0.2506783511923384
set_cover_cw_tour,306.0,-0.7788508162522474,0.43302316158439547,-0.4537426005508655,2.6341721387404613,0.47096069398913115,-0.2258413385252417,0.058560173859726096,0.9412736659248693,0.24407023924887572
set_cover_cw_tour,308.0,-0.7815828309677373,0.4205606815366344,-0.4607135677206601,2.647940571269244,0.47879900660321223,-0.22993287397823664,0.05793474879434075,0.942037674600122,0.23735934357054445
set_cover_cw_tour,310.0,-0.784162117605469,0.4079791683562955,-0.46759252720698197,2.6618576988808123,0.4865652522247332,-0.23399307383522233,0.05722914813544419,0.9427650202497045,0.23057793171595958
set_cover_cw_tour,312.0,-0.7865759756861895,0.3953414358129841,-0.47434521564220217,2.6758587332974053,0.4942200958721032,-0.2380006939639433,0.05644651460309942,0.9434520543367622,0.22375808774117345
set_cover_cw_tour,314.0,-0.7888152709524741,0.38270928294463497,-0.48094082074635575,2.6898795030682723,0.5017274707838748,-0.24193609161765336,0.05559134768672962,0.9440959895787134,0.21693153780982935
set_cover_cw_tour,316.0,-0.7908742836072112,0.3701430499320572,-0.4873520186844155,2.703856760623489,0.5090546944770885,-0.24578132459923885,0.05466940037694283,0.944694870561935,0.21012948073661142
set_cover_cw_tour,318.0,-0.7927504984696592,0.357701217976065,-0.4935549471280241,2.717728475673409,0.5161725214627501,-0.2495202162474236,0.053687553776201796,0.9452475314986848,0.2033824290567143
set_cover_cw_tour,320.0,-0.7944443475342775,0.3454400656157889,-0.49952911800834554,2.7314341055342073,0.5230551331993284,-0.2531383850914054,0.052653675046111736,0.9457535430921088,0.19672006564195885
set_cover_cw_tour,322.0,-0.7959589161296402,0.3334133907434602,-0.5052572757582786,2.7449148339174467,0.529680068014733,-0.25662323939622933,0.051576464414710324,0.9462131506078841,0.19017112014437276
set_cover_cw_tour,324.0,-0.7972996239692681,0.32167230430019966,-0.5107252081742818,2.7581137709656613,0.5360280955474576,-0.259963938066013,0.050465296934611645,0.9466272052872428,0.18376326869256573
set_cover_cw_tour,326.0,-0.7984738919210698,0.31026509849141926,-0.5159215178479473,2.7709761087632723,0.5420830416660477,-0.26315132041904166,0.04933006437703808,0.9469970911830153,0.17752305935055307
set_cover_cw_tour,328.0,-0.7994908043892366,0.2992371895150384,-0.5208373624349468,2.7834492281105216,0.5478315707793288,-0.2661778081524437,0.04818102211079928,0.9473246493694636,0.1714758649272327
set_cover_cw_tour,330.0,-0.8003607759142016,0.28863113238020255,-0.5254661718882948,2.7954827539247376,0.5532629329415201,-0.2690372833517866,0.047028645104390296,0.9476121012823476,0.16564586384691177
set_cover_cw_tour,332.0,-0.8010952290715752,0.2784867034882407,-0.5298033502527267,2.8070285581417207,0.5583686832118365,-0.27172494667073926,0.04588349636434269,0.9478619727033947,0.1600560489984568
set_cover_cw_tour,334.0,-0.8017062891036256,0.2688410452833534,-0.5338459687799917,2.818040710356497,0.5631423803970629,-0.2742371598240184,0.04475611024384428,0.9480770196284971,0.1547282638041382
set_cover_cw_tour,336.0,-0.802206499046493,0.2597288664488751,-0.5375924560675601,2.828475377609996,0.5675792716532259,-0.27657127633277223,0.04365689217666409,0.9482601569657567,0.14968326420951314
set_cover_cw_tour,338.0,-0.8026085575024708,0.25118269078449307,-0.5410422897279514,2.838290675658085,0.5716759685215385,-0.27872546407350013,0.0425960355571787,0.9484143907101195,0.14494080490247224
set_cover_cw_tour,340.0,-0.8029250797060076,0.24323314798664208,-0.544195692834489,2.8474464747327777,0.575430118896787,-0.28069852265159784,0.04158345573058349,0.9485427539454964,0.14051974782288285
set_cover_cw_tour,342.0,-0.8031683811779654,0.23590929999164686,-0.5470533371193503,2.8559041632211963,0.5788400782396497,-0.2824896979902579,0.04062874039836258,0.9486482467398679,0.13643819091585108
set_cover_cw_tour,344.0,-0.8033502820669285,0.22923899724764707,-0.549616053662809,2.863626372860255,0.581904582104176,-0.2840984958327775,0.03974111519078893,0.9487337797279366,0.13271361509690355
set_cover_cw_tour,346.0,-0.8034819292318454,0.2232492601772812,-0.551884550633707,2.8705766690007883,0.5846224208010332,-0.28552449513332523,0.038929422707671954,0.9488021209206744,0.12936304751719904
set_cover_cw_tour,348.0,-0.8035736322042344,0.21796668210498749,-0.5538591365304332,2.876719209269687,0.5869921157856409,-0.2867671615827123,0.03820211296857354,0.9488558450401482,0.12640323941923848
set_cover_cw_tour,350.0,-0.803634708345273,0.21341785098535337,-0.5555394463254627,2.8820183735946596,0.5890115961638857,-0.28782566079885485,0.03756724292464981,0.9488972844474142,0.12385085713496731
set_cover_cw_tour,352.0,-0.8036733317381417,0.20962978832552084,-0.5569241669199785,2.886438368099344,0.5906778725504175,-0.2886986700162652,0.03703248244076953,0.9489284805049034,0.1217226850745939
set_cover_cw_tour,354.0,-0.8036963795759577,0.20663040469563315,-0.5580107573441724,2.889942804875154,0.5919867043886786,-0.2893841864386206,0.03660512392875052,0.9489511339843268,0.12003583986159638
set_cover_cw_tour,356.0,-0.8037092689605305,0.20444897212113242,-0.5587951581622218,2.8924942591410283,0.5929322557326271,-0.28987932977180253,0.03629209256691691,0.9489665528865491,0.11880799506256062
set_cover_cw_tour,358.0,-0.8037157760504622,0.20311661440336845,-0.5592714835220158,2.8940538048666125,0.5935067333765801,-0.29018013582720054,0.03609995374073267,0.9489755957690104,0.11805761621376383
set_cover_cw_tour,360.0,-0.8037178283148796,0.20266681696783195,-0.5594316881880584,2.8945805296168245,0.593700000077691,-0.2902813374709528,0.03603491394326205,0.9489786083650893,0.11780420603117293
set_cover_cw_tour,362.0,-0.8032975962510148,0.20247038792171693,-0.5601059844995151,2.8946864140087047,0.5945137300289263,-0.29066932948970214,0.03606745274271835,0.9488666592193864,0.11773930001702748
set_cover_cw_tour,364.0,-0.8020512654091149,0.20187950820486034,-0.5621017984516697,2.8950108739961093,0.5969248761825429,-0.2918189164858889,0.03616202852327699,0.9485346279380839,0.11754185329679119
set_cover_cw_tour,366.0,-0.8000005462984955,0.20089237765884072,-0.565368356490427,2.895564571564235,0.6008797653814143,-0.29370408388059766,0.03631307994702684,0.9479882031829344,0.11720767023796334
set_cover_cw_tour,368.0,-0.797155553254019,0.19950360380297047,-0.5698608040442035,2.896360498713832,0.6063364537927327,-0.2963039806755583,0.036514811966799544,0.947229879772613,0.1167312058055122
set_cover_cw_tour,370.0,-0.7935161465686779,0.1977046075870768,-0.5755388894537332,2.897414079522892,0.6132629661552634,-0.2996021038326913,0.03676103984154805,0.9462593192323694,0.11610558166895497
set_cover_cw_tour,372.0,-0.7890730507262216,0.19548399257924234,-0.5823656319382974,2.8987433300149403,0.6216356855914318,-0.3035855369084159,0.037045013607216744,0.9450736438658904,0.11532257548684056
set_cover_cw_tour,374.0,-0.7838088229019665,0.1928279004787826,-0.5903059629869738,2.9003690760865357,0.6314378402063365,-0.3082442213525972,0.03735922023654858,0.9436676852124907,0.11437258653955422
set_cover_cw_tour,376.0,-0.77769873876011,0.18972037475091685,-0.5993253299630392,2.902315232237704,0.642658037685531,-0.3135702405541538,0.03769516003700838,0.942034205477614,0.11324457982064809
set_cover_cw_tour,378.0,-0.7707116582116038,0.1861437535596651,-0.6093882530107048,2.904609146145426,0.6552888035900312,-0.3195570985333716,0.03804309332331519,0.9401641091619034,0.11192600980617122
set_cover_cw_tour,380.0,-0.7628109313977466,0.18207911275237287,-0.620456831406836,2.9072820163713646,0.6693250834220156,-0.3261989772610303,0.03839175303089401,0.938046661418337,0.11040272430961362
set_cover_cw_tour,382.0,-0.7539554038466156,0.17750677908482432,-0.6324892033777479,2.9103693928121865,0.684762673292028,-0.3334899591067875,0.03872801870420959,0.935669729386686,0.10865884801361256
set_cover_cw_tour,384.0,-0.744100578494356,0.1724069327598925,-0.6454379742629737,2.9139117719667453,0.701596549733119,-0.34142320410234184,0.039036547210694036,0.9330200626080049,0.10667664436657506
set_cover_cw_tour,386.0,-0.7331999898690745,0.16676031619858608,-0.6592486418623377,2.917955301763498,0.7198190765078212,-0.34999007577567115,0.039299355617100344,0.9300836282736181,0.10443635345990775
set_cover_cw_tour,388.0,-0.7212068407915951,0.16054906221903545,-0.6738580647406361,2.9225526135833917,0.7394180757763181,-0.35917921446590184,0.039495351943640344,0.9268460161055048,0.10191600217757872
set_cover_cw_tour,390.0,-0.7080759428646111,0.15375764888839233,-0.6891930386652974,2.9277638021946792,0.7603747633060972,-0.3689755633694911,0.039599810002767896,0.9232929256092296,0.09909118126181134
set_cover_cw_tour,392.0,-0.6937659871393618,0.14637397970453367,-0.7051690670711555,2.93365757746757,0.7826615628885705,-0.37935936003713205,0.03958378524971659,0.9194107447245683,0.09593478192259987
set_cover_cw_tour,394.0,-0.6782421491573014,0.1383905760964927,-0.7216894315106505,2.9403126146972314,0.8062398338308527,-0.39030511431818504,0.03941346953691773,0.915187222920924,0.09241668225173338
set_cover_cw_tour,396.0,-0.6614790020590996,0.12980585447685547,-0.738644684525944,2.947819132637614,0.8310575668293324,-0.40178060215919187,0.03904948391088982,0.9106122329706773,0.08850337111685375
set_cover_cw_tour,398.0,-0.6434636726176283,0.12062544274219804,-0.7559126964039447,2.956280729055935,0.8570471265096652,-0.4137459120893007,0.03844611022417383,0.9056786035440194,0.08415749473801173
set_cover_cw_tour,400.0,-0.6241991294117033,0.11086347243608688,-0.7733593843234107,2.9658165012566537,0.8841231413875158,-0.42615258608352874,0.03755046462773872,0.9003829892396304,0.07933730943553034
set_cover_cw_tour,402.0,-0.6037074434928414,0.10054376486243555,-0.7908402329286396,2.976563471098119,0.9121806610579377,-0.4389428968028826,0.03630161956588542,0.8947267259690607,0.0739960242166647
set_cover_cw_tour,404.0,-0.5820328157106122,0.08970081520711909,-0.8082026758104397,2.9886793164711403,0.941093712503216,-0.45204929681697303,0.03462968692551352,0.8887165986065226,0.06808102079121649
set_cover_cw_tour,406.0,-0.5592441293665152,0.07838047171803354,-0.8252893464854294,3.0023453775347018,0.9707143888325588,-0.4653940604307896,0.03245488571426208,0.882365426043276,0.06153294916128267
set_cover_cw_tour,408.0,-0.5354367712734215,0.06664021075995151,-0.8419421276300189,3.0177698460452054,1.0008725915687688,-0.4788891142048273,0.02968663685085656,0.8756923485044253,0.054284718470350546
set_cover_cw_tour,410.0,-0.5107334773219522,0.0545489258458556,-0.8580068355390243,3.035190944339817,1.0313765206732477,-0.492436019065844,0.026222761429396533,0.8687226861570918,0.04626044169274296
set_cover_cw_tour,412.0,-0.485284006212008,0.0421861805232567,-0.8733382846799301,3.054879733979829,1.0620139668445328,-0.5059260289615363,0.021948916326508045,0.8614872304207973,0.037374458032280435
set_cover_cw_tour,414.0,-0.45926352781269253,0.029640919628592624,-0.8878053997946912,3.0771419304146215,1.0925544143616637,-0.5192401167166311,0.016738495076737688,0.8540208350438017,0.02753066083030217
set_cover_cw_tour,416.0,-0.43286972446514027,0.01700968631223484,-0.9012959958931542,3.102317697379304,1.1227519205753194,-0.5322488419025352,0.01045336872671358,0.8463602006916638,0.016622516681897032
set_cover_cw_tour,418.0,-0.40631873110795275,0.004394446199988252,-0.9137208422671658,3.1307778066824836,1.1523487148073956,-0.5448119618350475,0.0029460576947811633,0.8385408077714737,0.004534389426403823
set_cover_cw_tour,420.0,-0.3798401647219619,-0.008099833435888226,-0.9250166711807435,-3.1202715643890846,1.1810794716673791,-0.5567777906932916,-0.0059357793334654475,0.8305930705734821,-0.00885490992140805
set_cover_cw_tour,422.0,-0.35367159494416517,-0.020367670605976385,-0.935147881847431,-3.084066974359059,1.2086762763546892,-0.5679825417235195,-0.016341297390730036,0.8225379988010707,-0.023665054937775137
set_cover_cw_tour,424.0,-0.3280528684767287,-0.03230543279763877,-0.9441068130756961,-3.0434328411219256,1.2348744177692095,-0.5782502991340417,-0.028403280417311643,0.8143830105668339,-0.0400019663645039
set_cover_cw_tour,426.0,-0.30322071003187323,-0.04381340241492159,-0.9519125940844542,-2.9980923998377587,1.2594193029083347,-0.42968765035333983,0.5798636321430329,0.5615768185509673,0.4046704438402802
set_cover_cw_tour,428.0,-0.27940398155637863,-0.05479740040026346,-0.9586087105799822,-2.9479282480573277,1.2820749265452822,-0.4396601892659724,0.5770641843015212,0.5538040429381221,0.4086525751740958
set_cover_cw_tour,430.0,-0.2568198983468091,-0.06516987186160154,-0.9642595229577341,-2.8930810370731352,1.3026343359034835,-0.4489305746638142,0.5744115336946038,0.5463161530945406,0.41237287733144257
set_cover_cw_tour,432.0,-0.23567139113281346,-0.07485039019834405,-0.9689460328050681,-2.83406383442512,1.3209322180749297,-0.4574545391514169,0.5719268755327397,0.5391987987836813,0.41581203571248154
set_cover_cw_tour,434.0,-0.21614568561908087,-0.08376558654597696,-0.9727612086729538,-2.7718716262973784,1.3368589158915805,-0.46519501659533635,0.5696307982146644,0.5325350660143092,0.4189519706664766
set_cover_cw_tour,436.0,-0.19841406205088227,-0.09184855294672949,-0.9758051564231769,-2.708051882075621,1.3503738094490725,-0.4721209297298559,0.5675431290346353,0.5264046235653866,0.42177576588226984
set_cover_cw_tour,438.0,-0.18263266902508854,-0.09903779685304097,-0.9781803632251407,-2.6446968653609937,1.3615144538899453,-0.47820570637010884,0.5656828016808352,0.5208831945792312,0.4242675663806048
set_cover_cw_tour,440.0,-0.16894420368389337,-0.10527584067920044,-0.9799871700236197,-2.5843321994874464,1.3703970216467327,-0.48342560881229646,0.5640677451312796,0.5160423245669492,0.4264124516269593
set_cover_cw_tour,442.0,-0.1574802342431637,-0.11050756492248368,-0.9813195473023154,-2.5297109831973414,1.3772044671766492,-0.487757951362169,0.5627147912029696,0.5119493928924813,0.4281962911579201
set_cover_cw_tour,444.0,-0.14836392549030955,-0.1146783903470983,-0.9822611732123512,-2.4835625218367756,1.3821616501277507,-0.49117926730140254,0.561639595623294,0.5086677966740744,0.42960559194231024
set_cover_cw_tour,446.0,-0.141712925573984,-0.1177323881645295,-0.9828817484836816,-2.4483626390300013,1.385500267561844,-0.4936634725092223,0.5608565653327559,0.5062572230695936,0.4306273483223568
set_cover_cw_tour,448.0,-0.13764217415081995,-0.11961040152574633,-0.9832334329862289,-2.426173686985124,1.387418953083593,-0.4951800615966312,0.5603787830372002,0.5047739163201249,0.4312489066904941
set_cover_cw_tour,450.0,-0.13626638906173574,-0.12024826122035595,-0.983347256509905,-2.41855878779664,1.3880442060468512,-0.49569236656044724,0.5602179190254134,0.504270837679221,0.43145785796858
set_cover_cw_tour,452.0,-0.1354900793310966,-0.12013548476995559,-0.9834683033539724,-2.4161891466786356,1.38871146734109,-0.4958632123084553,0.560022646851365,0.5041028413718175,0.4317112866414214
set_cover_cw_tour,454.0,-0.13319985025071293,-0.11980765680226824,-0.9838210839704227,-2.409077138566157,1.3906700852047629,-0.49636795986281146,0.5594471169858025,0.5036058462941334,0.43245684558840525
set_cover_cw_tour,456.0,-0.12947655951344275,-0.11928344356197236,-0.984381674264896,-2.3971472832077243,1.3938265482188896,-0.49718916383913175,0.5585117227021975,0.5027951226503148,0.4336642198801091
set_cover_cw_tour,458.0,-0.12440712940731881,-0.11858115391076325,-0.985119980555578,-2.3801662612456504,1.3980707115883428,-0.49830703566705487,0.5572373520313824,0.5016872513874681,0.43530050941970333
set_cover_cw_tour,460.0,-0.11808359848978835,-0.11771869117959696,-0.9860013050268571,-2.3577420028115403,1.4032763099445948,-0.4996998792965283,0.5556453622715294,0.5002999406666315,0.4373308031526489
set_cover_cw_tour,462.0,-0.11060221342207162,-0.11671352286295567,-0.9869878945392679,-2.3293162907771396,1.409300673988177,-0.5013445231057332,0.5537575620785244,0.4986518516479057,0.43971873105526127
set_cover_cw_tour,464.0,-0.10206253530651395,-0.11558265913292352,-0.9880404282186883,-2.294154190634298,1.4159836227894487,-0.5032167413574347,0.5515961896493232,0.49676242935391646,0.44242699235506394
set_cover_cw_tour,466.0,-0.09256654244047728,-0.11434263313893551,-0.9891194050606177,-2.2513358234263823,1.4231454980485305,-0.5052916590672077,0.5491838780801293,0.4946517353422593,0.44541785781092114
set_cover_cw_tour,468.0,-0.08221772018830066,-0.11300947813101796,-0.9901863987853969,-2.199760484261772,1.4305843837881353,-0.5075441345630997,0.5465436017588682,0.49234028016260695,0.4486536429991892
set_cover_cw_tour,470.0,-0.07112013761760343,-0.11159869845165951,-0.9912051536030009,-2.13818081672458,1.4380727925512804,-0.5099491144508358,0.5436986004561657,0.48984885492446395,0.4520971486992665
set_cover_cw_tour,472.0,-0.0593775187296041,-0.1101252332640982,-0.9921425014926251,-2.06529587625046,1.4453546258323409,-0.5124819562446079,0.5406722804445427,0.4871983626036729,0.45571206387246094
set_cover_cw_tour,474.0,-0.047092322806386,-0.10860341343063895,-0.9929690890072627,-1.979943235133513,1.4521441845758127,-0.5151187146368523,0.53748809435402,0.48440965084407345,0.45946332653181815
set_cover_cw_tour,476.0,-0.03436485309867214,-0.10704691316032397,-0.9936599092518289,-1.8814297817090422,1.4581304352707247,-0.5178363882768745,0.5341694034414308,0.48150334887346546,0.463317438077854
set_cover_cw_tour,478.0,-0.021292415530186647,-0.10546869887763198,-0.9941946422094364,-1.770002518558916,1.4629910993486581,-0.5206131249854028,0.5307393274218146,0.47849971169576827,0.4672427274210269
set_cover_cw_tour,480.0,-0.00796854928953185,-0.10388097821988763,-0.9945578135967258,-1.647354854611968,1.466420756744462,-0.5234283844978816,0.5272205879352855,0.4754184749270246,0.47120956235752676
set_cover_cw_tour,482.0,0.005517650670789838,-0.10229515217604052,-0.9947387885130227,-1.5169100094028123,1.4681724371635274,0.5262630590320364,-0.5236353520975847,-0.47227872352906547,-0.47519050709545785
set_cover_cw_tour,484.0,0.019082102719852567,-0.10072177318265332,-0.9947316209725774,-1.383561793462153,1.468102495363066,0.5290995531365337,-0.5200050824456942,-0.46909877730678473,-0.4791604264029394
set_cover_cw_tour,486.0,0.03264618738182601,-0.0991705115608566,-0.9945347837487578,-1.2527771517223978,1.4661999442842268,0.5319218253232966,-0.5163503990163605,-0.46589609543838456,-0.48309653842233796
set_cover_cw_tour,488.0,0.04613706936869853,-0.09765013208652087,-0.9941508047240887,-1.1294116588966467,1.46258443865184,0.5347153948556183,-0.512690958386483,-0.46268720157834525,-0.4869784196335086
set_cover_cw_tour,490.0,0.05948789164029555,-0.09616848181185823,-0.9935858361783317,-1.016827025872782,1.4574734915803809,0.5374673177163459,-0.5090453533753706,-0.4594876302870366,-0.4907879666484747
set_cover_cw_tour,492.0,0.07263784533041844,-0.09473248957065653,-0.9928491823260468,-0.9166497596056715,1.4511355033969464,0.5401661361955244,-0.5054310358765007,-0.45631189476891604,-0.4945093204104524
set_cover_cw_tour,494.0,0.08553212367326016,-0.09334817695994543,-0.9919528081910937,-0.8290647092906113,1.4438474558878038,0.5428018067163122,-0.5018642640573869,-0.45317347520073065,-0.49812875891895403
set_cover_cw_tour,496.0,0.09812177141785099,-0.09202068004130616,-0.9909108498843671,-0.7533222183159277,1.4358670685829893,-0.5453656104807512,0.4983600740289263,0.45008482634383234,0.5016345648117593
set_cover_cw_tour,498.0,0.1103634435258212,-0.0907542805719911,-0.9897391428507731,-0.688204455729423,1.4274195305285995,-0.5478500512949913,0.4949322751054066,0.4470574026856905,0.5050168740339139
set_cover_cw_tour,500.0,0.12221908821231743,-0.08955244527067545,-0.9884547809700717,-0.6323502734514764,1.418694367393929,-0.5502487445664999,0.4915934669936638,0.4441016990543843,0.5082675114633529
set_cover_cw_tour,502.0,0.1336555696985735,-0.0884178714429773,-0.9870757157878229,-0.5844416695908032,1.4098477630781503,-0.5525563009958537,0.4883550766818482,0.4412273044925703,0.5113798188030754
set_cover_cw_tour,504.0,0.14464424554137625,-0.08735253722582718,-0.9856204018139927,-0.5432917244672588,1.401007086336453,-0.5547682079536891,0.4852274124423098,0.4384429671506346,0.5143484793547469
set_cover_cw_tour,506.0,0.15516051226365907,-0.08635775473878864,-0.9841074908924097,-0.5078736959292992,1.392275830875064,-0.5568807109753727,0.48221973220162523,0.43575666804257085,0.5171693435185354
set_cover_cw_tour,508.0,0.1651833314130021,-0.08543422453268303,-0.9825555761898669,-0.47731944954160416,1.3837381590470468,-0.5588906972515901,0.47934032353628203,0.43317570167962033,0.5198392580713125
set_cover_cw_tour,510.0,0.1746947462915473,-0.08458208987892236,-0.9809829844038305,-0.45090422354136983,1.3754627781051694,-0.5607955824645374,0.4765965926923587,0.43070676183252604,0.5223559015020641
set_cover_cw_tour,512.0,0.1836793975796711,-0.0838009896257759,-0.9794076133268056,-0.4280269299353382,1.3675061314895987,-0.5625932018317318,0.47399516026795474,0.42835603095173097,0.5247176269600211
set_cover_cw_tour,514.0,0.19212404403532643,-0.08309010854207012,-0.9778468108890978,-0.40819050102846044,1.3599149869717186,-0.5642817057807596,0.47154196150626987,0.4261292720773314,0.5269233137172994
set_cover_cw_tour,516.0,0.20001709247842428,-0.0824482242595654,-0.9763172911676419,-0.390984213300497,1.3527285292324642,-0.5658594602910396,0.46924234949720234,0.42403192238218734,0.5289722274735654
set_cover_cw_tour,518.0,0.20734813942183017,-0.08187375010096515,-0.9748350825256084,-0.3760686047314395,1.3459800593872389,-0.5673249516006685,0.46710119995327093,0.42206918780135955,0.5308638893371956
set_cover_cw_tour,520.0,0.21410752501723967,-0.08136477323290862,-0.9734155029625066,-0.3631629826353582,1.3396983885975022,-0.5686766946817985,0.46512301659410027,0.42024613850193154,0.5325979529010644
set_cover_cw_tour,522.0,0.2202858984523174,-0.0809190877068308,-0.972073157837284,-0.3520352637435292,1.3339089961565416,-0.5699131446283566,0.46331203653048275,0.4185678052356845,0.5341740884823754
set_cover_cw_tour,524.0,0.2258737925536781,-0.08053422204181307,-0.9708219553128874,-0.3424938128501479,1.3286350076626792,-0.5710326098647986,0.4616723353766871,0.417039276892473,0.5355918733026442
set_cover_cw_tour,526.0,0.23086120409310673,-0.08020746106051138,-0.96967513510191,-0.334380953947638,1.3238980369803002,-0.572033165862212,0.46020793213480304,0.4156657998364253,0.5368506861318224
set_cover_cw_tour,528.0,0.23523717512585765,-0.0799358617107625,-0.9686453063177276,-0.3275678695502841,1.3197189265270486,-0.5729125678253569,0.4589228941873736,0.4144528798642324,0.5379496046942359
set_cover_cw_tour,530.0,0.23898936956599662,-0.0797162625905253,-0.9677444904069699,-0.3219506564812277,1.3161184135788881,-0.5736681605769244,0.45782144300667427,0.41340638788036194,0.5388873039173279
set_cover_cw_tour,532.0,0.24210363807451785,-0.07954528684101353,-0.966984165212887,-0.31744735968022697,1.3131177452715943,-0.5742967835976602,0.4569080614449245,0.41253267064486193,0.5396619528803575
set_cover_cw_tour,534.0,0.2445635631461002,-0.07941933797985913,-0.9663753061498024,-0.31399585626485005,1.3107392613688882,-0.5747946688653696,0.45618760371474326,0.41183866822331067,0.5402711080716794
set_cover_cw_tour,536.0,0.24634997496959501,-0.07933458810904581,-0.9659284202062013,-0.31155251035730813,1.309006961309384,-0.5751573287517417,0.45566540940918643,0.41133204006393786,0.5407116002713077
set_cover_cw_tour,538.0,0.2474404271399862,-0.07928695774520493,-0.9656535679778185,-0.31009156731751764,1.307947070244383,-0.5753794307592612,0.4553474231516616,0.41102130195301145,0.5409794120196643
set_cover_cw_tour,540.0,0.24780861954389793,-0.07927208627394705,-0.9655603680855607,-0.3096053078153607,1.3075886174786735,-0.5754546552818404,0.45524032171326023,0.41091597646533334,0.5410695421906573
set_cover_cw_tour,542.0,0.24849367076476547,-0.07925339886389585,-0.96538582668194,-0.3087368276852689,1.3069185995171515,-0.5755964733439819,0.45504336578357735,0.4107172992143997,0.5412351940296874
set_cover_cw_tour,544.0,0.25051926333894575,-0.0792024376216634,-0.964866349589879,-0.306209474663421,1.3049342241189603,-0.5760164614453135,0.45446158494036365,0.4101280728553214,0.5417237929180263
set_cover_cw_tour,546.0,0.2538273585030606,-0.07912704345314892,-0.9640075638031697,-0.30218839423367827,1.3016850411921461,-0.5767032055425155,0.4535117507093752,0.4091618417166819,0.5425192088475002
set_cover_cw_tour,548.0,0.25836197351961915,-0.07903415450646442,-0.9628097906962185,-0.29686515258147217,1.2972162041508069,-0.5776451354116631,0.45220892926273476,0.4078309668664721,0.5436056330604485
set_cover_cw_tour,550.0,0.2640685609213751,-0.07892990263939428,-0.9612688830926807,-0.29044665362131794,1.291569722336046,-0.5788304742354028,0.45056679576162034,0.40614687256757104,0.5449674876147258
set_cover_cw_tour,552.0,0.27089336957332183,-0.07881969636453379,-0.9593770050330654,-0.28314463274014173,1.2847856562759532,-0.5802471808291012,0.44859793364822664,0.40412029043328224,0.5465893284052857
set_cover_cw_tour,554.0,0.27878280554140483,-0.07870829195957901,-0.9571233735058762,-0.2751664817188756,1.2769032180287543,-0.5818828891519742,0.4463141202305235,0.40176150053502063,0.5484557466950764
set_cover_cw_tour,556.0,0.28768280896771004,-0.07859985438470818,-0.9544949786746658,-0.2667078814164554,1.2679617537756365,-0.5837248493164673,0.44372659963729627,0.39908056867062264,0.5505512735198445
set_cover_cw_tour,558.0,0.29753826228647784,-0.07849800956653691,-0.9514772960873187,-0.25794744079604964,1.2580015991365763,-0.5857598739745413,0.4408463437700619,0.3960875787516312,0.5528602908371775
set_cover_cw_tour,560.0,0.3082924448359188,-0.07840588950384343,-0.9480550010142889,-0.24904330380834827,1.247064807750505,0.07252124473793807,0.5793854009784322,-0.1008282436378914,0.8055351584379291
set_cover_cw_tour,562.0,0.3198865489141367,-0.07832617153209184,-0.9442126914402968,-0.24013151298369012,1.2351957598711678,0.06936056390296583,0.5749095286243991,-0.09765121320190015,0.8094024874140991
set_cover_cw_tour,564.0,0.33225927229924346,-0.07826111295497253,-0.9399356223541198,-0.23132581645025588,1.2224416603234418,0.0662273106559281,0.570033386762163,-0.09451085560313462,0.8134762316582489
set_cover_cw_tour,566.0,0.3453465019290778,-0.07821258211217115,-0.9352104499013558,-0.22271856633323817,1.208852934945594,0.06315367892554959,0.564770238467245,-0.09144029077552421,0.8177315352869226
set_cover_cw_tour,568.0,0.35908110256589015,-0.07818208680252686,-0.9300259797894179,-0.21438236629864255,1.1944835326558656,0.060165077255248195,0.5591361859566978,-0.08846566718706216,0.8221439744727289
set_cover_cw_tour,570.0,0.37339282264580526,-0.0781708008197675,-0.9243739102202067,-0.2063721672410152,1.1793911375542947,0.05728083521683234,0.5531501153532276,-0.08560688384591839,0.826689371674612
set_cover_cw_tour,572.0,0.388208326978227,-0.07817958918419829,-0.918249555785221,-0.19872756712081086,1.163637292852267,0.054514987539016665,0.5468336211822089,-0.08287838835087795,0.8313436591583137
set_cover_cw_tour,574.0,0.40345136243988367,-0.07820903246987497,-0.9116525354462234,-0.19147513162153318,1.1472874365146795,0.05187707156853492,0.5402109188699098,-0.08028998638551327,0.8360828013213852
set_cover_cw_tour,576.0,0.419043058321569,-0.07825945043690265,-0.9045874052239617,-0.18463060860386155,1.130410847652614,0.04937289281694931,0.5333087466952672,-0.07784761741722669,0.8408827781657029
set_cover_cw_tour,578.0,0.43490235766326407,-0.07833092498885777,-0.8970642148081285,-0.1782009569426367,1.1130805030466304,0.04700522976280363,0.5261562543485654,-0.07555406791335381,0.8457196268306525
set_cover_cw_tour,580.0,0.45094657000133953,-0.0784233222942272,-0.8890989672271378,-0.1721861476936587,1.0953728446638413,0.044774462131544776,0.5187848732114093,-0.07340960649909725,0.8505695342189847
set_cover_cw_tour,582.0,0.4670920298032329,-0.0785363137478144,-0.8807139621450318,-0.16658072293281453,1.077367461474617,0.04267911657289537,0.5112281632664853,-0.07141253518507448,0.8554089711419758
set_cover_cw_tour,584.0,0.4832548389166598,-0.07866939531314773,-0.8719380063425937,-0.16137511632997084,1.0591466920030064,0.04071633037996284,0.503521632694959,-0.06955965748818041,0.8602148568228287
set_cover_cw_tour,586.0,0.4993516660917828,-0.07882190468887733,-0.8628064794104054,-0.15655675125842303,1.0407951575272785,0.03888223819294341,0.4957025282613276,-0.06784666852127895,0.8649647418241964
set_cover_cw_tour,588.0,0.5153005725174357,-0.07899303568741388,-0.8533612484030956,-0.15211093870987713,1.0223992393276091,0.03717228907429596,0.4878095971034452,-0.06626847451885995,0.8696369973636672
set_cover_cw_tour,590.0,0.5310218297525713,-0.07918184920552501,-0.8436504318037329,-0.14802160000553696,1.0040465165089083,0.035581502449457535,0.4798828231802648,-0.06481945032359597,0.8742109994502042
set_cover_cw_tour,592.0,0.5464386957176248,-0.07938728020280264,-0.8337280201387158,-0.14427183950762523,0.9858251833987027,0.0341046716065293,0.47196314408449874,-0.06349364351698743,0.8786672972368001
set_cover_cw_tour,594.0,0.5614781156608255,-0.0796081401788289,-0.8236533674132807,-0.1408443911945458,0.9678234670897777,0.03273652307275926,0.46409215596909825,-0.062284933471438104,0.8829877563633142
set_cover_cw_tour,596.0,0.5760713181693893,-0.07984311474337503,-0.8134905736458528,-0.13772196075858437,0.9501290662097973,0.03147183947979095,0.45631181579945906,-0.06118715287628598,0.8871556697696594
set_cover_cw_tour,598.0,0.5901542811090384,-0.08009075599290154,-0.8033077836627501,-0.134887482295068,0.9328286314009216,0.030305552664673538,0.44866415093055934,-0.060194178416529937,0.8911558303866995
set_cover_cw_tour,600.0,0.6036680484445611,-0.08034946952629404,-0.793176430584002,-0.13232430598829784,0.9160073063292667,0.029232812843242553,0.4411909860910867,-0.05929999637178741,0.8949745621388088
set_cover_cw_tour,602.0,0.616558885707544,-0.08061749603868687,-0.7831704538524957,-0.13001633065270463,0.8997483454568401,0.028249038807758302,0.43393369726951775,-0.0584987480227958,0.8985997076898088
set_cover_cw_tour,604.0,0.6287782688758605,-0.0808928875117897,-0.7733655211731909,-0.12794809266242455,0.8841328215089942,0.02734995328241793,0.42693300082815416,-0.05778475894158517,0.9020205732096025
set_cover_cw_tour,606.0,0.6402827080710813,-0.08117347806296303,-0.7638382814472734,-0.12610482074620089,0.8692394318142596,0.026531606838625953,0.42022878454758134,-0.05715255551698279,0.9052278320257842
set_cover_cw_tour,608.0,0.6510334132981098,-0.0814568495180965,-0.754665671960769,-0.12447246434773594,0.8551444087494849,0.025790393133218754,0.41385998537527136,-0.05659687143407613,0.9082133902729517
set_cover_cw_tour,610.0,0.6609958140986627,-0.08174029173423113,-0.7459242980700181,-0.12303770174272767,0.8419215356435619,0.025123057685128344,0.40786451657130096,-0.05611264628163334,0.9109702185153371
set_cover_cw_tour,612.0,0.6701389482633522,-0.08202075762014739,-0.7376898978160845,-0.1217879328391049,0.8296422658874274,0.02452670194207165,0.4022792448517829,-0.05569501799805075,0.9134921537832281
set_cover_cw_tour,614.0,0.6784347365920781,-0.08229481269379313,-0.7300368976900629,-0.12071126053709927,0.8183759398160413,0.023998783998749027,0.3971400161405364,-0.05533931047506407,0.9157736765503911
set_cover_cw_tour,616.0,0.685857161193068,-0.08255857888443843,-0.7230380595050081,-0.11979646365995443,0.808190091248719,0.02353711700030615,0.3924817267300289,-0.055041017309647056,0.9178096669352791
set_cover_cw_tour,618.0,0.6923813641656683,-0.08280767214722119,-0.7167642122690325,-0.11903296375431263,0.7991508334042097,0.023139865987471406,0.3883384350618101,-0.05479578241899817,0.919595143900247
set_cover_cw_tour,620.0,0.6979826820053456,-0.08303713332282969,-0.7112840572585267,-0.11841078747372061,0.7913233121842913,0.022805543700722776,0.38474350796216245,-0.05459937800283642,0.92112499053016
set_cover_cw_tour,622.0,0.7026356290438077,-0.08324135156233332,-0.7066640292163515,-0.11792052577380246,0.7847722134222331,0.022533005648008128,0.3817297939708617,-0.054447680143965546,0.9223936676811971
set_cover_cw_tour,624.0,0.7063128410707086,-0.08341397956658292,-0.7029681917067725,-0.11755329074033619,0.7795623094479774,0.02232144454189248,0.3793298153081213,-0.05433664217590437,0.9233949174913828
set_cover_cw_tour,626.0,0.7089839883764051,-0.08354783988568582,-0.7002581400286049,-0.11730067052049806,0.775759029018171,0.022170384015319882,0.37757596893994994,-0.05426226581018729,0.9241214575264529
set_cover_cw_tour,628.0,0.7106146662271843,-0.08363482161800385,-0.6985928805504336,-0.11715468251275615,0.7734290330535633,0.022079671317783656,0.3765007260098363,-0.054220569901782666,0.9245646657903874
set_cover_cw_tour,630.0,0.711165270681629,-0.08366576708061088,-0.6980286506979053,-0.1171077246721976,0.7726407764533194,0.022049468462120293,0.376136817478308,-0.05420755663628003,0.9247142565578582
set_cover_cw_tour,632.0,0.7110493492647307,-0.08300261506271252,-0.6982258866605806,-0.11620664076062052,0.7729162558031623,0.021887409750010158,0.3762740831365575,-0.053787914324480414,0.9246867663845961
set_cover_cw_tour,634.0,0.7107067360588488,-0.08103098773306605,-0.6988060634736804,-0.11352444053577511,0.773727017912226,0.02140406911567631,0.3766779464332952,-0.05253909631285226,0.9246054476665795
set_cover_cw_tour,636.0,0.7101435568006876,-0.07778340496498257,-0.6997470047428014,-0.10909704398050832,0.7750432938708307,0.020603392389163835,0.377332916981212,-0.050478622822992446,0.9244713508932562
set_cover_cw_tour,638.0,0.7093602997180412,-0.07328214870521048,-0.7010261705992711,-0.10294219504869537,0.7768354367209394,0.01948475822421917,0.3782229115060511,-0.047615956914308526,0.9242837735544016
set_cover_cw_tour,640.0,0.7083522867980052,-0.06754071407640669,-0.7026203026742723,-0.09506165766091886,0.7790732844481835,0.01804350284023134,0.3793309184494014,-0.04395350849853795,0.9240403537747998
set_cover_cw_tour,642.0,0.7071100004921614,-0.06056513167142693,-0.7045050120684723,-0.08544310518818542,0.781725442399875,0.016271371883360003,0.380638590185563,-0.0394875096133742,0.9237371069211814
set_cover_cw_tour,644.0,0.7056193038103421,-0.05235521589458551,-0.7066543210501436,-0.07406182782920825,0.7847584926817947,0.014156938216478971,0.38212577131795783,-0.03420881449984425,0.9233684167251476
set_cover_cw_tour,646.0,0.7038615870160965,-0.04290578971028829,-0.709040167784956,-0.060882373687823045,0.788136136613419,0.011686023268529501,0.38376997013379155,-0.028103674412086197,0.922926990811416
set_cover_cw_tour,648.0,0.7018138719102137,-0.03220793262211498,-0.7116318839615066,-0.045860236241627855,0.7918182780822433,0.00884216007354023,0.38554578154608793,-0.021154535610816493,0.9224037901918773
set_cover_cw_tour,650.0,0.699448904517964,-0.02025029557281365,-0.7143956575300787,-0.02894370169580589,0.7957600605764472,0.005607137752624057,0.3874242737469538,-0.01334090898939576,0.9217879432197001
set_cover_cw_tour,652.0,0.696735268500256,-0.007020523065905907,-0.7172939968267945,-0.010075972603889826,0.7999108789636213,0.0019616692001711033,0.3893723575251337,-0.004640360459222281,0.9210666567106189
set_cover_cw_tour,654.0,0.6936375544077192,0.007493181622176724,-0.7202852180521655,0.010802313272367957,0.8042133989873084,-0.002113774908719084,0.3913521670199024,0.004970328456636559,0.920225140473512
set_cover_cw_tour,656.0,0.6901166235336772,0.023300318657246296,-0.723322985306666,0.03375005082433092,0.8086026331646412,-0.006637923425235266,0.3933204937548042,0.015513781796788388,0.9192465663462874
set_cover_cw_tour,658.0,0.6861300089899826,0.04040616117094181,-0.7263559409152197,0.058822012917444225,0.8130051411797917,-0.011627415817249779,0.3952283319632595,0.027010389085466054,0.9181120888521205
set_cover_cw_tour,660.0,0.6816324998985324,0.05880962538145411,-0.72932747311792,0.08606448606131295,0.8173384452688197,-0.017095240927557376,0.3970206116978298,0.03947637189275168,0.9168009613252459
set_cover_cw_tour,662.0,0.6765769561511882,0.07850095303903289,-0.7321756775372676,0.11551015135659852,0.8215107747893133,-0.023048898153785996,0.3986362151958491,0.05292154437216145,0.9152907878753563
set_cover_cw_tour,664.0,0.6709153996326876,0.09945924209071887,-0.7348335768719683,0.14717223427891696,0.8254212760751425,-0.02948830891310532,0.40000838820052054,0.06734678576500794,0.9135579562642915
set_cover_cw_tour,666.0,0.6646004214643326,0.12164989145585971,-0.7372296682162277,0.1810380473329716,0.8289608389694785,-0.03640355342353736,0.4010656663958746,0.08274128658817663,0.9115782972571834
set_cover_cw_tour,668.0,0.6575869319516269,0.14502206075441493,-0.7392888669667557,0.21706218300240854,0.8320136934777576,-0.04377256854290673,0.40173343108145104,0.0990796869984544,0.909328009146848
set_cover_cw_tour,670.0,0.6498342589432446,0.16950628345970487,-0.740933907829411,0.25515977400848927,0.8344599108278583,-0.05155901205415199,0.4019361799977186,0.11631929219703539,0.9067848685038928
set_cover_cw_tour,672.0,0.6413085703168769,0.19501240823731303,-0.7420872443800708,0.2952004053440396,0.836178894919581,-0.05971056702378558,0.4016005419566517,0.13439761732145836,0.903929717037855
set_cover_cw_tour,674.0,0.6319855576190291,0.22142807230272396,-0.7426734570167864,0.337003405617373,0.8370538671429306,-0.06815800991338102,0.4006589745813228,0.15323056900608445,0.9007481692982573
set_cover_cw_tour,676.0,0.6218532726769208,0.2486179250586837,-0.742622134467131,0.3803353193899832,0.8369772299714899,-0.0768153763286835,0.3990539674958228,0.1727115939576214,0.8972324304760407
set_cover_cw_tour,678.0,0.6109149617806625,0.2764238120302794,-0.7418711381467675,0.4249103186571335,0.835856551762601,-0.08558150693967963,0.3967424439426841,0.19271209688043694,0.8933830570143273
set_cover_cw_tour,680.0,0.5991916997184317,0.3046660912039048,-0.7403700965456875,0.47039411262758496,0.8336207670170941,-0.09434312960412988,0.39369993855935365,0.21308333702836887,0.8892104496437917
set_cover_cw_tour,682.0,0.5867245972595632,0.33314618251731326,-0.738083916668521,0.5164115531183298,0.8302260629654789,-0.10297943602956623,0.38992406160432824,0.23365985438710354,0.8847358557133389
set_cover_cw_tour,684.0,0.5735763497189285,0.3616503481584137,-0.7349960521798793,0.5625576471465876,0.8256608588369094,-0.1113678703433598,0.38543677161034146,0.2542642724236602,0.8799916887758934
set_cover_cw_tour,686.0,0.5598319182993706,0.3899545753280332,-0.731111244910089,0.6084111664086749,0.8199493069447151,-0.11939061301268068,0.3802850855752356,0.2747131131550703,0.8750210515605562
set_cover_cw_tour,688.0,0.5455981930204763,0.4178303001992513,-0.7264574674460952,0.6535496037191706,0.8131528666108722,-0.12694107706794125,0.37454004927341705,0.29482309098852516,0.8698764621847571
set_cover_cw_tour,690.0,0.5310025729422446,0.4450505930590692,-0.7210868443859497,0.6975639820770615,0.8053697107238723,-0.13392968481020148,0.36829403349327056,0.3144172680088283,0.8646179075162407
set_cover_cw_tour,692.0,0.5161905058730732,0.47139634206514464,-0.7150754158367506,0.7400720396269685,0.7967319843010074,-0.14028828243399408,0.36165666029210336,0.33333047734916993,0.8593104507384143
set_cover_cw_tour,694.0,0.5013221399344095,0.4966619442507557,-0.7085217181884007,0.7807285881149352,0.7874011938997016,-0.14597275808650717,0.3547498418694269,0.351413545166392,0.8540216764601604
set_cover_cw_tour,696.0,0.4865683348838232,0.5206600455141598,-0.7015442769302425,0.819232298224348,0.7775622151325888,-0.15096370333991482,0.34770249690907656,0.3685360310760429,0.8488192550336083
set_cover_cw_tour,698.0,0.4721063454442549,0.5432249623175422,-0.6942782143394496,0.8553286861553306,0.7674165264415926,-0.15526523222867128,0.3406454876528973,0.38458741401610164,0.8437688548311701
set_cover_cw_tour,700.0,0.4581155114058128,0.5642145510941404,-0.6868712532513122,0.888809545874843,0.7571752974184213,-0.15890228770558723,0.33370721545808163,0.39947683117836397,0.8389325471483611
set_cover_cw_tour,702.0,0.4447732676545163,0.5835104435908525,-0.6794794350091329,0.9195094089654041,0.7470528894775588,-0.16191688894779407,0.3270101595852873,0.4131316033671919,0.8343677575869802
set_cover_cw_tour,704.0,0.43225172764109865,0.6010167123534529,-0.6722628618502828,0.9472997868904268,0.7372611923087932,-0.16436379962999784,0.32066848227775907,0.42549484209932464,0.8301267404389159
set_cover_cw_tour,706.0,0.4207150084254821,0.6166571491088397,-0.6653817266340464,0.9720819714930021,0.7280050544610627,-0.166306045063307,0.314786682937736,0.43652243932278695,0.8262564998764865
set_cover_cw_tour,708.0,0.4103173692246467,0.6303714169095753,-0.6589928173022672,0.993779079153153,0.7194789010701222,-0.16781060440854445,0.30945918179785226,0.4461797061596151,0.8227990554566542
set_cover_cw_tour,710.0,0.40120214218180006,0.6421103712462817,-0.6532465937505507,1.0123278714099773,0.7118644878948576,-0.1689444830204198,0.3047706522508695,0.45443787082029097,0.8197919447932281
set_cover_cw_tour,712.0,0.39350135388339685,0.6518308411882904,-0.6482848440058576,1.0276707136207954,0.7053296295604804,-0.16977125284586198,0.30079689504004736,0.46127058327251713,0.8172688655814835
set_cover_cw_tour,714.0,0.3873358739566337,0.6594901302103189,-0.6442388446076713,1.0397478745235924,0.7000276627215665,-0.17034805000475034,0.2976060462606702,0.4666505161796941,0.8152603748728966
set_cover_cw_tour,716.0,0.382815883043756,0.6650404517570602,-0.6412278824382128,1.0484902413764254,0.6960973564054601,-0.17072294412397065,0.2952599230101138,0.4705461043746761,0.8137945796523357
set_cover_cw_tour,718.0,0.38004142316243344,0.668423471085951,-0.6393579435512482,1.05381243552791,0.6936629530243028,-0.17093254368532382,0.2938153251525508,0.47291843178743215,0.8128977654603816
set_cover_cw_tour,720.0,0.3791027736912871,0.6695650955079265,-0.6387203377512212,1.0556062640126882,0.692834004469268,-0.17099967270732566,0.29332512067316713,0.47371825670584883,0.8125949167818066
set_cover_cw_tour,722.0,0.3797781805390992,0.6697395749179115,-0.6381359066650194,1.054954546981677,0.692074688871809,-0.1707243185381425,0.29307223907503943,0.47351829153053127,0.8128605645061375
set_cover_cw_tour,724.0,0.3817739442117359,0.6702484770233164,-0.63640838662681,1.053029296092819,0.6898330147337871,-0.16991215416112912,0.2923246681020535,0.4729263328607916,0.8136441679101453
set_cover_cw_tour,726.0,0.3850258284899305,0.6710614496986174,-0.6335863335994809,1.0498971174348022,0.6861799331583536,-0.16859236651912293,0.2911024146171639,0.4719602419262576,0.8149168842258988
set_cover_cw_tour,728.0,0.38946540527585094,0.672143276656194,-0.6297143112072271,1.045633113637802,0.6811853929009991,-0.1667965596115369,0.2894227095188297,0.4706397694382124,0.8166465639061249
set_cover_cw_tour,730.0,0.3950204592369325,0.673454819411853,-0.6248339323333773,1.0403191233771556,0.6749188141787283,-0.1645583177510591,0.2873007472636438,0.46898619489627363,0.8187983815796217
set_cover_cw_tour,732.0,0.40161531585000926,0.6749539202285513,-0.6189849300611509,1.0340420045497734,0.6674496245060801,-0.16191279357990182,0.28475044520801196,0.46702197595919875,0.8213354401218523
set_cover_cw_tour,734.0,0.40917113869017974,0.67659627875868,-0.6122062192046798,1.0268919961973013,0.6588478038638284,-0.1588963169448327,0.28178518688283516,0.4647704154830811,0.824219345688062
set_cover_cw_tour,736.0,0.41760623527767005,0.6783363117978284,-0.6045369139711245,1.018961187656413,0.649184394219268,-0.15554602132603662,0.2784185188314145,0.4622553523031251,0.827410752219522
set_cover_cw_tour,738.0,0.42683640342036616,0.680128001139548,-0.5960172705392766,1.0103421172739977,0.638531936251397,-0.15189948548566035,0.27466477605749573,0.45950088039426285,0.8308698743000463
set_cover_cw_tour,740.0,0.4367753419321278,0.6819257294946087,-0.5866895261834137,1.0011265172740902,0.6269648040710103,-0.14799438916575466,0.27053961646371244,0.4565310996609141,0.8345569673434636
set_cover_cw_tour,742.0,0.4473351410396751,0.6836850992962974,-0.5765986095987623,0.9914042159523727,0.6145594167490449,-0.1438681828678887,0.2660604499319525,0.453369900260449,0.8384327739766196
set_cover_cw_tour,744.0,0.4584268589468822,0.685363724422013,-0.5657927007681193,0.9812622032886879,0.6013943135237054,-0.13955777286689905,0.2612467529064866,0.45004078106586753,0.8424589352044835
set_cover_cw_tour,746.0,0.46996118222366884,0.6869219808573819,-0.5543236233626547,0.970783861339753,0.5875500875340501,-0.13509922356126206,0.2561202644513851,0.4465667016533119,0.8465983645773116
set_cover_cw_tour,748.0,0.4818491593303466,0.6883236994954192,-0.5422470584204013,0.9600483564725761,0.5731091806419514,-0.13052747998419828,0.25070506468659953,0.44296996610979694,0.8508155832106908
set_cover_cw_tour,750.0,0.4940029891371664,0.6895367828965264,-0.5296225748174385,0.9491301867136674,0.5581555491115118,-0.12587611375885982,0.24502754114330796,0.439272136053132,0.8550770132295393
set_cover_cw_tour,752.0,0.506336840222449,0.6905337281110854,-0.5165134795671376,0.9380988743093884,0.5427742163311884,-0.12117709596307459,0.23911625277088597,0.4354939695903782,0.8593512271040173
set_cover_cw_tour,754.0,0.5187676724503406,0.6912920396119583,-0.5029864988144261,0.9270187910890018,0.5270507340973151,-0.11646060027504176,0.233001704914606,0.4316553825469069,0.8636091504892403
set_cover_cw_tour,756.0,0.5312160301485401,0.6917945198640211,-0.4891113079855482,0.9159491024322866,0.5110705779663535,-0.11175483941577088,0.22671605141159518,0.4277754281840705,0.8678242166138401
set_cover_cw_tour,758.0,0.5436067762715977,0.692029429780871,-0.47495993631964745,0.9049438145674114,0.49491850463190235,-0.10708593731480305,0.2202927418976103,0.4238722917712763,0.8719724709904602
set_cover_cw_tour,760.0,0.5558697391961852,0.6919905168664316,-0.4606060763959739,0.8940519095232426,0.47867790009383826,-0.10247783864367684,0.21376613340076175,0.4199632967448406,0.8760326262103559
set_cover_cw_tour,762.0,0.5679402480017074,0.6916769147119823,-0.44612433284261943,0.8833175522617049,0.4624301465801095,-0.097952256439593,0.20717108530310058,0.4160649197102319,0.8799860677642833
set_cover_cw_tour,764.0,0.5797595378189185,0.6910929231961267,-0.43158944590458503,0.8727803552247501,0.4462540338962831,-0.0935286575423839,0.20054255582665337,0.41219281215597936,0.8838168131053961
set_cover_cw_tour,766.0,0.5912750135321359,0.6902476837350022,-0.41707552490051153,0.8624756866380092,0.43022523736171847,-0.08922428455943589,0.19391521646136597,0.40836182737698895,0.8875114274255429
set_cover_cw_tour,768.0,0.602440367189485,0.689154767865005,-0.40265532395527764,0.8524350103071204,0.4144158800740811,-0.08505421212404742,0.18732309836677596,0.4045860516917615,0.8910589007437724
set_cover_cw_tour,770.0,0.6132155513146257,0.6878317000547517,-0.3883995880864058,0.842686246216147,0.3988941923021113,-0.08103143438531119,0.18079928195199815,0.4008788395367471,0.8944504918097882
set_cover_cw_tour,772.0,0.6235666164028968,0.686299436830693,-0.3743764922023228,0.8332541428953358,0.38372427572364,-0.07716698001291125,0.17437563779028029,0.3972528524048437,0.8976795449363517
set_cover_cw_tour,774.0,0.6334654258294348,0.6845818241008645,-0.36065118936371987,0.8241606541884414,0.368965975355407,-0.07347005055327151,0.16808262396940768,0.3937201018551647,0.9007412861562509
set_cover_cw_tour,776.0,0.642889264951905,0.6827050531357423,-0.34728547829202777,0.8154253146564406,0.3546748576573752,-0.06994817775125924,0.1619491421070408,0.39029199696488903,0.9036326050476658
set_cover_cw_tour,778.0,0.6518203632661324,0.680697133263867,-0.33433759405421426,0.807065609360949,0.34090228965209524,-0.06660739545307104,0.15600245172094945,0.3869793966401657,0.9063518282124357
set_cover_cw_tour,780.0,0.6602453491179453,0.6785873962597677,-0.321862120488745,0.7990973351498022,0.32769561110782386,-0.06345242191409665,0.1502681405413591,0.38379266717756566,0.9088984897733124
set_cover_cw_tour,782.0,0.6681546558468126,0.6764060439474922,-0.3099100185239759,0.7915349518063194,0.31509838993732003,-0.06048684872140339,0.144770146740826,0.38074174539868033,0.9112731034410926
set_cover_cw_tour,784.0,0.6755418965660092,0.674183746994275,-0.29852876121532873,0.7843919225218828,0.30315074993476276,-0.057713333067402145,0.13953082794581273,0.3778362075949729,0.9134769397577892
set_cover_cw_tour,786.0,0.6824032223339316,0.6719512994564312,-0.2877625641168091,0.7776810441172622,0.29188975972718106,-0.05513379073976949,0.13457107125555476,0.3750853444406575,0.91551181111203
set_cover_cw_tour,788.0,0.6887366755062236,0.669739330532546,-0.2776526984389881,0.7714147682872916,0.2813498722326746,-0.05274958788469801,0.12991043827218277,0.3724982419754723,0.9173798661029717
set_cover_cw_tour,790.0,0.6945415468179639,0.6675780722811713,-0.2682378741957695,0.7656055158969216,0.27156340485429614,-0.05056173032260225,0.12556733926787153,0.3700838687381623,0.9190833938418028
set_cover_cw_tour,792.0,0.6998177414264123,0.6654971798134809,-0.2595546810310658,0.7602659870388278,0.2625610519500544,-0.04857104992102999,0.12155923099788978,0.3678511691513232,0.9206246378534386
set_cover_cw_tour,794.0,0.7045651558943995,0.6635255986645692,-0.2516380754502893,0.7554094702007018,0.2543724226672489,-0.04677838824032719,0.11790283322937967,0.36580916332055613,0.9220056183889754
set_cover_cw_tour,796.0,0.7087830650070753,0.6616914726266409,-0.24452190456554884,0.7510501545131386,0.24702659888855197,-0.04518477835353492,0.11461435971486253,0.36396705351393327,0.9232279611822205
set_cover_cw_tour,798.0,0.7124695144376655,0.6600220842082141,-0.23823945801315619,0.747203449687542,0.2405527097003372,-0.04379162640086979,0.11170976002365794,0.3623343377277732,0.9242927299703267
set_cover_cw_tour,800.0,0.7156207126184085,0.658543818958395,-0.23282404124835152,0.7438863189405747,0.2349805203696393,-0.04260089507564461,0.10920496928731872,0.36092093091666433,0.9252002594292537
set_cover_cw_tour,802.0,0.7182304127083602,0.6572821440421869,-0.22830956481077316,0.7411176309729465,0.23034103522642912,-0.04161529186292596,0.10711616345573531,0.35973729466423704,0.9259499845225678
set_cover_cw_tour,804.0,0.7202892732386039,0.6562615905387976,-0.2247311452400203,0.7389185379648273,0.2266671150203605,-0.040838465479049894,0.10546001803943976,0.3587945762909733,0.9265402615950472
set_cover_cw_tour,806.0,0.7217841838087026,0.6555057278181123,-0.22212571395777686,0.7373128876117424,0.2239941101806896,-0.0402752146063602,0.10425396846814627,0.3581047586311742,0.9269681758252345
set_cover_cw_tour,808.0,0.7226975400627561,0.6550371168791477,-0.22053263046065286,0.736327678503571,0.2223605118651396,-0.03993171370100746,0.10351647005279595,0.3576808219578323,0.9272293288460406
set_cover_cw_tour,810.0,0.7230064500669232,0.6548772275444511,-0.21999429539267337,0.7359935697033634,0.2218086226194861,-0.03981576138876112,0.10326725500651858,0.3575369197858552,0.9273175994116012
set_cover_cw_tour,812.0,0.7229456382814112,0.6551475553118299,-0.21938843373983039,0.7362407738370906,0.22118758874110891,-0.03971746635230419,0.10297439383564179,0.35766388561535895,0.9273054200247399
set_cover_cw_tour,814.0,0.722763166071156,0.6559464308978147,-0.2175952333191539,0.736972810872455,0.21934998938227784,-0.039426204199661946,0.10210791868693812,0.3580396485109486,0.9272686544135872
set_cover_cw_tour,816.0,0.7224575171919155,0.6572485189317095,-0.2146614083037923,0.7381703429994004,0.21634514346884265,-0.03894853045915856,0.10069135124793531,0.3586537232316251,0.9272064336333251
set_cover_cw_tour,818.0,0.7220238943593167,0.6590270507189491,-0.21062963323067835,0.7398146134603828,0.21221899773912084,-0.038289715484540465,0.09874679793812467,0.35949565048454873,0.9271169531767669
set_cover_cw_tour,820.0,0.7214546947116017,0.6612538677907381,-0.2055394020872358,0.7418873085925233,0.20701484560115752,-0.037453967353158785,0.09629527391662927,0.36055495124255404,0.9269975985326551
set_cover_cw_tour,822.0,0.7207399463615441,0.6638994315963788,-0.19942786777369803,0.7443704276931374,0.20077402554527957,-0.036444643910118986,0.09335702096676482,0.3618210793409346,0.9268450577691164
set_cover_cw_tour,824.0,0.7198677208773357,0.6669328164352807,-0.1923306600637936,0.7472461603188693,0.19353659717514166,-0.035264456169680984,0.08995181709999919,0.3632833744637104,0.9266554260186063
set_cover_cw_tour,826.0,0.7188245344921209,0.6703217007805352,-0.18428267980164745,0.7504967707310509,0.18534199271524093,-0.03391566488234004,0.08609927576875627,0.36493101740744827,0.926424306093946
set_cover_cw_tour,828.0,0.7175957487764628,0.6740323705629468,-0.1753188659877818,0.7541044892990071,0.17622964120366927,-0.03240027159349866,0.08181913237168391,0.3667529893398463,0.9261469088589018
set_cover_cw_tour,830.0,0.7161659793654328,0.6780297465927927,-0.16547493083504736,0.7580514107667864,0.16623956163119794,-0.030720204977325773,0.07713151535974308,0.36873803662707927,0.9258181563832433
set_cover_cw_tour,832.0,0.7145195190614928,0.6822774469352635,-0.15478805601089385,0.7623193993753694,0.155412920173274,-0.02887750264519323,0.07205719878245986,0.37087464266633086,0.9254327903050136
set_cover_cw_tour,834.0,0.7126407791984425,0.6867378935779299,-0.14329754131730418,0.766890000910014,0.14379254550643863,-0.02687448802089387,0.06661783262335139,0.37315100800794565,0.9249854871795752
set_cover_cw_tour,836.0,0.7105147505367505,0.6913724710087092,-0.1310453951919353,0.7717443618093855,0.13142339513107731,-0.02471394126673442,0.06083614683356714,0.37555503986775274,0.9244709819001566
set_cover_cw_tour,838.0,0.7081274821858388,0.6961417422635366,-0.11807685485069594,0.7768631555278456,0.11835296476545558,-0.02239926266196001,0.05473612465456536,0.3780743519003643,0.9238841995213036
set_cover_cw_tour,840.0,0.7054665741732152,0.7010057255455346,-0.10444082284569511,0.7822265163832665,0.10463163235774199,-0.01993462630877435,0.04834314069366821,0.38069627481926394,0.9232203950089801
set_cover_cw_tour,842.0,0.7025216764060245,0.705924231651571,-0.09019020649055003,0.7878139811486131,0.09031292820224424,-0.017325121606153772,0.04168405934466206,0.3834078781057302,0.9224752995957909
set_cover_cw_tour,844.0,0.6992849840421349,0.7108572592144066,-0.07538214719264334,0.793604438655173,0.07545372314640655,-0.01457687962414014,0.03478728958254242,0.3861960026494745,0.9216452715668273
set_cover_cw_tour,846.0,0.6957517168854149,0.7157654412882086,-0.060078128370427995,0.7995760876678666,0.06011432801181515,-0.01169718136646471,0.027682792943172177,0.3890473037204577,0.9207274484834193
set_cover_cw_tour,848.0,0.6919205685455556,0.7206105332429836,-0.04434395339680299,0.8057064032680765,0.04435849916133826,-0.008694544957153078,0.020402042637174544,0.3919483032026713,0.9197198971212734
set_cover_cw_tour,850.0,0.6877941099611826,0.7253559285142824,-0.028249588879980275,0.8119721119369123,0.028253347610186715,-0.0055787890476132725,0.012977933224987881,0.394885449552926,0.9186217568147151
set_cover_cw_tour,852.0,0.683379131657831,0.7299671857403529,-0.011868873446873054,0.8183491754723069,0.011869152126216781,-0.0023610702212905825,0.005444642044895375,0.3978451835124907,0.9174333715187853
set_cover_cw_tour,854.0,0.6786869099312656,0.7344125484836838,0.004720902207307337,0.8248127837980238,-0.004720919743209663,0.0009461071372107549,-0.0021625544483719443,0.40081400723106597,0.9161564057773748
set_cover_cw_tour,856.0,0.6737333840670011,0.7386634373318699,0.021439532240553134,0.8313373566333255,-0.021441175039870503,0.0043289091721334496,-0.009807504227621295,0.4037785541944058,0.9147939399552667
set_cover_cw_tour,858.0,0.6685392346878432,0.7426948939040913,0.038204531822593334,0.8378965538912052,-0.03821383173376663,0.0077722187484499505,-0.017453435920588962,0.4067256572072191,0.9133505405700748
set_cover_cw_tour,860.0,0.6631298572158364,0.7464859572681736,0.05493184932553102,0.8444632945638766,-0.05495951312254013,0.01125970810061032,-0.025063238736961837,0.4096424116910941,0.9118323023349234
set_cover_cw_tour,862.0,0.6575352289940548,0.7500199555026438,0.07153662683932148,0.8510097837403289,-0.07159778242754845,0.014773935473807863,-0.032599755680425085,0.41251623172009766,0.9102468595538483
set_cover_cw_tour,864.0,0.6517896735045378,0.7532846985000863,0.08793397817955387,0.8575075472864542,-0.08804769754239147,0.018296462321669663,-0.04002607867879519,0.41533489652728434,0.908603365731594
set_cover_cw_tour,866.0,0.6459315299572659,0.7562725623669381,0.10403975210471836,0.8639274736081118,-0.10422836466871235,0.02180798681497952,-0.04730583387991549,0.4180865856521743,0.9069124415784088
set_cover_cw_tour,868.0,0.6400027409170997,0.758980460599328,0.11977124883306306,0.8702398618163123,-0.12005946942213648,0.02528848883173139,-0.054403445583547594,0.42075990142846076,0.905186092906402
set_cover_cw_tour,870.0,0.6340483742209839,0.7614097022127835,0.13504786012361508,0.8764144755262997,-0.13546176492780065,0.028717381283088934,-0.06128436809804731,0.4233438780900594,0.9034376011229186
set_cover_cw_tour,872.0,0.6281160979308499,0.7635657417672371,0.14979160697306015,0.8824206014533428,-0.1503574983778907,0.03207366260308329,-0.06791527616158585,0.4258279773552585,0.9016813900334467
set_cover_cw_tour,874.0,0.6222556282874265,0.7654578303787481,0.16392755404897527,0.8882271119217503,-0.16467076033891817,0.03533606548810025,-0.07426420634378154,0.4282020708875834,0.8999328733964184
set_cover_cw_tour,876.0,0.6165181705148639,0.7670985800365834,0.17738408590080026,0.8938025303837248,-0.17832774455803435,0.038483197488877734,-0.08030064390711983,0.4304564104885301,0.8982082880760253
set_cover_cw_tour,878.0,0.6109558709316428,0.7685034556386291,0.19009303628919028,0.8991150990541097,-0.1912569098739939,0.04149366978851112,-0.08599555180686844,0.4325815872221225,0.896524517697817
set_cover_cw_tour,880.0,0.6056212963061195,0.7696902100225963,0.20198966819089365,0.9041328478079691,-0.20338903983195958,0.04434621138919535,-0.09132134069517338,0.4345684808871628,0.8948989114355232
set_cover_cw_tour,882.0,0.6005669529835677,0.7706782769201201,0.21301250777235564,0.9088236635613983,-0.21465719949682438,0.04701976691851003,-0.09625178084059034,0.4364082013358951,0.893349101981254
set_cover_cw_tour,884.0,0.5958448542709992,0.7714881353076642,0.2231030405850061,0.9131553594621452,-0.22499659256716872,0.04949357729649009,-0.10076185868066652,0.43809202309528283,0.8918928259280349
set_cover_cw_tour,886.0,0.5915061401634996,0.772140656257166,0.23220528224747902,0.917095743354653,-0.23434432508312664,0.05174724353008436,-0.10482758223344293,0.4396113145965888,0.8905477487865476
set_cover_cw_tour,888.0,0.5876007489696831,0.7726564403304487,0.2402652389051469,0.9206126851522051,-0.24263908473814794,0.05376077488768564,-0.10842574078681586,0.44095746308457995,0.889331295731977
set_cover_cw_tour,890.0,0.5841771359314627,0.7730551500620264,0.24723027488050736,0.9236741829442588,-0.2498207470599928,0.055514623634489224,-0.111533625186152,0.4421217959873767,0.8882604879923751
set_cover_cw_tour,892.0,0.5812820296586652,0.7733548383783074,0.2530484063430645,0.9262484278863238,-0.25582992159976237,0.05698970937657128,-0.11412871571047603,0.44309549921088653,0.8873517835979745
set_cover_cw_tour,894.0,0.5789602131708291,0.7735712701327779,0.2576675408163569,0.9283038681587075,-0.26060745289667864,0.05816743687940857,-0.11618834505672705,0.44386953250652883,0.88662092005112
set_cover_cw_tour,896.0,0.5772543125578187,0.7737172305004039,0.261034683251451,0.9298092725343766,-0.2640938925552014,0.059029712018808696,-0.11768934445527411,0.4444345417750274,0.886082755377784
set_cover_cw_tour,898.0,0.5762045726967252,0.7738018109590249,0.2630951306275319,0.9307337943597837,-0.2662289605006708,0.05955896132132613,-0.11860768155206199,0.44478076793908483,0.885751103005064
set_cover_cw_tour,900.0,0.5758485960349752,0.773829661180995,0.26379167902163725,0.9310470370200147,-0.26695101561622603,0.0597381613942968,-0.11891809956120306,0.44489795187128495,0.8856385549933543
set_cover_cw_tour,902.0,0.5766277093727565,0.7733396850832771,0.2635265001073436,0.9300958618029177,-0.266676109398946,0.05962050339782474,-0.11882473287535367,0.44448490207286306,0.8858663839772724
set_cover_cw_tour,904.0,0.5789279755514438,0.7718866368392202,0.2627421149967106,0.9272844410267775,-0.26586307218955485,0.05927322150040739,-0.11854803998306665,0.4432633240416483,0.8865385908062241
set_cover_cw_tour,906.0,0.5826765669583301,0.7694984317489812,0.2614578012863895,0.9226929163137099,-0.2645322332050493,0.05870729340712772,-0.11809318280436475,0.44126603845749324,0.8876326589192032
set_cover_cw_tour,908.0,0.5878013114354234,0.7661928429630819,0.25968855513277117,0.9163957312386367,-0.26269967953349355,0.057933392229529895,-0.11746280668705053,0.4385223293373883,0.889125625422241
set_cover_cw_tour,910.0,0.5942301228349381,0.7619791426702398,0.25744581420388357,0.9084627383292289,-0.26037798476138946,0.05696202377325581,-0.11665744537922412,0.43505859262876795,0.8909940455834282
set_cover_cw_tour,912.0,0.601890301812882,0.7568596553948006,0.2547381530498751,0.8989603377545229,-0.25757691358312584,0.05580368560771034,-0.1156759016203406,0.43089898454032166,0.8932139159121049
set_cover_cw_tour,914.0,0.6107077630910516,0.7508312574241217,0.25157195983502656,0.8879526268796115,-0.25430410941486,0.05446903801080918,-0.1145156129508772,0.42606606629131955,0.895760573726988
set_cover_cw_tour,916.0,0.6206062389445889,0.7438868535461912,0.24795210284286576,0.8755025430922398,-0.25056577168587246,0.0529690780127399,-0.11317301148956334,0.42058144276476184,0.8986085890123546
set_cover_cw_tour,918.0,0.6315065052991662,0.7360168573731976,0.24388259353081404,0.8616729833740668,-0.2463673279661756,0.051315308251749917,-0.1116438850221098,0.41446639222931797,0.9017316628513224
set_cover_cw_tour,920.0,0.6433256755539039,0.7272106947966668,0.23936725036324935,0.8465278835871857,-0.24171410363601242,0.0495198924121352,-0.1099237448513327,0.40774248312005373,0.9051025455894169
set_cover_cw_tour,922.0,0.6559766070840711,0.7174583416841844,0.23441036433197682,0.8301332389200962,-0.23661198858864477,0.04759578884941702,-0.10800820350901273,0.400432172075022,0.9086929868915229
set_cover_cw_tour,924.0,0.669367465304326,0.7067518969072539,0.2290173631191752,0.8125580449123218,-0.231068096659082,0.04555685383306824,-0.10589336266102557,0.39255937524427753,0.9124737287840103
set_cover_cw_tour,926.0,0.6834014891594531,0.6950871804108416,0.2231954664484654,0.7938751364769912,-0.2250914093020243,0.0434179058682767,-0.10357620841780991,0.3841500025641857,0.9164145514065891
set_cover_cw_tour,928.0,0.6979769989509268,0.6824653337184965,0.2169543205561005,0.7741619008903619,-0.21869339078131042,0.04119474300448593,-0.10105500791708488,0.3752324424932025,0.9204843793483178
set_cover_cw_tour,930.0,0.7129876815992049,0.6688943876923727,0.21030659523998904,0.7535008403264335,-0.21188855813848947,0.03890410608710245,-0.09832969767247417,0.3658379829323869,0.924651453970179
set_cover_cw_tour,932.0,0.7283231790890626,0.6543907505000489,0.2032685230466929,0.7319799606460261,-0.20469498591186344,0.03656358270102262,-0.09540225105498412,0.35600115301654633,0.9288835739556367
set_cover_cw_tour,934.0,0.7438699926014002,0.6389805588027871,0.19586035734489715,0.7096929661695901,-0.19713472345866262,0.03419144915673005,-0.09227700973439885,0.3457599704618474,0.9331484025090879
set_cover_cw_tour,936.0,0.7595126978403047,0.6227008285597863,0.1881067248407082,0.6867392452845409,-0.18923410226740447,0.03180645124410226,-0.08896096233023736,0.33515608044779044,0.9374138352826936
set_cover_cw_tour,938.0,0.7751354470574872,0.6056003399256707,0.18003684899736871,0.6632236389635173,-0.181023912235154,0.029427528463008855,-0.08546395326870991,0.32423477475887774,0.9416484185179214
set_cover_cw_tour,940.0,0.7906237116364077,0.5877401946628138,0.17168462416881874,0.6392559933488049,-0.1725394297669369,0.02707349073952405,-0.08179880619721455,0.3130448841404484,0.9458218024117337
set_cover_cw_tour,942.0,0.8058661977811952,0.5691939949732518,0.16308852614475805,0.6149505079709195,-0.16382028673488652,0.0247626608440968,-0.07798134940936655,0.3016385423875681,0.9499052108071193
set_cover_cw_tour,944.0,0.82075684920382,0.550047609637168,0.15429135302231053,0.5904249021522873,-0.15491017751978328,0.022512499363948148,-0.07403033551463159,0.29007082725031313,0.9538719054329561
set_cover_cw_tour,946.0,0.8351968371366816,0.530398515914388,0.1453398003050032,0.5657994327599448,-0.1458564109433565,0.020339231662028077,-0.06996725374326464,0.2783992902923513,0.9576976214984243
set_cover_cw_tour,948.0,0.8490964316226327,0.5103547320200422,0.1362838849991537,0.5411958057057926,-0.1367093240118288,0.01825749737045556,-0.06581604027539428,0.26668339474206354,0.9613609517767425
set_cover_cw_tour,950.0,0.862376650242496,0.49003338258621953,0.1271762441167347,0.5167360305060765,-0.12752158398503463,0.016280042363575744,-0.06160269911271189,0.2549838864335954,0.9648436584970066
set_cover_cw_tour,952.0,0.8749705915910185,0.46955896541256575,0.11807134221115721,0.4925412710626389,-0.11834741329217952,0.01441747079470122,-0.057354852482438094,0.2433621274997582,0.9681308962797299
set_cover_cw_tour,954.0,0.8868243800795127,0.4490614090586064,0.10902462928571292,0.46873074619217475,-0.1092417773085139,0.012678070859011422,-0.053101244828278146,0.23187942504226408,0.9712113346533031
set_cover_cw_tour,956.0,0.8978976740772248,0.42867402500371465,0.10009169383033048,0.4454207302645727,-0.10025957735537577,0.011067722877834564,-0.0488712275190847,0.22059638728266948,0.9740771748423797
set_cover_cw_tour,958.0,0.9081637182101862,0.40853146365997284,0.09132745549116142,0.42272369796521253,-0.0914548902568432,0.009589892656082115,-0.044694252171273846,0.20957233767307543,0.9767240618843881
set_cover_cw_tour,960.0,0.9176089496202272,0.3887677800697076,0.0827854380705626,0.40074764835006305,-0.0828802915786762,0.008245707477387069,-0.04059939892317643,0.19886481337069967,0.9791508990540279
set_cover_cw_tour,962.0,0.9262321940569384,0.3695147034179578,0.07451715675204386,0.3795956329248455,-0.0745862928737974,0.007034107165492472,-0.036614962404750144,0.18852916882973184,0.9813595764880749
set_cover_cw_tour,964.0,0.9340435083069266,0.35090018628193265,0.06657164454175137,0.3593655014509545,-0.06662091472139296,0.005952058825582829,-0.03276811303551079,0.17861829865562118,0.9833546293932826
set_cover_cw_tour,966.0,0.9410627390223043,0.33304728719517057,0.05899513298379522,0.3401498685171906,-0.05902940805529598,0.004994821472909926,-0.029084645312564057,0.16918248696567303,0.9851428430789141
set_cover_cw_tour,968.0,0.9473178738805431,0.3160734162014328,0.051830892305681116,0.3220362944135525,-0.05185412718105479,0.004156245843931075,-0.025588818596016003,0.16026938392153567,0.986732822278025
set_cover_cw_tour,970.0,0.9528432595400794,0.30008994999323335,0.045119227188590676,0.3051076660595564,-0.04513454976718217,0.0034290951691084135,-0.022303290157437677,0.15192410433539985,0.9881345409792944
set_cover_cw_tour,972.0,0.9576777531541225,0.28520220284402575,0.038897616978254564,0.28944275796134294,-0.038907432504671706,0.002805374329718322,-0.019249135372158478,0.14418943862281702,0.9893588865785415
set_cover_cw_tour,974.0,0.9618628618363381,0.27150972303416226,0.033200983689074835,0.2751169494206666,-0.03320708632017307,0.0022766573068173346,-0.016445946162684133,0.13710616301481524,0.9904172089325167
set_cover_cw_tour,976.0,0.9654409091666021,0.25910687228899826,0.02806206763903068,0.26220307228758855,-0.028065751995944792,0.001834405820884259,-0.013911996203211065,0.1307134338097688,0.9913208812178756
set_cover_cw_tour,978.0,0.9684532512224993,0.24808363767751893,0.023511888764202054,0.2507723630544224,-0.023514055566880607,0.0014702752438616887,-0.011664459874308862,0.12504924935636763,0.9920808756860284
set_cover_cw_tour,980.0,0.9709385481015566,0.23852662071659017,0.019580271192330335,0.24089549352847706,-0.019581522545201385,0.0011764069865806733,-0.009719671288428463,0.12015096312250935,0.9927073537137621
set_cover_cw_tour,982.0,0.9729310815025163,0.23052014597565018,0.016296408982002072,0.2326436551207857,-0.016297130382441367,0.0009457094383788682,-0.008093409586361119,0.1160558312624109,0.9932092661594114
set_cover_cw_tour,984.0,0.9744590953786846,0.2241474299473076,0.013689451478144148,0.22608967233444882,-0.013689879083874644,0.000772132041655719,-0.006801196784897259,0.1128015781492032,0.9935939570576365
set_cover_cw_tour,986.0,0.9755431254389481,0.21949174890846326,0.01178908689903605,0.22130912069475034,-0.011789359995715475,0.00065093914935529,-0.005858594374563323,0.110426962977709,0.9938667611896969
set_cover_cw_tour,988.0,0.9761942747256445,0.2166375404909355,0.010626101962218765,0.21838142247795111,-0.010626301945069147,0.0005789918858384711,-0.005281484262762636,0.1089723293371304,0.9940305841025308
set_cover_cw_tour,990.0,0.9764123870914087,0.2156713662854813,0.010232892993217441,0.21739088947882326,-0.010233071586250333,0.0005550472458776045,-0.005086318180409545,0.10848011717205713,0.9940854517938884
set_cover_cw_tour,992.0,0.9766840240093525,0.21437635963029303,0.011449614690550974,0.21606768823866448,-0.011449864867323887,0.0006172806967768182,-0.005691525089931386,0.1078220503305075,0.9941537260249129
set_cover_cw_tour,994.0,0.9774704507085645,0.21053388983460986,0.015066493377827988,0.2121455057718826,-0.01506706344977683,0.0007975972398698003,-0.007491119090296987,0.10587094870875927,0.9943513409217716
set_cover_cw_tour,996.0,0.9787030954247489,0.2042002763467877,0.02103563989781722,0.20569286744227597,-0.02103719157875639,0.0010798740564195138,-0.010462822229033197,0.10265954236518524,0.9946609380006821
set_cover_cw_tour,998.0,0.9802872798124989,0.19538617901740735,0.02934433653687333,0.19673703501624695,-0.029348549522452184,0.001441108107825062,-0.014602811076660985,0.09819937882904319,0.9950585727049795
set_cover_cw_tour,1000.0,0.9820999497181031,0.1840622086551754,0.040009900133316456,0.18526775032486267,-0.04002058241889399,0.0018508574199996614,-0.019923168441788302,0.09248293085855659,0.9955132089459499
set_cover_cw_tour,1002.0,0.9839854043389156,0.1701641273841019,0.0530744175623987,0.17123995763391012,-0.05309936670056282,0.002270140255618352,-0.02644932028442975,0.08548526941546032,0.9959857170826687
set_cover_cw_tour,1004.0,0.9857493408232617,0.15359830802520982,0.06859881076445737,0.15457581907960755,-0.06865272702734794,0.0026498519484103164,-0.034217171026642734,0.07716550262457077,0.9964274427655445
set_cover_cw_tour,1006.0,0.9871515699174432,0.1342482287769657,0.08665558885481546,0.13516633750804885,-0.08676440920525688,0.002928756594899876,-0.04326959320608631,0.06746819506299417,0.9967784143647622
set_cover_cw_tour,1008.0,0.9878979408808686,0.1119829079511743,0.10731955427665096,0.11287293320286373,-0.1075266379603183,0.0030311405721906593,-0.0536518661522093,0.05632501058988988,0.9969652865708344
set_cover_cw_tour,1010.0,0.9876323697813557,0.08666830336450394,0.13065568243280332,0.08752938800494989,-0.13103030260154497,0.002864285282058534,-0.0654056063295536,0.04365686395042077,0.9968991828467415
set_cover_cw_tour,1012.0,0.9859304209304021,0.058182748028399164,0.15670345534117544,0.0589446743438089,-0.1573519818557477,0.002316038587126043,-0.07856071780154268,0.029376915312967787,0.9964737058399806
set_cover_cw_tour,1014.0,0.9822966415023854,0.02643735691367632,0.18545720329109203,0.02690732639854204,-0.18653711663882658,0.0012529475022224502,-0.09312496439176886,0.0133947846507208,0.9955635343230231
set_cover_cw_tour,1016.0,0.9761687073392749,-0.008598144609407918,0.21684263123483077,-0.008807824100485771,-0.21857897776272622,-0.00048034219054311447,-0.10907099863399723,-0.0043776234814258816,0.9940242064160296
set_cover_cw_tour,1018.0,0.9669321645504784,-0.04686474582904068,0.25069081506131374,-0.04842956166597531,-0.2533937916589942,-0.0030594373345057806,-0.12632116555081416,-0.024018344211135058,0.9916938651209029
set_cover_cw_tour,1020.0,0.9539496905845791,-0.08818091968705832,0.28671259692718465,-0.09217576116836838,-0.29079359959192125,-0.00667508140253882,-0.14473120665617337,-0.04558544205728923,0.9883978392229311
set_cover_cw_tour,1022.0,0.9366076851830772,-0.13221147426179272,0.32447830455905835,-0.14023339117250735,-0.33046013847786565,-0.011523295473536584,-0.16407511786771498,-0.06910508740430635,0.9839568365802274
set_cover_cw_tour,1024.0,0.914379958219658,-0.17844562573165126,0.36340948070111784,-0.19273238969015047,-0.37192498895449594,-0.017789824607194953,-0.1840346860847896,-0.09455821068444561,0.978199111249992
set_cover_cw_tour,1026.0,0.8869030932099805,-0.2261930251604754,0.40278979458685515,-0.24971363804110205,-0.4145627907979562,-0.025628854691492932,-0.20419820302925903,-0.12186692444888896,0.9709761626385031
set_cover_cw_tour,1028.0,0.8540516446509093,-0.27460568042342204,0.4418003039250496,-0.31109281385210813,-0.4576044581371027,-0.035137565114858355,-0.2240728467525437,-0.15088252722815984,0.9621804268655925
set_cover_cw_tour,1030.0,0.8159961044535561,-0.32272935723915946,0.4795791066055944,-0.37662412836773057,-0.5001749981709921,-0.04633015558673454,-0.24311353675381975,-0.18137738563633313,0.9517623489664251
set_cover_cw_tour,1032.0,0.7732258875403908,-0.3695803630026325,0.5152980517333802,-0.4458704682723489,-0.541355393408948,-0.059116890113536075,-0.260767472481005,-0.21304314475165093,0.9397436549791116
set_cover_cw_tour,1034.0,0.7265257725311445,-0.41423503909748144,0.5482423134271304,-0.518188353920814,-0.5802610939259111,-0.07329445890568198,-0.27652875881418687,-0.24549737123462864,0.926223951622552
set_cover_cw_tour,1036.0,0.6769063684238195,-0.45591374193917905,0.5778757896800073,-0.592736049398905,-0.6161234837691788,-0.08855266911840211,-0.2899932081568617,-0.27829975747560637,0.9113789601499019
set_cover_cw_tour,1038.0,0.6255025626203572,-0.49404175442672427,0.6038785383157199,-0.6685099348265297,-0.6483581473261846,-0.10449893016078095,-0.3009016410414518,-0.3109773643022634,0.8954503084512456
set_cover_cw_tour,1040.0,0.5734624707624318,-0.5282765339380059,0.626150699366769,-0.7444078502900436,-0.6766064792768076,-0.12069711772599705,-0.3091620545806172,-0.3430562470299523,0.878728309065921
set_cover_cw_tour,1042.0,0.5218495674034529,-0.5585006955336623,0.6447867880852122,-0.8193103844958873,-0.700744309554024,-0.13671305240210585,-0.31484647410804634,-0.3740947928533687,0.8615302229200236
set_cover_cw_tour,1044.0,0.47157343525758677,-0.5847886601463256,0.6600308463425206,-0.8921652558423071,-0.7208598207814303,-0.1521569447079183,-0.31816507483486284,-0.4037131005138832,0.8441771033414404
set_cover_cw_tour,1046.0,0.4233542788461136,-0.6073590205381343,0.6722247948072472,-0.9620588754200794,-0.7372097732759935,-0.16671459347878473,-0.3194255710061457,-0.4316134441422567,0.8269724201835635
set_cover_cw_tour,1048.0,0.3777175624264531,-0.6265241871347098,0.6817601381496352,-1.0282634379333933,-0.7501659004426318,-0.1801630975832327,-0.31898804202133735,-0.45758916927104704,0.8101851883874706
set_cover_cw_tour,1050.0,0.335010275251291,-0.6426455276569464,0.6890390709231077,-1.0902553053666053,-0.7601622917238436,-0.19237144350751798,-0.3172241009907473,-0.48152230698584125,0.7940392719182593
set_cover_cw_tour,1052.0,0.29542938152275394,-0.6560981610237754,0.6944470344340907,-1.1477076739889167,-0.7676511208901707,-0.20328971814391253,-0.3144858946012304,-0.5033725571934636,0.7787091763029029
set_cover_cw_tour,1054.0,0.25905458605810117,-0.6672462649081079,0.6983359817512234,-1.2004650356799822,-0.7730700577422047,-0.21293202426529523,-0.31108663723961216,-0.5231613623939553,0.7643214285046144
set_cover_cw_tour,1056.0,0.22588007854604372,-0.6764277300360267,0.7010162024905995,-1.2485081148804495,-0.7768214589571975,-0.22135771164974713,-0.30729154028397204,-0.5409545914371022,0.750959920878744
set_cover_cw_tour,1058.0,0.1958423351389875,-0.6839461199933282,0.702754213586358,-1.2919166470739971,-0.7792614940459518,-0.22865412172938146,-0.3033165550145212,-0.5568463880502675,0.7386734462437776
set_cover_cw_tour,1060.0,0.16884287044940532,-0.6900677938268278,0.7037744844915732,-1.3308349448261338,-0.7806966191355531,-0.2349224913159341,-0.2993320885675347,-0.5709455889391694,0.7274839230516491
set_cover_cw_tour,1062.0,0.144765974099156,-0.6950223456190256,0.7042632688372654,-1.3654427862831011,-0.7813848721375356,-0.2402674471662162,-0.2954692903953623,-0.5833651612700944,0.7173942715702485
set_cover_cw_tour,1064.0,0.12349206172477513,-0.6990049458367061,0.7043733359425156,-1.3959323295066852,-0.7815399214950789,-0.24478978266574625,-0.29182719559222253,-0.5942144874120718,0.7083953650080188
set_cover_cw_tour,1066.0,0.10490749907211894,-0.7021795856378408,0.7042288308155976,-1.4224906242711377,-0.7813363648745701,-0.2485818713479487,-0.2884796707698694,-0.6035940109183061,0.7004718429553121
set_cover_cw_tour,1068.0,0.08891177484146473,-0.7046825643287292,0.7039298117182047,-1.4452867388806754,-0.7809152831640329,-0.25172500134943177,-0.28548161664335264,-0.6115916604548868,0.693606813055034
set_cover_cw_tour,1070.0,0.07542281350262624,-0.7066258078833686,0.7035562286246386,-1.4644623495821965,-0.7803894464644531,-0.25428798314015316,-0.2828742201374734,-0.6182804936517917,0.6877855976842102
set_cover_cw_tour,1072.0,0.06438110153494639,-0.7080997718566472,0.7031712358037061,-1.4801246811069184,-0.7798478362704581,-0.25632650170247134,-0.28068924600785916,-0.6237170804203348,0.6829987374017951
set_cover_cw_tour,1074.0,0.05575318670025075,-0.709175781301234,0.7028237996742507,-1.4923408164963943,-0.7793593099714695,-0.25788280343093317,-0.27895245401843216,-0.6279402320658942,0.6792444722224305
set_cover_cw_tour,1076.0,0.04953501755400774,-0.7099077088419373,0.7025505867641954,-1.5011325393207569,-0.7789753137204177,-0.2589854039662215,-0.2776862578795879,-0.6309697563337145,0.6765309078744718
set_cover_cw_tour,1078.0,0.0457555256421274,-0.7103329012096676,0.7023771076368229,-1.5064709944542523,-0.7787315672068734,-0.2596485682204335,-0.2769117309659306,-0.632804970296843,0.6748780510893376
set_cover_cw_tour,1080.0,0.04448081586433356,-0.7104722404803941,0.7023180565291001,-1.5082705408593873,-0.7786486109356575,-0.25987134786677263,-0.2766500247878276,-0.6334227307673191,0.6743198725308884
set_cover_cw_tour,1082.0,0.04478355081426646,-0.7105690659816967,0.7022008516417256,-1.5078546672505957,-0.7784839790865117,-0.2597616864121981,-0.27664853658225996,-0.6333038858239863,0.6744743447155157
set_cover_cw_tour,1084.0,0.045673476332972,-0.710855470428585,0.701853569999766,-1.506633099516065,-0.7779963267712966,-0.259438342213558,-0.2766425862183069,-0.6329550863402241,0.6749285034401546
set_cover_cw_tour,1086.0,0.047114211317796,-0.7113219242796905,0.7012855132761124,-1.5046582067541348,-0.7771991670896222,-0.2589130080962756,-0.27662934889046076,-0.63239156989443,0.6756634960521665
set_cover_cw_tour,1088.0,0.04906748003814454,-0.7119573328240547,0.7005063444686026,-1.5019860052098442,-0.7761067672963717,-0.2581982150518551,-0.2766054859381731,-0.6316293732323055,0.6766590143958094
set_cover_cw_tour,1090.0,0.051493599477672874,-0.7127493538897263,0.6995261022596733,-1.4986751980450401,-0.7747341226694275,-0.2573071751424306,-0.2765673406206116,-0.6306851087216235,0.6778936622797553
set_cover_cw_tour,1092.0,0.05435194809593597,-0.7136847096689206,0.698355211137545,-1.494786243302302,-0.7730969234047343,-0.25625362554760317,-0.2765111263205103,-0.6295757483996622,0.6793453123719018
set_cover_cw_tour,1094.0,0.05760141046577386,-0.7147494852066402,0.697004484138514,-1.490380468907029,-0.7712115109023194,-0.25505167517585914,-0.2764331008160434,-0.6283184189090275,0.6809914450438236
set_cover_cw_tour,1096.0,0.061200793013657065,-0.7159294073794646,0.6954851160044965,-1.4855192505612644,-0.7690948211937969,-0.2537156554569447,-0.2763297215940691,-0.6269302101964108,0.682809462941809
set_cover_cw_tour,1098.0,0.06510920687462449,-0.7172100995214542,0.6938086655012194,-1.4802632651649568,-0.7667643146542895,-0.25225997708237635,-0.2761977785853302,-0.6254280003863087,0.6847769763942938
set_cover_cw_tour,1100.0,0.06928641467801601,-0.7185773081798488,0.6919870265475131,-1.4746718290761105,-0.7642378924325586,-0.2506989945303164,-0.27603450210292074,-0.6238282987407551,0.6868720561214414
set_cover_cw_tour,1102.0,0.07369313890366062,-0.7200170997561787,0.6900323886146409,-1.4688023272149586,-0.7615338011398969,-0.24904688017615878,-0.2758376450889885,-0.622147108086127,0.6890734510386773
set_cover_cw_tour,1104.0,0.07829133028124428,-0.721516025967858,0.6879571875301125,-1.4627097358500085,-0.7586705282057852,-0.247317509645745,-0.2756055399628808,-0.6203998075444146,0.6913607701940059
set_cover_cw_tour,1106.0,0.08304439553224174,-0.7230612581191356,0.6857740483408931,-1.456446238985852,-0.7556666909086199,-0.24552435982306303,-0.2753371313730466,-0.6186010558681102,0.6937146290079199
set_cover_cw_tour,1108.0,0.0879173845534944,-0.7246406910753055,0.6834957222478987,-1.4500609356960117,-0.7525409224202596,-0.2436804205986296,-0.27503198695732456,-0.6167647151658068,0.6961167609630027
set_cover_cw_tour,1110.0,0.09287713789174205,-0.7262430185763682,0.6811350198206837,-1.4435996335769845,-0.7493117582819033,-0.24179812106551368,-0.27469028880016283,-0.614903794339417,0.6985500966967639
set_cover_cw_tour,1112.0,0.09789239603729115,-0.7278577821007476,0.6787047427515582,-1.437104721783015,-0.7459975265898466,-0.2398892704668556,-0.2743128086440287,-0.6130304111503596,0.7009988130756895
set_cover_cw_tour,1114.0,0.10293387265353432,-0.7294753958991117,0.6762176163324792,-1.4306151158483382,-0.7426162448569547,-0.2379650138005696,-0.27390087008148095,-0.6111557715033382,0.7034483552711328
set_cover_cw_tour,1116.0,0.10797429434279915,-0.7310871510725594,0.6736862246608455,-1.4241662657022858,-0.7391855260778996,-0.23603580161865412,-0.2734563009492633,-0.6092901642893527,0.7058854351278534
set_cover_cw_tour,1118.0,0.11298840991913496,-0.7326852016835593,0.671122950328677,-1.4177902178988662,-0.7357224960118567,-0.234111373239518,-0.27298137899762004,-0.6074429699658976,0.7082980092302071
set_cover_cw_tour,1120.0,0.11795297241218271,-0.7342625358810011,0.6685399200502035,-1.4115157230659285,-0.7322437231501236,-0.23220075233484708,-0.27247877365098155,-0.6056226809685762,0.710675240050772
set_cover_cw_tour,1122.0,0.12284669716585944,-0.7358129349136319,0.6659489573602673,-1.4053683798691794,-0.7287651622962552,-0.23031225366423877,-0.271951486344266,-0.6038369320372966,0.7130074434359217
set_cover_cw_tour,1124.0,0.12765019942875316,-0.7373309227208213,0.6633615431915404,-1.3993708073176896,-0.7253021121830788,-0.22845349961184494,-0.2714027915439362,-0.602092538591687,0.7152860254677686
set_cover_cw_tour,1126.0,0.13234591477122448,-0.7388117085472423,0.6607887848298217,-1.3935428379449164,-0.7218691871062605,-0.22663144512566374,-0.2708361801722457,-0.6003955413925846,0.7175034114663605
set_cover_cw_tour,1128.0,0.13691800552123543,-0.7402511247482595,0.6582413934667309,-1.3879017252216828,-0.7184803021817515,-0.22485240966462486,-0.27025530676934395,-0.5987512558670671,0.7196529695823046
set_cover_cw_tour,1130.0,0.14135225620230607,-0.7416455616528967,0.6557296703269395,-1.3824623594409813,-0.7151486715410975,-0.22312211481186575,-0.26966394136828775,-0.5971643246415241,0.7217289310974264
set_cover_cw_tour,1132.0,0.1456359606984883,-0.742991901045702,0.653263501147831,-1.3772374872136395,-0.711886818564927,-0.221445726304315,-0.2690659267344715,-0.5956387720097441,0.7237263092155753
set_cover_cw_tour,1134.0,0.1497578035780057,-0.7442874495292278,0.6508523586350201,-1.3722379305928698,-0.7087065971171587,-0.21982789934863517,-0.26846514134074556,-0.5941780592515097,0.7256408177996668
set_cover_cw_tour,1136.0,0.1537077376930833,-0.7455298727438443,0.6485053124067849,-1.3674728026778762,-0.7056192226735585,-0.21827282623221322,-0.2678654682157562,-0.5927851399040062,0.7274687912035429
set_cover_cw_tour,1138.0,0.15747685985050594,-0.7467171311571144,0.6462310458714537,-1.3629497173139649,-0.7026353122293835,-0.21678428538691025,-0.26727076961578916,-0.591462514267583,0.7292071060642097
set_cover_cw_tour,1140.0,0.16105728602553274,-0.7478474178944584,0.6440378794501771,-1.3586749911984475,-0.6997649319122448,-0.21536569121585356,-0.2666848673272904,-0.5902122825948806,0.7308531056648004
set_cover_cw_tour,1142.0,0.16444202727866106,-0.7489190988677064,0.6419337995585424,-1.3546538373137806,-0.6970176513083473,-0.2140201441443838,-0.2661115283042594,-0.589036196565407,0.7324045272523565
set_cover_cw_tour,1144.0,0.1676248672359053,-0.7499306552680132,0.6399264927891587,-1.3508905491426408,-0.6944026036238656,-0.21275048050160295,-0.26555445527696137,-0.5879357087850708,0.7338594324966394
set_cover_cw_tour,1146.0,0.1706002417122014,-0.7508806283228033,0.6380233847887476,-1.3473886755785833,-0.6919285509404888,-0.21155932197643915,-0.2650172819305084,-0.586912020171733,0.7352161411047571
set_cover_cw_tour,1148.0,0.17336312079586996,-0.7517675660700965,0.6362316833928972,-1.34415118683799,-0.6896039539784864,-0.2104491245206566,-0.2645035722384584,-0.5859661251942468,0.7364731674585464
set_cover_cw_tour,1150.0,0.17590889346975205,-0.7525899717742089,0.634558425665551,-1.3411806320134823,-0.6874370459469371,-0.20942222669071706,-0.26401682354257655,-0.5850988550250393,0.7376291600138772
set_cover_cw_tour,1152.0,0.17823325462021333,-0.7533462534902013,0.633010528585239,-1.3384792891965096,-0.6854359102353642,-0.2084808975317096,-0.26356047299064617,-0.5843109187468948,0.7386828430892919
set_cover_cw_tour,1154.0,0.18033209407606615,-0.7540346741759338,0.631594843223513,-1.3360493093488328,-0.6836085618818294,-0.2076273842112646,-0.2631379069755947,-0.5836029428254027,0.7396329605714046
set_cover_cw_tour,1156.0,0.18220138712189066,-0.7546533016451226,0.6303182123713186,-1.333892855331118,-0.6819630329388019,-0.20686395971168062,-0.2627524732576873,-0.5829755091219725,0.7404782209716566
set_cover_cw_tour,1158.0,0.18383708573964427,-0.755199957546892,0.629187531685051,-1.3320122377143686,-0.6805074620504011,-0.20619297098716177,-0.2624074954941053,-0.5824291917810172,0.7412172431786174
set_cover_cw_tour,1160.0,0.18523500964337938,-0.755672164441036,0.6282098145456,-1.330410049219528,-0.6792501887548064,-0.20561688809338421,-0.26210628994434737,-0.5819645933816937,0.7418485021569312
set_cover_cw_tour,1162.0,0.18639073597800443,-0.7560670899069039,0.6273922609510605,-1.3290892998662922,-0.6781998532367485,-0.20513835490240767,-0.26185218416333755,-0.5815823808024856,0.742370273742784
set_cover_cw_tour,1164.0,0.18729948634706386,-0.7563814864700413,0.6267423308980307,-1.3280535551793005,-0.6773655024813903,-0.20476024213168142,-0.26164853753493184,-0.5812833213092387,0.7427805775703261
set_cover_cw_tour,1166.0,0.1879560096080849,-0.7566116259457056,0.6262678228489797,-1.3273070801157925,-0.6767567040280899,-0.20448570354679083,-0.26149876353471424,-0.581068319447699,0.7430771170269048
set_cover_cw_tour,1168.0,0.18835445861740674,-0.7567532265717695,0.6259769580361245,-1.3268549917637888,-0.6763836687974973,-0.20431823634985546,-0.26140635364044207,-0.5809384554044471,0.7432572149690765
set_cover_cw_tour,1170.0,0.18848825880808678,-0.756801371022669,0.6258784715179972,-1.3267034243384022,-0.676257384776647,-0.20426174694660554,-0.26137490282864523,-0.580895025600386,0.7433177437263045
set_cover_cw_tour,1172.0,0.18798949818944977,-0.756961961747806,0.6258342728210018,-1.3273737016184215,-0.6762007153000864,-0.20433286565508865,-0.2612853758460873,-0.5811498974225531,0.7431304253681883
set_cover_cw_tour,1174.0,0.1865150050049082,-0.7574338948622147,0.6257044412675002,-1.3293540260037793,-0.6760342663287721,-0.2045430525230793,-0.2610211254848775,-0.5819024570734804,0.7425763544356869
set_cover_cw_tour,1176.0,0.1841068139008575,-0.7581975917174788,0.6254926802042455,-1.3325850555200853,-0.6757628282923499,-0.2048853290740392,-0.2605896862734506,-0.5831291524675094,0.7416706876239962
set_cover_cw_tour,1178.0,0.1808045322861288,-0.7592323377772662,0.6252007504618508,-1.3370096099929996,-0.6753887258269864,-0.20535193859964548,-0.25999729248574754,-0.5848069269058089,0.7404274761625421
set_cover_cw_tour,1180.0,0.17664578997663682,-0.7605164583826879,0.6248287616720147,-1.3425722717308382,-0.6749121915763721,-0.2059344456272914,-0.2592490972379873,-0.5869131201404262,0.7388598643129147
set_cover_cw_tour,1182.0,0.17166668259627044,-0.7620274681936805,0.6243754381818044,-1.3492189710667535,-0.6743317094966327,-0.20662381548240058,-0.25834938362989773,-0.5894253597190376,0.7369802847930399
set_cover_cw_tour,1184.0,0.16590220459110708,-0.763742203212807,0.6238383649179152,-1.3568965683103578,-0.6736443339528727,-0.20741048047835767,-0.2573017679988534,-0.5923214481082977,0.734800649756987
set_cover_cw_tour,1186.0,0.1593866684053272,-0.7656369430319995,0.6232142179052602,-1.3655524418865186,-0.6728459901827243,-0.20828439839374008,-0.25610939544460515,-0.5955792502785294,0.7323325362077131
set_cover_cw_tour,1188.0,0.15215410671113552,-0.7676875297947355,0.6224989834598876,-1.3751340911574041,-0.6719317608804931,-0.20923510810776932,-0.25477512768484006,-0.5991765857888689,0.729587364810204
set_cover_cw_tour,1190.0,0.14423865468116556,-0.769869489304424,0.6216881693694299,-1.3855887614949154,-0.670896162758395,-0.21025178653562812,-0.25330172307296406,-0.6030911288915505,0.7265765710502642
set_cover_cw_tour,1192.0,0.1356749092257216,-0.772158158703254,0.6207770106524505,-1.3968630984695376,-0.6697334159926115,-0.2113233103088895,-0.25169200829613236,-0.607300319732337,0.723311767589159
set_cover_cw_tour,1194.0,0.12649826196361147,-0.7745288241664504,0.619760671756059,-1.4089028374368222,-0.6684377084803369,-0.21243832495787254,-0.2499490409150073,-0.6117812893214881,0.719804896531622
set_cover_cw_tour,1196.0,0.11674520252092578,-0.7769568710822852,0.6186344463141165,-1.4216525342364759,-0.6670034558379533,-0.21358532365178776,-0.24807626154486961,-0.6165108005521546,0.7160683701861325
set_cover_cw_tour,1198.0,0.10645358861688178,-0.7794179482029924,0.6173939548534833,-1.4350553420887318,-0.6654255570807174,-0.21475273682516796,-0.24607763414606826,-0.6214652071231606,0.7121151987807458
set_cover_cw_tour,1200.0,0.09566287935335983,-0.7818881462490938,0.6160353401136824,-1.44905283901236,-0.6636996449657847,-0.215929033259649,-0.24395777262365986,-0.6266204317605856,0.7079591035308702
set_cover_cw_tour,1202.0,0.08441432822163412,-0.784344190432159,0.6145554589507861,-1.4635849091513593,-0.6618223290827806,-0.21710283240247286,-0.24172205176194442,-0.6319519646153329,0.7036146134594141
set_cover_cw_tour,1204.0,0.0727511326142492,-0.7867636453411154,0.6129520691480727,-1.4785896802573861,-0.6597914289734498,-0.2182630269008074,-0.2393767004656222,-0.6374348821386128,0.6990971444622143
set_cover_cw_tour,1206.0,0.060718537109823306,-0.7891251296368103,0.6112240088763942,-1.494003518229863,-0.6576061938909518,-0.2193989135373838,-0.23692887536554252,-0.6430438861097333,0.6944230593042885
set_cover_cw_tour,1208.0,0.0483638884988816,-0.791408537049165,0.6093713660609335,-1.509761078087257,-0.6552675053070207,-0.2205003299995823,-0.2343867130852906,-0.6487533618253033,0.6896097075299303
set_cover_cw_tour,1210.0,0.035736641439843085,-0.7935952593081301,0.6073956345433033,-1.5257954090768198,-0.6527780579753175,-0.22155779423843514,-0.23175935985677443,-0.6545374537785111,0.6846754446685822
set_cover_cw_tour,1212.0,0.022888314759619957,-0.7956684059049987,0.6052998537023305,-1.54203810989309,-0.650142515288885,-0.22256264261624567,-0.22905697770851063,-0.6603701564904586,0.6796396306068999
set_cover_cw_tour,1214.0,0.00987239970914352,-0.7976130150162472,0.6030887281326643,-1.558419528251629,-0.6473676348451236,-0.22350716264048778,-0.2262907271072691,-0.6662254175357554,0.6745226075551288
set_cover_cw_tour,1216.0,-0.0032557771002309295,-0.7994162495662936,0.6007687240900903,-1.5748689974482262,-0.6444623605557607,-0.22438471587045955,-0.22347272667831725,-0.6720772492660896,0.6693456586350716
set_cover_cw_tour,1218.0,-0.016439231883798176,-0.8010675722891193,0.5983481396995292,-1.5913151011221616,-0.6414378782983235,-0.225189846584937,-0.2206159914181827,-0.6778998453108479,0.6641309487240853
set_cover_cw_tour,1220.0,-0.029619537351881473,-0.8025588937906395,0.5958371463786102,-1.6076859563257735,-0.6383076329689507,-0.2259183720232749,-0.21773435159642898,-0.6836676976505643,0.6589014497680307
set_cover_cw_tour,1222.0,-0.04273706487769045,-0.8038846880181603,0.5932477995370783,-1.6239095042573248,-0.635087305816802,-0.2265674504525039,-0.21484235526663092,-0.6893557099367003,0.6536808532889784
set_cover_cw_tour,1224.0,-0.055731247034282436,-0.8050420701971926,0.5905940173390026,-1.6399137976934643,-0.6317947520567022,-0.227135623945565,-0.21195515792072162,-0.6949393027797055,0.6484934732267686
set_cover_cw_tour,1226.0,-0.06854085149095383,-0.8060308331684977,0.5878915271192401,-1.6556272742872087,-0.6284498998978028,-0.22762283354176088,-0.20908840328093253,-0.7003945069451265,0.6433641425390003
set_cover_cw_tour,1228.0,-0.08110425671506269,-0.8068534391019502,0.5851577798782588,-1.670979005473083,-0.6250746132161307,-0.2280304053476512,-0.20625809949595447,-0.7056980407722897,0.6383181071217192
set_cover_cw_tour,1230.0,-0.0933597197637557,-0.8075149647171791,0.5824118340860237,-1.685898911709384,-0.6216925210632881,-0.2283610070642897,-0.2034804950724766,-0.7108273686394873,0.6333809205925812
set_cover_cw_tour,1232.0,-0.10524562669742642,-0.8080229993329203,0.5796742107512611,-1.700317936129734,-0.6183288179747597,-0.22861857533095548,-0.20077195872446277,-0.7157607379136242,0.6285783432993306
set_cover_cw_tour,1234.0,-0.11670071680558347,-0.8083874962224714,0.5769667223057384,-1.714168170294791,-0.6150100395641527,-0.2288082150948977,-0.19814886696952308,-0.7204771925061099,0.6239362485881833
set_cover_cw_tour,1236.0,-0.1276642728859878,-0.8086205787984113,0.5743122782704669,-1.7273829275424593,-0.6117638181253445,-0.22893607289742346,-0.19562750276636096,-0.7249565618741521,0.6194805389060353
set_cover_cw_tour,1238.0,-0.13807627121949678,-0.8087363040206083,0.5717346708790766,-1.7398967613423653,-0.6086186228926186,-0.22900918646745075,-0.19322396780089507,-0.7291794250231056,0.6152370737396831
set_cover_cw_tour,1240.0,-0.14787748658142177,-0.8087503860655403,0.5692583438134228,-1.7516454279865785,-0.6056034892280985,-0.22903531330820334,-0.19095411022822095,-0.733127049751719,0.611231610739417
set_cover_cw_tour,1242.0,-0.15700954956258859,-0.808679883677634,0.5669081469526446,-1.7625657948278788,-0.6027477403325922,-0.22902274104152667,-0.1888334688012672,-0.7367813080160049,0.607489760658179
set_cover_cw_tour,1244.0,-0.16541495557595,-0.8085428547304327,0.5647090795588192,-1.772595697064986,-0.6000807041419949,-0.22898008214453955,-0.1868772334001017,-0.7401245688562831,0.6040369559829142
set_cover_cw_tour,1246.0,-0.17303702713991,-0.8083579813642167,0.5626860236431598,-1.7816737477520348,-0.5976314269202413,-0.22891605539762258,-0.18510022104724314,-0.7431395708332431,0.6008984323587787
set_cover_cw_tour,1248.0,-0.17981983331209117,-0.8081441686659745,0.5608634684116918,-1.7897391072850646,-0.59542838374339,-0.2288392558971698,-0.18351686557403157,-0.7458092763608726,0.5980992211200281
set_cover_cw_tour,1250.0,-0.18570807246845186,-0.8079201192665624,0.5592652257242137,-1.7967312201261052,-0.5934991846451106,-0.22875791491833675,-0.18214121820081344,-0.7481167107253718,0.595664150447204
set_cover_cw_tour,1252.0,-0.1906469269728212,-0.807703885516698,0.5579141354698309,-1.8025895280251265,-0.5918702737224151,-0.2286796502986711,-0.1809869554087524,-0.750044788968153,0.5936178518650419
set_cover_cw_tour,1254.0,-0.19458190067018324,-0.807512400153733,0.5568317587292738,-1.8072531705732278,-0.5905666170458772,-0.22861120741739158,-0.1800673896036036,-0.751576134224894,0.5919847679696418
set_cover_cw_tour,1256.0,-0.19745865258805403,-0.8073609856870335,0.5560380556298029,-1.810660685666032,-0.5896113738494814,-0.22855819033925895,-0.17939547718509363,-0.7526928915962735,0.5907891564126885
set_cover_cw_tour,1258.0,-0.1992228427777743,-0.8072628422292984,0.5555510439837344,-1.812749724485845,-0.5890255442688138,-0.22852478235715015,-0.17898381771981572,-0.7533765422305947,0.5900550842588597
set_cover_cw_tour,1260.0,-0.1998200089043517,-0.8072285133187722,0.5553864342299238,-1.8134567980413736,-0.5888275859441525,-0.22851345509488835,-0.1788446369530333,-0.7536077230796626,0.5898064058557017
set_cover_cw_tour,1262.0,-0.20022196037251622,-0.8069583322114642,0.5556342471978116,-1.8140041653976728,-0.5891256137260391,-0.22867471292488148,-0.17886994647768692,-0.7537350479003397,0.5895734860748616
set_cover_cw_tour,1264.0,-0.2014081575235978,-0.8061585832349749,0.5563659701666948,-1.815621473688989,-0.5900059538110197,-0.22915124122315617,-0.17894419615445342,-0.7541107699963152,0.5888850735789524
set_cover_cw_tour,1266.0,-0.2033371723719165,-0.804851286218862,0.5575557383828426,-1.8182576149701817,-0.5914384799422951,-0.22992754148536318,-0.17906304173423881,-0.7547218118425096,0.5877624856015723
set_cover_cw_tour,1268.0,-0.20596430409072028,-0.8030583325949093,0.5591744091876067,-1.8218596665000162,-0.593389637709635,-0.2309868780598235,-0.17922064267538257,-0.7555541762735369,0.5862276947729578
set_cover_cw_tour,1270.0,-0.20924221085835548,-0.8008016325556069,0.5611902017065001,-1.826373202374453,-0.5958230856538365,-0.23231148564138984,-0.17940997132829622,-0.7565931321504034,0.5843032330989728
set_cover_cw_tour,1272.0,-0.21312151335057672,-0.798103277490111,0.5635693204981114,-1.8317425720992677,-0.5987003150137749,-0.233882764603298,-0.17962311914847212,-0.7578233908653534,0.5820121096216383
set_cover_cw_tour,1274.0,-0.21755136863561056,-0.7949857016809041,0.5662765544570012,-1.8379111533522632,-0.6019812429077482,-0.23568146599744466,-0.1798515933748754,-0.7592292728012557,0.5793777371175821
set_cover_cw_tour,1276.0,-0.2224800133353607,-0.7914718299176453,0.5692758436058143,-1.8448215852632244,-0.6056247745605032,-0.23768786775234405,-0.18008659860811735,-0.7607948630671997,0.5764238638846104
set_cover_cw_tour,1278.0,-0.22785527471412353,-0.7875852005822606,0.5725308075630094,-1.8524159874653392,-0.6095893307459112,-0.2398819431554705,-0.18031929863580654,-0.7625041559864134,0.5731745074503
set_cover_cw_tour,1280.0,-0.2336250480107995,-0.7833500567210555,0.5760052305119033,-1.8606361690204272,-0.6138333370245124,-0.24224352219535122,-0.18054105470839416,-0.7643411879325753,0.5696538878555913
set_cover_cw_tour,1282.0,-0.2397377379815418,-0.7787914005080331,0.5796634984904863,-1.869423830155056,-0.6183156717115578,-0.24475244582082215,-0.1807436372918068,-0.7662901582098642,0.5658863589749753
set_cover_cw_tour,1284.0,-0.24614266237404311,-0.7739350092024784,0.5834709858169278,-1.878720758617908,-0.6229960698896744,-0.2473887127006213,-0.18091940912982485,-0.7683355377614239,0.5618963370954717
set_cover_cw_tour,1286.0,-0.25279041498344035,-0.7688074131183635,0.5873943884876244,-1.8884690214236863,-0.6278354812309909,-0.25013261767369793,-0.1810614782465529,-0.7704621655778389,0.5577082266597684
set_cover_cw_tour,1288.0,-0.25963318607907754,-0.7634358381805584,0.5914020034358827,-1.8986111518198951,-0.6327963799417256,-0.252964880794368,-0.18116382030464706,-0.7726553327662757,0.553346343662947
set_cover_cw_tour,1290.0,-0.266625038345131,-0.7578481172939087,0.5954639536038564,-1.9090903305261466,-0.6378430257902975,-0.2558667657097041,-0.18122137049692338,-0.7749008543341416,0.5488348376631078
set_cover_cw_tour,1292.0,-0.27372213702389747,-0.7520725759707354,0.5995523598284082,-1.9198505596692255,-0.642941675911542,-0.25882018606125506,-0.18123008587008102,-0.777185128838343,0.5441976137169922
set_cover_cw_tour,1294.0,-0.2808829336462573,-0.7461378984487471,0.6036414615355372,-1.9308368273806682,-0.6480607478642374,-0.2618077986717604,-0.1811869796387428,-0.7794951861509591,0.539458255782149
set_cover_cw_tour,1296.0,-0.2880683035250862,-0.7400729809054214,0.6077076891384068,-1.9419952607387565,-0.6531709352180806,-0.26481308244481117,-0.18109012962474086,-0.7818187236917761,0.5346399532428665
set_cover_cw_tour,1298.0,-0.29524163801485437,-0.7339067783763745,0.6117296918047356,-1.953273264617437,-0.6582452777176366,-0.2678204021508138,-0.18093866343187748,-0.7841441315746187,0.5297654322285942
set_cover_cw_tour,1300.0,-0.3023688933464623,-0.727668151668768,0.6156883248717606,-1.96461964403759,-0.6632591887744469,-0.2708150565723623,-0.18073272332617127,-0.7864605072044856,0.5248568933151941
set_cover_cw_tour,1302.0,-0.3094185985793309,-0.721385719991034,0.6195666016226348,-1.9759847077820758,-0.6681904436397924,-0.273783310811375,-0.18047341402780556,-0.7887576599430359,0.5199359570480739
set_cover_cw_tour,1304.0,-0.31636182583199907,-0.7150877242663986,0.6233496143896673,-1.987320351311204,-0.6730191320831483,-0.27671241289516924,-0.18016273673221794,-0.791026106528196,0.5150236185202908
set_cover_cw_tour,1306.0,-0.32317212642943544,-0.7088019052288614,0.6270244300208827,-1.998580117372732,-0.677727579728315,-0.27959059513749385,-0.17980351266914957,-0.7932570579872282,0.5101402119966083
set_cover_cw_tour,1308.0,-0.3298254369241783,-0.702555399480762,0.6305799646501639,-2.0097192331118596,-0.6823002423737483,-0.2824070609955251,-0.17939929939092325,-0.7954423988197605,0.5053053863138416
set_cover_cw_tour,1310.0,-0.3362999591055579,-0.6963746557772,0.6340068424684282,-2.020694622923837,-0.6867235776481079,-0.28515195840129876,-0.1789543027701861,-0.7975746592469043,0.5005380915246364
set_cover_cw_tour,1312.0,-0.34257601811320687,-0.6902853729405003,0.6372972428295088,-2.03146489672847,-0.6909858982367427,0.2878163407269173,0.1784732874013228,0.7996469813241144,-0.49585657699980507
set_cover_cw_tour,1314.0,-0.3486359026323935,-0.6843124600324705,0.6404447395677512,-2.041990313758762,-0.6950772106759593,0.2903921166624323,0.17796148775864312,0.8016530796990224,-0.491278400974555
set_cover_cw_tour,1316.0,-0.35446369088945856,-0.678480018746907,0.6434441358829989,-2.0522327223259462,-0.6989890433695765,0.29287199034282857,0.17742452208815834,0.8035871977617102,-0.486820451324614
set_cover_cw_tour,1318.0,-0.3600450658087813,-0.6728113474425709,0.6462912975889916,-2.0621554763355614,-0.7027142670584696,0.29524939305860975,0.17686831061681144,0.8054440598849468,-0.4824989771949075
set_cover_cw_tour,1320.0,-0.3653671222619566,-0.6673289658213953,0.6489829869463171,-2.071723329574174,-0.706246910490555,0.29751840782817657,0.17629899926960946,0.8072188203873301,-0.47832963097889775
set_cover_cw_tour,1322.0,-0.37041816885784723,-0.6620546589641947,0.6515166987298204,-2.080902308958607,-0.7095819735165114,0.29967368800631733,0.1757228897043553,0.8089070097748409,-0.4743275200615803
set_cover_cw_tour,1324.0,-0.3751875262090021,-0.6570095392571023,0.6538904996269174,-2.0896595680382752,-0.7127152392933527,0.3017103709593797,0.17514637611533132,0.810504478728013,-0.470507267692065
set_cover_cw_tour,1326.0,-0.3796653230823182,-0.6522141246629171,0.6561028715369138,-2.09796322206924,-0.7156430867282115,0.3036239876619998,0.1745758889275366,0.812007340204705,-0.46688308233975107
set_cover_cw_tour,1328.0,-0.38384229131258846,-0.64768843179662,0.6581525588469115,-2.105782165941987,-0.7183623037489588,0.30541036887018186,0.1740178452047007,0.8134119099242444,-0.46346883490725155
set_cover_cw_tour,1330.0,-0.3877095598354521,-0.643452082336559,0.6600384192976543,-2.1130858761520357,-0.7208699014531257,0.3070655483078169,0.17347860532688944,0.814714645389147,-0.4602781432185258
set_cover_cw_tour,1332.0,-0.3912584476860031,-0.6395244214249873,0.6617592776194183,-2.1198441978636855,-0.7231629286646551,0.3085856630740742,0.17296443525383817,0.815912083487138,-0.4573244632666532
set_cover_cw_tour,1334.0,-0.3944802553119778,-0.6359246468670027,0.6633137807071966,-2.126027117944111,-0.725238285918165,0.3099668512419263,0.17248147347245554,0.8170007765998509,-0.45462118678651203
set_cover_cw_tour,1336.0,-0.3973660530637505,-0.6326719481092941,0.6647002527065319,-2.1316045246503665,-0.7270925373881694,0.3112051463765407,0.17203570152331193,0.817977227026069,-0.45218174480719653
set_cover_cw_tour,1338.0,-0.3999064652421389,-0.6297856541538566,0.6659165479844581,-2.1365459544492595,-0.7287217187784851,0.3122963684583563,0.17163291680149598,0.8188378194070425,-0.45001971693099524
set_cover_cw_tour,1340.0,-0.40209144760159854,-0.6272853897215153,0.6669598995498737,-2.140820326254256,-0.7301211386745545,0.31323601045033783,0.17127870612030083,0.8195787507192673,-0.4481489461734307
set_cover_cw_tour,1342.0,-0.40391005571105776,-0.6251912391096923,0.6678267600478269,-2.1443956631906445,-0.7312851703259521,0.3140191195024163,0.17097841829828744,0.820195957275909,-0.4465836592749429
set_cover_cw_tour,1344.0,-0.4053502010560416,-0.6235239172706938,0.6685126319638514,-2.1472388018684856,-0.7322070302531151,0.3146401715384028,0.1707371337659104,0.8206850380513967,-0.44533859245102897
set_cover_cw_tour,1346.0,-0.4063983912112895,-0.6223049476502079,0.6690118831163971,-2.149315089073689,-0.7328785394447832,0.3150929377218308,0.17055962886939985,0.8210411735142017,-0.44442912257432204
set_cover_cw_tour,1348.0,-0.4070394498094951,-0.6215568462450157,0.6693175428634256,-2.150588065806865,-0.7332898622127648,0.3153703410482022,0.17045033215665253,0.8212590390202317,-0.44387140376734463
set_cover_cw_tour,1350.0,-0.40725621136579104,-0.621303311130989,0.669421073676092,-2.151019138739487,-0.7334292169796212,0.31546430106478274,0.1704132694390421,0.8213327116838778,-0.4436825093135999
set_cover_cw_tour,1352.0,-0.40703468971154094,-0.6208969411900278,0.6699326457132067,-2.151069660755141,-0.7341180613503938,0.3157514761256154,0.1705580972816286,0.8212352161880547,-0.4436030438001124
set_cover_cw_tour,1354.0,-0.40637206367863543,-0.6196953077652525,0.67144580674489,-2.1512108596257824,-0.7361580821844687,0.31660105265335875,0.1709881367733516,0.8209440230138078,-0.4433708849478814
set_cover_cw_tour,1356.0,-0.40527253567343535,-0.6177279677488114,0.673918637292179,-2.15142656893818,-0.7395000598452445,0.3179909181980957,0.1716944697057858,0.8204616242757287,-0.4429960587937712
set_cover_cw_tour,1358.0,-0.4037365526916513,-0.6150170789746844,0.6773114413547938,-2.151702224931602,-0.7441020178147801,0.31990174138085165,0.17266924913362444,0.819788757393913,-0.4424868354151037
set_cover_cw_tour,1360.0,-0.4017613215680559,-0.6115784479019482,0.6815861226240845,-2.152024514127073,-0.7499280628176698,0.3223164719309269,0.17390555150955944,0.8189246118771764,-0.4418500097747788
set_cover_cw_tour,1362.0,-0.3993412790485877,-0.6074224676024351,0.6867055327428246,-2.1523810790433746,-0.7569473015197045,0.3252198700592443,0.1753972244270703,0.817867014365767,-0.4410911431828511
set_cover_cw_tour,1364.0,-0.3964685359439832,-0.602554978808142,0.6926328013601101,-2.1527602674309736,-0.7651328129305187,0.3285980571660722,0.17713873157371804,0.8166125995528393,-0.44021477582504104
set_cover_cw_tour,1366.0,-0.3931333126723616,-0.5969780830219148,0.6993306563126879,-2.1531509137717424,-0.7744606579816494,0.3324380810049977,0.1791249957241343,0.8151569739890653,-0.4392246190294139
set_cover_cw_tour,1368.0,-0.3893243817967739,-0.5906909333597958,0.7067607423910109,-2.1535421441809737,-0.7849089103044667,0.3367274896550185,0.18135124027467237,0.8134948792397068,-0.4381237345913166
set_cover_cw_tour,1370.0,-0.38502953155168995,-0.5836905256703165,0.7148829485138081,-2.153923197573507,-0.7964566950246853,0.34145391000678393,0.18381282983391659,0.8116203603682529,-0.4369147074260995
set_cover_cw_tour,1372.0,-0.3802360626550058,-0.5759725093319655,0.7236547554949512,-2.154283257201803,-0.809083225485754,0.34660462797154906,0.18650511066653147,0.8095269452110706,-0.435599816966446
set_cover_cw_tour,1374.0,-0.37493132873634527,-0.5675320337177353,0.7330306197125807,-2.154611287570903,-0.8227668312897355,0.35216616929430794,0.18942325229593118,0.807207839318849,-0.4341812119799752
set_cover_cw_tour,1376.0,-0.3691033282947384,-0.5583646423881955,0.7429614116308121,-2.154895872379123,-0.8374839749714645,0.3581238817069833,0.19256209226722681,0.8046561407017517,-0.4326610927778847
set_cover_cw_tour,1378.0,-0.3627413530579653,-0.548467222405156,0.7533939319697562,-2.1551250495977206,-0.8532082590419976,0.3644615211846439,0.19591598691856169,0.8018650775527693,-0.4310419040497022
set_cover_cw_tour,1380.0,-0.35583669381172095,-0.537839010566595,0.7642705319779702,-2.1552861401496726,-0.8699094300428524,0.37116084722948156,0.19947867195960647,0.7988282708687094,-0.4293265407333129
set_cover_cw_tour,1382.0,-0.348383400115765,-0.5264826517515888,0.775528867243763,-2.1553655669355547,-0.8875523915627863,0.37820123432798897,0.20324313764691432,0.7955400222850639,-0.4275185683627123
set_cover_cw_tour,1384.0,-0.34037908483107515,-0.5144052969561644,0.7871018162048669,-2.1553486612469133,-0.906096243708917,0.38555930888667106,0.20720152428989175,0.7919956254598146,-0.42562245818952626
set_cover_cw_tour,1386.0,-0.3318257581743537,-0.5016197201896742,0.7989175943292579,-2.155219453982226,-0.9254933720074539,0.3932086228850516,0.21134504460334916,0.7881916969930508,-0.42364383602463107
set_cover_cw_tour,1388.0,-0.3227306693766691,-0.48814542458624455,0.8109000921810297,-2.1549604496415595,-0.9456886137311282,0.4011193769855443,0.2156639398985597,0.7841265202221928,-0.4215897421882966
set_cover_cw_tour,1390.0,-0.31310712741059427,-0.47400969949823085,0.8229694596680259,-2.1545523819690717,-0.9666185336956306,0.4092582066768092,0.2201474771025775,0.7798003924278746,-0.4194688982062734
set_cover_cw_tour,1392.0,-0.30297526630065735,-0.45924858283543285,0.8350429492988325,-2.1539739515466745,-0.9882108440419685,0.4175880449723569,0.22478399292170576,0.7752159632492762,-0.41729197397725754
set_cover_cw_tour,1394.0,-0.2923627160261738,-0.443907677529508,0.8470360181882217,-2.153201547919762,-1.0103840028096627,0.4260680740555885,0.22956098991337945,0.7703785497552981,-0.415071847102974
set_cover_cw_tour,1396.0,-0.2813051378182347,-0.4280427688479416,0.8588636722286325,-2.1522089623931886,-1.0330470236528777,0.43465377596964955,0.23446528659309177,0.7652964120469511,-0.41282384394098215
set_cover_cw_tour,1398.0,-0.2698465835590143,-0.4117201913874021,0.8704420172219681,-2.150967103097656,-1.0560995234696386,0.4432970890660426,0.2394832197768505,0.7599809729360465,-0.410565949691479
set_cover_cw_tour,1400.0,-0.2580396436410861,-0.3950169016988078,0.8816899623347514,-2.149443732177429,-1.079432025892066,0.4519466727358991,0.24460089194898646,0.7544469666439805,-0.4083189723517718
set_cover_cw_tour,1402.0,-0.24594535632201822,-0.3780202249104584,0.8925310029698026,-2.147603257217164,-1.1029265267863095,0.46054827849947544,0.24980444934908674,0.7487125050688073,-0.40610664241078415
set_cover_cw_tour,1404.0,-0.23363286411697007,-0.36082726103918483,0.9028949952765611,-2.145406626966776,-1.1264573138303384,0.46904522165293916,0.25508036745991225,0.7427990564042211,-0.40395562625870207
set_cover_cw_tour,1406.0,-0.22117881834766742,-0.3435439577827481,0.9127198252395391,-2.1428114071888684,-1.1498920169995717,0.477378945465422,0.2604157093583969,0.7367313401051951,-0.4018954257670618
set_cover_cw_tour,1408.0,-0.20866655029732162,-0.3262838796272144,0.9219528733522276,-2.139772148652505,-1.1730928518623285,0.48548967068929405,0.2657983085936188,0.7305371546317355,-0.39995812844014056
set_cover_cw_tour,1410.0,-0.19618504476787885,-0.30916672570928294,0.9305521822679407,-2.13624120873247,-1.1959180046181266,0.49331712828215685,0.27121681147554333,0.7242471702098525,-0.3981779609163553
set_cover_cw_tour,1412.0,-0.18382776725917205,-0.2923166684627709,0.9384872494196893,-2.1321702529814277,-1.2182230984052047,0.5008013839972579,0.27666049365680095,0.7178947380216415,-0.39659058253675783
set_cover_cw_tour,1414.0,-0.17169140764590654,-0.27586059925604967,0.9457393881607451,-2.1275127433924337,-1.2398626758577251,0.5078837806281901,0.28211874308281487,0.7115157894413349,-0.39523203507795684
set_cover_cw_tour,1416.0,-0.1598746096737069,-0.2599263741854882,0.952301627208767,-2.1222278102195093,-1.260691633945329,-0.38202954940870937,-0.4752724286746233,-0.5950238847126883,0.5235609979187957
set_cover_cw_tour,1418.0,-0.1484767560262389,-0.24464115201532327,0.9581781460983861,-2.116285987032771,-1.2805665537294642,-0.39043801345106344,-0.47610946258264203,-0.5895406327407698,0.522799942271676
set_cover_cw_tour,1420.0,-0.1375968730923506,-0.23012990706932068,0.9633832707637564,-2.109677326316807,-1.2993468788048221,-0.39830427179519856,-0.4769116579372732,-0.5842548305916663,0.5220682623216254
set_cover_cw_tour,1422.0,-0.12733270858596696,-0.21651418378593718,0.9679400753887973,-2.1024223348676427,-1.3168959097367876,-0.40558678964036937,-0.47766829309026226,-0.5792230624459103,0.5213760655958761
set_cover_cw_tour,1424.0,-0.11778002011967738,-0.20391113848871661,0.971878652127334,-2.0945858608882846,-1.333081594468972,-0.4122468679950792,-0.47836961675214157,-0.5745019754781073,0.5207326663158451
set_cover_cw_tour,1426.0,-0.10903209529965509,-0.1924328899198104,0.9752341180822567,-2.0862933749058707,-1.3477771021780254,-0.41824828431359945,-0.4790069675705115,-0.5701476761933969,0.520146445742834
set_cover_cw_tour,1428.0,-0.10117950550995293,-0.18218617544297355,0.9780444290226408,-2.0777478645692886,-1.3608611659048975,-0.4235567990710711,-0.47957284618116996,-0.5662151869745887,0.5196247542272133
set_cover_cw_tour,1430.0,-0.09431007765794426,-0.1732722863853748,0.9803480626914796,-2.069243779334424,-1.372218164815185,-0.4281395486688398,-0.480060946092608,-0.5627579647287475,0.5191738514569759
set_cover_cw_tour,1432.0,-0.08850905169455553,-0.16578723499731202,0.9821816229598661,-2.0611724152458333,-1.3817378930649677,-0.4319643482371485,-0.4804661528091466,-0.5598274750778632,0.5187988781838081
set_cover_cw_tour,1434.0,-0.08385937711667368,-0.15982208751339622,0.9835774017394178,-2.054011691227204,-1.3893149423598452,-0.43499892995927936,-0.4807845230704238,-0.5574728073496339,0.5185038499142944
set_cover_cw_tour,1436.0,-0.08044208881512871,-0.15546338269666435,0.9845609209122458,-2.0482939094511092,-1.3948476354509904,-0.43721014401055514,-0.4810132580639485,-0.5557403080344898,0.5182916607149929
set_cover_cw_tour,1438.0,-0.07833669106422234,-0.15279354244850615,0.9851484640495285,-2.0445493469556224,-1.3982365192351365,-0.438563150752396,-0.4811506860953021,-0.5546732036092344,0.5181640833462121
set_cover_cw_tour,1440.0,-0.07762146745188887,-0.15189116973880384,0.9853445997954184,-2.0432316794527945,-1.3993825726369682,-0.4390206351800925,-0.4811962716396256,-0.5543111778469456,0.5181217503252722
set_cover_cw_tour,1442.0,-0.07847623759856762,-0.15113856721316984,0.9853926190271182,-2.049712234444743,-1.3996643148847059,-0.4389937990444334,-0.48161569160353174,-0.5543324313086289,0.5177319051413115
set_cover_cw_tour,1444.0,-0.08100285976803337,-0.14890082037729102,0.9855288338756862,-2.0690255596250533,-1.4004660365744637,-0.43891819875787347,-0.48285672314349387,-0.554392293235705,0.5165746653825827
set_cover_cw_tour,1446.0,-0.08513530616384338,-0.14521349644789236,0.9857307036375434,-2.101064134487851,-1.4016611054072499,-0.4388022867840247,-0.48488668776200805,-0.5544840422528953,0.5146696999350058
set_cover_cw_tour,1448.0,-0.0908198502611725,-0.14009929095585236,0.9859634595015201,-2.1459427720056383,-1.40304948551127,-0.4386546073022571,-0.4876759063538854,-0.5546008794552192,0.5120275484404295
set_cover_cw_tour,1450.0,-0.09801266616870989,-0.13357012279900937,0.986180784423403,-2.2038432584147176,-1.4043561763193493,-0.4384837624909491,-0.49119684755968646,-0.5547359642494626,0.5086508202563189
set_cover_cw_tour,1452.0,-0.10667744374802844,-0.12562918598036307,0.9863251140599115,-2.2747940348736972,-1.4052296201092493,-0.43829835152691704,-0.4954232199092278,-0.5548824695814305,0.5045352645502323
set_cover_cw_tour,1454.0,-0.1167829710993802,-0.1162730318656473,0.986327693883717,-2.3583825411906267,-1.405245274038479,0.43810687669849974,0.5003290127108407,0.5550336607715659,-0.49967077064782905
set_cover_cw_tour,1456.0,-0.12830063712036827,-0.10549375487645013,0.9861085204968949,-2.4534378302252557,-1.403920556356698,0.43791761028726517,0.5058874894281269,0.5551830028020409,-0.4940423545002055
set_cover_cw_tour,1458.0,-0.1412018144470362,-0.09328134958528127,0.985576297105614,-2.5577849021598977,-1.4007462709275944,0.43773841592416385,0.5120701397263019,0.5553243009487373,-0.48763118440137293
set_cover_cw_tour,1460.0,-0.15545509758988751,-0.07962629709488643,0.9846285418594544,-2.6682215565293603,-1.3952343682045827,0.43757651914645534,0.5188456021816819,0.5554518790063382,-0.48041569613900825
set_cover_cw_tour,1462.0,-0.1710233934110143,-0.06452242161162938,0.9831520004635869,-2.7808311526686453,-1.386972920088968,0.4374382241443036,0.5261785786670046,0.555560797804775,-0.4723728435801224
set_cover_cw_tour,1464.0,-0.18786089225220634,-0.047970032177313396,0.9810235273300598,-2.8915863019354804,-1.3756717716976428,0.43732857750567455,0.5340287734094857,0.5556471140003008,-0.46347952400376885
set_cover_cw_tour,1466.0,-0.20590998849954498,-0.02997932765756135,0.9781116074095624,-2.99701418554456,-1.361183768668337,0.437250985424427,0.5423499041250075,0.5557081749851873,-0.45371420684787367
set_cover_cw_tour,1468.0,-0.22509826838048688,-0.010573994176445526,0.9742786871420634,-3.0946521470020767,-1.3434976695360301,0.43720679845932225,0.551088848380453,0.5557429400189892,-0.44305877848283987
set_cover_cw_tour,1470.0,-0.24533573743769524,0.010205136123354075,0.9693844599190797,3.1000200053315368,-1.3227114755455596,0.4371948873524684,0.5601850035889798,0.5557523103621456,-0.431500592993816
set_cover_cw_tour,1472.0,-0.2665125145643915,0.03229656432709991,0.963290201088556,3.020998504567482,-1.2989999859736596,0.43721124399752664,0.5695699510684009,0.5557394426546808,-0.41903468930380866
set_cover_cw_tour,1474.0,-0.28849726443253154,0.05561501006544254,0.9558641635035633,2.951153930199467,-1.2725870891496573,0.4372486521368522,0.5791675198176774,0.5557100108910276,-0.40566609913602625
set_cover_cw_tour,1476.0,-0.31113666315807614,0.08004902846105386,0.9469879248867429,2.889774688810425,-1.2437269414820264,0.5779392768135473,-0.07315473114154687,0.8063601657390115,0.10206792217536272
set_cover_cw_tour,1478.0,-0.33425617908589816,0.10545971500173229,0.936563428313667,2.8359718844260664,-1.2126933974910552,0.5632286478332936,-0.08674342198178289,0.8121598785250596,0.12508157624898486
set_cover_cw_tour,1480.0,-0.357662389113437,0.1316808416500538,0.9245202925604185,2.7888226435003682,-1.1797750305438053,0.5476367564007486,-0.09760928039982437,0.818109786603575,0.14581765490553122
set_cover_cw_tour,1482.0,-0.38114693446336495,0.15852069656390058,0.9108228165291399,2.747451193754292,-1.1452729681004559,0.5313619617744756,-0.10609289764885364,0.8242073551601881,0.1645630528019527
set_cover_cw_tour,1484.0,-0.40449205251142567,0.18576576499102945,0.8954759963351288,2.711067409392579,-1.1094994459038823,0.5145738057259437,-0.11251175551558663,0.830413831247116,0.18157029549187284
set_cover_cw_tour,1486.0,-0.42747742153983753,0.21318619790685556,0.8785298509986277,2.6789795758816766,-1.0727757979945698,0.4974244907872321,-0.11715438716882044,0.8366681303462066,0.1970537114472703
set_cover_cw_tour,1488.0,-0.44988785526745756,0.2405427918380653,0.8600814397355616,2.6505930828588538,-1.035429287694043,0.4800566064191714,-0.12027998994665699,0.8428977705820326,0.21119120956985885
set_cover_cw_tour,1490.0,-0.4715212242087963,0.2675949863268906,0.8402741566972944,2.6254023550915795,-0.9977886976691347,0.4626075248294214,-0.12212048526126475,0.8490272075640163,0.22412868149078594
set_cover_cw_tour,1492.0,-0.49219590008634395,0.29410921923269573,0.8192941859311146,2.60298022554844,-0.9601789488588311,0.44521117813412,-0.1228833394621866,0.8549839968828616,0.2359852894170672
set_cover_cw_tour,1494.0,-0.5117570427228852,0.3198669033716485,0.7973643416600467,2.582966989561861,-0.9229152296089693,0.42799797662571537,-0.12275430700866989,0.860703143640282,0.24685868557304397
set_cover_cw_tour,1496.0,-0.530081178179882,0.344671321713465,0.7747358417730017,2.5650602215697513,-0.8862972045486439,0.41109357403903396,-0.12189976183287249,0.8661299193279435,0.25682967954243996
set_cover_cw_tour,1498.0,-0.547078729141297,0.3683528779131915,0.7516788020519223,2.5490057921617697,-0.8506038546771246,0.39461708688028563,-0.12046856039323353,0.8712213785987063,0.26596614478438535
set_cover_cw_tour,1500.0,-0.5626944111037993,0.3907723550702937,0.7284723510369936,2.534590185694029,-0.8160893991051364,0.37867925326692475,-0.11859351433306745,0.8759467928533285,0.2743261154051955
set_cover_cw_tour,1502.0,-0.576905651284719,0.4118220830915129,0.7053952377170698,2.5216340555585597,-0.7829805953715119,0.3633808844734923,-0.11639259796405016,0.8802872194809706,0.28196011625210937
set_cover_cw_tour,1504.0,-0.5897193786108047,0.43142514614401434,0.6827176559643834,2.5099868861802705,-0.7514755429798068,0.34881183089379003,-0.11397001323075236,0.884234428977737,0.2889128195894388
set_cover_cw_tour,1506.0,-0.601167647030957,0.4495329387583616,0.6606947836441073,2.4995226124375582,-0.7217439545949893,0.33505056504426645,-0.11141720736507774,0.8877894060071035,0.2952241442498213
set_cover_cw_tour,1508.0,-0.6113025855277034,0.4661214822330965,0.6395622821336213,2.490136053117352,-0.6939287336339546,0.3221643872618893,-0.1088139026743622,0.8909606205375332,0.30092991678515396
set_cover_cw_tour,1510.0,-0.6201911288181946,0.4811869409188226,0.6195337695593349,2.48174003157714,-0.668148617066757,0.3102101905423811,-0.10622916408785306,0.8937622329827398,0.30606220491031283
set_cover_cw_tour,1512.0,-0.627909895364364,0.4947407439518074,0.6008000995152427,2.4742630769655864,-0.644501608729269,0.29923568032791764,-0.10372250358247383,0.8962123576099393,0.310649416443209
set_cover_cw_tour,1514.0,-0.634540468930682,0.5068046428049228,0.5835301597352147,2.46764761978315,-0.6230689340578411,0.28928092963616037,-0.10134500314437728,0.898331467111671,0.31471623612946614
set_cover_cw_tour,1516.0,-0.6401652279172884,0.5174059402206518,0.5678728501962295,2.461848614871722,-0.6039192804564101,0.28038015378542264,-0.09914042879898441,0.9001409830333233,0.3182834513521218
set_cover_cw_tour,1518.0,-0.6448637676810088,0.5265730295182323,0.5539598954042112,2.4568325428087356,-0.5871131362911169,0.27256360531351204,-0.09714630544089256,0.9016620648445233,0.3213676978446894
set_cover_cw_tour,1520.0,-0.6487098824190274,0.5343312969098658,0.5419091746727606,2.4525767574336332,-0.5727070951318043,0.265859512208175,-0.09539492323747994,0.9029145861209847,0.3239811392024504
set_cover_cw_tour,1522.0,-0.6517690163409526,0.5406993694643178,0.5318283004869486,2.4490691634902086,-0.5607580423375433,0.2602960062314683,-0.0939142488746513,0.903916269368345,0.3261310794289179
set_cover_cw_tour,1524.0,-0.6540960562458411,0.5456856392904025,0.5238182244594609,2.4463082250293864,-0.5513271831674307,0.25590300937366994,-0.0927287168050164,0.9046819403539653,0.3278194955620834
set_cover_cw_tour,1526.0,-0.6557333147382318,0.549284959115977,0.5179766921699958,2.4443033234679894,-0.5444839022017596,0.2527140630449152,-0.09185987524341395,0.905222856919433,0.3290424668188207
set_cover_cw_tour,1528.0,-0.6567085402796472,0.5514753833214509,0.51440139454927,2.443075505610482,-0.5403094611545705,0.250768095104072,-0.09132685743176165,0.9055460646767023,0.32978946668753917
set_cover_cw_tour,1530.0,-0.6570327829595314,0.5522148195890704,0.5131926686369008,2.442658688667681,-0.5389005445760866,0.25011112320209133,-0.09114663912238977,0.9056537316526988,0.33004247388907787
set_cover_cw_tour,1532.0,-0.6576959136091028,0.5515454117832667,0.513063099396862,2.443752775624156,-0.5387495863986351,0.2500925747021681,-0.09098492966640372,0.9058530230551484,0.3295538609609802
set_cover_cw_tour,1534.0,-0.6596587426129501,0.5495598209555729,0.5126737232251917,2.4469937782218905,-0.5382960150065751,0.2500341256746967,-0.09050512761178191,0.906442603358012,0.3281060266005715
set_cover_cw_tour,1536.0,-0.6628668205040095,0.5462979553765311,0.512021603280884,2.4523019394255425,-0.5375366570816795,0.24992894802104237,-0.08971753133299058,0.9074051877874176,0.32573318941902496
set_cover_cw_tour,1538.0,-0.6672653153691984,0.5417891221552064,0.5110983721550434,2.4596047278474944,-0.5364621923354864,0.24976671600273026,-0.08863112011014822,0.9087228302582805,0.32246539332556656
set_cover_cw_tour,1540.0,-0.6727982122202605,0.536053920577746,0.5098909293824013,2.4688347944606406,-0.5350579944559459,0.24953397729332474,-0.0872540213341842,0.9103767582002211,0.31832952748063487
set_cover_cw_tour,1542.0,-0.6794074124789377,0.5291060647958148,0.5083820807866476,2.479927928342263,-0.5333049168294411,0.24921448483752653,-0.08559399854974027,0.912347178245067,0.3133503379728469
set_cover_cw_tour,1544.0,-0.6870317817073875,0.5209541777284735,0.506551157960598,2.49282102521848,-0.5311800656465244,0.24878952072507743,-0.08365895464244284,0.9146130712830576,0.30755143232261584
set_cover_cw_tour,1546.0,-0.6956061923567987,0.5116035918232832,0.5043746524047295,2.5074500868045946,-0.5286575983305962,0.24823824066387548,-0.08145744299746592,0.9171519945781691,0.30095627538515374
set_cover_cw_tour,1548.0,-0.7050606101662829,0.501058183816136,0.501826894877929,2.5237482764109758,-0.5257095798548802,0.24753806479794443,-0.07899917656959872,0.9199399084638447,0.29358917110981314
set_cover_cw_tour,1550.0,-0.7153192767333674,0.48932225973404603,0.4988808058669114,2.54164406591984,-0.52230692293599,0.24666513706965165,-0.07629552090541192,0.9229510452112049,0.28547621930333583
set_cover_cw_tour,1552.0,-0.7263000454192748,0.4764024929982386,0.4955087372479143,2.561059519829836,-0.518420429820309,0.2455948705672299,-0.0733599527148256,0.9261578375456939,0.2766462304847622
set_cover_cw_tour,1554.0,-0.7379139317157873,0.4623099026673148,0.49168341773491414,2.581908772201606,-0.5140219430350034,0.24430258988748865,-0.0702084611946849,0.9295309235493826,0.26713157566332707
set_cover_cw_tour,1556.0,-0.7500649408946393,0.4470618409983934,0.48737900525550815,2.604096760385757,-0.5090855999179376,0.24276427319910066,-0.06685986569269296,0.9330392429082899,0.2569689421132306
set_cover_cw_tour,1558.0,-0.7626502335027973,0.4306839404544782,0.4825722378802289,2.6275182835944926,-0.5035891711936767,0.2409573864048231,-0.06333602130980076,0.9366502362974363,0.24619996179032627
set_cover_cw_tour,1560.0,-0.7755606814461481,0.4132119514761372,0.47724366161539394,2.6520574529386844,-0.4975154480262551,0.23886178994192636,-0.059661884545054375,0.9403301549219862,0.234871676842196
set_cover_cw_tour,1562.0,-0.7886818527353968,0.3946933857796506,0.47137889896309293,2.677587591046182,-0.4908536260928006,0.23646068615585802,-0.05586541484950655,0.9440444808330755,0.22303680757893396
set_cover_cw_tour,1564.0,-0.8018954408227152,0.3751888681335694,0.46496990786113684,2.703971622998366,-0.48360062103716783,0.23374156312431335,-0.051977295440383986,0.9477584508565782,0.2107537929832936
set_cover_cw_tour,1566.0,-0.8150811252104293,0.35477309519808387,0.4580161681090216,2.7310629762383885,-0.47576223929200656,0.23069708095833794,-0.04803046790982191,0.9514376683512054,0.1980865826654783
set_cover_cw_tour,1568.0,-0.828118815320248,0.3335353055533666,0.4505257236407389,2.7587069766959527,-0.4673541238833395,0.22732584077632417,-0.04405948938094356,0.9550487783645475,0.18510417190115763
set_cover_cw_tour,1570.0,-0.8408911925129628,0.3115791821742462,0.44251600602662394,2.7867426942738494,-0.4584023982962774,0.22363297637165327,-0.04009973686679693,0.9585601740943003,0.1718798871964784
set_cover_cw_tour,1572.0,-0.8532864298901517,0.2890221376477727,0.434014369018851,2.8150051567162513,-0.44894394382745445,0.21963051514916826,-0.03618649914016028,0.961942696954998,0.15849044725230352
set_cover_cw_tour,1574.0,-0.8652009410335345,0.26599397189033697,0.4250582766547298,2.843327820925604,-0.4390262669218904,0.2153374683494319,-0.032354009579645175,0.9651702899389762,0.145014841337327
set_cover_cw_tour,1576.0,-0.8765419919716465,0.24263493855981422,0.41569510810262517,2.8715451690405547,-0.42870694121271397,0.2107796299470574,-0.02863448197168764,0.9682205649685595,0.13153308182186838
set_cover_cw_tour,1578.0,-0.8872300091451043,0.21909330464776877,0.4059815694473065,2.8994952861290972,-0.41805264142173876,0.20598908682792308,-0.025057213521162698,0.9710752497222381,0.11812489803274419
set_cover_cw_tour,1580.0,-0.8972004317086034,0.19552253177777457,0.3959827330946448,2.9270222787318154,-0.4071378190420989,0.20100346702508007,-0.02164781468923566,0.9737204876007706,0.10486844324960604
set_cover_cw_tour,1582.0,-0.9064049883102702,0.172078241509525,0.38577075571542285,2.953978408375266,-0.3960430986041581,0.19586497471398168,-0.018427614395504933,0.9761469751952447,0.09183908495382673
set_cover_cw_tour,1584.0,-0.9148123230310717,0.14891514567387956,0.3754233517236527,2.980225839423439,-0.384853494579752,0.19061927741922738,-0.015413273119684934,0.9783499335755453,0.079108340651513
set_cover_cw_tour,1586.0,-0.9224079468427563,0.12618412386635952,0.3650221178030315,3.005637932740753,-0.3736565600327593,0.18531432040701473,-0.012616617806423954,0.9803289215240489,0.06674300885267431
set_cover_cw_tour,1588.0,-0.929193543062058,0.10402961385092815,0.35465081273529636,3.0301000514268397,-0.3625405780218128,0.17999914468605865,-0.010044693801595648,0.9820875091647695,0.05480452883894131
set_cover_cw_tour,1590.0,-0.9351857013241529,0.08258744955796912,0.3443936950850903,3.053509878263002,-0.35159289626186985,0.17472277886631438,-0.0077000127089281445,0.9836328382411594,0.043348585711145714
set_cover_cw_tour,1592.0,-0.9404141893899998,0.06198324038713495,0.3343340100932902,3.0757772731257726,-0.3408984868554974,0.16953326287343987,-0.005580962815568538,0.9849750999639794,0.0324249608247296
set_cover_cw_tour,1594.0,-0.9449198925901062,0.0423313404261874,0.3245526986565118,3.0968237202536923,-0.33053878911828577,0.16447684541863639,-0.0036823415145018643,0.9861269627466961,0.02207761368628696
set_cover_cw_tour,1596.0,-0.948752556236046,0.023734412640747313,0.31512737851885675,3.116581428937071,-0.3205908680146313,0.15959737961224818,-0.001995967008804862,0.987102980561665,0.0123449707525325
set_cover_cw_tour,1598.0,-0.9519684583879966,0.0062835557111357064,0.30613162391691273,3.1349921571084765,-0.3111268965317007,0.15493592438264842,-0.000511328868263032,0.9879190086929125,0.0032603898073561054
set_cover_cw_tour,1600.0,-0.954628121956087,-0.009941066981681413,0.2976345476551067,-3.1311794807182443,-0.3022139497469319,0.15053054507383232,0.0007837573763372734,0.9885916481047261,-0.005147234376966275
set_cover_cw_tour,1602.0,-0.956794149969314,-0.024869174430626393,0.28970067094785457,-3.115606315553471,-0.29391408274347747,0.14641629571838588,0.001902518741106447,0.9891377332844485,-0.012852757036885641
set_cover_cw_tour,1604.0,-0.9585292396854543,-0.03843897691801234,0.28239005244788845,-3.101512090919529,-0.28628465432632705,0.14262535832310425,0.0028586350047741646,0.9895738719512742,-0.019833994062692352
set_cover_cw_tour,1606.0,-0.9598944031781735,-0.05059553147169148,0.27575863892599156,-3.08893190994629,-0.2793788533517326,0.13918731082467975,0.0036657008154222744,0.9899160389783663,-0.026070882537944418
set_cover_cw_tour,1608.0,-0.9609473963687059,-0.06128892099319241,0.2698587956241111,-3.077899241443978,-0.27324638353746045,0.13612949456500195,0.004336742226735463,0.9901792215812306,-0.031544611665452936
set_cover_cw_tour,1610.0,-0.9617413364380345,-0.07047232252215636,0.2647399734545518,-3.0684476251092345,-0.2679342647184737,0.1334774533976971,0.00488378369233199,0.9903771084167201,-0.03623673847697142
set_cover_cw_tour,1612.0,-0.9623234695480647,-0.0781000166146009,0.26044947180168,-3.0606123773797895,-0.26348771241322916,0.1312554190157806,0.005317456264133797,0.9905218116896323,-0.040128296811097336
set_cover_cw_tour,1614.0,-0.9627340365191238,-0.08412537648500824,0.25703325846833525,-3.054432302042128,-0.25995106207942437,0.12948681997299966,0.005646633582723814,0.9906236085359285,-0.04319890269113418
set_cover_cw_tour,1616.0,-0.9630051728105249,-0.0884988640203384,0.2545368111045644,-3.049951417952651,-0.25736870848592014,0.12819479443220722,0.005878078990385731,0.9906906856292963,-0.04542585469995779
set_cover_cw_tour,1618.0,-0.9631597698689088,-0.09116605135005044,0.253005946150107,-3.047220722903573,-0.2557860332433103,0.12740268827153403,0.006016084464381102,0.9907288688951038,-0.04678322441572394
set_cover_cw_tour,1620.0,-0.9632102166750384,-0.09206568252627441,0.2524876008714027,-3.046300017683888,-0.2552502938179438,0.12713452022372013,0.006062079788279238,0.990741318168451,-0.04724092960521934
set_cover_cw_tour,1622.0,-0.9632288202876463,-0.09281906641539116,0.2521405573822748,-3.045526841001539,-0.2548916464311166,0.12695450504694186,0.006102687859191702,0.9907457632231977,-0.047625030230571325
set_cover_cw_tour,1624.0,-0.9632800305473447,-0.09505359448038364,0.2511103281927393,-3.0432340617331612,-0.2538271672383434,0.1264201228920732,0.006222269844513046,0.9907579414931048,-0.04876409800540472
set_cover_cw_tour,1626.0,-0.9633513069085765,-0.0987203307236685,0.24941643045185924,-3.039473181066641,-0.25207759395689877,0.12554153045810099,0.0064156938490378245,0.9907746930189143,-0.05063270362077709
set_cover_cw_tour,1628.0,-0.9634236638621304,-0.1037773456839263,0.2470730791350356,-3.0342891436781243,-0.24965851846497072,0.12432617099892866,0.006676724832285062,0.9907912258778735,-0.05320875185230277
set_cover_cw_tour,1630.0,-0.9634721619083929,-0.11018819505342554,0.2440900548945734,-3.0277216652026384,-0.24658125447344711,0.12277924355136258,0.006998060298205663,0.9908012455110556,-0.056472793438599844
set_cover_cw_tour,1632.0,-0.9634662732742516,-0.11792041985833375,0.24047352212553325,-3.019806502350782,-0.2428536589546701,0.1209041524563504,0.007371338844112155,0.9907970528825624,-0.060407361154794365
set_cover_cw_tour,1634.0,-0.9633701762471147,-0.12694405182929128,0.23622682155666708,-3.010576681719772,-0.23848092917424563,0.1187029485557973,0.007787133237592642,0.9907696244231035,-0.06499632205442399
set_cover_cw_tour,1636.0,-0.96314302766132,-0.137230110758987,0.23135125884347793,-3.000063700030934,-0.23346639440349412,0.11617677202386802,0.008234938867917051,0.9907086855440916,-0.0702242394864779
set_cover_cw_tour,1638.0,-0.9627392605789848,-0.14874908590118258,0.22584690740276275,-2.9882987045409912,-0.22781231816367647,0.11332630496651433,0.008703168092519422,0.9906027887880419,-0.07607574063487105
set_cover_cw_tour,1640.0,-0.9621089527534908,-0.16146940070179505,0.21971343989065464,-2.975313657766152,-0.22152072302424344,0.11015223962942042,0.009179160974672605,0.9904394072231509,-0.08253488794368917
set_cover_cw_tour,1642.0,-0.9611983101983413,-0.17535586929339012,0.2129509980634336,-2.961142485469718,-0.21459424537976898,0.1066557652113577,0.009649222980719671,0.9902050533071618,-0.08958455585651491
set_cover_cw_tour,1644.0,-0.959950308188294,-0.19036816408094334,0.20556110506039468,-2.945822201177001,-0.20703702211922104,0.1028390728219352,0.010098700151535493,0.9898854329413058,-0.09720581776302163
set_cover_cw_tour,1646.0,-0.9583055283117906,-0.20645932606676287,0.1975476172650985,-2.9293939944476475,-0.19885560460134674,0.09870587403404943,0.01051210184144881,0.9894656436030361,-0.10537735181375088
set_cover_cw_tour,1648.0,-0.9562032237737659,-0.2235743626879339,0.18891770481704892,-2.9119042640058255,-0.1900598879079717,0.094261923830958,0.010873280076121372,0.9889304240780892,-0.11407487816694671
set_cover_cw_tour,1650.0,-0.9535826350923884,-0.2416489908832034,0.17968284073718965,-2.8934055709708564,-0.18066403518674679,0.08951553372484795,0.011165672676325551,0.9882644612146485,-0.12327064401454794
set_cover_cw_tour,1652.0,-0.9503845639455488,-0.26060859446930296,0.16985976893532895,-2.873957482333219,-0.17068736846557855,0.08447805576563026,0.011372614329039866,0.987452756143856,-0.1329329760491528
set_cover_cw_tour,1654.0,-0.946553193932284,-0.2803674729083295,0.1594714118316803,-2.8536272710748816,-0.16015518932581918,0.07916431356407712,0.011477715653866717,0.9864810484796508,-0.14302592244689963
set_cover_cw_tour,1656.0,-0.9420381238005343,-0.30082846115501355,0.1485476700102554,-2.832490437589137,-0.14909948620869584,0.07359295296679313,0.011465305049820107,0.9853362921766262,-0.15350900746653348
set_cover_cw_tour,1658.0,-0.93679655248897,-0.3218829954540725,0.13712606055120932,-2.810631017949551,-0.13755948102960966,0.06778668337850977,0.011320921949708204,0.9840071711988149,-0.16433712091933658
set_cover_cw_tour,1660.0,-0.9307955283401009,-0.34341168605854905,0.1252521389058754,-2.7881416486324904,-0.12558196736911154,0.0617723816602784,0.01103184352060158,0.9824846373346443,-0.17546056164838406
set_cover_cw_tour,1662.0,-0.9240141501893206,-0.3652854340394474,0.11297965271906393,-2.7651233648057025,-0.11322139683277381,0.05558103462547235,0.010587620519710971,0.9807624469699026,-0.1868252485487488
set_cover_cw_tour,1664.0,-0.9164455894892198,-0.3873670961242863,0.10037038580176104,-2.741685120207908,-0.10053967987089586,0.0492475036869971,0.009980592808370842,0.9788376691320188,-0.19837310461851757
set_cover_cw_tour,1666.0,-0.908098794073442,-0.40951366092575353,0.08749366672820987,-2.717943030487098,-0.087605682435146,0.04281010599816242,0.009206351865990477,0.9767111344312814,-0.21004260945747422
set_cover_cw_tour,1668.0,-0.8989997388576655,-0.4315788557734226,0.07442553851435775,-2.6940193577102955,-0.07449441951789502,0.03631001974099258,0.008264117352167996,0.974387794357679,-0.22176950430024386
set_cover_cw_tour,1670.0,-0.8891921085356209,-0.45341606078771834,0.061247611689963524,-2.6700412702721366,-0.06128596919626732,0.029790535762433543,0.007156997873007408,0.9718769632259303,-0.23348762217979924
set_cover_cw_tour,1672.0,-0.8787373318456513,-0.4748813716460041,0.048045650004922474,-2.6461394280101014,-0.04806415387152712,0.023296191832953686,0.005892112699335342,0.9691924210035714,-0.24512980545673466
set_cover_cw_tour,1674.0,-0.8677139334808218,-0.49583663014011775,0.03490796262361768,-2.622446455313405,-0.0349150561226103,0.016871837529086966,0.004480560794688468,0.9663523639518745,-0.2566288650132349
set_cover_cw_tour,1676.0,-0.8562162231271638,-0.5161522360960846,0.02192369555677808,-2.59909537390784,-0.021925452201715902,0.010561685417117264,0.002937235140294968,0.963379200633537,-0.26791853097083057
set_cover_cw_tour,1678.0,-0.8443523948236143,-0.5357095671072442,0.009181125497268341,-2.576218070752308,-0.00918125448636319,0.004408406646658557,0.001280492595885079,0.9602992022023756,-0.2789343444953141
set_cover_cw_tour,1680.0,-0.832242156842878,-0.5544028625495311,-0.003233940382968959,-2.553943874641399,0.0032339460199532176,-0.0015476741726054698,-0.00046829914769252004,0.9571420266174436,-0.28961444418954063
set_cover_cw_tour,1682.0,-0.8200140465300749,-0.5721404715272448,-0.015239564756053307,-2.5323983079026133,0.015240154701471642,-0.007269238392503086,-0.0022853070170932373,0.9539401452066452,-0.29990020824960345
set_cover_cw_tour,1684.0,-0.8078026020094174,-0.5888454148184751,-0.026758804795295816,-2.5117020678783475,0.026761999192059384,-0.012722453070438842,-0.004144834360552818,0.950728205825846,-0.309736723982097
set_cover_cw_tour,1686.0,-0.7957455621043393,-0.604455261844379,-0.037720509274029396,-2.491970278051677,0.037729460027749115,-0.017877251728359876,-0.006019941423934786,0.9475423691621511,-0.3190730681497127
set_cover_cw_tour,1688.0,-0.783981248692069,-0.6189213689367027,-0.048059762512337775,-2.473312032331455,0.048078282700545066,-0.022707411768011318,-0.007883048966784524,0.9444196534830381,-0.3278623935506534
set_cover_cw_tour,1690.0,-0.7726462557091868,-0.632207559988031,-0.05771797495195245,-2.455830239783577,0.05775006969235059,-0.027190437639704558,-0.009706494798003342,0.9413973187838012,-0.33606182801140616
set_cover_cw_tour,1692.0,-0.7618735310860956,-0.6442883523061754,-0.06664264185187727,-2.439621762388479,0.06669207004770163,-0.03130726949759519,-0.011463020513001104,0.9385123146255282,-0.3436322006645436
set_cover_cw_tour,1694.0,-0.7517908971820361,-0.6551468387191158,-0.07478680786460963,-2.4247778262437887,0.07485669851418941,-0.03504184415805886,-0.013126174314019436,0.9358008079387921,-0.3505376164792936
set_cover_cw_tour,1696.0,-0.7425200163028953,-0.6647723331066754,-0.08210828536423957,-2.4113846775760974,0.08220082559132494,-0.038380538583156036,-0.014670624477666039,0.9332977986306853,-0.35674490340664883
set_cover_cw_tour,1698.0,-0.7341757738186242,-0.6731578732406629,-0.08856867861683358,-2.3995244490738004,0.08868488414006288,-0.04131152622047327,-0.016072386008829823,0.9310368227504728,-0.3622229574337097
set_cover_cw_tour,1700.0,-0.7268660239468486,-0.6802976553525653,-0.09413226520965903,-2.389276199098683,0.09427183829940215,-0.04382407407417136,-0.01730896979929894,0.9290497357719399,-0.36694200980279873
set_cover_cw_tour,1702.0,-0.7206916226817668,-0.6861844524807038,-0.09876478203326744,-2.380717085666185,0.09892605751342076,-0.04590780426700058,-0.018359469012335632,0.927366562497521,-0.37087283827007256
set_cover_cw_tour,1704.0,-0.7157466577055971,-0.6908070462599087,-0.10243215716232369,-2.373923637890111,0.10261213385384765,-0.0475519390194943,-0.019204601526244914,0.9260153951922272,-0.373985941236683
set_cover_cw_tour,1706.0,-0.712118774714073,-0.6941476817385923,-0.10509922281665565,-2.3689730889424565,0.1052936759132111,-0.04874454330011737,-0.01982673036934885,0.9250223176334168,-0.37625069055275684
set_cover_cw_tour,1708.0,-0.7098894912889722,-0.696179538852545,-0.10672843969880844,-2.365944735510183,0.10693210865742515,-0.04947177567067961,-0.020209886557693242,0.9244113295118204,-0.3776344764021207
set_cover_cw_tour,1710.0,-0.7091343810352578,-0.6968642038285963,-0.10727866076754712,-2.364921288249273,0.1074855069933272,-0.0497171557621824,-0.020339821033546757,0.9242042426855399,-0.37810185652187694
set_cover_cw_tour,1712.0,-0.7084156571246053,-0.6973621148652359,-0.1087811449259439,-2.3640572652981247,0.10899683613441445,-0.050406614731437586,-0.02064731153814764,0.9240029854327038,-0.37848559368754553
set_cover_cw_tour,1714.0,-0.706281170074687,-0.698819944126655,-0.11321481567688002,-2.361504539231073,0.11345807835762249,-0.052440114476935105,-0.02155846759254594,0.9234044712434549,-0.3796175040172706
set_cover_cw_tour,1716.0,-0.7027655986931134,-0.7011545780139972,-0.1204274512871691,-2.3573420055559096,0.1207204561916893,-0.05574495909097588,-0.023052855286406528,0.9224160477841334,-0.38145733731229864
set_cover_cw_tour,1718.0,-0.6978885743639416,-0.7042618991933627,-0.13025634386402418,-2.351649128579647,0.13062752190561036,-0.06024223421787796,-0.025113703504547454,0.9210394069084431,-0.38396169865556584
set_cover_cw_tour,1720.0,-0.6916598350082267,-0.7080202896307481,-0.14252698729568455,-2.3445063127951347,0.14301399997527803,-0.06584665708354291,-0.027726514847134676,0.91927208044112,-0.3870843580497783
set_cover_cw_tour,1722.0,-0.6840846186034104,-0.71229420530594,-0.15705158285673526,-2.335995279537502,0.1577044739066069,-0.07246634764311503,-0.030877628066362385,0.9171089801036192,-0.39077655911986586
set_cover_cw_tour,1724.0,-0.6751691008706998,-0.7169379826690758,-0.17362780375229828,-2.326199416543789,0.17451223702205984,-0.08000269625644187,-0.034552799580065206,0.9145439598381971,-0.3949873645527786
set_cover_cw_tour,1726.0,-0.6649256533791251,-0.7217999737394533,-0.192038208146369,-2.315204072191353,0.19323859005358837,-0.08835047992217651,-0.038735872274117095,0.9115713679623367,-0.3996640664457571
set_cover_cw_tour,1728.0,-0.6533776640418754,-0.7267270218183248,-0.21205061634018005,-2.303096770412825,0.21367281906410365,-0.0973983473451653,-0.04340760033136739,0.908187542446168,-0.40475267746303145
set_cover_cw_tour,1730.0,-0.6405636380626286,-0.7315691934494041,-0.23341966666876685,-2.2899673268088003,0.23559302172537938,-0.107029751793372,-0.04854469628468816,0.904392188983265,-0.41019850462883806
set_cover_cw_tour,1732.0,-0.6265402989792745,-0.7361845879679246,-0.2558896367449419,-2.2759078514581894,0.25876786770140325,-0.1171243604621521,-0.05411915848085152,0.9001895723540468,-0.41594679310783805
set_cover_cw_tour,1734.0,-0.6113844475694226,-0.7404439693005004,-0.27919846990403024,-2.261012629420236,0.2829592835642377,-0.12755991305395623,-0.06009792233668321,0.8955894503150009,-0.42194341421209053
set_cover_cw_tour,1736.0,-0.5951934148292891,-0.7442349207084962,-0.30308279684249384,-2.2453778758808145,0.3079259526823339,-0.13821444614662032,-0.06644285735406413,0.8906076881103554,-0.42813556201481145
set_cover_cw_tour,1738.0,-0.5780840585477653,-0.7474652229353997,-0.32728361058121613,-2.2291013691528523,0.3334274278145638,-0.14896875098050533,-0.07311110567590288,0.8852665110014778,-0.43447241794782043
set_cover_cw_tour,1740.0,-0.5601903865063644,-0.750065203253447,-0.35155216075884843,-2.21228197102628,0.3592285818769031,-0.15970889799693058,-0.08005573025049136,0.8795943799884369,-0.4409057434956181
set_cover_cw_tour,1742.0,-0.5416600219087272,-0.7519888913340352,-0.3756555975571849,-2.1950190499279825,0.38510408179457045,-0.1703286475407126,-0.08722661540373165,0.8736255081667277,-0.4473903674338419
set_cover_cw_tour,1744.0,-0.5226498356017971,-0.753213933032696,-0.39938192301458986,-2.1774118276087977,0.41084256795057006,-0.18073157501345166,-0.09457154359547354,0.8673990667177756,-0.4538845447823252
set_cover_cw_tour,1746.0,-0.5033211364749648,-0.7537403348750679,-0.42254389258391867,-2.1595586742442694,0.4362502572829041,-0.19083276874512262,-0.10203736207084409,0.8609581551847372,-0.4603501777295065
set_cover_cw_tour,1748.0,-0.48383482636236086,-0.7535882194075598,-0.4449816359907985,-2.1415563796002655,0.46115375464961983,-0.20056000447749384,-0.1095711530271438,0.8543486265017828,-0.4667529018900763
set_cover_cw_tour,1750.0,-0.4643468898436885,-0.7527948481074632,-0.4665639104724608,-2.123499429061124,0.4854019427627765,-0.20985435371908373,-0.11712132998709847,0.8476178614115547,-0.4730620522757046
set_cover_cw_tour,1752.0,-0.4450045132048023,-0.7514112054342111,-0.487188037184066,-2.1054793127714424,0.5088669117718473,-0.21867023587152506,-0.12463859900156858,0.8408135799577261,-0.4792505308724138
set_cover_cw_tour,1754.0,-0.42594302721247734,-0.7494984347270031,-0.5067786833627113,-2.0875838939787332,0.5314439724314506,-0.22697496873221962,-0.1320767429905785,0.8339827621523357,-0.48529460120917206
set_cover_cw_tour,1756.0,-0.4072837634750017,-0.7471243811335218,-0.5252857271290462,-2.069896859101603,0.553050862101367,-0.2347479040392086,-0.13939320780852152,0.8271707292659426,-0.49117363509424805
set_cover_cw_tour,1758.0,-0.38913281957146184,-0.7443604399880138,-0.5426814757417234,-2.0524972674214594,0.5736262955752132,-0.24197925236136036,-0.1465494868873112,0.8204204152011313,-0.4968698336998396
set_cover_cw_tour,1760.0,-0.3715806542406484,-0.7412788434175147,-0.5589575061627525,-2.035459213013843,0.5931280324012946,0.24866870567734817,0.15351131587611447,-0.8137718371990444,0.5023679405539613
set_cover_cw_tour,1762.0,-0.35470238526064785,-0.737950454125738,-0.5741213679580512,-2.0188516060327246,0.6115306319135773,0.25482395906349564,0.16024869882885776,-0.8072617587585714,0.5076549588617078
set_cover_cw_tour,1764.0,-0.3385586386847277,-0.7344430807600815,-0.5881933434641916,-2.0027380751499297,0.6288230516361824,0.2604592185134695,0.16673579326965443,-0.8009235260529578,0.5127198807818836
set_cover_cw_tour,1766.0,-0.32319679483944197,-0.7308202879153446,-0.601203408653714,-1.9871769881828452,0.6450062196880879,0.26559376355995257,0.17295068351323703,-0.7947870522926408,0.5175534323510367
set_cover_cw_tour,1768.0,-0.3086524882810673,-0.7271406464949336,-0.6131884878997939,-1.972221583978499,0.6600906824706967,0.27025061404144013,0.17887507082059567,-0.7888789217487436,0.5221478348798269
set_cover_cw_tour,1770.0,-0.29495123990523514,-0.7234573554985209,-0.6241900518699823,-1.957920205621585,0.6740943993642001,0.2744553322283108,0.18449390626008322,-0.7832225855435435,0.5264965818111549
set_cover_cw_tour,1772.0,-0.28211012455813483,-0.7198181618105892,-0.634252072562178,-1.9443166230587359,0.6870407291833754,0.2782349759185076,0.18979498834804492,-0.7778386238012567,0.5305942290456617
set_cover_cw_tour,1774.0,-0.2701394030030837,-0.7162655073309685,-0.6434193235775936,-1.9314504322550123,0.6989566303167365,0.28161720563309534,0.19476854331143903,-0.7727450524188957,0.5344361963694685
set_cover_cw_tour,1776.0,-0.2590440704727011,-0.7128368401017207,-0.6517359963564451,-1.9193575179273492,0.7098710783710748,0.28462953974064586,0.19940680160731428,-0.7679576568464512,0.5380185776259753
set_cover_cw_tour,1778.0,-0.24882529395579872,-0.7095650357100896,-0.6592445928375521,-1.9080705675952523,0.7198136916421143,0.28729874492088936,0.20370358043738454,-0.7634903393592414,0.5413379574618635
set_cover_cw_tour,1780.0,-0.23948172637732187,-0.7064788855303691,-0.6659850501558614,-1.8976196259910103,0.7288135452791421,0.2896503453595209,0.2076538785598348,-0.7593554700584689,0.544391232703512
set_cover_cw_tour,1782.0,-0.23101069806594107,-0.7036036182055252,-0.671994051928423,-1.8880326806169339,0.7368981488454587,0.2917082318992463,0.21125348677503467,-0.7555642350974276,0.5471754365916338
set_cover_cw_tour,1784.0,-0.22340929484587435,-0.7009614295154262,-0.6773044819784966,-1.8793362712747816,0.7440925582797395,0.293494351521911,0.21449861503143916,-0.7521269783570668,0.5496875641687702
set_cover_cw_tour,1786.0,-0.21667533837262598,-0.6985720031247873,-0.6819449788592408,-1.8715561185936413,0.7504185912561845,0.29502845752330004,0.21738553510787795,-0.7490535350107993,0.5519243970555291
set_cover_cw_tour,1788.0,-0.21080828862511702,-0.6964530105694118,-0.6859395523774322,-1.864717768845427,0.755894113928114,0.29632790115792673,0.21991023620372135,-0.7463535571867947,0.553882325663836
set_cover_cw_tour,1790.0,-0.20581009139886303,-0.6946205832755455,-0.6893072258204845,-1.8588472545883121,0.7605323664214161,0.2974074460377562,0.22206808942650444,-0.7440368333341392,0.5555571665831229
set_cover_cw_tour,1792.0,-0.20168599577337035,-0.6930897525247528,-0.6920616692564913,-1.8539717728706737,0.7643412937084432,0.29827908688555294,0.22385351602494372,-0.7421136040054485,0.556943972442503
set_cover_cw_tour,1794.0,-0.19844536832721874,-0.6918748551902758,-0.6942107897064906,-1.8501203848362862,0.767322847190209,0.2989518541284225,0.22525965319569485,-0.7405948776529343,0.5580368309973538
set_cover_cw_tour,1796.0,-0.19610253274617262,-0.6909899038570075,-0.6957562428165626,-1.847324742586576,0.7694722200273674,0.29943158504486517,0.22627801032311756,-0.7394927507537159,0.5588286495021827
set_cover_cw_tour,1798.0,-0.19467766574936043,-0.6904489195988177,-0.6966928274951636,-1.845619851077882,0.7707769755665026,0.29972064051649017,0.22689810752946554,-0.7388207371712217,0.5593109195909775
set_cover_cw_tour,1800.0,-0.1941977832305497,-0.6902662241159793,-0.6970077193496562,-1.8450448746616483,0.7712160226415083,0.2998175436163181,0.22710708736526494,-0.7385941121372014,0.5594734568543912
set_cover_cw_tour,1802.0,-0.19382959516278986,-0.6902713790436852,-0.6971050934487267,-1.844548584563548,0.7713518272252131,0.29981132100019414,0.2272194800614442,-0.7384349026569652,0.5596412906663729
set_cover_cw_tour,1804.0,-0.19274051096211994,-0.6902875690031756,-0.6973909717753357,-1.8430794609196195,0.7717506363609409,0.2997914926949528,0.2275513473295341,-0.7379638472239501,0.5601382020775518
set_cover_cw_tour,1806.0,-0.19096142745173336,-0.6903150259356903,-0.6978530634689539,-1.8406767406009323,0.7723955961054232,0.2997556510301827,0.22809224779930473,-0.7371937602962516,0.560950832025058
set_cover_cw_tour,1808.0,-0.18852254805735488,-0.6903529064393852,-0.6984784273294742,-1.8373779703844493,0.7732690873018998,0.29970056454731386,0.22883185153343663,-0.7361367113196139,0.5620660971641538
set_cover_cw_tour,1810.0,-0.1854535757596027,-0.6903994456131077,-0.6992535854288421,-1.8332194236111135,0.7743528418080493,0.2996223306930303,0.22975988171381437,-0.7348041811494103,0.5634710916012241
set_cover_cw_tour,1812.0,-0.18178390030809746,-0.6904521014483441,-0.7001646300652022,-1.828236498547783,0.7756280508656206,0.29951652030265213,0.23086605665894272,-0.7332072108461555,0.5651529915976224
set_cover_cw_tour,1814.0,-0.1775427770213353,-0.690507691382626,-0.7011973263418712,-1.8224640974208106,0.7770754695451118,0.29937831589161684,0.23214003420779594,-0.7313565430271824,0.5670989644349843
set_cover_cw_tour,1816.0,-0.1727594947989811,-0.690562522351314,-0.7023372122282798,-1.815936984909106,0.7786755205314498,0.29920264535240026,0.23357136028996067,-0.729262755837557,0.5692960825569022
set_cover_cw_tour,1818.0,-0.16746353122322702,-0.6906125153866653,-0.7035696975435698,-1.808690124614074,0.7804083998768545,0.29898431222040206,0.23514942333218405,-0.7269363894579463,0.5717312440600739
set_cover_cw_tour,1820.0,-0.16168469284732023,-0.690653325520924,-0.704880162897039,-1.8007589917104658,0.7822541867253001,0.2987181232325227,0.2368634160050887,-0.7243880649086237,0.5743911005828515
set_cover_cw_tour,1822.0,-0.1554532389828481,-0.6906804574605688,-0.7062540592250077,-1.7921798596689296,0.7841929584021939,0.298399013463711,0.23870230567136141,-0.7216285947484342,0.5772619936150829
set_cover_cw_tour,1824.0,-0.1487999875198188,-0.6906893772182852,-0.7076770081837612,-1.782990058667422,0.7862049116594116,0.29802216889817773,0.24065481474138542,-0.7186690851161603,0.5803299002165206
set_cover_cw_tour,1826.0,-0.14175640155818933,-0.6906756196241074,-0.709134903297059,-1.7732282031113251,0.78827049026985,0.297583145883454,0.2427094119602025,-0.7155210284296525,0.5835803890699311
set_cover_cw_tour,1828.0,-0.1343546559056218,-0.6906348913940089,-0.7106140114194679,-1.7629343855944621,0.7903705185814314,0.29707798653910683,0.2448543154302677,-0.7121963859554371,0.5869985876993737
set_cover_cw_tour,1830.0,-0.12662768280924522,-0.6905631692194463,-0.712101073769697,-1.7521503346844423,0.7924863400763082,0.2965033288613471,0.24707750791082334,-0.7087076593978645,0.5905691615463148
set_cover_cw_tour,1832.0,-0.11860919664035893,-0.6904567921612405,-0.7135834055180502,-1.7409195341292054,0.7945999594488184,0.2958565099946378,0.24936676462423407,-0.7050679506409445,0.5942763054115597
set_cover_cw_tour,1834.0,-0.11033369763759447,-0.6903125474913838,-0.7150489926862156,-1.7292873014731642,0.7966941862304996,0.2951356609463972,0.2517096934443379,-0.7012910088151385,0.5981037475379468
set_cover_cw_tour,1836.0,-0.10183645522945758,-0.690127749031667,-0.7164865849426514,-1.7173008246470887,0.798752777569113,0.2943397909145064,0.2540937869487337,-0.6973912639607556,0.6020347663297161
set_cover_cw_tour,1838.0,-0.09315347189130109,-0.689900306991873,-0.7178857827587312,-1.7050091558508078,0.8007605774288459,0.2934688593904571,0.25650648539782944,-0.6933838467216435,0.6060522193857668
set_cover_cw_tour,1840.0,-0.08432142893158359,-0.6896287883144493,-0.719237117333971,-1.6924631629642184,0.8027036492374772,0.29252383430054596,0.25893524927481504,-0.6892845937265545,0.6101385841760173
set_cover_cw_tour,1842.0,-0.0753776160325055,-0.6893124665867616,-0.7205321217054317,-1.6797154397693554,0.8045693988777483,0.2915067346550735,0.2613676396025406,-0.6851100385958807,0.6142760093268204
set_cover_cw_tour,1844.0,-0.06635984677425916,-0.6889513606837844,-0.7217633915266547,-1.666820177401342,0.8063466849148135,0.290420656486298,0.2637914038680382,-0.6808773888391796,0.6184463751198952
set_cover_cw_tour,1846.0,-0.05730636273342844,-0.6885462614486167,-0.722924634132354,-1.6538330006153588,0.8080259130742778,0.2892697812582676,0.26619456505626493,-0.6766044892706671,0.6226313614684694
set_cover_cw_tour,1848.0,-0.048255729048631464,-0.6880987458985272,-0.7240107046907935,-1.6408107735992208,0.8095991122342194,0.2880593664071741,0.26856551104348747,-0.6723097729486507,0.6268125213337571
set_cover_cw_tour,1850.0,-0.0392467245763531,-0.6876111786514325,-0.7250176284778294,-1.6278113811122592,0.8110599895606767,0.28679571819500305,0.2708930814461926,-0.6680122010208818,0.6309713573030363
set_cover_cw_tour,1852.0,-0.030318229905991347,-0.6870867004913103,-0.7259426085740746,-1.6148934916278042,0.8124039628831365,0.28548614760285995,0.27316664897695253,-0.6637311932097948,0.6350893988832458
set_cover_cw_tour,1854.0,-0.021509116558012617,-0.686529204219586,-0.7267840185767129,-1.6021163098420153,0.8136281689516498,0.2841389105215753,0.27537619243095657,-0.6594865509782857,0.6391482779829779
set_cover_cw_tour,1856.0,-0.012858140649500407,-0.6859432981611785,-0.7275413802161375,-1.5895393263406228,0.8147314468120956,0.2827631339839319,0.27751235861493784,-0.6552983756585427,0.6431298000674784
set_cover_cw_tour,1858.0,-0.004403844178341816,-0.6853342578970827,-0.7282153260602992,-1.577222072357084,0.8157142961489179,0.2813687305952,0.279566510824912,-0.6511869839872073,0.6470160085763527
set_cover_cw_tour,1860.0,0.0038155331439238783,-0.6847079669694793,-0.7288075477623361,-1.56522388739812,0.8165788110420681,0.27996630363126496,0.2815307618640443,-0.6471728235581967,0.6507892403866311
set_cover_cw_tour,1862.0,0.011762128880986645,-0.6840708474412647,-0.7293207305467034,-1.5536037070617432,0.8173285901344093,0.27856704546764394,0.28339799004437494,-0.6432763906738028,0.6544321703736156
set_cover_cw_tour,1864.0,0.01939851742039529,-0.68342978128239,-0.7297584748245102,-1.542419877652529,0.8179686246780244,0.2771826320670391,0.2851618371091219,-0.6395181529451319,0.6579278434529019
set_cover_cw_tour,1866.0,0.026687752240749256,-0.6827920235955518,-0.7301252059712963,-1.5317300032480703,0.8185051662982386,0.27582511618495537,0.2868166875169035,-0.6359184787702401,0.6612596928604756
set_cover_cw_tour,1868.0,0.03359338951522141,-0.6821651086810244,-0.7304260733839425,-1.521590829739421,0.818945576564571,0.27450682175743785,0.28835762901703504,-0.6324975755131899,0.6644115438237367
set_cover_cw_tour,1870.0,0.040079492151444886,-0.6815567498745688,-0.7306668399546381,-1.5120581691132327,0.8192981605774293,0.27324024162413807,0.2897803948904212,-0.629275437834204,0.667367602175072
set_cover_cw_tour,1872.0,0.046110613859781165,-0.6809747339753889,-0.7308537630583989,-1.5031868659213938,0.8195719867646394,0.2720379403308302,0.291081288612672,-0.6262718071969197,0.6701124278436047
set_cover_cw_tour,1874.0,0.05165176333235539,-0.6804268109169295,-0.7309934680488434,-1.4950308065481743,0.8197766949365651,0.27091246326843677,0.2922570920003855,-0.6235061431207398,0.6726308935159057
set_cover_cw_tour,1876.0,0.056668349095751136,-0.6799205791273621,-0.7310928150993379,-1.4876429705791112,0.8199222943824434,0.26987625286185846,0.29330495812071317,-0.6209976062706933,0.6749081290732227
set_cover_cw_tour,1878.0,0.06112610606638397,-0.6794633667855546,-0.7311587600197375,-1.4810755223317273,0.8200189534186708,0.2689415719416015,0.2942222903784693,-0.6187650529977075,0.6769294526867423
set_cover_cw_tour,1880.0,0.06499100528896849,-0.6790621089095976,-0.7311982094307802,-1.475379939442359,0.8200767813409572,0.2681204338318512,0.2950066092515449,-0.6168270404687379,0.6786802896845496
set_cover_cw_tour,1882.0,0.06822914877920114,-0.6787232199266522,-0.7312178703979156,-1.4706071743166493,0.8201056032079727,0.26742453808371613,0.2956554081383074,-0.6152018410643537,0.6801460805005876
set_cover_cw_tour,1884.0,0.07080665183028927,-0.67845246107344,-0.7312240943240153,-1.4668078432282887,0.8201147273175569,0.2668652101807746,0.2961659997300092,-0.6139074642719207,0.681312179188304
set_cover_cw_tour,1886.0,0.07268951559207952,-0.6782548016750237,-0.7312227145868506,-1.4640324368608904,0.8201127046519915,0.2664533429500335,0.2965353542521636,-0.6129616838616456,0.6821637441456352
set_cover_cw_tour,1888.0,0.07384349320815171,-0.6781342730551839,-0.7312188770940853,-1.4623315450873837,0.8201070789916451,0.2661993368251502,0.2967599308610191,-0.6123820676924556,0.682685622873315
set_cover_cw_tour,1890.0,0.07423395332089251,-0.6780938135552685,-0.7312168626286079,-1.4617560877146167,0.8201041258534529,0.26611303552757326,0.2968355034684665,-0.6121860070437544,0.6828622327986421
set_cover_cw_tour,1892.0,0.07451975815716752,-0.6782426704626638,-0.7310497148675124,-1.4613634470884824,0.8198591254513248,0.26597977707953346,0.29680407343308957,-0.6120845226886082,0.6830187678704778
set_cover_cw_tour,1894.0,0.07536492660695317,-0.6786834569387632,-0.7305538262956252,-1.4602036510144485,0.8191326442560447,0.26558540869894554,0.29671001604999725,-0.6117848503127008,0.6834814218321451
set_cover_cw_tour,1896.0,0.07674557738637831,-0.679404009710316,-0.7297398906056706,-1.4583129907387866,0.8179414434398604,0.2649407597976681,0.2965534705878973,-0.6112963687026809,0.6842362037272096
set_cover_cw_tour,1898.0,0.07863897454503531,-0.6803918602998563,-0.7286170654879051,-1.4557279475836726,0.8163006616174662,0.264056371844731,0.2963335756843167,-0.6106283031842119,0.6852690856595787
set_cover_cw_tour,1900.0,0.08102329759009018,-0.6816342300759037,-0.7271932354171465,-1.4524852164178477,0.8142241307439403,0.2629425781208698,0.2960486398723712,-0.6097897621596101,0.6865659832865268
set_cover_cw_tour,1902.0,0.08387742214319265,-0.6831180194177087,-0.7254752577458723,-1.4486217272978597,0.8117246756576626,0.26160958067043505,0.29569630277453063,-0.6087897711475423,0.688112736674039
set_cover_cw_tour,1904.0,0.0871807111027646,-0.6848297939681981,-0.7234691955467709,-1.4441746625800218,0.8088143990922683,0.2600675235495262,0.29527368889234046,-0.6076373039046625,0.6898950925656733
set_cover_cw_tour,1906.0,0.09091281636830972,-0.6867557705712621,-0.7211805400917678,-1.4391814672852132,0.8055049535888033,0.2583265615775886,0.2947775555515467,-0.6063413102856343,0.6918986889477788
set_cover_cw_tour,1908.0,0.09505349131830584,-0.6888818051829391,-0.7186144253186794,-1.4336798509694866,0.8018078013317189,0.25639692389069474,0.2942044361926542,-0.6049107405769958,0.6941090426428275
set_cover_cw_tour,1910.0,0.09958241439984025,-0.6911933847876051,-0.7157758361164144,-1.427707779814462,0.7977344625213408,0.25428897167588926,0.29355077983225203,-0.6033545661217429,0.696511540524591
set_cover_cw_tour,1912.0,0.1044790243699192,-0.6936756251201224,-0.7126698117507976,-1.4213034581024677,0.7932967524908553,0.2520132495434509,0.2928130871648499,-0.6016817961348261,0.6990914348205891
set_cover_cw_tour,1914.0,0.10972236791049009,-0.6963132757757785,-0.7093016452529343,-1.4145052986803852,0.7885070073870627,0.24958053007254843,0.29198804343313445,-0.5999014906939679,0.7018338428459765
set_cover_cw_tour,1916.0,0.11529096050782234,-0.6990907340669387,-0.7056770790998758,-1.4073518824395808,0.7833782978705439,0.2470018511491334,0.2910726478716049,-0.5980227699737707,0.704723751396824
set_cover_cw_tour,1918.0,0.12116266162881408,-0.7019920687461938,-0.7018024970349285,-1.3998819072419517,0.7779246299620113,0.24428854580543538,0.29006433923009645,-0.596054819871965,0.707746025917965
set_cover_cw_tour,1920.0,0.12731456532939206,-0.705001054450523,-0.6976851114067427,-1.3921341270976293,0.7721611318772916,0.2414522643694625,0.28896111661589086,-0.5940068942524165,0.7108854244500693
set_cover_cw_tour,1922.0,0.13372290748154436,-0.7081012174224838,-0.6933331449595344,-1.3841472827411632,0.7661042254634337,0.23850498884081411,0.2877616546623026,-0.5918883140975514,0.7141266162514988
set_cover_cw_tour,1924.0,0.14036299079485712,-0.7112758927286813,-0.6887560055913418,-1.3759600250527235,0.7597717806824129,0.2354590395253738,0.2864654118442245,-0.5897084639205123,0.7174542048822469
set_cover_cw_tour,1926.0,0.14720912872658404,-0.7145082928221697,-0.6839644522253393,-1.3676108330220957,0.753183251495588,0.2323270740847589,0.2850727306231487,-0.5874767858322316,0.7208527554296418
set_cover_cw_tour,1928.0,0.15423460921449134,-0.7177815868871649,-0.6789707496248987,-1.3591379281500175,0.7463597914888499,0.22912207928482026,0.2835849280209057,-0.585202771688696,0.724306825448612
set_cover_cw_tour,1930.0,0.16141167892537372,-0.7210789899685173,-0.6737888097412089,-1.3505791873192399,0.739324347650642,0.22585735585850136,0.28200437519686256,-0.5828959537577357,0.7278009990837421
set_cover_cw_tour,1932.0,0.16871154838952732,-0.7243838604357744,-0.6684343170276139,-1.341972056244016,0.7321017308753168,0.22254649702906035,0.2803345646400142,-0.5805658943421754,0.731319923737114
set_cover_cw_tour,1934.0,0.17610441799246598,-0.727679803876864,-0.6629248351006798,-1.3333534656211545,0.7247186620118462,0.21920336136677285,0.2785801636856635,-0.5782221747776852,0.7348483485466515
set_cover_cw_tour,1936.0,0.18355952432971254,-0.7309507810771011,-0.6572798921849242,-1.3247597520603136,0.7172037926079348,0.21584204077229974,0.2767470532242372,-0.5758743841905499,0.7383711638465476
set_cover_cw_tour,1938.0,0.19104520591372595,-0.7341812173351384,-0.651521042952318,-1.3162265857701456,0.7095876999030156,0.21247682448931904,0.27484235068258006,-0.5735321083552435,0.74187344069713
set_cover_cw_tour,1940.0,0.19852898667411467,-0.7373561100194779,-0.6456719046598611,-1.3077889068266502,0.7019028560868463,0.2091221601441637,0.2728744166184738,-0.5712049189372149,0.7453404694994739
set_cover_cw_tour,1942.0,0.20597767513777734,-0.7404611309976453,-0.6397581658928035,-1.299480871658876,0.6941835723455552,0.20579261288753817,0.2708528445671005,-0.5689023633463139,0.7487577966537703
set_cover_cw_tour,1944.0,0.21335747664237412,-0.7434827203935624,-0.6338075667243067,-1.2913358111644575,0.6864659187422941,0.20250282376956683,0.26878843410124154,-0.566633955364674,0.752111258183614
set_cover_cw_tour,1946.0,0.22063411545425796,-0.7464081680619262,-0.6278498496839483,-1.2833862016237492,0.6787876215003203,0.19926746851143834,0.2666931474006451,-0.5644091666534207,0.7553870092344532
set_cover_cw_tour,1948.0,0.22777296326043794,-0.7492256792214489,-0.6219166815600928,-1.275663649327157,0.6711879397457212,0.19610121784221643,0.26458004995427403,-0.5622374191887045,0.7585715483664138
set_cover_cw_tour,1950.0,0.23473917021115306,-0.7519244208654191,-0.6160415467115699,-1.2681988895759737,0.6637075241978804,0.19301870054605266,0.2624632363253851,-0.5601280786320469,0.7616517356017052
set_cover_cw_tour,1952.0,0.2414977945292159,-0.7544945458652423,-0.6102596131951763,-1.2610218004721954,0.6563882606419286,0.19003447031187906,0.2603577421771046,-0.5580904486047332,0.7646148032557907
set_cover_cw_tour,1954.0,0.2480139266928736,-0.7569271920905531,-0.604607573588268,-1.2541614316857812,0.6492731012550983,0.18716297739433257,0.2582794439698797,-0.5561337658119431,0.7674483586791527
set_cover_cw_tour,1956.0,0.25425280435207337,-0.7592144543720151,-0.5991234628619628,-1.2476460481855216,0.6424058869683051,0.18441854598175508,0.2562449478883696,-0.5542671959494357,0.7701403781610284
set_cover_cw_tour,1958.0,0.2601799144575786,-0.7613493277087661,-0.5938464560054705,-1.2415031887472654,0.6358311640107388,0.1818153580260879,0.2542714696231686,-0.5524998303229467,0.772679191394873
set_cover_cw_tour,1960.0,0.2657610795644571,-0.7633256207470376,-0.5888166482869551,-1.2357597389141375,0.6295939976000243,0.17936744412265979,0.25237670661470374,-0.55084068311635,0.7750534560732782
set_cover_cw_tour,1962.0,0.2709625259049682,-0.7651378392040519,-0.5840748210403817,-1.2304420179791384,0.6237397854012896,0.17708868183823803,0.2505787042590151,-0.549298689256937,0.7772521223626728
set_cover_cw_tour,1964.0,0.27575093159372166,-0.7667810395574438,-0.5796621956798637,-1.2255758794910632,0.6183140728892473,0.17499280167670814,0.24889571737805527,-0.5478827028424993,0.7792643872000036
set_cover_cw_tour,1966.0,0.28009345420883136,-0.7682506539445308,-0.5756201782626856,-1.2211868247483084,0.6133623721181227,0.17309340064698633,0.24734606797476016,-0.5466014961130363,0.7810796385496664
set_cover_cw_tour,1968.0,0.2839577379629964,-0.769542287803106,-0.5719900963598058,-1.21730012873875,0.6089299846500168,0.17140396316070022,0.2459479999331289,-0.5454637589679038,0.7826873899548298
set_cover_cw_tour,1970.0,0.28731190171414284,-0.770651492329343,-0.5688129292693334,-1.2139409780030983,0.6050618285323947,0.16993788874082427,0.24471953089689635,-0.5444780990458034,0.7840772059098406
set_cover_cw_tour,1972.0,0.2901245101441554,-0.7715735143313348,-0.5661290317551355,-1.211134619938486,0.6018022682722955,0.16870852576909479,0.2436783010808008,-0.5436530423995591,0.78523861876814
set_cover_cw_tour,1974.0,0.29236453153692354,-0.7723030265310584,-0.5639778505492593,-1.2089065231119531,0.599194945753367,0.16772921024103338,0.24284141825202493,-0.5429970348103969,0.7861610380834075
set_cover_cw_tour,1976.0,0.29400128669755604,-0.7728338418352682,-0.562397631871189,-1.2072825482124505,0.5972826090084931,0.16701330823312602,0.2422252975842182,-0.5425184437984195,0.786833653462919
set_cover_cw_tour,1978.0,0.295004394660575,-0.7731586155880003,-0.5614251172444945,-1.2062891293262572,0.5961069347238471,0.166574260516548,0.24184549455260848,-0.5422255613988672,0.7872453321955315
set_cover_cw_tour,1980.0,0.29534372192547603,-0.7732685403723198,-0.5610952239947057,-1.2059534652643868,0.5957083393400562,0.1664256274744623,0.24171652852819925,-0.5421266077896733,0.7873845131080935
