method,action,sample,time_s,rx,ry,rz,vx,vy,vz,ux,uy,uz
adaptive_rollout_adp,1,0,3.0,-0.045494680385305825,-35.007913314698484,10.017839947929797,-0.030335804010919072,-0.0052412222481652586,0.011893287202371691,-0.010105907869716279,-0.0017813881922581704,0.003977236584168219
adaptive_rollout_adp,1,1,6.0,-0.17891655809490087,-35.03060676629083,10.070131243924887,-0.05861759134599459,-0.009855748439651188,0.02296754332818552,-0.009409742319340627,-0.0016388081060305123,0.0037042713710665085
adaptive_rollout_adp,1,2,9.0,-0.39409596144769693,-35.066242473790766,10.154416409007444,-0.08484030089816558,-0.013871722422930744,0.033222512784779515,-0.008712950147675473,-0.0015009558620913649,0.0034312634851161195
adaptive_rollout_adp,1,3,12.0,-0.6848482515927743,-35.11306705782084,10.268237225730683,-0.10899901568519574,-0.01731733459236141,0.04265795885265042,-0.008015539381699391,-0.0013678356868310072,0.003158216071341551
adaptive_rollout_adp,1,4,15.0,-1.0449742551298515,-35.16941177853673,10.409134794804535,-0.13108896301320858,-0.02022082074574153,0.051273663689546785,-0.007317518055517089,-0.0012394517521267428,0.0028851322752226558
adaptive_rollout_adp,1,5,18.0,-1.4682606972157852,-35.23369267012224,10.574649591733104,-0.1511055146371721,-0.022610460940622697,0.05906942833423582,-0.006618894210266876,-0.0011158081752948405,0.0026120152426584086
adaptive_rollout_adp,1,6,21.0,-1.9484806351479445,-35.30441067185152,10.762321523462939,-0.1690441869183299,-0.02451457834940081,0.06604507270994404,-0.00591967589402802,-0.0009969090190431041,0.0023388681199306635
adaptive_rollout_adp,1,7,24.0,-2.479393892415295,-35.38015175571468,10.969689985041134,-0.18490064097857598,-0.025961538113208445,0.07220043562747168,-0.005219871161728045,-0.0008827582914240718,0.002065694053667913
adaptive_rollout_adp,1,8,27.0,-3.054747493208018,-35.45958705060332,11.194293916282295,-0.19867068285176964,-0.026979746194631136,0.0775353747879807,-0.004519488075049918,-0.0007733599457888406,0.0017924961908090346
adaptive_rollout_adp,1,9,30.0,-3.6682760973764816,-35.54147296305249,11.433671858443361,-0.21035026363198825,-0.02759764822927028,0.08204976678545645,-0.003818534702339205,-0.0006687178807415254,0.0015192776785670405
adaptive_rollout_adp,1,10,33.0,-4.313702435830374,-35.62465129453566,11.685362010905342,-0.2199354796187147,-0.02784372837617534,0.08574350710884297,-0.0031170191185111063,-0.0005688359400943498,0.0012460416643928227
adaptive_rollout_adp,1,11,36.0,-4.984737746368793,-35.70804935530925,11.946902287860954,-0.22742257245895672,-0.027746508167168053,0.08861651014385179,-0.002414949404957441,-0.00047371791282336184,0.0009727912959388929
adaptive_rollout_adp,1,12,39.0,-5.6750822099321,-35.790680074803554,12.215830375007204,-0.2328079292862953,-0.02733454535508139,0.09066870917444425,-0.0017123336494535473,-0.00038336753302478844,0.0006995297210231222
adaptive_rollout_adp,1,13,42.0,-6.378425387266288,-35.87164210855679,12.489683786241928,-0.23608808285685975,-0.02663643276093599,0.09190005638398739,-0.0010091799460651178,-0.0002977884798720166,0.00042626008759247963
adaptive_rollout_adp,1,14,45.0,-7.088446655990688,-35.95011994168908,12.765999920363301,-0.2372597116822264,-0.025680797120076874,0.09231052285608328,-0.0003054963950549489,-0.00021698437757321231,0.00015298554368676966
adaptive_rollout_adp,1,15,48.0,-7.798815648059728,-36.02538398891331,13.04231611777136,-0.23631964015923854,-0.024496297927293208,0.09190009857507184,0.00039870889721036645,-0.00014095879532956734,-0.00012029076259763814
adaptive_rollout_adp,1,16,51.0,-8.503192687609552,-36.09679069107988,13.316169717170528,-0.23326483869674502,-0.023111626280943917,0.09066879242620711,0.001103427818353828,-6.971524729418408e-05,-0.0003935656831440715
adaptive_rollout_adp,1,17,54.0,-9.195229229180212,-36.163782608252355,13.58509811227219,-0.22809242383925504,-0.021555503726112007,0.08861663219550703,0.0018086522500814822,-3.2571925315926648e-06,-0.0006668360698518197
adaptive_rollout_adp,1,18,57.0,-9.86856829630421,-36.22588850931115,13.846638808496323,-0.2207996583875066,-0.019856681096810422,0.08574366456927664,0.002514374068275937,5.8411965022097734e-05,-0.0009400987746724025
adaptive_rollout_adp,1,19,60.0,-10.516844920452101,-36.28272345808243,14.098329479671206,-0.21138395151594624,-0.018043937357262285,0.08204995513330478,0.00322058514308996,0.00011528887659841165,-0.0012133506496458356
adaptive_rollout_adp,1,20,63.0,-11.13368658032591,-36.33398889598951,14.33770802473023,-0.1998428588871178,-0.01614607844227843,0.07753558837173427,0.00392727733904013,0.00016737024863508446,-0.0014865885469368904
adaptive_rollout_adp,1,21,66.0,-11.712713641491067,-36.37947272122407,14.562312624404834,-0.1861740827629578,-0.014191936096755123,0.07220066766560562,0.004634442515100557,0.00021465284281400426,-0.001759809318871363
adaptive_rollout_adp,1,22,69.0,-12.247539796337586,-36.41904936443451,14.769681797912575,-0.1703754721129953,-0.01221036671431486,0.06604531529107421,0.0053420725247966625,0.0002571334760985175,-0.0020330098179723293
adaptive_rollout_adp,1,23,72.0,-12.731772504361203,-36.45267986092905,14.957354459639365,-0.15244502271945404,-0.010230250175113207,0.05906967241730107,0.006050159216299033,0.0002948090207700955,-0.002306186896996409
adaptive_rollout_adp,1,24,75.0,-13.15901343275517,-36.480411919391024,15.122869975814886,-0.1323808772792545,-0.008280488682834602,0.051273899104017244,0.006758694432517326,0.00032767640446436787,-0.002579337408970017
adaptive_rollout_adp,1,25,78.0,-13.5228588973034,-36.50237998710387,15.263768221180213,-0.11018132550291426,-0.006390005600900103,0.04265817429876176,0.007467670011194229,0.0003557326102065137,-0.002852458207225618
adaptive_rollout_adp,1,26,81.0,-13.816900303565657,-36.518805311683735,15.377589635646661,-0.08584480421034418,-0.004587744287910035,0.03322269583379328,0.008177077784999508,0.0003789746764460184,-0.003125546145437976
adaptive_rollout_adp,1,27,84.0,-14.03472458834547,-36.52999599931719,15.461875280944877,-0.05936989742353861,-0.00290266693234456,0.02296768042267547,0.008886909581624074,0.0003973996970907894,-0.003398598077660402
adaptive_rollout_adp,1,28,87.0,-14.169914661431484,-36.53634706950199,15.514166897263195,-0.030755336456157724,-0.0013637533865451532,0.011893363656536107,0.00959715722387414,0.0004110048215406346,-0.0036716108583609874
adaptive_rollout_adp,1,29,90.0,-14.216049847602848,-36.53834050628877,15.532006959874282,-4.5102810375396984e-17,-1.3660947373317356e-17,4.85722573273506e-17,0.010307812529765415,0.0004197872547201009,-0.00394458134245885
adaptive_rollout_adp,2,0,93.0,-14.233161946841797,-36.391474687913224,15.643527894110104,-0.01129731193384002,0.0979233269727002,0.07434721811761119,-0.0038219321347982647,0.03262820228526526,0.02480233444259242
adaptive_rollout_adp,2,1,96.0,-14.281699293074261,-35.960810992542896,15.970410779940623,-0.020957748490173428,0.1891967327587995,0.14357449656597987,-0.0034902323611736385,0.03038785957204498,0.023095970100908737
adaptive_rollout_adp,2,2,99.0,-14.356888558757266,-35.26632543841545,16.497293390090388,-0.029072852582568153,0.2738028178082244,0.20768023966503296,-0.0031738686720156903,0.028145317264539466,0.021389339695878588
adaptive_rollout_adp,2,3,102.0,-14.454231154586102,-34.328044841526754,17.2088088872095,-0.03573423959375545,0.3517251165808951,0.2666629697148297,-0.002872844711803587,0.025900679479625776,0.01968246288771954
adaptive_rollout_adp,2,4,105.0,-14.56950344134303,-33.166044012766974,18.08958617785266,-0.04103359366955167,0.4229480980985016,0.3205213270211002,-0.0025871639483042936,0.02365405035832064,0.01797535933948768
adaptive_rollout_adp,2,5,108.0,-14.69875693062564,-31.800442953444414,19.124250266531767,-0.04506266401138872,0.48745716646751847,0.36925406991874504,-0.0023168296725326358,0.021405534064580813,0.016268048716851124
adaptive_rollout_adp,2,6,111.0,-14.838318474450805,-30.25140404928353,20.297422609835962,-0.0479132611675263,0.5452386613734483,0.4128600747932956,-0.002061844998713378,0.01915523478410311,0.014560550687863445
adaptive_rollout_adp,2,7,114.0,-14.9847904437304,-28.539129262983348,21.593721470612994,-0.04967725332301935,0.5962798585462842,0.45133833610033475,-0.001822212864245353,0.016903256723124163,0.012852884922737163
adaptive_rollout_adp,2,8,117.0,-15.135050895615132,-26.683857325422682,22.997762272205783,-0.05044656258851399,0.640568970197182,0.48468796638287726,-0.001597936029667622,0.014649704107219977,0.011145071093617058
adaptive_rollout_adp,2,9,120.0,-15.286253729703109,-24.705860925598536,24.49415795273806,-0.05031316128794511,0.6780951454263351,0.5129081962867106,-0.0013890170786276736,0.012394681180105298,0.009437128874353624
adaptive_rollout_adp,2,10,123.0,-15.435828833109934,-22.625443899384088,26.06751931944299,-0.04936906824520918,0.708848470602043,0.5359983745736946,-0.0011954584178516586,0.010138292202432732,0.007729077940276385
adaptive_rollout_adp,2,11,126.0,-15.581482214397388,-20.46293841719269,27.702455403028605,-0.047706345069885456,0.7328199697109665,0.5539579681330212,-0.0010172622771166687,0.00788064145059162,0.006020937967967245
adaptive_rollout_adp,2,12,129.0,-15.72119612635793,-18.238702170634312,29.383573812073973,-0.045417092442078956,0.7500016046795625,0.5667865619904326,-0.0008544307092250467,0.005621833215506843,0.004312728635033819
adaptive_rollout_adp,2,13,132.0,-15.853229177652503,-15.97311555825095,31.095481087449958,-0.04259344639645871,0.7603862756666929,0.5744838593153991,-0.0007069655899807391,0.003361971801437358,0.002604469619882765
adaptive_rollout_adp,2,14,135.0,-15.976116433299357,-13.686578870417431,32.822783056758446,-0.03932757460556454,0.7639678213274023,0.5770496814262552,-0.0005748686181676866,0.0011011615247746858,0.0008961806014930566
adaptive_rollout_adp,2,15,138.0,-16.08866950401176,-11.399509473494149,34.55008518878392,-0.03571167266245582,0.7607410190478566,0.5744839677932951,-0.00045814131553025483,-0.0011604932871589146,-0.0008121187408106842
adaptive_rollout_adp,2,16,141.0,-16.189976624382794,-9.132338993318243,36.261992947951256,-0.03183796036277569,0.7507015851514425,0.566786776039827,-0.00035678502675570505,-0.003422888297312164,-0.002520408727584914
adaptive_rollout_adp,2,17,144.0,-16.279402719915527,-6.9055104981197415,37.94311214878365,-0.027798677986304046,0.7338461750760188,0.5539582819411855,-0.00027080091945870207,-0.005685919160106799,-0.004228669679493858
adaptive_rollout_adp,2,18,147.0,-16.3565894628972,-4.739475680949239,39.57804931035446,-0.023686082578072816,0.7101723835223207,0.5359987794217037,-0.00020018998416786117,-0.007949481522639582,-0.005936881917536226
adaptive_rollout_adp,2,19,150.0,-16.421455317116177,-2.6546920417036204,41.15141201072695,-0.019592444229116955,0.67967874457351,0.5129086805496434,-0.00014495303431434408,-0.01021347102588446,-0.007645025763271897
adaptive_rollout_adp,2,20,153.0,-16.474195571420704,-0.67162006883643,42.64780924137577,-0.015610042356934563,0.642364731785872,0.48468851553008463,-0.00010509070622248041,-0.012477783305894753,-0.009353081539048638
adaptive_rollout_adp,2,21,156.0,-16.5152823621187,1.1892795791605753,44.05185176158399,-0.01183116198572962,0.5982307582506549,0.4513389326957739,-8.060345910244329e-05,-0.014742313995005418,-0.011061029568228763
adaptive_rollout_adp,2,22,159.0,-16.545464684218054,2.907548892418098,45.34815245280968,-0.008348090026510786,0.5472781766270522,0.41286069849593204,-7.149157504495607e-05,-0.017006958723035374,-0.012768850175415812
adaptive_rollout_adp,2,23,162.0,-16.56576839150708,4.462735328405634,46.5213266730158,-0.0052531115571197145,0.48950927914632575,0.3692546974830209,-7.775515901804335e-05,-0.019271613118489822,-0.014476523686681227
adaptive_rollout_adp,2,24,165.0,-16.577496185475056,5.834394630616888,47.55599261095738,-0.00263850610226235,0.4249272975870696,0.32052193229747006,-9.93941388658224e-05,-0.021536172809762576,-0.016184030429790976
adaptive_rollout_adp,2,25,168.0,-16.58222759307295,7.002093647137693,48.436771640419764,-0.0005965439136166608,0.35353640322161606,0.26666352365036267,-0.0001364082653093338,-0.02380053342633845,-0.01789135073443217
adaptive_rollout_adp,2,26,171.0,-16.581818933314683,7.945413149009853,49.1482886744019,0.0007805177499097264,0.275341706733583,0.20768071030408214,-0.00018879711194941346,-0.02606459059999558,-0.019598464932439687
adaptive_rollout_adp,2,27,174.0,-16.578403272719477,8.643950648304353,49.67517251923847,0.001400438341698535,0.19034925810656483,0.1435748490509185,-0.0002565600752716042,-0.02832823996600774,-0.02130535335802273
adaptive_rollout_adp,2,28,177.0,-16.57439036959607,9.077323215817355,50.002056228654844,0.0011709977466430365,0.09856604648396909,0.07434741468963565,-0.000339696374653109,-0.030591377164346588,-0.02301199634799137
adaptive_rollout_adp,2,29,180.0,-16.572466607169822,9.225170298302423,50.113577457748576,-7.37257477290143e-18,2.7755575615628914e-16,-1.3877787807814457e-16,-0.0004382050523717826,-0.03285389784088392,-0.024718374241983084
adaptive_rollout_adp,3,0,183.0,-16.590732199425812,9.272711730640102,50.04723144631674,-0.01214122320661008,0.031708024386769534,-0.04423063182671952,-0.004019271049110644,0.010555564740931831,-0.014679427346375885
adaptive_rollout_adp,3,1,186.0,-16.643742085715946,9.412260573938866,49.85276238338601,-0.02316528155073947,0.061337010052213675,-0.08541528566786755,-0.003716140919008462,0.009836346143374464,-0.013664269246299585
adaptive_rollout_adp,3,2,189.0,-16.72818914754474,9.637559254064461,49.53930963170009,-0.03310176813649532,0.0888733518300994,-0.12355301484792486,-0.0034180283774001563,0.009115086866129553,-0.012648953735160373
adaptive_rollout_adp,3,3,192.0,-16.84085514205087,9.94230983625241,49.11601528874805,-0.04198034011002315,0.11430374787229897,-0.15864294288059283,-0.003124936858513438,0.00839182098127975,-0.011633492509294947
adaptive_rollout_adp,3,4,195.0,-16.978610892319693,10.320174935814338,48.59202397617374,-0.04983071745023563,0.13761520014876444,-0.19068426348392645,-0.002836869738734314,0.007666582584023613,-0.010617897266718622
adaptive_rollout_adp,3,5,198.0,-17.138416474065966,10.764778630330149,47.97648262914165,-0.05668268175823405,0.15879501493811032,-0.2196762405942542,-0.002553830336568201,0.0069394057922828704,-0.00960217970699057
adaptive_rollout_adp,3,6,201.0,-17.317321398682907,11.269707373297836,47.278540285662835,-0.06256607504544649,0.1778308033087952,-0.24561820837888465,-0.002275821912601695,0.006210324746309354,-0.00858635153107904
adaptive_rollout_adp,3,7,204.0,-17.512464792653784,11.82851090921273,46.507347875884534,-0.06751079852050665,0.19471048159089263,-0.26850957124759967,-0.002002847669465008,0.005479373608291731,-0.007570424441226591
adaptive_rollout_adp,3,8,207.0,-17.72107557332227,12.434703190047932,45.672058011347126,-0.07154681137489735,0.20942227183844264,-0.28834980386293396,-0.0017349107517950755,0.004746586561961943,-0.006554410140815235
adaptive_rollout_adp,3,9,210.0,-17.940472621017918,13.081763293107658,44.78182477421207,-0.07470412956738262,0.22195470228237402,-0.305138451149241,-0.0014720142461993292,0.004011997812201418,-0.005538320334231657
adaptive_rollout_adp,3,10,213.0,-18.168064947533132,13.763136340225202,43.84580350646446,-0.07701282460725253,0.23229660777398925,-0.31887512830054465,-0.0012141611812201392,0.003275641584647036,-0.004522166726732356
adaptive_rollout_adp,3,11,216.0,-18.401351860948136,14.472234418277177,42.87315059909388,-0.07850302233640476,0.24043713021900295,-0.3295595207871773,-0.0009613545272999285,0.0025375521252968486,-0.0035059610243088225
adaptive_rollout_adp,3,12,219.0,-18.63792312680046,15.202437500985695,41.87302328125711,-0.0792049017102869,0.2463657190021254,-0.33719138436120355,-0.00071359719674695,0.0017977637001155746,-0.0024897149335526662
adaptive_rollout_adp,3,13,222.0,-18.875459125595583,15.947094371980112,40.85457940942642,-0.07914869357772382,0.25007213140218293,-0.3417705450606295,-0.00047089204370173797,0.0010563105946398506,-0.0014734401615207667
adaptive_rollout_adp,3,14,225.0,-19.111731006655422,16.699523549089914,39.82697725652707,-0.07836467945965378,0.25154643299776686,-0.34329689921239825,-0.00023324186410423296,0.0003132271135832713,-0.00045714841560042137
adaptive_rollout_adp,3,15,228.0,-19.34460083830141,17.453014209840347,38.79937530106761,-0.07688319032679791,0.25077899806340304,-0.3417704134341708,-6.493956615662546e-07,-0.0004314524195588041,0.0005591485966255551
adaptive_rollout_adp,3,16,231.0,-19.572021754369015,18.200827118122312,37.78093201626667,-0.07473460537628686,0.24776050995623425,-0.33719112463489254,0.0002268826821834739,-0.001177693662904639,0.0015754391675136623
adaptive_rollout_adp,3,17,234.0,-19.792038097050614,18.936195552008087,36.780805659179876,-0.07194935080726884,0.24248196149320783,-0.32955914001414527,0.000449351748283311,-0.0019254622565817547,0.0025917115894946163
adaptive_rollout_adp,3,18,237.0,-20.002785556063696,19.652326232684338,35.80815405983055,-0.0685578985955234,0.2349346553187609,-0.31887463706028546,0.000666755239815776,-0.0026747238231227466,0.0036079541552081953
adaptive_rollout_adp,3,19,240.0,-20.202491304141425,20.342400254473937,34.872134410347776,-0.06459076526710486,0.22511020426299616,-0.30513786354736744,0.0008790906523136281,-0.0034254439678612987,0.004624155157638128
adaptive_rollout_adp,3,20,243.0,-20.389474128842732,20.99957401591803,33.98190305411555,-0.06007851067103989,0.213000531690341,-0.2883491375308528,0.0010863555396934095,-0.00417758827932842,0.005640302890246944
adaptive_rollout_adp,3,21,246.0,-20.5621445606791,21.616980151889795,33.146615274936615,-0.05505173675110325,0.198597871838683,-0.26850884734210534,0.001288547514283622,-0.004931122329648856,0.00665638564711084
adaptive_rollout_adp,3,22,249.0,-20.719004997555327,22.187728466711327,32.37542508621463,-0.049541086316696084,0.18189477014897515,-0.24561745158167217,0.0014856642468522314,-0.005686011674937693,0.00767239172305452
adaptive_rollout_adp,3,23,252.0,-20.858649825521606,22.704906868245015,31.677485020158322,-0.04357724181285087,0.1628840835853043,-0.21967547911135044,0.0016777034666335046,-0.006442221855697147,0.008688309413786052
adaptive_rollout_adp,3,24,255.0,-20.979765535834346,23.16158230293082,31.06194591701123,-0.037190924089387505,0.14155898094541614,-0.19068352904504038,0.0018646629613541642,-0.007199718397213546,0.00970412701603169
adaptive_rollout_adp,3,25,258.0,-21.081130838323215,23.55080169174081,30.53795671431076,-0.030412891169244567,0.11791294316169097,-0.15864227073838458,0.002046540577258875,-0.007958466809954455,0.010719832827670696
adaptive_rollout_adp,3,26,261.0,-21.16161677106197,23.865592867022276,30.114664236180115,-0.023273937016010285,0.09193976359256373,-0.12355244377719363,0.0022233342191350564,-0.008718432589966015,0.01173541514787015
adaptive_rollout_adp,3,27,264.0,-21.220186806340706,24.098965510200795,29.80121298265676,-0.01580489030067737,0.06363354830438288,-0.08541485796465832,0.002395041850337016,-0.009479581219270406,0.012750862277219744
adaptive_rollout_adp,3,28,267.0,-21.255896952937256,24.243912090314485,29.606744919061086,-0.00803661316764611,0.03298871634370217,-0.04423039330734864,0.002561661492809416,-0.0102418781662635,0.013766162517866554
adaptive_rollout_adp,3,29,270.0,-21.267895854685474,24.2934088033508,29.54039926540889,-4.336808689942018e-17,-3.469446951953614e-17,2.0816681711721685e-16,0.0027231912271100554,-0.011005288886112661,0.014781304173649796
adaptive_rollout_adp,4,0,273.0,-21.04673312645683,24.310774639973154,29.45773720956471,0.1474551527799419,0.011410398732207193,-0.05510798432608034,0.0492200045484019,0.003970277001228759,-0.018331551947038806
adaptive_rollout_adp,4,1,276.0,-20.39836310762815,24.359239303350755,29.215443610512292,0.284803330998022,0.020743985853186556,-0.10642092664216499,0.045825877717638894,0.0036002251859957347,-0.017066747128186496
adaptive_rollout_adp,4,2,279.0,-19.353124018882756,24.432779003334446,28.824905376624244,0.4120331009486079,0.028138537421656028,-0.15393764600740398,0.0424309008360157,0.003253216289528031,-0.015801745702054462
adaptive_rollout_adp,4,3,282.0,-17.94138732726791,24.52578341735519,28.29751282792381,0.5291337321351177,0.0337319216367226,-0.19765704893106872,0.039035113013338396,0.0029292559494036472,-0.01453656224133706
adaptive_rollout_adp,4,4,285.0,-16.193555636168675,24.63305595848921,27.64465943370593,0.6360951975337634,0.037662093266904464,-0.23757812939143957,0.035638553368754926,0.0026283495376834437,-0.013271211320825628
adaptive_rollout_adp,4,5,288.0,-14.140060574512823,24.749814026807297,26.877741550103895,0.7329081738424308,0.04006708807722753,-0.27369996885318254,0.03224126103030458,0.0023505021608492497,-0.012005707517240647
adaptive_rollout_adp,4,6,291.0,-11.811360685251426,24.871689244002653,26.008158157606147,0.819564041714691,0.04108501725450659,-0.3060217362832144,0.028843275134467182,0.0020957186597450376,-0.010740065409063793
adaptive_rollout_adp,4,7,294.0,-9.237939313159705,24.994727671291987,25.047310598527734,0.8960548859789401,0.04085406183092106,-0.33454268816505567,0.025444634825712336,0.0018640036095211542,-0.009474299576370013
adaptive_rollout_adp,4,8,297.0,-6.450302492002784,25.115390010584928,24.00660231444099,0.9623734958426629,0.03951246710599559,-0.3592621685116719,0.022045379256048346,0.0016553613195816259,-0.008208424600659518
adaptive_rollout_adp,4,9,300.0,-3.4789768311109626,25.23055178891713,22.897438583569958,1.0185133650818157,0.03719853706709561,-0.3801796088768026,0.01864554758457131,0.0014697958335345004,-0.006942455064689861
adaptive_rollout_adp,4,10,303.0,-0.3545074014091689,25.33750352614276,21.73122625815309,1.0644686922153275,0.03405062880854812,-0.3972945283647772,0.015245178977013956,0.0013073109291452747,-0.00567640555230791
adaptive_rollout_adp,4,11,306.0,2.892544379054763,25.433950885882464,20.51937350177876,1.100234380664714,0.030207146949497853,-0.4106065336388195,0.011844312605294446,0.0011679101182933732,-0.004410290648281856
adaptive_rollout_adp,4,12,309.0,6.2316028600383255,25.518014809723084,19.27328952669815,1.1258060388988018,0.025806538050609173,-0.4201153189278383,0.008442987647065152,0.001051596646931692,-0.0031441249381331873
adaptive_rollout_adp,4,13,312.0,9.632080274444403,25.58823163466595,18.004384331120036,1.1411799805635625,0.020987285029723836,-0.42582066603170604,0.005041243285261298,0.000958373495049198,-0.0018779230079686883
adaptive_rollout_adp,4,14,315.0,13.063378854028503,25.64355319382068,16.724068436491976,1.1463532245970502,0.015887901576585053,-0.4277224443250238,0.001639118707649647,0.0008882433766366164,-0.0006116994443123892
adaptive_rollout_adp,4,15,318.0,16.494892945428447,25.68334690034191,15.443752624772502,1.1413234953294444,0.010646926566738052,-0.4258206107593742,-0.0017633468936230458,0.0008412087396551465,0.0006545311660624761
adaptive_rollout_adp,4,16,321.0,19.89601112647185,25.707395814606627,14.174847675698821,1.1260892225681933,0.005402918474717511,-0.4201152098640605,-0.00516611432248145,0.0008172717660082755,0.0019207542363014786
adaptive_rollout_adp,4,17,324.0,23.236118322716692,25.71589869463013,12.928764104054551,1.1006495416682578,0.0002944497866321869,-0.4106063737453331,-0.008569144379373178,0.0008164343715166371,0.0031869551796370604
adaptive_rollout_adp,4,18,327.0,26.48459792418023,25.709470029718986,11.716911896942062,1.065004293587454,-0.004539898587742926,-0.39729432208410315,-0.011972397861720439,0.000838698205895942,0.004453119409556561
adaptive_rollout_adp,4,19,330.0,29.61083390221163,25.689140057359662,10.55070025106394,1.0191540249268922,-0.008961542903256542,-0.38017936213214293,-0.015375835564371575,0.0008840646527379752,0.0057192323399702545
adaptive_rollout_adp,4,20,333.0,32.58421292646355,25.656354763341852,9.441537310018122,0.963099987956514,-0.012831902167942773,-0.35926188870677345,-0.01877941828005273,0.0009525348294946553,0.006985279385379385
adaptive_rollout_adp,4,21,336.0,35.37412648191793,25.612975865115864,8.40082990161123,0.8968441406257232,-0.016012403731744205,-0.3345423841840392,-0.02218310679981952,0.0010441095874651615,0.008251245961044179
adaptive_rollout_adp,4,22,339.0,37.94997298592141,25.561280778383715,7.4399832751946615,0.8203891465591139,-0.018364488875285957,-0.3060214184903703,-0.025586861913508695,0.0011587895117861275,0.00951711748315187
adaptive_rollout_adp,4,23,342.0,40.281159905185476,25.50396256692398,6.570400839027953,0.733738375037293,-0.019749618398590404,-0.2736996490927319,-0.028990644410189878,0.001296574921424901,0.0107828793689847
adaptive_rollout_adp,4,24,345.0,42.337105872706786,25.444129875650738,5.803483897673967,0.6368959009627979,-0.020029278209622116,-0.23757782098726135,-0.032394415078617206,0.0014574658691758698,0.012048517037087907
adaptive_rollout_adp,4,25,348.0,44.08724280456287,25.38530684690724,5.150631389430439,0.5298665048111104,-0.019064984912552718,-0.19765676668639282,-0.035798134707681104,0.0016414621416598503,0.01331401590743771
adaptive_rollout_adp,4,26,351.0,45.501018016538495,25.3314330199954,4.623239623802412,0.4126556725667663,-0.016718291395635233,-0.15393740620447022,-0.03920176408685994,0.0018485632593265497,0.014579361401609262
adaptive_rollout_adp,4,27,354.0,46.54789634053806,25.28686321394233,4.232702019020107,0.28526959564456256,-0.012850792418577573,-0.10642074704184801,-0.042605264006671785,0.002078768476460089,0.015844538942944592
adaptive_rollout_adp,4,28,357.0,47.19736224073919,25.25636739350568,3.9904088396067525,0.14771517079586252,-0.007324130199304839,-0.055107884167480456,-0.04600859525912603,0.0023320767811875922,0.017109533956720536
adaptive_rollout_adp,4,29,360.0,47.41892192944294,25.245130518419753,3.90774693400092,3.0531133177191805e-16,-2.6020852139652106e-17,2.914335439641036e-16,-0.049411718638175145,0.002608486895490845,0.01837433187031662
adaptive_rollout_adp,5,0,363.0,47.384446121985114,25.265673608182205,4.0233459873291,-0.022968413935938348,0.013721378847533772,0.07706596156920334,-0.007853675655693006,0.004547789763235199,0.02569370505731633
adaptive_rollout_adp,5,1,366.0,47.28363122387965,25.326266749539425,4.362182382194946,-0.044227030281833155,0.026698099990397565,0.14882475148775193,-0.00731368925662516,0.004249534638352122,0.023924940375241593
adaptive_rollout_adp,5,2,369.0,47.12158754804122,25.4246421428987,4.908332108121932,-0.06378858462671874,0.038907626851398903,0.21527471626388744,-0.006775992662413689,0.0039476217461523406,0.022155900080162844
adaptive_rollout_adp,5,3,372.0,46.90338703180678,25.558464579036556,5.645866377595511,-0.08166592502263487,0.050327556381118764,0.2764143247004076,-0.006240592067271465,0.0036420666513277177,0.020386604551253556
adaptive_rollout_adp,5,4,375.0,46.63406290036319,25.72533184101415,6.558851992986814,-0.09787201143987348,0.06093561994535865,0.3322421679211264,-0.005707493638961667,0.0033328849605279436,0.018617074170627444
adaptive_rollout_adp,5,5,378.0,46.31860933181256,25.92277510874868,7.63135171355258,-0.11241991521987087,0.07070968420834245,0.38275695939522053,-0.005176703518726736,0.0030200923221807415,0.016847329323103715
adaptive_rollout_adp,5,6,381.0,45.96198112388246,26.14825936622799,8.847424622504942,-0.12532281852575547,0.07962775201165562,0.42795753495946226,-0.004648227821217632,0.0027037044263116044,0.015077390395972199
adaptive_rollout_adp,5,7,384.0,45.569093362288,26.39918381135557,10.191126494144742,-0.13659401379056255,0.08766796324890444,0.46784285283833754,-0.004122072634423379,0.002383737004363044,0.013307277778758515
adaptive_rollout_adp,5,8,387.0,45.14482109075276,26.67288226841312,11.646510161052033,-0.1462469031631265,0.0948085957360781,0.5024119936620499,-0.0035982440196009524,0.0020602058290133665,0.011537011862989166
adaptive_rollout_adp,5,9,390.0,44.693998982695454,26.966623603127697,13.197625881327419,-0.1542949979516619,0.10102806607759633,0.5316641604824096,-0.0030767480112054357,0.0017331267139949732,0.009766613041956654
adaptive_rollout_adp,5,10,393.0,44.22142101458941,27.277612140330547,14.828521705877884,-0.1607519180650443,0.10630493052802577,0.5555986787866073,-0.002557590616820513,0.0014025155139121897,0.007996101710484524
adaptive_rollout_adp,5,11,396.0,43.73184014100151,27.60298808419453,16.52324384574078,-0.16563139145180183,0.11061788584944782,0.5742149965088729,-0.002040777817089261,0.0010683881240586167,0.0062254982646924376
adaptive_rollout_adp,5,12,399.0,43.229967971317706,27.939827941037134,18.265837039439603,-0.16894725353682882,0.11394577016446124,0.5875126840400184,-0.0015263155656452551,0.0007307604802340266,0.004454823101761186
adaptive_rollout_adp,5,13,402.0,42.720474448161696,28.285144944675924,20.040344920365246,-0.17071344665583243,0.11626756380480259,0.5954914342348663,-0.0010142097890439732,0.0003896485585607766,0.0026840966196977623
adaptive_rollout_adp,5,14,405.0,42.2079875275137,28.63588948432324,21.83081038417634,-0.17094401948752366,0.11756239015556777,0.5981510624175602,-0.0005044663866945397,4.506837529976988e-05,0.0009133392171003368
adaptive_rollout_adp,5,15,408.0,41.69709286053604,28.988949535006956,23.62127595621236,-0.16965312648356384,0.11780951649501809,0.595491506384762,2.90876920824737e-06,-0.0003029640133340531,-0.0008574287070767239
adaptive_rollout_adp,5,16,411.0,41.19233347711218,29.34115109050401,25.39578415891318,-0.16685502729627796,0.11698835482995408,0.5875128264067315,0.0005079098337515633,-0.0006544325113566769,-0.002628186753757828
adaptive_rollout_adp,5,17,414.0,40.69820947110601,29.689258598773378,27.138377879238632,-0.16256408620414609,0.11507846272664089,0.5742152052262908,0.001010530989371885,-0.001009320983200441,-0.0043989145239811955
adaptive_rollout_adp,5,18,417.0,40.21917768734797,30.02997539987515,28.83310073608184,-0.1567947715350842,0.11205954413726844,0.5555989480556727,0.0015107664459220078,-0.001367613253899913,-0.006169591619133802
adaptive_rollout_adp,5,19,420.0,39.75965141035461,30.359944166362233,30.46399744766989,-0.14956165508752595,0.10791145022193038,0.5316644825712538,0.002008610440737755,-0.0017292931092782282,-0.007940197641186416
adaptive_rollout_adp,5,20,423.0,39.32400005478817,30.675747346131303,32.015114198945554,-0.14087941154931657,0.10261418016610536,0.502412358906171,0.0025040572387043537,-0.0020943442961338732,-0.009710712192928548
adaptive_rollout_adp,5,21,426.0,38.916548857662846,30.97390760771937,33.47049900892366,-0.13076281791443062,0.09614788199362456,0.467843249640823,0.002997101132322511,-0.002462750522427921,-0.01148111487820345
adaptive_rollout_adp,5,22,429.0,38.54157857230402,31.250888288032495,34.814202098015826,-0.1192267528975247,0.0884928533751094,0.4279579497912563,0.003487736441774157,-0.0028344954574717153,-0.013251385302143051
adaptive_rollout_adp,5,23,432.0,38.20332516406714,31.50309384249301,36.03027625531715,-0.10628619634633717,0.07962954243186338,0.38275737679543537,0.003975957514987881,-0.0032095627321149928,-0.01502150307140293
adaptive_rollout_adp,5,24,435.0,37.90597950782262,31.72687029759154,37.10277720584855,-0.09195622865194597,0.06953854853520225,0.33224257049739864,0.004461758727704042,-0.003587935938934464,-0.01679144779439723
adaptive_rollout_adp,5,25,438.0,37.65368708721315,31.918505705830185,38.0157639777484,-0.07625203015689638,0.05820062310120652,0.27641469312929895,0.004945134483539554,-0.003969598632422817,-0.018561199081533558
adaptive_rollout_adp,5,26,441.0,37.450547695689764,32.07423060304306,38.75329926940712,-0.05918888056121032,0.045596670380880784,0.21527502929132972,0.005426079214052364,-0.004354534329178173,-0.0203307365454479
adaptive_rollout_adp,5,27,444.0,37.30061513933312,32.1902184680804,39.29944981653837,-0.040782158326288814,0.031707748245704,0.14882498592953677,0.005904587378805594,-0.004742726508093969,-0.022100039801239462
adaptive_rollout_adp,5,28,447.0,37.20789694146615,32.2625861848424,39.63828675918049,-0.021047340076719392,0.01651506896855534,0.07706609231151638,0.0063806534654313705,-0.005134158610549284,-0.023869088466705494
adaptive_rollout_adp,5,29,450.0,37.176354049064464,32.28739450664882,39.7538860086219,-1.0408340855860843e-16,0.0,-3.469446951953614e-16,0.0068542719896943225,-0.005528814040599587,-0.025637862162576117
adaptive_rollout_adp,6,0,453.0,37.21482680157474,32.19166858906801,39.753888590916105,0.02557634213174227,-0.06384621457956834,1.7215278196538787e-06,0.008454842663315285,-0.021253053667014278,5.145844033247107e-05
adaptive_rollout_adp,6,1,456.0,37.326529835407165,31.91066467960233,39.75389618460525,0.04882505318570368,-0.12351602785495482,3.340926754466515e-06,0.007818419961954702,-0.019805686366738698,5.142440391600368e-05
adaptive_rollout_adp,6,2,459.0,37.50456959933083,31.45695476702377,39.7539084806086,0.06980571345527287,-0.17898098399362575,4.8564009396740924e-06,0.007192107096335389,-0.0183540332116103,5.13897750953664e-05
adaptive_rollout_adp,6,3,462.0,37.74223148504649,30.843195291545086,39.753925164461386,0.08857803758731336,-0.23021323801960125,6.266156904822472e-06,0.006575911281521119,-0.01689816285376983,5.135455426947989e-05
adaptive_rollout_adp,6,4,465.0,38.032980226593466,30.082125310671774,39.75394591632209,0.10520187214604815,-0.2771855568629519,7.568403614540501e-06,0.005969839616028203,-0.01543814399393979,5.131874184408469e-05
adaptive_rollout_adp,6,5,468.0,38.370460292444044,29.186564661933904,39.75397041097979,0.11973719317419802,-0.3198713203903746,8.761352509617961e-06,0.005373899081743728,-0.013974045380633033,5.128233823173647e-05
adaptive_rollout_adp,6,6,471.0,38.74849627027724,28.169412122554657,39.753998317861665,0.13224410375142195,-0.35824452241682836,9.843217548040753e-06,0.004788096543845138,-0.012505935809360786,5.1245343851801336e-05
adaptive_rollout_adp,6,7,474.0,39.16109324442392,27.04364356611237,39.7540293010406,0.14278283155010763,-0.3922797716982094,1.081221524598268e-05,0.0042124387507211265,-0.011033884121840101,5.1207759130450964e-05
adaptive_rollout_adp,6,8,477.0,39.60243716597529,25.82231011625302,39.75406301924292,0.15141372638856065,-0.4219522929050462,1.1666564718752991e-05,0.0036469323338939146,-0.009557959205200844,5.116958450065772e-05
adaptive_rollout_adp,6,9,480.0,40.06689521554726,24.518536297510153,39.75409912585624,0.15819725778164073,-0.44723792757719644,1.2404487721699133e-05,0.0030915838079428413,-0.00807822999119211,5.1130820402189664e-05
adaptive_rollout_adp,6,10,483.0,40.54901615869284,23.145518183289184,39.75413726893748,0.1631940124888932,-0.4681131350595256,1.3024208691063633e-05,0.0025463995704293266,-0.006594765455388128,5.109146728160546e-05
adaptive_rollout_adp,6,11,486.0,41.04353069395521,21.71652154107327,39.75417709122092,0.16646469206022443,-0.48455499341855024,1.3523954784794839e-05,0.0020113859018231687,-0.005107634616393669,5.105152559224925e-05
adaptive_rollout_adp,6,12,489.0,41.545351793554346,20.244879974907793,39.754218230126476,0.1680701103791697,-0.4965412003400269,1.3901955923310728e-05,0.001486548965430195,-0.003616906535048975,5.1010995794245464e-05
adaptive_rollout_adp,6,13,492.0,42.04957503669971,18.743993065220685,39.75426031776801,0.1680711912038018,-0.5040500740074699,1.4156444830214789e-05,0.0009718948073212544,-0.002122650313634151,5.0969878354493454e-05
adaptive_rollout_adp,6,14,495.0,42.551478935522326,17.22732450603585,39.75430298096182,0.16652896570532932,-0.50706055396158,1.4285657072963577e-05,0.00046742935626257966,-0.0006249350950731648,5.092817374666215e-05
adaptive_rollout_adp,6,15,498.0,43.0465252536192,15.708400239636916,39.75434584123523,0.16350457000443305,-0.5055522019405673,1.4287831103485089e-05,-2.6841576352522887e-05,0.0008761699378627258,5.0885882451184606e-05
adaptive_rollout_adp,6,16,501.0,43.530359317203406,14.200806588738748,39.7543885148353,0.159059242705389,-0.49950520270135207,1.416120829874743e-05,-0.0005109122965706146,0.002380595563351922,5.084300495525248e-05
adaptive_rollout_adp,6,17,504.0,43.998810318853295,12.71818838622402,39.754430612737664,0.15325432242802708,-0.488900364821627,1.3904033001276819e-05,-0.0009847772279437178,0.0038882725213199186,5.079954175281038e-05
adaptive_rollout_adp,6,18,507.0,44.4478916138544,11.274247102502343,39.75447174065549,0.1461512453375741,-0.4737191214827649,1.3514552559624382e-05,-0.0014484309115935584,0.0053991315142371725,5.0755493344550194e-05
adaptive_rollout_adp,6,19,510.0,44.873801009127774,9.882738970549429,39.75451149904855,0.1378115426724294,-0.4539435312335566,1.2991017368781064e-05,-0.0019018680062744485,0.006913103207917405,5.071086023790535e-05
adaptive_rollout_adp,6,20,513.0,45.27292104473856,8.557473108683807,39.75454948313243,0.12829683826992275,-0.42955627873476376,1.2331680910539843e-05,-0.0023450832884348233,0.008430118232316335,5.066564294704491e-05
adaptive_rollout_adp,6,21,516.0,45.64181926797893,7.312309641138674,39.75458528288785,0.11766884609010254,-0.4005406754844724,1.1534799793804686e-05,-0.002778071652277408,0.009950107182330786,5.061984199286772e-05
adaptive_rollout_adp,6,22,519.0,45.97724850001947,6.161157816486514,39.754618483070104,0.10598936773760372,-0.3668806605242317,1.0598633794845435e-05,-0.003200828109818041,0.011473000618598263,5.057345790299634e-05
adaptive_rollout_adp,6,23,522.0,46.27614709512335,5.117974123974132,39.75464866321862,0.09332028998164398,-0.32856080112596453,9.521445897497944e-06,-0.003613347790943135,0.01299872906829686,5.052649121177101e-05
adaptive_rollout_adp,6,24,525.0,46.53563919241775,4.1967604078258125,39.75467539766663,0.07972358227419749,-0.2855662934596367,8.301502333308892e-06,-0.004015625943465777,0.01452722302594559,5.0478942460243494e-05
adaptive_rollout_adp,6,25,528.0,46.7530349602171,3.4115619795723644,39.754698255551006,0.06526129426639482,-0.23788296324167013,6.937072621624339e-06,-0.004407657933180475,0.016058412954205088,5.0430812196170796e-05
adaptive_rollout_adp,6,26,531.0,46.925830832892984,2.776465728463811,39.75471680082216,0.04999555332319828,-0.18549726636408836,5.426429609621669e-06,-0.004789439243916544,0.01759222928467866,5.0382100974008926e-05
adaptive_rollout_adp,6,27,534.0,47.05170974028549,2.305598230023569,39.754730592254084,0.03398856203640154,-0.12839628950438092,3.7678495122838515e-06,-0.005160965477590134,0.01912860241871372,5.0332809354906464e-05
adaptive_rollout_adp,6,28,537.0,47.128541329651114,2.0131238528019715,39.754739183454525,0.017302595736002756,-0.06656775071607468,1.9596119523155892e-06,-0.0055222323542548895,0.02066746272820355,5.028293790669809e-05
adaptive_rollout_adp,6,29,540.0,47.15438218014244,1.9132428633870295,39.75474212287528,1.214306433183765e-16,-1.3877787807814457e-16,6.945670167485263e-19,-0.005873235712151259,0.022208740556389408,5.02324872038981e-05
adaptive_rollout_adp,7,0,543.0,47.15338558163678,1.9262230439999297,39.570794023680435,-0.0006546098597259865,0.008654194344925306,-0.12263194840387184,-0.00040906371490821714,0.0028839797694309235,-0.04082650892619727
adaptive_rollout_adp,7,1,546.0,47.15060772693272,1.964279954832522,39.031617398218884,-0.0011881758561033083,0.01671768320160642,-0.23681879016680144,-0.0003876223815958586,0.002685734437439871,-0.03801193887801871
adaptive_rollout_adp,7,2,549.0,47.14639958172294,2.0256396402412675,38.16255153438968,-0.0016088092903322195,0.024189249627686232,-0.34255789618831317,-0.00036754066083975496,0.0024873481719173366,-0.035196930935973
adaptive_rollout_adp,7,3,552.0,47.14108777056957,2.1085246178992114,36.98894331549643,-0.0019246262346709236,0.03106775944864229,-0.4398468319707045,-0.0003488187839793912,0.002288830202979219,-0.03238151752867994
adaptive_rollout_adp,7,4,555.0,47.13497456308372,2.21115412715378,35.53614663637534,-0.0021437472039604775,0.037352161293610346,-0.5286833576611039,-0.0003314569666889819,0.0020901897622586244,-0.029565731089430253
adaptive_rollout_adp,7,5,558.0,47.12833786109055,2.3317443774882243,33.82952181940212,-0.0022742968270613706,0.043041486628658976,-0.6090654280901653,-0.00031545540897498666,0.0018914360827995255,-0.026749604055811955
adaptive_rollout_adp,7,6,561.0,47.12143118678015,2.468508797079063,31.894435030387818,-0.00232440351820815,0.048134849787514436,-0.6809911928073995,-0.00030081429517380575,0.001692578398950395,-0.023933168869336663
adaptive_rollout_adp,7,7,564.0,47.114483671844496,2.6196582814418767,29.756257694373787,-0.0023021991482885863,0.05263144799973522,-0.7444589961131405,-0.00028753379394965713,0.001493625946257822,-0.021116457975065908
adaptive_rollout_adp,7,8,567.0,47.10770004760066,2.783401442157796,27.440365911335718,-0.002215818716053873,0.05653056141633581,-0.7994673770871475,-0.00027561405829263323,0.0012945879613601287,-0.01829950382123733
adaptive_rollout_adp,7,9,570.0,47.10126063610048,2.9579448556730394,24.97213987180696,-0.002073400019266359,0.059831553132859046,-0.8460150696138417,-0.0002650552255169384,0.0010954736818809545,-0.015482338858890908
adaptive_rollout_adp,7,10,573.0,47.09532134222687,3.141493312163834,22.376963272431166,-0.0018830833257913045,0.06253386920989679,-0.8841010024041766,-0.00025585741725930687,0.0008962923463228506,-0.012664995541495111
adaptive_rollout_adp,7,11,576.0,47.09001364677696,3.3322500644590756,19.68022273145437,-0.0016530110446391706,0.06463703869105843,-0.913724299014144,-0.00024802073947760236,0.0006970531939608445,-0.009847506324573041
adaptive_rollout_adp,7,12,579.0,47.08544460053212,3.5284170770130627,16.907307204166624,-0.0013913273969649248,0.06614067361838688,-0.9348842778599122,-0.00024154528244959636,0.0004977654647360072,-0.007029903665328532
adaptive_rollout_adp,7,13,582.0,47.081696819315106,3.728195274920652,14.08360739830322,-0.0011061780870308786,0.06704446904522184,-0.9475804522295985,-0.00023643112077192892,0.0002984383991490122,-0.004212220022272291
adaptive_rollout_adp,7,14,585.0,47.07882848003431,3.9297847929671703,11.234515189415694,-0.0008057099731395447,0.06734820304650996,-0.9518125302916746,-0.00023267831335924903,9.908123815368396e-05,-0.0013944878548479422
adaptive_rollout_adp,7,15,588.0,47.07687331771529,4.131385224705431,8.385423036222633,-0.0004980707385430214,0.06705173672656187,-0.9475804151000057,-0.00023028690344353568,-0.00010029677694945763,0.0014232603769419108
adaptive_rollout_adp,7,16,591.0,47.075840623519554,4.331195871552188,5.561723395950432,-0.00019140856233540416,0.06615501422425578,-0.9348842045955225,-0.00022925691857360054,-0.00029968640461965556,0.004240992212909585
adaptive_rollout_adp,7,17,594.0,47.07571524375073,4.527415991896374,2.788808139674074,0.00010612820966527769,0.06465806271568762,-0.913724191604526,-0.00022958837061476983,-0.000499078403182376,0.007058675193056287
adaptive_rollout_adp,7,18,597.0,47.076457579848075,4.7182450502114595,0.09206796766805203,0.0003863913940390937,0.06256099241426769,-0.8841008638336263,-0.0002312812557487479,-0.0006984635309357737,0.00987627685794603
adaptive_rollout_adp,7,19,600.0,47.07800358936734,4.901882966164261,-2.5031081752224766,0.000641233298883714,0.05986399656826369,-0.8460149038613134,-0.00023433555447366152,-0.0008978325462571541,0.012693764749079583
adaptive_rollout_adp,7,20,603.0,47.08026478794901,5.076530363712565,-4.971333684180198,0.0008625070529248797,0.05656735145579039,-0.7994671891261623,-0.00023875123160428416,-0.0010971762077094363,0.015511106409268362
adaptive_rollout_adp,7,21,606.0,47.08312825227381,5.2403888201838775,-7.287224878973717,0.0010420669346113405,0.05267141637724579,-0.7444587919116714,-0.00024452823627244143,-0.0012964852741476135,0.018328269383008362
adaptive_rollout_adp,7,22,609.0,47.0864566240055,5.391661115327657,-9.425401588465094,0.0011717687011877555,0.048176633645194034,-0.6809909793277343,-0.0002516665019275971,-0.0014957505048252108,0.021145221216854013
adaptive_rollout_adp,7,23,612.0,47.09008811472085,5.528551480333366,-11.360487735056752,0.0012434699177390608,0.04308352857169533,-0.6090652132887461,-0.00026016594633761984,-0.0016949626595007357,0.023961929459792083
adaptive_rollout_adp,7,24,615.0,47.093836511826666,5.649265846806685,-13.067111919067655,0.0012490302861998001,0.03739270945308293,-0.5286831504883436,-0.0002700264715897303,-0.0018941124985441264,0.02677836166361546
adaptive_rollout_adp,7,25,618.0,47.09749118546381,5.752012095696223,-14.519908003028652,0.001180311974321921,0.031104867552187564,-0.4398466423707811,-0.0002812479640916292,-0.0020931907830431923,0.029594485383296985
adaptive_rollout_adp,7,26,621.0,47.10081709639803,5.835000306163081,-15.69351569588691,0.0010291799445945344,0.024220777078009723,-0.3425577350989401,-0.0002938302945728061,-0.002292188274910043,0.032410268177363206
adaptive_rollout_adp,7,27,624.0,47.103554804897506,5.8964430043855955,-16.562581137109326,0.000787502283109144,0.016741295162839964,-0.23681866951897612,-0.00030777331808602823,-0.0024910957369875127,0.03522567760826809
adaptive_rollout_adp,7,28,627.0,47.105420480596855,5.9345554122916235,-17.101757480674827,0.000447150528363844,0.008667361836827868,-0.12263188112160053,-0.00032307687400901034,-0.0026899039331555697,0.03804068124276674
adaptive_rollout_adp,7,29,630.0,47.106105913347484,5.947555696210703,-17.285705478945488,-9.75781955236954e-18,1.3877787807814457e-17,-5.551115123125783e-17,-0.00033974078604626524,-0.002888603628437714,0.040855246652288964
adaptive_rollout_adp,8,0,633.0,47.09995600253671,5.983353776978208,-17.363723579241164,-0.004072946657606762,0.023869995169767417,-0.052012016932521936,-0.0015655275962288414,0.007952026520579806,-0.017359497803898713
adaptive_rollout_adp,8,1,636.0,47.08232576633973,6.088348501049391,-17.592405148222948,-0.007655393175528617,0.046130540600828315,-0.1004422160336009,-0.0014541726044311992,0.0074068843028012666,-0.016165755959255443
adaptive_rollout_adp,8,2,639.0,47.05465321851694,6.257703256327636,-17.96100304718836,-0.010769667435553385,0.06677615296718156,-0.14528948070924494,-0.0013465709504125144,0.006860998923566311,-0.01497182788666375
adaptive_rollout_adp,8,3,642.0,47.01830935300929,6.486565322841457,-18.458766911455022,-0.01343812130614244,0.08580157703872035,-0.18655277690225014,-0.0012427238737334572,0.0063143958655138095,-0.013777727340059814
adaptive_rollout_adp,8,4,645.0,46.97459807333757,6.770066557310553,-19.074943397998084,-0.015683129736155068,0.10320178586578554,-0.22423115311007347,-0.0011426325707023272,0.005767100619550229,-0.012583468075366672
adaptive_rollout_adp,8,5,648.0,46.92475612472121,7.103324078254964,-19.7987764331391,-0.017527089848100214,0.11897198095668451,-0.2583237404012793,-0.001046298194361275,0.005219138684555964,-0.011389063850335803
adaptive_rollout_adp,8,6,651.0,46.869953028918076,7.481440951626233,-20.619507460282126,-0.018992420030933547,0.133107592448172,-0.2888297524305592,-0.0009537218544730187,0.004670535567091617,-0.010194528424388585
adaptive_rollout_adp,8,7,654.0,46.811291021786445,7.899506876939449,-21.52637568769273,-0.020101559032417764,0.14560427926888966,-0.3157484854523247,-0.0008649046175080588,0.0041213167811041404,-0.008999875558457843
adaptive_rollout_adp,8,8,657.0,46.74980499357061,8.352598873885038,-22.508618336315635,-0.020876965051064095,0.15645792929576122,-0.3390793183328732,-0.0007798475066323926,0.0035715078476329315,-0.00780511901482929
adaptive_rollout_adp,8,9,660.0,46.68646243191124,8.835781969399177,-23.55547088762672,-0.021341114827672925,0.16566465950334014,-0.3588217125611264,-0.0006985515016957286,0.003021134294515828,-0.006610272556983002
adaptive_rollout_adp,8,10,663.0,46.62216336758164,9.344109885171669,-24.6561673315151,-0.02151650273649149,0.17322081610610704,-0.3749752122579412,-0.000621017539220197,0.0024702216560950315,-0.005415349949434843
adaptive_rollout_adp,8,11,666.0,46.55774032295121,9.872625725570131,-25.799940414190996,-0.021425639876006618,0.17912297469371385,-0.3875394441839933,-0.0005472465123895626,0.0019187954729229617,-0.004220364957577927
adaptive_rollout_adp,8,12,669.0,46.49395826317693,10.416362665959342,-26.976021886115113,-0.021091053159390465,0.1833679403591724,-0.3965141177462325,-0.0004772392710389345,0.0013668812914680137,-0.003025331347524033
adaptive_rollout_adp,8,13,672.0,46.431514550124064,10.970344641394554,-28.17364274994524,-0.02053528440461721,0.18595274781998455,-0.4018990250029111,-0.00041099662164497585,0.0008145046638202808,-0.0018302628859450006
adaptive_rollout_adp,8,14,675.0,46.37103889901701,11.529587035667616,-29.382033508495795,-0.019780889424268706,0.18687466153221202,-0.40369404066718306,-0.0003485193273166146,0.0002616911473971952,-0.0006351733399141725
adaptive_rollout_adp,8,15,678.0,46.313093337821094,12.089097370684707,-30.590424412706028,-0.018850437115047036,0.18613117579748298,-0.40189912210927675,-0.0002898081077862514,-0.00029153369535090475,0.0005599235232522301
adaptive_rollout_adp,8,16,681.0,46.258172169356335,12.643875996154494,-31.788045709612597,-0.017766508547011978,0.18372001486293404,-0.39651430935723836,-0.0002348636394014687,-0.0008451442972352315,0.001755013936153682
adaptive_rollout_adp,8,17,684.0,46.20670193614382,13.188916779565517,-32.96412789032224,-0.016551696052561356,0.1796391330140852,-0.38753972509624807,-0.00018368655511723955,-0.0013991150866230922,0.0029500841314639772
adaptive_rollout_adp,8,18,687.0,46.15904138798554,13.719207796431595,-34.10790193798022,-0.015228602315172299,0.173886714660646,-0.3749755746665081,-0.00013627744448863519,-0.0019534204877324716,0.004145120342089803
adaptive_rollout_adp,8,19,690.0,46.115481452278296,14.229732020784043,-35.208599575730375,-0.013819839457921349,0.16646117441525127,-0.35882214605970253,-9.26368536640347e-05,-0.002508034920926652,0.005340108801329357
adaptive_rollout_adp,8,20,693.0,46.07624520706243,14.71546801588949,-36.25545351466228,-0.012348028131801478,0.15736115716512483,-0.3390798099140295,-5.276528537883222e-05,-0.003062932803008909,0.00653503574303092
adaptive_rollout_adp,8,21,696.0,46.04148785680579,15.171390625172084,-37.23769770174149,-0.010835796603853986,0.14658553813666972,-0.3157490195078054,-1.666319894964616e-05,-0.003618088547517199,0.007729887401751451
adaptive_rollout_adp,8,22,699.0,46.011296710923624,15.592471663318843,-38.14456756771836,-0.009305779845133285,0.13413342295298367,-0.2888303107516415,1.5668989730972024e-05,-0.004173476565018942,0.008924650012915161
adaptive_rollout_adp,8,23,702.0,45.9856911650348,15.973680607546955,-38.96530027501133,-0.007780618618522598,0.12000414768429855,-0.25832430217919283,4.423090819932941e-05,-0.0047290712634057855,0.010119309812972085
adaptive_rollout_adp,8,24,705.0,45.96462268495473,16.309985289011763,-39.68913496556023,-0.006282958566418575,0.10419727889134296,-0.22423169493647951,6.902222742488184e-05,-0.0052848470481884355,0.011313853039556634
adaptive_rollout_adp,8,25,708.0,45.94797479342548,16.59635258433424,-40.30531300864548,-0.004835449298302833,0.0867126136616267,-0.186553272769781,9.004266181402462e-05,-0.005840778322791506,0.012508265931646119
adaptive_rollout_adp,8,26,711.0,45.93556305958326,16.827749107226683,-40.80307824866882,-0.0034607434782184567,0.06755017963864675,-0.14528990201210307,0.00010729196921338238,-0.006396839488848374,0.013702534729719306
adaptive_rollout_adp,8,27,714.0,45.92713509116364,16.999141900195415,-41.17167725289126,-0.0021814959121694583,0.04671023504401377,-0.10044253156821781,0.00012076995091259864,-0.0069530049464960894,0.014896645675914907
adaptive_rollout_adp,8,28,717.0,45.92237052944464,17.105499126299247,-41.40035955912404,-0.0010203626354612309,0.02419326869249886,-0.05201219289827717,0.0001304764516466251,-0.0075092490946702655,0.01609058501419007
adaptive_rollout_adp,8,29,720.0,45.920881046927875,17.141790760942456,-41.47837792336831,-8.456776945386935e-18,4.85722573273506e-17,1.3877787807814457e-16,0.00013641135959751007,-0.00806554633140001,0.017284338990478848
adaptive_rollout_adp,9,0,723.0,45.89931024221389,17.169367470122843,-41.49670455204811,-0.01435975995175058,0.01840071892475742,-0.012217740724227976,-0.004983693474805534,0.006117303315489154,-0.004125679990621134
adaptive_rollout_adp,9,1,726.0,45.83639437765314,17.250434560725175,-41.55042239436868,-0.02756474518692327,0.035658947808950896,-0.023594119777002452,-0.0046389500700565935,0.005705289020633065,-0.0038452724774894727
adaptive_rollout_adp,9,2,729.0,45.73557205654679,17.38154237698241,-41.63700696697314,-0.03963211304725696,0.05175991563357453,-0.0341288732122863,-0.00429717175024129,0.00529094460018162,-0.003564820667189995
adaptive_rollout_adp,9,3,732.0,45.60023030177284,17.55919721565151,-41.75393302374737,-0.05057909303841838,0.06668902851528014,-0.043821756471803155,-0.00395836245261289,0.0048742901951069,-0.0032843277905004907
adaptive_rollout_adp,9,4,735.0,45.433704340361274,17.779861858272543,-41.898674613989776,-0.06042298611847808,0.08043187027365863,-0.05267254438927384,-0.003622526080221793,0.0044553459729917855,-0.0030037970786718276
adaptive_rollout_adp,9,5,738.0,45.23927739020606,18.03995610512134,-42.068705140593124,-0.06918116398488891,0.0929742029929893,-0.06068103119431777,-0.0032896665018706025,0.004034132127797625,-0.0027232317633907295
adaptive_rollout_adp,9,6,741.0,45.020180448918424,18.335857310839074,-42.26149741823769,-0.076871068359981,0.10430196757844613,-0.06784703051601935,-0.002959787552069529,0.0036106688796316137,-0.0024426350767425492
adaptive_rollout_adp,9,7,744.0,44.779592084825836,18.663900921722135,-42.47452373159452,-0.0835102102749875,0.11440128430675003,-0.07417037538615912,-0.00263289303099224,0.0031849764745138444,-0.0021620102511740354
adaptive_rollout_adp,9,8,747.0,44.520638230121115,19.020381014655626,-42.70525589353796,-0.08911616935261524,0.12325845337125621,-0.07965091824210961,-0.002308986704432068,0.0027570751841440883,-0.001881360519456094
adaptive_rollout_adp,9,9,750.0,44.24639197616599,19.401550837673756,-42.95116530336629,-0.09370659308817443,0.1308599554214661,-0.08428853092939612,-0.001988072303758631,0.002326985305668254,-0.001600689114646548
adaptive_rollout_adp,9,10,753.0,43.959873370953424,19.803623352130383,-43.20972300502959,-0.0972991961292818,0.13719245209695313,-0.08808310470392196,-0.0016701535258748545,0.0018947271614445833,-0.001319999270052892
adaptive_rollout_adp,9,11,756.0,43.66404921873292,20.22277177646295,-43.478399745363774,-0.09991175955415124,0.14224278655569175,-0.09103455023385851,-0.0013552340331743728,0.001460321098809524,-0.0010392942191950454
adaptive_rollout_adp,9,12,759.0,43.36183288180309,20.655130131532996,-43.75466603232978,-0.1015621301484864,0.14599798399677955,-0.09314279760119978,-0.0010433174534993503,0.00102378748984334,-0.0007585771957681004
adaptive_rollout_adp,9,13,762.0,43.0560840844756,21.096793787526423,-44.03599219325691,-0.10226821968098937,0.1484452521775418,-0.09440779630298167,-0.0007344073800986776,0.0005851467311354193,-0.0004778514336050725
adaptive_rollout_adp,9,14,765.0,42.74960871921466,21.543820012396612,-44.31984843308934,-0.1020480041774999,0.1495719819250087,-0.09482951525216575,-0.00042850737158658795,0.00014441924354931696,-0.00019712016663965114
adaptive_rollout_adp,9,15,768.0,42.44515865495614,21.992228521833542,-44.60370489263479,-0.1009195231937795,0.14936574764175486,-0.09440794277818763,-0.00012562095190165337,-0.00029837452801250027,8.361337113106399e-05
adaptive_rollout_adp,9,16,771.0,42.14543154761029,22.43800203074194,-44.8850317068143,-0.09890087908695469,0.1478143078060911,-0.09314308662716986,0.00017424838973380182,-0.0007432141148441732,0.00036434594568381584
adaptive_rollout_adp,9,17,774.0,41.85307065275225,22.87708680621154,-45.16129906291219,-0.09601023628563383,0.1449056054665989,-0.09103497396179944,0.00047109719885390575,-0.0011900790246722485,0.0006450743230064378
adaptive_rollout_adp,9,18,777.0,41.57066464050402,23.30539322196242,-45.4299772588251,-0.09226582055871212,0.14062776873099747,-0.08808365136086982,0.0007649220557890267,-0.0016389487418917463,0.0009257952691351171
adaptive_rollout_adp,9,19,780.0,41.3007474126121,23.718796314248454,-45.688536761309166,-0.0876859182828788,0.13496911124933408,-0.08428918481848754,0.001055719575705172,-0.0020898027278024975,0.0012065055501916501
adaptive_rollout_adp,9,20,783.0,41.04579792172445,24.113136339201805,-45.934448264224365,-0.08228887570884158,0.1279181326914876,-0.07965165974294337,0.0013434864086429785,-0.0025426204208457543,0.0014872019324206898
adaptive_rollout_adp,9,21,786.0,40.80823999287074,24.484219331601366,-46.16518274677488,-0.07609309822628212,0.11946351921897644,-0.07417118095524808,0.0016282192395563038,-0.0029973812368410476,0.0017678811822270058
adaptive_rollout_adp,9,22,789.0,40.59044214714957,24.827817665048084,-46.378211531744654,-0.06911704962755764,0.10959414395106098,-0.0678478726873328,0.001909914788350417,-0.003454064569223321,0.002048540066212729
adaptive_rollout_adp,9,23,792.0,40.394717427626475,25.13967061353002,-46.57100634372697,-0.06137925137016292,0.09829906742513164,-0.06068187857991414,0.0021885698099197853,-0.0039126497892803145,0.0023291753512146044
adaptive_rollout_adp,9,24,795.0,40.2233232274464,25.415484914359993,-46.74103936734719,-0.05289828183796709,0.08556753805137317,-0.05267336168002375,0.0024641810941854526,-0.004373116246390207,0.0026097838043412334
adaptive_rollout_adp,9,25,798.0,40.078461120164235,25.65093533246862,-46.885783305477524,-0.043692775601240144,0.07138899256169638,-0.04382250443820284,0.0027367454661320254,-0.004835443268259504,0.0028903621930103213
adaptive_rollout_adp,9,26,801.0,39.96227669229712,25.841665226035524,-47.00271143744291,-0.033781422675483425,0.05575305645292827,-0.034129508705361314,0.0030062597858442454,-0.005299610161161191,0.003170907284985907
adaptive_rollout_adp,9,27,804.0,39.876859378102,25.98328711344151,-47.08929767721697,-0.02318296777907885,0.03864954442425168,-0.023594595729301737,0.003272720948543162,-0.005765596210173113,0.003451415848415611
adaptive_rollout_adp,9,28,807.0,39.82424229658199,26.07138324152442,-47.14301663160702,-0.011916209589771468,0.02006846080888598,-0.012218006150908187,0.0035361258846218985,-0.006233380679416612,0.0037318846518678535
adaptive_rollout_adp,9,29,810.0,39.80640209072506,26.101506155121363,-47.16134365842714,0.0,-4.85722573273506e-17,1.214306433183765e-17,0.0037964715596810125,-0.006702942812295403,0.00401231046436909
adaptive_rollout_adp,10,0,813.0,39.70745174003885,26.009979450209308,-47.23081106437237,-0.06603603935672053,-0.060943092373111456,-0.046311559504630964,-0.022095708471939722,-0.02038899687579013,-0.015497582212860034
adaptive_rollout_adp,10,1,816.0,39.41644411221368,25.742797386798685,-47.434429415249404,-0.12803314779297353,-0.11710814183978235,-0.08943387743199624,-0.0206161584972557,-0.018941174039602198,-0.014434677481241436
adaptive_rollout_adp,10,2,819.0,38.94558207352783,25.314207438756398,-47.7626294837067,-0.1859339849671411,-0.16855298317451428,-0.12936595815983876,-0.019127527033062967,-0.017503425517590963,-0.013371606463531412
adaptive_rollout_adp,10,3,822.0,38.30724005513041,24.738282715651213,-48.20583916575901,-0.23968151495912307,-0.2153360241238177,-0.16610687955648218,-0.017629831228252346,-0.016075812898576874,-0.01230838140620549
adaptive_rollout_adp,10,4,825.0,37.51396313644031,24.028920247470435,-48.754483701283334,-0.289219008493687,-0.2575162429818944,-0.19965579299677716,-0.016123088336134943,-0.014658397654615758,-0.01124501455751371
adaptive_rollout_adp,10,5,828.0,36.57846612188487,23.19983927663534,-49.398985894560674,-0.33449004515730457,-0.295153186149125,-0.23001192337677787,-0.014607315714243459,-0.013251241140290644,-0.010181518167339546
adaptive_rollout_adp,10,6,831.0,35.51363261099785,22.264579557366886,-50.12976633485998,-0.37543851560843067,-0.3283069656734098,-0.2571745691271478,-0.013082530824132186,-0.011854404592005017,-0.00911790448705875
adaptive_rollout_adp,10,7,834.0,34.33251406189645,21.236499662453035,-50.93724361706041,-0.41200862378118147,-0.35703825677441225,-0.2811431022252956,-0.011548751231175918,-0.010467949127277333,-0.00805418576939829
adaptive_rollout_adp,10,8,837.0,33.04832884815725,20.12877529746895,-51.81183456230804,-0.4441448890823682,-0.38140829535075343,-0.3019169682062395,-0.010005994604367519,-0.009091935744036968,-0.0069903742682951055
adaptive_rollout_adp,10,9,840.0,31.674461309111116,18.95439762250111,-52.74395443870334,-0.47179214858184393,-0.4014788754702071,-0.31949568617220153,-0.008454278716114426,-0.007726425319921522,-0.00592648223875503
adaptive_rollout_adp,10,10,843.0,30.224460793577094,17.726171581426286,-53.72401718201543,-0.49489555919611944,-0.41731234684294577,-0.33387884880093044,-0.00689362144203392,-0.006371478611575539,-0.004862521936711557
adaptive_rollout_adp,10,11,846.0,28.712040697055624,16.456714238796124,-54.74243561641949,-0.5134005998652059,-0.4289716122778863,-0.34506612235275336,-0.005324040760747168,-0.0050271562539505555,-0.0037985056188846837
adaptive_rollout_adp,10,12,849.0,27.151077492401456,15.15845312437798,-55.78962167525337,-0.5272530737226413,-0.43652012512218713,-0.3530572466763564,-0.003745554753672129,-0.0036935187596066244,-0.0027344455426396887
adaptive_rollout_adp,10,13,852.0,25.55560975399676,13.843624585402488,-56.85598662178963,-0.536399110258657,-0.4400218866839462,-0.35785203521329384,-0.002158181604815251,-0.0023706265180151983,-0.0016703539658459547
adaptive_rollout_adp,10,14,855.0,23.939837175445057,12.524272146568146,-57.93194127001922,-0.5407851674764439,-0.4395414436381516,-0.35945037500122595,-0.000561939600562017,-0.001058539794863464,-0.0006062431467357549
adaptive_rollout_adp,10,15,858.0,22.318119580806794,11.212244877853125,-59.00789620544297,-0.5403580340414728,-0.43514388541593585,-0.35785222667588523,0.0010431528705337509,0.00024268126863992673,0.0004578746562369871
adaptive_rollout_adp,10,16,861.0,20.704975929397403,9.919195770184281,-60.074262005867034,-0.5350648314238289,-0.426894841577185,-0.3530576244717713,0.002657077317961708,0.0015329766564576791,0.0015219871845378822
adaptive_rollout_adp,10,17,864.0,19.115083314168892,8.656580119013245,-61.12144946219857,-0.5248530160335176,-0.41486047916655544,-0.3450666762215742,0.00427981514946798,0.002812286478415212,0.0025860821796933053
adaptive_rollout_adp,10,18,867.0,17.563275953696134,7.435653915849293,-62.13986979923772,-0.5096703813486982,-0.39910750005294954,-0.33387956335432634,0.005911347671269369,0.00408055097089062,0.0036501473834316123
adaptive_rollout_adp,10,19,870.0,16.064544177789088,6.267472247798519,-63.119934896462205,-0.489465060036805,-0.3797031382525033,-0.31949654089228263,0.0075516560882686965,0.005337710497503112,0.00471417053782436
adaptive_rollout_adp,10,20,873.0,14.634033406752401,5.162887705158726,-64.05205750880059,-0.464185526068513,-0.3567151572351386,-0.3019179374465297,0.0092007215042713,0.006583705549800041,0.005778139385427497
adaptive_rollout_adp,10,21,876.0,13.287043124313895,4.132548797119229,-64.9266514873905,-0.4337805968245066,-0.3302118472147333,-0.2811441552113234,0.010858524922202755,0.007818476747942425,0.006842041669422589
adaptive_rollout_adp,10,22,879.0,12.03902584424359,3.186898375614673,-65.73413200031796,-0.3981994351950097,-0.3002620224229625,-0.25717566995715513,0.01252504724432769,0.009041964841389001,0.007905865133758008
adaptive_rollout_adp,10,23,882.0,10.905586070685048,2.3361720673817303,-66.46491575333395,-0.3573915516720355,-0.26693501836686506,-0.230013031022547,0.014200269272469796,0.010254110709578773,0.008969597523290122
adaptive_rollout_adp,10,24,885.0,9.902479252220953,1.5903967142674604,-67.10942121054461,-0.3113068064343142,-0.23030068907018852,-0.19965686130457608,0.015884171708232996,0.0114548553626121,0.01003322658392447
adaptive_rollout_adp,10,25,888.0,9.045610729694921,0.9593888218378877,-67.65806881507086,-0.2598954114248581,-0.19042940429856808,-0.16610785724812763,0.017576735153223746,0.012644139941930222,0.011096740062756929
adaptive_rollout_adp,10,26,891.0,8.35103467781174,0.45275301633522447,-68.1012812096741,-0.20310793242112232,-0.14739204676859322,-0.12936678883387764,0.019277940109274524,0.013821905720993335,0.01216012570821486
adaptive_rollout_adp,10,27,894.0,7.834953040538254,0.0798805100319947,-68.42948345734384,-0.14089529109771964,-0.1012600093408175,-0.0894344995650049,0.020987766978668422,0.014988094105957105,0.013223371270198271
adaptive_rollout_adp,10,28,897.0,7.513714460327356,-0.15005242496985943,-68.63310326184354,-0.07320876708164965,-0.052105192196766625,-0.04631190645263263,0.02270619606436493,0.01614264663634765,0.014286464500220902
adaptive_rollout_adp,10,29,900.0,7.403813201187548,-0.22808597444696144,-68.70257118821101,-3.0531133177191805e-16,-2.983724378680108e-16,-9.71445146547012e-17,0.024433207570226843,0.017285504985735015,0.015349393151551347
local_search,1,0,3.0,-0.045494680385305825,-35.007913314698484,10.017839947929797,-0.030335804010919072,-0.0052412222481652586,0.011893287202371691,-0.010105907869716279,-0.0017813881922581704,0.003977236584168219
local_search,1,1,6.0,-0.17891655809490087,-35.03060676629083,10.070131243924887,-0.05861759134599459,-0.009855748439651188,0.02296754332818552,-0.009409742319340627,-0.0016388081060305123,0.0037042713710665085
local_search,1,2,9.0,-0.39409596144769693,-35.066242473790766,10.154416409007444,-0.08484030089816558,-0.013871722422930744,0.033222512784779515,-0.008712950147675473,-0.0015009558620913649,0.0034312634851161195
local_search,1,3,12.0,-0.6848482515927743,-35.11306705782084,10.268237225730683,-0.10899901568519574,-0.01731733459236141,0.04265795885265042,-0.008015539381699391,-0.0013678356868310072,0.003158216071341551
local_search,1,4,15.0,-1.0449742551298515,-35.16941177853673,10.409134794804535,-0.13108896301320858,-0.02022082074574153,0.051273663689546785,-0.007317518055517089,-0.0012394517521267428,0.0028851322752226558
local_search,1,5,18.0,-1.4682606972157852,-35.23369267012224,10.574649591733104,-0.1511055146371721,-0.022610460940622697,0.05906942833423582,-0.006618894210266876,-0.0011158081752948405,0.0026120152426584086
local_search,1,6,21.0,-1.9484806351479445,-35.30441067185152,10.762321523462939,-0.1690441869183299,-0.02451457834940081,0.06604507270994404,-0.00591967589402802,-0.0009969090190431041,0.0023388681199306635
local_search,1,7,24.0,-2.479393892415295,-35.38015175571468,10.969689985041134,-0.18490064097857598,-0.025961538113208445,0.07220043562747168,-0.005219871161728045,-0.0008827582914240718,0.002065694053667913
local_search,1,8,27.0,-3.054747493208018,-35.45958705060332,11.194293916282295,-0.19867068285176964,-0.026979746194631136,0.0775353747879807,-0.004519488075049918,-0.0007733599457888406,0.0017924961908090346
local_search,1,9,30.0,-3.6682760973764816,-35.54147296305249,11.433671858443361,-0.21035026363198825,-0.02759764822927028,0.08204976678545645,-0.003818534702339205,-0.0006687178807415254,0.0015192776785670405
local_search,1,10,33.0,-4.313702435830374,-35.62465129453566,11.685362010905342,-0.2199354796187147,-0.02784372837617534,0.08574350710884297,-0.0031170191185111063,-0.0005688359400943498,0.0012460416643928227
local_search,1,11,36.0,-4.984737746368793,-35.70804935530925,11.946902287860954,-0.22742257245895672,-0.027746508167168053,0.08861651014385179,-0.002414949404957441,-0.00047371791282336184,0.0009727912959388929
local_search,1,12,39.0,-5.6750822099321,-35.790680074803554,12.215830375007204,-0.2328079292862953,-0.02733454535508139,0.09066870917444425,-0.0017123336494535473,-0.00038336753302478844,0.0006995297210231222
local_search,1,13,42.0,-6.378425387266288,-35.87164210855679,12.489683786241928,-0.23608808285685975,-0.02663643276093599,0.09190005638398739,-0.0010091799460651178,-0.0002977884798720166,0.00042626008759247963
local_search,1,14,45.0,-7.088446655990688,-35.95011994168908,12.765999920363301,-0.2372597116822264,-0.025680797120076874,0.09231052285608328,-0.0003054963950549489,-0.00021698437757321231,0.00015298554368676966
local_search,1,15,48.0,-7.798815648059728,-36.02538398891331,13.04231611777136,-0.23631964015923854,-0.024496297927293208,0.09190009857507184,0.00039870889721036645,-0.00014095879532956734,-0.00012029076259763814
local_search,1,16,51.0,-8.503192687609552,-36.09679069107988,13.316169717170528,-0.23326483869674502,-0.023111626280943917,0.09066879242620711,0.001103427818353828,-6.971524729418408e-05,-0.0003935656831440715
local_search,1,17,54.0,-9.195229229180212,-36.163782608252355,13.58509811227219,-0.22809242383925504,-0.021555503726112007,0.08861663219550703,0.0018086522500814822,-3.2571925315926648e-06,-0.0006668360698518197
local_search,1,18,57.0,-9.86856829630421,-36.22588850931115,13.846638808496323,-0.2207996583875066,-0.019856681096810422,0.08574366456927664,0.002514374068275937,5.8411965022097734e-05,-0.0009400987746724025
local_search,1,19,60.0,-10.516844920452101,-36.28272345808243,14.098329479671206,-0.21138395151594624,-0.018043937357262285,0.08204995513330478,0.00322058514308996,0.00011528887659841165,-0.0012133506496458356
local_search,1,20,63.0,-11.13368658032591,-36.33398889598951,14.33770802473023,-0.1998428588871178,-0.01614607844227843,0.07753558837173427,0.00392727733904013,0.00016737024863508446,-0.0014865885469368904
local_search,1,21,66.0,-11.712713641491067,-36.37947272122407,14.562312624404834,-0.1861740827629578,-0.014191936096755123,0.07220066766560562,0.004634442515100557,0.00021465284281400426,-0.001759809318871363
local_search,1,22,69.0,-12.247539796337586,-36.41904936443451,14.769681797912575,-0.1703754721129953,-0.01221036671431486,0.06604531529107421,0.0053420725247966625,0.0002571334760985175,-0.0020330098179723293
local_search,1,23,72.0,-12.731772504361203,-36.45267986092905,14.957354459639365,-0.15244502271945404,-0.010230250175113207,0.05906967241730107,0.006050159216299033,0.0002948090207700955,-0.002306186896996409
local_search,1,24,75.0,-13.15901343275517,-36.480411919391024,15.122869975814886,-0.1323808772792545,-0.008280488682834602,0.051273899104017244,0.006758694432517326,0.00032767640446436787,-0.002579337408970017
local_search,1,25,78.0,-13.5228588973034,-36.50237998710387,15.263768221180213,-0.11018132550291426,-0.006390005600900103,0.04265817429876176,0.007467670011194229,0.0003557326102065137,-0.002852458207225618
local_search,1,26,81.0,-13.816900303565657,-36.518805311683735,15.377589635646661,-0.08584480421034418,-0.004587744287910035,0.03322269583379328,0.008177077784999508,0.0003789746764460184,-0.003125546145437976
local_search,1,27,84.0,-14.03472458834547,-36.52999599931719,15.461875280944877,-0.05936989742353861,-0.00290266693234456,0.02296768042267547,0.008886909581624074,0.0003973996970907894,-0.003398598077660402
local_search,1,28,87.0,-14.169914661431484,-36.53634706950199,15.514166897263195,-0.030755336456157724,-0.0013637533865451532,0.011893363656536107,0.00959715722387414,0.0004110048215406346,-0.0036716108583609874
local_search,1,29,90.0,-14.216049847602848,-36.53834050628877,15.532006959874282,-4.5102810375396984e-17,-1.3660947373317356e-17,4.85722573273506e-17,0.010307812529765415,0.0004197872547201009,-0.00394458134245885
local_search,2,0,93.0,-14.233161946841797,-36.391474687913224,15.643527894110104,-0.01129731193384002,0.0979233269727002,0.07434721811761119,-0.0038219321347982647,0.03262820228526526,0.02480233444259242
local_search,2,1,96.0,-14.281699293074261,-35.960810992542896,15.970410779940623,-0.020957748490173428,0.1891967327587995,0.14357449656597987,-0.0034902323611736385,0.03038785957204498,0.023095970100908737
local_search,2,2,99.0,-14.356888558757266,-35.26632543841545,16.497293390090388,-0.029072852582568153,0.2738028178082244,0.20768023966503296,-0.0031738686720156903,0.028145317264539466,0.021389339695878588
local_search,2,3,102.0,-14.454231154586102,-34.328044841526754,17.2088088872095,-0.03573423959375545,0.3517251165808951,0.2666629697148297,-0.002872844711803587,0.025900679479625776,0.01968246288771954
local_search,2,4,105.0,-14.56950344134303,-33.166044012766974,18.08958617785266,-0.04103359366955167,0.4229480980985016,0.3205213270211002,-0.0025871639483042936,0.02365405035832064,0.01797535933948768
local_search,2,5,108.0,-14.69875693062564,-31.800442953444414,19.124250266531767,-0.04506266401138872,0.48745716646751847,0.36925406991874504,-0.0023168296725326358,0.021405534064580813,0.016268048716851124
local_search,2,6,111.0,-14.838318474450805,-30.25140404928353,20.297422609835962,-0.0479132611675263,0.5452386613734483,0.4128600747932956,-0.002061844998713378,0.01915523478410311,0.014560550687863445
local_search,2,7,114.0,-14.9847904437304,-28.539129262983348,21.593721470612994,-0.04967725332301935,0.5962798585462842,0.45133833610033475,-0.001822212864245353,0.016903256723124163,0.012852884922737163
local_search,2,8,117.0,-15.135050895615132,-26.683857325422682,22.997762272205783,-0.05044656258851399,0.640568970197182,0.48468796638287726,-0.001597936029667622,0.014649704107219977,0.011145071093617058
local_search,2,9,120.0,-15.286253729703109,-24.705860925598536,24.49415795273806,-0.05031316128794511,0.6780951454263351,0.5129081962867106,-0.0013890170786276736,0.012394681180105298,0.009437128874353624
local_search,2,10,123.0,-15.435828833109934,-22.625443899384088,26.06751931944299,-0.04936906824520918,0.708848470602043,0.5359983745736946,-0.0011954584178516586,0.010138292202432732,0.007729077940276385
local_search,2,11,126.0,-15.581482214397388,-20.46293841719269,27.702455403028605,-0.047706345069885456,0.7328199697109665,0.5539579681330212,-0.0010172622771166687,0.00788064145059162,0.006020937967967245
local_search,2,12,129.0,-15.72119612635793,-18.238702170634312,29.383573812073973,-0.045417092442078956,0.7500016046795625,0.5667865619904326,-0.0008544307092250467,0.005621833215506843,0.004312728635033819
local_search,2,13,132.0,-15.853229177652503,-15.97311555825095,31.095481087449958,-0.04259344639645871,0.7603862756666929,0.5744838593153991,-0.0007069655899807391,0.003361971801437358,0.002604469619882765
local_search,2,14,135.0,-15.976116433299357,-13.686578870417431,32.822783056758446,-0.03932757460556454,0.7639678213274023,0.5770496814262552,-0.0005748686181676866,0.0011011615247746858,0.0008961806014930566
local_search,2,15,138.0,-16.08866950401176,-11.399509473494149,34.55008518878392,-0.03571167266245582,0.7607410190478566,0.5744839677932951,-0.00045814131553025483,-0.0011604932871589146,-0.0008121187408106842
local_search,2,16,141.0,-16.189976624382794,-9.132338993318243,36.261992947951256,-0.03183796036277569,0.7507015851514425,0.566786776039827,-0.00035678502675570505,-0.003422888297312164,-0.002520408727584914
local_search,2,17,144.0,-16.279402719915527,-6.9055104981197415,37.94311214878365,-0.027798677986304046,0.7338461750760188,0.5539582819411855,-0.00027080091945870207,-0.005685919160106799,-0.004228669679493858
local_search,2,18,147.0,-16.3565894628972,-4.739475680949239,39.57804931035446,-0.023686082578072816,0.7101723835223207,0.5359987794217037,-0.00020018998416786117,-0.007949481522639582,-0.005936881917536226
local_search,2,19,150.0,-16.421455317116177,-2.6546920417036204,41.15141201072695,-0.019592444229116955,0.67967874457351,0.5129086805496434,-0.00014495303431434408,-0.01021347102588446,-0.007645025763271897
local_search,2,20,153.0,-16.474195571420704,-0.67162006883643,42.64780924137577,-0.015610042356934563,0.642364731785872,0.48468851553008463,-0.00010509070622248041,-0.012477783305894753,-0.009353081539048638
local_search,2,21,156.0,-16.5152823621187,1.1892795791605753,44.05185176158399,-0.01183116198572962,0.5982307582506549,0.4513389326957739,-8.060345910244329e-05,-0.014742313995005418,-0.011061029568228763
local_search,2,22,159.0,-16.545464684218054,2.907548892418098,45.34815245280968,-0.008348090026510786,0.5472781766270522,0.41286069849593204,-7.149157504495607e-05,-0.017006958723035374,-0.012768850175415812
local_search,2,23,162.0,-16.56576839150708,4.462735328405634,46.5213266730158,-0.0052531115571197145,0.48950927914632575,0.3692546974830209,-7.775515901804335e-05,-0.019271613118489822,-0.014476523686681227
local_search,2,24,165.0,-16.577496185475056,5.834394630616888,47.55599261095738,-0.00263850610226235,0.4249272975870696,0.32052193229747006,-9.93941388658224e-05,-0.021536172809762576,-0.016184030429790976
local_search,2,25,168.0,-16.58222759307295,7.002093647137693,48.436771640419764,-0.0005965439136166608,0.35353640322161606,0.26666352365036267,-0.0001364082653093338,-0.02380053342633845,-0.01789135073443217
local_search,2,26,171.0,-16.581818933314683,7.945413149009853,49.1482886744019,0.0007805177499097264,0.275341706733583,0.20768071030408214,-0.00018879711194941346,-0.02606459059999558,-0.019598464932439687
local_search,2,27,174.0,-16.578403272719477,8.643950648304353,49.67517251923847,0.001400438341698535,0.19034925810656483,0.1435748490509185,-0.0002565600752716042,-0.02832823996600774,-0.02130535335802273
local_search,2,28,177.0,-16.57439036959607,9.077323215817355,50.002056228654844,0.0011709977466430365,0.09856604648396909,0.07434741468963565,-0.000339696374653109,-0.030591377164346588,-0.02301199634799137
local_search,2,29,180.0,-16.572466607169822,9.225170298302423,50.113577457748576,-7.37257477290143e-18,2.7755575615628914e-16,-1.3877787807814457e-16,-0.0004382050523717826,-0.03285389784088392,-0.024718374241983084
local_search,3,0,183.0,-16.523400781957182,9.217535373421615,50.13949182463203,0.03270484389140451,-0.005126951054770705,0.017276228003881924,0.010970948220478298,-0.001671976059272003,0.005822898627998458
local_search,3,1,186.0,-16.379683682627583,9.19461638024351,50.2154503547814,0.06310110709456795,-0.010186767016166933,0.03336274348261736,0.010212576891178382,-0.0015782074979752685,0.005426393365158191
local_search,3,2,189.0,-16.14823413522728,9.156661365632928,50.337883347920375,0.09119342217762524,-0.015148358735516631,0.04825917358687701,0.00945521249358744,-0.001479294373168522,0.005029825590790085
local_search,3,3,192.0,-15.835956831930888,9.104011565304146,50.50322002634597,0.11698657912119154,-0.01998068963994933,0.06196517288224148,0.008698863752470243,-0.001375243549724824,0.004633199873316629
local_search,3,4,195.0,-15.449741859149208,9.037101244225108,50.70788861718234,0.14048552508767836,-0.024652776977719382,0.07448042335518305,0.007943539380891288,-0.00126606195170303,0.004236520781827804
local_search,3,5,198.0,-14.996464226334085,8.956457533288393,50.94831643465178,0.16169536418729358,-0.029133693061712988,0.08580463441857375,0.0071892480801144295,-0.00115175656226802,0.0038397928860284605
local_search,3,6,201.0,-14.482983395490235,8.862700262254423,51.22092996236154,0.18062135724072972,-0.033392566511114205,0.09593754291671949,0.006435998539502657,-0.001032334423610262,0.003443020756185665
local_search,3,7,204.0,-13.91614281140397,8.756541788972454,51.52215493560507,0.1972689215385456,-0.03739858349120542,0.10487891312992041,0.005683799436417975,-0.0009078026368646761,0.0030462089630760624
local_search,3,8,207.0,-13.302769432598726,8.638786824885008,51.84841642367621,0.2116436305972459,-0.04112098895127789,0.112628536778557,0.004932659436121458,-0.0007781683620288378,0.00264936207793321
local_search,3,9,210.0,-12.649673263027303,8.510332256821426,52.19613891219491,0.2237512139120636,-0.04452908786062776,0.11918623302670227,0.0041825871916734095,-0.0006434388178804911,0.0022524846723949226
local_search,3,10,213.0,-11.9636468845107,8.372166965086349,52.5617463854431,0.2335975567064506,-0.047592246442613374,0.12455184848525973,0.0034335913438336943,-0.0005036212818943941,0.0018555813184506081
local_search,3,11,216.0,-11.251464989933405,8.225371637848953,52.94166240870927,0.24118869967828102,-0.05027989340674935,0.12872525721462721,0.002685680520962188,-0.0003587230901584764,0.0014586565883885965
local_search,3,12,219.0,-10.519883917204998,8.07111858183889,53.332310210640294,0.2465308387427725,-0.052561521178813145,0.13170636072688638,0.0019388633389193848,-0.00020875163728933368,0.0010617150547434688
local_search,3,13,222.0,-9.775641183997916,7.91067152935491,53.73011276559916,0.24963032477213085,-0.054406687128939896,0.13349508798751805,0.0011931484009671455,-5.3714376347038014e-05,0.0006647612902433804
local_search,3,14,225.0,-9.025455023271178,7.745385441592257,54.13149287602708,0.2504936633319226,-0.055785014797681165,0.13409139541664325,0.00044854429766958315,0.00010638118125071627,0.0002677998677573885
local_search,3,15,228.0,-8.276023919589909,7.576706308294965,54.53287325480866,0.24912751441418127,-0.05666619512000351,0.1334952668897898,-0.00029494039320590056,0.00027152746581514636,-0.00012916463975723262
local_search,3,16,231.0,-7.534026146250427,7.406170943739289,54.93067660763864,0.24553869216725266,-0.0570199876472026,0.1317067137381848,-0.0010372971067874235,0.00044171684947358347,-0.0005261276593076705
local_search,3,17,234.0,-6.806119303220684,7.2354067790545376,55.32132571538877,0.23973416462238376,-0.05681622176670882,0.12872577474857255,-0.0017785172911972938,0.000616941646257341,-0.0009230846179182524
local_search,3,18,237.0,-6.098939855905817,7.066131650887696,55.70124351647348,0.23172105341706167,-0.056024797919760255,0.12455251616255841,-0.002518592407650523,0.000797194112190263,-0.0013200309426831276
local_search,3,19,240.0,-5.41910267474855,6.900153586418252,56.066853189212864,0.22150663351510724,-0.05461568881691897,0.11918703167547808,-0.0032575139305532005,0.0009824664453779272,-0.001716962060818946
local_search,3,20,243.0,-4.773200575674173,6.739370584729738,56.414578234191495,0.2090983329235293,-0.05255894065140662,0.11262944243479275,-0.003995273347600698,0.001172750786097526,-0.0021138733997175356
local_search,3,21,246.0,-4.167803861389818,6.5857703945445705,56.7408425566118,0.19450373240614494,-0.04982467431023539,0.10487989703800996,-0.004731862159875739,0.0013680392168884093,-0.0025107603869985815
local_search,3,22,249.0,-3.60945986354771,6.441430288328838,57.04207054864044,0.17773056519397132,-0.04638308658311037,0.0959385715301301,-0.005467271881946292,0.0015683237626432916,-0.0029076184505622935
local_search,3,23,252.0,-3.104692485782082,6.308516832773742,57.3146871717463,0.15878671669239502,-0.04220445136907941,0.08580566940061893,-0.006201494041963343,0.001773596390700125,-0.003304443018642085
local_search,3,24,255.0,-2.660001747629409,6.189285655660516,57.555118039028756,0.1376802241851243,-0.037259120880906715,0.07448142157990563,-0.006934520181758471,0.0019838490109346358,-0.00370122951985723
local_search,3,25,258.0,-2.2818633293416006,6.086081209115648,57.75978949753464,0.11441927653493014,-0.03151752684714624,0.0619660864354071,-0.007666341856941289,0.0021990734758535204,-0.00409797338326553
local_search,3,26,261.0,-1.976728117601784,6.001336529263384,57.925128710562646,0.08901221388118205,-0.02495018171189126,0.04825994976707796,-0.008396950636996735,0.0024192615806883045,-0.00449467003841597
local_search,3,27,264.0,-1.7510217521522742,5.937572992282478,58.047563739953596,0.06146752733418431,-0.01752767983217631,0.033363324802486646,-0.009126338105382176,0.0026444050634898612,-0.004891314915401371
local_search,3,28,267.0,-1.6111441733443337,5.897400066874307,58.12352362836529,0.031793858666318744,-0.009220698673007848,0.01727655219141767,-0.009854495859624373,0.0028744956052235886,-0.005287903444911032
local_search,3,29,270.0,-1.5634691706192816,5.883515063149468,58.14943848153042,-9.020562075079397e-17,-3.469446951953614e-18,-3.469446951953614e-18,-0.010581415511416276,0.0031095248298652406,-0.005684431058283368
local_search,4,0,273.0,-1.6308005250141733,5.938691422752536,58.057177842027016,-0.04484602504698961,0.03683497698368558,-0.06150703395583697,-0.014984201577380571,0.012227541361825299,-0.020427953287109158
local_search,4,1,276.0,-1.8275273344460954,6.101159265268626,57.78674951940695,-0.08626631323643,0.07152377951464174,-0.11877834138475678,-0.013922703018926898,0.011414554075610341,-0.01901627791943845
local_search,4,2,279.0,-2.1434236795253043,6.364412967956442,57.35086268088527,-0.12429508962213631,0.1040217133918439,-0.17181260533102835,-0.012867228773605145,0.010594381565187244,-0.017604383486081454
local_search,4,3,282.0,-2.568366648511737,6.72181335892403,56.76223029814051,-0.15896680071188363,0.13428444029975725,-0.22060860644382174,-0.011817791000376752,0.009767064766105978,-0.0161922862519258
local_search,4,4,285.0,-3.0923369995180767,7.166588787405632,56.03356885446813,-0.19031611302749502,0.16226797955363015,-0.2651652229982636,-0.010774401788663577,0.008932644696218007,-0.014780002484195313
local_search,4,5,288.0,-3.7054198183861438,7.691836199257616,55.177598051873325,-0.21837791166030576,0.1879287098335799,-0.305481430914806,-0.009737073158208634,0.008091162455203797,-0.013367548452262703
local_search,4,6,291.0,-4.3978051722227764,8.290522217639808,54.20704051810823,-0.24318729882203294,0.2112233709074368,-0.3415563037769078,-0.008705817058937625,0.007242659224099352,-0.01195494042746209
local_search,4,7,294.0,-5.159788758581467,8.955484228848446,53.134621513658615,-0.26477959239107873,0.23210906534231251,-0.37338901284702897,-0.007680645370821294,0.006387176264821795,-0.010542194682901577
local_search,4,8,297.0,-5.981772550276093,9.679431473266899,51.97306863868517,-0.28319032445429637,0.2505432602048588,-0.4009788270809371,-0.006661569903738532,0.0055247549196940525,-0.009129327493275802
local_search,4,9,300.0,-6.854265435813179,10.454946141400127,50.735111539924354,-0.2984552398442479,0.2664837887501835,-0.4243251131403259,-0.005648602397340367,0.004655436610968574,-0.007716355134678415
local_search,4,10,303.0,-7.76788385542921,11.274484474958864,49.43348161755394,-0.3106102946719823,0.2798888520993908,-0.4434273354037461,-0.00464175452091471,0.0037792628403501742,-0.006303293884414626
local_search,4,11,306.0,-8.713352432719583,12.130377872959293,48.08091173202829,-0.31969165485536355,0.29071702090571133,-0.45828505597584757,-0.0036410378732519193,0.002896275188517927,-0.0048901600208136504
local_search,4,12,309.0,-9.681504601845926,13.014834002803964,46.690135910888486,-0.3257356946429771,0.2989272370091912,-0.46889793469493335,-0.0026464639825111917,0.002006515314646155,-0.003476969823041208
local_search,4,13,312.0,-10.663283230308519,13.919937916309571,45.27388905555224,-0.32877899513364467,0.3044788150799059,-0.4752657291388253,-0.0016580443060877558,0.0011100249559245243,-0.0020637395709119793
local_search,4,14,315.0,-11.649741237270721,14.837653170647132,43.844906648088816,-0.32885834279157644,0.30733144424966685,-0.4773882946290409,-0.000675790230480889,0.00020684592707724786,-0.0006504855447020778
local_search,4,15,318.0,-12.632042207422353,15.759822954159958,42.41592445798393,-0.3260107279571894,0.30744518973218954,-0.4752655842332817,0.00030028692883726077,-0.0007029798801186402,0.0007627759750385155
local_search,4,16,321.0,-13.601461000369055,16.67817121702481,40.999678248899706,-0.32027334335362206,0.3047804944316895,-0.46889764876623274,0.001270175927552025,-0.001619410497315855,0.002176028707673496
local_search,4,17,324.0,-14.549384355534784,17.584303806721422,39.60890348543479,-0.311683582588975,0.2992981805398756,-0.4582846367886737,0.0022338655926357493,-0.0025424038800803384,0.0035892563726677845
local_search,4,18,327.0,-15.467311492564656,18.469709608275572,38.256335039889635,-0.30027903865430605,0.2909594511213093,-0.4434267946049011,0.0031913448224764954,-0.0034719179083756075,0.005002442689775077
local_search,4,19,330.0,-16.34685470721544,19.32576168924073,36.954706899042094,-0.2860975024174106,0.27972589168709683,-0.4243244662584619,0.004142602587005951,-0.0044079103870479685,0.0064155713792253925
local_search,4,20,333.0,-17.179739962721108,20.143718449383254,35.716751870938296,-0.2691769611124163,0.2655594717568858,-0.4009780935261985,0.00508762792782648,-0.005350339046312609,0.00782862616191262
local_search,4,21,336.0,-17.95780747662094,20.914724775035992,34.55520129170395,-0.24955559682522194,0.2484225464091328,-0.37338821591060556,0.006026409958337365,-0.006299161542240532,0.00924159075958204
local_search,4,22,339.0,-18.673012303037726,21.629813198085035,33.48278473238111,-0.22727178497481088,0.22827785781961293,-0.34155547063049785,0.00695893786386022,-0.007254335457246369,0.010654448895017862
local_search,4,23,342.0,-19.317424910393793,22.279905059554352,32.51222970579546,-0.20236409279046796,0.2050885367881403,-0.3054805926099906,0.007885200901763574,-0.008215818300577006,0.012067184292230724
local_search,4,24,345.0,-19.883231754552536,22.855811677752843,31.656261373459188,-0.174871277784931,0.17881810425346922,-0.2651644144657913,0.008805188401586636,-0.009183567508801083,0.013479780676645209
local_search,4,25,348.0,-20.36273584737338,23.348235520948336,30.92760225251452,-0.14483228622350597,0.14943047279634625,-0.22060786649280384,0.009718889765162192,-0.010157540446299334,0.014892221775287293
local_search,4,26,351.0,-20.748357320668042,23.74777138453293,30.338971922723,-0.1122862515891768,0.11688994813068296,-0.17181197664804485,0.010626294466738724,-0.01113769440575572,0.016304491316971852
local_search,4,27,354.0,-21.032633985546177,24.044907572643993,29.903086733505496,-0.07727249304373929,0.0811612305828204,-0.118777870532873,0.011527392053101647,-0.012123986608649434,0.017716573032490066
local_search,4,28,357.0,-21.208221887138478,24.230027084205073,29.632659511038092,-0.039830513884990024,0.042209416558855455,-0.06150677137353086,0.012422172143693736,-0.013116374205747693,0.019128450654796857
local_search,4,29,360.0,-21.267895854685488,24.293408803350808,29.540399265408873,-4.163336342344337e-17,7.632783294297951e-17,-4.163336342344337e-17,0.013310624430734707,-0.01411481427759936,0.02054010791919829
local_search,5,0,363.0,-21.04673312645683,24.310774639973154,29.45773720956471,0.1474551527799419,0.011410398732207193,-0.05510798432608034,0.0492200045484019,0.003970277001228759,-0.018331551947038806
local_search,5,1,366.0,-20.39836310762815,24.359239303350755,29.215443610512292,0.284803330998022,0.020743985853186556,-0.10642092664216499,0.045825877717638894,0.0036002251859957347,-0.017066747128186496
local_search,5,2,369.0,-19.353124018882756,24.432779003334446,28.824905376624244,0.4120331009486079,0.028138537421656028,-0.15393764600740398,0.0424309008360157,0.003253216289528031,-0.015801745702054462
local_search,5,3,372.0,-17.94138732726791,24.52578341735519,28.29751282792381,0.5291337321351177,0.0337319216367226,-0.19765704893106872,0.039035113013338396,0.0029292559494036472,-0.01453656224133706
local_search,5,4,375.0,-16.193555636168675,24.63305595848921,27.64465943370593,0.6360951975337634,0.037662093266904464,-0.23757812939143957,0.035638553368754926,0.0026283495376834437,-0.013271211320825628
local_search,5,5,378.0,-14.140060574512823,24.749814026807297,26.877741550103895,0.7329081738424308,0.04006708807722753,-0.27369996885318254,0.03224126103030458,0.0023505021608492497,-0.012005707517240647
local_search,5,6,381.0,-11.811360685251426,24.871689244002653,26.008158157606147,0.819564041714691,0.04108501725450659,-0.3060217362832144,0.028843275134467182,0.0020957186597450376,-0.010740065409063793
local_search,5,7,384.0,-9.237939313159705,24.994727671291987,25.047310598527734,0.8960548859789401,0.04085406183092106,-0.33454268816505567,0.025444634825712336,0.0018640036095211542,-0.009474299576370013
local_search,5,8,387.0,-6.450302492002784,25.115390010584928,24.00660231444099,0.9623734958426629,0.03951246710599559,-0.3592621685116719,0.022045379256048346,0.0016553613195816259,-0.008208424600659518
local_search,5,9,390.0,-3.4789768311109626,25.23055178891713,22.897438583569958,1.0185133650818157,0.03719853706709561,-0.3801796088768026,0.01864554758457131,0.0014697958335345004,-0.006942455064689861
local_search,5,10,393.0,-0.3545074014091689,25.33750352614276,21.73122625815309,1.0644686922153275,0.03405062880854812,-0.3972945283647772,0.015245178977013956,0.0013073109291452747,-0.00567640555230791
local_search,5,11,396.0,2.892544379054763,25.433950885882464,20.51937350177876,1.100234380664714,0.030207146949497853,-0.4106065336388195,0.011844312605294446,0.0011679101182933732,-0.004410290648281856
local_search,5,12,399.0,6.2316028600383255,25.518014809723084,19.27328952669815,1.1258060388988018,0.025806538050609173,-0.4201153189278383,0.008442987647065152,0.001051596646931692,-0.0031441249381331873
local_search,5,13,402.0,9.632080274444403,25.58823163466595,18.004384331120036,1.1411799805635625,0.020987285029723836,-0.42582066603170604,0.005041243285261298,0.000958373495049198,-0.0018779230079686883
local_search,5,14,405.0,13.063378854028503,25.64355319382068,16.724068436491976,1.1463532245970502,0.015887901576585053,-0.4277224443250238,0.001639118707649647,0.0008882433766366164,-0.0006116994443123892
local_search,5,15,408.0,16.494892945428447,25.68334690034191,15.443752624772502,1.1413234953294444,0.010646926566738052,-0.4258206107593742,-0.0017633468936230458,0.0008412087396551465,0.0006545311660624761
local_search,5,16,411.0,19.89601112647185,25.707395814606627,14.174847675698821,1.1260892225681933,0.005402918474717511,-0.4201152098640605,-0.00516611432248145,0.0008172717660082755,0.0019207542363014786
local_search,5,17,414.0,23.236118322716692,25.71589869463013,12.928764104054551,1.1006495416682578,0.0002944497866321869,-0.4106063737453331,-0.008569144379373178,0.0008164343715166371,0.0031869551796370604
local_search,5,18,417.0,26.48459792418023,25.709470029718986,11.716911896942062,1.065004293587454,-0.004539898587742926,-0.39729432208410315,-0.011972397861720439,0.000838698205895942,0.004453119409556561
local_search,5,19,420.0,29.61083390221163,25.689140057359662,10.55070025106394,1.0191540249268922,-0.008961542903256542,-0.38017936213214293,-0.015375835564371575,0.0008840646527379752,0.0057192323399702545
local_search,5,20,423.0,32.58421292646355,25.656354763341852,9.441537310018122,0.963099987956514,-0.012831902167942773,-0.35926188870677345,-0.01877941828005273,0.0009525348294946553,0.006985279385379385
local_search,5,21,426.0,35.37412648191793,25.612975865115864,8.40082990161123,0.8968441406257232,-0.016012403731744205,-0.3345423841840392,-0.02218310679981952,0.0010441095874651615,0.008251245961044179
local_search,5,22,429.0,37.94997298592141,25.561280778383715,7.4399832751946615,0.8203891465591139,-0.018364488875285957,-0.3060214184903703,-0.025586861913508695,0.0011587895117861275,0.00951711748315187
local_search,5,23,432.0,40.281159905185476,25.50396256692398,6.570400839027953,0.733738375037293,-0.019749618398590404,-0.2736996490927319,-0.028990644410189878,0.001296574921424901,0.0107828793689847
local_search,5,24,435.0,42.337105872706786,25.444129875650738,5.803483897673967,0.6368959009627979,-0.020029278209622116,-0.23757782098726135,-0.032394415078617206,0.0014574658691758698,0.012048517037087907
local_search,5,25,438.0,44.08724280456287,25.38530684690724,5.150631389430439,0.5298665048111104,-0.019064984912552718,-0.19765676668639282,-0.035798134707681104,0.0016414621416598503,0.01331401590743771
local_search,5,26,441.0,45.501018016538495,25.3314330199954,4.623239623802412,0.4126556725667663,-0.016718291395635233,-0.15393740620447022,-0.03920176408685994,0.0018485632593265497,0.014579361401609262
local_search,5,27,444.0,46.54789634053806,25.28686321394233,4.232702019020107,0.28526959564456256,-0.012850792418577573,-0.10642074704184801,-0.042605264006671785,0.002078768476460089,0.015844538942944592
local_search,5,28,447.0,47.19736224073919,25.25636739350568,3.9904088396067525,0.14771517079586252,-0.007324130199304839,-0.055107884167480456,-0.04600859525912603,0.0023320767811875922,0.017109533956720536
local_search,5,29,450.0,47.41892192944294,25.245130518419753,3.90774693400092,3.0531133177191805e-16,-2.6020852139652106e-17,2.914335439641036e-16,-0.049411718638175145,0.002608486895490845,0.01837433187031662
local_search,6,0,453.0,47.384446121985114,25.265673608182205,4.0233459873291,-0.022968413935938348,0.013721378847533772,0.07706596156920334,-0.007853675655693006,0.004547789763235199,0.02569370505731633
local_search,6,1,456.0,47.28363122387965,25.326266749539425,4.362182382194946,-0.044227030281833155,0.026698099990397565,0.14882475148775193,-0.00731368925662516,0.004249534638352122,0.023924940375241593
local_search,6,2,459.0,47.12158754804122,25.4246421428987,4.908332108121932,-0.06378858462671874,0.038907626851398903,0.21527471626388744,-0.006775992662413689,0.0039476217461523406,0.022155900080162844
local_search,6,3,462.0,46.90338703180678,25.558464579036556,5.645866377595511,-0.08166592502263487,0.050327556381118764,0.2764143247004076,-0.006240592067271465,0.0036420666513277177,0.020386604551253556
local_search,6,4,465.0,46.63406290036319,25.72533184101415,6.558851992986814,-0.09787201143987348,0.06093561994535865,0.3322421679211264,-0.005707493638961667,0.0033328849605279436,0.018617074170627444
local_search,6,5,468.0,46.31860933181256,25.92277510874868,7.63135171355258,-0.11241991521987087,0.07070968420834245,0.38275695939522053,-0.005176703518726736,0.0030200923221807415,0.016847329323103715
local_search,6,6,471.0,45.96198112388246,26.14825936622799,8.847424622504942,-0.12532281852575547,0.07962775201165562,0.42795753495946226,-0.004648227821217632,0.0027037044263116044,0.015077390395972199
local_search,6,7,474.0,45.569093362288,26.39918381135557,10.191126494144742,-0.13659401379056255,0.08766796324890444,0.46784285283833754,-0.004122072634423379,0.002383737004363044,0.013307277778758515
local_search,6,8,477.0,45.14482109075276,26.67288226841312,11.646510161052033,-0.1462469031631265,0.0948085957360781,0.5024119936620499,-0.0035982440196009524,0.0020602058290133665,0.011537011862989166
local_search,6,9,480.0,44.693998982695454,26.966623603127697,13.197625881327419,-0.1542949979516619,0.10102806607759633,0.5316641604824096,-0.0030767480112054357,0.0017331267139949732,0.009766613041956654
local_search,6,10,483.0,44.22142101458941,27.277612140330547,14.828521705877884,-0.1607519180650443,0.10630493052802577,0.5555986787866073,-0.002557590616820513,0.0014025155139121897,0.007996101710484524
local_search,6,11,486.0,43.73184014100151,27.60298808419453,16.52324384574078,-0.16563139145180183,0.11061788584944782,0.5742149965088729,-0.002040777817089261,0.0010683881240586167,0.0062254982646924376
local_search,6,12,489.0,43.229967971317706,27.939827941037134,18.265837039439603,-0.16894725353682882,0.11394577016446124,0.5875126840400184,-0.0015263155656452551,0.0007307604802340266,0.004454823101761186
local_search,6,13,492.0,42.720474448161696,28.285144944675924,20.040344920365246,-0.17071344665583243,0.11626756380480259,0.5954914342348663,-0.0010142097890439732,0.0003896485585607766,0.0026840966196977623
local_search,6,14,495.0,42.2079875275137,28.63588948432324,21.83081038417634,-0.17094401948752366,0.11756239015556777,0.5981510624175602,-0.0005044663866945397,4.506837529976988e-05,0.0009133392171003368
local_search,6,15,498.0,41.69709286053604,28.988949535006956,23.62127595621236,-0.16965312648356384,0.11780951649501809,0.595491506384762,2.90876920824737e-06,-0.0003029640133340531,-0.0008574287070767239
local_search,6,16,501.0,41.19233347711218,29.34115109050401,25.39578415891318,-0.16685502729627796,0.11698835482995408,0.5875128264067315,0.0005079098337515633,-0.0006544325113566769,-0.002628186753757828
local_search,6,17,504.0,40.69820947110601,29.689258598773378,27.138377879238632,-0.16256408620414609,0.11507846272664089,0.5742152052262908,0.001010530989371885,-0.001009320983200441,-0.0043989145239811955
local_search,6,18,507.0,40.21917768734797,30.02997539987515,28.83310073608184,-0.1567947715350842,0.11205954413726844,0.5555989480556727,0.0015107664459220078,-0.001367613253899913,-0.006169591619133802
local_search,6,19,510.0,39.75965141035461,30.359944166362233,30.46399744766989,-0.14956165508752595,0.10791145022193038,0.5316644825712538,0.002008610440737755,-0.0017292931092782282,-0.007940197641186416
local_search,6,20,513.0,39.32400005478817,30.675747346131303,32.015114198945554,-0.14087941154931657,0.10261418016610536,0.502412358906171,0.0025040572387043537,-0.0020943442961338732,-0.009710712192928548
local_search,6,21,516.0,38.916548857662846,30.97390760771937,33.47049900892366,-0.13076281791443062,0.09614788199362456,0.467843249640823,0.002997101132322511,-0.002462750522427921,-0.01148111487820345
local_search,6,22,519.0,38.54157857230402,31.250888288032495,34.814202098015826,-0.1192267528975247,0.0884928533751094,0.4279579497912563,0.003487736441774157,-0.0028344954574717153,-0.013251385302143051
local_search,6,23,522.0,38.20332516406714,31.50309384249301,36.03027625531715,-0.10628619634633717,0.07962954243186338,0.38275737679543537,0.003975957514987881,-0.0032095627321149928,-0.01502150307140293
local_search,6,24,525.0,37.90597950782262,31.72687029759154,37.10277720584855,-0.09195622865194597,0.06953854853520225,0.33224257049739864,0.004461758727704042,-0.003587935938934464,-0.01679144779439723
local_search,6,25,528.0,37.65368708721315,31.918505705830185,38.0157639777484,-0.07625203015689638,0.05820062310120652,0.27641469312929895,0.004945134483539554,-0.003969598632422817,-0.018561199081533558
local_search,6,26,531.0,37.450547695689764,32.07423060304306,38.75329926940712,-0.05918888056121032,0.045596670380880784,0.21527502929132972,0.005426079214052364,-0.004354534329178173,-0.0203307365454479
local_search,6,27,534.0,37.30061513933312,32.1902184680804,39.29944981653837,-0.040782158326288814,0.031707748245704,0.14882498592953677,0.005904587378805594,-0.004742726508093969,-0.022100039801239462
local_search,6,28,537.0,37.20789694146615,32.2625861848424,39.63828675918049,-0.021047340076719392,0.01651506896855534,0.07706609231151638,0.0063806534654313705,-0.005134158610549284,-0.023869088466705494
local_search,6,29,540.0,37.176354049064464,32.28739450664882,39.7538860086219,-1.0408340855860843e-16,0.0,-3.469446951953614e-16,0.0068542719896943225,-0.005528814040599587,-0.025637862162576117
local_search,7,0,543.0,37.213083825694426,32.24080910952316,39.75944708239531,0.024451420233478655,-0.031084594911808896,0.0037073789565438124,0.008042806999677812,-0.010333828407620486,0.001286679954848239
local_search,7,1,546.0,37.32021879290068,32.103859112951305,39.77574736314391,0.046939110557756146,-0.060240844601075455,0.007159464443756411,0.007456109256173561,-0.009637943943533607,0.0012015962045940506
local_search,7,2,549.0,37.49191114158564,31.88236729528174,39.8020208477827,0.06749200859527664,-0.087443620019589,0.010356175167208626,0.006874406490211265,-0.008938093807516301,0.0011164986120675562
local_search,7,3,552.0,37.722400059984025,31.582231374254775,39.837501298167425,0.08613917477430766,-0.11266809075994971,0.013297435715306784,0.006297705402950653,-0.008234311929251703,0.0010313881575848103
local_search,7,4,555.0,38.00601210028236,31.20942310962992,39.88142225874507,0.10290979112988542,-0.13588972602101068,0.01598317656060559,0.005726012637932584,-0.007526632283716241,0.0009462658216100337
local_search,7,5,558.0,38.33716154163745,30.76998740293089,39.933017074208124,0.1178331601022115,-0.15708429556399753,0.018413334061019703,0.005159334781002537,-0.006815088890788242,0.0008611325847443204
local_search,7,6,561.0,38.710350749586226,30.27004139433629,39.99151890715235,0.13093870333252425,-0.17622787065928716,0.020587850460933605,0.004597678360234726,-0.006099715814856038,0.0007759894277143426
local_search,7,7,564.0,39.12017053183953,29.71577355674398,40.05616075573772,0.14225596045646924,-0.19329682502382678,0.0225066738922098,0.0040410498458569154,-0.005380547164425536,0.0006908373313610529
local_search,7,8,567.0,39.561300490452176,29.113442787037254,40.12617547135225,0.15181458789499214,-0.20826783574917498,0.02416975837509525,0.003489455650175867,-0.004657617091727292,0.0006056772766283817
local_search,7,9,570.0,40.02850937036212,28.46937749458098,40.200795776278326,0.15964435764277826,-0.2211178842201464,0.0255770638190261,0.0029429021275034746,-0.003930959792323086,0.0005205102445519406
local_search,7,10,573.0,40.516655404291214,27.789974686975924,40.279254281361396,0.16577515605426285,-0.23182425702404208,0.026728556023330668,0.002401395574083573,-0.0032006095047119962,0.00043533721624771943
local_search,7,11,576.0,41.02068665400041,27.081699053099534,40.36078350368054,0.17023698262723577,-0.2403645468504477,0.027624206677830634,0.001864942228019392,-0.0024666005099359552,0.0003501591729007836
local_search,7,12,579.0,41.53564134789219,26.351082043461492,40.44461588422071,0.17305994878406497,-0.24671665338158155,0.028263993363340508,0.001333548269201702,-0.0017289671311848617,0.0002649770957539714
local_search,7,13,582.0,42.05664821495316,25.604720947902425,40.52998380554634,0.17427427665056264,-0.2508587841731753,0.028647899552065297,0.0008072198192376205,-0.0009877437334011572,0.00017979196609659042
local_search,7,14,585.0,42.57892681502968,24.849277970664193,40.61611960947596,0.17391029783251846,-0.25276945552586966,0.0287759146078964,0.0002859629413800956,-0.00024296472288396907,9.46047652531127e-05
local_search,7,15,588.0,43.09778786542968,24.091479302860243,40.70225561475758,0.17199845218992366,-0.2524274933471081,0.02864803378660571,-0.00023021635954195024,0.0005053354531072754,9.416474571870021e-06
local_search,7,16,591.0,43.60863356384367,23.338114192374558,40.78762413474449,0.16856928660891052,-0.24981203400351162,0.02826425823593794,-0.0007413121371927898,0.0012571223067496511,-7.577192458625118e-05
local_search,7,17,594.0,44.1069579075782,22.596034011217768,40.87145749507115,0.1636534537714315,-0.2449025251637172,0.027624594995601135,-0.001247318503798394,0.002012361310054045,-0.00016095945085911395
local_search,7,18,597.0,44.588347009094996,21.87215132036909,40.95298805132896,0.1572817109227021,-0.23767872663166417,0.02672905699715543,-0.0017482296302142556,0.002771017895262918,-0.00024614512289463796
local_search,7,19,600.0,45.048479407849086,21.173438932132743,41.03144820674151,0.14948491863643187,-0.22812071117031152,0.02557766306379997,-0.0022440397459925444,0.00353305745524851,-0.00033132795936210296
local_search,7,20,603.0,45.48312637841936,20.50692897003761,41.10607042983903,0.14029403957786807,-0.21620886531576944,0.0241704379100581,-0.002734743139448577,0.004298445343911527,-0.0004165069789634541
local_search,7,21,606.0,45.88815223492495,19.879711926308858,41.17608727213176,0.1297401372646762,-0.20192389018183005,0.022507412141360737,-0.003220334157726623,0.005067146876580245,-0.0005016812004446067
local_search,7,22,609.0,46.259514631721146,19.298935716940434,41.24073138578191,0.11785437482568198,-0.18524680225488036,0.020588622253527963,-0.0037008072068650203,0.00583912733041008,-0.0005868496426067499
local_search,7,23,612.0,46.59326486036823,18.771804734397247,41.299235541273944,0.1046680137574991,-0.1661589341791823,0.018414110632148886,-0.004176156751860613,0.006614351944783596,-0.0006720113243176501
local_search,7,24,615.0,46.88554814286716,18.305578897975984,41.350832645082754,0.09021241267906743,-0.14464193553250398,0.01598392555185971,-0.004646377316732523,0.00739278592171094,-0.0007571652645229534
local_search,7,25,618.0,47.13260392115571,17.90757270185352,41.39475575733965,0.07451902608412612,-0.12067777359208703,0.01329812117552008,-0.0051114634845852245,0.008174394426230712,-0.0008423104822574871
local_search,7,26,621.0,47.330766142859,17.585154260851947,41.430238109495626,0.057619403091646204,-0.09424873409093439,0.01035675755328768,-0.005571409897670953,0.00895914258681126,-0.0009274459966565606
local_search,7,27,624.0,47.47646354328821,17.345744353949275,41.456513121981736,0.03954518619424727,-0.06533742196440404,0.007159900621591121,-0.00602621125745142,0.009746995495752402,-0.001012570826967265
local_search,7,28,627.0,47.5662199236817,17.196815465564914,41.47281442186623,0.020328110004623003,-0.03392676208709343,0.003707622202001116,-0.006475862324658858,0.010537918209587546,-0.0010976839925597713
local_search,7,29,630.0,47.59665442568228,17.145890824649083,41.47837586050816,8.673617379884035e-17,-1.1796119636642288e-16,-1.7780915628762273e-17,-0.00692035791935637,0.011331875749486249,-0.001182784512938626
local_search,8,0,633.0,47.59740078521472,17.10973048413229,41.28886926209212,0.00047030014319513456,-0.024107425759074333,-0.1263376109939207,1.2696713220941916e-06,-0.00803524564883367,-0.0420595259263398
local_search,8,1,636.0,47.59919094729704,17.003733480362694,40.7333999279465,0.0006977454402733032,-0.046557500744268315,-0.2439749229388804,-2.7013132605140837e-05,-0.0074820081086083325,-0.0391599058084852
local_search,8,2,639.0,47.601330142603565,16.83287506861309,39.83807284306309,0.0007048670860387926,-0.06734811514583045,-0.3529092273119914,-5.154074946528723e-05,-0.006928591324363795,-0.03625983457229518
local_search,8,3,642.0,47.60319120575238,16.602136489428744,38.629000817285,0.0005142030517315479,-0.08647738859953644,-0.4531380160736032,-7.231289670256598e-05,-0.006375020788044109,-0.03335934562631052
local_search,8,4,645.0,47.604214594271774,16.316504280216904,37.13230388379137,0.00014829717645353752,-0.1039436702349191,-0.5446589817106305,-8.932933502384609e-05,-0.005821321993364532,-0.030458472383883925
local_search,8,5,648.0,47.60390840484085,15.980969586702239,35.37410869745734,-0.00037030174151391366,-0.11974553871644897,-0.627470017276417,-0.0001025898684014001,-0.005267520435517845,-0.027557248262795167
local_search,8,6,651.0,47.60184838680392,15.60052747426927,33.38054793309951,-0.0010190408534837946,-0.1338818022776653,-0.701569216427133,-0.00011209434407516308,-0.004713641610880653,-0.024655706684866094
local_search,8,7,654.0,47.59767795295846,15.180176239213013,31.177759683617563,-0.0017753641692101387,-0.14635149874825662,-0.7669548734547078,-0.00011784265255449324,-0.004159711016719669,-0.021753881075575666
local_search,8,8,657.0,47.59110818761645,14.724916719918937,28.791886858042176,-0.0026167134657898578,-0.15715389557409054,-0.8236254833162955,-0.00011983472761943116,-0.003605754150897977,-0.018851804863674812
local_search,8,9,660.0,47.581917851938925,14.239751607993416,26.249076579499775,-0.003520529196601744,-0.1662884898301924,-0.8715797416602732,-0.00011807054632146459,-0.0030517965115813154,-0.01594951148080142
local_search,8,10,663.0,47.56995338654373,13.729684759365826,23.575479583104485,-0.0044642514002646875,-0.17375500822667259,-0.9108165448487727,-0.00011255012898379196,-0.0024978635969443337,-0.013047034361095125
local_search,8,11,666.0,47.555128911386326,13.199720505383432,20.7972496137877,-0.005425320609597153,-0.1795534071076024,-0.9413349899767443,-0.0001032735392010881,-0.0019439809048768539,-0.010144406940812228
local_search,8,12,669.0,47.537426222913794,12.654862963920225,17.940542824075653,-0.006381178760559981,-0.18368387244283862,-0.9631343748875519,-9.02408838387717e-05,-0.0013901739326901384,-0.007241662657940469
local_search,8,13,672.0,47.51689478849202,12.100115350520865,15.031517171825408,-0.0073092701011645556,-0.1861468198127969,-0.9762141981851012,-7.345231303177476e-05,-0.0008364681768231622,-0.004338834951813801
local_search,8,14,675.0,47.493651738106244,11.540479289600874,12.096331817929663,-0.008187042100328399,-0.18694289438617429,-0.9805741592424986,-5.2908020182813e-05,-0.0002828891325489012,-0.0014359572627272582
local_search,8,15,678.0,47.46788185333517,10.98095412572425,9.16114652400079,-0.008991946356660235,-0.18607297089062136,-0.9762141582072413,-2.860824196015705e-05,0.00027053770631937777,0.0014669369684483582
local_search,8,16,681.0,47.43983755359881,10.426536234979617,6.2521210500444955,-0.009701439507156588,-0.1835381535763648,-0.9631342960029402,-5.532582949066014e-07,0.0008237868477217938,0.004369814300651684
local_search,8,17,684.0,47.409838879680386,9.882218336476107,3.395414552133525,-0.010292984135791966,-0.17933977617278052,-0.9413348743275725,3.125660762223417e-05,0.0013768328016455285,0.0072726412930160175
local_search,8,18,687.0,47.37827347452272,9.35298880398008,0.6171849800918063,-0.01074404968198469,-0.17347940183791893,-0.9108163956482666,6.682098934468006e-05,0.0019296500804184629,0.01017538450525457
local_search,8,19,690.0,47.34559656129934,8.84383097771384,-2.056411524800554,-0.011032113348920427,-0.1659588231009828,-0.8715795631926184,0.00010613947717418615,0.002482213199002793,0.013078010498045703
local_search,8,20,693.0,47.31233091876089,8.359722476337485,-4.5992212320710255,-0.011134661011715494,-0.15678006179775908,-0.8236252809365394,0.0001492116181655674,0.0030344966752886156,0.015980485833418122
local_search,8,21,696.0,47.27906685385737,7.905634509135044,-6.985093424276747,-0.011029188125401983,-0.14594536899900584,-0.7669546535886358,0.0001960369161319166,0.003586475030387477,0.018882777075136088
local_search,8,22,699.0,47.246462171636594,7.4865311884259995,-9.187880999174556,-0.010693200632716799,-0.1334572249317958,-0.7015689865711203,0.0002466148316503207,0.004138122788925896,0.021784850789084625
local_search,8,23,702.0,47.2152421424197,7.1073688422233525,-11.181441071828552,-0.010104215871676663,-0.1193183388938178,-0.6274697859972566,0.00030094478206807446,0.004689414479338828,0.02468667354365463
local_search,8,24,705.0,47.18619946625422,6.773095327159344,-12.939635576644793,-0.009239763482921165,-0.10353164916063803,-0.5446587586453351,0.0003590261415093925,0.005240324634163096,0.027588211910128058
local_search,8,25,708.0,47.16019423464556,6.488649341699948,-14.436331869322721,-0.00807738631680593,-0.08610032288592273,-0.45313781192918345,0.00042085824088262014,0.005790827790330785,0.030489432463062946
local_search,8,26,711.0,47.13815388956748,6.258959739669256,-15.64540332871291,-0.006594641340228009,-0.06702775599462422,-0.35290905386520943,0.00048644036788793977,0.006340898489462556,0.03339030178067855
local_search,8,27,714.0,47.121073179752635,6.088944844104849,-16.540729958570754,-0.0047691005431655525,-0.04631757306913237,-0.2439747930359784,0.0005557717670255785,0.0068905112781609415,0.036290786445240295
local_search,8,28,717.0,47.11001411426391,5.983511761465273,-17.096198989195685,-0.002578351844913874,-0.023973627228393638,-0.12633753855032498,0.0006288516396045094,0.0074396407083035495,0.0391908530434448
local_search,8,29,720.0,47.10610591334751,5.947555696210695,-17.28570547894553,3.0357660829594124e-18,-6.591949208711867e-17,-2.7755575615628914e-16,0.0007056791437516539,0.007988261337336239,0.04209046816680475
local_search,9,0,723.0,47.09995600253671,5.983353776978208,-17.363723579241164,-0.004072946657606762,0.023869995169767417,-0.052012016932521936,-0.0015655275962288414,0.007952026520579806,-0.017359497803898713
local_search,9,1,726.0,47.08232576633973,6.088348501049391,-17.592405148222948,-0.007655393175528617,0.046130540600828315,-0.1004422160336009,-0.0014541726044311992,0.0074068843028012666,-0.016165755959255443
local_search,9,2,729.0,47.05465321851694,6.257703256327636,-17.96100304718836,-0.010769667435553385,0.06677615296718156,-0.14528948070924494,-0.0013465709504125144,0.006860998923566311,-0.01497182788666375
local_search,9,3,732.0,47.01830935300929,6.486565322841457,-18.458766911455022,-0.01343812130614244,0.08580157703872035,-0.18655277690225014,-0.0012427238737334572,0.0063143958655138095,-0.013777727340059814
local_search,9,4,735.0,46.97459807333757,6.770066557310553,-19.074943397998084,-0.015683129736155068,0.10320178586578554,-0.22423115311007347,-0.0011426325707023272,0.005767100619550229,-0.012583468075366672
local_search,9,5,738.0,46.92475612472121,7.103324078254964,-19.7987764331391,-0.017527089848100214,0.11897198095668451,-0.2583237404012793,-0.001046298194361275,0.005219138684555964,-0.011389063850335803
local_search,9,6,741.0,46.869953028918076,7.481440951626233,-20.619507460282126,-0.018992420030933547,0.133107592448172,-0.2888297524305592,-0.0009537218544730187,0.004670535567091617,-0.010194528424388585
local_search,9,7,744.0,46.811291021786445,7.899506876939449,-21.52637568769273,-0.020101559032417764,0.14560427926888966,-0.3157484854523247,-0.0008649046175080588,0.0041213167811041404,-0.008999875558457843
local_search,9,8,747.0,46.74980499357061,8.352598873885038,-22.508618336315635,-0.020876965051064095,0.15645792929576122,-0.3390793183328732,-0.0007798475066323926,0.0035715078476329315,-0.00780511901482929
local_search,9,9,750.0,46.68646243191124,8.835781969399177,-23.55547088762672,-0.021341114827672925,0.16566465950334014,-0.3588217125611264,-0.0006985515016957286,0.003021134294515828,-0.006610272556983002
local_search,9,10,753.0,46.62216336758164,9.344109885171669,-24.6561673315151,-0.02151650273649149,0.17322081610610704,-0.3749752122579412,-0.000621017539220197,0.0024702216560950315,-0.005415349949434843
local_search,9,11,756.0,46.55774032295121,9.872625725570131,-25.799940414190996,-0.021425639876006618,0.17912297469371385,-0.3875394441839933,-0.0005472465123895626,0.0019187954729229617,-0.004220364957577927
local_search,9,12,759.0,46.49395826317693,10.416362665959342,-26.976021886115113,-0.021091053159390465,0.1833679403591724,-0.3965141177462325,-0.0004772392710389345,0.0013668812914680137,-0.003025331347524033
local_search,9,13,762.0,46.431514550124064,10.970344641394554,-28.17364274994524,-0.02053528440461721,0.18595274781998455,-0.4018990250029111,-0.00041099662164497585,0.0008145046638202808,-0.0018302628859450006
local_search,9,14,765.0,46.37103889901701,11.529587035667616,-29.382033508495795,-0.019780889424268706,0.18687466153221202,-0.40369404066718306,-0.0003485193273166146,0.0002616911473971952,-0.0006351733399141725
local_search,9,15,768.0,46.313093337821094,12.089097370684707,-30.590424412706028,-0.018850437115047036,0.18613117579748298,-0.40189912210927675,-0.0002898081077862514,-0.00029153369535090475,0.0005599235232522301
local_search,9,16,771.0,46.258172169356335,12.643875996154494,-31.788045709612597,-0.017766508547011978,0.18372001486293404,-0.39651430935723836,-0.0002348636394014687,-0.0008451442972352315,0.001755013936153682
local_search,9,17,774.0,46.20670193614382,13.188916779565517,-32.96412789032224,-0.016551696052561356,0.1796391330140852,-0.38753972509624807,-0.00018368655511723955,-0.0013991150866230922,0.0029500841314639772
local_search,9,18,777.0,46.15904138798554,13.719207796431595,-34.10790193798022,-0.015228602315172299,0.173886714660646,-0.3749755746665081,-0.00013627744448863519,-0.0019534204877324716,0.004145120342089803
local_search,9,19,780.0,46.115481452278296,14.229732020784043,-35.208599575730375,-0.013819839457921349,0.16646117441525127,-0.35882214605970253,-9.26368536640347e-05,-0.002508034920926652,0.005340108801329357
local_search,9,20,783.0,46.07624520706243,14.71546801588949,-36.25545351466228,-0.012348028131801478,0.15736115716512483,-0.3390798099140295,-5.276528537883222e-05,-0.003062932803008909,0.00653503574303092
local_search,9,21,786.0,46.04148785680579,15.171390625172084,-37.23769770174149,-0.010835796603853986,0.14658553813666972,-0.3157490195078054,-1.666319894964616e-05,-0.003618088547517199,0.007729887401751451
local_search,9,22,789.0,46.011296710923624,15.592471663318843,-38.14456756771836,-0.009305779845133285,0.13413342295298367,-0.2888303107516415,1.5668989730972024e-05,-0.004173476565018942,0.008924650012915161
local_search,9,23,792.0,45.9856911650348,15.973680607546955,-38.96530027501133,-0.007780618618522598,0.12000414768429855,-0.25832430217919283,4.423090819932941e-05,-0.0047290712634057855,0.010119309812972085
local_search,9,24,795.0,45.96462268495473,16.309985289011763,-39.68913496556023,-0.006282958566418575,0.10419727889134296,-0.22423169493647951,6.902222742488184e-05,-0.0052848470481884355,0.011313853039556634
local_search,9,25,798.0,45.94797479342548,16.59635258433424,-40.30531300864548,-0.004835449298302833,0.0867126136616267,-0.186553272769781,9.004266181402462e-05,-0.005840778322791506,0.012508265931646119
local_search,9,26,801.0,45.93556305958326,16.827749107226683,-40.80307824866882,-0.0034607434782184567,0.06755017963864675,-0.14528990201210307,0.00010729196921338238,-0.006396839488848374,0.013702534729719306
local_search,9,27,804.0,45.92713509116364,16.999141900195415,-41.17167725289126,-0.0021814959121694583,0.04671023504401377,-0.10044253156821781,0.00012076995091259864,-0.0069530049464960894,0.014896645675914907
local_search,9,28,807.0,45.92237052944464,17.105499126299247,-41.40035955912404,-0.0010203626354612309,0.02419326869249886,-0.05201219289827717,0.0001304764516466251,-0.0075092490946702655,0.01609058501419007
local_search,9,29,810.0,45.920881046927875,17.141790760942456,-41.47837792336831,-8.456776945386935e-18,4.85722573273506e-17,1.3877787807814457e-16,0.00013641135959751007,-0.00806554633140001,0.017284338990478848
local_search,10,0,813.0,45.797144965362016,17.115785044464577,-41.54325498059129,-0.08251046765074917,-0.017243794816398997,-0.04325132996093578,-0.027660051062987186,-0.005841258856487753,-0.014470229597578314
local_search,10,1,816.0,45.434216140471094,17.040923130516337,-41.73341839768244,-0.15946012665567277,-0.03257708962101437,-0.08352415972952022,-0.025768658937931288,-0.005384835314949005,-0.013477560377932643
local_search,10,2,819.0,44.84880189406264,16.92282203161204,-42.03993127090715,-0.23083243406294995,-0.04607622814400368,-0.12081755958695117,-0.02387510266465408,-0.0049412582789533374,-0.0124847358980922
local_search,10,3,822.0,44.057658589740576,16.766869496183524,-42.45385401032342,-0.29661123837446646,-0.05781770893397268,-0.1551306684488323,-0.02197940405674111,-0.004510542365148079,-0.011491767595299178
local_search,10,4,825.0,43.07759045770784,16.57822354877934,-42.96624454570764,-0.3567807801020699,-0.06787818225434031,-0.1864626938800631,-0.02008158495245736,-0.0040927020420216675,-0.010498666908452586
local_search,10,5,828.0,41.92544841791266,16.36181203958119,-43.56815853252321,-0.41132569231553556,-0.07633444697545597,-0.21481291210854264,-0.018181667214495736,-0.0036877516297369886,-0.009505445277976483
local_search,10,6,831.0,40.61812890156339,16.122332203250327,-44.250649557928526,-0.460231001182232,-0.08326344746253023,-0.24018066803768737,-0.016279672729725213,-0.00329570529996639,-0.008512114145688195
local_search,10,7,834.0,39.172572671036804,15.864250227116374,-45.004769346820694,-0.5034821264984765,-0.08874227045944069,-0.2625653752577619,-0.014375623408938698,-0.00291657707572844,-0.0075186849546665
local_search,10,8,837.0,37.60576363820481,15.591800828720805,-45.821567967911534,-0.5410648822125693,-0.09284814196847452,-0.28196651605602346,-0.01246954118660057,-0.0025503808312263743,-0.0065251691491197885
local_search,10,9,840.0,35.93472768120456,15.308986842727242,-46.69209403983216,-0.572965476939498,-0.0956584241260692,-0.29838364142567897,-0.010561448020594097,-0.0021971302916882706,-0.005531578174254256
local_search,10,10,843.0,34.17653145967692,15.019578817210435,-47.607394937262704,-0.5991705144672994,-0.09725061207461348,-0.3118163710736557,-0.008651365891968374,-0.0018568390332089385,-0.0045379234761420365
local_search,10,11,846.0,32.34828122849843,14.72711461933569,-48.55851699708352,-0.6196669942550729,-0.09770233083037005,-0.3222643934271842,-0.006739316804685175,-0.0015295204825935167,-0.0035442165015893493
local_search,10,12,849.0,30.46712165003172,14.434899050440247,-49.536505724544426,-0.6344423119226316,-0.09709133214758206,-0.32972746563919453,-0.004825322785365434,-0.0012151879172028028,-0.002550468698004637
local_search,10,13,852.0,28.550234604919567,14.146003470527996,-50.53240599944827,-0.6434842597317847,-0.09549549137882524,-0.33420541359252454,-0.002909405883035542,-0.000913854464800298,-0.0015566915132666746
local_search,10,14,855.0,26.614838001447612,13.86326543218869,-51.537262282345424,-0.6467810270592402,-0.09299280433166776,-0.33569813190294134,-0.000991588168873289,-0.000625533103400977,-0.0005628963955927272
local_search,10,15,858.0,24.67818458350102,13.589288323952633,-52.54211882073549,-0.6443212008611191,-0.08966138412169994,-0.334205583920975,0.0009281082640463569,-0.00035023666112178023,0.00043090520659336794
local_search,10,16,861.0,22.757560737140135,13.326441023091647,-53.53801985527277,-0.6360937661290715,-0.08557945802199576,-0.3297278017325648,0.0028496613010057605,-8.797781603383744e-05,0.0014247018447930745
local_search,10,17,864.0,20.870285295820423,13.076857557876924,-54.51600982597188,-0.6220881063379868,-0.08082536430906873,-0.322264886158518,0.004773048805899406,0.0001612309039835801,0.0024184820705650343
local_search,10,18,867.0,19.033708344281898,12.842436779304201,-55.46713357840995,-0.6022940038852875,-0.07547754910538401,-0.31181700675278146,0.00669824862148886,0.00039737712138738644,0.0034122344356569585
local_search,10,19,870.0,17.265210021133306,12.624842042296473,-56.382436569921886,-0.5767016405217991,-0.06961456321848956,-0.29838440179952513,0.00862523856965806,0.000620448609113263,0.004405947492137519
local_search,10,20,873.0,15.582199320156336,12.42550089639431,-57.25296507578505,-0.5453015977741871,-0.0633150589768283,-0.281967378309039,0.010553996451668796,0.0008304332907165144,0.005399609792528208
local_search,10,21,876.0,14.002112890355196,12.24560478594363,-58.06976639538991,-0.5080848573589528,-0.05665778706229412,-0.26256631201244185,0.01248450004841641,0.0010273192405111909,0.00639320988993523
local_search,10,22,879.0,12.542413834776855,12.086108759790628,-58.82388905839301,-0.4650428015879796,-0.04972159333959404,-0.24018164735520336,0.014416727120685797,0.001211094683707467,0.007386736338181359
local_search,10,23,882.0,11.22059050812735,11.947731190493304,-59.50638303084868,-0.4161672137656211,-0.0425854156824793,-0.21481389748947888,0.016350655409407572,0.0013817479965472887,0.008380177691937805
local_search,10,24,885.0,10.054155313209508,11.830953503058929,-60.10829992131608,-0.36145027857732404,-0.03532828079690783,-0.18646364426525702,0.0182862626359145,0.0015392677064382772,0.009373522506856052
local_search,10,25,888.0,9.060643496207524,11.73601991321655,-60.62069318693778,-0.3008845824697773,-0.02802930104120107,-0.1551315382203205,0.020223526502198146,0.0016836424920858924,0.010366759339699702
local_search,10,26,891.0,8.257611940843798,11.662937175233445,-61.034618339486514,-0.23446311402257988,-0.02076767124325769,-0.12081829856902021,0.022162424691165746,0.001814861183623852,0.01135987674847631
local_search,10,27,894.0,7.6626379614335125,11.611474339284271,-61.34113315137649,-0.16217926431141977,-0.013622665514887167,-0.08352471318986268,0.0241029348668973,0.001932912762742809,0.012352863292569169
local_search,10,28,897.0,7.293318094862401,11.581162518381463,-61.53129786163563,-0.08402682726275648,-0.006673634063326071,-0.043251638611911086,0.026045034674902868,0.00203778636281728,0.013345707532869138
local_search,10,29,900.0,7.167266891513238,11.571294664875214,-61.59617538183527,-1.8041124150158794e-16,-1.8214596497756474e-17,-2.1510571102112408e-16,0.0279887017423801,0.002129471269030828,0.014338398031906386
local_search,11,0,903.0,7.170483134412444,11.533350435402165,-61.61909229440081,0.002115546203586922,-0.025298546437978475,-0.015277927043628464,0.0007062750468757791,-0.008430422979348769,-0.005171494645322721
local_search,11,1,906.0,7.179492145031428,11.42209750261745,-61.6862648894086,0.003863807918872324,-0.04887205334143106,-0.029503759971435638,0.0006391157407699528,-0.007851040638353297,-0.004820854600240134
local_search,11,2,909.0,7.193227546066536,11.242716635735913,-61.79453638574982,0.005268438104257523,-0.07071678039632692,-0.04267716829618015,0.0005759130138509939,-0.007271215835161889,-0.004470159019377834
local_search,11,3,912.0,7.210693941614089,11.000399463149302,-61.94074904721865,0.006353104598064822,-0.09082922848225564,-0.054797845774364765,0.0005166675942082171,-0.006690975430322053,-0.004119411942715071
local_search,11,4,915.0,7.2309669603755165,10.700347748675611,-62.12174425525149,0.0071414891620704525,-0.10920613978455208,-0.0658655104115441,0.0004613801643431382,-0.006110346289169008,-0.003768617410824312
local_search,11,5,918.0,7.253193295992658,10.347772667483165,-62.33436258168154,0.007657286524759381,-0.12584449789899899,-0.07587990446721328,0.0004100513611616134,-0.005529355281516164,-0.0034177794648247092
local_search,11,6,921.0,7.276590744512443,9.947894081711729,-62.57544386150739,0.007924203424320675,-0.14074152792910555,-0.08484079445927738,0.00036268177596650113,-0.004948029281345606,-0.0030669021463355355
local_search,11,7,924.0,7.300448238980185,9.505939815812928,-62.841827265674404,0.007965957651402344,-0.15389469657596008,-0.09274797116810188,0.0003192719544508509,-0.004366395166498502,-0.0027159894974296403
local_search,11,8,927.0,7.32412588116081,9.027144931632249,-63.13035137386761,0.007806277091644563,-0.16530171222065507,-0.09960124964014386,0.00027982239669161726,-0.0037844798183654634,-0.0023650455605868674
local_search,11,9,930.0,7.347054970387369,8.516751003254907,-63.437854247314874,0.00746889876801019,-0.1749605249992829,-0.10540046919116389,0.000244333557143898,-0.003202310121576884,-0.002014074378647498
local_search,11,10,933.0,7.368738029536269,7.980005391637874,-63.761173501599046,0.006977567882931494,-0.1828693268705013,-0.11014549340901875,0.00021280584463569897,-0.002619912963693241,-0.0016630799947656757
local_search,11,11,936.0,7.38874882812869,7.422160519050358,-64.09714637947789,0.006356036860292014,-0.18902655167566645,-0.11383621015603468,0.0001852396223632262,-0.0020373152348953233,-0.0013120664523628266
local_search,11,12,939.0,7.40673240255772,6.848473143345025,-64.44260982371053,0.005628064387262457,-0.1934308751915334,-0.11647253157096132,0.000161635207886699,-0.001454543827674491,-0.0009610377950810788
local_search,11,13,942.0,7.422405073440812,6.264203632082284,-64.794400549889,0.004817414456009588,-0.19608121517552227,-0.11805439407050627,0.0001419928731266945,-0.0008716256365228565,-0.0006099980667366861
local_search,11,14,945.0,7.435554460097191,5.674615236529913,-65.14935511927398,0.003947855405297001,-0.19697673140354963,-0.11858175835045011,0.00012631284436101313,-0.0002885875576234733,-0.00025895131127343877
local_search,11,15,948.0,7.446039492149934,5.084973365560355,-65.50431001163301,0.0030431589619967295,-0.1961168257004241,-0.11805460938634207,0.00011459530222207272,0.00029454351145951615,9.209842728392145e-05
local_search,11,16,951.0,7.453790418252468,4.50054485946797,-65.85610169808037,0.002127099282530609,-0.19350114196280596,-0.11647295643377623,0.00010684038169482812,0.0008777406720907238,0.00044314710487628785
local_search,11,17,954.0,7.458808811939315,3.926597263728574,-66.20156671391703,0.0012234519942603264,-0.18912956617472976,-0.11383683302824815,0.00010304817211521521,0.0014609770248733966,0.0007941906774567775
local_search,11,18,957.0,7.461167574600956,3.368398102723558,-66.5375417314696,0.0003559932368450865,-0.1830022264156902,-0.11014629698459222,0.00010321871716912232,0.0020442256699592983,0.0011452251010373128
local_search,11,19,960.0,7.461010935582735,2.8312141534509077,-66.86086363292691,-0.0004515012964141701,-0.17511949286129072,-0.10540143039599936,0.00010735201489188686,0.002627459707358576,0.0014962463317352167
local_search,11,20,963.0,7.45855444940781,2.320310719245434,-67.16836958317305,-0.0011752573172250686,-0.165481977776455,-0.09960233963261544,0.00011544801766831822,0.0032106522372496622,0.001847250325819789
local_search,11,21,966.0,7.454084990124179,1.8409509035305238,-67.45689710261563,-0.0017915029009296893,-0.15409053550120122,-0.0927491553397202,0.00012750663223324546,0.0037937763602891505,0.0021982330397588945
local_search,11,22,969.0,7.447960742775892,1.3983948836237237,-67.72328414000783,-0.0022764694450871097,-0.14094626242897956,-0.08484203243548674,0.00014352771967259285,0.004376805177921673,0.002549190430265544
local_search,11,23,972.0,7.440611191998598,0.9978991846184653,-67.96436914526319,-0.0026063926279936726,-0.12605049697757334,-0.07588115010832178,0.00016351109542497936,0.004959711792689773,0.002900118454344473
local_search,11,24,975.0,7.432537107739662,0.6447159533642419,-68.17699114226173,-0.0027575133671220485,-0.10940481955256406,-0.0658667118137865,0.00018745652928384485,0.005542469308543756,0.0032510130693387124
local_search,11,25,978.0,7.424310528103095,0.3440922325675428,-68.35798980164628,-0.0027060787774601624,-0.09101105250336128,-0.05479894527109817,0.0002153637454001026,0.006125050831151538,0.0036018702329761645
local_search,11,26,981.0,7.416574739319653,0.10126923503584956,-68.50420551360763,-0.0024283431297310626,-0.07087126007179798,-0.042678102459212504,0.00024723242228531615,0.006707429468208456,0.003952685903416166
local_search,11,27,984.0,7.410044252842473,-0.0785183819130025,-68.61247946065726,-0.0019005688084747993,-0.04898774833329248,-0.02950445961248691,0.0002830621928154038,0.007289578329747073,0.004303456039296054
local_search,11,28,987.0,7.405504779568698,-0.19004324185380045,-68.67965369038656,-0.0010990272699733991,-0.025363065130577855,-0.015278317215924653,0.000322852644234867,0.007871470528446937,0.004654176599777717
local_search,11,29,990.0,7.4038132011875835,-0.22808597444697046,-68.70257118821101,-6.288372600415926e-18,-1.3183898417423734e-16,1.9081958235744878e-17,0.0003666033181615458,0.008453079179944332,0.0050048435445941486
