edge_index,source_id,target_id,feasible,rejection_reason,min_clearance,peak_input,max_speed,terminal_position_error,terminal_speed,stage_cost
0,,g03_t00_000,True,,0.1137396753377331,0.04911493988079106,1.1431459857911668,4.2780337774645346e-14,3.7341307954279784e-16,18.781186433545436
1,,g03_t00_006,True,,15.32235935663918,0.04452531068362144,1.0370376829832206,3.891802844472395e-14,7.798541948665993e-17,17.02319026954209
2,,g03_t00_035,False,clearance,-4.1225262138427725,0.05586871526391654,1.3009486907086996,3.907985046680551e-14,6.356950924626144e-16,516.067378492069
3,,g03_t01_000,False,clearance;input,-5.359879579607355,0.07345559378223317,1.7103875920445772,3.197442310920451e-14,2.391654643720554e-16,671.2852263862535
4,,g03_t01_046,False,clearance;speed;input,-5.049303223946429,0.0947243947989686,2.2056243403644853,2.0336182767720087e-14,2.1149402582199232e-16,642.1487777695841
5,,g03_t01_031,False,clearance;input,-5.0632084718667345,0.08332461515288757,1.9402046450790438,3.6404482152219934e-14,2.044325800678625e-16,639.4550913340852
6,,g03_t02_000,True,,9.104521567175606,0.05194238086739204,1.2066474122713182,3.182604911552452e-14,3.888877072922307e-16,19.839105935048952
7,,g03_t02_037,True,,15.662107227461208,0.05352755391421328,1.2410423040789493,9.960278482080431e-14,8.931518252599573e-16,20.419054486491397
8,,g03_t02_002,False,input,2.5729847045950383,0.06621029408997588,1.5393825263528156,5.1514348342607263e-14,4.503336797797561e-16,25.300940517655604
9,,g03_t03_000,False,clearance,-3.4314429344558244,0.03560461057983767,0.8271338402195842,4.649170765099484e-14,3.6189258832403594e-16,425.3746062948501
10,,g03_t03_035,False,clearance,-3.345896534466216,0.04242911561171094,0.9864833270890887,3.517007107451656e-14,1.8476230206474414e-16,417.72253101986365
11,,g03_t03_056,False,clearance,-4.447008889831441,0.05002164645212601,1.162579304511712,1.4217791915866692e-14,1.4761467325919435e-16,552.7559583011678
12,,g03_t04_000,True,,19.497494196411367,0.00905077566228345,0.21036997056560738,1.020439314654103e-14,6.546139416680338e-17,3.4591584855596573
13,,g03_t04_030,True,,24.02314446255754,0.0333446563075567,0.7713341539858621,5.18501491318319e-14,4.996125135034448e-16,12.702401402186108
14,,g03_t04_054,True,,24.25242991803392,0.029275256921799886,0.6792080649825194,1.9131948672901813e-14,2.1231768122512486e-16,11.173517522283728
15,,g03_t05_003,False,clearance,-2.4993827729376257,0.0476601686010974,1.109271165898447,2.929642751054232e-14,4.0656234143982707e-16,318.1496174169861
16,,g03_t05_047,True,,14.653338341350004,0.0372249323391566,0.8670545839228057,1.5889770088874795e-14,1.1367734399170152e-16,14.233146689432466
17,,g03_t05_029,True,,3.2509001536109543,0.03629348032615579,0.8433842033918573,3.552713678800501e-14,6.766133200307236e-16,13.863290384468204
18,,g03_t06_000,False,clearance,-3.1799479188065054,0.049752123384078986,1.157804156636825,3.552713678800501e-14,4.015126067850972e-16,400.6252196467934
19,,g03_t06_021,False,clearance;input,-4.948797316399865,0.06336558435678592,1.4751604575771957,1.5987211554602254e-14,1.8776728960188684e-16,618.0941156456768
20,,g03_t06_014,False,clearance;input,-1.4432620227195239,0.06077302685913069,1.41402668555118,3.552713678800501e-14,4.257111788135694e-16,196.434084328528
21,,g03_t07_000,False,clearance,-1.2265530052923974,0.04977056182282206,1.1548852758296733,3.66205343881779e-14,2.9504581591051765e-16,166.18496403016496
22,,g03_t07_045,True,,9.879465184608645,0.04632329178517645,1.0738809249070715,5.769496965199701e-14,7.192390305471551e-16,17.67416244443455
23,,g03_t07_010,False,clearance,-3.0607498109781432,0.053095731908394485,1.234137012514311,2.7418687836503485e-14,3.757268488191713e-16,387.5813924530709
24,,g03_t08_000,False,clearance;input,-5.036349786905944,0.06418580904902853,1.4942215881402234,1.0658141036401503e-14,2.850863792837907e-16,628.9141215307363
25,,g03_t08_003,False,clearance;input,-3.7601251736347785,0.07729287522025487,1.7994443294759281,2.864289338439558e-14,5.034405433428661e-16,480.78720299963834
26,,g03_t08_025,False,clearance,-4.211439903333842,0.05702267772430231,1.3272715685770267,1.1374233532693354e-14,3.601045272806537e-16,527.1881530261278
27,,g03_t09_000,False,clearance;input,-4.986838245848521,0.06276014864576417,1.4611405470508718,2.998835493907516e-14,3.521787733787174e-16,622.43183211763
28,,g03_t10_000,True,,1.6574922711794744,0.05012816251075993,1.1657386571973578,5.2214014291603906e-14,2.280353229183044e-16,19.16543344795729
29,,g03_t11_000,False,clearance;input,-5.186539572554683,0.07254599615193899,1.6888816074241173,3.891802844472395e-14,6.557897197895601e-16,650.1317033856366
30,,g03_t12_000,False,clearance,-2.2832784787600047,0.05170686498163512,1.2041547995701731,1.5738561695383657e-14,4.2962695482330926e-16,293.7675104299647
31,,g03_t13_000,True,,5.61202659887462,0.04224868391258569,0.9802284287437928,7.105427357601002e-15,1.5516080890877366e-16,16.12894146008571
32,,g03_t14_000,False,clearance;input,-1.2194206561209526,0.07265435542157546,1.6916422535151818,2.5864145986817697e-14,7.412609615605549e-16,174.11986265631631
33,g03_t00_000,g03_t00_006,False,clearance,-3.753168523284649,0.027443376739717962,0.6368622825942223,4.6330233359075296e-14,2.94601811577064e-16,460.85247137938643
34,g03_t00_000,g03_t00_035,True,,2.3203786371763826,0.018971561279636843,0.44072704158936044,1.6280579355608324e-14,1.789373782233265e-16,7.236316912214601
35,g03_t00_000,g03_t01_000,True,,11.525978630857502,0.04214425776145803,0.9799109957254926,3.299436390059666e-14,2.408705867777664e-16,16.11142919246174
36,g03_t00_000,g03_t01_046,False,input,10.92066599141128,0.060925776464536285,1.4169005748246226,3.1389285920852735e-14,4.1817991217938843e-16,23.290888954515534
37,g03_t00_000,g03_t01_031,True,,13.2333665014116,0.0423050424016337,0.9836827919274596,1.464821375527116e-14,3.273483412916322e-16,16.166947741674903
38,g03_t00_000,g03_t02_000,True,,13.443659340790038,0.014085626373968225,0.3234114734693897,1.5987211554602254e-14,9.65229822683347e-17,5.322391988342729
39,g03_t00_000,g03_t02_037,True,,13.357387972302899,0.029720349676031852,0.6869374212763956,1.5888218580782548e-14,1.5359896425023066e-16,11.298442707905693
40,g03_t00_000,g03_t02_002,True,,13.420330467610478,0.021524442568276958,0.49768347601113094,3.83051078018465e-14,1.6719170907511492e-16,8.187812684909431
41,g03_t00_000,g03_t03_000,False,clearance,-4.220827249937495,0.056894937495664794,1.3219880381920364,6.660746002485736e-14,2.9610464487783525e-16,528.2400022107952
42,g03_t00_000,g03_t03_035,False,clearance,-3.9031369523672304,0.048243626561126476,1.1194344292410032,2.930988785010413e-14,6.616372694756687e-16,486.80219956747624
43,g03_t00_000,g03_t03_056,False,clearance;input,-4.980249058926292,0.06327598780215835,1.4698292927267405,3.2174255591641477e-14,3.424750116624316e-16,621.8060061658498
44,g03_t00_000,g03_t04_000,True,,0.35872044952602855,0.052201324499867724,1.2148043725030024,8.333745502213149e-14,6.164690797405912e-16,19.959481643863132
45,g03_t00_000,g03_t04_030,False,clearance;input,-4.906496842424218,0.06995340133589163,1.6244397168190465,9.592326932761353e-14,6.610548421889547e-16,615.5004521548835
46,g03_t00_000,g03_t04_054,False,clearance;input,-2.142914315715981,0.07409744966399237,1.7233703755162315,3.256115871121665e-14,8.187012696309734e-16,285.4751933068593
47,g03_t00_000,g03_t05_003,True,,9.319140184999846,0.006905250260687064,0.1608645380473421,2.1900397950137233e-14,7.992746945635365e-17,2.640838080008427
48,g03_t00_000,g03_t05_047,False,clearance,-3.6653548394519238,0.02494197065014349,0.5781892990032061,5.0050745332471314e-14,2.119488522092825e-16,449.35753333818894
49,g03_t00_000,g03_t05_029,True,,4.281076067136281,0.020138455615394363,0.4682550446920656,1.6280579355608324e-14,4.845595356719822e-17,7.6888030189650465
50,g03_t00_000,g03_t06_000,True,,2.1644945866536007,0.05491039679553563,1.2791267433654587,4.792872787800221e-14,3.154145188315737e-16,21.006580208278137
51,g03_t00_000,g03_t06_021,False,clearance;input,-2.1641303781366674,0.07839165407237281,1.8254955838580098,1.2080532582046505e-14,8.59302938827784e-16,289.67628285881693
52,g03_t00_000,g03_t06_014,False,input,4.723881865023925,0.07299872158586207,1.7008879766127953,7.140866117879973e-14,5.134341928655912e-16,27.92693571390557
53,g03_t00_000,g03_t07_000,False,input,9.932493438514499,0.06889612037647282,1.6042606393321348,8.557911336343625e-14,4.1738759029465395e-16,26.338918919635233
54,g03_t00_000,g03_t07_045,True,,10.393660476238571,0.05211620644084563,1.2125579262953745,6.787470382905482e-14,7.405217353176125e-16,19.911240255106165
55,g03_t00_000,g03_t07_010,False,input,5.884114160322526,0.07099507887048702,1.6539839749552812,6.112319729142702e-14,2.3898924643848303e-16,27.153192878000752
56,g03_t00_000,g03_t08_000,False,clearance;input,-0.9610991346191544,0.0789763983713544,1.839477084917388,1.432144669219779e-14,7.944654750360816e-16,145.53826590250492
57,g03_t00_000,g03_t08_003,False,input,4.754816191391882,0.07979862824697387,1.8581131814964509,4.2372720236999453e-14,1.1644944284293733e-15,30.524605403838613
58,g03_t00_000,g03_t08_025,False,input,3.74061342078761,0.06079384756167481,1.415982513770698,3.014577520672848e-14,3.5410461228535483e-16,23.256628560930757
59,g03_t00_000,g03_t09_000,True,,11.858734907800109,0.041545058385861415,0.9667617903336783,3.28025345777039e-14,2.1118076445243996e-16,15.891730767180336
60,g03_t00_000,g03_t10_000,False,input,3.9697926589424957,0.06285908106507365,1.4645750753766213,2.0097183471152322e-14,2.3107662735148295e-16,24.04510965240312
61,g03_t00_000,g03_t11_000,False,clearance;speed;input,-2.1851116799441077,0.08981977767561317,2.0918726779791132,5.92622033849902e-14,5.907847782158718e-16,296.56461656934437
62,g03_t00_000,g03_t12_000,False,clearance,-3.665232672819034,0.027398255762044944,0.6345945057741024,1.649718195029833e-14,5.91080137522821e-17,450.27638036989765
63,g03_t00_000,g03_t13_000,True,,8.079318807911125,0.0426190891632684,0.9918379475769772,3.553823728406967e-14,1.695420432222624e-16,16.285599641267176
64,g03_t00_000,g03_t14_000,True,,13.386310575745636,0.024747541449405407,0.5755370753044825,4.322062729257126e-14,2.4956515951182035e-16,9.457828188014469
65,g03_t00_006,g03_t00_000,False,clearance,-3.7446767739913325,0.027454673499727616,0.636862344500722,2.02730493912521e-14,1.7179894178292947e-16,459.8381992739122
66,g03_t00_006,g03_t00_035,False,clearance,-2.722702478370552,0.018585812522210733,0.43098355918181097,2.3832327871173822e-14,8.582937747229195e-17,333.8176681105247
67,g03_t00_006,g03_t01_000,False,clearance;input,-4.905322963792008,0.060426996235522445,1.4066752881497235,4.266955553143359e-14,1.0279184427788935e-15,611.7582332197078
68,g03_t00_006,g03_t01_046,False,clearance;input,-4.239402807384924,0.07665888257927357,1.7844270548970806,2.0116800053149086e-14,2.89823444471158e-16,538.0542343664737
69,g03_t00_006,g03_t01_031,False,clearance,-3.607005839435348,0.05999145364153582,1.3963350020209684,1.7763568394002505e-14,2.3520701021126763e-16,455.7905552687025
70,g03_t00_006,g03_t02_000,False,clearance,-3.5817884746985063,0.036000603227022136,0.8335094010603903,2.2748467065386707e-14,3.179800655392251e-17,443.53378530386544
71,g03_t00_006,g03_t02_037,False,clearance,-2.4446899344433453,0.04398143926470066,1.017499376253694,7.280896430443987e-14,7.720981175333946e-16,310.11237052007556
72,g03_t00_006,g03_t02_002,False,clearance,-4.133864296078094,0.03954469641550796,0.9156751954086417,5.947480390056799e-14,6.334282853856649e-16,511.1387143536728
73,g03_t00_006,g03_t03_000,False,clearance,-3.9846402358680333,0.056799741313679326,1.321202787606773,3.6198038117722634e-14,3.0467987022359185e-16,499.86421213581343
74,g03_t00_006,g03_t03_035,True,,1.5344531872700242,0.0459329834445753,1.0672067693365768,2.5137175360052498e-14,1.5515838457795457e-16,17.544719902154995
75,g03_t00_006,g03_t03_056,False,clearance;input,-3.7782263240759617,0.06588989609681296,1.532319356565164,3.399531182602658e-14,4.23897704418565e-16,478.5690725129039
76,g03_t00_006,g03_t04_000,True,,15.197791774550602,0.04895906844480599,1.1402075271370933,1.499417746953758e-14,6.385007893811257e-16,18.719131227917323
77,g03_t00_006,g03_t04_030,True,,15.457174505043936,0.05800107381802176,1.3473722807311432,2.1972320632906738e-14,1.0195275513922828e-15,22.147064824360513
78,g03_t00_006,g03_t04_054,False,input,15.360894429021169,0.0671605038347804,1.5630942213082217,4.3366397107056194e-14,2.6333536614000957e-16,25.67266510723578
79,g03_t00_006,g03_t05_003,False,clearance,-3.5538576627232485,0.0229776571386986,0.5321258005096422,3.294651128092491e-14,2.116718086964964e-16,435.22057239915864
80,g03_t00_006,g03_t05_047,True,,15.248814319805362,0.01186314266468918,0.27537709247656866,8.152394204457378e-15,7.571427111245364e-17,4.524967226461789
81,g03_t00_006,g03_t05_029,False,clearance,-3.275889344099242,0.02591949703065502,0.6003979103689656,2.929642751054232e-14,6.228116311227189e-17,402.98047315414607
82,g03_t00_006,g03_t06_000,False,clearance;input,-2.5188747313544395,0.07126439227733077,1.659427779171489,7.105427357601002e-15,2.387624894196368e-16,329.52159194163164
83,g03_t00_006,g03_t06_021,False,clearance;speed;input,-6.000220518168472,0.0917876371740533,2.1382324019997476,7.25973808603422e-14,6.121411226754659e-16,755.1422945223411
84,g03_t00_006,g03_t06_014,False,clearance;speed;input,-5.919603233388555,0.08950746824022562,2.084368565756884,4.6048432255985435e-14,2.172217384091364e-16,744.5862523225604
85,g03_t00_006,g03_t07_000,False,input,1.506984296134041,0.08085877217495216,1.8814603966071566,8.587357999993956e-14,6.379255420885912e-16,30.904471157078657
86,g03_t00_006,g03_t07_045,False,clearance;input,-2.920880820038696,0.06866232163428301,1.596470308312084,9.033368374439543e-14,1.1295700899707568e-15,376.73770722919124
87,g03_t00_006,g03_t07_010,False,input,2.0196623760808587,0.08512005887179136,1.981729604848671,6.148992046444937e-14,7.2377686124476805e-16,32.54701869827858
88,g03_t00_006,g03_t08_000,False,clearance;speed;input,-5.336583188437047,0.09344534965171412,2.176870272776966,7.824040276299101e-14,5.468205015617747e-16,676.1397158359924
89,g03_t00_006,g03_t08_003,False,clearance;speed;input,-6.179383476512535,0.09695464505617121,2.2579408118922295,3.1887955513483207e-14,1.1491151892306092e-16,778.6177950075007
90,g03_t00_006,g03_t08_025,False,clearance;input,-2.21078924279281,0.07773101455928105,1.8100913914486185,4.0351070721557915e-14,1.006115688561674e-15,295.02733117998844
91,g03_t00_006,g03_t09_000,False,clearance;input,-4.938358161296429,0.06138576088222108,1.42874755382833,3.222019477394343e-14,2.1364582767275725e-16,616.0826477974194
92,g03_t00_006,g03_t10_000,False,clearance;input,-3.598287490464494,0.07851409942351018,1.8281144381483185,6.778145699236018e-14,6.591583993652515e-16,461.81934092967083
93,g03_t00_006,g03_t11_000,False,clearance;speed;input,-6.411372351007856,0.10358019019843628,2.4129441764155346,1.0351756631858297e-13,1.2506490073059376e-15,808.9899116762623
94,g03_t00_006,g03_t12_000,False,clearance,-3.551672515331152,0.03176993120283287,0.7393918925962831,1.780792194218199e-14,2.808658739189766e-16,438.35398009757006
95,g03_t00_006,g03_t13_000,False,clearance;input,-3.5523501282949743,0.06050205854119672,1.4069607950282885,2.6586074758753436e-14,2.7476618026966064e-16,449.3995582644549
96,g03_t00_006,g03_t14_000,False,clearance,-4.344330143474148,0.0447762524934987,1.041118815744726,3.197442310920451e-14,4.163336342344337e-17,538.439328088159
97,g03_t00_035,g03_t00_000,True,,2.2729149075084747,0.018982868623129614,0.44072713844032146,2.2469334198890888e-14,6.85380442162015e-17,7.243826491073138
98,g03_t00_035,g03_t00_006,False,clearance,-2.6862884126467343,0.01858079202286518,0.4309835313100821,2.8324398327409694e-14,1.0888758524337804e-16,329.4458392105341
99,g03_t00_035,g03_t01_000,True,,1.9655135603566818,0.05593756403977178,1.3018599933980675,1.432144669219779e-14,1.4409695421113135e-16,21.400130014681427
100,g03_t00_035,g03_t01_046,False,input,2.0287631442186775,0.07121773880014995,1.6570226435968924,3.6342129417059194e-14,3.9569951286131534e-16,27.2382122262458
101,g03_t00_035,g03_t01_031,True,,2.2513708501983216,0.0513934256303048,1.195803370031669,2.0097183471152322e-14,3.7097133526543587e-16,19.656706757451538
102,g03_t00_035,g03_t02_000,True,,2.344746073695996,0.02470455623983545,0.5715578642566729,1.0658141036401503e-14,1.821377042022605e-16,9.397856656253476
103,g03_t00_035,g03_t02_037,True,,2.1536765637508712,0.03423738487806757,0.7920115101735531,1.5888218580782548e-14,2.220446049250313e-16,13.023283675124887
104,g03_t00_035,g03_t02_002,True,,2.411179718948195,0.022204129356003046,0.511947698728568,2.5680492922932105e-14,4.490429811974038e-17,8.43080951115974
105,g03_t00_035,g03_t03_000,False,clearance;input,-4.57339035188905,0.06789123051752384,1.5786516360744867,3.252479783029215e-14,3.6638411145107034e-16,574.754489920937
106,g03_t00_035,g03_t03_035,False,clearance,-4.285191707848778,0.056916787353060966,1.3220147715974795,3.168942934712375e-14,5.828670879282072e-16,535.9669113200057
107,g03_t00_035,g03_t03_056,False,clearance;input,-4.827133152196533,0.07540895923685265,1.7530600050593002,4.9914125795352367e-14,6.112531465858672e-16,608.0755932193755
108,g03_t00_035,g03_t04_000,False,clearance;input,-4.516783478867194,0.060611744700354575,1.411100615827017,5.0649537646248364e-14,4.338204917583709e-16,565.1903171580694
109,g03_t00_035,g03_t04_030,False,clearance;input,-4.348199447237617,0.0743100833839421,1.7264052440218653,3.449061096984636e-14,5.281435350114761e-16,550.1700441805193
110,g03_t00_035,g03_t04_054,False,clearance;input,-4.723377680598711,0.08131279608236583,1.8918529005840836,6.07087979554246e-14,8.196123257993793e-16,597.8892426256383
111,g03_t00_035,g03_t05_003,True,,2.21860851258337,0.014028464186090456,0.3249570515159802,1.6280579355608324e-14,1.8234411131298637e-16,5.339691620075219
112,g03_t00_035,g03_t05_047,False,clearance,-3.550703713042263,0.024916709833516022,0.5789133686234386,1.549228615839163e-14,1.5593465895776146e-16,435.6067251883911
113,g03_t00_035,g03_t05_029,True,,1.1819979129257456,0.024792914338195686,0.5760566118382827,1.2809491335957507e-14,1.116473473720521e-16,9.45646566616258
114,g03_t00_035,g03_t06_000,False,clearance;input,-2.7253925750306163,0.0727494644151568,1.6944569000030616,7.944109290391274e-15,4.003003630257611e-16,354.87512341011114
115,g03_t00_035,g03_t06_021,False,clearance;speed;input,-6.13400015815369,0.09563499996786702,2.2276168526947004,8.903074960742904e-14,1.3058585379010501e-15,772.6640638621716
116,g03_t00_035,g03_t06_014,False,speed;input,1.0722579347714127,0.09042042975331073,2.10641365251429,2.864289338439558e-14,4.1284960951691644e-16,34.58802517468077
117,g03_t00_035,g03_t07_000,False,input,1.275620250590571,0.08169330816179093,1.902283920583533,3.592459381734991e-14,2.8185920280518337e-16,31.23234476610218
118,g03_t00_035,g03_t07_045,False,input,1.7293424097352215,0.06705797540672541,1.5606076561989957,2.3832327871173822e-14,4.607446452429839e-16,25.627399681273147
119,g03_t00_035,g03_t07_010,False,speed;input,1.3450755624885984,0.08633902280177647,2.0111916419617852,1.706135029904003e-14,7.949198794554405e-16,33.020012694861464
120,g03_t00_035,g03_t08_000,False,clearance;speed;input,-6.1624544963313355,0.09643901488873152,2.2466288615186554,4.451537480371452e-14,5.107044768930868e-16,776.3877518005845
121,g03_t00_035,g03_t08_003,False,speed;input,0.44928864577777716,0.09803979028934988,2.283337281646074,5.789533648130978e-14,3.851554932315348e-16,37.50795860334482
122,g03_t00_035,g03_t08_025,False,clearance;input,-1.8551847792268488,0.07892630980424298,1.8382918737744598,2.2748467065386707e-14,4.4182014092365546e-16,252.8147519063712
123,g03_t00_035,g03_t09_000,True,,1.71317657219287,0.058891986560822465,1.3709030719026074,4.1923526769970276e-14,8.568339948907339e-16,22.52863832870731
124,g03_t00_035,g03_t10_000,False,input,1.3255096811374047,0.07970141490338063,1.8566086131254669,4.0351070721557915e-14,4.384700180154349e-16,30.48449093708683
125,g03_t00_035,g03_t11_000,False,clearance;speed;input,-6.536200395729425,0.10716694666757069,2.496348639117709,3.5704330589399866e-14,7.82712153546615e-16,825.3379174060271
126,g03_t00_035,g03_t12_000,False,clearance,-3.990472061677738,0.035174910971916745,0.8172568222969506,4.936386670660743e-14,4.443059973708341e-16,492.3006934548521
127,g03_t00_035,g03_t13_000,True,,1.7165828502378582,0.059037576184609794,1.37416603203392,2.1701381532449587e-14,6.39583864858901e-16,22.56565880660458
128,g03_t00_035,g03_t14_000,True,,2.3829799851919455,0.03147485720678301,0.732324706160937,7.280896430443987e-14,1.0297888985749563e-16,12.04169705330797
129,g03_t01_000,g03_t00_000,True,,12.876545626687271,0.04213017369986362,0.9799109103789924,4.832213032818602e-14,4.361889655260575e-16,16.10490574573137
130,g03_t01_000,g03_t00_006,False,clearance;input,-4.792756492670097,0.06042186421436192,1.4066752513952256,1.4210854715202004e-14,2.7920426888679815e-16,598.247444371513
131,g03_t01_000,g03_t00_035,True,,2.122751199652938,0.05592421681619243,1.3018599110646631,4.2036275140586214e-14,2.981504720700998e-16,21.393828163954147
132,g03_t01_000,g03_t01_046,True,,21.92242933972936,0.022577778961747664,0.5243845264276624,3.366008727148042e-14,2.929218125848423e-16,8.614663307066957
133,g03_t01_000,g03_t01_031,True,,22.20751740316956,0.018983198757400118,0.4409586889439679,1.7404671430534633e-14,2.610398606436398e-16,7.241572274986423
134,g03_t01_000,g03_t02_000,True,,20.846855651014764,0.05125443347103009,1.1907385122524978,5.947480390056799e-14,6.145525706514757e-16,19.57591677890928
135,g03_t01_000,g03_t02_037,False,input,20.1677341066521,0.06739793874992278,1.5656100437320395,3.972054645195637e-14,4.950014516894532e-16,25.740266123842567
136,g03_t01_000,g03_t02_002,True,,21.917783133234334,0.0544731563181496,1.2653968566289828,4.383680149279125e-14,2.744374207131625e-16,20.8061027501587
137,g03_t01_000,g03_t03_000,False,clearance,-0.18728578452755396,0.05797356212089355,1.3481558443979795,3.0263303041168436e-14,1.4220500840710912e-16,44.63036245121603
138,g03_t01_000,g03_t03_035,False,clearance,-4.0433958796578375,0.04767279970694011,1.107326721007675,2.234611717961088e-14,2.0206364052201326e-16,503.4175806501859
139,g03_t01_000,g03_t03_056,False,clearance,-0.12477400513778503,0.05375128372851787,1.2487950867443265,2.946089290855622e-14,4.912913293355892e-16,35.50225354379694
140,g03_t01_000,g03_t04_000,False,clearance;input,-5.257948099453729,0.07116836153565774,1.6570507515831352,2.1918400746395624e-14,6.770312598131361e-16,658.1751625236498
141,g03_t01_000,g03_t04_030,False,clearance;input,-5.604421767554038,0.08280177337979681,1.9252432970032776,4.6897166265737003e-14,2.482534153247273e-16,704.1791571211729
142,g03_t01_000,g03_t04_054,False,clearance;speed;input,-5.771958442096768,0.08766456046326285,2.040263609083661,3.6230712748823524e-14,1.4752290795525882e-16,726.1579583949413
143,g03_t01_000,g03_t05_003,True,,9.065280617550975,0.04872770227276871,1.1336314822902334,1.2809491335957507e-14,1.4101498741551626e-16,18.630889109431095
144,g03_t01_000,g03_t05_047,False,clearance,-4.594962892693331,0.05314578691224861,1.2371846475907657,2.571502778146493e-14,1.8440363494407352e-16,571.7275894705181
145,g03_t01_000,g03_t05_029,True,,3.8127001493094275,0.059814868840779495,1.3916775947860696,1.2306961192854808e-14,4.564927381489205e-16,22.86992226307612
146,g03_t01_000,g03_t06_000,True,,7.891988479702725,0.051620217899930355,1.2023770080062108,3.9241005173051e-14,4.571909713421485e-16,19.738282597611054
147,g03_t01_000,g03_t06_021,False,input,14.2603163572339,0.06924608963830418,1.6137233552162582,3.614624287906422e-14,1.1245303956542025e-16,26.48932925509225
148,g03_t01_000,g03_t06_014,False,input,14.942054802504645,0.07316974203548751,1.7043652370495597,3.1776437161565096e-14,7.030575511485415e-16,27.981818044597215
149,g03_t01_000,g03_t07_000,False,speed;input,13.12442973392797,0.08849084498618129,2.059621597531527,8.680552612979835e-14,6.649763268202179e-16,33.83016722531238
150,g03_t01_000,g03_t07_045,False,input,16.36350267614785,0.069690507933196,1.6209332019856992,5.982289219103267e-14,6.678662853596398e-16,26.62911418597326
151,g03_t01_000,g03_t07_010,False,input,11.07069062794026,0.08200823536390439,1.9095984675778668,3.299436390059666e-14,8.419826675941385e-16,31.357909625712768
152,g03_t01_000,g03_t08_000,False,input,18.479717911247057,0.0720595468520133,1.679338376447857,5.0242958677880804e-14,9.715121324431664e-16,27.56586335644392
153,g03_t01_000,g03_t08_003,False,input,21.42840929755925,0.0600795071800588,1.3998576540725367,2.0791723739534308e-14,1.5781217187960327e-16,22.980648835496872
154,g03_t01_000,g03_t08_025,True,,17.16824209234613,0.05204050893393308,1.2123222258409898,2.4420869033412487e-14,7.234462465537917e-16,19.900347690424553
155,g03_t01_000,g03_t09_000,True,,22.022981534985874,0.018468048366905746,0.4291595625318501,1.020439314654103e-14,1.0530500229294491e-16,7.044957314854406
156,g03_t01_000,g03_t10_000,False,input,8.979400244808883,0.06816093771914102,1.5873851221086697,4.832213032818602e-14,6.621101144002745e-16,26.063289203545505
157,g03_t01_000,g03_t11_000,False,input,19.346840558138425,0.08124151575560144,1.8930924218243648,4.7697744712485075e-14,6.107957417479437e-16,31.074637323285053
158,g03_t01_000,g03_t12_000,False,clearance,-3.6991928428754823,0.03176118276008142,0.7390883748466472,4.580796882517158e-14,2.506784450261917e-16,456.0524451075223
159,g03_t01_000,g03_t13_000,True,,14.301004530846502,0.057741414010236365,1.343093529878882,4.4947444624483503e-14,2.6376925378252274e-16,22.062859485197617
160,g03_t01_000,g03_t14_000,True,,22.051960445107092,0.0332363526384397,0.7728868184957871,2.2469334198890888e-14,3.67237313403358e-16,12.704344556503406
161,g03_t01_046,g03_t00_000,False,input,12.528269210911962,0.060912417896237636,1.416900507653249,9.716525775031459e-14,3.1835838817813215e-16,23.285737317177542
162,g03_t01_046,g03_t00_006,False,clearance;input,-5.327898741051879,0.07665586348896376,1.784427034442039,1.1122107648629681e-13,1.2295751324518482e-16,668.6721792666859
163,g03_t01_046,g03_t00_035,False,input,2.141041743501789,0.07120441202929514,1.6570225761450688,1.1200912389905998e-13,5.738763111422333e-16,27.23305325589104
164,g03_t01_046,g03_t01_000,True,,22.10862607881092,0.022574370981343177,0.5243845062812874,6.550880341146756e-14,1.8339727620496497e-16,8.613092562051698
165,g03_t01_046,g03_t01_031,True,,29.03073060148531,0.021879042839956744,0.5084607519882505,6.56050691554078e-14,1.669034783527249e-16,8.3602432120009
166,g03_t01_046,g03_t02_000,False,input,22.151476708565834,0.07020155403098602,1.6319435288016437,6.153480596427405e-14,7.282864180281304e-16,26.82475233512936
167,g03_t01_046,g03_t02_037,False,speed;input,24.29164072577623,0.08659630890062839,2.0128354683418537,1.0834320592306956e-13,8.096829954182162e-16,33.08738023587381
168,g03_t01_046,g03_t02_002,False,input,27.225888791789625,0.06951803333384841,1.6154447394467095,1.1396405548925828e-13,8.361295173671162e-16,26.560161639096954
169,g03_t01_046,g03_t03_000,False,clearance;input,-5.447911056898338,0.07602850947116305,1.7692071112607362,8.16448078515563e-14,7.276250007469859e-16,682.814137127427
170,g03_t01_046,g03_t03_035,False,clearance;input,-3.3630221782861405,0.0637783237858251,1.4831268675817213,8.819392567223197e-14,6.50630003747379e-16,427.936852977548
171,g03_t01_046,g03_t03_056,False,clearance;input,-1.3058258839814063,0.06912944130336877,1.6078127203225652,3.546324150650358e-14,9.136181028730921e-16,183.11503183211593
172,g03_t01_046,g03_t04_000,False,clearance;speed;input,-5.839895702234015,0.09215668552381882,2.145851224626189,3.329188447408049e-14,1.0688824964696156e-15,736.0358029025477
173,g03_t01_046,g03_t04_030,False,clearance;speed;input,-4.368779374932793,0.10028746729138112,2.3331387760191302,6.898122193969271e-14,3.8081823067227083e-16,562.594926006977
174,g03_t01_046,g03_t04_054,False,clearance;speed;input,-6.49760914200208,0.10707866273503307,2.4927736765249575,6.589302256184982e-14,1.942890293094024e-16,820.6637593290037
175,g03_t01_046,g03_t05_003,False,input,8.927581505411123,0.06704656260964277,1.559804399870661,3.972054645195637e-14,1.083578880652294e-15,25.634423793835417
176,g03_t01_046,g03_t05_047,False,clearance;input,-5.008074935973667,0.07085462632129647,1.6492669117261713,3.624448852406299e-14,1.383126259898927e-15,628.0706558804302
177,g03_t01_046,g03_t05_029,False,input,3.5577156513665456,0.07997470928657686,1.8609094274211808,4.507888299247583e-14,9.111113841235375e-16,30.579502028797123
178,g03_t01_046,g03_t06_000,False,input,8.316935909432502,0.07205256922748653,1.678004114118105,7.494457715654686e-14,3.6348149084233214e-16,27.55016091003395
179,g03_t01_046,g03_t06_021,False,speed;input,14.32766258782953,0.08672356385567472,2.0207098047131598,9.101120538054984e-14,8.327612273559489e-16,33.170920373967334
180,g03_t01_046,g03_t06_014,False,speed;input,18.44726788883528,0.09286894773693698,2.1629584666043273,6.444038954788686e-14,6.451305766913251e-16,35.51349910399404
181,g03_t01_046,g03_t07_000,False,speed;input,15.671991038218867,0.11057532069055877,2.5739123096951673,6.909548609278006e-14,7.478569755307851e-16,42.277836141666995
182,g03_t01_046,g03_t07_045,False,speed;input,18.838980596842966,0.09157413945556876,2.1306791423371787,5.494675904083643e-14,7.683082245783184e-16,35.00165601118387
183,g03_t01_046,g03_t07_010,False,speed;input,12.09869183700937,0.1033861450500762,2.4073363382729918,7.160723346098895e-14,8.537941695458975e-16,39.53349643957606
184,g03_t01_046,g03_t08_000,False,speed;input,21.01569739482656,0.09010464960122107,2.0994723324608877,5.870046366090628e-14,1.2129426703597998e-16,34.46433980523429
185,g03_t01_046,g03_t08_003,False,input,28.234952486795564,0.07394585472765579,1.7227388132799077,6.703835153883264e-14,7.782209853892053e-16,28.278356991843797
186,g03_t01_046,g03_t08_025,False,input,18.291965535038294,0.07105738468255458,1.6549991253851022,8.82475770564939e-14,5.620611142840863e-16,27.16996078705357
187,g03_t01_046,g03_t09_000,True,,23.197560130387394,0.039147461184197645,0.9106515408004283,8.157714506186433e-14,1.8942672006970055e-16,14.953105167248232
188,g03_t01_046,g03_t10_000,False,speed;input,10.026906518165934,0.08916573810315953,2.076387250152954,6.934620449763122e-14,2.9634845277824204e-16,34.09527594777305
189,g03_t01_046,g03_t11_000,False,speed;input,19.712015275263823,0.09817890304414474,2.2879457140949637,8.039364027381612e-14,1.3891008776700576e-15,37.556858598961824
190,g03_t01_046,g03_t12_000,False,clearance,-4.002986165700839,0.048018218804640515,1.1173679015806053,7.559958504070132e-14,2.938193488474812e-16,498.72012751413234
191,g03_t01_046,g03_t13_000,False,input,15.426037838831588,0.07983862953357619,1.8577471190469783,4.383680149279125e-14,1.1527756336890508e-16,30.51636619837217
192,g03_t01_046,g03_t14_000,True,,27.798373535527695,0.0448786899075906,1.0430074288881157,8.414758157703524e-14,4.443059973708341e-17,17.14826486123292
193,g03_t01_031,g03_t00_000,True,,13.286093144920343,0.0422919636049737,0.9836826945226965,3.351623381340333e-14,2.372706043463231e-16,16.159440468697404
194,g03_t01_031,g03_t00_006,False,clearance,-4.7387072765657745,0.05998826184415349,1.3963349458920997,3.66205343881779e-14,3.0609882684263757e-16,591.5904230317661
195,g03_t01_031,g03_t00_035,True,,2.2746790350141177,0.05137957355659997,1.195803263907631,2.5618982671915014e-14,3.390230674729509e-16,19.648585629620147
196,g03_t01_031,g03_t01_000,True,,22.16794132342996,0.01898406736365529,0.4409586999800668,2.0175535360778957e-14,4.718958039861916e-17,7.242438756107017
197,g03_t01_031,g03_t01_046,True,,28.337851184322112,0.02188727219934762,0.5084607952953135,1.551136925266137e-14,9.596016124726694e-17,8.363544057871897
198,g03_t01_031,g03_t02_000,True,,24.590186938606234,0.05085477266552013,1.1817872865899246,1.0048591735576161e-14,5.497513588186636e-16,19.41862015233077
199,g03_t01_031,g03_t02_037,False,input,26.506825630352253,0.06715587513631832,1.5605120055677606,4.2927602711964753e-14,2.6910028968576024e-16,25.645458050987678
200,g03_t01_031,g03_t02_002,True,,29.25669495256907,0.048142744467981245,1.1178949096205255,4.973799150320701e-14,6.828379306513002e-16,18.376507928798034
201,g03_t01_031,g03_t03_000,False,clearance;input,-5.309007747674705,0.07271867621386392,1.691470133014945,4.690557605084284e-14,1.986996825864056e-16,664.8731382256847
202,g03_t01_031,g03_t03_035,False,clearance,-4.354112113345408,0.0597467710746373,1.3883103598658797,7.229248575812844e-14,6.65699992641958e-16,545.316813271942
203,g03_t01_031,g03_t03_056,False,clearance;input,-5.215502165825653,0.070049466400083,1.6284295250190115,5.663661056114622e-14,4.031730240309769e-16,652.6224621456709
204,g03_t01_031,g03_t04_000,False,clearance;input,-5.656055239184031,0.08269583055313612,1.9254386075817782,5.0649537646248364e-14,4.972820174300706e-16,710.3517379160331
205,g03_t01_031,g03_t04_030,False,clearance;speed;input,-4.0033660060303955,0.09415256910046797,2.1894553319102825,7.369205161712792e-14,6.010860650248393e-16,516.3896674000255
206,g03_t01_031,g03_t04_054,False,clearance;speed;input,-6.2788664920703425,0.10076648194142727,2.3453035510876523,5.376231353587555e-14,3.925231146709438e-16,791.9937436987611
207,g03_t01_031,g03_t05_003,True,,9.105815544647035,0.04805530870546398,1.1179663309934742,1.7404671430534633e-14,3.2738051469986674e-16,18.366937896793893
208,g03_t01_031,g03_t05_047,False,clearance,-4.580436329904539,0.056117976798840605,1.305978325824914,2.694344536301243e-14,5.505827578543946e-16,571.1124132229173
209,g03_t01_031,g03_t05_029,False,input,3.853757227398864,0.0622442884496229,1.4484676649635981,2.2748467065386707e-14,1.442222014787673e-16,23.79470109321946
210,g03_t01_031,g03_t06_000,False,input,7.358055370378238,0.06777086626826125,1.5786746319405578,4.739911241858271e-14,5.635582355813884e-16,25.913703550970567
211,g03_t01_031,g03_t06_021,False,speed;input,14.321648774156426,0.08721666114525302,2.0321934493000677,1.7495085916501026e-14,1.5015154051809687e-15,33.36009412458452
212,g03_t01_031,g03_t06_014,False,speed;input,15.421218126474978,0.08854154352813676,2.062761343485941,1.7763568394002505e-14,7.88305379076438e-16,33.861005371152814
213,g03_t01_031,g03_t07_000,False,speed;input,13.990503624469529,0.09932635270891474,2.3127167144364407,3.709141974507642e-14,4.2276033262255756e-16,37.97591233113937
214,g03_t01_031,g03_t07_045,False,input,18.058794066523966,0.07988348729769328,1.8591955951285213,4.899506159338085e-14,1.798766884999431e-16,30.530211068595555
215,g03_t01_031,g03_t07_010,False,speed;input,16.061570059712757,0.09523474089557528,2.218219392942494,8.881784197001252e-15,1.1292290361918564e-15,36.41739753846968
216,g03_t01_031,g03_t08_000,False,speed;input,16.214899271637073,0.08946746507783802,2.084815122046607,3.62742331401871e-14,8.914862763553513e-16,34.222062354420174
217,g03_t01_031,g03_t08_003,False,input,25.911193316673003,0.07815510732677024,1.820757845083755,5.904883742358415e-14,2.5056998261368797e-16,29.891267119834907
218,g03_t01_031,g03_t08_025,False,input,16.348024861855272,0.0690658445081113,1.6089276618411148,4.3800795900274466e-14,3.349330575590663e-16,26.410201317126983
219,g03_t01_031,g03_t09_000,True,,23.41846529313274,0.03566975539952893,0.8299977754108957,1.888293221827313e-14,1.371885526991722e-16,13.62498565747006
220,g03_t01_031,g03_t10_000,False,input,10.906094862475097,0.08259678007810163,1.9240210787945549,2.2469334198890888e-14,1.0642779470339236e-16,31.584461432383243
221,g03_t01_031,g03_t11_000,False,speed;input,19.874564510671444,0.0990351249032666,2.3079458825162393,1.551136925266137e-14,8.895326400146854e-16,37.885485675722485
222,g03_t01_031,g03_t12_000,False,clearance,-3.541846719499826,0.03668654240579041,0.852970288208459,4.4524234466416185e-14,3.6493568701125596e-16,439.0421949826595
223,g03_t01_031,g03_t13_000,False,input,14.681811647831392,0.06850576515834828,1.5945386754778588,1.896630097780749e-14,3.4590229515725537e-16,26.181496172914375
224,g03_t01_031,g03_t14_000,True,,29.45629932915774,0.023196790807838274,0.5383320273785785,2.5618982671915014e-14,2.0822463320418562e-16,8.847991540647309
225,g03_t02_000,g03_t00_000,True,,13.43827221712032,0.014091404271694209,0.3234115161145564,2.4868995751603507e-14,8.443310997334444e-17,5.325702243508309
226,g03_t02_000,g03_t00_006,False,clearance,-3.5783473728861397,0.035989100227473,0.8335093417443179,1.7763568394002505e-14,1.0367784962136927e-16,443.11630487815495
227,g03_t02_000,g03_t00_035,True,,2.3326081604010476,0.024694123292728857,0.5715577898849985,4.0194366942304644e-14,2.4407257238847565e-16,9.392048139724203
228,g03_t02_000,g03_t01_000,True,,19.102791953854073,0.051274416714087084,1.1907386224513874,3.222019477394343e-14,2.237726045655905e-16,19.584337296613942
229,g03_t02_000,g03_t01_046,False,input,19.899819799357864,0.07022118500218494,1.631943624242339,7.54115260801575e-14,7.537568132987155e-16,26.832070465786057
230,g03_t02_000,g03_t01_031,True,,23.059841993037672,0.05087359707822108,1.1817874069394552,3.6404482152219934e-14,2.737127597257086e-16,19.42789095426044
231,g03_t02_000,g03_t02_037,True,,26.069602590591835,0.016884394893832807,0.38933992666321937,1.3293037379376718e-14,1.462938703671591e-16,6.39746386135298
232,g03_t02_000,g03_t02_002,True,,26.094186947886342,0.01630012579242784,0.37967478568719826,7.32410687763558e-15,1.4947841523253463e-17,6.236625313269991
233,g03_t02_000,g03_t03_000,False,clearance;input,-4.648406134844101,0.06543141856386665,1.519058686497741,5.734772108694815e-14,6.748943856986671e-16,582.8038191888197
234,g03_t02_000,g03_t03_035,False,clearance,-3.2536899309448564,0.059684661718811934,1.3843026850231481,1.9800602765947377e-14,5.752171454726703e-16,413.23441835433255
235,g03_t02_000,g03_t03_056,False,clearance;input,-5.329403456928784,0.07278395644277728,1.690024084502273,3.130435208578516e-14,2.830524433501838e-16,667.3380841819294
236,g03_t02_000,g03_t04_000,True,,9.32411298338666,0.05632160378666545,1.3084001455864283,2.409567650518791e-14,4.1228067460690656e-16,21.51270521458118
237,g03_t02_000,g03_t04_030,False,input,0.9658435932774219,0.07767705798120113,1.8034534387331405,7.349911209636134e-14,4.730677113667733e-16,29.67773386295956
238,g03_t02_000,g03_t04_054,False,input,7.76265143001321,0.0791759059437347,1.8399834972681564,7.426786282979547e-14,8.130358572426612e-16,30.257318090425272
239,g03_t02_000,g03_t05_003,True,,9.315146084721704,0.013892650092206464,0.3189853214185549,2.6107007145801953e-14,1.3748162366235661e-16,5.248616741582625
240,g03_t02_000,g03_t05_047,False,clearance,-3.9613840660842974,0.03542270138674862,0.8197666050775376,6.004089812440652e-14,5.398704999756994e-16,488.86306762141913
241,g03_t02_000,g03_t05_029,True,,4.585747283351865,0.018571069291514947,0.4303284903885265,2.864289338439558e-14,1.3650411060457669e-16,7.072070260715197
242,g03_t02_000,g03_t06_000,True,,4.20144700782123,0.05674419947938136,1.3200984933571625,2.864289338439558e-14,2.1644455617367582e-16,21.689985838194026
243,g03_t02_000,g03_t06_021,False,clearance;input,-0.12995862386561763,0.08088986728145203,1.8820807342629142,6.357769481785624e-14,5.17029086494124e-16,46.51679793185596
244,g03_t02_000,g03_t06_014,False,input,14.978154817055515,0.07126628627206932,1.6596136033147397,4.0351070721557915e-14,4.721635607763214e-16,27.253683688900892
245,g03_t02_000,g03_t07_000,False,input,23.626326994602906,0.06238549596979255,1.453681480617295,4.6048432255985435e-14,1.43689146621931e-16,23.862472252700567
246,g03_t02_000,g03_t07_045,True,,22.775259553100472,0.04591358060411896,1.0693758918198952,1.284840341712311e-14,6.387199071074616e-16,17.55675569703919
247,g03_t02_000,g03_t07_010,False,input,18.48108326107512,0.0667453605816417,1.5550244672515967,6.5532883104768e-14,4.510289377548699e-16,25.528614131961692
248,g03_t02_000,g03_t08_000,False,input,5.4980389501056965,0.080164333465404,1.8657308064644884,1.1059158862475286e-13,9.214892904859677e-16,30.647295806790588
249,g03_t02_000,g03_t08_003,False,input,11.207450565141379,0.08306796233010257,1.9327831767762973,4.5496934130773415e-14,5.635475559608569e-16,31.761598560065387
250,g03_t02_000,g03_t08_025,False,input,7.893981574774242,0.06305161610063045,1.4669233519311131,4.716553564546101e-14,3.7604707972092113e-16,24.103710210195167
251,g03_t02_000,g03_t09_000,True,,14.333544022891326,0.048382026862414516,1.1239791065382985,4.608268174547748e-14,4.727113514582965e-16,18.48517713638137
252,g03_t02_000,g03_t10_000,False,input,13.161955644996802,0.06092535317969851,1.4187546477730508,3.8263897345803626e-14,8.3084381222766235e-16,23.29740506838182
253,g03_t02_000,g03_t11_000,False,speed;input,4.619426650286716,0.09111659749006548,2.1207161086717004,5.840406282250966e-14,1.4304896245381992e-15,34.83488297294297
254,g03_t02_000,g03_t12_000,False,clearance,-3.4951159148800217,0.04111017455268716,0.9519302889022669,3.222019477394343e-14,8.756488217939703e-17,435.08704195918943
255,g03_t02_000,g03_t13_000,True,,16.849726803976512,0.03879211052244587,0.9037563856335645,1.0695084443661336e-14,2.553286678332614e-16,14.84069149544096
256,g03_t02_000,g03_t14_000,True,,25.83306852589976,0.03107422923755704,0.7212287168871162,1.4210854715202004e-14,1.2533302082415627e-16,11.853029628027954
257,g03_t02_037,g03_t00_000,True,,13.343298016760734,0.029735909271583545,0.6869375256040529,3.517007107451656e-14,1.7947472891712782e-16,11.306455434487386
258,g03_t02_037,g03_t00_006,False,clearance,-1.2321973581974923,0.04397718131805602,1.0174993548363267,4.0749873686800916e-14,4.7093828699559204e-17,164.61160658906456
259,g03_t02_037,g03_t00_035,True,,2.0710194832084867,0.034238020094350056,0.7920115143330474,6.740800259667266e-14,8.014422459012849e-16,13.023596121541708
260,g03_t02_037,g03_t01_000,False,input,18.301148410583895,0.06742297206192618,1.5656101763566845,1.0112760639551001e-13,8.32927436345383e-16,25.7504066531652
261,g03_t02_037,g03_t01_046,False,speed;input,21.409529000361484,0.0866211236829397,2.012835587347995,4.5496934130773415e-14,4.286417113330693e-16,33.096506550217384
262,g03_t02_037,g03_t01_031,False,input,24.611515433458894,0.06717969910872276,1.5605121478956117,3.256115871121665e-14,5.179594976956615e-16,25.65641172235435
263,g03_t02_037,g03_t02_000,True,,26.02070761672316,0.01690571514979606,0.3893400961868577,2.5680492922932105e-14,1.1816510524180758e-16,6.410523488257481
264,g03_t02_037,g03_t02_002,True,,30.65598330864567,0.02534741758843793,0.5879872739190509,2.2469334198890888e-14,4.563344992840996e-17,9.661683401222021
265,g03_t02_037,g03_t03_000,False,clearance;input,-4.748176224506004,0.07465974644667862,1.7319662035555365,5.76495532827109e-14,1.6302709355362946e-16,598.2878832069333
266,g03_t02_037,g03_t03_035,False,clearance;input,-0.615150047849125,0.07165141125981463,1.661258938452116,7.520202011601439e-14,6.856877187711137e-16,101.17009022603935
267,g03_t02_037,g03_t03_056,False,clearance;input,-5.1436101603250055,0.08390904317283757,1.9473028627871165,5.979228731585393e-14,5.072516540831925e-16,649.2820946920332
268,g03_t02_037,g03_t04_000,True,,14.486889934145424,0.05967795097599651,1.3840916279533768,5.870718265178972e-14,3.045415634759857e-16,22.77274295280582
269,g03_t02_037,g03_t04_030,False,input,7.609471038204408,0.0831895071760897,1.9300098180143404,1.0062712645910599e-13,1.0039254072328698e-15,31.7716221860641
270,g03_t02_037,g03_t04_054,False,input,15.347043929354895,0.08236286985632889,1.9119643587498505,6.444038954788686e-14,7.295955957595878e-16,31.455893897254604
271,g03_t02_037,g03_t05_003,True,,9.242663739710702,0.026881959547409035,0.6201256797685492,1.2809491335957507e-14,2.1061000458588982e-16,10.207021962567007
272,g03_t02_037,g03_t05_047,False,clearance,-4.080939104482475,0.045340535306451955,1.0488216474035617,6.664446047212478e-14,2.0513792746554963e-16,506.9834120469149
273,g03_t02_037,g03_t05_029,True,,4.608673702005245,0.02170802027913118,0.4993632497909008,3.6404482152219934e-14,3.887130499538825e-16,8.223144558940623
274,g03_t02_037,g03_t06_000,False,input,4.356458058521824,0.06395694843982751,1.4861631020868002,3.444483707977731e-14,4.479753343713803e-16,24.432164602088047
275,g03_t02_037,g03_t06_021,False,speed;input,4.28549962933843,0.08731661675245299,2.030034249298938,2.8397412916710904e-14,4.823404785853848e-16,33.36647558489334
276,g03_t02_037,g03_t06_014,False,input,21.261457353931416,0.07393575632337968,1.7202346537983546,4.986471270604724e-14,4.744904746134193e-16,28.260931814527012
277,g03_t02_037,g03_t07_000,True,,26.921207463906416,0.05676116345588719,1.3218665259428293,3.1776437161565096e-14,1.193812447098184e-16,21.701982449905515
278,g03_t02_037,g03_t07_045,True,,30.097438600909122,0.043794395517906176,1.019368912792936,3.614624287906422e-15,2.391654643720554e-16,16.74361024486904
279,g03_t02_037,g03_t07_010,False,input,27.85703103845863,0.06516375119160457,1.5167345442971973,2.0734733982992197e-14,4.745412086926462e-16,24.908430846346846
280,g03_t02_037,g03_t08_000,False,input,10.953915711485694,0.08543070012986902,1.9867205001763808,4.207379078851762e-14,4.451720917549152e-16,32.648396383931214
281,g03_t02_037,g03_t08_003,False,speed;input,11.744987040513816,0.09204052244555405,2.140209010737222,6.194367960490402e-14,1.0994151322850842e-15,35.18164486845791
282,g03_t02_037,g03_t08_025,False,input,7.303668838250647,0.07090165178513616,1.6479620652007876,5.3290705182007514e-14,8.09326123442274e-16,27.09128725693199
283,g03_t02_037,g03_t09_000,False,input,14.015341366400829,0.06250925676405099,1.4514693094778524,7.496562604817282e-14,6.508542851771897e-16,23.874910233698294
284,g03_t02_037,g03_t10_000,False,input,18.7269763757007,0.06322558630074755,1.4705626266936676,1.5888218580782548e-14,3.480531475248531e-16,24.160674318925025
285,g03_t02_037,g03_t11_000,False,speed;input,11.627020999539148,0.09610488452292369,2.2353081645644033,7.904787935331115e-14,7.580880525408319e-16,36.73074137356945
286,g03_t02_037,g03_t12_000,False,clearance,-3.621418063749029,0.056252537116385136,1.3033655563638877,4.434670491384881e-14,2.615696107623295e-16,456.02419177785293
287,g03_t02_037,g03_t13_000,True,,19.123477380104745,0.04113066809246585,0.9559512105105823,2.065850308528107e-14,3.2159359137519293e-16,15.71081449202931
288,g03_t02_037,g03_t14_000,True,,27.78614372737579,0.046582344351395785,1.0812653406443902,3.972054645195637e-14,1.9078803932353506e-16,17.774446486518823
289,g03_t02_002,g03_t00_000,True,,13.413393743699642,0.02152906206293647,0.4976835082986849,2.1683198553528097e-14,2.0039622902143636e-16,8.19028173801846
290,g03_t02_002,g03_t00_006,False,clearance,-4.048435813079512,0.03953287488317725,0.9156751352960425,2.930988785010413e-14,1.0614466625631893e-16,500.88269532174104
291,g03_t02_002,g03_t00_035,True,,2.405784998685725,0.022191161815145882,0.5119476100791382,2.774758085844075e-14,2.50681422683403e-16,8.424004161073988
292,g03_t02_002,g03_t01_000,True,,21.27375904456735,0.05449478209619755,1.265396973353232,2.3632890658920172e-14,1.3544180565943598e-16,20.81501889112839
293,g03_t02_002,g03_t01_046,False,input,25.40016616030088,0.06954081532604853,1.6154448494295945,7.260417194564721e-14,8.119691916645364e-16,26.568563131094116
294,g03_t02_002,g03_t01_031,True,,27.773186295457695,0.04816560446997678,1.117895050698102,5.136098584586421e-14,1.716587549445839e-16,18.387292383183013
295,g03_t02_002,g03_t02_000,True,,26.092630855487553,0.016300480012753298,0.3796747890297187,2.0097183471152322e-14,1.0422268053430834e-16,6.236876236765928
296,g03_t02_002,g03_t02_037,True,,31.019709145173636,0.025333446446010616,0.5879871570740118,1.5888218580782548e-14,7.97218214573518e-17,9.652536572378784
297,g03_t02_002,g03_t03_000,False,clearance;input,-4.533571214873065,0.07816982337698812,1.8160513155638764,8.501496111647003e-14,8.83830971081837e-16,573.8982605426736
298,g03_t02_002,g03_t03_035,False,clearance;input,-5.19054174852056,0.06943809848643133,1.6115899077081874,4.693920012401453e-14,2.044325800678625e-16,649.3886191631292
299,g03_t02_002,g03_t03_056,False,clearance;input,-5.722219867045714,0.0844146258651288,1.9610864021618157,7.89829857531846e-14,7.473417450352271e-16,718.9256853008625
300,g03_t02_002,g03_t04_000,False,input,2.8477639424628025,0.07081230233005856,1.6463122691215872,2.3914935841127267e-14,1.5142854222490728e-16,27.059505144067806
301,g03_t02_002,g03_t04_030,False,clearance;speed;input,-5.459134213916347,0.0896847319700754,2.083345672051405,2.75764738977458e-14,6.097152019716633e-16,689.3677681421743
302,g03_t02_002,g03_t04_054,False,clearance;speed;input,-0.6715123973458978,0.09330672884851261,2.169385567841187,2.3566036520288945e-14,7.769392465434922e-16,116.24556877665482
303,g03_t02_002,g03_t05_003,True,,9.283864298616576,0.020571847518477914,0.475418591329003,4.5496934130773415e-14,1.5527713227543273e-16,7.822063370631657
304,g03_t02_002,g03_t05_047,False,clearance,-4.143729081919415,0.042535544006827825,0.9855586859812805,5.421538581256371e-14,6.691986702905513e-16,513.4696921100723
305,g03_t02_002,g03_t05_029,True,,4.507066205435564,0.030808842343546347,0.716056209749326,4.3366397107056194e-14,5.402097137439088e-16,11.764301252361197
306,g03_t02_002,g03_t06_000,False,input,4.614060268883013,0.07100380980651029,1.6525009708778737,4.3944641265813476e-14,9.806206306378359e-16,27.146694203977443
307,g03_t02_002,g03_t06_021,False,speed;input,0.839266706450033,0.09527927677490874,2.217468045384661,5.0542346862130785e-14,7.485005149111434e-16,36.42780009339864
308,g03_t02_002,g03_t06_014,False,speed;input,17.86048737505947,0.08616632487864469,2.006903391467233,1.464821375527116e-14,2.834773834533496e-16,32.9545449005241
309,g03_t02_002,g03_t07_000,False,input,26.60814736246691,0.0777162095453883,1.811043231117163,3.863320893581265e-14,2.499696237769295e-16,29.72804439534118
310,g03_t02_002,g03_t07_045,False,input,25.834185407858666,0.06118664253073767,1.4254926988076442,2.0558320843974615e-14,6.679316161259989e-16,23.40157059238065
311,g03_t02_002,g03_t07_010,False,input,20.518654056039757,0.08236629233904971,1.9190928409392642,5.865340917345583e-14,9.44836852304192e-16,31.50505713354742
312,g03_t02_002,g03_t08_000,False,speed;input,5.456320727523282,0.09478810228175853,2.2065822959692416,6.648892022629448e-14,5.005631686059007e-16,36.24299922411029
313,g03_t02_002,g03_t08_003,False,speed;input,17.211101206031472,0.09524228681425338,2.2165093910081155,3.66205343881779e-14,1.0003565359928467e-15,36.41909618051466
314,g03_t02_002,g03_t08_025,False,input,9.608844122990066,0.07664575975537914,1.7837940735917952,5.136098584586421e-14,7.949198794554405e-16,29.305310406514504
315,g03_t02_002,g03_t09_000,True,,19.199496563359336,0.05668243282180138,1.3173851671931678,4.2927602711964753e-14,5.403433904186346e-16,21.661328467550227
316,g03_t02_002,g03_t10_000,False,input,14.738451565587496,0.07632428402566156,1.7776562899329538,8.132533325706673e-14,1.2625736473447065e-15,29.189320732288788
317,g03_t02_002,g03_t11_000,False,speed;input,4.853348326923248,0.1057613889280617,2.462050556299943,5.854571404625018e-14,8.604228440844963e-16,40.43859590689217
318,g03_t02_002,g03_t12_000,False,clearance,-3.9751404765346465,0.0461633936240106,1.0693756292841645,1.7852165294699933e-14,1.4392978831470297e-16,494.6239095209892
319,g03_t02_002,g03_t13_000,True,,17.395386178654803,0.05431557852063679,1.2654763282367718,2.2748467065386707e-14,2.3561606619023687e-16,20.778426769194418
320,g03_t02_002,g03_t14_000,True,,30.23324711839477,0.02527796069280635,0.5849251061934903,1.5888218580782548e-14,2.6678670976504956e-16,9.625084415723231
321,g03_t03_000,g03_t00_000,False,clearance,-4.778574058292714,0.056896941708345784,1.3219880381190852,3.182604911552452e-14,1.3947004136484323e-16,595.1696139194288
322,g03_t03_000,g03_t00_006,False,clearance,-4.284102872155583,0.05680714846417237,1.3212028147234236,4.02041788225783e-14,2.5324586304240974e-16,535.8018408021446
323,g03_t03_000,g03_t00_035,False,clearance;input,-4.573389934392134,0.06789586245108963,1.5786516374990893,4.8841738066824975e-14,5.015241277715091e-16,574.7545507195608
324,g03_t03_000,g03_t01_000,False,clearance,-0.3259523123163024,0.0579656424834911,1.348155820303398,2.929642751054232e-14,4.873060251453353e-16,61.26847248413317
325,g03_t03_000,g03_t01_046,False,clearance;input,-5.424313066400803,0.07601950615219534,1.7692070742625954,3.7030223716586206e-14,6.050779143449325e-16,679.9794935835694
326,g03_t03_000,g03_t01_031,False,clearance;input,-5.331564904864438,0.07271304005289182,1.6914701242977461,3.8263897345803626e-14,4.847302891456678e-16,667.579316732592
327,g03_t03_000,g03_t02_000,False,clearance;input,-5.053278381553157,0.06542738205227863,1.519058679344477,4.05460987825042e-14,4.941739743737033e-16,631.387941666308
328,g03_t03_000,g03_t02_037,False,clearance;input,-5.045975858113252,0.07465047756074943,1.7319661809343374,1.2306961192854808e-14,7.169593448424765e-16,634.0221125665838
329,g03_t03_000,g03_t02_002,False,clearance;input,-5.445406139691967,0.07816586469389475,1.816051307120716,2.8916994303251375e-14,9.252436761632724e-16,683.3178027658485
330,g03_t03_000,g03_t03_035,False,clearance,-1.7649211989309235,0.018781011301760298,0.43765066883708137,1.2840246461466052e-14,6.57652407784043e-17,218.9751151814851
331,g03_t03_000,g03_t03_056,True,,1.4482238167658292,0.01480652408857081,0.3435754979792713,2.1651341596482797e-14,3.785713555622682e-17,5.643562726959029
332,g03_t03_000,g03_t04_000,False,clearance,-3.5220438920898216,0.02769002287780816,0.6427584942817145,1.540931966283796e-14,3.3486903561235222e-16,433.2177978098979
333,g03_t03_000,g03_t04_030,False,clearance,-0.17608939959154202,0.02998852774928658,0.6961867957650301,2.2748467065386707e-14,1.8207367048574e-16,32.58231851818412
334,g03_t03_000,g03_t04_054,False,clearance,-1.3075444343208504,0.0322605185128887,0.751067514225823,2.3832327871173822e-14,3.5430851131124485e-16,169.2485771033777
335,g03_t03_000,g03_t05_003,False,clearance,-4.385656315305155,0.05918676365777262,1.3753434003740992,5.560876503273892e-14,6.997281901651848e-16,548.8959273001947
336,g03_t03_000,g03_t05_047,False,clearance,-4.081640126818303,0.04530733276120462,1.0534238557336482,1.6211157114882133e-14,1.8371696240517996e-16,507.10710405309965
337,g03_t03_000,g03_t05_029,False,clearance,-4.503773112558495,0.056562164984236475,1.3138910054702706,7.123168776872796e-14,7.693102572500887e-16,562.0685477419821
338,g03_t03_000,g03_t06_000,True,,1.1522627090522064,0.040663936599064976,0.9437692082702221,1.3293037379376718e-14,4.819909745438293e-16,15.531334854183367
339,g03_t03_000,g03_t06_021,False,clearance,-4.3653447629290945,0.04752670156373501,1.1049585396605313,1.9640595272370815e-14,2.9010883917888854e-16,541.9996412466367
340,g03_t03_000,g03_t06_014,False,clearance,-4.651622391907641,0.05846112943063035,1.3580957648215932,4.5496934130773415e-14,5.725743836247979e-16,580.5346203745768
341,g03_t03_000,g03_t07_000,False,clearance;input,-5.1866257361038794,0.06870361822267203,1.594629179596382,3.9601205531894754e-14,2.172217384091364e-16,648.6371646797651
342,g03_t03_000,g03_t07_045,False,clearance;input,-4.899037556439531,0.06049215038009193,1.4024761555899332,7.842167823442067e-14,4.2340048020283867e-16,610.9772264343164
343,g03_t03_000,g03_t07_010,False,clearance;input,-4.970551362294706,0.06244717880890326,1.450257731822429,2.95110562224397e-14,1.0085667967556544e-16,620.327574426384
344,g03_t03_000,g03_t08_000,False,clearance,-4.604621019539212,0.052338723369289034,1.2166013392701251,4.207379078851762e-14,6.463236069784172e-16,572.5519751813459
345,g03_t03_000,g03_t08_003,True,,1.251746456502582,0.05711121666033002,1.3282081385540476,3.2862601528904634e-14,6.794449261490003e-16,21.833384343782285
346,g03_t03_000,g03_t08_025,True,,1.2417026948313274,0.044077100718720806,1.0236394312762358,1.637720085286689e-14,8.092071311423672e-17,16.8397610556151
347,g03_t03_000,g03_t09_000,True,,0.8008369888534996,0.04759356316134879,1.10599132186519,3.1225503660520366e-14,3.917864425521418e-16,18.18732999297236
348,g03_t03_000,g03_t10_000,False,clearance,-4.507842367952474,0.051921867255485685,1.2054901763686552,1.7404671430534633e-14,4.4082460388307738e-16,560.7785465404121
349,g03_t03_000,g03_t11_000,False,clearance,-4.807967687463585,0.0592705000609496,1.3784766380043438,4.507888299247583e-14,3.4219371797089426e-16,599.6051695504793
350,g03_t03_000,g03_t12_000,False,clearance,-4.2955917576300795,0.04296354337634379,0.999281815432401,2.2363761175395375e-14,4.1221520587399033e-16,531.8827390113547
351,g03_t03_000,g03_t13_000,False,clearance,-4.593731206159777,0.05169410028684842,1.1984848969884385,7.112640146374866e-14,9.714761232580591e-16,570.9842744488474
352,g03_t03_000,g03_t14_000,False,clearance;input,-5.322874956035303,0.0724987521052371,1.6856633565162629,7.78360568894479e-14,7.45923026145106e-16,666.4531359485031
353,g03_t03_035,g03_t00_000,False,clearance,-4.475420076413038,0.048246295117889595,1.1194344297889107,4.714044091868032e-14,2.23449622528746e-16,555.4762163799205
354,g03_t03_035,g03_t00_006,True,,1.5447296001942703,0.04594282270932717,1.0672068058581088,4.090444939091304e-14,1.3947004136484323e-16,17.547532049704273
355,g03_t03_035,g03_t00_035,False,clearance,-4.212921841708306,0.05692276479694886,1.3220147747708526,7.72664178716253e-14,7.072227418270464e-16,527.2947714120575
356,g03_t03_035,g03_t01_000,False,clearance,-3.631838427277655,0.047662829050798675,1.1073266898560459,3.337471495267141e-14,2.3795449221434073e-16,454.02828999054316
357,g03_t03_035,g03_t01_046,False,clearance;input,-3.685506191828765,0.06376715200028331,1.4831268213802382,2.864289338439558e-14,3.976416080268664e-16,466.6313603961084
358,g03_t03_035,g03_t01_031,False,clearance,-4.231254263500741,0.05973967912535844,1.3883103477742396,5.2214014291603906e-14,5.11975649256e-16,530.5729354347943
359,g03_t03_035,g03_t02_000,False,clearance,-4.011722393428887,0.05968002372358943,1.3843026775075533,5.0368409456630393e-14,1.1485913163110961e-16,504.1977432117801
360,g03_t03_035,g03_t02_037,False,clearance;input,-1.6227234080545427,0.07164152353265897,1.661258915458705,7.53644380168212e-14,2.509779795990378e-16,222.07714572817855
361,g03_t03_035,g03_t02_002,False,clearance;input,-5.212012853004834,0.06943343142636167,1.6115898983658388,9.987170412891968e-14,7.652942545767337e-16,651.9644394088052
362,g03_t03_035,g03_t03_000,False,clearance,-1.733353075565693,0.018781466106243903,0.43765067295584426,1.1512108063996359e-14,1.1810002807238745e-16,215.18726516098855
363,g03_t03_035,g03_t03_056,True,,3.482973528915928,0.02163265300785297,0.5031718581552888,1.5306589719811546e-14,1.7666947150321598e-16,8.26124559848805
364,g03_t03_035,g03_t04_000,False,clearance,-3.8572615317165226,0.037374216032101316,0.8690030921217009,4.578212997635899e-14,3.967324346521807e-16,477.153764427907
365,g03_t03_035,g03_t04_030,True,,1.1513810784520357,0.036686353262986804,0.852812992880204,2.3832327871173822e-14,5.715644030349379e-16,14.01808043074298
366,g03_t03_035,g03_t04_054,False,clearance,-0.4639437801192201,0.04618357647566225,1.0757880831559066,2.3566036520288945e-14,4.819410247043725e-16,73.34265919189002
367,g03_t03_035,g03_t05_003,False,clearance,-4.326044147823457,0.050705228230057076,1.1767812898343826,7.856238108948326e-14,7.793832846935673e-16,538.4926673441494
368,g03_t03_035,g03_t05_047,True,,1.4168648704689963,0.03481439975830296,0.8079630222693418,5.707809787388916e-14,6.670006125585279e-16,13.2889457195798
369,g03_t03_035,g03_t05_029,False,clearance,-0.5952734511697888,0.05247549652143011,1.2180867859298463,1.0658141036401503e-14,2.955553417553362e-16,91.48249558300449
370,g03_t03_035,g03_t06_000,False,clearance,-0.5930788428390592,0.04955869840909109,1.1516168304228953,6.492821172264864e-14,4.823404785853848e-16,90.10723212701596
371,g03_t03_035,g03_t06_021,False,clearance;input,-0.3775587386287489,0.06120068049579065,1.4241613796467307,6.349233371758889e-14,8.13716606000106e-16,68.70114384177964
372,g03_t03_035,g03_t06_014,False,input,0.07536570036614698,0.07079220196194642,1.6460907788597332,8.015287401035549e-14,5.667848928154234e-16,27.06074688424576
373,g03_t03_035,g03_t07_000,False,clearance;input,-5.544716026179961,0.07964711266903224,1.8503665237354359,3.197442310920451e-14,9.071658421902061e-16,695.7989713522035
374,g03_t03_035,g03_t07_045,False,clearance;input,-5.162842545874829,0.06803031365347832,1.5787377724070852,7.834816432001323e-14,4.838479325184938e-16,645.5217075297236
375,g03_t03_035,g03_t07_010,False,clearance;input,-5.406091066996186,0.07490545234577987,1.7412641010966121,4.1440924104876605e-14,1.057016139069401e-15,677.3618504412594
376,g03_t03_035,g03_t08_000,False,input,1.704531625443777,0.06598725265158573,1.53524930822486,4.9769702052493514e-14,6.873358824899141e-16,25.22338573756319
377,g03_t03_035,g03_t08_003,False,input,1.9452356255872354,0.06574723418880521,1.5297717921883334,6.675533876472724e-14,9.0472107655596e-16,25.13864088485012
378,g03_t03_035,g03_t08_025,False,clearance,-0.12801471007993692,0.052952774948195225,1.2309630907884015,3.9918655144511616e-14,2.7962967607555853e-16,35.599988466359335
379,g03_t03_035,g03_t09_000,True,,0.8780425439007353,0.043142799045703104,1.0017825782508032,4.6728652726691796e-14,4.057658750885071e-16,16.48181551693983
380,g03_t03_035,g03_t10_000,False,clearance;input,-2.0425410802614405,0.06339372454236002,1.4735073118107984,1.6280579355608324e-14,7.840643074699968e-16,269.3347741594503
381,g03_t03_035,g03_t11_000,False,clearance;input,-3.151376282078928,0.07389979590330956,1.7199130218138021,7.107647456813934e-14,6.238833558932794e-16,406.4152432337246
382,g03_t03_035,g03_t12_000,True,,3.320125994395909,0.027733243450137286,0.6430874799478955,2.712945308278816e-14,1.312030226291654e-16,10.571576077334367
383,g03_t03_035,g03_t13_000,False,clearance,-4.793755133323863,0.057412093096368216,1.3321310965251496,9.37480631536849e-14,7.362118199707989e-16,597.1771279985471
384,g03_t03_035,g03_t14_000,False,clearance;input,-3.2455608684972868,0.06053094313610665,1.4057797781329613,4.973799150320701e-14,4.665599982471358e-16,412.59097794927806
385,g03_t03_056,g03_t00_000,False,clearance;input,-4.941082590293474,0.06328214170583846,1.4698292985609713,2.3848872356242537e-14,3.2398021848425308e-16,617.1064788066928
386,g03_t03_056,g03_t00_006,False,clearance;input,-4.628814942492433,0.06590175616386823,1.5323194022530728,5.2221567856097905e-14,7.34474626806716e-16,580.6432417509551
387,g03_t03_056,g03_t00_035,False,clearance;input,-5.283507147053405,0.07541750507834588,1.7530600154524512,8.563440298696854e-14,9.292938109463748e-16,662.8412764400775
388,g03_t03_056,g03_t01_000,False,clearance,-0.08362804402617674,0.05374510845672335,1.2487950659556957,4.14314051144892e-14,7.3712481002897255e-16,30.563119849580055
389,g03_t03_056,g03_t01_046,False,input,0.18823524193871544,0.06912055893156573,1.6078126829486188,5.859958635030681e-14,6.374725235378438e-16,26.41300412285087
390,g03_t03_056,g03_t01_031,False,clearance;input,-5.237214649185535,0.07004556958830079,1.6284295164946423,2.6586074758753436e-14,5.613217783960923e-16,655.2272937428214
391,g03_t03_056,g03_t02_000,False,clearance;input,-5.3294035598713165,0.07277606083578313,1.6900240764793448,6.51223174224333e-14,5.710165843342547e-16,667.3374824746477
392,g03_t03_056,g03_t02_037,False,clearance;input,-5.714458244471469,0.08389594887827427,1.9473028383473487,1.2312088025484128e-13,1.4858957191692582e-15,717.7819994257231
393,g03_t03_056,g03_t02_002,False,clearance;input,-4.996104987157197,0.08440673146537268,1.961086390501049,1.8202241076109967e-14,9.477624839917472e-16,631.7910032582588
394,g03_t03_056,g03_t03_000,True,,1.4482235320497299,0.014823921183825773,0.3435756373354425,7.793734002518813e-15,5.921610142754179e-17,5.654179444328113
395,g03_t03_056,g03_t03_035,True,,3.474747655128624,0.02164408595822624,0.5031719515155962,1.9459014222361976e-14,2.884078860550832e-16,8.268519265425262
396,g03_t03_056,g03_t04_000,False,clearance,-3.566005063275643,0.042193339589450846,0.9801620653561137,1.6473255640462455e-14,2.5078606370050884e-16,444.04024422928126
397,g03_t03_056,g03_t04_030,True,,2.1841678619545535,0.041617832157312365,0.9680374412821767,2.1390168887322673e-14,1.3170196111538182e-16,15.91734144106778
398,g03_t03_056,g03_t04_054,True,,3.024880337588754,0.04479117595981065,1.0423703729311702,7.105427357601002e-15,2.2898349882893854e-16,17.132195966641945
399,g03_t03_056,g03_t05_003,False,clearance;input,-5.100804819342664,0.0667680942963724,1.551104215007194,6.473352399285872e-14,5.913957033160809e-16,637.6080486666871
400,g03_t03_056,g03_t05_047,False,clearance,-4.686950305847684,0.05424160661111985,1.2607702255494777,2.4202861936828413e-14,4.460365043975677e-16,583.1585114487418
401,g03_t03_056,g03_t05_029,False,clearance;input,-3.889725417194554,0.06687974028142933,1.553511011895281,4.2780337774645346e-14,4.20934145542537e-16,492.3245803737686
402,g03_t03_056,g03_t06_000,True,,6.195876522430627,0.042255649370180864,0.9796437157851792,1.2306961192854808e-14,1.0649845920537046e-16,16.12759217360768
403,g03_t03_056,g03_t06_021,False,clearance,-4.049669554512612,0.04556880481061473,1.0584022402358035,7.229248575812844e-15,2.4591502649036963e-16,503.357639698385
404,g03_t03_056,g03_t06_014,False,input,1.881209743632688,0.061151604058561355,1.4198258460101734,2.2748467065386707e-14,4.07700614744166e-16,23.359358135723653
405,g03_t03_056,g03_t07_000,False,clearance;input,-5.5150524729904085,0.07812432613856007,1.814065579854669,5.367420261044532e-14,4.943687995239386e-16,691.656655027388
406,g03_t03_056,g03_t07_045,False,clearance;input,-3.6100104714968424,0.06841515950731078,1.5870576994198091,1.0403121498998202e-14,9.301483103609639e-16,459.3297220891644
407,g03_t03_056,g03_t07_010,False,clearance;input,-2.354027360854936,0.06930854869508524,1.60947538731613,5.90221124448794e-14,4.881451447769513e-16,308.9646730568067
408,g03_t03_056,g03_t08_000,False,clearance,-2.588280463625685,0.05175077470445907,1.2019672322313903,3.182604911552452e-14,3.365184701171237e-16,330.35519777243405
409,g03_t03_056,g03_t08_003,True,,9.501032024173945,0.05077392347051636,1.179607072035952,1.432144669219779e-14,2.323234527365937e-16,19.396220275067023
410,g03_t03_056,g03_t08_025,True,,11.812871223006777,0.04311775412298136,1.0000259792622759,2.3092638912203256e-14,1.8990270721780401e-16,16.458924834842026
411,g03_t03_056,g03_t09_000,True,,13.655453371183384,0.04438099314569449,1.0298233756344997,2.2469334198890888e-14,1.684022518587624e-16,16.944142910257646
412,g03_t03_056,g03_t10_000,True,,3.343242507888688,0.05682833240478697,1.318877472518346,1.5888218580782548e-14,6.156582250872317e-16,21.705256284855764
413,g03_t03_056,g03_t11_000,False,clearance,-3.8801994298225786,0.057640577338844465,1.3397395813548236,3.449061096984636e-14,4.2774214746361787e-16,487.6394782371979
414,g03_t03_056,g03_t12_000,True,,1.7645272539005612,0.045311594487311146,1.0530363612947806,3.158969840160839e-14,3.119416779466397e-16,17.302381164482604
415,g03_t03_056,g03_t13_000,False,clearance,-1.0705477938428012,0.05874241612798955,1.3626306629840699,2.2486881514489034e-14,1.9918372637938335e-16,150.90293868079704
416,g03_t03_056,g03_t14_000,False,clearance;input,-5.391807832937529,0.07451694924339246,1.7317204505973975,7.888304520226981e-14,1.1672252909021819e-15,675.4890327739636
417,g03_t04_000,g03_t00_000,True,,0.3881935834178505,0.05220526652587002,1.214804385905241,1.464821375527116e-14,6.206335383118183e-17,19.960534353644903
418,g03_t04_000,g03_t00_006,True,,14.939266907745314,0.048959593343003066,1.1402075276927115,1.9131948672901813e-14,3.623205760570257e-16,18.719175954554164
419,g03_t04_000,g03_t00_035,False,clearance;input,-4.234539273828937,0.06061174686784852,1.4111006157986152,3.499017183300205e-14,2.9723184550796836e-16,531.3210129753938
420,g03_t04_000,g03_t01_000,False,clearance;input,-5.280050705640969,0.07116555494821171,1.6570507555137255,1.517719948885615e-14,6.012462478564703e-16,660.8277811720493
421,g03_t04_000,g03_t01_046,False,clearance;speed;input,-5.983003550182993,0.09215381968626878,2.1458512165752928,2.0141293913497846e-14,3.009432764406106e-16,753.2081198064632
422,g03_t04_000,g03_t01_031,False,clearance;input,-5.681737822862786,0.08269365136235246,1.9254386241914172,3.1776437161565096e-14,8.514223576271388e-16,713.4349475234105
423,g03_t04_000,g03_t02_000,True,,8.978649612262547,0.056326051772012255,1.3084001626979491,2.1316282072803006e-14,2.4630629965187236e-16,21.51403984239731
424,g03_t04_000,g03_t02_037,True,,13.460138597519089,0.059677573657172744,1.3840916264346224,7.114303597610951e-14,7.556089870290945e-16,22.772635369867253
425,g03_t04_000,g03_t02_002,False,input,3.2758786575305026,0.07081626616419227,1.6463122847272587,5.772476473450155e-14,2.914335439641036e-16,27.06072950971059
426,g03_t04_000,g03_t03_000,False,clearance,-3.3763776174217575,0.027678216574610018,0.6427584264691931,1.4567209187227738e-14,7.505561329662603e-17,415.73265939509946
427,g03_t04_000,g03_t03_035,False,clearance,-3.3410969477529595,0.03736477243585413,0.8690030385163088,3.056159864571351e-14,3.3429341157592284e-16,415.2098563536236
428,g03_t04_000,g03_t03_056,False,clearance,-4.232571943219351,0.042177584824511644,0.9801619787036853,2.864289338439558e-14,1.5838319836915702e-16,524.0216435977502
429,g03_t04_000,g03_t04_030,True,,19.423766894504144,0.028410972346526522,0.6566474461916951,1.432144669219779e-14,4.0787772188316427e-16,10.813457048766846
430,g03_t04_000,g03_t04_054,True,,19.481166373482807,0.02307252306408005,0.534961325557658,7.944109290391274e-15,1.1258341994493904e-16,8.800579804508377
431,g03_t04_000,g03_t05_003,False,clearance,-2.153650885920814,0.051794500818134824,1.2052327388978477,3.972054645195637e-14,4.3890903691691434e-16,278.2408759306033
432,g03_t04_000,g03_t05_047,True,,12.941003806982497,0.04007074910894351,0.9333241067909362,2.3832327871173822e-14,1.3675808348473978e-16,15.32135082432743
433,g03_t04_000,g03_t05_029,True,,3.1132026435586857,0.042220820778839444,0.9811390100918964,3.426112997215453e-14,3.4850676662506595e-16,16.129939537568838
434,g03_t04_000,g03_t06_000,False,clearance,-4.378191594550649,0.04533022753353495,1.0544727986132798,7.944109290391274e-15,3.415643653058599e-16,542.7192440491573
435,g03_t04_000,g03_t06_021,False,clearance,-4.6719082092415345,0.05676568988214357,1.3213711256883918,1.591302455776226e-14,6.645417490632121e-16,582.3407546050248
436,g03_t04_000,g03_t06_014,False,clearance,-3.598848921090239,0.057115936334570724,1.3283261671657096,4.819135301037582e-14,5.5180569425081325e-16,453.70098382063816
437,g03_t04_000,g03_t07_000,False,clearance,-3.5129652382162613,0.05141836387619172,1.1925440204635858,4.5496934130773415e-14,1.2648025775023737e-16,441.1806369613607
438,g03_t04_000,g03_t07_045,True,,7.259232026860225,0.047692449375914485,1.1050756857124977,3.636179562338736e-14,4.0662155098524256e-16,18.193229921487127
439,g03_t04_000,g03_t07_010,False,clearance,-4.602717547634605,0.05185426351191195,1.2044899362609305,8.526975409500174e-14,9.143556140028338e-16,572.1371596151791
440,g03_t04_000,g03_t08_000,False,clearance,-4.813363458529906,0.05831700491512865,1.3573296848401337,3.8263897345803626e-14,5.246097492926871e-16,599.9079805046506
441,g03_t04_000,g03_t08_003,False,clearance;input,-2.3212988378801107,0.0711001192835521,1.655155169384967,3.256115871121665e-14,5.583115272847894e-16,305.7574895033183
442,g03_t04_000,g03_t08_025,False,clearance,-3.405374271495438,0.05201349837435338,1.2103522576428594,4.070144838902081e-14,5.83568815493317e-16,428.54105731302946
443,g03_t04_000,g03_t09_000,False,clearance,-4.878535632454156,0.059657380504451,1.3887764001964007,3.9601205531894754e-14,5.059210310009495e-16,608.2461116625207
444,g03_t04_000,g03_t10_000,False,clearance,-0.6542645735755015,0.04732365746125768,1.0997920730530457,4.5496934130773415e-14,4.990217849044965e-16,96.59905456189556
445,g03_t04_000,g03_t11_000,False,clearance;input,-5.08669654777901,0.06622801623183831,1.5415996630077917,3.8765706809576265e-14,6.258866915731343e-16,635.7312431848794
446,g03_t04_000,g03_t12_000,False,clearance,-4.242613335444767,0.05091166156607872,1.1857980181193095,3.590262830394362e-14,2.6189728790124677e-16,528.5828347149392
447,g03_t04_000,g03_t13_000,True,,1.0932071643609416,0.042717170506221085,0.9904607956458414,5.985162796957669e-14,6.063497558204533e-16,16.302786607819243
448,g03_t04_000,g03_t14_000,False,clearance;input,-1.379919297353689,0.07445465177003494,1.733298206974274,4.081757258616412e-14,6.063497558204533e-16,194.06510592003139
449,g03_t04_030,g03_t00_000,False,clearance;input,-4.624980721296982,0.06994719863074861,1.6244397065738077,8.984661175095372e-14,1.2734335527125286e-15,581.7177252495198
450,g03_t04_030,g03_t00_006,True,,15.44559897264608,0.05800163215461396,1.3473722829610049,5.052478490102847e-14,3.249864498573335e-16,22.147234281875967
451,g03_t04_030,g03_t00_035,False,clearance;input,-4.031645258288638,0.07430847766638582,1.7264052410241368,2.3566036520288945e-14,2.2889313081609405e-16,512.1833068988163
452,g03_t04_030,g03_t01_000,False,clearance;input,-5.681449029323343,0.08278558421436598,1.9252432388068543,3.275440170573378e-14,5.959374814064025e-16,713.4179374553584
453,g03_t04_030,g03_t01_046,False,clearance;speed;input,-5.5315879458281785,0.10027058581070268,2.333138703837272,9.246551630749504e-14,7.592304211206897e-16,702.1263676248412
454,g03_t04_030,g03_t01_031,False,clearance;speed;input,-4.048440398711146,0.09413916933903402,2.1894552964587435,7.528065317933784e-14,9.871780750502622e-16,521.7958454643791
455,g03_t04_030,g03_t02_000,False,input,1.0771907812708763,0.07767250437576588,1.8034534394642359,1.075246270717511e-13,1.0840897565763183e-15,29.677790790650427
456,g03_t04_030,g03_t02_037,False,input,7.7515340080434285,0.08319118125226461,1.9300098200494133,7.856238108948326e-14,8.375473501650271e-16,31.77178118698545
457,g03_t04_030,g03_t02_002,False,clearance;speed;input,-5.7514779381727,0.0896808660304107,2.0833456754357957,1.2985642344529727e-13,1.625079471285139e-15,724.4492785760392
458,g03_t04_030,g03_t03_000,True,,0.14683383141595496,0.029967161682240378,0.696186638410896,1.9214237003936263e-14,1.9192816221686693e-16,11.439563298347053
459,g03_t04_030,g03_t03_035,True,,1.510015738056265,0.036668512254105785,0.8528128590576675,2.898511452556946e-14,4.443059973708341e-16,14.007730286458095
460,g03_t04_030,g03_t03_056,True,,3.0740959177631355,0.04159470556571099,0.9680372548795332,2.416106516409301e-14,4.228065979749262e-16,15.90308825862488
461,g03_t04_030,g03_t04_000,True,,19.41223578696006,0.028406631563122786,0.6566474229508615,2.1900397950137233e-14,2.3851659270976536e-16,10.811670827402294
462,g03_t04_030,g03_t04_054,True,,31.799317168492642,0.01924442729311719,0.44574561353279984,2.2748467065386707e-14,1.1158415767036915e-16,7.322564381864392
463,g03_t04_030,g03_t05_003,False,clearance;input,-4.24486024300651,0.06929415054082676,1.6091223845137692,3.9879112138130155e-14,4.257111788135694e-16,535.8521649986499
464,g03_t04_030,g03_t05_047,True,,15.140638383964522,0.04988670507415381,1.1583944824354584,4.5631651987819126e-14,4.220906975022924e-16,19.04280631918736
465,g03_t04_030,g03_t05_029,False,input,1.011625761592877,0.06290715662177161,1.4597145596946481,1.071718936103022e-13,8.804984405210335e-16,24.0241451733761
466,g03_t04_030,g03_t06_000,False,clearance;input,-5.0338855404337455,0.06602353497232948,1.5335579472385632,6.081266252743834e-14,1.0031442548020353e-16,629.2926115657236
467,g03_t04_030,g03_t06_021,False,clearance;input,-4.828959510827726,0.0717298963170279,1.6676599846863618,6.591696189872022e-14,9.539401966176753e-16,606.8879059466342
468,g03_t04_030,g03_t06_014,False,clearance;input,-3.7253685745523977,0.07954034999550368,1.847859652745319,8.10921975650084e-14,1.1185187043022341e-15,477.43986757194733
469,g03_t04_030,g03_t07_000,False,clearance;input,-5.282096287560967,0.0784391951748588,1.8204884527433127,1.1374233532693354e-13,1.1107649934270853e-15,663.8181211006608
470,g03_t04_030,g03_t07_045,False,input,5.33171163723151,0.07552879160244813,1.7523292139165267,6.197481315711729e-14,5.1925927263190304e-17,28.850196014452358
471,g03_t04_030,g03_t07_010,False,clearance;input,-4.912341023676213,0.07733357896332306,1.795601718959032,8.009380051700174e-14,4.9456354792602635e-16,619.0275903299884
472,g03_t04_030,g03_t08_000,False,clearance;input,-5.077250951209489,0.07555359360463046,1.7562362249732597,4.207379078851762e-14,2.1319462161963365e-16,638.1433423725967
473,g03_t04_030,g03_t08_003,False,clearance;input,-2.6597161387420014,0.08526730829444722,1.9830595709463126,5.323886956406095e-14,3.219676680299483e-16,351.76538301916196
474,g03_t04_030,g03_t08_025,False,clearance;input,-5.264086333350824,0.07085229192357619,1.6463862753595866,8.35454444562689e-14,1.1676377197974878e-15,658.7672336662259
475,g03_t04_030,g03_t09_000,False,clearance;input,-3.2655604400859604,0.07474959360776032,1.7375710170692384,4.322062729257126e-14,4.825400815232003e-16,420.43729700455447
476,g03_t04_030,g03_t10_000,False,clearance;input,-4.699399739747324,0.0716350711484958,1.6633952682989623,7.25484662803742e-14,4.873060251453353e-16,591.296992558114
477,g03_t04_030,g03_t11_000,False,clearance;input,-5.251317369776132,0.08130033959554724,1.8905049210760005,5.3416382264099463e-14,8.99062176748262e-16,661.2303478734179
478,g03_t04_030,g03_t12_000,True,,0.8849523830420145,0.05871181083264538,1.3648834567792947,5.402578411571408e-14,3.676959098167723e-16,22.426960116809926
479,g03_t04_030,g03_t13_000,False,clearance;input,-3.8533448850479397,0.06951784382482361,1.613325525859168,4.3193240684714694e-14,7.05981306231723e-17,488.9605710269834
480,g03_t04_030,g03_t14_000,False,clearance;speed;input,-5.633750668689267,0.08942024647201027,2.078520298596244,4.973799150320701e-14,5.244261588236206e-16,710.2228668455384
481,g03_t04_054,g03_t00_000,False,clearance;input,-2.0370856959686905,0.07409358286634173,1.723370373606837,8.386586809275e-14,2.387624894196368e-16,272.77560990017554
482,g03_t04_054,g03_t00_006,False,input,15.35121832674403,0.06716122531574706,1.5630942240216612,6.257719659362428e-14,4.22108520697773e-16,25.672877165546147
483,g03_t04_054,g03_t00_035,False,clearance;input,-3.984079261622889,0.08131204541067645,1.891852899986001,1.0845964142784046e-13,5.121462592965109e-16,509.1733854146868
484,g03_t04_054,g03_t01_000,False,clearance;speed;input,-5.85359552670289,0.08765382347317888,2.0402635745917643,6.456269064396113e-14,3.610892649124533e-16,735.9517269533669
485,g03_t04_054,g03_t01_046,False,clearance;speed;input,-6.431120707294365,0.10706747859894039,2.4927736300060923,1.0683276452819893e-13,8.150173236313187e-16,812.681525394097
486,g03_t04_054,g03_t01_031,False,clearance;speed;input,-6.310134540713481,0.1007577274096068,2.3453035345417343,8.994752605795614e-14,1.378099966678852e-15,795.7446179497144
487,g03_t04_054,g03_t02_000,False,input,6.780563470048522,0.07918013217060878,1.839983503225211,5.731332139511976e-14,1.6382991542287573e-15,30.257782097785665
488,g03_t04_054,g03_t02_037,False,input,15.361408831608733,0.08236401100951707,1.911964361220442,7.856238108948326e-14,5.594182314818954e-16,31.45608922513003
489,g03_t04_054,g03_t02_002,False,clearance;speed;input,-0.12210913365552223,0.09331078026967007,2.1693855752065145,8.592868015318674e-14,7.67210752826985e-17,50.31775379789332
490,g03_t04_054,g03_t03_000,False,clearance,-0.932622585479343,0.032248286076953715,0.7510673997328047,4.13647108466187e-14,8.239479992065644e-17,124.24909573020304
491,g03_t04_054,g03_t03_035,True,,0.006757759013438669,0.046174398120811616,1.0757879994371597,1.2592102364157598e-14,6.509351924941102e-16,17.662842457350184
492,g03_t04_054,g03_t03_056,True,,4.358902455456626,0.04477436646043718,1.0423702317815846,4.00985752872434e-14,4.229473647618367e-16,17.121320475180337
493,g03_t04_054,g03_t04_000,True,,19.473537102025784,0.02306975339531516,0.5349613099855977,3.045817500343561e-14,1.296292357640769e-16,8.799370114852552
494,g03_t04_054,g03_t04_030,True,,32.06507385666377,0.019246284957743352,0.44574562788675925,1.1374233532693354e-14,2.6556039984264996e-16,7.323701077869591
495,g03_t04_054,g03_t05_003,False,clearance;input,-4.7266719457042585,0.07374000078962065,1.7150880636159922,1.2520480784918742e-13,8.722330401226314e-16,595.3898477049202
496,g03_t04_054,g03_t05_047,True,,14.975134934271871,0.05850735288065957,1.3616867544168278,5.86409039785642e-14,6.702433653486328e-16,22.364336120107183
497,g03_t04_054,g03_t05_029,False,input,2.51014738193355,0.06461838899115,1.502047320587933,6.888967415955462e-14,5.695628448847968e-16,24.6989383705229
498,g03_t04_054,g03_t06_000,False,clearance,-2.039940987071529,0.05881425127757657,1.3671030361922056,6.245100732104073e-14,1.4304896245381993e-16,267.2771409716896
499,g03_t04_054,g03_t06_021,False,clearance;input,-3.964994306131259,0.06146998958883397,1.429594963290918,2.7303361614164952e-14,6.744661984593929e-16,499.29922309531094
500,g03_t04_054,g03_t06_014,False,clearance;input,-5.079373994488247,0.06734283750413408,1.5647840308770757,1.1396405548925828e-13,9.73648225426415e-16,635.2672882820532
501,g03_t04_054,g03_t07_000,False,clearance;input,-4.937664153215984,0.06507102422709382,1.5088709030611798,5.18501491318319e-14,2.8979748556092734e-16,617.3645487697523
502,g03_t04_054,g03_t07_045,False,clearance;input,-1.9591352773230168,0.06595748295563676,1.5295587361741059,9.548544105396274e-14,5.39908820214266e-16,260.2791664745655
503,g03_t04_054,g03_t07_010,False,clearance;input,-3.2954322323831886,0.06354699010918188,1.4750268189682914,9.494789320920039e-14,2.8441001681421824e-16,419.7302763604168
504,g03_t04_054,g03_t08_000,False,clearance;input,-2.999304034019236,0.0641877361234025,1.492407053478156,7.671311721569361e-14,9.486764796347358e-16,384.45352848146564
505,g03_t04_054,g03_t08_003,False,clearance;input,-5.386694152220036,0.0784789876465896,1.825926302682245,2.0791723739534308e-14,1.495312517987631e-16,676.4175991988801
506,g03_t04_054,g03_t08_025,False,clearance;input,-1.5058538338679468,0.06373340901633243,1.4819075855019435,7.045220234776629e-14,7.849312239117699e-16,205.07067746913984
507,g03_t04_054,g03_t09_000,False,clearance;input,-2.727797815829713,0.07598547101730731,1.7680605509187413,7.283063041541027e-14,8.201995669192111e-16,356.3937253823228
508,g03_t04_054,g03_t10_000,False,clearance;input,-4.322042261599497,0.0602133694550561,1.398519400831974,5.2214014291603906e-14,1.847052879738342e-16,541.6584644456439
509,g03_t04_054,g03_t11_000,False,clearance;input,-4.988324599727324,0.06901877053976593,1.6051535981886893,6.712654832942343e-14,4.697995015182298e-16,624.9830212624089
510,g03_t04_054,g03_t12_000,False,clearance;input,-2.0302137980228525,0.06760120627237394,1.573896702132821,4.6330233359075296e-14,3.469446951953614e-16,269.4720714350018
511,g03_t04_054,g03_t13_000,False,input,2.0248098384737183,0.062367322800224084,1.447362661443395,1.1077689398795247e-13,9.930379045005657e-16,23.822137818063556
512,g03_t04_054,g03_t14_000,False,clearance;speed;input,-6.027566135524728,0.09522351801335636,2.2157282024224028,4.618527782440651e-14,4.1932970789410407e-16,759.7164962273092
513,g03_t05_003,g03_t00_000,True,,9.315555370683919,0.006920788225130254,0.16086467392557421,1.37882369488729e-14,2.151888681180845e-17,2.6509338716076103
514,g03_t05_003,g03_t00_006,False,clearance,-3.5893263804084454,0.02296837489273996,0.5321257497645113,2.4501492788668817e-14,3.555125210177728e-17,439.47293439996787
515,g03_t05_003,g03_t00_035,True,,2.2585879794594965,0.014020425324863521,0.3249569832804887,1.6280579355608324e-14,9.722192682305768e-17,5.334335884671464
516,g03_t05_003,g03_t01_000,True,,8.942375690352746,0.04874234627760432,1.13363157047034,2.0791723739534308e-14,3.0841144181889414e-16,18.637629926216388
517,g03_t05_003,g03_t01_046,False,input,8.742379082628913,0.06706056554294479,1.5598044701135165,7.107647456813934e-14,4.654751537338637e-16,25.639807193192638
518,g03_t05_003,g03_t01_031,True,,9.037840375241444,0.04806931870761634,1.1179664343272537,1.0658141036401503e-14,4.729691029085469e-16,18.374883935876003
519,g03_t05_003,g03_t02_000,True,,9.316955744342945,0.013898700697293296,0.3189853664930545,1.2306961192854808e-14,1.42427030413353e-16,5.252154151245273
520,g03_t05_003,g03_t02_037,True,,9.253185941659181,0.026872738140072055,0.6201256173562252,2.161031364628563e-14,1.3078480538116475e-16,10.20221408214387
521,g03_t05_003,g03_t02_002,True,,9.287230201718398,0.02057619865559121,0.4754186220174807,1.0048591735576161e-14,4.137960960644478e-17,7.824439286758057
522,g03_t05_003,g03_t03_000,False,clearance,-4.748431803801382,0.059183196090952045,1.3753434009403225,8.426000324584083e-15,4.034117999026819e-16,592.4290294688541
523,g03_t05_003,g03_t03_035,False,clearance,-4.467158700217349,0.05070066785773521,1.176781289426638,2.61673702486864e-14,5.278122454581873e-16,555.4263825082705
524,g03_t05_003,g03_t03_056,False,clearance;input,-5.100804728139328,0.06676041449825132,1.551104208461642,8.812233968180623e-14,8.90992886097537e-16,637.6075341318453
525,g03_t05_003,g03_t04_000,False,clearance,-2.367226977212862,0.05179241670524447,1.2052327317505507,3.8067538440132936e-14,1.3777680143756674e-16,303.86944315057747
526,g03_t05_003,g03_t04_030,False,clearance;input,-3.897888637963984,0.06929819598808441,1.6091223908861263,9.428088183736064e-14,8.951173136040325e-16,494.2160662118782
527,g03_t05_003,g03_t04_054,False,clearance;input,-5.023941568888841,0.07374239330178255,1.715088064539677,1.0687705978178971e-13,1.1289945019547626e-15,631.062274627502
528,g03_t05_003,g03_t05_047,False,clearance,-2.883427098302282,0.022849010945213792,0.5290790270171556,4.985729651874422e-14,5.037512722538011e-16,354.72176693123623
529,g03_t05_003,g03_t05_029,True,,4.181332890522527,0.01580510194777101,0.36718153694894756,8.702335715267317e-15,1.3188462689126137e-16,6.027471156784324
530,g03_t05_003,g03_t06_000,False,clearance,-0.49675756455410225,0.0593387318525655,1.3821604048590517,6.550880341146756e-14,1.043934622518896e-15,82.31198461044562
531,g03_t05_003,g03_t06_021,False,clearance;input,-5.654779786190281,0.08264891807353557,1.9245783463413977,4.076197102228689e-14,9.590997287498071e-16,710.1835182708635
532,g03_t05_003,g03_t06_014,False,input,3.2854516147617314,0.07658885571432555,1.7844336923891315,7.791709393054201e-14,8.245613492138131e-16,29.30104422721609
533,g03_t05_003,g03_t07_000,False,input,8.928121592809672,0.06934289242752706,1.6146966856473963,4.322062729257126e-14,2.1187328841533585e-16,26.5103867696228
534,g03_t05_003,g03_t07_045,True,,9.098405441370016,0.05376946927093608,1.2511058094289778,7.94721185223203e-15,4.0426129278402276e-16,20.545262045641316
535,g03_t05_003,g03_t07_010,False,input,8.412426938304623,0.07296767049025252,1.6999111536146885,4.0981518605531616e-14,1.1504552168735287e-15,27.90856557500897
536,g03_t05_003,g03_t08_000,False,clearance;input,-2.238162393841182,0.08308954765792075,1.9351966125674303,3.061317943962309e-14,3.5135752366389115e-16,300.36002239597536
537,g03_t05_003,g03_t08_003,False,input,0.9384166657807964,0.08532441983711371,1.9867307409107455,5.606087625430511e-14,7.232777620970957e-16,32.63916238355683
538,g03_t05_003,g03_t08_025,False,input,0.7282257013919051,0.06565803618411718,1.5291724100867603,1.3411200035432724e-14,7.022009783614247e-16,25.117940776661005
539,g03_t05_003,g03_t09_000,True,,9.014701423596826,0.04812522267655372,1.1199767212588427,2.7974095480984613e-14,1.2023523462386844e-16,18.409821024838607
540,g03_t05_003,g03_t10_000,False,input,3.6360940638518864,0.06596495035110887,1.5368568384989902,6.99803436660041e-14,2.396682302503803e-16,25.234071301906724
541,g03_t05_003,g03_t11_000,False,clearance;speed;input,-3.646047013737431,0.0939036936796578,2.1869191548617417,4.0351070721557915e-14,8.903441835098303e-16,473.43989855212294
542,g03_t05_003,g03_t12_000,False,clearance,-3.8443835952129843,0.030925400668025713,0.7169524342465549,2.9417348844303596e-14,7.862432023014451e-17,473.1270968995607
543,g03_t05_003,g03_t13_000,True,,9.035305294128301,0.04525509873629422,1.053256599005118,1.0841599276764049e-14,1.639107157088942e-16,17.29600058200383
544,g03_t05_003,g03_t14_000,True,,9.21286068040558,0.02916021621168349,0.6782970710098541,2.1316282072803006e-14,4.18557537062543e-16,11.148504762682009
545,g03_t05_047,g03_t00_000,False,clearance,-3.6576490258053878,0.024949622797902558,0.5781893346914323,2.220446049250313e-14,2.657299679216387e-16,448.43556439237545
546,g03_t05_047,g03_t00_006,True,,15.076109753781992,0.011862909846023941,0.2753770825063693,1.4458497151625688e-14,3.127317220692751e-17,4.524193446416321
547,g03_t05_047,g03_t00_035,False,clearance,-3.450388665687023,0.024916062213334127,0.5789133656066426,5.5948190961969225e-14,3.584964610723385e-16,423.56869214188555
548,g03_t05_047,g03_t01_000,False,clearance,-4.651652568132843,0.053146197969415485,1.2371846714314425,4.716553564546101e-14,1.498303070619016e-16,578.5321757311145
549,g03_t05_047,g03_t01_046,False,clearance;input,-5.136423735799262,0.07085491241538373,1.649266919483673,2.8508313657667433e-14,7.77721245753878e-16,643.47310813336
550,g03_t05_047,g03_t01_031,False,clearance,-3.9343629851963113,0.056118483876404605,1.3059783664288305,6.122635887924618e-14,5.589579458494345e-16,493.58673828268576
551,g03_t05_047,g03_t02_000,False,clearance,-4.015998217464114,0.03542905599822497,0.8197666345849721,2.6586074758753436e-14,8.760353553682876e-17,495.4190260153055
552,g03_t05_047,g03_t02_037,False,clearance,-4.098522594120613,0.04533926319909356,1.0488216415084335,3.5704330589399866e-14,1.700029006457271e-16,509.09299275206087
553,g03_t05_047,g03_t02_002,False,clearance,-4.235662424803296,0.04254145302016036,0.9855587133511862,6.355287432313019e-14,1.8094421531119201e-16,524.503799463684
554,g03_t05_047,g03_t03_000,False,clearance,-3.8709648566795236,0.0453005533008047,1.0534238252283736,4.5113868549152494e-14,4.686194211817886e-16,481.823694122011
555,g03_t05_047,g03_t03_035,True,,1.3654049834574442,0.034804855736845317,0.8079629792114583,5.006207242900712e-14,4.152335225764742e-16,13.285638783723744
556,g03_t05_047,g03_t03_056,False,clearance,-4.636529397800358,0.05422983067522422,1.2607701723641973,3.7768475371212626e-14,3.266443309152217e-16,577.1038907929037
557,g03_t05_047,g03_t04_000,True,,13.108458116220875,0.04007085912457588,0.9333241072622231,3.928119054474163e-14,5.172387567446856e-16,15.321387901852708
558,g03_t05_047,g03_t04_030,True,,15.146981018276794,0.04988968284447953,1.1583944959331733,3.8263897345803626e-14,3.102440301380354e-16,19.04386306044766
559,g03_t05_047,g03_t04_054,True,,14.992109323553969,0.058508756911586725,1.361686760740491,3.552713678800501e-14,4.720488264635378e-16,22.36483745317733
560,g03_t05_047,g03_t05_003,False,clearance,-2.890238886030121,0.022853022711550156,0.5290790457395655,3.014577520672848e-14,1.2510471639264603e-16,355.54061611504557
561,g03_t05_047,g03_t05_029,False,clearance,-3.551232852719737,0.025032330642838475,0.5792929489002887,3.03543989777123e-14,1.0132923574178605e-16,435.6831065969172
562,g03_t05_047,g03_t06_000,False,clearance;input,-3.0502381473079296,0.060950409664663724,1.4191031928395899,2.3296701543181088e-14,8.777083671441753e-17,389.33917917359634
563,g03_t05_047,g03_t06_021,False,clearance;input,-5.589078325321465,0.08071507373115977,1.8802840839095925,7.755684626330685e-15,6.720346508616998e-16,701.5681390582034
564,g03_t05_047,g03_t06_014,False,clearance;input,-5.589213932320234,0.08003913606208525,1.8636169557580449,4.3366397107056194e-14,6.212538618432903e-16,701.3163028491475
565,g03_t05_047,g03_t07_000,False,input,5.421485605487911,0.07481557170362349,1.740159450084109,5.731332139511976e-14,2.7214709887088936e-16,28.58990443564747
566,g03_t05_047,g03_t07_045,False,input,2.12726818649738,0.06219693128170265,1.4452177356317288,4.7920015367064524e-14,7.624262623130695e-16,23.754302646344527
567,g03_t05_047,g03_t07_010,False,input,1.6241022201914186,0.07715870279295226,1.795918338864865,7.328952110397413e-14,9.79834719367015e-16,29.49944507449022
568,g03_t05_047,g03_t08_000,False,clearance;input,-5.685402170337406,0.08275914917708622,1.9278857501755877,3.764032658966892e-14,1.0021117808169478e-15,713.9088410246868
569,g03_t05_047,g03_t08_003,False,clearance;speed;input,-4.602504432843957,0.0860190630889527,2.0032801092138497,7.944109290391274e-15,5.907440274120147e-16,585.209413700072
570,g03_t05_047,g03_t08_025,False,clearance;input,-5.141977797550603,0.06720176546265968,1.56479585381842,6.365209823104904e-14,1.085665291867152e-15,642.7418692734137
571,g03_t05_047,g03_t09_000,False,clearance,-4.617361773853518,0.05217768102072708,1.2142730133010287,1.6280579355608324e-14,1.9540102647498285e-16,574.0405453978341
572,g03_t05_047,g03_t10_000,False,clearance;input,-5.217445104771299,0.06940637236097315,1.6157108412312584,5.317214951750687e-14,5.973900055198068e-16,652.6326232387353
573,g03_t05_047,g03_t11_000,False,clearance;speed;input,-5.946473232604636,0.09272971286573649,2.1600717377561063,3.182604911552452e-14,3.4394802926312277e-16,749.0486140176276
574,g03_t05_047,g03_t12_000,False,clearance,-3.318248788107629,0.02369584941697581,0.5513754078242495,2.612211099846594e-14,1.6592700325180092e-16,407.2511773311101
575,g03_t05_047,g03_t13_000,True,,0.9670017108370661,0.05307228605581354,1.233310556301147,3.203604279077764e-14,2.633125101432526e-16,20.271069627344627
576,g03_t05_047,g03_t14_000,False,clearance,-4.314797634776525,0.04392105949686717,1.021208293213148,7.105427357601002e-15,2.285625729237046e-16,534.5679836665734
577,g03_t05_029,g03_t00_000,True,,4.1305452496312185,0.020151811059291556,0.46825515855133765,1.7404671430534633e-14,8.389791518699292e-17,7.697594204330908
578,g03_t05_029,g03_t00_006,False,clearance,-2.775488049139968,0.025916633599493758,0.6003978948570713,1.8202241076109967e-14,3.622582792031445e-16,342.93110854490993
579,g03_t05_029,g03_t00_035,True,,1.096161126573995,0.02479435672414263,0.5760566237398845,1.6280579355608324e-14,1.1429445175035422e-16,9.457411361319437
580,g03_t05_029,g03_t01_000,True,,3.5565125493461425,0.059830052820188544,1.3916776849774053,2.2469334198890888e-14,4.0107767153625477e-16,22.876832335540833
581,g03_t05_029,g03_t01_046,False,input,3.2310278265424768,0.0799890413451854,1.8609094989425434,5.99915049389875e-14,5.62906407940352e-16,30.584998681787
582,g03_t05_029,g03_t01_031,False,input,3.6180054457418067,0.06225821128393195,1.4484677654599143,2.0097183471152322e-14,2.904613031477917e-16,23.8024590773458
583,g03_t05_029,g03_t02_000,True,,4.579498514428431,0.018587796708974622,0.43032861662993327,2.7114910356960115e-14,1.1258341994493904e-16,7.081751718614636
584,g03_t05_029,g03_t02_037,True,,4.609416409833335,0.021710140512166617,0.4993632644550822,2.040878629308206e-14,6.986873377891451e-17,8.224292580525802
585,g03_t05_029,g03_t02_002,True,,4.501308607126271,0.030820146628839452,0.7160562906511218,1.0048591735576161e-14,4.76364036948032e-16,11.770604808415424
586,g03_t05_029,g03_t03_000,False,clearance,-3.936420347678541,0.05655877399381417,1.3138910082230821,7.436339788901051e-14,6.846687874175755e-16,493.9864270689682
587,g03_t05_029,g03_t03_035,False,clearance,-0.7386941820481672,0.052472785442461374,1.218086787269132,1.1906892201003595e-13,1.6933495902391474e-15,108.69308533499633
588,g03_t05_029,g03_t03_056,False,clearance;input,-2.0780276874597465,0.06686956325066713,1.5535110055612684,6.414591554910412e-14,6.563768190296064e-16,274.9203682160563
589,g03_t05_029,g03_t04_000,True,,3.0440993960728715,0.042221652294824406,0.9811390130016288,2.7288911567313107e-14,3.25037374023038e-16,16.13016241210942
590,g03_t05_029,g03_t04_030,False,input,0.9480637927527067,0.06290827930029648,1.4597145612571136,5.955433342649105e-14,3.669240025143453e-16,24.024267377741225
591,g03_t05_029,g03_t04_054,False,input,2.4716961161954503,0.06461799569181137,1.5020473206392557,5.6509370411770256e-14,3.7752561069696477e-16,24.698942564280443
592,g03_t05_029,g03_t05_003,True,,4.046665443249081,0.01581493838980892,0.36718162184300973,7.944109290391274e-15,3.949116186088914e-17,6.034090496399013
593,g03_t05_029,g03_t05_047,False,clearance,-3.6206983244318964,0.025034475780898284,0.5792929589080121,3.4032999046377774e-14,4.172722181439336e-16,444.01972496957575
594,g03_t05_029,g03_t06_000,False,clearance,-0.8865267263098118,0.056751148092732094,1.3211192816687602,1.2809491335957507e-14,2.8066088919804617e-16,128.09012847114798
595,g03_t05_029,g03_t06_021,False,clearance;input,-5.556178167044651,0.0791150004474238,1.841546005575118,2.9083605444016566e-14,6.760348924449766e-16,696.9957908075966
596,g03_t05_029,g03_t06_014,False,input,4.283580388827034,0.07093357944634474,1.652149377616418,5.772476473450155e-14,5.114581455958995e-16,27.135998890475364
597,g03_t05_029,g03_t07_000,True,,4.420299338834555,0.05775342514731335,1.3446183125493016,7.114303597610951e-14,5.962706640411183e-16,22.079496345969815
598,g03_t05_029,g03_t07_045,True,,4.4778062822992695,0.045221279464444764,1.0517730506428957,3.586140670325907e-14,1.1714201148076235e-16,17.278529728225127
599,g03_t05_029,g03_t07_010,False,input,4.358101018930131,0.06382931847418265,1.486981724460059,2.9777166713245526e-14,2.240145354958912e-16,24.417579208330174
600,g03_t05_029,g03_t08_000,False,clearance;input,-2.349448609737295,0.07884583008360399,1.8356567564369721,8.622195295168635e-14,5.972690967638672e-16,312.08755124690254
601,g03_t05_029,g03_t08_003,False,clearance;input,-1.9034353519688305,0.08554695673824425,1.9912789532455972,6.325426871983402e-14,1.5056120658364778e-15,261.1338233650095
602,g03_t05_029,g03_t08_025,False,clearance;input,-0.31991588104531,0.06410613583350563,1.4922974755490626,8.881784197001252e-15,4.232298688539897e-16,62.910430568292895
603,g03_t05_029,g03_t09_000,True,,0.49359149098887123,0.054839866642469565,1.275835971148284,5.0399723360467546e-14,2.8185920280518337e-16,20.97416870894812
604,g03_t05_029,g03_t10_000,True,,4.343645611411518,0.059454202734795715,1.38489066268556,6.778145699236018e-14,4.999623835585462e-16,22.745665030746693
605,g03_t05_029,g03_t11_000,False,clearance;speed;input,-3.722642513698685,0.08941210132770286,2.081623527092482,2.4613922385709617e-14,1.3186089465011212e-15,480.9099070542681
606,g03_t05_029,g03_t12_000,False,clearance,-3.9891820824180306,0.04039250139995408,0.9375579927545267,3.5990409922268204e-14,1.689731085869606e-16,494.1237841482573
607,g03_t05_029,g03_t13_000,True,,4.47648586855391,0.039049688018315,0.9086242644616919,3.6099836778372163e-14,5.856689535013502e-16,14.92861115356596
608,g03_t05_029,g03_t14_000,True,,4.0748648894512725,0.044255110915042986,1.029823483240087,1.464821375527116e-14,3.053310439023432e-16,16.920380296484034
609,g03_t06_000,g03_t00_000,True,,3.01040989938527,0.05490293984611252,1.2791266898209592,2.234611717961088e-14,3.02001357495108e-16,21.002372616179667
610,g03_t06_000,g03_t00_006,False,clearance;input,-3.952707360376012,0.07125831054878864,1.6594277424496304,1.6110097386971715e-14,2.1319462161963365e-16,501.57864246619187
611,g03_t06_000,g03_t00_035,False,clearance;input,-1.5535492294861188,0.07274414368269655,1.694456841385426,5.997670987815032e-14,4.757097620724619e-16,214.24932565816815
612,g03_t06_000,g03_t01_000,True,,7.798873374601136,0.05162242910724507,1.2023770234938331,3.197442310920451e-14,6.447292976975124e-16,19.73951066406892
613,g03_t06_000,g03_t01_046,False,input,8.195569014195637,0.07205602354109518,1.6780041324882329,8.666455260721799e-14,1.1522743178863966e-15,27.551611708016694
614,g03_t06_000,g03_t01_031,False,input,7.339503618888381,0.06777215894316146,1.5786746438958712,2.6586074758753436e-14,8.337958808609698e-17,25.914655081723684
615,g03_t06_000,g03_t02_000,True,,4.738454103485446,0.056731332886220044,1.3200984132932039,1.5987211554602254e-14,1.8107721364984798e-16,21.683741493542506
616,g03_t06_000,g03_t02_037,False,input,5.097922024423311,0.06393655154233618,1.4861629828191736,2.774758085844075e-14,6.30790873832527e-16,24.422952537353144
617,g03_t06_000,g03_t02_002,False,input,5.156405004775628,0.07099196517684284,1.6525008996480135,4.5635433489597437e-14,2.4902799884605145e-16,27.141116414467856
618,g03_t06_000,g03_t03_000,True,,0.7853970598143178,0.04067069055918952,0.9437692206297116,1.130466570252318e-14,8.084928095691562e-16,15.532281534761788
619,g03_t06_000,g03_t03_035,False,clearance,-0.8622608529557989,0.0495643701160752,1.1516168415945847,3.7608876652477593e-14,2.830524433501838e-16,122.4099388584426
620,g03_t06_000,g03_t03_056,True,,5.430762907520661,0.04225803986225364,0.9796437215545497,2.2473722312241752e-14,3.0727628532573784e-16,16.12803683166127
621,g03_t06_000,g03_t04_000,False,clearance,-4.378191512012183,0.04532222731493066,1.0544727776361111,2.4565801279300335e-14,2.9934411624108173e-16,542.7176285049193
622,g03_t06_000,g03_t04_030,False,clearance;input,-5.095226885317123,0.0660394338578301,1.5335579921685432,4.5635433489597437e-14,6.108690234307018e-16,636.6570095030697
623,g03_t06_000,g03_t04_054,False,clearance,-3.6879890087319973,0.05882666667874986,1.3671030627565792,5.859285502108464e-14,6.691986702905513e-16,465.04493677014574
624,g03_t06_000,g03_t05_003,True,,0.7274115410446824,0.059329870330509626,1.382160341791076,1.464821375527116e-14,3.852336164941852e-16,22.69613701575892
625,g03_t06_000,g03_t05_047,False,clearance;input,-2.1543723514356365,0.060944534020526624,1.4191031652764001,3.3009490321544905e-14,2.8313748239171495e-16,281.83313373480826
626,g03_t06_000,g03_t05_029,True,,0.2878024365977878,0.056738631081417586,1.32111919430956,5.2814885788587084e-14,5.983664543770311e-16,21.70014857233128
627,g03_t06_000,g03_t06_021,True,,9.445628605512411,0.024412294094444,0.5669920486490275,1.2080532582046505e-14,2.9618593647713695e-16,9.31605921315501
628,g03_t06_000,g03_t06_014,True,,9.455537150908118,0.02332170684313173,0.5427290930900809,3.709141974507642e-14,1.1062732007617257e-16,8.916031271975404
629,g03_t06_000,g03_t07_000,True,,8.579403463094,0.0461220333052148,1.071533007470153,4.0351070721557915e-14,5.495761671766055e-16,17.61372594797458
630,g03_t06_000,g03_t07_045,True,,8.392888807247772,0.033534109598698236,0.7770629368640853,5.0125555228201704e-14,4.036504345286403e-16,12.780953447895364
631,g03_t06_000,g03_t07_010,True,,9.259496177939495,0.03412470963664644,0.7932836889587794,1.5888218580782548e-14,1.699674944388148e-16,13.035928874857444
632,g03_t06_000,g03_t08_000,True,,9.458874530483262,0.024293616498889038,0.5647333719253235,2.161031364628563e-14,2.959623308516845e-16,9.273430361803156
633,g03_t06_000,g03_t08_003,True,,9.45080701817599,0.03037341654142296,0.706396542175882,1.6758116906701664e-14,4.755547536505877e-16,11.612007685326947
634,g03_t06_000,g03_t08_025,True,,9.519918766331674,0.008029774698077991,0.18637569533741377,3.552713678800501e-15,7.132039788782872e-17,3.0663376631051515
635,g03_t06_000,g03_t09_000,True,,8.325941746291956,0.0333405894241989,0.7767198542483745,2.5433559371059917e-14,1.138063217752167e-16,12.752255855420115
636,g03_t06_000,g03_t10_000,True,,9.406931937290988,0.018879492346087167,0.43861560913432734,2.1316282072803006e-14,1.076087997824911e-16,7.207631394219616
637,g03_t06_000,g03_t11_000,True,,9.420197280786097,0.03515313238597492,0.8174950742448698,1.6304788408914756e-14,2.6703474716024767e-16,13.424450112799985
638,g03_t06_000,g03_t12_000,False,clearance,-4.080063705758004,0.05520842233099783,1.2854413138316227,1.833179602832606e-14,3.0946222141750243e-16,510.71634346553935
639,g03_t06_000,g03_t13_000,True,,7.330486329159523,0.02566315093690035,0.5947568237785245,2.3566036520288945e-14,1.8388068845354155e-16,9.77941467797218
640,g03_t06_000,g03_t14_000,False,input,5.9968089802788525,0.06707137811398586,1.5625813799818784,4.3366397107056194e-14,5.215722429776119e-16,25.652475740653955
641,g03_t06_021,g03_t00_000,False,clearance;input,-1.300189019884809,0.078384644538385,1.8254955492779958,3.657742603375525e-14,6.098731183695383e-16,186.0006046842874
642,g03_t06_021,g03_t00_006,False,clearance;speed;input,-6.00022050648798,0.09178679979440456,2.138232389803363,1.649718195029833e-14,5.009389504082694e-16,755.141338989656
643,g03_t06_021,g03_t00_035,False,clearance;speed;input,-6.10429069007165,0.0956276429857128,2.227616816200913,5.18501491318319e-14,1.6667795129466247e-16,769.0960655533087
644,g03_t06_021,g03_t01_000,False,input,14.267351914661884,0.06924628199414255,1.6137233563000197,2.2748467065386707e-14,1.714482597643096e-16,26.489415663869238
645,g03_t06_021,g03_t01_046,False,speed;input,14.163097406992492,0.08672382613791685,2.0207098072928895,1.4210854715202004e-14,4.443474797976618e-16,33.171125747436605
646,g03_t06_021,g03_t01_031,False,speed;input,14.393742513820298,0.087216653090519,2.032193449038652,4.507888299247583e-14,3.9387392181500157e-16,33.36007454260769
647,g03_t06_021,g03_t02_000,False,input,1.3830394038728406,0.08087803836770519,1.8820806774763146,3.552713678800501e-14,4.451720917549152e-16,30.91733009800607
648,g03_t06_021,g03_t02_037,False,speed;input,5.588867049344809,0.08729829663010422,2.03003416226512,1.0857595206869153e-13,8.173769618162309e-16,33.359731747095935
649,g03_t06_021,g03_t02_002,False,speed;input,2.4488157895470035,0.09526771463355689,2.2174679902277483,6.750155989720952e-14,4.669210529678814e-16,36.42348223094146
650,g03_t06_021,g03_t03_000,False,clearance,-4.439024762548678,0.04753563482765505,1.1049585772200914,2.660090660077674e-14,2.2463161964190524e-16,550.8441542593126
651,g03_t06_021,g03_t03_035,False,clearance;input,-0.10223822680681272,0.06120784763492433,1.4241614098872484,3.178884740892812e-14,3.6215442729969596e-16,35.665050565181915
652,g03_t06_021,g03_t03_056,False,clearance,-4.058366743313551,0.045575071787637485,1.0584022670947004,3.2829578306128264e-14,1.5531346546082258e-16,504.4033943468738
653,g03_t06_021,g03_t04_000,False,clearance,-4.7776517852135125,0.056769149701259326,1.3213711366162746,1.882016329483446e-14,2.5286532809710436e-16,595.0308243272187
654,g03_t06_021,g03_t04_030,False,clearance;input,-5.073595093309199,0.07174784800886941,1.667660062554484,4.5531598466568455e-14,7.245747048027281e-16,636.2501615184823
655,g03_t06_021,g03_t04_054,False,clearance;input,-3.6643820457893956,0.0614847125479354,1.4295950257855843,4.2036275140586214e-14,2.5296051550047473e-16,463.2305368273554
656,g03_t06_021,g03_t05_003,False,clearance;input,-3.4121777662188224,0.0826408375210258,1.9245783065503252,3.5704330589399866e-14,1.09768388958628e-15,441.06815829676543
657,g03_t06_021,g03_t05_047,False,clearance;input,-5.463681217750473,0.08071489468349985,1.8802840797371014,4.1435123730381497e-14,7.353918196335446e-16,686.5201593589906
658,g03_t06_021,g03_t05_029,False,clearance;input,-5.408829330893353,0.07910414323343926,1.8415459523089432,3.8428474007872526e-14,7.0521150011141625e-16,679.3097873367805
659,g03_t06_021,g03_t06_000,True,,9.452483899859049,0.02440864967082281,0.5669920297518798,3.444483707977731e-14,1.7291634505335761e-16,9.314581087597272
660,g03_t06_021,g03_t06_014,True,,15.34396090240043,0.024278072837652057,0.5620724339679165,4.0351070721557915e-14,1.3878058855710652e-16,9.252543202645086
661,g03_t06_021,g03_t07_000,True,,15.082084011602333,0.056641192122325684,1.3151229527707453,4.440892098500626e-14,6.164380454961326e-16,21.628965194450753
662,g03_t06_021,g03_t07_045,True,,15.174145217439218,0.05128384067069577,1.1900161368247215,2.1832755253970956e-14,1.0949389893418967e-16,19.571484258633923
663,g03_t06_021,g03_t07_010,True,,15.229560574102337,0.040665667573951646,0.9436158840450951,5.54951617168815e-14,3.8882966694934187e-16,15.522326372018691
664,g03_t06_021,g03_t08_000,True,,15.407099437260273,0.007552873199469203,0.175322790470723,1.7763568394002505e-14,1.2855693810632302e-16,2.886078269247383
665,g03_t06_021,g03_t08_003,True,,15.33878188965017,0.021522449528243656,0.5004646594218288,1.5987211554602254e-14,1.4939786643766102e-16,8.223433759016867
666,g03_t06_021,g03_t08_025,True,,15.334274203303313,0.020050323099674475,0.4654396687927106,2.780438251636946e-14,2.1814104600935435e-16,7.6458310824036015
667,g03_t06_021,g03_t09_000,True,,14.997611586795246,0.05162696656694558,1.202565757503381,2.1683198553528097e-14,9.110008351080428e-17,19.741378040960473
668,g03_t06_021,g03_t10_000,True,,15.290618427672893,0.029337993275886372,0.6802734344134492,3.256115871121665e-14,6.546139416680338e-17,11.190418518642192
669,g03_t06_021,g03_t11_000,True,,15.365224250694812,0.01318887362771184,0.30579587550235166,8.379058453350832e-15,1.0158135424457698e-16,5.021356172305432
670,g03_t06_021,g03_t12_000,False,clearance;input,-0.8972761694033236,0.07423454639182829,1.7297690116715874,1.7130564986077266e-14,5.667105568883678e-16,136.07201069329295
671,g03_t06_021,g03_t13_000,True,,11.986381737096991,0.04729250835957726,1.0983467558890692,3.62742331401871e-14,1.7826341206873999e-16,18.055548201827232
672,g03_t06_021,g03_t14_000,False,speed;input,9.30215102980784,0.08992017969589457,2.0947059634227245,5.728578676879116e-14,7.223118591955294e-16,34.39333029941068
673,g03_t06_014,g03_t00_000,False,input,5.3253306033193955,0.072992207383973,1.7008879220078148,3.256115871121665e-14,8.902106678378305e-16,27.92262003023388
674,g03_t06_014,g03_t00_006,False,clearance;speed;input,-5.919603065759178,0.08949838979764249,2.0843685170727415,5.0242958677880804e-14,4.311058334485492e-16,744.5824143151409
675,g03_t06_014,g03_t00_035,False,speed;input,1.437277877289814,0.09041252547909266,2.1064135883672166,5.695433295429594e-14,4.922703883563625e-16,34.58296992937372
676,g03_t06_014,g03_t01_000,False,input,14.271297296580274,0.07317246274596473,1.7043652530726727,6.365209823104904e-14,3.785991760569746e-16,27.983085859774818
677,g03_t06_014,g03_t01_046,False,speed;input,17.56253601858319,0.09287379508836877,2.1629584907056207,4.4853010194856324e-14,9.94104020067166e-16,35.5154029128634
678,g03_t06_014,g03_t01_031,False,speed;input,15.02130043218885,0.08854322403196264,2.0627613554621567,8.10921975650084e-14,9.210189162038736e-16,33.86195634918631
679,g03_t06_014,g03_t02_000,False,input,16.120589252308164,0.07125570500494675,1.6596135228959452,2.929642751054232e-14,9.819209125020507e-16,27.247350168667523
680,g03_t06_014,g03_t02_037,False,input,22.8065797080559,0.07391768353311828,1.7202345289112437,3.117493601007525e-14,8.092071311423671e-16,28.251178856748883
681,g03_t06_014,g03_t02_002,False,speed;input,19.077408110567823,0.0861562587302669,2.0069033187602727,7.856238108948326e-14,5.902547983198874e-16,32.94880831156513
682,g03_t06_014,g03_t03_000,False,clearance,-4.452475004842194,0.05846590642955403,1.358095761833048,2.8338320372156673e-14,4.865149434140654e-16,556.6367016112634
683,g03_t06_014,g03_t03_035,False,clearance;input,-0.0977287472690096,0.07079624724065914,1.6460907774363762,4.1058443156764995e-14,6.125514683806114e-16,38.78808477573362
684,g03_t06_014,g03_t03_056,False,input,1.6124451980508838,0.06115343009634515,1.419825846902032,4.466575006986829e-14,5.875388307785668e-16,23.35942667917866
685,g03_t06_014,g03_t04_000,False,clearance,-2.8556081844414134,0.057103862359602055,1.32832612453573,1.865174681370263e-14,3.8283582482295026e-16,364.5088111140923
686,g03_t06_014,g03_t04_030,False,clearance;input,-5.565631854956528,0.0795535866700082,1.8478596697230556,6.377591102696641e-14,5.04968439248306e-16,698.2727638872142
687,g03_t06_014,g03_t04_054,False,clearance;input,-4.422286271451068,0.06735366966845853,1.5647840306088177,2.6586074758753436e-14,8.964073410269265e-16,556.4167400598295
688,g03_t06_014,g03_t05_003,False,input,4.336923721444518,0.07658110975515335,1.784433626720789,1.3293037379376718e-14,2.8538705609892917e-16,29.295867163636757
689,g03_t06_014,g03_t05_047,False,clearance;input,-5.5643541178291045,0.08003068475765114,1.8636169165927552,5.409429957265215e-14,3.287014905352939e-16,698.3300536800765
690,g03_t06_014,g03_t05_029,False,input,4.30744908715876,0.07092325218487107,1.6521492849248063,4.832213032818602e-14,3.95029712482461e-16,27.12874522678777
691,g03_t06_014,g03_t06_000,True,,9.4504059066833,0.0233212202383644,0.5427290897292172,3.117493601007525e-14,1.0567796286097279e-16,8.915761106664394
692,g03_t06_014,g03_t06_021,True,,15.332860280148688,0.02428440735095096,0.5620724651518041,1.722814312656491e-14,3.1919383346741347e-16,9.25491452540071
693,g03_t06_014,g03_t07_000,True,,28.14871493358615,0.03664684519386119,0.8513225531321461,3.776586443654626e-14,2.67823833298414e-16,13.98944704801406
694,g03_t06_014,g03_t07_045,True,,31.679616513890657,0.03248213855854571,0.7539848800059017,1.913202920524795e-14,2.0642480475845822e-16,12.386291211198898
695,g03_t06_014,g03_t07_010,True,,30.09343613120913,0.019791204169209913,0.45961551689858443,1.464821375527116e-14,2.9423385302467212e-16,7.550568571385432
696,g03_t06_014,g03_t08_000,True,,22.3450509033889,0.017646306106284475,0.40758650979222105,3.730349362740526e-14,1.3202430955354021e-16,6.711244177499113
697,g03_t06_014,g03_t08_003,True,,30.855920417944347,0.035674202048344275,0.8290319532365156,2.1316282072803006e-14,2.408705867777664e-16,13.633837719805467
698,g03_t06_014,g03_t08_025,True,,19.4135095916484,0.02356052103392739,0.547876754858883,2.6822400070865448e-14,2.55987824628e-16,9.004452330056022
699,g03_t06_014,g03_t09_000,True,,14.601801034272777,0.05484171818062363,1.2774498806543384,2.95110562224397e-14,1.6094644373830793e-16,20.975089984088918
700,g03_t06_014,g03_t10_000,True,,25.543650201127083,0.011835665309907073,0.2750685751291917,3.197442310920451e-14,7.437595293790607e-17,4.515442140599831
701,g03_t06_014,g03_t11_000,True,,21.905064808623205,0.0255294494541068,0.5910222330734828,4.271574971572196e-14,2.4941438852581805e-16,9.724109574174225
702,g03_t06_014,g03_t12_000,False,clearance;input,-5.044263653127054,0.07760424463886118,1.806972876723999,5.0571603244573135e-14,1.2877398147009434e-15,634.9865197509878
703,g03_t06_014,g03_t13_000,True,,19.767427095806855,0.033208054914125526,0.7723391587422843,2.416106516409301e-14,1.8587462883079053e-16,12.680705020745698
704,g03_t06_014,g03_t14_000,False,speed;input,15.11533178548634,0.0862143079171959,2.0089983155951594,7.176129868726432e-14,4.061216995901598e-16,32.97720126898518
705,g03_t07_000,g03_t00_000,False,input,9.979326787362012,0.06889839263085332,1.6042606551518306,2.96311016924951e-14,8.96944304859091e-16,26.34016808812107
706,g03_t07_000,g03_t00_006,False,input,1.5990144921658156,0.08085375378796719,1.881460371186028,2.6001034513542094e-14,5.66444991799657e-16,30.90246437740881
707,g03_t07_000,g03_t00_035,False,input,1.2288200531829108,0.08169052710876347,1.902283901695637,1.6280579355608324e-14,4.2241852391612443e-16,31.23084379438933
708,g03_t07_000,g03_t01_000,False,speed;input,11.340800000358799,0.08850468100703415,2.0596216721646177,3.928119054474163e-14,7.407411431505095e-16,33.835999281797605
709,g03_t07_000,g03_t01_046,False,speed;input,13.472502641762517,0.11059002521832617,2.57391238059032,6.35171778696642e-14,1.2225062931717345e-15,42.28337353586978
710,g03_t07_000,g03_t01_031,False,speed;input,12.266076966845958,0.09933791126418598,2.31271678573499,3.197442310920451e-14,7.656716496459005e-16,37.981519876886054
711,g03_t07_000,g03_t02_000,False,input,23.60911380346925,0.06238654037927717,1.4536814893338406,7.9460950695225e-14,1.2225075239482304e-15,23.8631628331595
712,g03_t07_000,g03_t02_037,True,,27.18556826291646,0.05675611619984942,1.3218664840623202,4.1583447479068616e-14,2.6340392223076363e-16,21.698664704727683
713,g03_t07_000,g03_t02_002,False,input,26.57262844567489,0.07771696750417884,1.8110432378443448,1.5987211554602254e-14,1.9507397427951177e-16,29.728579426244416
714,g03_t07_000,g03_t03_000,False,clearance;input,-4.740386779720677,0.0687088928213239,1.5946291907310282,2.1918400746395624e-14,2.1149402582199232e-16,595.0893402366604
715,g03_t07_000,g03_t03_035,False,clearance;input,-5.421417557608852,0.07965184360890427,1.850366533077282,6.295424678153463e-14,5.107044768930868e-16,681.0038739523361
716,g03_t07_000,g03_t03_056,False,clearance;input,-5.490883696139461,0.07813348489629969,1.8140655931113943,2.2469334198890888e-14,3.947248820392849e-16,688.757416230875
717,g03_t07_000,g03_t04_000,False,clearance,-3.1293555705782587,0.05141405996225585,1.1925440035058927,1.464821375527116e-14,3.0436364816617974e-16,395.1461643425936
718,g03_t07_000,g03_t04_030,False,clearance;input,-5.451905537844102,0.07843644560849165,1.8204884495976144,8.660536638593119e-14,1.1279491660807273e-15,684.1949880657497
719,g03_t07_000,g03_t04_054,False,clearance;input,-5.038179323553147,0.06506612889427583,1.5088708942712135,6.550880341146756e-14,7.277325219612166e-16,629.4256941120566
720,g03_t07_000,g03_t05_003,False,input,8.893951534245394,0.0693424508894768,1.6146966825469196,8.702335715267317e-15,1.1102569054260746e-16,26.510136772694704
721,g03_t07_000,g03_t05_047,False,input,5.670323757127233,0.07481300593514638,1.7401594382452894,4.61938172120776e-14,8.697800407099824e-16,28.58896893875153
722,g03_t07_000,g03_t05_029,True,,4.424860638116123,0.057748456348658536,1.3446182769377102,1.4210854715202004e-14,5.891525475012305e-16,22.076674810881165
723,g03_t07_000,g03_t06_000,True,,8.333069065454483,0.046141339964484746,1.0715331240780408,1.464821375527116e-14,2.33150965428689e-16,17.622679006339933
724,g03_t07_000,g03_t06_021,True,,14.913117409560435,0.05666145948857213,1.3151230497464517,2.758004945353363e-14,2.694709906617772e-16,21.636364446825652
725,g03_t07_000,g03_t06_014,True,,27.98703384667465,0.036671869818053086,0.8513227350548708,2.2748467065386707e-14,2.0530701515372934e-16,14.003334043044216
726,g03_t07_000,g03_t07_045,True,,28.272148590944873,0.02001214333296309,0.46546753799097434,2.15580612936315e-14,4.664640461113897e-17,7.649983427476399
727,g03_t07_000,g03_t07_010,True,,28.142222685001208,0.017366431741617287,0.4015976128951543,1.509903313490213e-14,1.1887603192797674e-16,6.611359628822417
728,g03_t07_000,g03_t08_000,True,,19.34015733809514,0.05153360048266058,1.1961329439176294,3.256115871121665e-14,4.372191487601905e-16,19.67662909287315
729,g03_t07_000,g03_t08_003,False,input,23.222832615712168,0.07066081867817098,1.6422979835678753,2.3632890658920172e-14,5.396300654998293e-16,27.007099190324666
730,g03_t07_000,g03_t08_025,True,,14.18973628218177,0.051961278541313334,1.2070499865212838,4.2372720236999453e-14,3.053901726594225e-16,19.851017108511545
731,g03_t07_000,g03_t09_000,False,input,11.579270181952504,0.07257418366084957,1.6883361253260918,2.1972320632906738e-14,4.646469054731874e-16,27.74326452223181
732,g03_t07_000,g03_t10_000,True,,25.305380823425526,0.029468867358291666,0.6834094248941026,1.6280579355608324e-14,3.042054138699814e-16,11.244073811969875
733,g03_t07_000,g03_t11_000,True,,19.92773197069196,0.05862307267901509,1.360991308462196,3.222019477394343e-14,3.390840864445248e-16,22.385798224890586
734,g03_t07_000,g03_t12_000,False,clearance;input,-5.535840177983984,0.0827333041083785,1.924388357070199,2.898511452556946e-14,1.577740299643925e-16,695.9189690786718
735,g03_t07_000,g03_t13_000,True,,19.854065844452798,0.030998060400785746,0.7213217304899179,1.649718195029833e-14,1.7785780651003303e-16,11.851910044156652
736,g03_t07_000,g03_t14_000,False,speed;input,15.476271025199589,0.0882487836782277,2.0553148439599314,3.552713678800501e-14,8.770498388280235e-16,33.74480338340185
737,g03_t07_045,g03_t00_000,True,,10.594966996117172,0.052113892844490334,1.212557909983934,5.2844750018165304e-14,3.4089412914423e-16,19.909945268273464
738,g03_t07_045,g03_t00_006,False,clearance;input,-3.0223707631336696,0.0686527104789952,1.5964702594244626,5.929547246265982e-14,5.897651633966988e-16,388.91267059678404
739,g03_t07_045,g03_t00_035,False,input,1.7194429092492463,0.06705065117621818,1.560607605865383,2.1316282072803006e-14,2.944741002975224e-16,25.623420254897844
740,g03_t07_045,g03_t01_000,False,input,14.758218218391374,0.06970362920830256,1.6209332731913715,4.580796882517158e-14,2.9796874070320123e-16,26.634664849910713
741,g03_t07_045,g03_t01_046,False,speed;input,16.914023526593766,0.09158837280414477,2.130679211117263,2.0734733982992197e-14,4.935890375251311e-16,35.00701836510027
742,g03_t07_045,g03_t01_031,False,input,16.726440034438582,0.07989399388549848,1.8591956605516353,7.553172887309252e-14,3.7030556577017743e-16,30.535354914824943
743,g03_t07_045,g03_t02_000,True,,23.032554190634574,0.04590896474579682,1.06937585268452,4.6048432255985435e-14,1.2813490069415586e-16,17.553653213274803
744,g03_t07_045,g03_t02_037,True,,30.580624059586857,0.04378039929892983,1.0193687983388204,4.5496934130773415e-14,3.4134844607150005e-16,16.734623025806854
745,g03_t07_045,g03_t02_002,False,input,26.058327331539903,0.061183061107896924,1.4254926664887333,3.6404482152219934e-14,5.84131264888265e-16,23.399006895505735
746,g03_t07_045,g03_t03_000,False,clearance;input,-3.415795788628759,0.0604936057560161,1.4024761585363068,3.611076122612666e-14,2.276126435504334e-16,432.9884346320579
747,g03_t07_045,g03_t03_035,False,clearance;input,-5.162843274773445,0.06803181612374978,1.5787377752364193,7.160723346098895e-15,2.7651296315394197e-16,645.5220086295578
748,g03_t07_045,g03_t03_056,False,clearance;input,-3.5687285404688467,0.06842144681068071,1.587057707817748,9.998222537511686e-14,1.3882123939089717e-15,454.37652874739615
749,g03_t07_045,g03_t04_000,True,,7.2327736459363505,0.047682400042374666,1.1050756463122238,5.1021965732705153e-14,6.797725935702762e-16,18.190214043315923
750,g03_t07_045,g03_t04_030,False,input,6.043449027482783,0.07552081675623347,1.7523292095091545,8.881784197001252e-15,2.66696457154292e-16,28.84985841969917
751,g03_t07_045,g03_t04_054,False,clearance;input,-2.13767095263838,0.06594886104186753,1.5295587215602842,2.6586074758753436e-14,4.014526437311808e-16,281.7023297101661
752,g03_t07_045,g03_t05_003,True,,9.099616296351392,0.05376385945441114,1.2511057695330083,1.0048591735576161e-14,3.1142031045204765e-16,20.542105034556887
753,g03_t07_045,g03_t05_047,False,input,2.203035062854738,0.06218965808152229,1.4452177020295813,2.167666031989036e-14,3.4478692814157287e-16,23.75167591836656
754,g03_t07_045,g03_t05_029,True,,4.488063302121659,0.04520912159590647,1.0517729623352359,2.1316282072803006e-14,6.420258221812251e-16,17.27160201742652
755,g03_t07_045,g03_t06_000,True,,7.992621821771937,0.03355172270938798,0.7770630444233727,3.0767402982137026e-14,3.6638411145107034e-16,12.789160470561939
756,g03_t07_045,g03_t06_021,True,,15.09904795830448,0.05130025505786114,1.1900162155275282,4.181990706439917e-14,6.748943856986671e-16,19.577510811281762
757,g03_t07_045,g03_t06_014,True,,31.06793820634528,0.03250104478971871,0.7539850193042392,1.5888218580782548e-14,1.9154363847587536e-16,12.397050769934225
758,g03_t07_045,g03_t07_000,True,,28.29353233448088,0.019998346553122253,0.4654674138901199,2.3092638912203256e-14,1.5263163906063652e-16,7.64034824140208
759,g03_t07_045,g03_t07_010,True,,30.13453537552824,0.021889224388657293,0.5075755310615829,2.2748467065386707e-14,1.5111024751201079e-16,8.337543688003432
760,g03_t07_045,g03_t08_000,True,,22.05868131245228,0.04712991545085889,1.0934303232952276,2.864289338439558e-14,2.611090194369167e-16,17.98400791980682
761,g03_t07_045,g03_t08_003,False,input,18.28210398475906,0.06060143301708568,1.407590775186294,1.778575899402738e-14,1.316562550716263e-16,23.151033181599054
762,g03_t07_045,g03_t08_025,True,,12.596741453062684,0.040004250908213246,0.9276265884739795,1.5888218580782548e-14,2.8611181202157504e-16,15.263217124517883
763,g03_t07_045,g03_t09_000,True,,16.955903929803853,0.05450490673440616,1.2665511030914045,3.412270059808006e-14,4.9592464538299565e-16,20.820077488282926
764,g03_t07_045,g03_t10_000,True,,25.417940410737575,0.02260421986392011,0.5226208547445955,2.161031364628563e-14,1.4654050252376534e-16,8.598674548214458
765,g03_t07_045,g03_t11_000,True,,21.52284113860592,0.05667568470690156,1.3158056421866224,2.0581989848012347e-14,3.176770830354169e-16,21.635810885838946
766,g03_t07_045,g03_t12_000,False,clearance;input,-4.542355985710143,0.0667451068358274,1.5510100814320285,4.245641492672234e-14,1.9687391937682635e-16,570.5748355616067
767,g03_t07_045,g03_t13_000,True,,19.98915746256795,0.012409352593444287,0.2863240211940741,2.2539441496237913e-14,1.7424258955244526e-16,4.711436179524538
768,g03_t07_045,g03_t14_000,False,input,18.594633507589894,0.06939659751538241,1.6156376281504377,2.95110562224397e-14,3.9818611561891406e-16,26.525452660130654
769,g03_t07_010,g03_t00_000,False,input,6.165992238040936,0.07099208276223287,1.6539839524701923,5.18501491318319e-14,2.845158044380417e-16,27.151405847761268
770,g03_t07_010,g03_t00_006,False,input,1.784186820684114,0.08511226510833535,1.9817295644961854,4.8330292160915147e-14,5.185169430563076e-16,32.543838460748354
771,g03_t07_010,g03_t00_035,False,speed;input,1.4053598994638499,0.08633294775524052,2.011191597628709,2.929642751054232e-14,1.4488835837920476e-16,33.01649967354123
772,g03_t07_010,g03_t01_000,False,input,9.943410598923412,0.08201626910369461,1.909598512424979,1.020439314654103e-14,4.053169429671442e-16,31.361438407502835
773,g03_t07_010,g03_t01_046,False,speed;input,10.510819029571108,0.10339567544668325,2.40733638476443,4.7334577066389626e-14,5.244261588236206e-16,39.53714843097583
774,g03_t07_010,g03_t01_031,False,speed;input,15.241847177526795,0.09524099612363564,2.2182194338152343,4.819135301037582e-14,9.490824173852923e-16,36.42063020737661
775,g03_t07_010,g03_t02_000,False,input,18.922687445772624,0.06674063576011416,1.5550244270772524,5.0242958677880804e-14,5.021724847197307e-16,25.525426976104594
776,g03_t07_010,g03_t02_037,False,input,28.547029130140544,0.06515196350185612,1.5167344545783146,3.1776437161565096e-14,4.769196226117484e-16,24.90136120018337
777,g03_t07_010,g03_t02_002,False,input,20.973881304907742,0.08236184581699965,1.919092805291922,4.9769702052493514e-14,2.0375433090782968e-16,31.502229588048664
778,g03_t07_010,g03_t03_000,False,clearance;input,-4.951225466824216,0.062446655996180274,1.450257731028082,2.975066277678491e-14,2.2159861770142618e-16,618.0084025835033
779,g03_t07_010,g03_t03_035,False,clearance;input,-5.382881063527667,0.07490517621925004,1.7412641007236258,8.188600426433446e-14,5.621206741870393e-16,674.576618685906
780,g03_t07_010,g03_t03_056,False,clearance;input,-4.38728950831075,0.06930546135037538,1.6094753898565166,1.0805521856058686e-13,3.9691443593156936e-16,552.9563249335833
781,g03_t07_010,g03_t04_000,False,clearance,-4.5866589897441346,0.05184443055010879,1.2044898990698774,6.930637814725815e-14,5.962605703330413e-16,570.2072586545527
782,g03_t07_010,g03_t04_030,False,clearance;input,-4.689690197993208,0.07734187187445277,1.7956017209047124,6.473352399285872e-14,1.716587549445839e-16,592.309639662927
783,g03_t07_010,g03_t04_054,False,clearance;input,-3.223540328853235,0.06353784386928318,1.4750268086745095,6.712654832942343e-14,3.7732528558105726e-16,411.10245867942905
784,g03_t07_010,g03_t05_003,False,input,8.924755340458379,0.07296266443893752,1.6999111156771771,3.256115871121665e-14,9.159339953157541e-16,27.905555954933693
785,g03_t07_010,g03_t05_047,False,input,2.9739567090940477,0.07715237311438838,1.7959183096194642,5.241804876844769e-14,9.83586681139145e-16,29.497141018612005
786,g03_t07_010,g03_t05_029,False,input,4.371493443059656,0.06382031752630064,1.486981654662371,2.161031364628563e-14,2.4404791236594356e-16,24.412070961308984
787,g03_t07_010,g03_t06_000,True,,9.171774464435197,0.03413603929560513,0.7932837611529916,2.5121479338940402e-14,1.7388818282700985e-16,13.041520114724335
788,g03_t07_010,g03_t06_021,True,,15.171340332267432,0.04068036656519032,0.943615955115625,5.086905723867137e-14,1.5839269803618427e-16,15.527746074725554
789,g03_t07_010,g03_t06_014,True,,29.398528021052492,0.019811713480685215,0.4596156786386753,3.03543989777123e-14,1.6215953437385821e-16,7.5628791144548515
790,g03_t07_010,g03_t07_000,True,,28.268816881726824,0.01734215151244275,0.4015974161153667,2.3092638912203256e-14,2.748373596729073e-16,6.5963802222859425
791,g03_t07_010,g03_t07_045,True,,30.168110079709066,0.021883141121378555,0.5075754811374708,1.5140711019119263e-14,1.962615573354719e-16,8.333611037025191
792,g03_t07_010,g03_t08_000,True,,22.106595612165822,0.03490619476776485,0.8095154424872025,4.497376302897807e-14,2.5514039311599547e-16,13.319758855972719
793,g03_t07_010,g03_t08_003,True,,25.773123542014872,0.0547679621281129,1.273046292985732,5.789533648130978e-14,4.3560561035270473e-16,20.934167005801104
794,g03_t07_010,g03_t08_025,True,,17.000207737483834,0.038320935226379124,0.8905436346129006,3.499017183300205e-14,3.288479380767702e-16,14.642580580156011
795,g03_t07_010,g03_t09_000,False,input,9.196111144242836,0.06453990460225101,1.5024336879329727,1.9860273225978185e-14,2.586076513153599e-16,24.67874974945677
796,g03_t07_010,g03_t10_000,True,,25.528595560551558,0.015403103346412844,0.35732361963137305,1.4210854715202004e-14,1.858341500244065e-16,5.878230529579909
797,g03_t07_010,g03_t11_000,True,,21.747811378104387,0.041752179060170286,0.9686056029121651,6.345971100748304e-14,6.679023307106313e-16,15.934379595113736
798,g03_t07_010,g03_t12_000,False,clearance;input,-5.140054843733736,0.08049993946950122,1.8736315151682121,2.893063117941766e-14,5.632511157154734e-17,647.5812056922063
799,g03_t07_010,g03_t13_000,True,,19.84435965618793,0.029012096751098067,0.6753530487973398,3.1539714670296176e-14,5.273589681745737e-16,11.08666570492474
800,g03_t07_010,g03_t14_000,False,speed;input,14.81502684093918,0.08807436788037491,2.0520304188759164,2.5864145986817697e-14,9.441486507746713e-16,33.68501656724367
801,g03_t08_000,g03_t00_000,False,input,0.29592406259435133,0.07896959638887409,1.8394770419716462,4.070144838902081e-14,3.5135752366389115e-16,30.202989074268714
802,g03_t08_000,g03_t00_006,False,clearance;speed;input,-6.058048642838376,0.09344169266636115,2.17687024802639,2.0791723739534308e-14,2.498001805406602e-16,762.7136315512919
803,g03_t08_000,g03_t00_035,False,clearance;speed;input,-4.354894527638077,0.09643181053431638,2.246628815074313,4.2780337774645346e-14,1.340123006720315e-15,559.4769062272821
804,g03_t08_000,g03_t01_000,False,input,18.442179434085958,0.07205982482699619,1.6793383791094865,4.3366397107056194e-14,1.1110041377374094e-15,27.56607491708821
805,g03_t08_000,g03_t01_046,False,speed;input,20.66080204853924,0.09010591029822713,2.0994723396369777,7.791835946557918e-14,4.180071700396202e-16,34.464909639695364
806,g03_t08_000,g03_t01_031,False,speed;input,16.385221482691094,0.08946751783806445,2.084815122653007,1.4210854715202004e-14,1.2777508024347365e-15,34.222111457722065
807,g03_t08_000,g03_t02_000,False,input,6.81780272364009,0.0801526772623038,1.8657307403761432,4.207379078851762e-14,1.0214089537861736e-15,30.64212046314826
808,g03_t08_000,g03_t02_037,False,input,12.392847888650758,0.08541231887863608,1.9867204005732955,2.4868995751603507e-14,3.480531475248531e-16,32.64065694584271
809,g03_t08_000,g03_t02_002,False,speed;input,6.910566380463072,0.09477676003050771,2.2065822332418525,3.014577520672848e-14,5.669547669066992e-16,36.238075253283235
810,g03_t08_000,g03_t03_000,False,clearance,-4.62084441171324,0.052346415155011365,1.2166013605335295,3.2378945984060766e-14,3.275275528903928e-16,574.5004303491978
811,g03_t08_000,g03_t03_035,False,input,1.8246606657087439,0.06599355359575396,1.5352493262124614,5.1857755696698147e-14,6.153355402270622e-16,25.224792875378213
812,g03_t08_000,g03_t03_056,False,clearance,-2.7783288707030804,0.051755819339119546,1.2019672481075396,7.135478608700832e-14,6.801885921495771e-16,353.1622412771656
813,g03_t08_000,g03_t04_000,False,clearance,-4.8203440442893,0.058320159557048126,1.3573296768469731,3.972054645195637e-14,3.8005887153050736e-16,600.7450333110093
814,g03_t08_000,g03_t04_030,False,clearance;input,-5.288030232940683,0.07557015859856744,1.7562362816004138,5.4577823134626213e-14,5.53721994457912e-16,663.4412104911405
815,g03_t08_000,g03_t04_054,False,clearance;input,-3.260700812996517,0.06420139546545067,1.4924070940247132,6.039613253960852e-14,3.64275408404521e-16,415.8242469911883
816,g03_t08_000,g03_t05_003,False,clearance;input,-1.03729187851691,0.08308165050520057,1.9351965630452006,2.2748467065386707e-14,8.127989414199748e-16,156.25167123490277
817,g03_t08_000,g03_t05_047,False,clearance;input,-5.659685711527329,0.08275888675383761,1.927885733558713,3.304886120708348e-14,1.273452457464613e-15,710.8215632791917
818,g03_t08_000,g03_t05_029,False,clearance;input,-1.2837278770577911,0.07883507924103046,1.8356566900190132,5.662093887263079e-14,8.775163474344091e-16,184.19588444946092
819,g03_t08_000,g03_t06_000,True,,9.462322751262196,0.024290344108452308,0.5647333475531384,2.409567650518791e-14,4.887489114205569e-16,9.27150391780573
820,g03_t08_000,g03_t06_021,True,,15.404516177004277,0.00755360397809853,0.17532279571005704,2.5680492922932105e-14,5.0254612752011814e-17,2.8864732117205865
821,g03_t08_000,g03_t06_014,True,,22.353563474056994,0.017638655170213794,0.4075864625465429,2.95110562224397e-14,3.6763145426331357e-16,6.707641125630682
822,g03_t08_000,g03_t07_000,True,,21.076804771508765,0.05151181791769561,1.196132822914007,3.891802844472395e-14,2.1257972759819698e-16,19.667391486213134
823,g03_t08_000,g03_t07_045,True,,22.149475682311227,0.047112608190586124,1.0934302265175764,2.563846085916727e-14,4.928080417233778e-16,17.976573519871028
824,g03_t08_000,g03_t07_010,True,,22.208639788274816,0.034889697986532325,0.8095153470519724,3.061317943962309e-14,3.056376500862446e-16,13.312478640887768
825,g03_t08_000,g03_t08_003,True,,22.26874443693551,0.02421972255332056,0.5633849170811461,8.881784197001252e-15,1.9812524320597533e-16,9.257154416527339
826,g03_t08_000,g03_t08_025,True,,19.583650301670026,0.020598768882612643,0.4787346312478068,1.5587468005037626e-14,7.068332978601757e-17,7.858774232676573
827,g03_t08_000,g03_t09_000,True,,17.791183908558036,0.05397121418036722,1.2573587139417062,1.7763568394002505e-14,3.6134335808596273e-16,20.639300025132535
828,g03_t08_000,g03_t10_000,True,,22.270090929958283,0.024710092354655693,0.5729494340610467,1.0048591735576161e-14,2.6440736937774003e-16,9.419292081697318
829,g03_t08_000,g03_t11_000,True,,21.691183305514997,0.011046694352722077,0.2554945977070397,1.0695084443661336e-14,4.9340610254910614e-17,4.197112919366674
830,g03_t08_000,g03_t12_000,False,clearance;input,-2.0328339602527286,0.07739020495917893,1.8031666443298409,3.961116434144031e-14,9.664013546565322e-16,273.54485597671567
831,g03_t08_000,g03_t13_000,True,,16.00509649098806,0.04461998829461067,1.0367171410812057,1.923475408079486e-14,2.2117554247121401e-16,17.034989796707414
832,g03_t08_000,g03_t14_000,False,speed;input,9.197243009713846,0.09092317698499353,2.1184448404419807,2.95110562224397e-14,1.1579847683711616e-15,34.778704657789724
833,g03_t08_003,g03_t00_000,False,input,5.920522893674749,0.0797883000167338,1.8581131239737239,4.8841738066824975e-14,4.335559509131367e-16,30.52012952990711
834,g03_t08_003,g03_t00_006,False,clearance;speed;input,-5.256499150849787,0.0969519127171699,2.2579407889828973,3.1887955513483207e-14,6.911430926057528e-16,667.8698987244569
835,g03_t08_003,g03_t00_035,False,speed;input,1.3553641893925068,0.09803707591369386,2.283337226376815,7.358492544969401e-14,7.248404575000198e-16,37.50365745190207
836,g03_t08_003,g03_t01_000,False,input,21.69471267483417,0.060078584802088233,1.3998576440937853,3.66205343881779e-14,2.298770435809311e-16,22.979857850453513
837,g03_t08_003,g03_t01_046,False,input,28.188729568422794,0.07394583306616326,1.7227388131384418,2.842170943040401e-14,2.783363217498005e-16,28.27834652472643
838,g03_t08_003,g03_t01_031,False,input,26.59148046541916,0.07815422029585477,1.8207578306558063,5.728578676879116e-14,7.28187243735027e-16,29.890124397295786
839,g03_t08_003,g03_t02_000,False,input,13.279253328645519,0.08305119141875303,1.9327830895619444,8.324274257532225e-14,6.690187733356917e-16,31.754842469713253
840,g03_t08_003,g03_t02_037,False,speed;input,14.293623448402377,0.09201696560701113,2.1402088916107815,3.907985046680551e-14,1.6184142622847344e-16,35.17246802351801
841,g03_t08_003,g03_t02_002,False,speed;input,19.318652654616912,0.0952254829267814,2.2165093049717837,5.861977570020827e-14,5.861620100950614e-16,36.412404218577755
842,g03_t08_003,g03_t03_000,True,,1.226095786585896,0.05712326885695451,1.3282081813157072,1.798424230098713e-14,5.004188655705841e-16,21.83666713258748
843,g03_t08_003,g03_t03_035,False,input,1.2070880919099864,0.06575813527219794,1.5297718314173079,4.3944641265813476e-14,5.034405433428661e-16,25.14167689785117
844,g03_t08_003,g03_t03_056,True,,9.043807159539703,0.050786143705757916,1.1796071180615393,6.090501778651332e-14,4.930034066633507e-16,19.399760107479597
845,g03_t08_003,g03_t04_000,False,clearance;input,-2.3456861786268357,0.07110379884854237,1.6551551716378297,2.9564469942565876e-14,5.346551711109465e-16,308.684142696303
846,g03_t08_003,g03_t04_030,False,clearance;input,-4.176415484235074,0.08528723045060549,1.9830596489811934,5.753312400962914e-14,4.761112836873094e-16,533.7752812092891
847,g03_t08_003,g03_t04_054,False,clearance;input,-5.5328040499939135,0.07849428585999736,1.825926358700401,3.692088357856443e-14,3.695323023088956e-16,693.955072869846
848,g03_t08_003,g03_t05_003,False,input,2.653903587915868,0.08531328655406814,1.9867306791790718,2.3832327871173822e-14,2.8785957662940594e-16,32.63436744897569
849,g03_t08_003,g03_t05_047,False,clearance;speed;input,-5.531052876996785,0.08601637671510885,2.003280096074086,1.4649896587576702e-14,5.066936931213679e-16,696.634208153028
850,g03_t08_003,g03_t05_029,False,clearance;input,-0.4431133532777758,0.08553341644615202,1.9912788788877338,4.8841738066824975e-14,6.218735665977104e-16,85.88944488885048
851,g03_t08_003,g03_t06_000,True,,9.459096480464513,0.030365025557273953,0.7063964899461891,3.370400129833633e-14,1.9053550706285535e-16,11.608004272972675
852,g03_t08_003,g03_t06_021,True,,15.34701722518141,0.021519548270607983,0.5004646415448407,3.6241597746139513e-14,8.968704913952078e-17,8.222054607287198
853,g03_t08_003,g03_t06_014,True,,31.79245560280181,0.03566131505718435,0.8290318827343913,4.6048432255985435e-14,3.50328254221775e-16,13.62843464130323
854,g03_t08_003,g03_t07_000,False,input,24.920440469020573,0.07063757202511879,1.6422978642756607,3.66205343881779e-14,1.5027151625620984e-16,26.997979427552796
855,g03_t08_003,g03_t07_045,False,input,20.051853893254737,0.06057966825077052,1.4075906630039143,7.0153533755608e-14,7.416830457584993e-16,23.142463602111025
856,g03_t08_003,g03_t07_010,True,,27.249004417225684,0.054749730621171215,1.273046197084894,5.816721088803313e-14,5.42344586731112e-16,20.92682548374718
857,g03_t08_003,g03_t08_000,True,,22.299477401725166,0.024216848496215634,0.5633848828750729,3.014577520672848e-14,6.736447455048117e-17,9.254508412110365
858,g03_t08_003,g03_t08_025,True,,19.626051877344818,0.022402362606815045,0.5209877643436212,1.5987211554602254e-14,1.719390143229397e-16,8.561141355987777
859,g03_t08_003,g03_t09_000,True,,24.458956008300092,0.044225229458757155,1.0302475862041585,2.225768740185726e-14,4.599602204440487e-16,16.914708721912834
860,g03_t08_003,g03_t10_000,True,,23.140800794366022,0.0413912891624634,0.9623972187469725,6.23498720201505e-14,2.6377495807321625e-16,15.820049274880141
861,g03_t08_003,g03_t11_000,True,,21.687620626286023,0.02753634565824984,0.6403575839155059,2.864289338439558e-14,1.8378451707387016e-16,10.51433763227305
862,g03_t08_003,g03_t12_000,False,clearance;input,-4.73661452335668,0.07402111922614063,1.7241464451486943,1.381681363641722e-14,5.729106481574546e-16,596.7091640490405
863,g03_t08_003,g03_t13_000,True,,13.582524434504878,0.05446829086797951,1.266192818862038,3.117493601007525e-14,6.231111271582837e-16,20.81312693592571
864,g03_t08_003,g03_t14_000,False,input,23.98905423792815,0.0853732699549769,1.9886826626678058,4.3944641265813476e-14,4.545902364027965e-16,32.65643729926471
865,g03_t08_025,g03_t00_000,False,input,4.713296953655061,0.060785232748384925,1.4159824545092068,4.2863236558381085e-14,3.383911527448281e-16,23.25198738666195
866,g03_t08_025,g03_t00_006,False,clearance;input,-3.0199777346853436,0.07772530171972979,1.8100913558490848,3.182604911552452e-14,3.8113418379280446e-16,392.1271784093471
867,g03_t08_025,g03_t00_035,False,clearance;input,-0.2998834057530413,0.07892114599267805,1.8382918126834442,1.7763568394002505e-14,5.534175723684424e-16,66.1738090120663
868,g03_t08_025,g03_t01_000,True,,17.082914923950394,0.052041264798956426,1.2123222313750905,2.5864145986817697e-14,2.5031164129717454e-16,19.90078775607627
869,g03_t08_025,g03_t01_046,False,input,18.206139275089757,0.07105962277212195,1.65499913750861,4.511605424565091e-14,3.803279846206874e-16,27.170921564458155
870,g03_t08_025,g03_t01_031,False,input,16.38344453363779,0.06906605905238573,1.608927663953888,5.955433342649105e-14,1.1292037195004118e-16,26.41037077414733
871,g03_t08_025,g03_t02_000,False,input,8.893166800332882,0.0630371533002874,1.4669232647195827,3.222019477394343e-14,2.578618454327226e-16,24.096924305048418
872,g03_t08_025,g03_t02_037,False,input,8.602900997602823,0.07087991711306033,1.6479619413648545,4.986471270604724e-14,2.8777593299067095e-16,27.08173140885704
873,g03_t08_025,g03_t02_002,False,input,10.512473818708004,0.07663207324203881,1.783793993588677,4.05460987825042e-14,5.33167196845001e-16,29.29905840592171
874,g03_t08_025,g03_t03_000,True,,1.1663811362623644,0.04408584957827442,1.023639450161784,4.366551050794191e-14,3.57874756446653e-16,16.841208320970576
875,g03_t08_025,g03_t03_035,False,clearance,-0.42978980085355434,0.052960291877987335,1.230963107935716,5.2642837689864463e-14,6.312486875184131e-16,71.81432726753786
876,g03_t08_025,g03_t03_056,True,,11.7114284976803,0.04312334246039054,1.0000259941952936,6.399971121133124e-14,4.0448454701718295e-16,16.460071710797692
877,g03_t08_025,g03_t04_000,False,clearance,-4.514260295088728,0.052007486929993435,1.2103522404839537,8.747542958250513e-15,2.7239025516254847e-16,561.6060662599697
878,g03_t08_025,g03_t04_030,False,clearance;input,-5.242133087286064,0.07086957037691043,1.6463863277758763,1.0564470685778287e-13,1.6624552981792602e-15,656.1368546668898
879,g03_t08_025,g03_t04_054,False,clearance;input,-1.4024474713157482,0.06374684312889428,1.481907618151628,2.95110562224397e-14,1.5654858205147556e-16,192.66441227579878
880,g03_t08_025,g03_t05_003,False,input,1.9942272503166936,0.06564824678483637,1.5291723432964377,2.6586074758753436e-14,2.6703474716024767e-16,25.112724761069206
881,g03_t08_025,g03_t05_047,False,clearance;input,-3.7296430210111167,0.06719616423266796,1.564795827453154,3.404241433236254e-14,5.005631686059007e-16,473.2596440007243
882,g03_t08_025,g03_t05_029,False,input,1.4678178858790183,0.06409312764197697,1.4922973883903738,3.426112997215453e-14,5.179594976956615e-16,24.513779637132913
883,g03_t08_025,g03_t06_000,True,,9.521872845039878,0.008021002867692167,0.18637562186490322,7.944109290391274e-15,4.5111149621169534e-17,3.060739290336855
884,g03_t08_025,g03_t06_021,True,,15.330342774654197,0.02005121501899107,0.4654396734921207,1.158894167359027e-14,1.485798505435333e-16,7.646200643156365
885,g03_t08_025,g03_t06_014,True,,19.469275768471096,0.02355552123545877,0.5478767216582474,1.9131948672901813e-14,2.0375433090782968e-16,9.001868065133856
886,g03_t08_025,g03_t07_000,True,,14.936310743854698,0.05194017048560176,1.2070498626629598,5.560876503273892e-14,7.100763757798019e-16,19.8415246740494
887,g03_t08_025,g03_t07_045,True,,13.545520046616014,0.03998449537934791,0.9276264714594489,3.651536861445897e-14,4.335613734520149e-16,15.254287281933586
888,g03_t08_025,g03_t07_010,True,,17.461237496171442,0.03830646728517178,0.8905435454455148,1.7495085916501026e-14,4.615277368146234e-16,14.635706892005363
889,g03_t08_025,g03_t08_000,True,,19.58210043030596,0.020599180920647577,0.478734634471615,7.105427357601002e-15,4.941869143622061e-17,7.859031636854398
890,g03_t08_025,g03_t08_003,True,,19.62161999132004,0.022409682182301008,0.5209878115109235,0.0,9.257639144254436e-17,8.564756738888178
891,g03_t08_025,g03_t09_000,True,,17.212382433517103,0.033709411259908735,0.7855371687320954,1.432144669219779e-14,1.1481327314239062e-16,12.894767596191855
892,g03_t08_025,g03_t10_000,True,,17.142851817503953,0.023101184255986198,0.5368020107825342,2.4868995751603507e-14,1.5154773039150995e-16,8.822146007541932
893,g03_t08_025,g03_t11_000,True,,19.54810709620746,0.030860024909152656,0.7175335459927473,2.8435583831733384e-14,1.8635161472263218e-16,11.780677442286178
894,g03_t08_025,g03_t12_000,False,clearance,-4.4785372992723165,0.05924814094361578,1.3797041439433873,4.5652716365994185e-14,2.8441001681421824e-16,560.081299322948
895,g03_t08_025,g03_t13_000,True,,10.63004129533937,0.032746838505559116,0.7600881210095417,1.7336551124407806e-14,1.788364452201523e-16,12.495366762586524
896,g03_t08_025,g03_t14_000,False,input,13.474794589882329,0.07076995181398107,1.648727387420408,5.5948190961969225e-14,6.50333926369705e-16,27.068064537524506
897,g03_t09_000,g03_t00_000,True,,12.46475813858076,0.041531692503957086,0.9667617022764152,3.118758560930146e-14,2.586076513153599e-16,15.88496882024394
898,g03_t09_000,g03_t00_006,False,clearance;input,-4.824022890710223,0.06137920927024701,1.428747511374702,3.036739037525883e-14,1.4438902883526792e-16,602.359155037305
899,g03_t09_000,g03_t00_035,True,,1.927675930717962,0.05888564662842041,1.3709029903962662,3.256115871121665e-14,2.6424798494253407e-16,22.522356384268523
900,g03_t09_000,g03_t01_000,True,,21.897636198110174,0.01846907884604376,0.4291595705110257,2.5864145986817697e-14,1.2143374099935858e-16,7.045592601949901
901,g03_t09_000,g03_t01_046,True,,22.65741502052622,0.039150614230604626,0.9106515583000938,2.845291731937278e-14,2.960436615294637e-16,14.9544835478737
902,g03_t09_000,g03_t01_031,True,,23.480071328984042,0.03566968044130418,0.8299977746153068,1.0048591735576161e-14,5.984610967802208e-16,13.624925351569457
903,g03_t09_000,g03_t02_000,True,,15.861413186430298,0.048362130503519736,1.123978990141127,4.412378852824695e-14,5.69708121653412e-16,18.476272863733875
904,g03_t09_000,g03_t02_037,False,input,16.19132631646268,0.062483548090602296,1.451469166590934,8.702335715267317e-15,5.447805103250969e-16,23.86399845623014
905,g03_t09_000,g03_t02_002,True,,20.545195180931,0.056662899676485814,1.3173850560854587,3.972054645195637e-14,6.377745716588144e-16,21.65278110745207
906,g03_t09_000,g03_t03_000,True,,0.14104188350155034,0.047602345655336005,1.1059913436204725,7.377764055609925e-15,6.252709642311954e-16,18.18900497399816
907,g03_t09_000,g03_t03_035,True,,0.576053913114575,0.04315281398029033,1.0017826041615026,5.077398387227721e-14,4.0628931089015776e-16,16.483796194665423
908,g03_t09_000,g03_t03_056,True,,13.588084341101219,0.04438732982085593,1.0298233941561128,7.105982447430965e-14,5.60162597992128e-16,16.945569061328754
909,g03_t09_000,g03_t04_000,False,clearance,-4.822964420663541,0.05965522513554622,1.388776388582008,2.7647897156188215e-14,6.295684097498008e-16,601.5766708876296
910,g03_t09_000,g03_t04_030,False,clearance;input,-3.3637628149194665,0.0747666548811718,1.7375710722690725,7.107647456813934e-14,6.461745986520615e-16,432.22581808473967
911,g03_t09_000,g03_t04_054,False,clearance;input,-2.3369586328108767,0.07599722964828959,1.7680605827993137,3.972054645195637e-14,2.611090194369167e-16,309.49548722782924
912,g03_t09_000,g03_t05_003,True,,9.101350782631915,0.048111198842001136,1.119976629569022,3.275440170573378e-14,6.421383037113634e-16,18.402784345602722
913,g03_t09_000,g03_t05_047,False,clearance,-4.6011636979012955,0.052171117807777806,1.214272982254453,2.5757174171303632e-14,6.945136100695098e-16,572.0943963674695
914,g03_t09_000,g03_t05_029,True,,2.3785665738134103,0.05482404417167414,1.2758358694027412,2.2748467065386707e-14,3.825881402225741e-16,20.966387916958688
915,g03_t09_000,g03_t06_000,True,,8.403582965758174,0.033337887354257724,0.7767198329848958,1.7404671430534633e-14,6.094412186918576e-17,12.750572534371594
916,g03_t09_000,g03_t06_021,True,,14.97862621745719,0.05162697722823196,1.2025657575604438,6.179705205084558e-14,1.0284560763356988e-15,19.74138259608089
917,g03_t09_000,g03_t06_014,True,,15.189653983195562,0.05483890646963766,1.2774498627579995,3.891802844472395e-14,3.770859520143121e-16,20.97367595778273
918,g03_t09_000,g03_t07_000,False,input,13.099215739058504,0.07255828065193756,1.6883360347789331,3.692088357856443e-14,5.782226546457897e-16,27.73622231084377
919,g03_t09_000,g03_t07_045,True,,18.15153603520717,0.05448938445400114,1.26655101400674,2.6175435613866064e-14,1.4752290795525882e-16,20.81318049745329
920,g03_t09_000,g03_t07_010,False,input,10.359946851754017,0.0645305881330749,1.5024336325067988,3.972054645195637e-14,4.865149434140654e-16,24.6744024912839
921,g03_t09_000,g03_t08_000,True,,17.7442057871167,0.053971066906410216,1.2573587127228563,4.7664655742347644e-14,4.1728686676674486e-16,20.639203579317535
922,g03_t09_000,g03_t08_003,True,,24.448678470756967,0.04422811896264049,1.0302476055833492,1.7763568394002505e-15,8.182674270850423e-17,16.916237672584973
923,g03_t09_000,g03_t08_025,True,,17.25674654523478,0.03370888740614105,0.7855371643864185,1.0048591735576161e-14,1.6479873021779667e-17,12.894422362885972
924,g03_t09_000,g03_t10_000,True,,9.485425031758625,0.05021827483240979,1.1694801022190302,3.8263897345803626e-14,4.04663061721137e-16,19.203091032014505
925,g03_t09_000,g03_t11_000,False,input,20.15714064254586,0.06349403095969214,1.4790127702320626,2.842170943040401e-14,1.0552880550614897e-15,24.27823458668353
926,g03_t09_000,g03_t12_000,False,clearance,-3.7985117863302604,0.03529026233435898,0.8207219343836939,1.512513347095137e-14,4.443059973708341e-16,469.3090915934962
927,g03_t09_000,g03_t13_000,True,,16.653183645981695,0.04268009593048989,0.9920598285563043,4.7697744712485075e-14,5.943194021741332e-16,16.30156803598569
928,g03_t09_000,g03_t14_000,True,,23.53567978870764,0.04208547434401847,0.979697246843099,5.859285502108464e-14,3.1463121132764933e-16,16.09149155884689
929,g03_t10_000,g03_t00_000,False,input,4.467167505655259,0.06285409329695672,1.464575033240335,5.18501491318319e-14,2.975695523045684e-16,24.041771784122187
930,g03_t10_000,g03_t00_006,False,clearance;input,-2.838205823262326,0.07850584353461972,1.8281143937545972,2.290398441258579e-14,5.66444991799657e-16,370.60605532455844
931,g03_t10_000,g03_t00_035,False,input,1.446167055695875,0.07969452672921448,1.856608556803701,6.608429443751005e-14,7.955556096051711e-16,30.48004424763017
932,g03_t10_000,g03_t01_000,False,input,8.1803226069353,0.06816602434453282,1.5873851521887976,3.102273850532274e-14,2.6340392223076363e-16,26.065663545060396
933,g03_t10_000,g03_t01_046,False,speed;input,8.985404882821477,0.08917238182465227,2.076387283238496,1.888293221827313e-14,5.003707553108401e-16,34.09788094259258
934,g03_t10_000,g03_t01_031,False,input,10.417177129436599,0.08260039738408073,1.9240211047366658,4.6048432255985435e-14,5.943194021741332e-16,31.58651889620699
935,g03_t10_000,g03_t02_000,False,input,14.00640934456753,0.060916615558236215,1.418754581811158,2.3832327871173822e-14,3.728969589373966e-16,23.292201390850202
936,g03_t10_000,g03_t02_037,False,input,19.842028735156877,0.06320900414794124,1.4705625127288606,5.870046366090628e-14,4.331670865058037e-16,24.15177165166796
937,g03_t10_000,g03_t02_002,False,input,15.635157354480153,0.07631623619233203,1.7776562321650784,2.4868995751603507e-14,5.705104386437139e-16,29.184757818741602
938,g03_t10_000,g03_t03_000,False,clearance,-4.4866158081685,0.05192475559945607,1.2054901748302982,3.7356323980498535e-14,4.3600610382559163e-16,558.2312398292347
939,g03_t10_000,g03_t03_035,False,clearance;input,-3.0205697432606975,0.06339608898909249,1.473507311187042,5.320181320155348e-14,2.8609792490763985e-16,386.69816465680594
940,g03_t10_000,g03_t03_056,True,,1.716872950866835,0.05682739971774946,1.3188774719947025,7.993605777301127e-15,9.122732470144756e-16,21.705216514575273
941,g03_t10_000,g03_t04_000,False,clearance,-0.48516219140686,0.04731247334706644,1.0997920337433698,1.2434497875801753e-14,2.5133742693021536e-16,76.30374707020442
942,g03_t10_000,g03_t04_030,False,clearance;input,-4.629245500310863,0.07164692159988051,1.663395284197235,6.799062365205315e-14,2.407706197318431e-16,582.8797020303716
943,g03_t10_000,g03_t04_054,False,clearance;input,-3.8812184800403453,0.060221311955362365,1.3985194013884668,5.728578676879116e-14,4.460499975533616e-16,488.75965286740615
944,g03_t10_000,g03_t05_003,False,input,4.467452607175355,0.06595844431485683,1.5368567829066746,3.351623381340333e-14,1.8108552280270998e-16,25.22967902513153
945,g03_t10_000,g03_t05_047,False,clearance;input,-5.218181158206532,0.06939894996279798,1.615710806818442,6.365558375723455e-14,4.1771910772848727e-16,652.7182480862962
946,g03_t10_000,g03_t05_029,True,,4.362613652352002,0.05944444967508562,1.384890575873696,4.0971892881709936e-14,9.057848289240456e-16,22.738861545482827
947,g03_t10_000,g03_t06_000,True,,9.373288704784938,0.018886963627720174,0.43861566113584916,1.3293037379376718e-14,1.5531346546082258e-16,7.211656355611164
948,g03_t10_000,g03_t06_021,True,,15.264479200670571,0.029348253005142346,0.6802734849032317,2.5680492922932105e-14,8.384297404680616e-17,11.194274367590083
949,g03_t10_000,g03_t06_014,True,,25.539056356003467,0.011848718030874793,0.275068691783092,1.9131948672901813e-14,1.351999674365147e-16,4.524387197332041
950,g03_t10_000,g03_t07_000,True,,25.45292738874963,0.029446237282563664,0.6834092612488907,2.1972320632906738e-14,2.6376925378252274e-16,11.231576282359786
951,g03_t10_000,g03_t07_045,True,,25.45210525211511,0.022587757593039524,0.5226207338287664,3.445628625312982e-14,1.9821445675202305e-16,8.589352941795791
952,g03_t10_000,g03_t07_010,True,,25.53430387344178,0.015389984826250947,0.35732351689234504,3.5626916741427515e-14,1.412282265928462e-16,5.87035218796103
953,g03_t10_000,g03_t08_000,True,,22.206346738091284,0.024721583016927676,0.5729495050883322,1.9131948672901813e-14,1.7666947150321598e-16,9.424742658359548
954,g03_t10_000,g03_t08_003,True,,22.426197259937066,0.041405838323767714,0.9623972985559953,5.329070518200751e-15,1.415262216750919e-16,15.826148385514971
955,g03_t10_000,g03_t08_025,True,,16.732879955030246,0.02311276954644029,0.5368020882116892,7.105427357601002e-15,1.8450152239763333e-16,8.828097833319141
956,g03_t10_000,g03_t09_000,True,,8.70446591402823,0.05022431160379862,1.1694801408431168,3.351623381340333e-14,2.8177377798042847e-16,19.206131496253
957,g03_t10_000,g03_t11_000,True,,21.683439850717573,0.03424521526661163,0.7946858790830227,7.588599744428075e-15,2.323234527365937e-16,13.06604381591464
958,g03_t10_000,g03_t12_000,False,clearance;input,-4.78043705213136,0.06902253053245355,1.6067406862783942,2.416106516409301e-14,9.768079866063986e-16,600.0405958087309
959,g03_t10_000,g03_t13_000,True,,19.678409663026617,0.02250889270377403,0.5227625373009024,4.13647108466187e-14,1.795082599270266e-16,8.583059369989384
960,g03_t10_000,g03_t14_000,False,input,13.229035274861427,0.0780413081091729,1.8183972099961456,2.95110562224397e-14,1.1285372866522898e-16,29.84857163281844
961,g03_t11_000,g03_t00_000,False,clearance;speed;input,-0.8777857704785887,0.08981304664435047,2.091872640298947,2.161031364628563e-14,7.756988222726538e-16,139.68254175694426
962,g03_t11_000,g03_t00_006,False,clearance;speed;input,-6.379187464929162,0.10357833896065345,2.412944158858265,2.929642751054232e-14,3.933846467480048e-16,805.1263488296372
963,g03_t11_000,g03_t00_035,False,clearance;speed;input,-5.798635561402359,0.10715989247164738,2.4963485990739973,4.507888299247583e-14,1.0104135111525744e-15,736.8269905356915
964,g03_t11_000,g03_t01_000,False,input,19.399511757430666,0.08124146000845539,1.893092421403348,4.322062729257126e-14,1.14044051382306e-16,31.07460355857669
965,g03_t11_000,g03_t01_046,False,speed;input,19.44994591728683,0.09817941645986664,2.287945717418412,9.536654222678436e-14,1.2804891624751165e-15,37.557122821088214
966,g03_t11_000,g03_t01_031,False,speed;input,20.01284494165251,0.09903497261840982,2.3079458800869572,3.03543989777123e-14,7.773826050458007e-16,37.88529318132896
967,g03_t11_000,g03_t02_000,False,speed;input,6.19303799640598,0.0911051484107216,2.1207160489364076,8.76736029855825e-14,1.0522438524544687e-15,34.83020351236676
968,g03_t11_000,g03_t02_037,False,speed;input,13.318738307914405,0.09608706931824486,2.2353080742396925,8.078030334176896e-14,1.2466085480719522e-15,36.72371470372795
969,g03_t11_000,g03_t02_002,False,speed;input,6.663231936148678,0.10575004231857149,2.46205049803623,7.920241106378951e-14,7.80247688507185e-16,40.434022107227975
970,g03_t11_000,g03_t03_000,False,clearance,-4.863117975850578,0.059278489174918,1.3784766661028285,4.585960284737775e-14,5.23139221524659e-16,606.22539197503
971,g03_t11_000,g03_t03_035,False,clearance;input,-2.6776831960565106,0.07390643152293239,1.7199130454928213,4.8970778550803905e-14,4.967007407645019e-16,349.5739302866531
972,g03_t11_000,g03_t03_056,False,clearance,-3.86593448386729,0.05764663272006669,1.3397396040028582,3.710205222909732e-14,1.9821445675202305e-16,485.929454758439
973,g03_t11_000,g03_t04_000,False,clearance;input,-5.107258874315653,0.06623112383378364,1.5415996645346872,2.7114910356960115e-14,3.0436364816617974e-16,638.1988389808463
974,g03_t11_000,g03_t04_030,False,clearance;input,-5.478226445320976,0.081317108096248,1.890504986438827,5.695433295429594e-14,7.353918196335446e-16,688.4644774459524
975,g03_t11_000,g03_t04_054,False,clearance;input,-4.146155300513082,0.06903265815833155,1.6051536486850693,3.692088357856443e-14,6.9831616186284e-16,523.9265814755049
976,g03_t11_000,g03_t05_003,False,clearance;speed;input,-2.155583346373411,0.09389597533516357,2.1869191118505813,3.351623381340333e-14,3.337167946540778e-16,294.5808800919585
977,g03_t11_000,g03_t05_047,False,clearance;speed;input,-5.946470615698647,0.09272950292848908,2.1600717279404402,5.116911811078157e-14,1.0613559367488809e-15,749.0475295012923
978,g03_t11_000,g03_t05_029,False,clearance;speed;input,-1.918839105506415,0.08940181423314064,2.0816234703295335,2.864289338439558e-14,1.0008377311411683e-15,264.44906755488125
979,g03_t11_000,g03_t06_000,True,,9.426058225007997,0.03514967660442422,0.8174950525636345,3.426112997215453e-14,2.7380069957045977e-16,13.422739268288733
980,g03_t11_000,g03_t06_021,True,,15.366034401975474,0.013188515993172579,0.3057958697536552,7.229248575812844e-15,8.473551542251138e-17,5.020895997354481
981,g03_t11_000,g03_t06_014,True,,21.91579001031624,0.025521096951232575,0.5910221869825455,3.117493601007525e-14,2.8609792490763984e-17,9.720568942882762
982,g03_t11_000,g03_t07_000,True,,21.68488922508015,0.058601817272536015,1.3609911989186125,6.61081645103266e-14,4.522540879792293e-16,22.3774230295035
983,g03_t11_000,g03_t07_045,True,,21.675632334627654,0.056659174071343306,1.3158055567631448,5.74591901540638e-14,4.621532547029659e-16,21.629227347039446
984,g03_t11_000,g03_t07_010,True,,21.8169516876858,0.04173597181780285,0.9686055171666433,8.32474807568769e-14,7.754272149595005e-16,15.927825952842037
985,g03_t11_000,g03_t08_000,True,,21.794899287870596,0.01104411267894704,0.2554945792285612,1.5987211554602254e-14,1.6772183593738195e-16,4.19564769427151
986,g03_t11_000,g03_t08_003,True,,21.58447784458138,0.027538217086768426,0.640357600715342,2.5618982671915014e-14,2.0195238032029717e-16,10.515656812340819
987,g03_t11_000,g03_t08_025,True,,19.551758409704664,0.03085852998290096,0.7175335362776252,3.709141974507642e-14,3.770859520143121e-16,11.779905906189132
988,g03_t11_000,g03_t09_000,False,input,20.257814852489766,0.06349363665083399,1.479012767562809,7.944109290391274e-15,3.4868373387716334e-16,24.278021725536643
989,g03_t11_000,g03_t10_000,True,,21.791760797599657,0.034234697680800764,0.7946858210128445,3.8263897345803626e-14,4.163336342344337e-16,13.06156206049501
990,g03_t11_000,g03_t12_000,False,clearance;speed;input,-1.704986870051255,0.08714803010918806,2.030430002235428,2.4112040294174312e-14,5.288147387554801e-16,237.933404806988
991,g03_t11_000,g03_t13_000,True,,16.837469649537017,0.0551752623000215,1.282538743203576,4.72991493285745e-14,6.805778071794071e-16,21.07257182215264
992,g03_t11_000,g03_t14_000,False,speed;input,10.29374920370238,0.1015129670469309,2.3649279166137394,4.5496934130773415e-14,5.38781765530132e-16,38.826591385362974
993,g03_t12_000,g03_t00_000,False,clearance,-3.6652187352610985,0.02739296816016294,0.6345944857474018,3.6099836778372163e-14,1.5793606948810905e-16,450.2731850918245
994,g03_t12_000,g03_t00_006,False,clearance,-3.6995520247512275,0.03177240733394781,0.739391891078679,1.5987211554602254e-14,2.137180026430695e-16,456.0994052014215
995,g03_t12_000,g03_t00_035,False,clearance,-3.9904876168219827,0.03516563609809719,0.8172567878622072,1.464821375527116e-14,3.8209622720815354e-16,492.2999269296288
996,g03_t12_000,g03_t01_000,False,clearance,-3.8470406609244554,0.03176581830931912,0.7390883849815062,1.6758116906701664e-14,1.1210314922022935e-16,473.7949584404657
997,g03_t12_000,g03_t01_046,False,clearance,-4.323309882972591,0.048015770472600444,1.1173678967115976,3.222019477394343e-14,1.9192032249453387e-16,537.1586009116417
998,g03_t12_000,g03_t01_031,False,clearance,-3.870427030042551,0.03668483809007409,0.8529703120846223,1.4210854715202004e-14,6.546139416680338e-17,478.47367558686193
999,g03_t12_000,g03_t02_000,False,clearance,-4.034459858448844,0.04110259955112082,0.9519302579154483,6.073478075051767e-14,4.2122000917177964e-16,499.8059572858072
1000,g03_t12_000,g03_t02_037,False,clearance,-3.6081003482789464,0.05623908089628233,1.3033654997715745,7.53644380168212e-14,6.08252531697804e-16,454.4217489273324
1001,g03_t12_000,g03_t02_002,False,clearance,-4.101263743690486,0.04615552905412381,1.0693755966238918,2.929642751054232e-14,9.437916079723832e-17,509.75621790189825
1002,g03_t12_000,g03_t03_000,False,clearance,-4.255612770099816,0.04296416708548013,0.9992818187824282,3.719760782305301e-14,1.2415397860140698e-16,527.0855268989778
1003,g03_t12_000,g03_t03_035,True,,3.2581443464917292,0.0277339456745505,0.6430874837028221,8.702335715267317e-15,2.5800777260167947e-16,10.571872800067517
1004,g03_t12_000,g03_t03_056,True,,1.2749047733039167,0.04530677086894001,1.0530363361626836,4.550560269027492e-14,1.944128986425528e-16,17.30041494948565
1005,g03_t12_000,g03_t04_000,False,clearance,-4.416581481694487,0.0509135262707024,1.1857980321552823,9.729507111180988e-15,2.2862181245748777e-16,549.4601177293755
1006,g03_t12_000,g03_t04_030,True,,0.0711127590140308,0.05872324171005918,1.3648835149602805,4.716553564546101e-14,5.426552206482569e-16,22.431493545812554
1007,g03_t12_000,g03_t04_054,False,clearance;input,-2.8849816882868953,0.0676080184239879,1.5738967380842281,1.464821375527116e-14,4.888843483876897e-16,372.04704772024985
1008,g03_t12_000,g03_t05_003,False,clearance,-3.8634800588747984,0.030917250162993185,0.7169524032417883,2.6822400070865448e-14,3.522172224755356e-17,475.4163114790284
1009,g03_t12_000,g03_t05_047,False,clearance,-3.277157155536528,0.023695695776700953,0.5513754184279194,2.0099943209819146e-14,1.2813490069415586e-16,402.3209933417983
1010,g03_t12_000,g03_t05_029,False,clearance,-4.203212828601501,0.04038217198809633,0.9375579530484982,4.322062729257126e-14,5.42832645933576e-16,519.8044314712907
1011,g03_t12_000,g03_t06_000,False,clearance,-3.897847173035352,0.05521119230110702,1.2854413228022656,2.3024216127992717e-14,4.965553152773373e-16,488.85106708335377
1012,g03_t12_000,g03_t06_021,False,clearance;input,-0.49467669478147736,0.07423412388414834,1.7297690092698115,8.62265274246159e-15,6.788157159765812e-16,87.75988376384818
1013,g03_t12_000,g03_t06_014,False,clearance;input,-5.263458785412489,0.0776080667337633,1.8069728914621637,3.8263897345803626e-14,6.093597404471837e-16,661.2911002278878
1014,g03_t12_000,g03_t07_000,False,clearance;input,-5.68016636440459,0.08272827137447895,1.9243883362756204,7.184918763469982e-14,2.566452884781707e-16,713.2364853989508
1015,g03_t12_000,g03_t07_045,False,clearance;input,-4.811171769755134,0.06674306567729606,1.5510100730218435,1.458338270617754e-14,6.633814832300366e-16,602.8320781064606
1016,g03_t12_000,g03_t07_010,False,clearance;input,-5.354348368702596,0.0804998649774153,1.8736315148683074,4.7697744712485075e-14,1.3655800057275238e-15,673.2964085411458
1017,g03_t12_000,g03_t08_000,False,clearance;input,-1.6815751152479024,0.07739064070542123,1.8031666493371052,1.4210854715202004e-14,3.8708829699866534e-16,231.394190805054
1018,g03_t12_000,g03_t08_003,False,clearance;input,-5.150515398698268,0.07402314008157396,1.7241464471551924,3.088256521748482e-14,2.1544120232613906e-16,646.3774257872591
1019,g03_t12_000,g03_t08_025,False,clearance,-4.0629492872271395,0.05925142217744194,1.379704153979443,1.0658141036401503e-14,3.2899432042903513e-16,510.211527636695
1020,g03_t12_000,g03_t09_000,False,clearance,-3.918912608457614,0.0352954637244306,0.8207219491234744,6.4047456679787536e-15,2.7026078727940894e-16,483.7583265791276
1021,g03_t12_000,g03_t10_000,False,clearance;input,-4.990486298448726,0.0690245988545009,1.6067406942298694,3.709141974507642e-14,3.8484284159040614e-16,625.24713468952
1022,g03_t12_000,g03_t11_000,False,clearance;speed;input,-1.2852963309568208,0.08714713211206893,2.0304300035478065,3.178884740892812e-14,2.302416593912984e-16,187.5706443409358
1023,g03_t12_000,g03_t13_000,False,clearance,-4.546346469805732,0.055124845487517095,1.2809268176901938,2.1683198553528097e-14,4.721285060278142e-16,566.6137589715449
1024,g03_t12_000,g03_t14_000,False,clearance,-3.874863327362578,0.03397032341742537,0.7883602603213447,5.739584601870544e-14,6.686678350658489e-16,477.9576152961326
1025,g03_t13_000,g03_t00_000,True,,8.368203382962147,0.04261451891723216,0.9918379126121528,8.140289677804162e-15,3.566112191733733e-16,16.282829618513947
1026,g03_t13_000,g03_t00_006,False,clearance;input,-3.7765885802245007,0.06049172944999534,1.406960741188723,1.3411200035432724e-14,2.7230185981536845e-16,476.30396547754435
1027,g03_t13_000,g03_t00_035,True,,1.7847490743469612,0.059029232227493476,1.3741659700272486,1.0658141036401503e-14,1.3597399555105182e-16,22.560766526301578
1028,g03_t13_000,g03_t01_000,True,,13.179174654558171,0.057752448348516464,1.3430935920787053,3.552713678800501e-14,5.051591013050332e-16,22.067711166737034
1029,g03_t13_000,g03_t01_046,False,input,14.160002289005451,0.07985050968961376,1.8577471772192482,3.2378945984060766e-14,6.504819819040922e-16,30.52090304863303
1030,g03_t13_000,g03_t01_031,False,input,13.798749846865547,0.06851419016434604,1.5945387313518329,4.8841738066824975e-14,5.871468811509734e-16,26.185896948959464
1031,g03_t13_000,g03_t02_000,True,,17.173292792329388,0.038784239984652816,0.9037563200939425,2.9777166713245526e-14,1.2813490069415586e-16,14.835520204979073
1032,g03_t13_000,g03_t02_037,True,,19.508013377670938,0.0411123135493579,0.9559510731288469,5.955433342649105e-14,4.714364385389477e-16,15.700129647726968
1033,g03_t13_000,g03_t02_002,True,,17.65240760333106,0.05430904586073891,1.2654762768718748,4.580796882517158e-14,2.9796874070320123e-16,20.774366643359844
1034,g03_t13_000,g03_t03_000,False,clearance,-4.593731067817507,0.051693653470345026,1.19848489637574,6.063728786180279e-14,3.333423615361978e-16,570.9842086566808
1035,g03_t13_000,g03_t03_035,False,clearance,-4.793755028289092,0.05741188925956828,1.3321310962817137,8.60020921103214e-14,9.177343014567895e-16,597.1770948359087
1036,g03_t13_000,g03_t03_056,False,clearance,-0.7616125530549747,0.05874666677401037,1.3626306651193463,2.5618982671915014e-14,2.604628232417064e-16,113.83087170868242
1037,g03_t13_000,g03_t04_000,True,,2.50539421148339,0.042705974953587356,0.9904607536576351,1.8115356374411762e-14,3.544273982392691e-16,16.29957670932112
1038,g03_t13_000,g03_t04_030,False,clearance;input,-1.938823911015985,0.06952695640097654,1.6133255298697473,8.52836300009429e-14,9.55971151239192e-16,259.2183607267102
1039,g03_t13_000,g03_t04_054,False,input,2.8071864426210404,0.062358569692087744,1.4473626530822827,7.975822427626031e-14,1.222585060369598e-15,23.821497898788806
1040,g03_t13_000,g03_t05_003,True,,9.135785530564705,0.04524757401677367,1.0532565408634709,1.464821375527116e-14,1.2276156489239667e-16,17.291409560374987
1041,g03_t13_000,g03_t05_047,True,,1.3327127915452024,0.05306365950708871,1.2333105163600138,7.147801729532276e-15,1.9292121753525021e-16,20.267955815878597
1042,g03_t13_000,g03_t05_029,True,,4.489847468670736,0.03903584734663802,0.9086241549501981,1.6280579355608324e-14,2.5078606370050884e-16,14.920071804436187
1043,g03_t13_000,g03_t06_000,True,,6.85261890227417,0.025677858307588813,0.5947569190484953,1.464821375527116e-14,3.6349804847772816e-16,9.786703245449779
1044,g03_t13_000,g03_t06_021,True,,10.951448874870493,0.04730474448556898,1.09834681514324,2.5062531711346137e-14,3.4611102632087016e-16,18.06011821405681
1045,g03_t13_000,g03_t06_014,True,,19.680060502162586,0.03321998986003076,0.7723392545325675,2.2469334198890888e-14,1.7138681663839682e-16,12.688201103915663
1046,g03_t13_000,g03_t07_000,True,,19.87942843950672,0.030984831970984214,0.7213216259560483,5.883469768860719e-14,3.8234816573529373e-16,11.843747993445273
1047,g03_t13_000,g03_t07_045,True,,19.992775944339865,0.01239948163881728,0.2863239414038446,3.5556441528666336e-14,9.18093283508395e-17,4.705297155827612
1048,g03_t13_000,g03_t07_010,True,,19.844318361898768,0.029012389731166523,0.6753530514468942,3.0263303041168436e-14,8.34473019942443e-17,11.086877879275377
1049,g03_t13_000,g03_t08_000,True,,15.134491544229995,0.044632489134008975,1.0367172140041943,3.83051078018465e-14,1.5027151625620984e-16,17.040643033555675
1050,g03_t13_000,g03_t08_003,True,,11.93017993053155,0.05448593324522087,1.266192912263083,2.1918400746395624e-14,4.2937121925726245e-16,20.820280087414048
1051,g03_t13_000,g03_t08_025,True,,9.608660222175248,0.03276324979832083,0.7600882235570828,2.1683198553528097e-14,2.9473967760384204e-16,12.503213609885202
1052,g03_t13_000,g03_t09_000,True,,15.798392885065613,0.042693736966577585,0.9920599107471977,3.6230712748823524e-14,5.022915714151771e-16,16.3079246216546
1053,g03_t13_000,g03_t10_000,True,,19.56283116166991,0.02251783776050006,0.5227626086770228,1.7404671430534633e-14,3.7746881288153885e-16,8.58865817192264
1054,g03_t13_000,g03_t11_000,True,,15.965394121988613,0.055187114050863746,1.282538806200058,1.0048591735576161e-14,1.9918372637938335e-16,21.077467221647098
1055,g03_t13_000,g03_t12_000,False,clearance,-4.478882455240603,0.05512509763726467,1.2809268187003877,4.270651487619868e-14,4.776383977182116e-16,558.5181522842721
1056,g03_t13_000,g03_t14_000,True,,15.635900208898722,0.05931143315625598,1.3810687303574891,7.149698361352147e-14,8.616670283152212e-16,22.67187565229412
1057,g03_t14_000,g03_t00_000,True,,13.393329777828322,0.02473729326450247,0.5755369764245761,2.95110562224397e-14,1.958932212760709e-16,9.450136975436914
1058,g03_t14_000,g03_t00_006,False,clearance,-4.274904510883265,0.04476145448179704,1.0411187369713255,3.5214902285927624e-14,4.906538933386797e-16,530.1022105769272
1059,g03_t14_000,g03_t00_035,True,,2.394769402101952,0.031457266042934647,0.7323245668696413,3.8428474007872526e-14,2.233418580553798e-16,12.031048177208884
1060,g03_t14_000,g03_t01_000,True,,21.743904000147136,0.03324878316082591,0.7728868908707919,2.3092638912203256e-14,1.6064700823479085e-16,12.709904969689152
1061,g03_t14_000,g03_t01_046,True,,26.657244985988946,0.044893814239117064,1.043007503896314,2.673771110915334e-14,1.4488835837920476e-16,17.153991193985554
1062,g03_t14_000,g03_t01_031,True,,28.798494298858888,0.023212370508038056,0.538332136542633,4.5496934130773415e-14,6.874081183117831e-17,8.856317535682132
1063,g03_t14_000,g03_t02_000,True,,25.937825537061176,0.031058745560062405,0.7212285959393624,2.5618982671915014e-14,1.6302709355362946e-16,11.843613369874634
1064,g03_t14_000,g03_t02_037,True,,29.036264239341143,0.04656125932376955,1.0812651915566531,7.702099718428741e-14,4.522540879792293e-16,17.76289928786036
1065,g03_t14_000,g03_t02_002,True,,30.73846885381484,0.025255973391871304,0.584924942777643,2.0097183471152322e-14,1.7910547349592614e-16,9.612576877461919
1066,g03_t14_000,g03_t03_000,False,clearance;input,-5.322874850990361,0.07250039477973118,1.685663354928722,1.6134562241441008e-14,4.1004107616799284e-16,666.4529973607727
1067,g03_t14_000,g03_t03_035,False,clearance;input,-3.07862934608392,0.06053288177215226,1.4057797768235578,5.434606912323529e-14,4.1703055432870323e-16,392.5590916980219
1068,g03_t14_000,g03_t03_056,False,clearance;input,-5.368725345560967,0.07451572024205712,1.7317204503248103,3.690218337223113e-14,2.0516726431624886e-16,672.7191124947215
1069,g03_t14_000,g03_t04_000,False,clearance;input,-1.0843068276172647,0.07445600432246928,1.7332981811808301,8.954318645584578e-14,3.7341307954279784e-16,158.58958489550324
1070,g03_t14_000,g03_t04_030,False,clearance;speed;input,-5.8277386612368645,0.08942918400603023,2.0785203081484265,7.069810956086684e-14,8.89045358334726e-16,733.5021658813549
1071,g03_t14_000,g03_t04_054,False,clearance;speed;input,-4.229284170614873,0.09522926822167535,2.2157282005531007,4.507888299247583e-14,1.112735530683978e-15,543.9225130240317
1072,g03_t14_000,g03_t05_003,True,,9.223485424708755,0.02914759780840047,0.6782969508255249,2.07157025572446e-14,2.2297102043770984e-16,11.139213748577845
1073,g03_t14_000,g03_t05_047,False,clearance,-4.246707525272716,0.04390923933503488,1.0212082384092795,4.953983831169763e-14,2.983724378680108e-16,526.3929452320332
1074,g03_t14_000,g03_t05_029,True,,4.2135304085082215,0.04424278531616603,1.0298233692111456,4.6728652726691796e-14,4.3169526926908523e-16,16.91151745596571
1075,g03_t14_000,g03_t06_000,False,input,5.820411040331086,0.06707288987079801,1.5625813992555977,4.686351203372723e-14,2.45228796256662e-16,25.654001283708652
1076,g03_t14_000,g03_t06_021,False,speed;input,8.564026971500674,0.0899242251352808,2.0947059831348924,8.84540540235907e-14,3.194906681775283e-16,34.394887176899445
1077,g03_t14_000,g03_t06_014,False,speed;input,14.772867574831022,0.0862165653301026,2.008998336128829,2.6586074758753436e-14,8.886327366812504e-16,32.9788324097486
1078,g03_t14_000,g03_t07_000,False,speed;input,16.324120309491256,0.08824188680991686,2.055314792828062,3.66205343881779e-14,7.803710966042015e-16,33.74075527495718
1079,g03_t14_000,g03_t07_045,False,input,19.151985162119846,0.06939205130454396,1.6156375939871128,6.68243828771443e-14,7.17664138283192e-16,26.522745818492176
1080,g03_t14_000,g03_t07_010,False,speed;input,15.102531697195253,0.08807261661302519,2.05203040476349,5.173591645476953e-14,8.33259754863934e-16,33.68389549079541
1081,g03_t14_000,g03_t08_000,False,speed;input,8.51829306357444,0.09092697629167104,2.118444863358653,1.9131948672901813e-14,1.398165598847881e-15,34.78051880381118
1082,g03_t14_000,g03_t08_003,False,input,22.692171792245492,0.0853768872393368,1.988682706332497,8.660536638593119e-14,4.573357540805812e-16,32.65986815526076
1083,g03_t14_000,g03_t08_025,False,input,13.124921487455945,0.07077214236681544,1.6487274175747617,1.517719948885615e-14,6.52440545918315e-16,27.07044840209675
1084,g03_t14_000,g03_t09_000,True,,22.894008354908486,0.04208909690965859,0.9796973013452458,2.2748467065386707e-14,4.809909921916592e-16,16.095749167973256
1085,g03_t14_000,g03_t10_000,False,input,13.127623789268348,0.07804177564190003,1.8183972142851121,5.772476473450155e-14,1.9498477070894352e-16,29.848911673754273
1086,g03_t14_000,g03_t11_000,False,speed;input,9.349196128793915,0.10151718007589172,2.36492793949254,1.0898206177627377e-13,6.49296592341563e-16,38.8284015399496
1087,g03_t14_000,g03_t12_000,False,clearance,-3.759282428095616,0.033966891338203443,0.7883602468979456,1.6968624882578708e-14,2.2890463418088597e-16,464.0868697187653
1088,g03_t14_000,g03_t13_000,True,,15.914711475286984,0.059308806148029546,1.3810687087471258,7.072599946276076e-14,2.782920370558089e-16,22.67015907335695
