method,time,rx,ry,rz,vx,vy,vz,ax,ay,az
safe_graph_adp,2.0,-0.005141598682923688,-34.940943486737346,10.058213707441665,-0.0050970593369624,0.05906035768957374,0.058213682603989486,-0.0026153376285611776,0.02952436181149076,0.029119666044718627
safe_graph_adp,4.0,-0.019894805659795876,-34.76641807038941,10.230212834982458,-0.009613621040760642,0.11546846524835869,0.11378537155106538,-0.0024556879091997452,0.02818736249298502,0.027798817115004176
safe_graph_adp,6.0,-0.0431228850421859,-34.481732259066575,10.5107128238716,-0.013573946043376545,0.1692203331262227,0.16671449765900104,-0.002302128076514252,0.02684965446449134,0.02647782585646263
safe_graph_adp,8.0,-0.07373763357801444,-34.0922023750484,10.894428004050031,-0.017002305986896553,0.22031213671218558,0.21700051880221827,-0.002154658916724876,0.025511265287379313,0.02515669903251618
safe_graph_adp,10.0,-0.11069940163566744,-33.603152224850554,11.376071648267894,-0.019922982787402146,0.26874021638887546,0.26464291991595107,-0.0020132811848677917,0.024172222526506023,0.023835443407281106
safe_graph_adp,12.0,-0.15301711331579892,-33.019912769185055,11.950356026210143,-0.02236026819876902,0.31450107758472917,0.3096412130002018,-0.0018779956047913075,0.02283255375007483,0.022514065745533125
safe_graph_adp,14.0,-0.19974828569064426,-32.347821792818394,12.611992458629846,-0.02433846337637882,0.3575913908239359,0.3519949371234892,-0.00174880286915216,0.02149228652949431,0.0211925728126728
safe_graph_adp,16.0,-0.24999904717067264,-31.592223574332003,13.355691371488785,-0.025881878440747273,0.398007991774124,0.39170365842638893,-0.0016257036394119642,0.020151448439237003,0.01987097137469087
safe_graph_adp,18.0,-0.30292415499841546,-30.75846855578962,14.176162350104924,-0.027014832041072568,0.43574788129179076,0.42876697012486575,-0.0015086985458338358,0.018810067056698316,0.01854926819813362
safe_graph_adp,20.0,-0.35772701186931505,-29.851913012316047,15.068114193306336,-0.02776165091870779,0.470808225465474,0.4631844925133982,-0.0013977881874791516,0.017468169962055274,0.01722747005006823
safe_graph_adp,22.0,-0.41365968167944533,-28.877918721591836,16.026254967591164,-0.028146669470561245,0.5031863556566659,0.4949558729678952,-0.0012929731322044932,0.016125784738125325,0.01590558369804813
safe_graph_adp,24.0,-0.4700229043999647,-27.841852633268388,17.045292061293225,-0.028194229312428536,0.5328797685384683,0.5240807859484046,-0.0011942539166587334,0.014782938970225135,0.014583615910078337
safe_graph_adp,26.0,-0.5261661100781675,-26.749086538308013,18.1199322387528,-0.02792867884226017,0.5598861261319893,0.5505589330016135,-0.0011016310462802908,0.013439660246029326,0.01326157345458083
safe_graph_adp,28.0,-0.5814874319650098,-25.60499673825344,19.244881694492232,-0.0273743728033686,0.5842032558404807,0.5743900427631417,-0.001015104995294541,0.01209597615542924,0.011939463100359888
safe_graph_adp,30.0,-0.6354337187689925,-24.414963714431334,20.414846107395906,-0.026555671847578458,0.6058291504812164,0.5955738709596254,-0.0009346762067113908,0.010751914290391679,0.010617291616567413
safe_graph_adp,32.0,-0.6875005460362897,-23.184371797094297,21.624530694894176,-0.025496942098323903,0.6247619683151108,0.6141102004105949,-0.0008603450923230069,0.00940750224481762,0.009295065772668306
safe_graph_adp,34.0,-0.7372322266570243,-21.918608834505903,22.868640267150838,-0.024222554713696817,0.6410000330740774,0.6299988410301423,-0.000792112032701709,0.008062767614400987,0.007972792338405778
safe_graph_adp,36.0,-0.784221820497592,-20.623065861973263,24.14187928125375,-0.022756885449449787,0.6545418339861279,0.6432396298283821,-0.0007299773771980223,0.0067177379964872995,0.006650478083766714
safe_graph_adp,38.0,-0.8281111431589512,-19.30313677083167,25.43895189540815,-0.02112431422195763,0.6653860257982099,0.6538324309127044,-0.000673941443938887,0.005372440989932396,0.005328129778946963
safe_graph_adp,40.0,-0.868590773860796,-17.964217977385818,26.75456202313226,-0.01934922467114134,0.6735314287967853,0.6617771354888187,-0.0006240045198260306,0.004026904194961145,0.004005754194316761
safe_graph_adp,42.0,-0.905400062451544,-16.611708091812122,28.083413387454804,-0.017456003723358267,0.678977028826147,0.6670736618615905,-0.000580166860534499,0.002681155213026116,0.002683358100385967
safe_graph_adp,44.0,-0.9383271355440739,-15.251007587026674,29.420209575113965,-0.015469041154262418,0.6817219773044754,0.6697219554356695,-0.0005424286905113475,0.0013352216466662838,0.001360948267769474
safe_graph_adp,46.0,-0.9672089017771558,-13.887518467523341,30.759654090757387,-0.013412729151638627,0.6817655912376337,0.66972198871591,-0.0005107902029744898,-1.0868900634330926e-05,3.853146715251596e-05
safe_graph_adp,48.0,-0.9919310562025285,-12.526643938186536,32.09645041114283,-0.011311461878214515,0.6791073532307024,0.6670737613075829,-0.00048525155991171293,-0.0013570888245879693,-0.0012838855307440132
safe_graph_adp,50.0,-1.0124280837975812,-11.173788073083182,33.42530203933904,-0.009189635034454033,0.6737469114972519,0.6617772999163795,-0.00046581289207984176,-0.002703410520244454,-0.0026062959551981894
safe_graph_adp,52.0,-1.0286832621036066,-9.834355484238388,34.740912558926375,-0.007071645421336446,0.6656840798663546,0.6538326583482078,-0.00045247429900407586,-0.004049806382132563,-0.003928693035521753
safe_graph_adp,54.0,-1.0407286629896015,-8.513750990399368,36.03798568819688,-0.0049818905031245786,0.6549188377873355,0.6432399175087805,-0.0004452358489774762,-0.00539624880440133,-0.00525107000109477
safe_graph_adp,56.0,-1.0486451535415957,-7.217379285792111,37.31122533435331,-0.002944767970126165,0.641451330332261,0.6299991854029943,-0.00044409757906061604,-0.006742710180961404,-0.006573420081400296
safe_graph_adp,58.0,-1.0525623960775006,-5.950644608875349,38.555335647706634,-0.0009846753014521575,0.6252818681961667,0.6141105971341018,-0.00044905949508139144,-0.00808916290562639,-0.007895736506059021
safe_graph_adp,60.0,-1.0526588472874738,-4.718950411096316,39.76502107587181,0.0008739906722241963,0.6064109276950237,0.5955743149026753,-0.00046012157163499164,-0.009435579372254197,-0.009218012504863968
safe_graph_adp,62.0,-1.0491617564998073,-3.5276990256528444,40.934986417961134,0.0026068342059036445,0.5848391507614433,0.5743905280053625,-0.0004772837520840295,-0.010781931974888363,-0.010540241307815126
safe_graph_adp,64.0,-1.0423471630723486,-2.382291336266313,42.05993687877502,0.004189461077488772,0.560567344938121,0.5505594528334337,-0.0005005459485588296,-0.01212819310789941,-0.01186241614515414
safe_graph_adp,66.0,-1.032539892909481,-1.288126445969964,43.134578122989566,0.005597479024999537,0.5335964833690182,0.5240813328711211,-0.0005299080419578809,-0.01347433516612619,-0.013184530247398941
safe_graph_adp,68.0,-1.020113554104685,-0.2506013459171217,44.15361632934065,0.006806498183772686,0.5039277047882834,0.4949564386937511,-0.0005653698819484445,-0.0148203305450172,-0.01450657684537843
safe_graph_adp,70.0,-1.0054905317087235,0.7248894157861716,45.111758244804065,0.007792131523641183,0.47156231350691197,0.46318506796566683,-0.0006069312869673237,-0.016166151640771936,-0.015828549170267124
safe_graph_adp,72.0,-0.9891419816234885,1.632954065219577,46.00371123877129,0.008529995286089843,0.43650177939714485,0.42876754543794404,-0.000654592044221794,-0.017511770850482222,-0.017150440453619825
safe_graph_adp,74.0,-0.9715878236215657,2.468203933753419,46.82418335722048,0.00899570942138331,0.39874773787460666,0.39170422294589835,-0.0007083519096906935,-0.01885716057227351,-0.018472243927406245
safe_graph_adp,76.0,-0.9533967334915726,3.2252537891156576,47.567883376882264,0.009164898025662557,0.35830198987818235,0.3519954794063848,-0.0007682106081256691,-0.02020229320544625,-0.019793952824045696
safe_graph_adp,78.0,-0.9351861343093395,3.8987221664163583,48.22952085939997,0.009013189778006072,0.31516650184763395,0.3096417208148894,-0.0008341678330525896,-0.021547141150617153,-0.021115560376441703
safe_graph_adp,80.0,-0.9176221868350058,4.483231699125128,48.803806205483745,0.00851621837745188,0.26934340569895643,0.2646433802424124,-0.0009062232467731125,-0.02289167680986053,-0.022437059818016695
safe_graph_adp,82.0,-0.9014197790361154,4.9734094499970105,49.28545070905833,0.00764962297997657,0.22083499879747354,0.21700091783214445,-0.0009843764803664134,-0.024235872586849578,-0.023758444382746595
safe_graph_adp,84.0,-0.887342514736799,5.363887241942304,49.669166611403895,0.00638904863542751,0.16964374392867354,0.16671482079593383,-0.0010686271336910757,-0.025579700886997687,-0.025079707305195514
safe_graph_adp,86.0,-0.8762027013931444,5.649301988835799,49.94966715528965,0.004710146724404377,0.11577226926678519,0.11378560341054667,-0.001158974775387138,-0.02692313411759971,-0.02640084182055035
safe_graph_adp,88.0,-0.8688613369948547,5.824296026260909,50.12166663909977,0.002588575395086211,0.05922336834109426,0.05821380701371883,-0.001255418942878304,-0.02826614468797323,-0.027721841164655456
safe_graph_adp,90.0,-0.8662280960933126,5.8835174421841625,50.179880470951176,1.1666015375944028e-16,6.938893903907228e-16,2.5673907444456745e-16,-0.0013579591423743091,-0.029608705009599855,-0.029042698574047243
safe_graph_adp,92.0,-0.8456734906711395,5.9460986151972,50.167273385370635,0.020601821493191314,0.06256563421038192,-0.012607080201545343,0.010233408506031792,0.03130607190034375,-0.006239315709218208
safe_graph_adp,94.0,-0.78448445344988,6.130847412079981,50.13002430361472,0.0406322488243504,0.12216805484039778,-0.024641985661553532,0.009809337736899562,0.029870437551286627,-0.005953260368223074
safe_graph_adp,96.0,-0.6838295475662488,6.431843897318418,50.069277698233876,0.0600655105960249,0.17881377297465123,-0.03610459380093618,0.009378925078743671,0.028436736671165835,-0.005667174546773968
safe_graph_adp,98.0,-0.5449288539227322,6.843181331547624,49.98617828107722,0.07887586050516252,0.2325094736587764,-0.04699478790023741,0.00894217273525963,0.027004997955014293,-0.005381059709618801
safe_graph_adp,100.0,-0.36905392054234215,7.358966519339592,49.881870991572356,0.0970375777995202,0.2832620157647485,-0.05731245710052868,0.0084990829426019,0.025575250087818715,-0.005094917321654052
safe_graph_adp,102.0,-0.1575277110107965,7.973320156719174,49.757500985003446,0.11452496773382785,0.33107843185383656,-0.06705749640425852,0.008049657969372417,0.024147521744372753,-0.004808748847917254
safe_graph_adp,104.0,0.08827544799337955,8.680377178403607,49.614213620787666,0.1313123620257029,0.3759659280371978,-0.07622980667605721,0.007593900116609006,0.022721841589130192,-0.004522555753579496
safe_graph_adp,106.0,0.36692992008032804,9.474287104760874,49.45315445075007,0.1473741193113114,0.41793188383411656,-0.08482929464349645,0.007131811717773553,0.021298238276058132,-0.004236339503937928
safe_graph_adp,108.0,0.6769588134413989,10.349214388482187,49.27546920739699,0.16268462560077196,0.45698385202788805,-0.09285587289780405,0.006663395138740109,0.019876740448490377,-0.003950101564408251
safe_graph_adp,110.0,1.0168340360522372,11.299338760963874,49.08230379218805,0.17721829473329842,0.49312955851934837,-0.10030945989453353,0.0061886527777827395,0.018457376738980687,-0.0036638434005172218
safe_graph_adp,112.0,1.3849763517858917,12.31885557839399,48.87480426380689,0.1909495688320771,0.5263769021780524,-0.10718997995418877,0.005707587065563272,0.017040175769156236,-0.0033775664778951404
safe_graph_adp,114.0,1.7797554374354085,13.40197616753892,48.65411682643066,0.20385291875887482,0.5567339546911008,-0.11349736326280352,0.005220200465118825,0.015625166149571088,-0.00309127226226835
safe_graph_adp,116.0,2.1994899406453685,14.542928171225295,48.42138781799844,0.2159028445683739,0.5842089604096166,-0.11923154587247592,0.004726495471849219,0.014212376479559644,-0.002804962219451739
safe_graph_adp,118.0,2.642447538751819,15.735955893512498,48.177763698478635,0.22707387596222958,0.6088103361928745,-0.12439246970185804,0.00422647461350419,0.012801835347090257,-0.002518637815341224
safe_graph_adp,120.0,3.106844998530038,16.975320644551104,47.924391038135354,0.23734057274284653,0.6305466712500828,-0.12898008253660026,0.0037201404501704463,0.011393571328618884,-0.0022323005159062556
safe_graph_adp,122.0,3.5908482368495678,18.255301085122518,47.66241650579408,0.24667752526686995,0.6494267269798193,-0.13299433802975066,0.0032074955742585724,0.00998761298894271,-0.001945951787182305
safe_graph_adp,124.0,4.092572382235943,19.57019357085515,47.392986857106465,0.25505935489838766,0.6654594368071239,-0.13643519570210938,0.002688542610489737,0.008583988881053974,-0.0016595930952633632
safe_graph_adp,126.0,4.610081837338527,20.91431249611243,47.117248922814554,0.26246071446183894,0.6786539060182485,-0.13930262094253787,0.0021632842158822757,0.007182727545993732,-0.0013732259062944315
safe_graph_adp,128.0,5.141390342303875,22.28199063754798,46.836349597014355,0.2688562886946263,0.6890194115930645,-0.14159658500822309,0.001631723079738071,0.005783857512705724,-0.0010868516864640156
safe_graph_adp,130.0,5.684461039054017,23.667579497323267,46.55143582541898,0.2742207946994263,0.6965654020351323,-0.14331706502489666,0.0010938619236287883,0.004387407297890325,-0.0008004719019966177
safe_graph_adp,132.0,6.237206536469053,25.06544964598305,46.263654593621375,0.27852898239619495,0.7013014971994314,-0.14446404398700907,0.0005497035013819446,0.0029934054058585527,-0.0005140880191452334
safe_graph_adp,134.0,6.797488976473462,26.469991064983954,45.97415291535676,0.2817556349738645,0.7032374881177539,-0.14503751075785853,-7.494009331924373e-07,0.0016018803283860913,-0.0002277015041838382
safe_graph_adp,136.0,7.363120101025482,27.87561348887149,45.68407782076483,0.2838755693417271,0.7023833368217635,-0.14503746006967513,-0.0005574939650198757,0.00021286054456744967,5.868617660011177e-05
safe_graph_adp,138.0,7.931861320008946,29.27674674710087,45.39457634465183,0.2848636365805013,0.6987491761637198,-0.1444638925236596,-0.0011205273403682979,-0.001173625479329878,0.00034507355691319654
safe_graph_adp,140.0,8.501423780026931,30.667841105496922,45.10679551475267,0.284694722393078,0.6923453096348715,-0.1433168145899772,-0.0016898466442701896,-0.002557549290011141,0.0006314591704635296
safe_graph_adp,142.0,9.06946843409657,32.04336760734848,44.82188233999298,0.2833437475549415,0.6831822111815187,-0.14159623860770654,-0.002265448961833582,-0.003938882447300019,0.000917841550968271
safe_graph_adp,144.0,9.633606112244385,33.39781841413256,44.54098379875143,0.2807856683642613,0.6712705250187463,-0.1393021827847433,-0.002847331345997726,-0.005317596524284237,0.001204219232161136
safe_graph_adp,146.0,10.19139759300146,34.72570714586366,44.265246827122176,0.2769954770916516,0.6566210654418304,-0.1364346711976588,-0.0034354908175481917,-0.006693663107461089,0.0014905907477999018
safe_graph_adp,148.0,10.740353675797815,36.02156922106358,43.995818307177736,0.2719482024295942,0.6392448166353191,-0.13299373379151375,-0.004029924365132104,-0.00806705379688296,0.0017769546316739066
safe_graph_adp,150.0,11.277935254255267,37.27996219634706,43.73384505523222,0.26561890994152015,0.6191529324797891,-0.12897940637962657,-0.004630628945273574,-0.009437740206302671,0.0020633094176115687
safe_graph_adp,152.0,11.801553390378121,38.49546610561859,43.48047381010508,0.2579827025105472,0.5963567363562806,-0.12439173064329706,-0.005237601482389279,-0.010805693963318878,0.0023496536394878855
safe_graph_adp,154.0,12.308569389640986,39.66268379887582,43.23685122138548,0.24901472078786885,0.5708677209484115,-0.1192307541314847,-0.00585083886880421,-0.012170886709521283,0.0026359858312319413
safe_graph_adp,156.0,12.796294876973018,40.77624128061482,43.004123837697314,0.23869014364079041,0.5426975480421725,-0.11349653026044208,-0.006470337964767576,-0.013533290100635868,0.0029223045268344156
safe_graph_adp,158.0,13.261991873637873,41.83078804783267,42.78343809496506,0.22698418860040923,0.5118580483234056,-0.10718911831330317,-0.007096095598468892,-0.01489287580667,0.0032086082603550864
safe_graph_adp,160.0,13.702872875008671,42.82099742762263,42.57594030468044,0.2138721123089341,0.4783612211729676,-0.10030858343962662,-0.007728108566054203,-0.016249615512057468,0.0034948955659303373
safe_graph_adp,162.0,14.116100929237225,43.741566914357385,42.38277664217007,0.19932921096664066,0.4422192344595791,-0.09285499665489393,-0.008366373631642502,-0.017603480915803483,0.003781164977780663
safe_graph_adp,164.0,14.498789716816821,44.58721850645564,42.205093134864185,0.18333082077845841,0.4034444243303632,-0.08482843483996265,-0.009010887527342288,-0.01895444373162956,0.004067415030218173
safe_graph_adp,166.0,14.848003631037798,45.35269904272748,42.04403565056643,0.16585231840018574,0.3620492949990733,-0.07622898074047453,-0.009661646953268304,-0.020302475688118354,0.0043536442576540945
safe_graph_adp,168.0,15.160757859335181,46.03278053829389,41.900749885724956,0.1468691213843288,0.3180465185320135,-0.06705672296621859,-0.010318648577558423,-0.021647548528858383,0.004639851194606281
safe_graph_adp,170.0,15.434018465527611,46.62226052007582,41.7763813537048,0.12635668862556043,0.2714489346316527,-0.0573117559904492,-0.010981889036390722,-0.02298963401258874,0.0049260343757067115
safe_graph_adp,172.0,15.664702472946816,47.11596236184814,41.67207537306166,0.10429052080579515,0.2222695504179345,-0.04699418014915913,-0.011651364934000685,-0.024328703913343658,0.00521219233570899
safe_graph_adp,174.0,15.849677948456836,47.508735618853954,41.588977055817196,0.08064616083887642,0.1705215402072847,-0.03610410164030757,-0.012327072842698612,-0.02566473002059703,0.005498323609495858
safe_graph_adp,176.0,15.985764087362243,47.79545636197459,41.5282312957359,0.05539919431487213,0.11621824528931846,-0.02464163252300311,-0.013009009302887143,-0.026997684139406862,0.005784426732086684
safe_graph_adp,178.0,16.069731299204545,47.971027511450714,41.49098275660367,0.02852524994397441,0.05937317370124913,-0.012606890716641775,-0.013697170823078997,-0.028327538090559597,0.006070500238644975
safe_graph_adp,180.0,16.098301294445992,48.030379170150006,41.47837586050813,1.734723475976807e-17,2.7755575615628914e-16,-3.469446951953614e-18,-0.01439155387991483,-0.02965426371071443,0.006356542664485863
safe_graph_adp,182.0,16.116800330412318,48.01791651921338,41.360683015282234,0.0184896492453296,-0.01247659664570862,-0.11769279501065047,0.009197083747341425,-0.006217369130438054,-0.058793355793327874
safe_graph_adp,184.0,16.17136118692261,47.980957445027336,41.012945911581475,0.03606221174055362,-0.02449573154214693,-0.23004416032339953,0.008766113947801751,-0.005947839114570958,-0.05612293995683089
safe_graph_adp,186.0,16.26015476270669,47.920424908218585,40.445848563288536,0.05272276343355841,-0.03604937138963797,-0.3370529460098629,0.008336502954063019,-0.005676361833048526,-0.0534522367731355
safe_graph_adp,188.0,16.38136213506915,47.837257900693494,39.67007722944225,0.06847640693758078,-0.047129518228324896,-0.43871805684321225,0.007908252965716256,-0.005402943440080763,-0.05078125991613474
safe_graph_adp,190.0,16.533174613124256,47.73241137481803,38.69632030482605,0.08332827143539978,-0.05772820957850426,-0.535038452306585,0.007481366175384212,-0.00512759009981608,-0.048110023061122845
safe_graph_adp,192.0,16.713793790839016,47.60685617231754,37.53526821054002,0.09728351258328026,-0.067837518580462,-0.6260131466010738,0.007055844768710101,-0.004850307986309747,-0.04543853988472518
safe_graph_adp,194.0,16.9214315998839,47.46157895289738,36.19761328455733,0.11034731241466915,-0.07744955413381101,-0.7116412086532966,0.006631690924346437,-0.004571103283492271,-0.04276682406482836
safe_graph_adp,196.0,17.15431036229067,47.29758212258533,34.69404967226601,0.12252487924364504,-0.08655646103632893,-0.7919217621225456,0.006208906813943862,-0.004289982185137739,-0.040094889280510054
safe_graph_adp,198.0,17.410662842916896,47.115883761796866,33.035273216996856,0.1338214475681221,-0.0951504201222951,-0.8668539854075166,0.005787494602140047,-0.004006950894832108,-0.037422749211969024
safe_graph_adp,200.0,17.688732301716623,46.91751755312423,31.231981350538202,0.14424227797280897,-0.10322364840032533,-0.9364371116526171,0.005367456446548587,-0.0037220156259414384,-0.034750417540455124
safe_graph_adp,202.0,17.986772545816713,46.70353270885038,29.29487298363862,0.15379265703192388,-0.11076839919070337,-1.0006704287538553,0.00494879449774797,-0.0034351826015800884,-0.032077907948199175
safe_graph_adp,204.0,18.303047981398368,46.47499389818874,27.234648396498173,0.1624778972116662,-0.11777696226220784,-1.059553279364307,0.004531510899270555,-0.0031464580545788445,-0.029405234118342928
safe_graph_adp,206.0,18.63583366538336,46.23298117424982,25.0620091292492,0.17030333677244608,-0.12424166396843338,-1.1130850608991638,0.004115607787591609,-0.0028558482274530163,-0.026732409734869053
safe_graph_adp,208.0,18.983415356924475,45.97858990073568,22.787657872427403,0.17727433967087242,-0.13015486738360496,-1.1612652255403597,0.0037010872921183565,-0.002563359372370467,-0.024059448482531033
safe_graph_adp,210.0,19.344089568699705,45.7129306783633,20.42229835743411,0.18339629546150024,-0.13550897243788407,-1.2040932802407776,0.0032879515351790876,-0.002268997751119614,-0.021386364046783124
safe_graph_adp,212.0,19.716163618009666,45.43712927101785,17.97663524699054,0.18867461919833847,-0.14029641605216542,-1.2415687867280343,0.0028762026320122815,-0.0019727696350773575,-0.018713170113710285
safe_graph_adp,214.0,20.097955677677827,45.152326531636845,15.461374025584945,0.1931147513361187,-0.14450967227236342,-1.2736913615078467,0.0024658426907557896,-0.0016746813051769774,-0.016039880369958077
safe_graph_adp,216.0,20.487794826753014,44.85967832782625,12.88722088991339,0.19672215763132608,-0.1481412524031869,-1.3004606758669757,0.002056873812436023,-0.001374739051875973,-0.013366508502662612
safe_graph_adp,218.0,20.88402110101375,44.56035546720958,10.264882639315113,0.19950232904299312,-0.1511837051414009,-1.3218764558757503,0.0016492980909572122,-0.0010729491751238609,-0.010693068199380477
safe_graph_adp,220.0,21.284985543273944,44.25554362251094,7.605066566203231,0.2014607816332571,-0.15362961670857456,-1.3379384823901714,0.0012431176130906904,-0.0007693179843299114,-0.008019573148018655
safe_graph_adp,222.0,21.68905025348945,43.94644325637312,4.918480346491668,0.20260305646768223,-0.1554716109833139,-1.3486465910535934,0.0008383344584641788,-0.00046385179833084494,-0.005346037036764416
safe_graph_adp,224.0,22.09458843866506,43.63426954591173,2.2158319300191405,0.2029347195153473,-0.15670234963297813,-1.354000672297987,0.0004349506995511764,-0.00015655694535849545,-0.002672473554015266
safe_graph_adp,226.0,22.499984462561397,43.32025230700641,-0.4921705690289624,0.20246136154869976,-0.15731453224487854,-1.35400067134478,3.2968401660328777e-05,0.0001525602369926113,1.1036116911306015e-06
safe_graph_adp,228.0,22.903633895201338,43.00563591833019,-3.1948189816999624,0.2011885980431769,-0.15730089645695883,-1.3486465882052785,-0.000367610377075148,0.0004634934017976941,0.0026746807717470955
safe_graph_adp,230.0,23.3039435621754,42.69167924511797,-5.881405193853695,0.19912206907659535,-0.15665421808795557,-1.3379384776806655,-0.0007667835857079971,0.0007762361928342127,0.00534824423754493
safe_graph_adp,232.0,23.6993315937457,42.37965556267522,-8.541221255741887,0.19626743922830953,-0.15536731126703782,-1.3218764493615818,-0.0011645491804874184,0.0010907822446144149,0.008021780320547081
safe_graph_adp,234.0,24.088227473747985,42.07085247962793,-11.16355949158628,0.19263039747814004,-0.15343302856292457,-1.3004606676272832,-0.001560905124869546,0.0014071251824179264,0.010695275332356181
safe_graph_adp,236.0,24.469072088291302,41.76657186091484,-13.737712609154647,0.18821665710507282,-0.1508442611124791,-1.2736913516443786,-0.0019558493895278643,0.0017252586223243877,0.013368715584785161
safe_graph_adp,238.0,24.840317774254842,41.468129750522984,-16.252973809333856,0.18303195558573007,-0.14759393874877902,-1.2415687753651479,-0.0023493799523635994,0.002045176171246139,0.016042087389927295
safe_graph_adp,240.0,25.20042836758148,41.176856293967674,-18.69863689569916,0.1770820544926136,-0.14367503012866079,-1.2040932675254372,-0.002741494798516077,0.0023668714269609557,0.018715377060226322
safe_graph_adp,242.0,25.547879251367593,40.89409566051786,-21.063996384078848,0.17037273939212183,-0.1390805428597377,-1.1612652116421356,-0.0031321919203730337,0.002690337978144828,0.021388570908546498
safe_graph_adp,244.0,25.88115740374867,40.62120596516802,-23.33834761211344,0.16290981974234106,-0.13380352362689021,-1.1130850460102302,-0.0035214693175808966,0.0030155694044047797,0.02406165524824269
safe_graph_adp,246.0,26.198761445580296,40.359559190357594,-25.51098684880856,0.15469912879061196,-0.12783705831822748,-1.0595532636994405,-0.003909324997055029,0.003342559276311746,0.02673461639323045
safe_graph_adp,248.0,26.499201687914034,40.11054110743899,-27.57121140408066,0.1457465234708723,-0.1211742721505189,-1.0006704125504324,-0.00429575697298993,0.003671301155433496,0.029407440658056068
safe_graph_adp,250.0,26.781000179267775,39.87555119789532,-29.508319738294755,0.1360578843007767,-0.11380832979409476,-0.9364370951706121,-0.004680763266869404,0.004001788594367587,0.032080114357966656
safe_graph_adp,252.0,27.0426907526901,39.656002574308815,-31.31161157179332,0.1256391152785943,-0.10573243549721473,-0.8668539689294983,-0.005064341907476689,0.004334015136774383,0.03475262380898024
safe_graph_adp,254.0,27.282819072618214,39.45332190108105,-32.970387994415525,0.11449614377988537,-0.09693983320990314,-0.7919217459536749,-0.005446490930904552,0.004667974317410105,0.03742495532795575
safe_graph_adp,256.0,27.499942681529035,39.26894931490603,-34.47395157500592,0.10263492045395756,-0.08742380670725003,-0.7116411931213231,-0.0058272083805653435,0.005003659662159939,0.04009709523266315
safe_graph_adp,258.0,27.692631046382942,39.104338344997245,-35.811606470911826,0.09006141912010289,-0.07717767971217676,-0.6260131320563329,-0.006206492307201011,0.005341064688071178,0.04276902984185345
safe_graph_adp,260.0,27.8594656048598,38.96095583306967,-36.97265853746845,0.07678163666361634,-0.06619481601766519,-0.5350384391219938,-0.006584340768893084,0.0056801829033864175,0.04544074547532878
safe_graph_adp,262.0,27.999039811386805,38.840281853077876,-37.946415437471025,0.06280159293159682,-0.05446861960844935,-0.438718045414266,-0.006960751831072615,0.006021007807576793,0.0481122284540124
safe_graph_adp,264.0,28.109959182957702,38.74380963071131,-38.72218675063305,0.04812733062853157,-0.04199253478216844,-0.3370529367546308,-0.007335723566530086,0.006363532891375258,0.05078346510001875
safe_graph_adp,266.0,28.190841344742964,38.67304546264778,-39.28928408302979,0.03276491521166495,-0.028760046269980234,-0.23004415368252062,-0.007709254055425268,0.006707751636809921,0.0534544417367235
safe_graph_adp,268.0,28.2403160754905,38.62950863556626,-39.63702117652626,0.016720434786152268,-0.014764679356633718,-0.11769279144732903,-0.008081341385297066,0.0070536575172374045,0.05612514468883356
safe_graph_adp,270.0,28.25702535271644,38.61473134492013,-39.754714018188764,-1.1102230246251565e-16,7.979727989493313e-17,-7.771561172376096e-16,-0.008451983651073289,0.00740124399737627,0.058795560282457075
safe_graph_adp,272.0,28.226970757107537,38.559315862501556,-39.7696176988297,-0.030096413758536472,-0.055392782375548164,-0.014903674282128018,-0.015093979379969213,-0.027730393955033766,-0.007502729156391708
safe_graph_adp,274.0,28.137768277046128,38.39580911973328,-39.81365235298783,-0.05914592859353224,-0.10809204996707283,-0.029130961088029088,-0.014448009428795592,-0.026450554507123213,-0.007164573282827555
safe_graph_adp,276.0,27.991534561532852,38.12958750219243,-39.88546505892569,-0.08712569868330214,-0.15810846399680728,-0.04268171420997392,-0.013796476153261598,-0.025173650964232592,-0.006826380726935961
safe_graph_adp,278.0,27.790431912433906,37.76600591934392,-39.98370260941715,-0.11401291704142474,-0.20545283932544697,-0.05555579436712016,-0.013139382889191444,-0.02389970849546324,-0.006488153220249224
safe_graph_adp,280.0,27.53666820640901,37.3103974974702,-40.10701152560225,-0.13978481591818206,-0.2501361442451721,-0.0677530692065834,-0.012476733000876242,-0.022628752254755875,-0.0061498924944785975
safe_graph_adp,282.0,27.23249681603689,36.76807327301703,-40.25403807084413,-0.16441866720162623,-0.2921695002705968,-0.07927341330445498,-0.011808529881056806,-0.02136080738076187,-0.005811600281505406
safe_graph_adp,284.0,26.880216530138973,36.14432188635944,-40.42342826458794,-0.18789178281826954,-0.3315641819276469,-0.09011670816676656,-0.011134776950906283,-0.020095898996714524,-0.005473278313372197
safe_graph_adp,286.0,26.48217147330212,35.44440927599197,-40.61382789622165,-0.21018151513339423,-0.3683316165403679,-0.10028284223040156,-0.010455477660012594,-0.018834052210300416,-0.0051349283222738564
safe_graph_adp,288.0,26.04075102460108,34.67357837314742,-40.82388253893862,-0.2312652573509787,-0.4024833840156649,-0.1097717108639532,-0.00977063548636084,-0.017575292113530885,-0.004796552040548748
safe_graph_adp,290.0,25.558389735521516,33.83704879684814,-41.05223756360182,-0.25112044391323646,-0.43403121662597705,-0.11858321636852953,-0.009080253936315442,-0.016319643782613514,-0.004458151200669848
safe_graph_adp,292.0,25.037567247084326,32.94001654939404,-41.297538152609626,-0.26972455089976466,-0.4629869987898875,-0.12671726797850508,-0.008384336544602205,-0.01506713227782379,-0.004119727535235863
safe_graph_adp,294.0,24.48080820617205,31.987653712291483,-41.55842931376304,-0.287055096426298,-0.48936276685067187,-0.13417378186221926,-0.007682886874290218,-0.013817782643376783,-0.0037812827769623638
safe_graph_adp,296.0,23.890682181058185,30.98510814262709,-41.83355589413431,-0.3030896410430656,-0.5131707088527859,-0.14095268112262166,-0.006975908516773627,-0.012571619907298898,-0.003442818658672922
safe_graph_adp,298.0,23.269803576140188,29.937503169890654,-42.12156259393669,-0.3178057881327462,-0.534423164316296,-0.14705389579786388,-0.006263405091753219,-0.01132866908129977,-0.0031043369132902282
safe_graph_adp,300.0,22.62083154587695,28.84993729325124,-42.42109398039545,-0.33118118430801885,-0.5531326240092521,-0.15247736286183836,-0.005545380247217916,-0.010088955160644151,-0.002765839273827223
safe_graph_adp,302.0,21.946469907931593,27.72748387929061,-42.730794501619805,-0.3431935198087059,-0.5693117297180084,-0.15722302622466375,-0.004821837659426089,-0.008852503124023987,-0.0024273274733782255
safe_graph_adp,304.0,21.249467055520405,26.575190860198035,-43.049308500475824,-0.35382052889850374,-0.5829732740154898,-0.16129083673311712,-0.004092781032886718,-0.007619337933430512,-0.0020888032451100574
safe_graph_adp,306.0,20.532615868968694,25.39808043243065,-43.375280228460134,-0.3630399902612991,-0.5941302000274105,-0.16468075217101286,-0.003358214100340452,-0.006389484534026443,-0.001750268322253173
safe_graph_adp,308.0,19.798753626474454,24.2011487558434,-43.70735385957431,-0.3708297273970661,-0.6027956011964426,-0.16739273725952836,-0.0026181406227404795,-0.005162967854018238,-0.001411724438092777
safe_graph_adp,310.0,19.050761914080653,22.989365653292698,-44.044173504199904,-0.37716760901734214,-0.6089827210443401,-0.16942676365747636,-0.001872564389233281,-0.003939812804528508,-0.0010731733259599597
safe_graph_adp,312.0,18.291566534856987,21.767674310717897,-44.38438322297391,-0.3820315494402777,-0.6127049529320185,-0.17078280996152415,-0.0011214892171392318,-0.002720044279468435,-0.0007346167192228163
safe_graph_adp,314.0,17.524137417291968,20.54099097770462,-44.726627040664674,-0.38539950898525716,-0.6139758398175928,-0.17146086170635932,-0.0003649189519330377,-0.0015036871554103429,-0.000396056351277577
safe_graph_adp,316.0,16.751488522896206,19.314204668534067,-45.06954896004804,-0.38724949436708767,-0.6128090740123759,-0.17146091136480246,0.00039714253277592414,-0.00029076629146031815,-5.749395553972681e-05
safe_graph_adp,318.0,15.976677753017746,18.092176863722365,-45.411792975783676,-0.3875595590897517,-0.6092184969348394,-0.1707829583478663,0.0011646913352634668,0.0009186934708690792,0.0002810687345648679
safe_graph_adp,320.0,15.202806854870326,16.87974121205402,-45.75200308829148,-0.3863078038397206,-0.6032180988625395,-0.16942700900476187,0.001937723525710545,0.002124667307785969,0.0006196299856088298
safe_graph_adp,322.0,14.433021326775473,15.681703233113579,-46.08882331762793,-0.383472376878825,-0.5948220186820092,-0.16739307662285122,0.0027162351462233928,0.0033271304133462827,0.0009581880641721524
safe_graph_adp,324.0,13.670510322619283,14.502840020319491,-46.42089771736229,-0.37903147443667956,-0.5840445436366202,-0.16468118142754684,0.0035002222108537814,0.004526057999580763,0.0012967412368510714
safe_graph_adp,326.0,12.918506555524818,13.347899944464322,-46.74687038845257,-0.37296334110265733,-0.5709001090724154,-0.16129135058215802,0.004289680705619434,0.005721425296621849,0.0016352877702669431
safe_graph_adp,328.0,12.180286200740994,12.221602357765303,-47.06538549312112,-0.3652462702174115,-0.5554032981819157,-0.15722361818768366,0.005084606588524557,0.006913207552830531,0.0019738259310751113
safe_graph_adp,330.0,11.459168797748887,11.128637298429298,-47.37508726872974,-0.3558586042639406,-0.5375688417459019,-0.15247802528255194,0.005884995789580566,0.008101380034923061,0.002312353985973791
safe_graph_adp,332.0,10.75851715158637,10.073665195736229,-47.674620041654244,-0.3447787352581934,-0.5174116178731748,-0.1470546198423068,0.0066908442108268955,0.009285918028097593,0.0026508702017129368
safe_graph_adp,334.0,10.081737233391992,9.061316575645002,-47.96262824115832,-0.33198510513921065,-0.49494665173829594,-0.140953456779241,0.007502147726351995,0.010466796836160714,0.0029893728451031226
safe_graph_adp,336.0,9.43227808016906,8.096191766925967,-48.23775641326663,-0.3174562061587998,-0.4701891153173104,-0.1341745979419761,0.008318902182314451,0.011643991781653894,0.0033278601830244083
safe_graph_adp,338.0,8.813631693770821,7.182860607823954,-48.49864923463699,-0.3011705812707397,-0.44315432712145486,-0.1267181121149889,0.009141103396964256,0.012817478205979824,0.003666330482435221
safe_graph_adp,340.0,8.229332939107719,6.325862153255892,-48.74395152643155,-0.28310682451951114,-0.41385775192885293,-0.11858407501808495,0.009968747160664213,0.013987231469528691,0.00400478201038122
safe_graph_adp,342.0,7.682959441577663,5.529704382547069,-48.9723082681869,-0.26324358142855087,-0.3823150005141997,-0.10977256930581857,0.010801829235911496,0.015153226951804299,0.00434321303400418
safe_graph_adp,344.0,7.178131483720272,4.798863907710012,-49.182364611682914,-0.2415595493880247,-0.34854182937643857,-0.10028368456685971,0.011640345357359335,0.016315440051550154,0.004681621820550849
safe_graph_adp,346.0,6.718511901096054,4.137785682270029,-49.37276589481032,-0.21803347804211667,-0.3125541404644325,-0.0901175173233076,0.012484291231838876,0.01747384618687539,0.0050200066373818335
safe_graph_adp,348.0,6.30780597739149,3.550882710641412,-49.542157655436824,-0.192644169675831,-0.2743679809006314,-0.07927417102995102,0.013333662538381134,0.018628420795380667,0.005358365751980464
safe_graph_adp,350.0,5.949761338751008,3.0425357580583032,-49.6891856452717,-0.1653704796013033,-0.2339995427027395,-0.06775375607347553,0.014188454928239131,0.0197791393342839,0.0056966974319616615
safe_graph_adp,352.0,5.6481678473368335,2.617093061064227,-49.812495843728726,-0.13619131654361746,-0.19146516250338344,-0.0555563897716173,0.015048664024910166,0.020925977280545915,0.006034999945080815
safe_graph_adp,354.0,5.406857494117691,2.2788700385642837,-49.91073447178742,-0.10508564302612526,-0.1467813212677849,-0.04268219637226381,0.01591428542415822,0.022068910130996038,0.006373271559242644
safe_graph_adp,356.0,5.229704290887378,2.0321490034439877,-49.98254800585238,-0.07203247575526475,-0.09996464400943958,-0.02913130705250127,0.016785314694036487,0.023207913402457512,0.006711510542510073
safe_graph_adp,358.0,5.1206241615142,1.881178874758744,-50.02658319161068,-0.0370108860048745,-0.05103189950380506,-0.014903859917608916,0.017661747374910094,0.02434296263187287,0.007049715163113089
safe_graph_adp,360.0,5.0835748324222845,1.8301748904979336,-50.04148705788722,-6.938893903907228e-17,-1.734723475976807e-16,-1.734723475976807e-18,0.01854357897947892,0.02547403337642919,0.007387883689457623
safe_graph_adp,362.0,5.05072784057075,1.8951913816597485,-50.01545287206159,-0.0327979769313345,0.06504122884278794,0.026034174717789224,-0.016492024663035842,0.032483452430141946,0.012953045838450895
safe_graph_adp,364.0,4.954166685232021,2.08753145130559,-49.93853187100477,-0.06371632697836391,0.12732216078649877,0.05088679351965097,-0.015696011207047326,0.031031219900671012,0.012362334023381282
safe_graph_adp,366.0,4.797623982693318,2.4016588658273066,-49.81308742139059,-0.09278169462585314,0.18682717611759886,0.07455760257197591,-0.014906819006399952,0.02957540047203161,0.011771558913658005
safe_graph_adp,368.0,4.584779010309499,2.8320063346008832,-49.64148338546,-0.12002077425205172,0.24354083757137265,0.09704636014145762,-0.014124452101726089,0.02811602502274309,0.011180723534025893
safe_graph_adp,370.0,4.319257607202159,3.3729758751455314,-49.42608409681861,-0.14546030964256756,0.297447890593027,0.11835283659694745,-0.013348914498712859,0.026653124449531534,0.010589830909538358
safe_graph_adp,372.0,4.004632075931426,4.018939178802488,-49.1692543362306,-0.1691270935037827,0.3485332635962786,0.13847681441121643,-0.01258021016808164,0.02518672966717145,0.009998884065541903
safe_graph_adp,374.0,3.6444210851413796,4.764237976928469,-48.873359307409196,-0.1910479669758151,0.3967820682194219,0.15741808816262418,-0.011818343045567736,0.023716871608327604,0.009407886027660642
safe_graph_adp,376.0,3.2420895731800066,5.603184407598742,-48.54076461280391,-0.21124981914503133,0.4421795995788751,0.17517646453669486,-0.011063317031900208,0.022243581223396574,0.00881683982178078
safe_graph_adp,378.0,2.8010486526945613,6.53006138281476,-48.173836229384726,-0.22975958655611353,0.48471133652020204,0.19175176232760024,-0.010315135992781922,0.020766889480348324,0.00822574847403516
safe_graph_adp,380.0,2.3246555162032463,7.539122956211319,-47.77494048442339,-0.2466042527236859,0.5243629418666081,0.20714381243954966,-0.009573803758869754,0.01928682736456763,0.007634615010787741
safe_graph_adp,382.0,1.8162133426440712,8.624594691258176,-47.34644403127203,-0.2618108476435044,0.5611202626649077,0.22135245788808702,-0.008839324125754961,0.017803425878695416,0.007043442458618113
safe_graph_adp,384.0,1.2789712049017665,9.780674029951074,-46.89071382513928,-0.27540644730321395,0.5949693304289606,0.23437755380129494,-0.00811170085394376,0.016316716042470106,0.006452233844305993
safe_graph_adp,386.0,0.7161239783136117,11.001530661987104,-46.41011709886408,-0.28741817319267815,0.6258963613805765,0.24621896742090554,-0.007390937668838086,0.014826728892568674,0.005860992194815742
safe_graph_adp,388.0,0.13081225015502862,12.281306894419348,-45.90702133868734,-0.29787319181388466,0.6538877566878843,0.2568765781033187,-0.0066770382607164915,0.013333495482447867,0.005269720537280864
safe_graph_adp,390.0,-0.4738777698942167,13.614118021785716,-45.383794260021695,-0.3067987141904317,0.6789301027011648,0.26635027732052685,-0.005970006284715274,0.01183704688218513,0.004678421898988492
safe_graph_adp,392.0,-1.0949143383023685,14.994052696706914,-44.84280378321942,-0.314221995376599,0.701010171186144,0.2746399686609469,-0.005269845360809753,0.010337414178319545,0.0040870993073639
safe_graph_adp,394.0,-1.729320265255767,16.41517330094846,-44.28641800933892,-0.3201703339660085,0.7201149195547458,0.28174556783015936,-0.004576559073795737,0.00883462847369269,0.0034957557899550178
safe_graph_adp,396.0,-2.374173001245848,17.871516316941662,-43.71700519590964,-0.32467107159987807,0.7362314910933025,0.28766700265155387,-0.0038901509732711705,0.007328720887289365,0.0029043943744168944
safe_graph_adp,398.0,-3.0266047226722472,19.357092699758464,-43.13693373269599,-0.32775159247487334,0.7493472151882189,0.2924042130668823,-0.003210624573617956,0.0058197225540783035,0.0023130180884962277
safe_graph_adp,400.0,-3.6838024164612087,20.865888249535086,-42.54857211746006,-0.3294393228505618,0.7594496075490901,0.2959571511367184,-0.002537983353983974,0.004307664624852715,0.0017216299600158538
safe_graph_adp,402.0,-4.34300796369851,22.39186398433934,-41.95428893172368,-0.32976173055647323,0.7665263704292711,0.29832578104082447,-0.0018722307582652417,0.0027925782660708246,0.001130233016859234
safe_graph_adp,404.0,-5.001518222276118,23.928956513476553,-41.35645281652969,-0.32874632449877106,0.7705653928438946,0.29951007907842514,-0.001213370195088316,0.0012744946596963027,0.0005388302869549621
safe_graph_adp,406.0,-5.6566851085517955,25.471078411228945,-40.757432448202856,-0.3264206541665389,0.7715547507853368,0.29951003366838785,-0.0005614050377928156,-0.00024655499696139946,-5.257520173873771e-05
safe_graph_adp,408.0,-6.305915678020909,27.012118591023402,-40.1595965141105,-0.32281230913768655,0.7694827074361277,0.2983256453493105,8.366137558584244e-05,-0.0017705394914067757,-0.0006439804212495168
safe_graph_adp,410.0,-6.94667220499967,28.545942680022524,-39.56531368842299,-0.3179489185844797,0.7643377133793063,0.29595692677951585,0.0007218257423335266,-0.003297427596118057,-0.0012353823436064056
safe_graph_adp,412.0,-7.576472261319053,30.0663933941338,-38.97695260787443,-0.3118581507786982,0.7561084068062163,0.29240390273695305,0.0013530847950743114,-0.00482718806870712,-0.0018267779408553102
safe_graph_adp,414.0,-8.192888794028677,31.567290913431826,-38.39688184752356,-0.30456771259642657,0.7447836137217418,0.28766661011900585,0.0019774353017872007,-0.006359789652079418,-0.0024181641850745325
safe_graph_adp,416.0,-8.793550202109895,33.04243325798844,-37.827469896515154,-0.2961053490224812,0.730352348146982,0.28174509794220803,0.002594874065822683,-0.007895201074594047,-0.0030095380483902544
safe_graph_adp,418.0,-9.376140412197376,34.48559666410564,-37.271085133842114,-0.2864988426544793,0.7128038123193607,0.27463942734186575,0.0032053979259190806,-0.009433391050223835,-0.003600896502992043
safe_graph_adp,420.0,-9.938398953308482,35.89053596094614,-36.73009580410836,-0.27577601320655293,0.6921273968901719,0.2663496715715865,0.00380900375621875,-0.010974328278715513,-0.004192236521148366
safe_graph_adp,422.0,-10.47812103057971,37.25098494755646,-36.2068699932928,-0.2639647170127132,0.6683126811195566,0.2568759160027155,0.004405688466284087,-0.012517981445750016,-0.004783555075222084
safe_graph_adp,424.0,-10.993157598009518,38.56065677027743,-35.70377560451448,-0.25109284652986863,0.6413494330689118,0.24621825812367854,0.004995449001113343,-0.014064319223102757,-0.005374849137685945
safe_graph_adp,426.0,-11.481415430206852,39.8132443005369,-35.223180333799206,-0.23718832984050228,0.6112276097907285,0.23437680753923243,0.005578282341156261,-0.015613310268804071,-0.005966115681138103
safe_graph_adp,428.0,-11.940857193144687,41.002420513019544,-34.76745164584764,-0.22227913015501177,0.5779373575158575,0.22135168596962174,0.006154185502329557,-0.017164923227299646,-0.0065573516783176
safe_graph_adp,430.0,-12.36950151391791,42.121838864208684,-34.33895674980533,-0.20639324531371664,0.5414690118382004,0.20714302724964287,0.006723155536032172,-0.018719126729611114,-0.007148554102119881
safe_graph_adp,432.0,-12.765423049504896,43.16513367129487,-33.94006257503456,-0.18955870728853758,0.5018130978968264,0.1917509773276151,0.00728518952916039,-0.020275889393496598,-0.007739719925612279
safe_graph_adp,434.0,-13.126752554532107,44.125920491446124,-33.573135746888475,-0.17180358168435164,0.45896033055551066,0.17517569426425844,0.007840284604122736,-0.021835179823611415,-0.008330846122049523
safe_graph_adp,436.0,-13.451676948041099,44.99779650143469,-33.240542562487434,-0.1531559672400279,0.4129016145796947,0.15741734823147877,0.008388437918854725,-0.02339696661166884,-0.00892192966488923
safe_graph_adp,438.0,-13.738439379257265,45.774340877615145,-32.94464896649796,-0.13364399532914806,0.36362804481086575,0.1384761215110596,0.0089296466668334,-0.02496121833660088,-0.0095129675278074
safe_graph_adp,440.0,-13.985339292359722,46.449115176248625,-32.68782052691437,-0.11329582946041625,0.31113090633835455,0.11835220849326113,0.00946390807709171,-0.026527903564719173,-0.010103956684713918
safe_graph_adp,442.0,-14.190732490251701,47.015663714168134,-32.472422410843315,-0.09213966477776228,0.25540167466854974,0.09704581567532627,0.009991219414232694,-0.028096990849875915,-0.010694894109768033
safe_graph_adp,444.0,-14.35303119733085,47.46751394977966,-32.30081936029138,-0.07020372756014313,0.1964320158915271,0.07455716165989361,0.010511577978443482,-0.029668448733624866,-0.011285776777393865
safe_graph_adp,446.0,-14.470704121258834,47.79817686439395,-32.175375667955954,-0.04751627472104657,0.1342137868450923,0.050886477153317435,0.011024981105509127,-0.03124224574538242,-0.011876601662295889
safe_graph_adp,448.0,-14.542276513729648,48.001147343883844,-32.098455153019586,-0.02410559330770162,0.06873903527623612,0.026034004963894894,0.01153142616682624,-0.03281835040258873,-0.012467365739474424
safe_graph_adp,450.0,-14.56633023023607,48.06990456066185,-32.07242113694794,-1.734723475976807e-16,-8.326672684688674e-17,1.3183898417423734e-16,0.012030910569416445,-0.034396731210868885,-0.013058065984241123
safe_graph_adp,452.0,-14.54577748296744,48.070915656829115,-32.02324572189038,0.020553524496673123,0.0009955937923882168,0.0491753940761744,0.010331526314177737,0.0005210495890939119,0.02454666562492639
safe_graph_adp,454.0,-14.485049549761177,48.0737506417886,-31.877951281549564,0.04017511170752029,0.001824591700433586,0.09611898427282164,0.009863337530121299,0.0004832045125949683,0.02343088862106144
safe_graph_adp,456.0,-14.386010772532073,48.07808477954568,-31.641001905868684,0.05886429828102678,0.0024954498476720114,0.14083029031043287,0.00939513377342684,0.0004474782435906323,0.02231499165198785
safe_graph_adp,458.0,-14.250526391152764,48.083610248530974,-31.316862622494504,0.07662064961135553,0.003016626514146511,0.18330885476539002,0.008926917441278787,0.00041387084441491705,0.021198980431053283
safe_graph_adp,460.0,-14.080462485959455,48.09003614576161,-30.909999351061987,0.09344375984121617,0.0033965819846159652,0.2235542430734778,0.008458690930925954,0.00038238236655330405,0.020082860672190367
safe_graph_adp,462.0,-13.877685920252176,48.09708849069881,-30.424878857472155,0.10933325186446402,0.0036437783967509726,0.2615660435332199,0.007990456639669269,0.00035301285064248385,0.018966638089887425
safe_graph_adp,464.0,-13.64406428279013,48.10451022880193,-29.86596870816342,0.12428877732842938,0.0037666795893181383,0.29734386730904006,0.007522216964849501,0.0003257623264701473,0.01785031839915927
safe_graph_adp,466.0,-13.381465830282632,48.11206123477882,-29.237737224376794,0.13831001663597664,0.003773750950354125,0.330887348434247,0.007053974303834968,0.0003006308129748324,0.01673390731551785
safe_graph_adp,468.0,-13.091759429876229,48.119518315532524,-28.54465343641526,0.15139667894729344,0.003673459265330802,0.3621961438138442,0.006585731054009294,0.0002776183182458272,0.015617410554943097
safe_graph_adp,470.0,-12.776814501638471,48.126675212804315,-27.791187037897767,0.16354850218141004,0.0034742725653128283,0.3912699332271637,0.00611748961275911,0.0002567248395231293,0.014500833833853581
safe_graph_adp,472.0,-12.438500961038953,48.133342605513036,-26.98180834000807,0.17476525301744844,0.0031846599751089977,0.4181084193303246,0.0056492523774617906,0.00023795036319745953,0.013384182869077256
safe_graph_adp,474.0,-12.0786891614281,48.13934811179072,-26.120988225738852,0.18504672689560173,0.0028130915614186795,0.4427113276585155,0.005181021745473171,0.00022129486481033074,0.012267463377822214
safe_graph_adp,476.0,-11.699249836514285,48.144536290714534,-25.21319810413148,0.19439274801784326,0.002368038180974692,0.4650784066281016,0.004712800114115281,0.0002067583090541746,0.011150681077647408
safe_graph_adp,478.0,-11.30205404283978,48.148768643734975,-24.26290986451168,0.20280316934836592,0.001857971328683936,0.48520942753855595,0.004244589880664067,0.00019434064977252153,0.010033841686433339
safe_graph_adp,480.0,-10.888973102256108,48.15192361580037,-23.274595830721555,0.21027787261375144,0.0012913629857671254,0.5031041845742148,0.00377639344233712,0.0001840418299602368,0.00891695092235285
safe_graph_adp,482.0,-10.46187854439933,48.153896596177624,-22.252728715348262,0.21681676830286958,0.0006766854678989481,0.5187624948058576,0.0033082131962813956,0.0001758617817638132,0.007800014503841782
safe_graph_adp,484.0,-10.022642049165794,48.15459991896928,-21.20178157394969,0.22241979566650738,2.241127334998486e-05,0.532184198192111,0.0028400515395609533,0.0001698004264817175,0.006683038149569748
safe_graph_adp,486.0,-9.573135389188902,48.15396286332687,-20.126227759277537,0.22708692271672848,-0.0006629870688682749,0.5433691575806776,0.002371910869144672,0.00016585767456479383,0.0055660275784108065
safe_graph_adp,488.0,-9.115230372317427,48.15193165336051,-19.030540875498065,0.23081814622596233,-0.0013710371508539898,0.5523172587093877,0.0019037935818939779,0.00016403342561672227,0.0044489885094142236
safe_graph_adp,490.0,-8.650798784095919,48.14846945774489,-17.919194732410965,0.23361349172582363,-0.0020932668376597626,0.559028410207077,0.001435702074550583,0.0001643275683945332,0.0033319266617751683
safe_graph_adp,492.0,-8.181712330247748,48.143556389021455,-16.796663299666612,0.23547301350566155,-0.002821204419130344,0.5635025435942871,0.0009676387437242023,0.00016673998080917607,0.002214847754805429
safe_graph_adp,494.0,-7.709842579161311,48.13718950259705,-15.66742066098212,0.23639679461083923,-0.0035463787617319126,0.565739613283791,0.0004996059858802887,0.0001712705299261444,0.0010977575079041471
safe_graph_adp,496.0,-7.237060904379955,48.129382795438836,-14.535940968356506,0.23638494684074327,-0.004260319460371591,0.5657395965809425,3.160619732776571e-05,0.00017791907196615785,-1.9338359471487987e-05
safe_graph_adp,498.0,-6.765238427096152,48.12016720446559,-13.40669839628533,0.23543761074652325,-0.004954556990205876,0.5635024936838504,-0.0004363582257932468,0.00018668545230589664,-0.0011364341278355047
safe_graph_adp,500.0,-6.2962459586504576,48.10959060463541,-12.284167095975175,0.2335549556285615,-0.005620622858436643,0.5590283276833758,-0.0009042848875236982,0.00019756950547879443,-0.0022535240777024276
safe_graph_adp,502.0,-5.83195394303581,48.09771780672985,-11.172821149558295,0.23073717953367284,-0.006250049756093396,0.5523171445629549,-0.0013721713920978736,0.0002105710551758846,-0.0033706024896165837
safe_graph_adp,504.0,-5.374232399407689,48.08463055483448,-10.077134524307807,0.22698450925203464,-0.006834371709800425,0.5433690131982449,-0.0018400153439556617,0.00022568991424670387,-0.004487663644181367
safe_graph_adp,506.0,-4.924950864600696,48.07042752351598,-9.001581026853746,0.22229720031384692,-0.00736512423352755,0.532184025356595,-0.002307814347754824,0.00024292588470024948,-0.00560470182208855
safe_graph_adp,508.0,-4.48597833565207,48.05522431469566,-7.950634257400377,0.21667553698572273,-0.00783384448032311,0.5187622956963412,-0.002775566008383247,0.0002622787577059939,-0.006721711304147511
safe_graph_adp,510.0,-4.059183212332708,48.03915345421961,-6.928767563945081,0.2101198322668088,-0.008232071394027866,0.5031039617659253,-0.0032432679309712144,0.0002837483135949531,-0.00783868637131457
safe_graph_adp,512.0,-3.6464332396861985,48.02236438812544,-5.940453996499177,0.20263042788463642,-0.008551345860968488,0.4852091840028384,-0.00371091772090367,0.000307334321860812,-0.008955621304722248
safe_graph_adp,514.0,-3.249595450576436,48.00502347860561,-4.990166261311038,0.19420769429070261,-0.008783210861629297,0.4650781457323884,-0.004178512983832472,0.0003330365411611044,-0.010072510385708546
safe_graph_adp,516.0,-2.870536108244334,47.98731399966745,-4.082376675091847,0.18485203065578176,-0.008919211622300931,0.4427110531662919,-0.004646051325688653,0.0003608547193184483,-0.011189347895846233
safe_graph_adp,518.0,-2.511120648874188,47.96943613248995,-3.221557119244345,0.17456386486496742,-0.008950895766704596,0.4181081354010903,-0.005113530352694684,0.00039078859332183783,-0.012306128116972109
safe_graph_adp,520.0,-2.1732136241702253,47.95160696047729,-2.4121789940949165,0.16334365351244473,-0.008869813467590576,0.3912696444163903,-0.005580947671376722,0.00042283788932798876,-0.013422845331216302
safe_graph_adp,522.0,-1.8586786439438767,47.93406046400918,-1.6587131731293803,0.15119188189599325,-0.00866751759830968,0.3621958550729283,-0.0060483008885768704,0.00045700232266274177,-0.014539493821031528
safe_graph_adp,524.0,-1.5693783187123143,47.91704751488813,-0.9656299572328181,0.13810906401122025,-0.008335563884356268,0.3308870651104598,-0.006515587611465427,0.0004932815978225188,-0.015656067869222367
safe_graph_adp,526.0,-1.3071742023087904,47.90083587048366,-0.3373990289338048,0.12409574254552462,-0.007865511054881572,0.2973435951454724,-0.006982805447553139,0.0005316754084758373,-0.01677256175897454
safe_graph_adp,528.0,-1.0739267345053207,47.88571016757348,0.22151059334661283,0.10915248887179134,-0.007248920994175931,0.26156578866872354,-0.007449952004703451,0.0005721834374648769,-0.017888969773884177
safe_graph_adp,530.0,-0.8714951836482442,47.87197191588175,0.706630601040838,0.09327990304181663,-0.006477358893118641,0.22355401204260256,-0.007917024891144755,0.0006148053568071053,-0.019005286197987074
safe_graph_adp,532.0,-0.7017375893072055,47.859939491314506,1.1134934411751929,0.07647861377946383,-0.005542393400594085,0.18330865449831696,-0.00838402171548263,0.0006595408276969559,-0.020121505315787987
safe_graph_adp,534.0,-0.5665107049380926,47.849948128892244,1.4376323621045857,0.05874927847354994,-0.004435596774872815,0.14083012813290316,-0.008850940086712094,0.0007063895005075632,-0.02123762141228986
safe_graph_adp,536.0,-0.46766994056047145,47.8423499153798,1.6745814592410226,0.04009258317046313,-0.003148545034956239,0.09611886790606168,-0.009317777614229842,0.000755351014792553,-0.02235362877302311
safe_graph_adp,538.0,-0.4070693054500544,47.83751378161358,1.8198757207756158,0.020509242566511023,-0.0016728181118836152,0.0491753316368167,-0.009784531907846478,0.0008064249992878871,-0.023469521684074877
safe_graph_adp,540.0,-0.3865613508467414,47.83582549452621,1.8690510733937338,-9.020562075079397e-17,8.673617379884035e-19,1.1102230246251565e-16,-0.01025120057779877,0.0008596110719137651,-0.024585294432118265
safe_graph_adp,542.0,-0.34296772119830804,47.8239722853714,1.868496502611928,0.04358472043993209,-0.011886082673576246,-0.0005545705452077942,0.02180719912497215,-0.005893720957894017,-0.00027489314159198695
safe_graph_adp,544.0,-0.21426359958170332,47.78862780153113,1.8668579595036552,0.08511081393999506,-0.023489721978277006,-0.0010839718639585618,0.02080413077312825,-0.0056562081009710555,-0.0002623099373153444
safe_graph_adp,546.0,-0.004561481500149178,47.73037531117083,1.8641857879398704,0.12458304747412474,-0.03479254008180893,-0.0015881985597084197,0.01980246709521858,-0.005414159068176894,-0.00024972539002235833
safe_graph_adp,548.0,0.2820357333051204,47.649834803717745,1.860530342326846,0.16200624981667175,-0.04577619360135313,-0.0020672454936711865,0.018802213219720938,-0.005167580227923622,-0.00023713956414540572
safe_graph_adp,550.0,0.6414348643588714,47.54766292063596,1.855941987090634,0.19738531144549706,-0.05642237392940663,-0.0025211077848577863,0.01780337426789499,-0.004916477971815762,-0.00022455252412340937
safe_graph_adp,552.0,1.069552573761496,47.42455288555039,1.850471096161434,0.23072518444448953,-0.06671280755911864,-0.00294978081011367,0.016805955353756053,-0.00466085871461754,-0.00021196433440150852
safe_graph_adp,554.0,1.5623154893030953,47.28123443372056,1.8441680524578883,0.2620308824055061,-0.07662925640911855,-0.0033532602041542615,0.015809961584048904,-0.004400728894220048,-0.00019937505943072912
safe_graph_adp,556.0,2.1156603273808674,47.11847374086526,1.837083247371309,0.29130748032973564,-0.08615351814783308,-0.003731541859598418,0.014815398058221643,-0.004136094971608283,-0.00018678476366765326
safe_graph_adp,558.0,2.7255340157186456,46.93707335133906,1.8292670802498388,0.31856011452848737,-0.09526742651728945,-0.004084621926999914,0.01382226986839957,-0.003866963430828061,-0.00017419351157408968
safe_graph_adp,560.0,3.387893815887441,46.737872105661765,1.8207699578825514,0.34379398252340443,-0.10395285165640196,-0.004412496814876943,0.012830582099359132,-0.0035933407789528206,-0.0001616013676167433
safe_graph_adp,562.0,4.098707445625838,46.52174506740179,1.8116422939834953,0.36701434294610413,-0.11219170042373905,-0.004715163189739636,0.011840339828501883,-0.0033152335460503142,-0.00014900839626688541
safe_graph_adp,564.0,4.853953200959093,46.289603449414514,1.801934508675684,0.38822651543724485,-0.11996591671976801,-0.0049926179761156046,0.010851548125828466,-0.003032648285149166,-0.00013641466200002355
safe_graph_adp,566.0,5.649620078115802,46.04239453943673,1.7916970279750373,0.40743588054502133,-0.1272574818085745,-0.005244858356573498,0.009864212053912696,-0.002745591572205324,-0.00012382022929557132
safe_graph_adp,568.0,6.481707895240984,45.78110162503808,1.7809802832742772,0.42464787962308886,-0.1340484146390541,-0.00547188177174458,0.008878336667875585,-0.00245407000606839,-0.00011122516263651835
safe_graph_adp,570.0,7.346227413904438,45.50674391793076,1.7698347108267833,0.43986801472791737,-0.14032077216557312,-0.005673685920342324,0.007893927015359525,-0.0021580902084478363,-9.862952650909997e-05
safe_graph_adp,572.0,8.239200460403248,45.220376477638325,1.7583107512304101,0.4531018485155761,-0.14605664966809573,-0.005850268759180029,0.006910988136502397,-0.0018576588238791002,-8.603338540246738e-05
safe_graph_adp,574.0,9.156660046857283,44.92309013452484,1.7464588489112716,0.4643550041379501,-0.15123818107177459,-0.006001628503186448,0.0059295250639117844,-0.0015527825196895702,-7.343680380835697e-05
safe_graph_adp,576.0,10.094650492096562,44.61601141218538,1.7343294516074967,0.4736331651383893,-0.15584753926600242,-0.0061277636254194415,0.004949542822639189,-0.001243467985964436,-6.0839846220760705e-05
safe_graph_adp,578.0,11.049227542339354,44.30030244919896,1.721973009852959,0.4809420753467911,-0.15986693642292146,-0.0062286728570776426,0.003971046430154333,-0.0009297219355124519,-4.824257713559538e-05
safe_graph_adp,580.0,12.016458491659874,43.97716092024498,1.7094399764609856,0.48628753877411746,-0.16327862431538812,-0.006304355187510146,0.0029940408963194474,-0.0006115511038315546,-3.5645061050372875e-05
safe_graph_adp,582.0,12.99242230224445,43.6478199565843,1.6967808060080476,0.4896754195063471,-0.16606489463438995,-0.006354809864224208,0.002018531223363618,-0.0002889622490743833,-2.3047362463869355e-05
safe_graph_adp,584.0,13.973209724435034,43.313548065906055,1.6840459543174382,0.4911116415978644,-0.16820807930591242,-0.006380036392890973,0.0010445224058571886,3.803784798631408e-05,-1.0449545875795732e-05
safe_graph_adp,586.0,14.954923416558918,42.97564905154124,1.6712858779429414,0.49060218896428537,-0.16969055080725223,-0.006380034537349207,7.201943068618392e-05,0.0003694423839924164,2.1483242135330216e-06
safe_graph_adp,588.0,15.933678064543555,42.635461931044254,1.6585510336524942,0.4881531052747216,-0.17049472248277497,-0.00635480431960706,-0.0008989727229732244,0.0007052445330352488,1.474618330352817e-05
safe_graph_adp,590.0,16.90560050131533,42.29436085414349,1.6458918779118479,0.48377049384348364,-0.17060304885911382,-0.006304346019841836,-0.0018684490836802005,0.0010454374466905296,2.734396689365703e-05
safe_graph_adp,592.0,17.866829825981192,41.953755020062076,1.633358866368232,0.47746051752122437,-0.16999802595980693,-0.00622866017639779,-0.0028364046877547254,0.001390014254053446,3.994161048377366e-05
safe_graph_adp,594.0,18.813517522792,41.615088594209894,1.621002453334024,0.4692293985855233,-0.16866219161937043,-0.006127747585781934,-0.0038028345793029803,0.0017389680617738205,5.253904957444887e-05
safe_graph_adp,596.0,19.741827579886504,41.27984062424807,1.6088730912704303,0.4590834186309131,-0.16657812579680453,-0.006001609302657866,-0.004767733810242742,0.002092291954091413,6.51362196673005e-05
safe_graph_adp,598.0,20.647936607814778,40.94952495552694,1.5970212302711806,0.44702891845834886,-0.16372845088852978,-0.005850246639837619,-0.005731097440328699,0.0024499789928713205,7.773305626532364e-05
safe_graph_adp,600.0,21.528033957840087,40.62569014589881,1.5854973175462406,0.4330722979641213,-0.1600958320407509,-0.005673661168271517,-0.006692920537177757,0.0028120222176395097,9.032949487322082e-05
safe_graph_adp,602.0,22.378321840017993,40.309919379906475,1.5743517969055483,0.41722001602821496,-0.15566297746124524,-0.005471854717036067,-0.0076531981762942925,0.0031784146456184507,0.00010292547099773229
safe_graph_adp,604.0,23.19501544105162,40.003830382348816,1.5636351082427744,0.3994785904021125,-0.15041263873057342,-0.005244829373319848,-0.008611925441095365,0.003549149271762867,0.00011552092014796624
safe_graph_adp,606.0,23.974343041922,39.709075331224476,1.553397687019115,0.3798545975960452,-0.1443276111127091,-0.004992587482407434,-0.009569097422935883,0.0039242190687955964,0.00012811577783572895
safe_graph_adp,608.0,24.71254613529235,39.42734077005494,1.5436899637471169,0.35835467276569194,-0.13739073386508535,-0.00471513164766133,-0.010524709221133747,0.004303616987243584,0.00014070997957585485
safe_graph_adp,610.0,25.405879542685184,39.16034751958804,1.5345623634745416,0.33498550959832685,-0.12958489054805494,-0.004412464730501923,-0.01147875594299493,0.004687335955473964,0.00015330346088653698
safe_graph_adp,612.0,26.0506115314312,38.909850588883195,1.5260653052682713,0.30975386019841633,-0.12089300933376153,-0.0040845898503854595,-0.012431232703838538,0.005075368879730268,0.0001658961572896568
safe_graph_adp,614.0,26.643023931388793,38.67763908577942,1.5182492016982614,0.28266653497266764,-0.11129806331441942,-0.0037315103847800294,-0.013382134627021812,0.005467708644168747,0.0001784880043111144
safe_graph_adp,616.0,27.17941225143311,38.46553612674743,1.5111644583215418,0.25373040251452866,-0.10078307080999897,-0.0033532299691395825,-0.014331456843965092,0.005864348110894802,0.00019107893748115896
safe_graph_adp,618.0,27.65608579571358,38.27539874612697,1.5048614731662737,0.22295238948814078,-0.0893310956753149,-0.002949752496875954,-0.015279194494176763,0.006265280119999534,0.00020366889233471827
safe_graph_adp,620.0,28.06936777967878,38.109117804750525,1.4993906362158635,0.19033948051174554,-0.07692524760651498,-0.002521082119328913,-0.01622534272527812,0.0066704974895963965,0.00021625780441172915
safe_graph_adp,622.0,28.415595445867588,37.968617897954694,1.4948023288931382,0.15589871804054617,-0.06354868244696621,-0.0020672232457342316,-0.017169896693028222,0.00707999301585797,0.00022884560925746743
safe_graph_adp,624.0,28.691120179465496,37.855857262980365,1.491146923544587,0.1196372022490248,-0.04918460249253598,-0.0015881805431897686,-0.01811285156134869,0.007493759473052847,0.00024143224242287786
safe_graph_adp,626.0,28.892307623625033,37.77282768576298,1.4884747829246736,0.08156209091271682,-0.033816256796265404,-0.0010839589366195795,-0.01905420250234847,0.00791178961358262,0.00025401763946490414
safe_graph_adp,628.0,29.015537794549182,37.72155440711399,1.4868362596802205,0.04168059928944291,-0.017426941472432136,-0.0005545636087360408,-0.019993944696348562,0.008334076168019003,0.00026660173594681905
safe_graph_adp,630.0,29.057205196336724,37.704096028294906,1.4862816958348726,6.938893903907228e-17,-1.5265566588595902e-16,1.3010426069826053e-18,-0.02093207333190667,0.008760611845141032,0.00027918446743855393
safe_graph_adp,632.0,29.011069277226355,37.71395316269083,1.5417248620040194,-0.046128517236465647,0.009891926558545332,0.05544314251356079,-0.023186930433351384,0.004893766638857519,0.02772349733882419
safe_graph_adp,634.0,28.874839563236645,37.7434189308264,1.7055381035980606,-0.09009404358718626,0.019607002316477842,0.10837002918735958,-0.022127268021093254,0.004703412123327332,0.026465510278800262
safe_graph_adp,636.0,28.652838101414904,37.79212026303375,1.9726883648020501,-0.13190052285015527,0.0291258621817658,0.1587801180333944,-0.021068817772436976,0.0045082648816859635,0.025207387716426707
safe_graph_adp,638.0,28.34937898595437,37.85964538840269,2.3381415315935534,-0.1715519640697819,0.03842917005330634,0.20667289283263002,-0.020011585106605303,0.004308330411803926,0.023949136093240484
safe_graph_adp,640.0,27.968768227784132,37.9455438931067,2.7968624832845665,-0.20905244145402518,0.047497619165029474,0.25204786313896255,-0.018955575436587022,0.004103614236062153,0.022690761851439385
safe_graph_adp,642.0,27.515303624325416,38.04932677941675,3.3438151440711685,-0.24440609429091745,0.05631193242956917,0.29490456428298617,-0.017900794169109224,0.0038941219013237114,0.021432271433848977
safe_graph_adp,644.0,26.993274629415435,38.17046652540199,3.9739625345905085,-0.27761712686447765,0.06485286278149846,0.33524255737556186,-0.01684724670460964,0.00367985897890542,0.02017367128388965
safe_graph_adp,646.0,26.406962223400015,38.3083971453165,4.682266823484731,-0.3086898083700154,0.07310119352012566,0.37306142931118796,-0.01579493843720897,0.0034608310645493036,0.018914967845543626
safe_graph_adp,648.0,25.760638783396224,38.46251425067115,5.463689378971447,-0.33762847282882663,0.08103773865184849,0.4083607927711731,-0.014743874754683271,0.003237043778393963,0.017656167563321938
safe_graph_adp,650.0,25.058567953726232,38.632175111989795,6.313190820420347,-0.36443751900228116,0.08864334323206338,0.441140286226611,-0.013694061038436388,0.003008502764945791,0.016397276882231502
safe_graph_adp,652.0,24.305004516523574,38.81669872124877,7.225731069935579,-0.38912141030530384,0.09589888370662669,0.4713995739411569,-0.012645502663472396,0.002775213693050066,0.015138302247742017
safe_graph_adp,654.0,23.50419426251309,39.0153658549989,8.19626940394346,-0.41168467471924874,0.10278526825286505,0.4991383459736064,-0.011598204998368037,0.0025371822558619417,0.013879250105753055
safe_graph_adp,656.0,22.660373861965684,39.22741913816904,9.219764504785168,-0.43213190470416857,0.1092834371201317,0.524356318180276,-0.010552173405245306,0.0022944141708172937,0.012620126902561011
safe_graph_adp,658.0,21.777770735829197,39.452063108550334,10.291174512313988,-0.4504677571104791,0.11537436296990589,0.5470532322171853,-0.009507413239743934,0.002046915179603435,0.011360939084826108
safe_graph_adp,660.0,20.860602927036513,39.68846428196014,11.40545707549672,-0.4666969530900196,0.12103905121543243,0.5672288555420417,-0.008463929850994012,0.00179469104812974,0.0101016930995394
safe_graph_adp,662.0,19.91307897199216,39.93575121808481,12.557569404018865,-0.48082427800651045,0.12625854036089826,0.5848829814160267,-0.00742172858158858,0.001537747566498098,0.008842395393989757
safe_graph_adp,664.0,18.939397772238614,40.19301458700038,13.742468319893186,-0.4928545813454084,0.13101390234014312,0.6000154289053835,-0.006380814767556278,0.0012760905489732912,0.007583052415730849
safe_graph_adp,666.0,17.94374846630347,40.45930723637014,14.955110309071237,-0.5027927766231601,0.1352862428549015,0.6126260428828074,-0.005341193738334026,0.0010097258339532157,0.006323670612548151
safe_graph_adp,668.0,16.930310301728728,40.7336442593183,16.19045157305749,-0.5106438412958552,0.13905670171257273,0.6227146940286377,-0.004302870816739734,0.0007386592839389884,0.005064256432425897
safe_graph_adp,670.0,15.903252507283351,41.01500306297867,17.44344808052563,-0.5164128166672792,0.14230645316351614,0.6302812788318507,-0.00326585131894506,0.000462896785504928,0.0038048163235141277
safe_graph_adp,672.0,14.866734165360345,41.30232343771748,18.709055618936652,-0.520104807796368,0.14501670623786875,0.6353257195908559,-0.0022301405544481786,0.00018244424926842592,0.0025453567340955954
safe_graph_adp,674.0,13.824904084559494,41.594507627029316,19.982229846158344,-0.5217249834040631,0.147168705081882,0.6378479644140931,-0.001195743826046606,-0.00010269239014032102,0.0012858841125528153
safe_graph_adp,676.0,12.781900672457013,41.8904203981053,21.25792634208577,-0.5212785757795702,0.14874372929377513,0.6378479872204312,-0.00016266642981004092,-0.0003925071741087017,2.640490733502726e-05
safe_graph_adp,678.0,11.741851808563265,42.188889113072435,22.53110066026235,-0.5187708806860204,0.1497230942591016,0.6353257877393697,0.0008690863449467381,-0.000686994120072184,-0.0012330744330748267
safe_graph_adp,680.0,10.70887471746975,42.48870380090327,23.796708379501148,-0.514207257265537,0.15008815148562632,0.6302813915110408,0.0018995092156909624,-0.000986147221544961,-0.0024925474601931105
safe_graph_adp,682.0,9.687075842186559,42.78861722999471,25.049705155505965,-0.5075931279437054,0.14982028893771024,0.6227148498860147,0.002928596906698923,-0.0012899604481506953,-0.0037520077255685062
safe_graph_adp,684.0,8.680550717671492,43.08734498141524,26.285046772491835,-0.49893397833345055,0.1489009313701995,0.6126262400249054,0.00395634414908297,-0.0015984277456533936,-0.00501144878081505
safe_graph_adp,686.0,7.693383844551997,43.38356552281932,27.497689194804558,-0.4882353571383202,0.1473115406618164,0.6000156648977795,0.004982745680818513,-0.0019115430359884097,-0.006270864177645118
safe_graph_adp,688.0,6.729648563041145,43.67592028302809,28.68258861853882,-0.4755028760551761,0.14503361614804888,0.5848832532833657,0.006007796246770926,-0.002229300217293562,-0.007530247467902467
safe_graph_adp,690.0,5.7934069270488155,43.9630137272754,29.83470152315456,-0.4607422096762933,0.14204869495353606,0.567229159768067,0.00703149059872248,-0.0025516931639403655,-0.00878959220359523
safe_graph_adp,692.0,4.88870957848927,44.24341343311804,30.948984723091165,-0.44395909539086914,0.1383383523239464,0.5470535647447745,0.008053823495399215,-0.0028787157265654133,-0.010048891936928945
safe_graph_adp,694.0,4.0195956217863005,44.51565016700924,32.02039541937906,-0.42515933328594196,0.13388420195734604,0.5243566744114828,0.009074789702497765,-0.0032103617321018437,-0.011308140220339553
safe_graph_adp,696.0,3.1900924985771257,44.778217961534395,33.04389125124837,-0.40434878604672114,0.12866789633505424,0.49913872076970744,0.010094383992712149,-0.003546624983810955,-0.012567330606526424
safe_graph_adp,698.0,2.4042158626162218,45.029574193308,34.014430347734205,-0.38153337885632865,0.12267112705198273,0.47139996162270426,0.011112601145760556,-0.003887499261313931,-0.013826456648485355
safe_graph_adp,700.0,1.6659694548802508,45.26813966153073,34.92697137927817,-0.3567190992949538,0.11587562514645657,0.44114068057349054,0.01212943594841206,-0.004232978320623688,-0.015085511899541583
safe_graph_adp,702.0,0.9793449788752713,45.492298667205624,35.77647360932576,-0.3299119972384212,0.10826316142951323,0.40836118702266805,0.013144883194513313,-0.0045830558941768445,-0.016344489913382797
safe_graph_adp,704.0,0.34832197614739546,45.700399093012386,36.55789694591914,-0.30111818475617325,0.09981554681367724,0.3730618161660482,0.0141589376850152,-0.004937725690865812,-0.017603384244092125
safe_graph_adp,706.0,-0.22313229800193335,45.89075248383866,37.26620199328504,-0.2703438360086684,0.09051463264120732,0.33524292899207875,0.01517159422799946,-0.005296981396071001,-0.018862188446181163
safe_graph_adp,708.0,-0.7310629985948746,46.06163412796731,37.896350103417255,-0.2375951871441952,0.08034231101181329,0.2949049122790727,0.01618284763870526,-0.005660816671693158,-0.020120896074622953
safe_graph_adp,710.0,-1.1715278148491701,46.21128313891858,38.443303427653476,-0.20287853619510376,0.0692805151098397,0.25204817859223905,0.017192692739555763,-0.006029225156185811,-0.021379500684885
safe_graph_adp,712.0,-1.5405970938420062,46.337902537946086,38.90202496824587,-0.1662002429734553,0.05731121953091353,0.20667316628051585,0.018201124360184607,-0.006402200464587841,-0.02263799583296224
safe_graph_adp,714.0,-1.8343539639645907,46.439659337185574,39.26747862992524,-0.12756672896609048,0.04441644060805285,0.1587803394732046,0.0192081373374624,-0.006779736188556177,-0.023896375075410068
safe_graph_adp,716.0,-2.048894458166289,46.514684623455345,39.534629271458215,-0.08698447722911794,0.030578236737233706,0.10837018807640736,0.02021372651552314,-0.007161825896398605,-0.025154631969377304
safe_graph_adp,718.0,-2.1803276369871565,46.56107364270727,39.69844275719707,-0.04446003228182324,0.015778708702412377,0.05544322776926541,0.021217886745790636,-0.007548463133106689,-0.026412760072639197
safe_graph_adp,720.0,-2.2247757113777102,46.57688588512731,39.75388600862192,2.0122792321330962e-16,9.71445146547012e-17,3.608224830031759e-16,0.02222061288700483,-0.007939641420388834,-0.02767075294363038
safe_graph_adp,722.0,-2.2082158215211947,46.46583601977992,39.773397264531454,0.016476142972688377,-0.1110622923810127,0.019511247584779224,0.008372231426140398,-0.05551241088333523,0.009806516713757873
safe_graph_adp,724.0,-2.160113457917614,46.137607337876545,39.83104553225972,0.03154624523755328,-0.21717775605813597,0.038136995547078736,0.007914794892686242,-0.05300331042842068,0.009363816473152025
safe_graph_adp,726.0,-2.083235102322149,45.60210387930382,39.92505962055834,0.0452559107189667,-0.31833604294893914,0.0558770526391706,0.007468839439545371,-0.05049216583749642,0.008921068290181933
safe_graph_adp,728.0,-1.980255998725828,44.86925006976418,40.05366796475171,0.05765077313940287,-0.41452711534258785,0.07273123668173032,0.007034367349991789,-0.047979029072996726,0.00847827443170051
safe_graph_adp,730.0,-1.8537600945808599,43.9489900998786,40.21509864487523,0.06877649519785238,-0.5057412460532352,0.0886993745652375,0.006611380848505147,-0.04546395210755571,0.008035437164794525
safe_graph_adp,732.0,-1.7062399836694129,42.851287303986865,40.407579403816264,0.07867876774797401,-0.5919690185691621,0.10378130225130665,0.006199882100759344,-0.04294698692374123,0.007592558756772998
safe_graph_adp,734.0,-1.540096850616342,41.58612353865379,40.62933766545764,0.0874033089759915,-0.673201327197665,0.11797686477394838,0.005799873213611436,-0.040428185513788774,0.00714964147515559
safe_graph_adp,736.0,-1.357640417046373,40.16349856088994,40.878600552823684,0.09499586357834254,-0.7494293772056911,0.13128591624076083,0.0054113562350908626,-0.03790759987933519,0.006706687587660992
safe_graph_adp,738.0,-1.16108888938623,38.59342940609534,41.153594906228506,0.10150220193908717,-0.8206446849562181,0.1437083198340515,0.005034333154388947,-0.035385282031152536,0.00626369936219532
safe_graph_adp,740.0,-0.9525689083121809,36.88594976573465,41.45254730142647,0.10696811930708278,-0.886839078040379,0.15524394781188935,0.004668805901848723,-0.03286128398888166,0.005820679066840499
safe_graph_adp,742.0,-0.7341154998434603,35.05110936475238,41.77368406776473,0.11143943497293299,-0.9480046954053294,0.1658926815090873,0.0043147763489550395,-0.030335657780766023,0.005377628969842641
safe_graph_adp,744.0,-0.5076720280820135,33.0989733387366,42.11523130633761,0.11496199144571764,-1.0041339874778574,0.17565441133811477,0.003972246308324988,-0.027808455443385196,0.0049345513396004455
safe_graph_adp,746.0,-0.27509014959899514,31.039621610839717,42.4754149081428,0.11758165362951109,-1.055219716283734,0.18452903678994095,0.00364121753369862,-0.02527972902138842,0.00449144844465359
safe_graph_adp,748.0,-0.03812976946843491,28.883148268464797,42.85246057223911,0.11934430799969599,-1.101254955562804,0.19251646643480796,0.0033216917199299636,-0.02274953056722826,0.004048322553671097
safe_graph_adp,750.0,0.20154100105152453,26.639660939725957,43.24459382390573,0.12029586177907999,-1.142233090879815,0.19961661792293445,0.0030136705029783534,-0.020217912140893995,0.003605175935439726
safe_graph_adp,752.0,0.44234588518943263,24.319280169691375,43.65004003280284,0.12048224211382229,-1.1781478197309858,0.20582941798514948,0.0027171554599000475,-0.017684925809645112,0.003162010858852371
safe_graph_adp,754.0,0.6828004796830052,21.932138796417423,44.0670244311334,0.11994939524917757,-1.2089931516463104,0.21115480243345672,0.002432148108840159,-0.015150623647744676,0.0027188295928964185
safe_graph_adp,756.0,0.9215122921529098,19.488381326782452,44.493772131805976,0.1187432857050643,-1.2347634082875991,0.2155927161615288,0.002158649909024874,-0.012615057736192837,0.0022756344066421526
safe_graph_adp,758.0,1.1571807768275184,16.99816331212876,44.928508146598546,0.1169098954514649,-1.2554532235422549,0.21914311314513207,0.0018966622607539947,-0.010078280162460014,0.0018324275692311234
safe_graph_adp,760.0,1.3885973686182984,14.471650723721279,45.369457404323036,0.11449522308366473,-1.2710575436127842,0.22180595644248147,0.0016461865053937555,-0.007540343020220313,0.0013892113498645414
safe_graph_adp,762.0,1.6146455155455264,11.919019328031492,45.8148447689905,0.11154528299733735,-1.2815716271020419,0.22358121819452578,0.0014072239253699644,-0.0050012984090847725,0.0009459880177916449
safe_graph_adp,764.0,1.8343007095140245,9.350454061855144,46.26289505797681,0.1081061045634832,-1.2869910450942081,0.2244688796251631,0.0011797757441614314,-0.002461198434334675,0.0005027598422980926
safe_graph_adp,766.0,2.046630515438635,6.776148407272258,46.71183306018874,0.10422373130322903,-1.287311681231499,0.22446893104138654,0.0009638431262937102,7.990479334532189e-05,5.952909269434266e-05
safe_graph_adp,768.0,2.250794598719159,4.206303766457994,47.1598835542302,0.09994422006249515,-1.2825297317866085,0.22358137183336024,0.0007594271773331319,0.0026219591581339453,-0.00038370196169597304
safe_graph_adp,770.0,2.4460447510645054,1.651128836352905,47.60527132656861,0.09531364018653794,-1.2726417057308803,0.2218062104744256,0.0005665289438811441,0.005164912539340118,-0.000826931051547658
safe_graph_adp,772.0,2.631724914665803,-0.8791610167988946,48.04622118970121,0.09037807269437474,-1.2576444247982117,0.2191434645210378,0.0003851494135689533,0.007708712811669854,-0.0012701559075455702
safe_graph_adp,774.0,2.8072712047182553,-3.3743443830350874,48.480958000321124,0.08518360945309841,-1.2375350235446865,0.21559316061263256,0.00021528951505247183,0.010253307845493111,-0.0017133742603962498
safe_graph_adp,776.0,2.972211930291518,-5.8241944343755145,48.90770667748318,0.07977635235208881,-1.212310949403937,0.21115533447142307,5.6950118007557016e-05,0.012798645507110691,-0.0021565838408395387
safe_graph_adp,778.0,3.126167613548401,-8.218479550628984,49.324692220769165,0.07420241247712843,-1.181969962738236,0.2058300309021274,-8.986796687443835e-05,0.015344673659021174,-0.0025997823796601784
safe_graph_adp,780.0,3.268851007311715,-10.546963945298,49.7301397284525,0.0685079092844294,-1.1465101368853161,0.19961730379162596,-0.0002251639878908169,0.01789134016018788,-0.003042967607699453
safe_graph_adp,782.0,3.4000671109790868,-12.799408291572842,50.12227441566216,0.06273896977457927,-1.1059298582009167,0.19251721610854927,-0.00034893725233138486,0.020438592866305776,-0.0034861372558667968
safe_graph_adp,784.0,3.5197131847855943,-14.965570348406489,50.49932163254572,0.05694172766641252,-1.0602278260970601,0.18452983990279612,-0.00046118712648200006,0.022986379630068495,-0.003929289055151412
safe_graph_adp,786.0,3.627778762414073,-17.035205586661803,50.85950688243133,0.05116232257081538,-1.0094030530760536,0.1756552563049818,-0.0005619130356278141,0.025534648301435328,-0.004372420736633884
safe_graph_adp,788.0,3.724345661952973,-18.998067815322457,51.20105583998854,0.045446899164470984,-0.953454864760219,0.16589355552581678,-0.0006511144640562186,0.028083346727898202,-0.004815530031497802
safe_graph_adp,790.0,3.8095879952016545,-20.843909807759037,51.5221943693878,0.0398416063635522,-0.8923828999173486,0.1552448368554156,-0.000728790955059483,0.030632422754748725,-0.0052586146710413735
safe_graph_adp,792.0,3.8837721753230197,-22.562483928041793,51.82114854245852,0.03439259649736935,-0.8261871104818879,0.143709208662536,-0.0007949421109370934,0.0331818242253452,-0.005701672386689043
safe_graph_adp,794.0,3.947256922843403,-24.14354275729148,52.09614465684556,0.029146024481980153,-0.7548677615718435,0.1312867883937484,-0.0008495675929977874,0.03573149898137967,-0.006144700910003097
safe_graph_adp,796.0,4.00049326999965,-25.576839720059734,52.3454092541639,0.024148046993768997,-0.6784254315014189,0.11797770257253568,-0.0008926671215612925,0.03828139486314498,-0.006587697972695295
safe_graph_adp,798.0,4.044024563433328,-26.852129710730445,52.567169138151556,0.019444821643002954,-0.5968610117893741,0.10378208679832314,-0.0009242404759597526,0.04083145970980181,-0.007030661306638467
safe_graph_adp,800.0,4.078486465232034,-27.95916971993359,52.75965139282043,0.015082506147371675,-0.5101757071631128,0.08870008574543897,-0.0009442874945388619,0.043381641359645735,-0.007473588643878135
safe_graph_adp,802.0,4.104606952317773,-28.887719460962952,52.921083400604985,0.011107257505518466,-0.4183710355584939,0.07273185316200485,-0.0009528080746586895,0.04593188765037432,-0.00791647771664412
safe_graph_adp,804.0,4.12320631418239,-29.62754199618919,53.04969286050868,0.0075652311705697965,-0.32144882811536973,0.05587755186875697,-0.0009498021726942085,0.048482146419354166,-0.008359326257362163
safe_graph_adp,806.0,4.135197148970076,-30.16840436345971,53.14370780624795,0.004502580223670485,-0.21941122916884925,0.03813735375779731,-0.0009352698040355152,0.051032365503888004,-0.008802131998665516
safe_graph_adp,808.0,4.141584357906945,-30.5000782024768,53.201356624393654,0.001965454547531811,-0.11226069623628747,0.019511439791275356,-0.0009092110430877543,0.05358249274148171,-0.009244892673406576
safe_graph_adp,810.0,4.143465138077734,-30.612340381145447,53.22086807250974,-1.7780915628762273e-16,-5.828670879282072e-16,6.245004513516506e-17,-0.0008716260232707349,0.056132475970111444,-0.009687606014668467
safe_graph_adp,812.0,4.163809047279584,-30.6129035779152,53.14446413400223,0.020343498880903615,-0.0005785407340187724,-0.07640390590876045,0.01015644979411542,-0.0002662539465342619,-0.03813386334737054
safe_graph_adp,814.0,4.223908377484952,-30.614718420800408,52.918719878646975,0.039755401095195014,-0.001250943464173497,-0.14934025312967056,0.009691912485395263,-0.00026820698697865137,-0.03640027811659506
safe_graph_adp,816.0,4.321900113411482,-30.61796421430661,52.55057117294577,0.05823588865935118,-0.002008788840994517,-0.2188082954959563,0.009227519961447161,-0.00026805810605377736,-0.034666506517857645
safe_graph_adp,818.0,4.455921632356437,-30.62280342642835,52.0469553402233,0.07578517213534526,-0.0028436597245129745,-0.28480732235209183,0.008763274599942177,-0.00026580796435860974,-0.03293255742799923
safe_graph_adp,820.0,4.624110761279113,-30.629381693218903,51.41481108959916,0.09240349062203373,-0.003747141334939952,-0.34733665855925566,0.008299178777797926,-0.00026145723325048846,-0.03119843972476951
safe_graph_adp,822.0,4.824605833865768,-30.637827823661247,50.6610784449493,0.10809111174627584,-0.004710821403299053,-0.4063956645005139,0.007835234871166366,-0.0002550065948416875,-0.02946416228678149
safe_graph_adp,824.0,5.055545747576518,-30.648253804840305,49.79269867385724,0.12284833165378531,-0.0057262903220111966,-0.46198373608573073,0.007371445255421673,-0.00024645674199592167,-0.027729733993465983
safe_graph_adp,826.0,5.315070020673674,-30.660754807416268,48.81661421655585,0.13667547499971452,-0.006785141295430319,-0.514100304756206,0.006907812305148044,-0.00023580837832479933,-0.025995163725026194
safe_graph_adp,828.0,5.60131884923097,-30.675409191398952,47.73976861486007,0.14957289493897113,-0.007878970490328645,-0.5627448374890403,0.006444338394127571,-0.00022306221818422004,-0.024260460362392218
safe_graph_adp,830.0,5.912433164123169,-30.69227851222309,46.56910644109118,0.16154097311626708,-0.008999377186330225,-0.6079168368012263,0.005981025895328058,-0.00020821898667071652,-0.022525632787175613
safe_graph_adp,832.0,6.246554687995492,-30.71140752712441,45.311573226993175,0.17258011965590042,-0.010137963926291403,-0.6496158407534687,0.005517877180890893,-0.0001912794196177439,-0.02079068988162388
safe_graph_adp,834.0,6.601825992212344,-30.73282420181644,43.974115392641764,0.18269077315126978,-0.011286336666626907,-0.6878414229537293,0.005054894622118887,-0.00017224426359190958,-0.01905564052857501
safe_graph_adp,836.0,6.976390553784804,-30.756539717467906,42.56368017534655,0.19187340065412176,-0.012436104927580243,-0.7225931925605009,0.00459208058946415,-0.0001511142758891539,-0.017320493611411997
safe_graph_adp,838.0,7.368392812276343,-30.782548477980594,41.08721555854693,0.20012849766353108,-0.013578881943437055,-0.753870794285807,0.004129437452515938,-0.0001278902245308701,-0.015585258014017375
safe_graph_adp,840.0,7.775978226686231,-30.810828117567624,39.551670200702304,0.20745658811461393,-0.014706284812680156,-0.7816739083979292,0.00366696757998853,-0.00010257288825997338,-0.013849942620727695
safe_graph_adp,842.0,8.197293332310108,-30.841339508631926,37.963993364177036,0.21385822436697438,-0.015809934648084906,-0.8060022507238609,0.0032046733397090976,-7.516305653691366e-05,-0.012114556316288078
safe_graph_adp,844.0,8.630485797577183,-30.874026769944884,36.33113484412084,0.219333987192884,-0.016881456726753615,-0.826855572651489,0.0027425570986055856,-4.566152953563421e-05,-0.010379107985806706
safe_graph_adp,846.0,9.073704480863517,-30.90881727512496,34.66004489734506,0.22388448576519485,-0.017912480640087648,-0.8442336611315016,0.0022806212226945863,-1.4069118139473265e-05,-0.008643606514709315
safe_graph_adp,848.0,9.525099487280874,-30.945621661416222,32.957674171195386,0.22751035764498595,-0.01889464044369594,-0.8581363386790225,0.0018188680770692299,1.9613356062986417e-05,-0.006908060788693743
safe_graph_adp,850.0,9.982822225440595,-30.984333838766595,31.230973632421602,0.23021226876894324,-0.019819574807238564,-0.8685634633749741,0.0013573000258870782,5.53850607821248e-05,-0.005172479693684395
safe_graph_adp,852.0,10.445025464191964,-31.02483099920577,29.486894496044865,0.23199091343647332,-0.0206789271642041,-0.8755149288671654,0.0008959194323580128,9.324515303154484e-05,-0.0034368721157867765
safe_graph_adp,854.0,10.909863389334541,-31.066973626522557,27.73238815422309,0.23284701429655086,-0.021464345861619417,-0.8789906643711078,0.00043472865873213915,0.00013319277913238997,-0.001701246941241956
safe_graph_adp,856.0,11.375491660303917,-31.110605506241644,25.97440610511497,0.23278132233430002,-0.022167484309690608,-0.8789906346705582,-2.6269933712303298e-05,0.0001752270747177136,3.438694361888178e-05
safe_graph_adp,858.0,11.840067466830366,-31.155553735899506,24.219899881743174,0.23179461685730976,-0.02278000113137374,-0.8755148401177876,-0.00048707398468103786,0.0002193471647369057,0.0017700206524199347
safe_graph_adp,860.0,12.30174958556987,-31.201628735619433,22.475820980857318,0.22988770548168352,-0.023293560311874118,-0.8685633166335786,-0.000947681134875832,0.0002655521634601718,0.0035056452987863515
safe_graph_adp,862.0,12.758698436706974,-31.248624258985462,20.74912079179716,0.22706142411782287,-0.02369983134807275,-0.8581361357069476,-0.0014080890260065736,0.0003138411744830695,0.00524125199638964
safe_graph_adp,864.0,13.209076140528925,-31.29631740421509,19.04675052535667,0.22331663695594584,-0.02399048939787867,-0.8442334043945959,-0.0018682953008033563,0.0003642132907310965,0.006976831858993213
safe_graph_adp,866.0,13.65104657397062,-31.344468625630608,17.375661142649452,0.21865423645133955,-0.02415721542950589,-0.8268552653200864,-0.0023282976030285347,0.00041666759446433546,0.008712376000497905
safe_graph_adp,868.0,14.082775427129755,-31.39282174542895,15.742803283976071,0.21307514330934757,-0.024191696370673532,-0.8060018966727471,-0.0027880935774888013,0.00047120315728215286,0.010447875534987393
safe_graph_adp,870.0,14.502430259751709,-31.441103965749807,14.155127197693881,0.20658030647009212,-0.024085625257728012,-0.7816735122063031,-0.0032476808700472285,0.0005278190401279524,0.012183321576773782
safe_graph_adp,872.0,14.908180557683592,-31.489025881041954,12.619582669089828,0.19917070309293108,-0.023830701384685786,-0.7538703612372333,-0.0037070571276353412,0.0005865142932939824,0.013918705240443047
safe_graph_adp,874.0,15.298197789296953,-31.536281490727553,11.143118949256838,0.19084733854065006,-0.02341863045219548,-0.7225927286428561,-0.0041662199982651525,0.0006472879564261992,0.015654017640900516
safe_graph_adp,876.0,15.670655461878606,-31.582548212164326,9.732684683974288,0.18161124636338966,-0.022841124716418023,-0.6878409348591403,-0.004625167131041204,0.0007101390585291832,0.017389249893416406
safe_graph_adp,878.0,16.023729177989036,-31.627486893905367,8.39522784259314,0.1714634882823081,-0.022089903137823528,-0.6496153358782445,-0.00508389617617261,0.0007750666179711108,0.019124393113671277
safe_graph_adp,880.0,16.355596691787873,-31.670741829256503,7.137695646926268,0.1604051541729792,-0.021156691529903564,-0.6079163232457823,-0.005542404784985087,0.0008420696424887805,0.020859438417801537
safe_graph_adp,882.0,16.6644379653259,-31.71194077013097,5.967034500144516,0.1484373620485261,-0.020033222707797546,-0.5627443240578148,-0.0060006906099329725,0.0009111471291926921,0.022594376922444925
safe_graph_adp,884.0,16.948435224803056,-31.750694941201253,4.890189915679063,0.13556125804249053,-0.018711236636831927,-0.514099800957571,-0.006458751304611249,0.0009822980645721835,0.024329199744785958
safe_graph_adp,886.0,17.205773016791934,-31.78659905434794,3.914106446130604,0.1217780163914382,-0.0171824805809709,-0.4619832521318938,-0.006916584523767558,0.001055521424500618,0.02606389800260149
safe_graph_adp,888.0,17.434638264426187,-31.819231323405354,3.0457276121859205,0.10708883941730005,-0.015438709251177287,-0.4063952113074139,-0.0073741879233142045,0.0011308161742406284,0.02779846281430609
safe_graph_adp,890.0,17.63322032355339,-31.84815347920385,2.2919958315423736,0.09149495750944972,-0.01347168495368232,-0.347336247746451,-0.007831559160340167,0.001208181268449415,0.029532885298997606
safe_graph_adp,892.0,17.799711038851783,-31.872910784908537,1.6598523478408667,0.07499762910651747,-0.011273177738163016,-0.28480696624264146,-0.008288695893123078,0.0012876156511840977,0.031267156576502586
safe_graph_adp,894.0,17.932304799910355,-31.893032051654256,1.1562371596078278,0.05759814067794043,-0.008834965545825848,-0.2188080071162935,-0.008745595781141228,0.0013691182559071222,0.033001267767421724
safe_graph_adp,896.0,18.02919859727181,-31.908029654476653,0.7880889492067524,0.039297806705249634,-0.006148834357395401,-0.1493400462094696,-0.00920225648508554,0.0014526880054917203,0.03473520999317539
safe_graph_adp,898.0,18.088592078437806,-31.91739954853913,0.5623450117998556,0.02009796966309379,-0.003206578341006711,-0.07640379488079604,-0.009658675666871555,0.001538323812227426,0.036468974376049026
safe_graph_adp,900.0,18.108687603835982,-31.920621285655454,0.48594118432037725,3.469446951953614e-17,-5.637851296924623e-18,5.134781488891349e-16,-0.01011485098965139,0.0016260245778256426,0.038202552039238634
safe_graph_adp,902.0,18.113769622964845,-31.893081789929624,0.43101775858437663,0.005102794233452079,0.02753564697330414,-0.054923402302149794,0.0024506965133953853,0.013773573113627494,-0.027461102584804196
safe_graph_adp,904.0,18.128987612289773,-31.811751776398484,0.2687401505307479,0.010135017192281066,0.05379057103324955,-0.1073541365135569,0.002354515057066146,0.013144679155629935,-0.026214908078828297
safe_graph_adp,906.0,18.154189094928753,-31.679191471178747,0.004094235349824005,0.015085335274963526,0.07876600043817626,-0.15729166575264417,0.002255524718092433,0.012516226819542658,-0.02496857935357596
safe_graph_adp,908.0,18.1891989322555,-31.49795856716806,-0.3579330635318455,0.01994242036758689,0.10246324014463441,-0.20473547866523895,0.002153726003300805,0.011888228815728904,-0.0237221227902002
safe_graph_adp,910.0,18.23381933507647,-31.270608070678414,-0.8123538255102718,0.024694950045636623,0.12488367177744127,-0.2496850894285002,0.002049119433896594,0.011260697852225762,-0.022475544770508546
safe_graph_adp,912.0,18.287829875211383,-30.999692148130446,-1.3541791838704431,0.029331607775727474,0.14602875359869508,-0.2921400377546496,0.0019417055454612328,0.010633646634679073,-0.021228851676930383
safe_graph_adp,914.0,18.35098749747719,-30.687759972810742,-1.9784193768600067,0.033841083117277175,0.16590002047574612,-0.33209988889450653,0.0018314848879495177,0.010007087866278417,-0.019982049892484303
safe_graph_adp,916.0,18.423026532075273,-30.337357571694263,-2.680083798769825,0.03821207192412074,0.18449908384812497,-0.369564233640827,0.0017184580256867847,0.009381034247692032,-0.018735145800745343
safe_graph_adp,918.0,18.50365870738187,-29.951027672333943,-3.4541810510210147,0.04243327654606371,0.20182763169342863,-0.40453268833144645,0.001602625537366033,0.00875549847700183,-0.017488145785812374
safe_graph_adp,920.0,18.59257316314149,-29.53130954981956,-4.295718993258071,0.04649340603037244,0.21788742849216453,-0.43700489485222604,0.0014839880160449482,0.008130493249638354,-0.016241056232275404
safe_graph_adp,922.0,18.68943646406329,-29.080738873807963,-5.199704794447694,0.050381176323199786,0.23268031519155286,-0.46698052063980344,0.0013625460691428755,0.007506031258315782,-0.014993883525182841
safe_graph_adp,924.0,18.79389261382021,-28.601847555626726,-6.161144983982917,0.05408531047094434,0.24620820916828762,-0.49445925868414675,0.0012383003184377038,0.006882125192966958,-0.013746634050008855
safe_graph_adp,926.0,18.905563069450757,-28.097163595453335,-7.1750455027921465,0.05759453882154148,0.2584731041902565,-0.5194408275309126,0.0011112514000626878,0.006258787740678393,-0.01249931419262067
safe_graph_adp,928.0,19.02404675616333,-27.569210929571973,-8.236411754452723,0.06089759922568449,0.26947707037722013,-0.5419249712836077,0.0009813999645031854,0.005636031585625329,-0.011251930339245843
safe_graph_adp,930.0,19.148920082542876,-27.02050927770998,-9.34024865630861,0.0639832372379739,0.2792222541604511,-0.5619114596055548,0.0008487466765933313,0.005013869409006794,-0.010004488876439618
safe_graph_adp,932.0,19.279736956159812,-26.45357399045607,-10.481560690591813,0.06684020631799346,0.28771087824133273,-0.5794000877216612,0.0007132922155126324,0.004392313888980662,-0.008756996191052174
safe_graph_adp,934.0,19.416028799580985,-25.870915896762416,-11.65535195554715,0.06945726803131075,0.2949452415489185,-0.5943906764199925,0.0005750372747824889,0.0037713777005987533,-0.007509458670195954
safe_graph_adp,936.0,19.55730456678258,-25.27504115153262,-12.85662621655996,0.07182319225040078,0.30092771919645195,-0.6068830720531487,0.00043398256226264407,0.0031510735157419347,-0.006261882701212959
safe_graph_adp,938.0,19.703050759964803,-24.668451083297715,-14.080386957286377,0.07392675735549095,0.3056607624368482,-0.6168771465394448,0.00029012880014755993,0.0025314140030552414,-0.00501427467164204
safe_graph_adp,940.0,19.85273144676815,-24.053642041982215,-15.321637430785767,0.07575675043532534,0.3091468986171364,-0.6243727973638948,0.00014347672496272225,0.00191241182788301,-0.003766640969186205
safe_graph_adp,942.0,20.00578827789114,-23.433105246762345,-16.575380710654933,0.07730196748784673,0.31138873113186466,-0.6293699475789996,-5.972912439135888e-06,0.0012940796522040376,-0.002518987981679901
safe_graph_adp,944.0,20.161640505109315,-22.80932663401847,-17.836619742163705,0.07855121362079463,0.31238893937546686,-0.631868545805338,-0.00015821934688187275,0.0006764301345667534,-0.001271322097056292
safe_graph_adp,946.0,20.319684999695376,-22.18478670538385,-19.10035739339151,0.07949330325221739,0.3121502786935927,-0.6318685662319626,-0.00031326179886985894,5.947593002439744e-05,-2.3649703314615467e-05
safe_graph_adp,948.0,20.479296271240223,-21.56196037589177,-20.361596506364535,0.0801170603108968,0.3106755803334006,-0.629370008616598,-0.00047109947459196945,-0.0005567703099297569,0.0012240228115125984
safe_graph_adp,950.0,20.639826486874778,-20.943316822223096,-21.615339948193114,0.08041131843668337,0.30796775139281435,-0.6243728982856432,-0.0006317315659256409,-0.0011722959374271926,0.0024716890593921743
safe_graph_adp,952.0,20.80060549089238,-20.3313193310564,-22.856590662208884,0.08036492118074043,0.30402977476874393,-0.6168772861339784,-0.0007951572504410198,-0.001787088308288898,0.0037193426523230468
safe_graph_adp,954.0,20.960940824771573,-19.728425147522625,-24.080351719101387,0.07996672220569546,0.2988647091042707,-0.6068832486245741,-0.0009613756914051638,-0.0024011347820901033,0.004966977202368921
safe_graph_adp,956.0,21.12011774759911,-19.137085323766456,-25.28162636805369,0.07920558548569677,0.29247568873479773,-0.5943908877879052,-0.0011303860377863332,-0.003014422722225003,0.006214586321691022
safe_graph_adp,958.0,21.277399256892963,-18.559744567616406,-26.45541808787663,0.0780703855063738,0.2848659236331655,-0.5794003312211677,-0.0013021874242583411,-0.003626939495971457,0.007462163622580759
safe_graph_adp,960.0,21.43202610982517,-17.99884109136571,-27.596730638141292,0.07655000746469934,0.27603869935373354,-0.5619117320873002,-0.0014767789712049895,-0.0042386724745556575,0.008709702717492468
safe_graph_adp,962.0,21.583216844844298,-17.45680646066608,-28.70056811030935,0.07463334746875183,0.26599737697542875,-0.5419252691138077,-0.0016541597847245714,-0.004849609033216812,0.009957197219076088
safe_graph_adp,964.0,21.730167803697324,-16.936065443536425,-29.761934978860854,0.07230931273737608,0.2547453930437603,-0.5194411465913906,-0.0018343289566344451,-0.005459736551271748,0.011204640740209871
safe_graph_adp,966.0,21.872053153850747,-16.439035859488527,-30.775836152419053,0.06956682179974052,0.2422862595118022,-0.4944595943723764,-0.0020172855644756864,-0.006069042412179559,0.0124520268940331
safe_graph_adp,968.0,22.008024911310702,-15.96812842877183,-31.73727702487193,0.06639480469478942,0.22862356368014367,-0.4669808678689554,-0.0022030286715178137,-0.006677514003606187,0.013699349293978764
safe_graph_adp,970.0,22.137212963841876,-15.525746621739335,-32.64126352648997,0.06278220317058812,0.21376096813580822,-0.4370052480512201,-0.0023915573267635766,-0.007285138717489005,0.014946601553806279
safe_graph_adp,972.0,22.258725094584996,-15.114286508336688,-33.482802175039865,0.05871797088355968,0.19770221069014154,-0.4045330414450088,-0.0025828705649538347,-0.007891903950101356,0.016193777287634166
safe_graph_adp,974.0,22.371647006072696,-14.736136607716535,-34.25690012689361,0.05419107359761112,0.18045110431566896,-0.36956458012955207,-0.0027769674065724922,-0.0084977971021171,0.017440870109972764
safe_graph_adp,976.0,22.475042344643505,-14.39367773798018,-34.958565228132834,0.04919048938314754,0.16201153708192306,-0.3321002217349239,-0.002973846857851515,-0.009102805578675112,0.01868787363575691
safe_graph_adp,978.0,22.56795272525378,-14.089282866048626,-35.58280606564771,0.0437052088159723,0.142387472090242,-0.29214034943929595,-0.0031735079107760205,-0.009706916789443768,0.01993478148037863
safe_graph_adp,980.0,22.649397756687282,-13.825316957665038,-36.124632018230244,0.03772423517607161,0.12158294740753883,-0.24968537196599633,-0.003375949543089437,-0.010310118148685413,0.02118158725971986
safe_graph_adp,982.0,22.71837506716225,-13.604136827530713,-36.57905330766149,0.031236584646281734,0.09960207599904294,-0.2047357235803714,-0.0035811707182987393,-0.010912397075320794,0.02242828459018507
safe_graph_adp,984.0,22.773860330335637,-13.428090989576575,-36.94108104979225,0.024231286510837034,0.07644904566001359,-0.15729186408645207,-0.003789170385679751,-0.011513740992993472,0.02367486708873401
safe_graph_adp,986.0,22.814807291704387,-13.299519507372281,-37.20572730561696,0.016697383353797154,0.05212811894642654,-0.10735427882342369,-0.003999947480282531,-0.012114137330134223,0.024921328372914348
safe_graph_adp,988.0,22.840147795403386,-13.22075384467498,-37.36800513234026,0.008623931257351607,0.02664363310463426,-0.054923478661899915,-0.00421350092293682,-0.01271357352002539,0.026167662060894385
safe_graph_adp,990.0,22.848791811399924,-13.194116716119774,-37.42292863443598,-4.336808689942018e-17,2.636779683484747e-16,-5.065392549852277e-16,-0.004429829620257568,-0.013312037000865235,0.02741386177149569
safe_graph_adp,992.0,22.79734664531804,-13.23141267665013,-37.34620597385625,-0.05147333290750136,-0.03725713707192106,0.07672262784496026,-0.02578214392608207,-0.01868677188135506,0.038313445663935373
safe_graph_adp,994.0,22.64508251440829,-13.341225218850063,-37.11952001433804,-0.10081758833853552,-0.07251818751374535,0.14996323495463487,-0.024635169863965873,-0.0178027917811645,0.03657263021919423
safe_graph_adp,996.0,22.39627303379114,-13.51958222538549,-36.749835549813,-0.1480173157912429,-0.10580321890502119,0.2197210718395811,-0.023484585525454744,-0.01692401044511044,0.03483162752405528
safe_graph_adp,998.0,22.05522264973925,-13.762551816546523,-36.24411883753291,-0.19305713465306668,-0.13713240123769713,0.28599542466971245,-0.022330396801494276,-0.016050444198055517,0.03309044649238242
safe_graph_adp,1000.0,21.62626649963548,-14.06624255470221,-35.60933752674549,-0.23592173446404405,-0.16652600654584218,0.3487856152797796,-0.02117260960148437,-0.015182109338161297,0.03134909603895262
safe_graph_adp,1002.0,21.113770271404974,-14.426803648013326,-34.85246058735949,-0.2765958751794353,-0.19400440853400908,0.40809100117457725,-0.02001122985324899,-0.014319022136804863,0.029607585079410206
safe_graph_adp,1004.0,20.52213006242264,-14.840425153400556,-33.980458238599596,-0.3150643874316893,-0.21958808220424395,0.46391097553387756,-0.01884626350300581,-0.013461198838495501,0.027865922530221375
safe_graph_adp,1006.0,19.855772237897387,-15.303338178765333,-33.00030187765184,-0.35131217279174226,-0.24329760348174567,0.516244967217089,-0.017677716515335732,-0.012608655660791515,0.026124117308628424
safe_graph_adp,1008.0,19.119153288734406,-15.811815084460655,-31.918964008299888,-0.3853242040296484,-0.26515364883917814,0.5650924407676418,-0.016505594873152417,-0.01176140879421721,0.024382178332604115
safe_graph_adp,1010.0,18.31675968887688,-16.362169684009178,-30.74341816955284,-0.41708552537453925,-0.2851769949196387,0.6104528964170988,-0.015329904577671591,-0.01091947440217999,0.022640114520806068
safe_graph_adp,1012.0,17.453107752128435,-16.950757444065907,-29.480638864265124,-0.4465812527739102,-0.3033885181582864,0.6523258700889928,-0.01415065164838035,-0.010082868620887597,0.020897934792531
safe_graph_adp,1014.0,16.532743488457704,-17.573975683622812,-28.13760148774894,-0.4737965741522314,-0.3198091944026327,0.6907109334023894,-0.012967842123006317,-0.009251607559265511,0.019155648067669166
safe_graph_adp,1016.0,15.560242459786338,-18.22826377245267,-26.721282256379897,-0.49871674966888124,-0.3344600985314992,0.7256076936751763,-0.011781482057486763,-0.008425707298874457,0.017413263266658617
safe_graph_adp,1018.0,14.540209635261832,-18.910103328789518,-25.238658136196303,-0.5213271119753997,-0.34736240407264396,0.7570157939270775,-0.010591577525937566,-0.007605183893828067,0.015670789310439533
safe_graph_adp,1020.0,13.477279246016533,-19.616018416243016,-23.69670677149273,-0.5416130664720598,-0.3585373828190615,0.7849349128823945,-0.00939813462062214,-0.006790053370710699,0.013928235120408597
safe_graph_adp,1022.0,12.376114639414176,-20.342575739944092,-22.102406413408374,-0.5595600915637542,-0.36800640444395905,0.8093647649724725,-0.00820115945192022,-0.005980331728495365,0.012185609618373262
safe_graph_adp,1024.0,11.241408132785347,-21.086384841919205,-20.462735848510714,-0.5751537389151961,-0.37579093611441206,0.8303051003378928,-0.007000658148296593,-0.005176034938461829,0.010442921726506127
safe_graph_adp,1026.0,10.077880866653219,-21.844098295690628,-18.784674327375125,-0.5883796337054301,-0.3819125421037035,0.8477557048303912,-0.005796636856269725,-0.0043771789441148295,0.008700180367299186
safe_graph_adp,1028.0,8.890282657450967,-22.61241190010007,-17.075201493160872,-0.599223474881653,-0.38639288340234923,0.8617164000145014,-0.004589101740380264,-0.0035837796611024454,0.006957394463518209
safe_graph_adp,1030.0,7.683391849732236,-23.38806487235305,-15.341297310184126,-0.6076710354123402,-0.38925371732781316,0.8721870431689254,-0.0033780589831595097,-0.0027958529771346186,0.005214572938157025
safe_graph_adp,1032.0,6.462015167876038,-24.167840040281384,-13.589941992488496,-0.6137081625396782,-0.3905168971329164,0.879167527287628,-0.0021635147850977395,-0.0020134147519017915,0.0034717247143918398
safe_graph_adp,1034.0,5.230987567287495,-24.948564033821217,-11.828115932413652,-0.617320778031297,-0.3902043716129425,0.8826577810806594,-0.0009454753646124502,-0.0012364808169937338,0.0017288587155355542
safe_graph_adp,1036.0,3.9951720850958146,-25.72710747570392,-10.062799629162578,-0.6184948784313055,-0.38833818471144366,0.8826577689747008,0.00027605304198343665,-0.0004650669758184643,-1.401613500792015e-05
safe_graph_adp,1038.0,2.7594596903508886,-26.500385171357337,-8.300973617368005,-0.6172165353106216,-0.3849404751247499,0.8791674911133384,0.0015010641805135456,0.00030081099647866444,-0.0017568909137893468
safe_graph_adp,1040.0,1.528769133719944,-27.265356298014744,-6.549618395658575,-0.6134718955166008,-0.380033475905186,0.8721869833570609,0.002729551778970052,0.0010611373530957117,-0.003499756697359857
safe_graph_adp,1042.0,0.3080467966856393,-28.019024593028956,-4.81571435522528,-0.6072471814219561,-0.37363951406299895,0.8617163172829847,0.003961509547545781,0.0018158963756547987,-0.005242604562316636
safe_graph_adp,1044.0,-0.8977334597529714,-28.758438541388994,-3.106241708388723,-0.5985286911729708,-0.36578101016699943,0.8477556001843032,0.005196931178666451,0.002565072374282572,-0.006985425585348634
safe_graph_adp,1046.0,-2.0835704468751866,-29.48069156243676,-1.4281804171677623,-0.587302798936999,-0.3564804779439211,0.8303049750694631,0.0064358103470229305,0.0033086496876905255,-0.008728210843282201
safe_graph_adp,1048.0,-3.2444358005276954,-30.182922195781156,0.21148987814992992,-0.573555955149254,-0.3457605238765011,0.8093646206610656,0.007678140709603634,0.004046612683255206,-0.010470951413126824
safe_graph_adp,1050.0,-4.375274133906478,-30.862314286407077,1.8057899304348335,-0.5572746867588811,-0.33364384680028497,0.7849347513944942,0.008923915905726996,0.00477894575709824,-0.012213638372120764
safe_graph_adp,1052.0,-5.4710031908301335,-31.516097168976742,3.3477409571395285,-0.5384455974743132,-0.32015323749916036,0.7570156174162674,0.010173129557074069,0.005505633334166232,-0.013956262797776803
safe_graph_adp,1054.0,-6.526513999503201,-32.141545851320835,4.830364711719075,-0.5170553680079062,-0.30531157829962197,0.7256075045821178,0.01142577526772111,0.006226659868310497,-0.015698815767927872
safe_graph_adp,1056.0,-7.536671026768027,-32.7359811971169,6.246683555047276,-0.49309075631985355,-0.28914184266377213,0.6907107344547967,0.012681846624172401,0.006942009842366659,-0.017441288360772748
safe_graph_adp,1058.0,-8.496312332843745,-33.29677010775248,7.589720526828276,-0.4665385978613763,-0.2716670947810603,0.652325664301605,0.013941337195393052,0.007651667768234109,-0.01918367165492174
safe_graph_adp,1060.0,-9.400249726550898,-33.821325703370476,8.852499417002948,-0.43738580581718745,-0.2529104891587651,0.6104526870916491,0.015204240532841924,0.008355618186955297,-0.020925956729442377
safe_graph_adp,1062.0,-10.243268921020277,-34.307107503094215,10.028044837149515,-0.40561937134722786,-0.23289527021122197,0.5650922314928237,0.01647055017050465,0.009053845668794875,-0.022668134663905045
safe_graph_adp,1064.0,-11.02012968988449,-34.75162160442973,11.10938229187787,-0.3712263638276722,-0.2116447718478014,0.5162447618685195,0.01774025962492675,0.009746334813318703,-0.024410196538428693
safe_graph_adp,1066.0,-11.725566023950812,-35.15242086184272,12.089538250217021,-0.3341939310912023,-0.1891824170596395,0.46391077827405747,0.019013362395246817,0.010433070249472699,-0.026152133433726507
safe_graph_adp,1068.0,-12.35428628835385,-35.50710506450779,12.96154021699516,-0.29450929966654593,-0.16553171750512624,0.4080908164528486,0.020289851963229792,0.011114036635661536,-0.027893936431151532
safe_graph_adp,1070.0,-12.900973380186553,-35.81332111322734,13.718416804211746,-0.252159775017279,-0.14071627309415363,0.34878544783228005,0.021569721793300363,0.011789218659827192,-0.029635596612742385
safe_graph_adp,1072.0,-13.360284886608081,-36.0687631965178,14.353197802401098,-0.20713274177988908,-0.11475977157112863,0.2859952795193269,0.022852965332576407,0.012458601039527346,-0.03137710506126889
safe_graph_adp,1074.0,-13.726853243427062,-36.27117296586059,14.85891425198695,-0.15941566400109786,-0.08768598809675342,0.21972095429589006,0.024139576010902546,0.013122168522013623,-0.033118452860277744
safe_graph_adp,1076.0,-13.995285894158755,-36.418339710115475,15.228598514627391,-0.10899608537444083,-0.05951878482857754,0.14996315061386026,0.02542954724088377,0.013779905884309688,-0.03485963109413815
safe_graph_adp,1078.0,-14.160165449554626,-36.508100529093724,15.455284344549662,-0.05586162947610175,-0.030282110500324956,0.0767225825899081,0.026722872417919215,0.01443179793328919,-0.03660063084808749
safe_graph_adp,1080.0,-14.216049847602841,-36.538340506288776,15.532006959874268,-4.163336342344337e-17,-1.1449174941446927e-16,1.1102230246251565e-16,0.028019544920235905,0.015077829505753546,-0.03834144320827695
safe_graph_adp,1082.0,-14.178719298641836,-36.52552563915057,15.545892549694289,0.03734024103956595,0.012786703481192808,0.01388558389552831,0.018710163656343287,0.0064355862788518965,0.006962678693671764
safe_graph_adp,1084.0,-14.068336142346178,-36.48793984061346,15.58691913232008,0.07305209650513972,0.02477215959911928,0.0271409812257197,0.017867661213214772,0.006117611881116476,0.006647620688971739
safe_graph_adp,1086.0,-13.88816251236533,-36.42717059743714,15.653826198145024,0.10713021104247201,0.035971380359875765,0.03976605605242852,0.017024002862436056,0.005803452817198625,0.006332528648720788
safe_graph_adp,1088.0,-13.641471201510047,-36.34477533776888,15.745352972139823,0.13956928085693326,0.04639941233089761,0.051760678891249405,0.016179192923504,0.00549311430834818,0.006017404186177501
safe_graph_adp,1090.0,-13.33154555854696,-36.242281362293426,15.860238426760999,0.17036405379962974,0.056071336368310604,0.06312472671251228,0.015333235721811564,0.005186601556253893,0.005702248914766469
safe_graph_adp,1092.0,-12.961679384821394,-36.12118577592865,15.997221294861308,0.1995093294530336,0.06500226734384057,0.07385808294222772,0.014486135588625638,0.004883919743016791,0.005387064448070023
safe_graph_adp,1094.0,-12.535176830709428,-35.982955420067825,16.15504008260201,0.22699995921612648,0.07320735387128346,0.0839606374629828,0.013637896861064895,0.0045850740311236555,0.005071852399819974
safe_graph_adp,1096.0,-12.055352291900139,-35.82902680536938,16.33243308236687,0.2528308463890556,0.08070177803253838,0.09343228661478731,0.012788523882077536,0.004290069563420575,0.004756614383889348
safe_graph_adp,1098.0,-11.525530305509031,-35.66080604509504,16.528138385677803,0.27699694625730187,0.08750075510320592,0.10227293319587039,0.011938021000419108,0.003998911463086622,0.004441352014284126
safe_graph_adp,1100.0,-10.949045446023616,-35.47966878899719,16.740893896112077,0.299493266175359,0.09361953327775431,0.11048248646342759,0.011086392570630195,0.00371160483360763,0.004126066905134978
safe_graph_adp,1102.0,-10.329242221082122,-35.28696015775632,16.96943734222093,0.32031486564992345,0.09907339339425564,0.11806086213431831,0.010233642953014165,0.003428154758750045,0.0038107606706889972
safe_graph_adp,1104.0,-9.669474967086312,-35.08399467796949,17.21250629044957,0.3394568564225937,0.10387764865869474,0.12500798238571365,0.009379776513614796,0.003148566302534924,0.0034954349253014418
safe_graph_adp,1106.0,-8.973107744649406,-34.87205621769053,17.468838158058386,0.3569144025520788,0.108047644368853,0.13132377585569463,0.008524797624193973,0.0028728445092119767,0.003180091283427464
safe_graph_adp,1108.0,-8.243514233880056,-34.6523979225229,17.737170226045333,0.372682720495915,0.11159875763776965,0.13700817764380085,0.007668710662209263,0.0026009944032337625,0.0028647313596138436
safe_graph_adp,1110.0,-7.484077629503401,-34.42624215226614,18.016239652069352,0.38675707919169033,0.11454639711678288,0.14206112931152953,0.006811520010791527,0.0023330209892299548,0.0025493567684907216
safe_graph_adp,1112.0,-6.698190535820155,-34.19478041811652,18.304783483374738,0.39913280013777563,0.11690600271815331,0.14648257888278482,0.005953230058722468,0.002068929251981718,0.0022339691247633383
safe_graph_adp,1114.0,-5.88925486150473,-33.95917332042296,18.601538669716355,0.4098052574735622,0.11869304533727205,0.15027248084427766,0.00509384520041218,0.0018087241563961903,0.0019185700432037666
safe_graph_adp,1116.0,-5.060681714243377,-33.72055048699892,18.905242076285614,0.4187698780592046,0.11992302657445611,0.15343079614587585,0.004233369835876612,0.0015524106474810598,0.0016031611386426317
safe_graph_adp,1118.0,-4.215891295213335,-33.48001051199107,19.214630496637085,0.42602214155486845,0.12061147845633326,0.15595749220090463,0.003371808370715063,0.0012999936503192467,0.0012877440259608562
safe_graph_adp,1120.0,-3.3583127934039823,-33.23862089530567,19.528440665615676,0.43155758049948223,0.12077396315681903,0.15785254288639755,0.0025091652160876498,0.0010514780700436887,0.0009723203200813916
safe_graph_adp,1122.0,-2.491384279780983,-32.99741798259335,19.84540927228425,0.43537178038899244,0.12042607271768821,0.15911592854329776,0.0016454447886926579,0.0008068687918122229,0.0006568916359609425
safe_graph_adp,1124.0,-1.6185526012944136,-32.75740690579314,20.164272972851602,0.43746037975412166,0.11958342876874328,0.1597476359766096,0.0007806515107439865,0.0005661706807825796,0.00034145958858169956
safe_graph_adp,1126.0,-0.7432732747318787,-32.51956152423663,20.483768403600692,0.4378190702376286,0.1182616822475823,0.15974765845550057,-8.521019005151078e-05,0.0003293885820874699,2.602579294307735e-05
safe_graph_adp,1128.0,0.13098961958240052,-32.28482436631292,20.80263219381703,0.43644359667106947,0.11647651311896859,0.1591159957133538,-0.0009521358805167021,9.652732080977654e-05,-0.0002894081359465601
safe_graph_adp,1130.0,1.0007635442415177,-32.05410657169528,21.119600978717106,0.4333297571510599,0.11424363009380488,0.1578526539477707,-0.001820121122026878,-0.00013240829804214488,-0.0006048405830781645
safe_graph_adp,1132.0,1.8625676113618388,-31.828287834130208,21.433411412376802,0.4284734031150374,0.11157877034771416,0.15595764582052407,-0.00268916147053246,-0.000357413489559071,-0.0009202699334502767
safe_graph_adp,1134.0,2.712912689339983,-31.60821634478977,21.742800180659625,0.42187043941652247,0.10849769923922986,0.15343099045746156,-0.003559252476581767,-0.000578483488955409,-0.0012356945720772916
safe_graph_adp,1136.0,3.5483015097598254,-31.3947087361879,22.04650401414473,0.413516824399879,0.10501621002759777,0.1502727134483595,-0.0044303896853438015,-0.0007956135515935923,-0.0015511128839977304
safe_graph_adp,1138.0,4.365228774448517,-31.188550026661517,22.34325970105458,0.40340856997457253,0.10115012359019213,0.14648284684672708,-0.005302568636631037,-0.001008798953008372,-0.0018665232542825032
safe_graph_adp,1140.0,5.160181262680521,-30.990493565417164,22.63180410018218,0.39154174168892564,0.09691528813954853,0.14206142916956097,-0.006175784864922277,-0.0012180349889310041,-0.002181924068043183
safe_graph_adp,1142.0,5.9296379385286535,-30.801260978143997,22.910874153817744,0.3779124588033706,0.09232757894001592,0.13700850539705023,-0.007050033899385503,-0.001423316975313342,-0.00249731371044027
safe_graph_adp,1144.0,6.670070058361132,-30.621542113193815,23.179206900674764,0.36251689436319756,0.08740289802403033,0.13132412697223156,-0.00792531126390078,-0.0016246402483518084,-0.0028126905666914642
safe_graph_adp,1146.0,7.377941278483606,-30.45199498832894,23.4355394888153,0.3453512752707986,0.08215717390801273,0.12500835180059508,-0.008801612477083146,-0.0018220001645112823,-0.0031280530220799286
safe_graph_adp,1148.0,8.04970776292518,-30.293245738038667,23.67860918857446,0.3264118823574065,0.07660636130789358,0.11806124424964035,-0.009678933052305595,-0.002015392100548871,-0.0034433994619625565
safe_graph_adp,1150.0,8.681818291367405,-30.145888561425036,23.907153405483914,0.3056950504543272,0.07076644085426648,0.11048287514838277,-0.010557268497722016,-0.0022048114535375796,-0.0037587282717782447
safe_graph_adp,1152.0,9.270714367215223,-30.01048567065867,24.11990969319441,0.2831971684636669,0.0646534188071735,0.1022733217868105,-0.011436614316290207,-0.00239025364088988,-0.004074037837056149
safe_graph_adp,1154.0,9.812830325808873,-29.887567240005406,24.31561576639711,0.25891467942855073,0.0582833267705247,0.09343266791529159,-0.012316966005794896,-0.0025717141003811705,-0.004389326543423963
safe_graph_adp,1156.0,10.304593442775705,-29.777631355424447,24.493009513743733,0.23284408060283485,0.051672221406154246,0.08396100374393162,-0.013198319058870792,-0.0027491882901731386,-0.0047045927766161694
safe_graph_adp,1158.0,10.742424042520932,-29.681143964738766,24.65082901076533,0.2049819235203094,0.044836184147515695,0.07385842594188174,-0.014080668963025662,-0.00292267168883701,-0.00501983492248232
safe_graph_adp,1160.0,11.122735606856269,-29.598538828378484,24.78781253278965,0.17532481406339304,0.037791320913019004,0.06312503763659703,-0.014964011200663438,-0.0030921597953767017,-0.005335051366995287
safe_graph_adp,1162.0,11.441934883765445,-29.53021747069792,24.902698567856948,0.14386941253131771,0.030553761819011684,0.05176094841304532,-0.01584834124910734,-0.003257648129251868,-0.005650240496259539
safe_graph_adp,1164.0,11.696421996305588,-29.47654913186704,24.994225829634182,0.11061243370780316,0.023139660892406665,0.03976627431286642,-0.016733654580623043,-0.0034191322304008348,-0.005965400696519391
safe_graph_adp,1166.0,11.882590551643442,-29.437870720337987,25.061133270327478,0.07555064692822083,0.01556519578295941,0.027141137833481765,-0.017619946662441842,-0.003576607659263441,-0.006280530354167275
safe_graph_adp,1168.0,11.996827750225398,-29.414486765887435,25.10216009359275,0.038680876146246296,0.007846567475196747,0.013885667927154483,-0.01850721295678388,-0.003730069996803767,-0.006595627855752004
safe_graph_adp,1170.0,12.035514495080317,-29.406669373235406,25.116045767444408,-2.636779683484747e-16,3.469446951953614e-18,-1.2836953722228372e-16,-0.01939544892088137,-0.003879514844532758,-0.006910691587987024
safe_graph_adp,1172.0,12.053573773724809,-29.304604799325492,25.137254665862354,0.018136273046857193,0.10205089473255825,0.0212088893688765,0.008906424968731976,0.051045879031925784,0.0106366020336081
safe_graph_adp,1174.0,12.107682866950526,-29.00318056565981,25.199918811805006,0.036046284129919004,0.19935983041254235,0.04145522983727343,0.00856760640865871,0.048715685063724756,0.010155381467060583
safe_graph_adp,1176.0,12.197347252962397,-28.5118763893111,25.302112898999294,0.05368803794121982,0.2919310397470586,0.06073881375453891,0.008218377722721326,0.04638704796360848,0.00967410890536785
safe_graph_adp,1178.0,12.321988438496355,-27.84016323770505,25.441911215728137,0.07101955842661363,0.37976903966155573,0.07905944332748428,0.00785874069895666,0.044060014838228245,0.009192786812626079
safe_graph_adp,1180.0,12.480943998074821,-26.99750276028825,25.617387664546897,0.08799888953359207,0.46287863119457556,0.09641693062190378,0.007488697178691831,0.041734632786023074,0.008711417653185054
safe_graph_adp,1182.0,12.67346761475763,-25.993346720410596,25.82661578200279,0.10458409595890569,0.5412648993886375,0.11281109756401876,0.007108249056534803,0.039410948896978534,0.00823000389163554
safe_graph_adp,1184.0,12.898729122387998,-24.83713642742973,26.067668758357122,0.12073326389598202,0.6149332131772587,0.12824177594184613,0.006717398280364683,0.037089010252385715,0.007748547992796657
safe_graph_adp,1186.0,13.155814549333115,-23.538302169045327,26.33861945731019,0.13640450178213376,0.6838892252681087,0.14270880740649108,0.006316146851321738,0.03476886392460006,0.007267052421703269
safe_graph_adp,1188.0,13.443726163718944,-22.106262643870938,26.637540435728667,0.1515559410455508,0.7481388720223028,0.15621204347336404,0.005904496823797178,0.03245055697680047,0.006785519643593363
safe_graph_adp,1190.0,13.761382520158774,-20.550424394251106,26.962503963375376,0.16614573685206924,0.8076883733298321,0.16875134552332188,0.005482450305422608,0.03013413646274827,0.0063039521238954215
safe_graph_adp,1192.0,14.107618507975092,-18.880181239331474,27.31158204264125,0.1801320688517108,0.8625442324811339,0.1803265848037335,0.005050009457059246,0.027819649426546324,0.005822352328215805
safe_graph_adp,1194.0,14.48118540091429,-17.104913708389624,27.68284642827935,0.19347314192498652,0.9127132360348013,0.19093764242946948,0.004607176492786866,0.025507142902398187,0.005340722722326122
safe_graph_adp,1196.0,14.880750908353745,-15.233988474434359,28.07436864714081,0.20612718692895787,0.9582024536814354,0.20058440938381594,0.004153953679892466,0.023196663914367255,0.004859065772150608
safe_graph_adp,1198.0,15.304899228000766,-13.276757788081113,28.484220017912488,0.21805246144304855,0.9990192381036399,0.20926678651931283,0.003690343338858643,0.020888259476136015,0.004377383943753508
safe_graph_adp,1200.0,15.752131100082917,-11.242558911711262,28.910471670856264,0.2292072505146009,1.0351712248321592,0.21698468455851622,0.0032163478433517127,0.01858197659076536,0.003895679703326429
safe_graph_adp,1202.0,16.220863863029187,-9.140713553922982,29.35119456754976,0.23954986740417006,1.0666663320981622,0.22373802409468496,0.0027319696202095815,0.01627786225045388,0.0034139555171757412
safe_graph_adp,1204.0,16.709431510641487,-6.980527304281418,29.80445952062837,0.2490386543305495,1.0935127606816735,0.22952673559239148,0.002237211149429299,0.013975963436297346,0.0029322138517099278
safe_graph_adp,1206.0,17.21608475075591,-4.77128906837583,30.268337213528415,0.2576319832155211,1.1157189937561507,0.23435075938805672,0.0017320749641543598,0.011676327118048103,0.0024504571734269617
safe_graph_adp,1208.0,17.73899106539323,-2.5222705031914336,30.74089822023133,0.2652882564283237,1.1332937967292134,0.2382100456904094,0.001216563650661745,0.009379000253874625,0.001968687948901692
safe_graph_adp,1210.0,18.276234772398027,-0.24272545280364133,31.220213025008654,0.2719659075298332,1.1462462170795202,0.24110455458086943,0.0006906798483486752,0.007084029790121045,0.001486908644773197
safe_graph_adp,1212.0,18.825817088565906,2.058110615597609,31.70435204216774,0.2776234020164479,1.1545855841898005,0.24303425601385545,0.0001544262497190931,0.004791462661066839,0.001005121727732164
safe_graph_adp,1214.0,19.385656194258164,4.371021175345741,32.191385635797985,0.2822192380636725,1.1583215091760382,0.24399912981701663,-0.0003921943996301105,0.002501345788686504,0.0005233296645082517
safe_graph_adp,1216.0,19.953587299503322,6.6868092035899505,32.67938413951745,0.2857119472693939,1.1574638847128111,0.24399916569138874,-0.0009491793010231722,0.0002137260824093154,4.153492185747856e-05
safe_graph_adp,1218.0,20.52736271158491,8.996297744234447,33.16641787621975,0.28806009539684324,1.1520228848547873,0.2430343632114742,-0.0015165256027197638,-0.0020713495611208326,-0.0004402600334504278
safe_graph_adp,1220.0,21.10465190411484,11.290330470516848,33.65055717782095,0.28922228311723625,1.1420089648543794,0.24110473182524647,-0.002094230399929606,-0.004353834258285548,-0.0009220527346446451
safe_graph_adp,1222.0,21.683041587591728,13.559772247218046,34.1298724050065,0.2891571467520867,1.1274328609755586,0.23821029085407863,-0.002682290734827342,-0.00663368113873199,-0.0014038407149658955
safe_graph_adp,1224.0,22.260035781443545,15.795509692495859,34.60243396697786,0.2878233590151857,1.1083055903038308,0.23435106949259607,-0.0032807035965676775,-0.008910843345612826,-0.0018856215076790694
safe_graph_adp,1226.0,22.83305588755384,17.9884517393348,35.066312341198795,0.2851796297542403,1.084638450552375,0.22952710680845345,-0.003889465921300803,-0.01118527403582614,-0.0023673926460858613
safe_graph_adp,1228.0,23.399440765270924,20.129530196604275,35.519578093141156,0.28118470669216566,1.056443019864347,0.2237384517420358,-0.00450857459218805,-0.013456926380255268,-0.002849151663537391
safe_graph_adp,1230.0,23.956446807899283,22.20970030971759,35.960301896029954,0.27579737616802297,1.0237311566113507,0.21698516310608382,-0.0051380264394179035,-0.015725753564008568,-0.003330896093446838
safe_graph_adp,1232.0,24.5012480206725,24.21994132088402,36.386554550587654,0.2689764638775981,0.9865149991880755,0.20926730958524342,-0.005777818240222183,-0.01799170878665914,-0.0038126234693020723
safe_graph_adp,1234.0,25.03093610020697,26.15125702894635,36.79640700477744,0.2606808356136132,0.9448069658031057,0.20058496973553938,-0.006427946718892566,-0.020254745262484344,-0.004294331324678277
safe_graph_adp,1236.0,25.54252051543567,27.994676348796226,37.18793037354541,0.2508693980055656,0.8986197542659011,0.19093823198377327,-0.007088408546797353,-0.022514816220705475,-0.00477601719325058
safe_graph_adp,1238.0,26.032928590021232,29.741253870359593,37.55919595856143,0.239501099259187,0.8479663417699516,0.1803271946268456,-0.0077592003423985105,-0.024771874905727097,-0.005257678608806682
safe_graph_adp,1240.0,26.499005586247538,31.38207041714465,37.908275267958615,0.2265349298955168,0.7928599846721072,0.1687519658310021,-0.008440318671268992,-0.02702587457737655,-0.005739313105259481
safe_graph_adp,1242.0,26.937514790389073,32.908233604344645,38.233240036071166,0.2119299234895829,0.7333142182680863,0.1562126636310043,-0.009131760046110311,-0.029276768511143168,-0.006220918216659701
safe_graph_adp,1244.0,27.34513759955726,34.31087839648784,38.53216224317053,0.19564515740868352,0.669342856564163,0.1427094159292243,-0.0098335209267704,-0.03152450999841752,-0.006702491477208514
safe_graph_adp,1246.0,27.71847361002291,35.58116766462706,38.80311413519965,0.1776397535502635,0.6009599920450358,0.1282423604946637,-0.01054559772026173,-0.03376905234673061,-0.007184030421270168
safe_graph_adp,1248.0,28.054040707014085,36.71029274306115,39.04416824350515,0.15787287907937872,0.5281799954378803,0.11281164496189691,-0.011267986780779725,-0.03601034887999289,-0.007665532583384612
safe_graph_adp,1250.0,28.34827515598839,37.68947398558072,39.25339740456739,0.136303747165742,0.4510175154725875,0.0964174268299386,-0.012000684409721405,-0.03824835293873326,-0.008146995498280114
safe_graph_adp,1252.0,28.59753169537899,38.50996132123055,39.42887477972811,0.11289161772034424,0.3694874786381896,0.07905987346103541,-0.012743686855704345,-0.040483017880337945,-0.008628416700885887
safe_graph_adp,1254.0,28.79808363081343,39.163034809581056,39.56867387491567,0.08759579813164398,0.2836050889354756,0.06073916207938189,-0.013496990314585858,-0.04271429707928932,-0.009109793726344712
safe_graph_adp,1256.0,28.94612293080437,39.64000519550117,39.67086856036752,0.06037564400131924,0.19338582762579895,0.041455479769760856,-0.014260590929482496,-0.04494214392740466,-0.00959112411002555
safe_graph_adp,1258.0,29.03776032391142,39.932214463425,39.73353309035004,0.031190559879575086,0.0988454529760793,0.02120902347610783,-0.015034484790789775,-0.04716651183407467,-0.010072405387536175
safe_graph_adp,1260.0,29.0690253973731,40.031036391104735,39.75474212287526,2.220446049250313e-16,5.134781488891349e-16,-1.1449174941446927e-16,-0.01581866793620221,-0.04938735422650216,-0.01055363509473577
safe_graph_adp,1262.0,29.096998732867426,40.01139482724505,39.70280591725758,0.027958540860813876,-0.01966265142453476,-0.05193618345837579,0.013889832196216315,-0.009799677613298816,-0.025917228196038554
safe_graph_adp,1264.0,29.179497102674535,39.95315482507075,39.54935440362135,0.05452565312912626,-0.03859738883778843,-0.10151526470570402,0.0132375738913481,-0.009374032802049806,-0.024738809040524536
safe_graph_adp,1266.0,29.31374564625832,39.85778439129081,39.29910229556636,0.07970933908320299,-0.05679203958902182,-0.14873673657587888,0.012587451830010527,-0.008945441050110156,-0.023560263223301858
safe_graph_adp,1268.0,29.496985548029706,39.72677582229062,38.956765296885955,0.1035176413703571,-0.07423448668300103,-0.19360011604186414,0.011939469340802436,-0.008513912032514503,-0.022381596778477782
safe_graph_adp,1270.0,29.72647411793407,39.56164559260846,38.52706005328521,0.12595864285622563,-0.09091266899242274,-0.2361049442194013,0.011293629741368154,-0.008079455439336176,-0.02120281574077715
safe_graph_adp,1272.0,29.999484871736836,39.36393424298783,38.01470410409177,0.1470404664736707,-0.10681458146955718,-0.27625078637053263,0.01064993633838048,-0.007642080975637559,-0.020023926145511538
safe_graph_adp,1274.0,30.31330761100652,39.135206268007394,37.424415833959934,0.166771275071306,-0.12192827535710718,-0.3140372319069385,0.010008392427523787,-0.0072017983614204185,-0.018844934028548314
safe_graph_adp,1276.0,30.665248502794434,38.87705000328988,36.76091442456818,0.18515927126165055,-0.1362418583982814,-0.34946389439308945,0.009369001293477132,-0.0067586173315761396,-0.017665845426279768
safe_graph_adp,1278.0,31.05263015901034,38.59107751229169,36.02891980631061,0.20221269726891014,-0.14974349504607973,-0.3825304115492128,0.008731766209897436,-0.006312547635835879,-0.01648666637559219
safe_graph_adp,1280.0,31.472791715493294,38.278924472674696,35.23315260998264,0.21793983477638884,-0.16242140667178925,-0.41323644525407355,0.008096690439402743,-0.005863599038720641,-0.01530740291383495
safe_graph_adp,1282.0,31.923088910776926,37.942250062261856,34.37833411846129,0.2323490047735312,-0.1742638717726888,-0.44158168154757,0.00746377723355548,-0.005411781319491295,-0.014128061078789625
safe_graph_adp,1284.0,32.400894164548475,37.5827368445782,33.46918621838051,0.2454485674025968,-0.18525922617896035,-0.4675658306331437,0.006833029832845847,-0.004957104272098496,-0.012948646908639016
safe_graph_adp,1286.0,32.903596655800754,37.202090653978786,32.51043135180182,0.2572469218049683,-0.19539586325980549,-0.491188626880004,0.006204451466675194,-0.004499577705132548,-0.011769166441936318
safe_graph_adp,1288.0,33.428602400676425,36.80204048036522,31.506792467880743,0.2677525059670946,-0.20466223412876494,-0.5124498288251668,0.005578045353339515,-0.004039211441773183,-0.010589625717574151
safe_graph_adp,1290.0,33.97333433000374,36.38433835349236,30.462992974529303,0.27697379656607046,-0.21304684784823968,-0.5313492191753079,0.004953814700012948,-0.0035760153197392586,-0.009410030774753633
safe_graph_adp,1292.0,34.53523236652312,35.950759226866744,29.383756690075025,0.2849193088148535,-0.22053827163321155,-0.5478866048084308,0.0043317627027313664,-0.0031099991912383954,-0.008230387652953502
safe_graph_adp,1294.0,35.111753501803776,35.503100861238394,28.27380779491676,0.29159759630712045,-0.22712513105416163,-0.5620618167753487,0.003711892546376011,-0.0026411729229165355,-0.007050702391899161
safe_graph_adp,1296.0,35.70037187284973,35.04318370768759,27.137870783177767,0.29701725086176395,-0.23279611023918495,-0.5738747103009814,0.0030942074046571887,-0.002169546395807428,-0.005870981031531764
safe_graph_adp,1298.0,36.2985788383944,34.5728507903082,25.980670414356368,0.3011869023670308,-0.23753995207529915,-0.5833251647854654,0.002478710440098013,-0.001695129505282031,-0.004691229611977297
safe_graph_adp,1300.0,36.90388305488317,34.09396758848926,24.80693166497455,0.3041152186243037,-0.24134545840894595,-0.5904130838050801,0.0018654048040182211,-0.0012179321609978478,-0.00351145417351564
safe_graph_adp,1302.0,37.51381055214313,33.60842191879624,23.621379680224933,0.3058109051915275,-0.24420149024568305,-0.5951383951129867,0.0012542936365180376,-0.0007379642868481984,-0.002331660756549652
safe_graph_adp,1304.0,38.125904808739335,33.11812381645389,22.428739725616442,0.30628270522628104,-0.2460969679490654,-0.5975010506397828,0.0006453800664620946,-0.0002552358209114018,-0.001151855401574236
safe_graph_adp,1306.0,38.73772682701684,32.62500541643201,21.23373713861902,0.3055393993284968,-0.24702087143871354,-0.59750102649387,3.8667211463410084e-05,0.00023024328460009911,2.7955850854567005e-05
safe_graph_adp,1308.0,39.34685520782783,32.131020834135974,20.04109728030783,0.30358980538282865,-0.2469622403875674,-0.5951383229616377,-0.0005658418221325633,0.000718463063390707,0.0012077669601505449
safe_graph_adp,1310.0,39.950886224943126,31.638146045703508,18.855545487007273,0.3004427784006703,-0.24591017441832402,-0.590412964507459,-0.0011681439392638533,0.001209413535132679,0.0023875718857281937
safe_graph_adp,1312.0,40.5474338991474,31.148378767909456,17.681807021935164,0.2961072103618246,-0.2438538332990574,-0.5833249997735027,-0.0017682360561678107,0.0017030847055172344,0.003567364587033682
safe_graph_adp,1314.0,41.13413007201736,30.663738337680105,16.524607026847512,0.29059203005582596,-0.2407824371380185,-0.5738745015793595,-0.0023661151003969033,0.002199466566305732,0.004747139023575764
safe_graph_adp,1316.0,41.70862447938225,30.186265591218717,15.388670473684215,0.28390620292291713,-0.23668526657761405,-0.5620615669214811,-0.002961778010834437,0.002698549095380894,0.005926889154956719
safe_graph_adp,1318.0,42.26858482446594,29.718022742743962,14.278722116216052,0.27605873089468125,-0.23155166298756216,-0.5478863169724357,-0.003555221737710233,0.00320032225679814,0.0071066089409032515
safe_graph_adp,1320.0,42.81169685070994,29.26109326284283,13.19948644169337,0.26705865223433123,-0.22537102865722342,-0.5313488970799762,-0.004146443242616245,0.003704776000836952,0.008286292341297442
safe_graph_adp,1322.0,43.3356644142767,28.81758175643973,12.155687622496808,0.2569150413766574,-0.21813282698710523,-0.5124494767659238,-0.004735439498522117,0.004211900264052341,0.009465933316207664
safe_graph_adp,1324.0,43.83820955623237,28.389613840383387,11.152049467790441,0.245637008767635,-0.20982658267953824,-0.4911882497248654,-0.005322207489790676,0.004721684969326365,0.010645525825919506
safe_graph_adp,1326.0,44.317072574408535,27.97933602065324,10.193295375177714,0.23323370070369295,-0.20044188192852289,-0.46756543382266585,-0.005906744212193371,0.005234120025919728,0.011825063830966693
safe_graph_adp,1328.0,44.770012094942075,27.58891556918696,9.284148282360547,0.21971429917064517,-0.18996837260874444,-0.4415812710947941,-0.006489046672925662,0.005749195329523436,0.013004541292162018
safe_graph_adp,1330.0,45.19480514349259,27.220540400330773,8.429330618801957,0.20508802168228593,-0.178395764463755,-0.4132360277444643,-0.007069111890622341,0.006266900762310547,0.014183952170628254
safe_graph_adp,1332.0,45.58924721613667,26.876418946914267,7.633564257392596,0.1893641211186508,-0.16571382929332057,-0.3825299941405907,-0.007646936895372789,0.006787226192987951,0.01536329042782907
safe_graph_adp,1334.0,45.951152349938376,26.558780035951326,6.901570466121559,0.1725518855639443,-0.15191240113993182,-0.3494634848155577,-0.008222518728736191,0.007310161476848262,0.016542550025599963
safe_graph_adp,1336.0,46.27835319319519,26.269872763968884,6.238069859751839,0.15466063814413594,-0.13698137647447664,-0.31403683846280384,-0.008795854443756678,0.007835696455821748,0.01772172492617916
safe_graph_adp,1338.0,46.56870107535888,26.011966371965173,5.647782351500801,0.13569973686422593,-0.12091071438107312,-0.2762504179342203,-0.009366941104978417,0.008363820958528341,0.01890080909223852
safe_graph_adp,1340.0,46.82006607663055,25.787350119999154,5.135427104726041,0.11567857444518201,-0.103690436741061,-0.2361046102373641,-0.009935775788460641,0.008894524800329722,0.020079796486914478
safe_graph_adp,1342.0,47.030337097229236,25.598333161412803,4.705722484617007,0.09460657816054882,-0.08531062841615034,-0.1935998265324858,-0.010502355581792617,0.009427797783381445,0.02125868107383893
safe_graph_adp,1344.0,47.19742192633337,25.447244416687937,4.363386009892749,0.07249320967273129,-0.0657614374307254,-0.14873650212937153,-0.01106667758410856,0.009963629696685183,0.02243745681717013
safe_graph_adp,1346.0,47.319247310694536,25.33643244693928,4.113134304506172,0.04934796486895341,-0.0450330751533026,-0.10151509648399965,-0.011628738906102484,0.010502010316140977,0.023616117681623625
safe_graph_adp,1348.0,47.39375902292278,25.26826532704548,3.9596830493551565,0.025180373696893844,-0.023115816477140404,-0.051936093195012016,-0.012188536670042993,0.011042929404599593,0.024794657632503134
safe_graph_adp,1350.0,47.41892192944288,25.245130518419725,3.907746934000928,-1.97758476261356e-16,-5.898059818321144e-17,1.0408340855860843e-16,-0.012746068009788026,0.011586376711914948,0.025973070635731437
safe_graph_adp,1352.0,47.37112638967317,25.261412892754656,3.8419890302617334,-0.04778329287935319,0.016318414602278952,-0.06575787568266886,-0.02409209389881989,0.008105133021252674,-0.03287396401887279
safe_graph_adp,1354.0,47.230041112553906,25.309874863095988,3.6476997055868923,-0.09329020291991927,0.03217787905807259,-0.12853136609602114,-0.022989945295922826,0.007770113050048609,-0.03138193844986995
safe_graph_adp,1356.0,47.00021229036888,25.389578270397596,3.330848375807957,-0.13652731297270493,0.04755813957927377,-0.1883198284940526,-0.021889677219571895,0.007430109595141759,-0.029889752206602713
safe_graph_adp,1358.0,46.68617288172685,25.499544494976153,2.897405711685961,-0.1775012738432371,0.06243898936807357,-0.24512265069383676,-0.020791295303095442,0.007085131179542583,-0.028397412929004683
safe_graph_adp,1360.0,46.29244247578301,25.638754550850035,2.353343577780522,-0.21621880416094066,0.07680026897513503,-0.2989392510802264,-0.019694805170164777,0.00673518635173314,-0.026904928257793052
safe_graph_adp,1362.0,45.82352715672238,25.806149180793845,1.7046349713097895,-0.25268669024788076,0.0906218666570868,-0.34976907861032003,-0.018600212434765336,0.006380283685623313,-0.025412305834429362
safe_graph_adp,1364.0,45.2839193685063,26.000628952107274,0.9572539610016952,-0.2869117859868712,0.1038837187333336,-0.3976116128176939,-0.017507522701167944,0.006020431780506924,-0.02391955330108049
safe_graph_adp,1366.0,44.678097779883366,26.221054353096854,0.11717562593697461,-0.31890101268895016,0.11656580994218028,-0.44246636381639926,-0.016416741563900175,0.005655639261017702,-0.022426678300579442
safe_graph_adp,1368.0,44.01052714966607,26.466245890269313,-0.8096240056155712,-0.34866135896022377,0.12864817379626642,-0.4843328723047241,-0.015327874607717623,0.0052859147770851185,-0.02093368847638625
safe_graph_adp,1370.0,43.2856581922743,26.734984186235074,-1.8171680173711033,-0.3761998805680798,0.1401108929373083,-0.5232107095687212,-0.014240927407575377,0.0049112670038901065,-0.019440591472548868
safe_graph_adp,1372.0,42.507927443547146,27.02601007832056,-2.8994786662075915,-0.4015237003067716,0.15093409949014525,-0.5590994774855,-0.013155905528599444,0.004531704641820641,-0.017947394933663978
safe_graph_adp,1374.0,41.68175712682411,27.338024717887894,-4.050577443351013,-0.4246400078623741,0.16109797541608703,-0.5919988085262848,-0.01207281452605826,0.004147236416427199,-0.016454106504837883
safe_graph_adp,1376.0,40.81155501929701,27.669689670360583,-5.2644851355664315,-0.4455560596771131,0.17058275286555957,-0.6219083657592369,-0.010991659945334267,0.003757871078378077,-0.014960733831647359
safe_graph_adp,1378.0,39.901714318633914,28.019627015953795,-6.535221886354481,-0.46427917881306824,0.17936871453004538,-0.6488278428520426,-0.009912447321895477,0.003363617403414592,-0.01346728456010051
safe_graph_adp,1380.0,38.956613509876235,28.386419451107805,-7.8568072571528,-0.48081675481525227,0.18743619399331618,-0.6727569640742662,-0.008835182181267187,0.0029644841923061474,-0.011973766336597629
safe_graph_adp,1382.0,37.98061623261032,28.76861039062321,-9.223260288541928,-0.49517624357406637,0.19476557608195413,-0.6936954842994673,-0.007759870039003643,0.0025604802708051825,-0.010480186807892027
safe_graph_adp,1384.0,36.97807114841478,29.164704070496438,-10.628599561455204,-0.5073651671871338,0.20133729721515906,-0.7116431890070837,-0.006686516400659833,0.002151614489601969,-0.008986553621050906
safe_graph_adp,1386.0,35.953311808584665,29.573165651454207,-12.066843258392202,-0.5173911138205124,0.20713184575383817,-0.7265998942840796,-0.005615126761763264,0.0017378957242793164,-0.007492874423416188
safe_graph_adp,1388.0,34.91065652213398,29.99242132318539,-13.53200922463522,-0.5252617375692876,0.2121297623489755,-0.7385654468263579,-0.004545706607785859,0.0013193328752671074,-0.005999156862565372
safe_graph_adp,1390.0,33.85440822407754,30.420858409268934,-15.018115029468355,-0.5309847583175473,0.21631164028927788,-0.7475397239399385,-0.003478261414115854,0.0008959348677967428,-0.00450540858627238
safe_graph_adp,1392.0,32.788854343993485,30.856825472796327,-16.519178027398716,-0.5345679615977388,0.21965812584809463,-0.7535226335419002,-0.0024127966460297657,0.00046771065185543994,-0.003011637242468383
safe_graph_adp,1394.0,31.718266674867763,31.298632422687177,-18.029215419379273,-0.5360191984494105,0.22214991862960745,-0.756514114161089,-0.001349317758664412,3.466920214041094e-05,-0.0015178504792026648
safe_graph_adp,1396.0,30.646901242221695,31.744550620696447,-19.542244314032885,-0.5353463852773389,0.2237677719142879,-0.7565141349385908,-0.0002878301969889852,-0.000403180481987088,-2.4055944603459944e-05
safe_graph_adp,1398.0,29.578998173523903,32.19281298911186,-21.052281788877046,-0.5325575037090416,0.22449249300361934,-0.7535226956279681,0.0007716606042228452,-0.0008458293765478352,0.0014697387131612227
safe_graph_adp,1400.0,28.518781567887856,32.641614119140016,-22.55334495154887,-0.5276606004516787,0.22430494356408023,-0.7475398265952639,0.0018291492204207207,-0.0012932684329908474,0.002963525845922719
safe_graph_adp,1402.0,27.47045936605618,33.08911037997973,-24.03945100102984,-0.5206637871483428,0.22318603997038572,-0.7385655888187678,0.0028846302373053976,-0.001745488578239698,0.00445729780555092
safe_graph_adp,1404.0,26.43822322067303,33.533420028581105,-25.504617288869863,-0.5115752402337397,0.2211167536479847,-0.7266000738885494,0.003938098250856464,-0.002202480714738985,0.0059510469439933746
safe_graph_adp,1406.0,25.426248366845705,33.972623320088886,-26.94286138041016,-0.5004032007892603,0.21807811141480915,-0.7116434040057552,0.004989547867360016,-0.0026642357205008964,0.007444765613314509
safe_graph_adp,1408.0,24.43869349299671,34.40476261896849,-28.348201116004496,-0.4871559743974457,0.2140511958222729,-0.693695731981671,0.0060389737034362324,-0.003130744449151924,0.008938446165734713
safe_graph_adp,1410.0,23.47970061200751,34.82784251081337,-29.714654672238318,-0.47184193099584637,0.20901714549551662,-0.6727572412365495,0.007086370386066991,-0.003601997729979687,0.010432080953669567
safe_graph_adp,1412.0,22.553394932655166,35.23982991483203,-31.03624062314531,-0.4544695047302765,0.2029571554728963,-0.6488281457982018,0.008131732552623342,-0.004077986367979895,0.011925662329768938
safe_graph_adp,1414.0,21.663884731343067,35.63865419701332,-32.30697800142089,-0.43504719380746526,0.19585247754471216,-0.6219086903003558,0.009175054850892981,-0.0045587011439034136,0.013419182646956174
safe_graph_adp,1416.0,20.815261224126953,36.02220728396839,-33.52088635963218,-0.413583560347106,0.1876844205911747,-0.5919991499807774,0.010216331939107643,-0.005044132814303468,0.014912634258467228
safe_graph_adp,1418.0,20.01159843903745,36.388343777447844,-34.671985831424024,-0.39008723023330466,0.1784343509196056,-0.5590998306791582,0.011255558485970462,-0.0055342721115829805,0.016406009517889855
safe_graph_adp,1420.0,19.256953088700307,36.73488106953247,-35.75429719272049,-0.36456689296542877,0.1680836926008697,-0.5232110688347681,0.012292729170683261,-0.00602910974404201,0.01789930077920269
safe_graph_adp,1422.0,18.555364443255538,37.05959945849614,-36.7618419229215,-0.3370313015083583,0.15661392780503572,-0.4843332314838718,0.01332783868297379,-0.006528636395925331,0.019392500396814456
safe_graph_adp,1424.0,17.910854203576633,37.36024226533918,-37.68864226609398,-0.30748927214213995,0.1440065971362626,-0.44246671625691186,0.014360881723122916,-0.00703284272747012,0.020885600725603096
safe_graph_adp,1426.0,17.327426374791102,37.63451595099081,-38.528721292157236,-0.2759496843110454,0.1302432999669083,-0.3976119513754559,0.015391853001991774,-0.007541719374953785,0.022378594120954887
safe_graph_adp,1428.0,16.809067140103444,37.88009023417895,-39.27610295806193,-0.24242148047203574,0.11530569477085839,-0.34976939564890913,0.016420747241048816,-0.008055256950741907,0.023871472938803612
safe_graph_adp,1430.0,16.35974473492183,38.094598209965966,-39.924812168962234,-0.2069136659426331,0.09917549945607136,-0.2989395384709919,0.017447559172396872,-0.008573446043336298,0.02536422953566969
safe_graph_adp,1432.0,15.983409321289592,38.27563646894866,-40.468874839380774,-0.16943530874820042,0.08183449169633783,-0.24512289981598281,0.018472283538800094,-0.009096277217423192,0.026856856268699287
safe_graph_adp,1434.0,15.683992862622782,38.42076521712106,-40.90231795436574,-0.1299955394686311,0.06326450926225059,-0.1883200302347263,0.019494915093710877,-0.009623741013921551,0.028349345495703497
safe_graph_adp,1436.0,15.465408998754906,38.52750839639827,-41.21916963063984,-0.08860355108444985,0.04344745035138273,-0.128531510850406,0.02051544860129674,-0.010155827950031499,0.02984168957519741
safe_graph_adp,1438.0,15.331552921290065,38.593353805799964,-41.41345917774053,-0.0452685988223259,0.022365273917670785,-0.0657579533540831,0.02153387883646711,-0.010692528519282866,0.0313338808664393
safe_graph_adp,1440.0,15.28630124926565,38.61575322329181,-41.479217159151105,2.7755575615628914e-17,1.700029006457271e-16,9.71445146547012e-17,0.022550200584900097,-0.011233833191583874,0.032825911729469665
safe_graph_adp,1442.0,15.285540281807446,38.627325399346105,-41.47921585749307,-0.0007522397586424122,0.011572743426707905,1.3016575108418857e-06,-0.00044791023516418737,0.005785510780147236,-5.2442174803732006e-05
safe_graph_adp,1444.0,15.28337775504601,38.66152198214861,-41.479212019391916,-0.0014019541771220004,0.02262432941905238,2.53644200172017e-06,-0.00042223838575243945,0.005523346385506809,-5.247560801002618e-05
safe_graph_adp,1446.0,15.280013963577753,38.71729997307519,-41.479205778062756,-0.001953899596009772,0.03315407780910236,3.7048844961399828e-06,-0.00039775969842213233,0.005261068513528101,-5.250877254331502e-05
safe_graph_adp,1448.0,15.275639687551848,38.79361504549304,-41.47919726565793,-0.002412834109747976,0.04316134075738551,4.807516696876709e-06,-0.00037447429850316226,0.004998682564112175,-5.2541668233797436e-05
safe_graph_adp,1450.0,15.270436189247965,38.88942160942643,-41.47918661326571,-0.002783517481193065,0.05264550276173865,5.8448709805006896e-06,-0.0003523823052158416,0.004736193937713435,-5.257429491304884e-05
safe_graph_adp,1452.0,15.264575209824905,39.00367287623983,-41.47917395090894,-0.003070711056144014,0.06160598066571614,6.8174803918969055e-06,-0.00033148383167028834,0.004473608035311997,-5.260665241402192e-05
safe_graph_adp,1454.0,15.258218966240205,39.135320923337396,-41.4791594075437,-0.0032791776778567424,0.0700422236665561,7.725878638779384e-06,-0.00031177898486584813,0.00421093025838602,-5.2638740571047594e-05
safe_graph_adp,1456.0,15.251520148340717,39.283316758877874,-41.47914311105802,-0.0034136816015453864,0.0779537133227044,8.570600086200626e-06,-0.0002932678656905445,0.003948166008884057,-5.267055921983576e-05
safe_graph_adp,1458.0,15.244621916124203,39.44661038650421,-41.47912518827054,-0.0034789884088711866,0.08533996356089646,9.352179751055913e-06,-0.0002759505689205648,0.0036853206891974024,-5.270210819747623e-05
safe_graph_adp,1460.0,15.237657897171959,39.62415087008681,-41.4791057649292,-0.0034798649224197205,0.09220052068279666,1.0071153296582612e-05,-0.0002598271832197726,0.003422399702132419,-5.273338734243951e-05
safe_graph_adp,1462.0,15.230752184252502,39.81488639847966,-41.47908496571,-0.0034210791201672503,0.09853496337119541,1.072805702685462e-05,-0.0002448977911392552,0.0031594084508828873,-5.276439649457762e-05
safe_graph_adp,1464.0,15.22401933309633,40.017764350288395,-41.47906291421568,-0.0033074000499369242,0.10434290269576374,1.132342788127171e-05,-0.00023116246911690025,0.002896352339002342,-5.279513549512495e-05
safe_graph_adp,1466.0,15.217564360341777,40.231731358649455,-41.47903973297448,-0.003143597743845589,0.10962398211836547,1.1857803429044112e-05,-0.00021862128747700518,0.002633236770376393,-5.2825604186699074e-05
safe_graph_adp,1468.0,15.211482741651992,40.45573337601939,-41.47901554343886,-0.00293444313274196,0.11437787749792681,1.2331721863672342e-05,-0.00020727431042991576,0.002370067149195073,-5.2855802413301475e-05
safe_graph_adp,1470.0,15.205860410003037,40.68871573897347,-41.4789904659843,-0.002684707960636905,0.11860429709486348,1.2745721997421988e-05,-0.00019712159607169938,0.002106848879925161,-5.288573002031848e-05
safe_graph_adp,1472.0,15.200773754143144,40.92962323301273,-41.47896461990802,-0.0023991646991265874,0.12230298157506504,1.310034325579401e-05,-0.0001881631963838453,0.001843587367282505,-5.2915386854521925e-05
safe_graph_adp,1474.0,15.196289617223123,41.17740015737851,-41.47893812342779,-0.0020825864618092245,0.12547370401343685,1.3396125671990123e-05,-0.00018039915723300017,0.0015802880162043673,-5.294477276407002e-05
safe_graph_adp,1476.0,15.192465295597946,41.43099038987366,-41.4789110936807,-0.0017397469186962108,0.12811626989699915,1.3633609881373673e-05,-0.00017382951837073264,0.001316956231821738,-5.297388759850808e-05
safe_graph_adp,1478.0,15.189348537799521,41.689337451689475,-41.47888364672199,-0.0013754202106183548,0.13023051712754352,1.381333711592578e-05,-0.0001684543134333298,0.0010535974194316607,-5.3002731208769333e-05
safe_graph_adp,1480.0,15.18697754368064,41.95138457223755,-41.478855897523836,-0.0009943808636279864,0.13181631602384666,1.3935849198696962e-05,-0.0001642735699416251,0.0007902169844695646,-5.303130344717564e-05
safe_graph_adp,1482.0,15.185380963730143,42.21607475398555,-41.478827959974176,-0.0006014037033976799,0.13287356932344146,1.4001688538254217e-05,-0.00016128730930085723,0.0005268203324815872,-5.3059604167438295e-05
safe_graph_adp,1484.0,15.18457789855928,42.48235083729613,-41.47879994687556,-0.00020126376961634903,0.13340221218394524,1.4011398123123502e-05,-0.0001594955468005608,0.00026341286909689144,-5.308763322465875e-05
safe_graph_adp,1486.0,15.18457789855928,42.74915556526805,-41.478771969943985,0.00020126376961653763,0.13340221218394524,1.3965521516227992e-05,-0.00015889829161448775,4.2777810814302337e-19,-5.311539047532935e-05
safe_graph_adp,1488.0,15.185380963730145,43.01543164857863,-41.478744139807745,0.0006014037033978676,0.13287356932344146,1.3864602849321662e-05,-0.00015949554680056073,-0.0002634128690968915,-5.314287577733409e-05
safe_graph_adp,1490.0,15.186977543680642,43.28012183032662,-41.47871656600631,0.0009943808636281727,0.13181631602384666,1.3709186817418674e-05,-0.00016128730930085712,-0.0005268203324815865,-5.3170088989949335e-05
safe_graph_adp,1492.0,15.189348537799525,43.5421689508747,-41.478689356989214,0.0013754202106185391,0.13023051712754352,1.349981867321838e-05,-0.0001642735699416248,-0.0007902169844695642,-5.319702997384451e-05
safe_graph_adp,1494.0,15.19246529559795,43.80051601269051,-41.47866262011491,0.0017397469186963925,0.12811626989699917,1.323704422152607e-05,-0.00016845431343332938,-0.0010535974194316596,-5.322369859108288e-05
safe_graph_adp,1496.0,15.196289617223126,44.05410624518565,-41.478636461649714,0.002082586461809403,0.12547370401343688,1.2921409813669433e-05,-0.00017382951837073215,-0.0013169562318217367,-5.325009470512218e-05
safe_graph_adp,1498.0,15.200773754143148,44.30188316955142,-41.47861098676669,0.002399164699126762,0.12230298157506507,1.2553462341910886e-05,-0.00018039915723299955,-0.0015802880162043668,-5.327621818081538e-05
safe_graph_adp,1500.0,15.205860410003043,44.542790663590665,-41.47858629954458,0.0026847079606370752,0.1186042970948635,1.2133749233855657e-05,-0.00018816319638384463,-0.0018435873672825044,-5.330206888441133e-05
safe_graph_adp,1502.0,15.211482741651999,44.775773026544734,-41.478562502966746,0.0029344431327421247,0.11437787749792684,1.1662818446855893e-05,-0.00019712159607169867,-0.002106848879925158,-5.332764668355546e-05
safe_graph_adp,1504.0,15.217564360341784,44.99977504391465,-41.47853969892011,0.0031435977438457477,0.10962398211836549,1.1141218462410582e-05,-0.00020727431042991506,-0.0023700671491950717,-5.335295144729047e-05
safe_graph_adp,1506.0,15.224019333096336,45.2137420522757,-41.478517988194106,0.0033074000499370764,0.10434290269576377,1.0569498280561479e-05,-0.00021862128747700415,-0.0026332367703763918,-5.337798304605698e-05
safe_graph_adp,1508.0,15.230752184252509,45.41662000408442,-41.47849747047966,0.003421079120167395,0.09853496337119545,9.948207414285093e-06,-0.0002311624691168992,-0.0028963523390023397,-5.340274135169422e-05
safe_graph_adp,1510.0,15.237657897171966,45.60735553247725,-41.478478244368155,0.0034798649224198576,0.09220052068279672,9.27789588388068e-06,-0.00024489779113925393,-0.003159408450882886,-5.3427226237440655e-05
safe_graph_adp,1512.0,15.24462191612421,45.784896016059825,-41.47846040735045,0.0034789884088713154,0.08533996356089651,8.559114211354377e-06,-0.00025982718321977124,-0.0034223997021324173,-5.345143757793465e-05
safe_graph_adp,1514.0,15.251520148340726,45.94818964368614,-41.47844405581584,0.0034136816015455066,0.07795371332270445,7.792413414799452e-06,-0.0002759505689205633,-0.003685320689197401,-5.347537524921512e-05
safe_graph_adp,1516.0,15.258218966240214,46.0961854792266,-41.47842928505112,0.0032791776778568526,0.07004222366655616,6.9783450027728356e-06,-0.00029326786569054296,-0.003948166008884057,-5.3499039128722144e-05
safe_graph_adp,1518.0,15.264575209824914,46.22783352632413,-41.47841618923956,0.003070711056144115,0.06160598066571621,6.117460968667709e-06,-0.00031177898486584623,-0.004210930258386018,-5.352242909529762e-05
safe_graph_adp,1520.0,15.270436189247974,46.34208479313751,-41.47840486145997,0.002783517481193155,0.05264550276173872,5.210313785082582e-06,-0.0003314838316702865,-0.004473608035311996,-5.354554502918584e-05
safe_graph_adp,1522.0,15.275639687551857,46.43789135707087,-41.47839539368575,0.0024128341097480544,0.04316134075738558,4.25745639818652e-06,-0.0003523823052158396,-0.004736193937713434,-5.3568386812034165e-05
safe_graph_adp,1524.0,15.28001396357776,46.51420642948869,-41.47838787678393,0.0019538995960098385,0.033154077809102435,3.2594422220807944e-06,-0.0003744742985031603,-0.004998682564112173,-5.359095432689359e-05
safe_graph_adp,1526.0,15.283377755046017,46.569984420415246,-41.478382400514235,0.0014019541771220542,0.022624329419052465,2.2168251331570053e-06,-0.00039775969842213027,-0.005261068513528099,-5.3613247458219324e-05
safe_graph_adp,1528.0,15.285540281807453,46.60418100321771,-41.47837905352821,0.0007522397586424524,0.011572743426707992,1.130159464451522e-06,-0.00042223838575243734,-0.005523346385506806,-5.363526609187145e-05
safe_graph_adp,1530.0,15.286301249265676,46.61575317927199,-41.478377923368264,2.5695591487906455e-17,9.020562075079397e-17,-3.480670138504734e-18,-0.00044791023516418537,-0.005785510780147234,-5.3657010115115435e-05
safe_graph_adp,1532.0,15.224162400517233,46.61377721126521,-41.49104795582928,-0.06214038329706481,-0.0019290989884444693,-0.012670027055108224,-0.03112657552941209,-0.001034851315590024,-0.006388110863297281
safe_graph_adp,1534.0,15.040566484630663,46.608399758015736,-41.52848303864898,-0.12145687973554248,-0.0034036151427285265,-0.02476503979240658,-0.029710310158620624,-0.0009449723741152679,-0.006100635894097253
safe_graph_adp,1536.0,14.741162247372918,46.60050438607209,-41.589533018305126,-0.17794852934383482,-0.004449148306711816,-0.03628491381594796,-0.028294108892978252,-0.0008615025519749008,-0.0058131296898864815
safe_graph_adp,1538.0,14.331600267482502,46.59092345869497,-41.67304749837215,-0.23161445912231998,-0.005091301858754453,-0.04722953061850979,-0.02687797898337853,-0.0007844415426562432,-0.005525593722685182
safe_graph_adp,1540.0,13.81753278272457,46.58043812924746,-41.777875851299584,-0.2824538830441689,-0.005355682252500315,-0.05759877758250607,-0.025461927680349758,-0.0007137890068337491,-0.005238029464665957
safe_graph_adp,1542.0,13.20461351594521,46.56977833550371,-41.902867230192186,-0.330466102055345,-0.005267898557662039,-0.06739254798085363,-0.02404596223401769,-0.0006495445723707473,-0.004950438388146257
safe_graph_adp,1544.0,12.498497501126561,46.55962279487598,-42.046870580591786,-0.37565050407378753,-0.004853562000811668,-0.07661074097779325,-0.022630089894068568,-0.0005917078343213411,-0.004662821965580845
safe_graph_adp,1546.0,11.704840909444362,46.550599000560105,-42.20873465226071,-0.4180065639877785,-0.004138285506181011,-0.08525326162966539,-0.02121431790971189,-0.0005402783549324913,-0.004375181669554249
safe_graph_adp,1548.0,10.829300875329597,46.54328321859942,-42.38730801096672,-0.45753384365349303,-0.003147683236475703,-0.09332002088564084,-0.019798653529643356,-0.0004952556636462475,-0.0040875189727732335
safe_graph_adp,1550.0,9.87753532253585,46.53820048586694,-42.58143905026936,-0.4942319918917332,-0.0019073701337070177,-0.100810935588406,-0.018383104002007742,-0.0004566392571021629,-0.003799835348059254
safe_graph_adp,1552.0,8.855202790214012,46.535824608965896,-42.78997600330764,-0.5281007444838459,-0.000442961460045475,-0.10772592847480293,-0.01696767657436176,-0.00042442859913986914,-0.0035121322683409123
safe_graph_adp,1554.0,7.767962258995961,46.53657816404857,-43.011766954588936,-0.5591399241668239,0.0012199276612997474,-0.11406492817642419,-0.015552378493637001,-0.0003986231208018248,-0.0032244112066464195
safe_graph_adp,1556.0,6.621472977088868,46.540832497553296,-43.245659851779045,-0.5873494406275912,0.003055682705171563,-0.11982786922016235,-0.014137217006102777,-0.0003792222203362239,-0.0029366736360960594
safe_graph_adp,1558.0,5.421394286381736,46.548907727859614,-43.49050251749331,-0.6127292904964716,0.005038690203521857,-0.12501469202871426,-0.012722199357329074,-0.000366225263200078,-0.002648921029894632
safe_graph_adp,1560.0,4.1733854485658295,46.56107274786153,-43.74514266108868,-0.6352795573398419,0.007143338204430443,-0.12962534292104005,-0.011307332792149422,-0.00035963158206247115,-0.0023611548613239244
safe_graph_adp,1562.0,2.8831054712706017,46.57754522845875,-44.008427890456645,-0.6550004116519681,0.009344016731082127,-0.13365977411277688,-0.009892624554623797,-0.00035944047680796544,-0.0020733766037351643
safe_graph_adp,1564.0,1.556212934216779,46.59849162296584,-44.279205723817,-0.6718921108460267,0.011615118240697785,-0.13711794371660732,-0.00847808188800157,-0.00036565121454019446,-0.0017855877305414684
safe_graph_adp,1566.0,0.1983658153882062,46.62402717243915,-44.556323601512226,-0.6859549992443092,0.013931038083415462,-0.13999981574258258,-0.007063712034684358,-0.00037826302958561303,-0.0014977897152103105
safe_graph_adp,1568.0,-1.1847786827758946,46.654215911921526,-44.83862889780252,-0.6971895080676115,0.01626617496111746,-0.14230536009840034,-0.00564952223618902,-0.0003972751234974164,-0.001209984031255969
safe_graph_adp,1570.0,-2.587564307166629,46.689070677604555,-45.12496893266135,-0.705596155423807,0.01859493138619939,-0.1440345525896374,-0.004235519733110522,-0.0004226866650596298,-0.0009221721522319872
safe_graph_adp,1572.0,-4.0043359277674675,46.72855311490831,-45.414190983571366,-0.711175546295605,0.020891714140277136,-0.145187374919937,-0.0028217117650848732,-0.0004544967902913627,-0.0006343555517236256
safe_graph_adp,1574.0,-5.429439711390984,46.77257368747843,-45.705142297320705,-0.7139283725274923,0.02313093473282776,-0.1457638146911507,-0.0014081055707520897,-0.0004927046024512339,-0.0003465357033403168
safe_graph_adp,1576.0,-6.8572232953886605,46.82099168710045,-45.99667010179951,-0.7138554128118613,0.025287009859760245,-0.14576386540343533,5.291612280886115e-06,-0.0005373091720419609,-5.871408070812559e-05
safe_graph_adp,1578.0,-8.282035961332133,46.87361524453116,-46.28762161779659,-0.7109575326743208,0.027334361861912133,-0.14518752645530425,0.0014184725474772459,-0.0005883095368151214,0.00022910784253780177
safe_graph_adp,1580.0,-9.698228808664245,46.93020134124688,-46.576844070796135,-0.7052356844581937,0.02924741918346797,-0.14403480314363365,0.0028314299994073623,-0.0006457047017760793,0.0005169285927607769
safe_graph_adp,1582.0,-11.100154928318283,46.99045582210851,-46.86318470277443,-0.696690907308198,0.03100061683029557,-0.14230570666362333,0.004244156733785839,-0.0007094936391890758,0.000804746696330118
safe_graph_adp,1584.0,-12.482169576303754,47.05403340894318,-47.145490783996415,-0.6853243271533143,0.03256839682819605,-0.1400002541087123,0.005656645517508529,-0.0007796752885824966,0.0010925606796286982
safe_graph_adp,1586.0,-13.838630347257087,47.12053771504225,-47.42260962481202,-0.6711371566888376,0.03392520868106366,-0.13711846847044912,0.007068889118689602,-0.0008562485567542971,0.0013803690690604806
safe_graph_adp,1588.0,-15.163897347955627,47.189521260575624,-47.69338858745223,-0.6541306953576158,0.035045509828951306,-0.1336603786383168,0.008480880306698534,-0.000939212317777602,0.0016681703910580723
safe_graph_adp,1590.0,-16.452333370793284,47.260485488922,-47.95667509782476,-0.6343063293304727,0.035903766106037835,-0.12962601939951265,0.009892611852197154,-0.0010285654130064693,0.001955963172090262
safe_graph_adp,1592.0,-17.69830406721621,47.33288078391504,-48.21131665730916,-0.6116655314858175,0.036474452198493,-0.12501543143868257,0.01130407652717666,-0.0011243066510818215,0.0022437459386695736
safe_graph_adp,1594.0,-18.896178121116908,47.4061064880051,-48.45616085455149,-0.5862098613884398,0.03673205210223611,-0.11982866133761032,0.012715267104994602,-0.0012264348079375478,0.0025315172173597973
safe_graph_adp,1596.0,-20.04032742218508,47.47951092133643,-48.690055377258176,-0.5579409652674912,0.036651059580584344,-0.11406576157486131,0.014126176360411894,-0.0013349486268067691,0.0028192755347835473
safe_graph_adp,1598.0,-21.125127239213647,47.55239140173946,-48.9118480239892,-0.5268605759936532,0.03620597862178672,-0.10772679052538124,0.015536797069629831,-0.0014498468182282728,0.0031070194176297944
safe_graph_adp,1600.0,-22.14495639335829,47.623994265638174,-49.12038671595044,-0.49297051305549144,0.035371323896439655,-0.10081181246004937,0.016947122010327036,-0.0015711280600531165,0.003394747392661416
safe_graph_adp,1602.0,-23.094197431348874,47.693514889872056,-49.31451950878501,-0.45627268253499664,0.03412162121478019,-0.09332089754518659,0.01835714396169645,-0.001698790997451395,0.003682457986722738
safe_graph_adp,1604.0,-23.967236798651165,47.760097714432575,-49.493094604363655,-0.4167690770823128,0.032431407983852786,-0.0852541218420182,0.01976685570448233,-0.0018328342429191785,0.003970149726747072
safe_graph_adp,1606.0,-24.758465012577155,47.82283626611387,-49.654960362573945,-0.37446177588965235,0.030275233664545705,-0.07661156730609137,0.021176250021017157,-0.001973256376285616,0.004257821139764268
safe_graph_adp,1608.0,-25.462276835342443,47.88077318307734,-49.79896531310831,-0.32935294466439863,0.02762766022849297,-0.06739332178664745,0.022585319695258656,-0.002120055944720206,0.004545470752908241
safe_graph_adp,1610.0,-26.073071447068976,47.932900240329936,-49.923958167250774,-0.281444835601396,0.024463262614837878,-0.0575994790259489,0.02399405751282667,-0.0022732314627402377,0.00483309709342453
safe_graph_adp,1612.0,-26.58525261873158,47.97815837611581,-50.02878782966225,-0.23073978735442777,0.020756629186854076,-0.047230138658561044,0.025402456261040176,-0.002432781412218392,0.0051206986886778195
safe_graph_adp,1614.0,-26.993228885046623,48.015437719221076,-50.11230341016443,-0.17724022500688233,0.016482362188420176,-0.036285406210588574,0.02681050872895413,-0.002598704242390519,0.005408274066159496
safe_graph_adp,1616.0,-27.291413717301204,48.043577617191374,-50.17335423552203,-0.12094866004160726,0.011615078200343885,-0.024765393098866755,0.02821820770739647,-0.002770998369863573,0.005695821753495175
safe_graph_adp,1618.0,-27.474225696121234,48.061366665461904,-50.210789861223404,-0.0618676903099522,0.00612940859653169,-0.012670216630107464,0.029625545989004957,-0.0029496621786237257,0.00598334027845225
safe_graph_adp,1620.0,-27.536088684176804,48.067542737399684,-50.223460083259425,-4.510281037539698e-16,4.597017211338539e-17,5.724587470723463e-17,0.03103251636826411,-0.0031346940200446317,0.006270828168947419
safe_graph_adp,1622.0,-27.530483215333554,47.97385349627577,-50.22058727885592,0.005534808310867464,-0.09369341572037311,0.002872803177805129,0.002979131614646492,-0.04684036601965942,0.0013721172625939578
safe_graph_adp,1624.0,-27.514615876256286,47.69699941384174,-50.21209925571384,0.010265068238010443,-0.18316423448424243,0.005615216342753683,0.002784042273963952,-0.04471745760362111,0.0013069295548576504
safe_graph_adp,1626.0,-27.490057267944255,47.24543098896049,-50.19825682139407,0.014229277518596678,-0.26840718037839356,0.00822721207095811,0.0025986048241261467,-0.042593688156572225,0.0012417351556945155
safe_graph_adp,1628.0,-27.458300982407163,46.62760901071775,-50.17932083696997,0.01746594730625774,-0.34941723910337097,0.010708764273847794,0.0024228202145653703,-0.04046910135998949,0.001176534398897257
safe_graph_adp,1630.0,-27.42076357652362,45.852004035126434,-50.155552214356554,0.02001360147969192,-0.4261896580409993,0.013059848198367675,0.0022566893452917684,-0.03834374089953447,0.0011113276182911321
safe_graph_adp,1632.0,-27.378784547282493,44.927095861699684,-50.12721191363925,0.021910775951156303,-0.49871994631832756,0.015280440427166662,0.00210021306688872,-0.036217650464829776,0.001046115147732237
safe_graph_adp,1634.0,-27.33362630840739,43.86137300989949,-50.09456094040233,0.02319601797485368,-0.5670038748679969,0.017370518878775797,0.001953392180508478,-0.034090873749235556,0.0009808973211058033
safe_graph_adp,1636.0,-27.286474168364467,42.66333219546822,-50.05786034305698,0.0239078854552204,-0.63103747648503,0.019330062807776154,0.00181622743786809,-0.0319634544496256,0.0009156744723244831
safe_graph_adp,1638.0,-27.23843630975375,41.341477806650126,-50.01737121016902,0.024084946255121177,-0.6908170458800436,0.02115905280495648,0.0016887195412455258,-0.02983543626616376,0.0008504469353266422
safe_graph_adp,1640.0,-27.190543770084165,39.904321380309966,-49.97335466778635,0.023765777503956982,-0.7463391397288817,0.022857470797460585,0.0015708691434760972,-0.02770686290208011,0.0007852150440746512
safe_graph_adp,1642.0,-27.14375042393241,38.360381077956006,-49.92607187676614,0.02298896490569203,-0.7976005767186701,0.024425300048924445,0.0014626768479491044,-0.02557777806344726,0.0007199791325531724
safe_graph_adp,1644.0,-27.09893296648588,36.71818116167445,-49.87578403010163,0.021793102046806005,-0.8445984375902924,0.025862525159603075,0.0013641432086047602,-0.02344822545895652,0.0006547395347674526
safe_graph_adp,1646.0,-27.056890898469735,34.986251469982506,-49.82275235024886,0.02021678970417755,-0.8873300651772854,0.027169132066487117,0.0012752687299313345,-0.021318248799694198,0.0005894965847416125
safe_graph_adp,1648.0,-27.01834651245828,33.17312689360723,-49.76723808645306,0.018298635152905102,-0.9257930644411553,0.028345108043409162,0.001196053866962591,-0.019187891798917646,0.0005242506165169358
safe_graph_adp,1650.0,-26.983944880570746,31.28734685119735,-49.70950251207486,0.016077251474071196,-0.9599853025031133,0.029390441701139823,0.0011264990252754484,-0.017057198171831652,0.0004590019641501585
safe_graph_adp,1652.0,-26.954253843551605,29.337454764975156,-49.64980692191633,0.013591256862456236,-0.9899049086722314,0.030305122987473527,0.0010666045609879007,-0.014926211635364452,0.0003937509617117608
safe_graph_adp,1654.0,-26.92976400123549,27.33199753633571,-49.58841262954686,0.01087927393420787,-1.0155502744700167,0.03108914318730405,0.0010163707807571997,-0.012794975907943998,0.00032849794328425417
safe_graph_adp,1656.0,-26.91088870439684,25.27952502140043,-49.5255809646289,0.007979929034472024,-1.0369200536514054,0.031742494922689775,0.0009757979417782806,-0.010663534709274081,0.00026324324296047165
safe_graph_adp,1658.0,-26.897964047984278,23.18858950653232,-49.46157327024357,0.0049318515449916864,-1.0540131622221756,0.0322651721529087,0.0009448862517824523,-0.00853193176011049,0.00019798719484185874
safe_graph_adp,1660.0,-26.891248865739865,21.067745183819916,-49.396650900216166,0.001773673191679486,-1.0668287784527783,0.03265717017450316,0.0009236358690363238,-0.006400210782037164,0.00013273013303676017
safe_graph_adp,1662.0,-26.89092472620319,18.925547626537174,-49.33107521644161,-0.0014559726478298118,-1.075366342888589,0.03291848562131429,0.0009120469023410013,-0.0042684154972423595,6.74723916587116e-05
safe_graph_adp,1664.0,-26.897095930100384,16.77055326458643,-49.26510758620982,-0.0047184516366408445,-1.0796255583565746,0.03304911646450621,0.0009101194110315317,-0.0021365896282947924,2.214304824727691e-06
safe_graph_adp,1666.0,-26.909789509118085,14.611318859931611,-49.199009379531056,-0.007975129171067154,-1.079606389968383,0.03304906201257997,0.0009178534049765892,-4.776897919748217e-06,-6.304379334640792e-05
safe_graph_adp,1668.0,-26.928955226062303,12.45640098202884,-49.13304196646122,-0.011187371073102538,-1.075309065119847,0.03291832291137719,0.0009352488445784385,0.0021269789712247606,-0.00012830156873585392
safe_graph_adp,1670.0,-26.95446557640227,10.314355483261622,-49.06746671442721,-0.014316544282888208,-1.0667340734869102,0.03265690114407345,0.0009623056407731256,0.004258634256771833,-0.0001935586872264211
safe_graph_adp,1672.0,-26.98611579119918,8.19373697438775,-49.002544985552255,-0.017324017551169663,-1.0538821670179694,0.03226480003116142,0.0009990236550309413,0.00639014523686957,-0.00025881481470428386
safe_graph_adp,1674.0,-27.023623841419845,6.103098300005128,-48.9385381339813,-0.020171162131737187,-1.0367543599226363,0.031742024230423695,0.0010454026993571277,0.008521468190404898,-0.0003240696170606907
safe_graph_adp,1676.0,-27.066630443635212,4.050990014043627,-48.87570750320645,-0.02281935247384392,-1.0153519286569184,0.0310885797368954,0.0011014425362928402,0.010652559397227417,-0.0003893227601936744
safe_graph_adp,1678.0,-27.11469906710368,2.045959855290176,-48.81431442339256,-0.025229966914595413,-0.9896764119048174,0.03030447388281648,0.0011671428789163647,0.012783375138373297,-0.0004545739100097631
safe_graph_adp,1680.0,-27.167315942239156,0.09655222295423371,-48.75462020870284,-0.027364388371304567,-0.9597296105563483,0.029389715337573768,0.001242503390844587,0.014913871696289046,-0.0005198227324256903
safe_graph_adp,1682.0,-27.223890070463806,-1.7886923477191987,-48.69688615462463,-0.029184005033805922,-0.9255135876819766,0.02834431410763275,0.0013275236862347103,0.017044005355055406,-0.0005850688933701062
safe_graph_adp,1684.0,-27.283753235445364,-3.6012377097818566,-48.64137353529534,-0.03065021105672318,-0.8870306685034748,0.027168281536459095,0.0014222033297862388,0.019173732400611133,-0.0006503120587852873
safe_graph_adp,1686.0,-27.346160015718933,-5.332552628852627,-48.58834360082852,-0.031724407251683906,-0.8442834403611996,0.02586163030442989,0.0015265418367432005,0.02130300912097682,-0.000715551894628847
safe_graph_adp,1688.0,-27.41028779869316,-6.97411130731893,-48.538057574640156,-0.03236800177947533,-0.7972747526777881,0.024424374428734637,0.0016405386728966297,0.02343179180647872,-0.0007807880668754462
safe_graph_adp,1690.0,-27.47523679604067,-8.517393908461926,-48.49077665077512,-0.032542410842135175,-0.7460077169182742,0.022856529263265944,0.0017641932545873042,0.025560036749972526,-0.0008460202415185034
safe_graph_adp,1692.0,-27.540030060472564,-9.953887080498363,-48.44676199123391,-0.0322090593749714,-0.6904857065466262,0.021158111498500012,0.0018975049487087326,0.027687700247067137,-0.0009112480845719043
safe_graph_adp,1694.0,-27.603613503896952,-11.275084480531929,-48.40627472329962,-0.03132938173850486,-0.6307123569787051,0.019329139161366804,0.002040473072710395,0.029814738596348447,-0.0009764712620717122
safe_graph_adp,1696.0,-27.66485591696123,-12.472487298406932,-48.36957593686512,-0.029864822410328735,-0.5666915655316438,0.017369631615109973,0.0021930968946012393,0.03194110809960306,-0.0010416894400778784
safe_graph_adp,1698.0,-27.722548989978012,-13.537604780457176,-48.33692668176063,-0.027776836676878688,-0.4984274913696486,0.015279609559136542,0.002355375632953427,0.034066765062042065,-0.0011069022846759507
safe_graph_adp,1700.0,-27.775407335234508,-14.461954753142846,-48.30858796508155,-0.025026891325107666,-0.4259245554462226,0.013059095028856296,0.0025273084569063364,0.03619166579252473,-0.0011721094619787842
safe_graph_adp,1702.0,-27.82206851068515,-15.237064146568274,-48.28482074851659,-0.021576465334059297,-0.3491874404428119,0.010708111395510936,0.0027088944861708136,0.03831576660378219,-0.0012373106381282496
safe_graph_adp,1704.0,-27.861093045027246,-15.854469517873413,-48.265885945676295,-0.017387050566333776,-0.26822109070387495,0.008226683365992967,0.0029001327910336827,0.04043902381264114,-0.0013025054792969448
safe_graph_adp,1706.0,-27.890964464159477,-16.30571757449188,-48.25204441942198,-0.012420152459440198,-0.1830307121683755,0.005614836982654333,0.0031010223923625038,0.0425613937402475,-0.0013676936516899007
safe_graph_adp,1708.0,-27.91008931902295,-16.582365697268393,-48.24355697919494,-0.006637290717029248,-0.09362177229770013,0.002872599623104786,0.003311562261610587,0.04468283271229,-0.0014328748215462932
safe_graph_adp,1710.0,-27.91679721482463,-16.675982463428504,-48.2406843783462,-1.968911145233676e-16,-5.967448757360216e-16,1.6479873021779667e-17,0.003531751320822258,0.04680329705922385,-0.0014980486551411506
