ros_header_time_s,safe_acceleration_norm_mps2
1788923636.3987992,0.021526447135552178
1788923636.4489796,0.021187439970584643
1788923636.498819,0.020852795005443344
1788923636.5489447,0.020522458930200445
1788923636.598798,0.02019637907655769
1788923636.6489244,0.01987450341016308
1788923636.698898,0.019556780523019554
1788923636.7489345,0.019243159625984548
1788923636.798755,0.01893359054135929
1788923636.8488631,0.018628023695566858
1788923636.8988435,0.018326410111917844
1788923636.9488823,0.01802870140346271
1788923636.998849,0.017734849765929712
1788923637.048824,0.01744480797074733
1788923637.0988998,0.017158529358150362
1788923637.1488981,0.016875967830368536
1788923637.1988113,0.016597077844896706
1788923637.2488205,0.0163218144078457
1788923637.298862,0.01605013306737285
1788923637.3488023,0.0157819899071912
1788923637.3988953,0.015517341540156545
1788923637.448939,0.015256145101931325
1788923637.4989047,0.014998358244724482
1788923637.5488377,0.01474393913110639
1788923637.5989468,0.01449284642789795
1788923637.6489894,0.01424503930013299
1788923637.6989942,0.014000477405093137
1788923637.7489512,0.013759120886414204
1788923637.798948,0.013520930368263424
1788923637.8489435,0.013285866949586493
1788923637.8989015,0.013053892198423784
1788923637.9492369,0.012824968146294871
1788923637.9991717,0.012599057282650409
1788923638.0489855,0.012376122549390899
1788923638.0989494,0.012156127335451237
1788923638.1490796,0.011939035471450516
1788923638.1987562,0.011724811224406249
1788923638.2488317,0.011513419292512117
1788923638.2989082,0.01130482479997888
1788923638.3488858,0.011098993291937304
1788923638.3988578,0.010895890729402752
1788923638.4488351,0.010695483484300489
1788923638.4988284,0.010497738334551095
1788923638.548894,0.010302622459215436
1788923638.5988562,0.010110103433698291
1788923638.6488535,0.009920149225010258
1788923638.6988451,0.009732728187086984
1788923638.7488472,0.009547809056165396
1788923638.7990162,0.00936536094621611
1788923638.8495984,0.009185353344431539
1788923638.8994899,0.009007756106769038
1788923638.9488928,0.008832539453548534
1788923638.9993203,0.008659673965104035
1788923639.0492938,0.00848913057748866
1788923639.0994492,0.008320880578232357
1788923639.149313,0.008154895602152068
1788923639.1996086,0.007991147627213735
1788923639.2493322,0.007829608970445556
1788923639.299456,0.007748302595178981
1788923639.3494272,0.0077957267353135065
1788923639.3996499,0.007842364265789227
1788923639.4495275,0.007886278332169094
1788923639.498804,0.007929733001774582
1788923639.5495403,0.007970959659777236
1788923639.5996947,0.008013727304844015
1788923639.649893,0.008053551483757491
1788923639.698837,0.008091141395721377
1788923639.7496006,0.008129007423294924
1788923639.799113,0.008167568277111301
1788923639.8488958,0.008205011547652769
1788923639.8992517,0.00823875698436937
1788923639.9492328,0.008274887743903808
1788923639.9994009,0.008307863667447188
1788923640.0494134,0.008342082735069593
1788923640.0998814,0.008374299418131406
1788923640.1496582,0.008403613220770859
1788923640.199314,0.008434657167382903
1788923640.2493134,0.008461204853953021
1788923640.2995005,0.008490135674187693
1788923640.3495598,0.008518597428712178
1788923640.3995411,0.008544736456623018
1788923640.4496276,0.008570663244853187
1788923640.4996629,0.008596448576135646
1788923640.5488312,0.008620195551642807
1788923640.5993834,0.008642291992576002
1788923640.649221,0.008667135201539309
1788923640.6998072,0.008688187819713688
1788923640.7493863,0.008708713850358539
1788923640.7995496,0.00873062797107202
1788923640.8500667,0.008751114767354243
1788923640.8994365,0.008768949006082976
1788923640.9491274,0.008787847064750701
1788923640.9995143,0.008806304253753103
1788923641.0493853,0.008821514614547603
1788923641.0993133,0.008837894980505332
1788923641.149032,0.008853813907215045
1788923641.1991208,0.008868983948833621
1788923641.249224,0.00888549359626688
1788923641.2997873,0.0088978925302339
1788923641.3492837,0.008910942435190305
1788923641.3992655,0.008924058879111477
1788923641.4489589,0.008934756241180444
1788923641.499724,0.008945250266114679
1788923641.5489714,0.008956056174357116
1788923641.5990918,0.008967414690803466
1788923641.6492677,0.008976157159393816
1788923641.6996322,0.008986896675799367
1788923641.749565,0.008995451329226599
1788923641.7991288,0.009002842861792544
1788923641.849609,0.009010974194617079
1788923641.898877,0.009017198929981604
1788923641.9490163,0.00902296977989917
1788923641.999249,0.009028921478953558
1788923642.049447,0.009034930628142148
1788923642.0989842,0.00904041464544633
1788923642.1492836,0.009045366873362182
1788923642.199701,0.009047791666101267
1788923642.249558,0.009052244485391601
1788923642.299201,0.008300006958226492
1788923642.349951,0.00833054373154486
1788923642.3993149,0.008358131541397744
1788923642.4496405,0.008386384708508046
1788923642.4999106,0.008412296460492543
1788923642.549017,0.008437900005802487
1788923642.598915,0.008463774590959532
1788923642.6496828,0.008486312862128078
1788923642.6990044,0.008509895001182021
1788923642.7497175,0.008533068551018402
1788923642.7993083,0.008557188291355206
1788923642.849601,0.008577587342148371
1788923642.898958,0.008598292572857205
1788923642.9489813,0.008618096318750768
1788923642.9988692,0.00863744005027339
1788923643.0496469,0.008658699635893297
1788923643.0996413,0.008675299492831672
1788923643.1492693,0.008694404964070748
1788923643.1989386,0.008707879879656913
1788923643.2494533,0.008723159592144803
1788923643.2991943,0.008739753247314007
1788923643.349628,0.008754690412647165
1788923643.3995295,0.008769112892773021
1788923643.4496362,0.008781202277864301
1788923643.4997137,0.008796014370387671
1788923643.549227,0.008807474144199074
1788923643.599278,0.008820981519893703
1788923643.6492205,0.008829382178856128
1788923643.699517,0.00883881748377214
1788923643.7492967,0.008849857952088905
1788923643.799573,0.008860610044985019
1788923643.849272,0.008868235068115213
1788923643.8993015,0.008876741391269361
1788923643.9490366,0.008883358804655352
1788923643.9994416,0.008890377510850346
1788923644.0492334,0.00889825170189361
1788923644.0996845,0.008903105020220016
1788923644.149048,0.008908794463386447
1788923644.1995704,0.008915317043030764
1788923644.2490418,0.008920007190330918
1788923644.2993429,0.008923615784093912
1788923644.3496065,0.008926838885099314
1788923644.3992994,0.00893116181174772
1788923644.449773,0.008932672383133394
1788923644.4992883,0.008936269741230442
1788923644.5496905,0.008938025243991404
1788923644.5990167,0.008939491785100116
1788923644.6495802,0.00893948219873443
1788923644.6995623,0.008940732453572875
1788923644.749304,0.008941773441783978
1788923644.799323,0.008940739930150736
1788923644.8496776,0.008940167158767437
1788923644.899331,0.008939843579266459
1788923644.9492877,0.008936438927717266
1788923644.9992285,0.008936655593990222
1788923645.0490172,0.008933670159209997
1788923645.099422,0.008932621307123887
1788923645.1497197,0.008928036246147741
1788923645.1992495,0.008924698997659861
1788923645.2493048,0.008923530596264988
1788923645.2998343,0.00816263792138585
1788923645.3493571,0.008182406777517704
1788923645.3990397,0.008201498127311285
1788923645.449284,0.008220905158879833
1788923645.4990795,0.00824059893604224
1788923645.5492747,0.00825832947318289
1788923645.5992246,0.008275131805017074
1788923645.6495829,0.008290922209866351
1788923645.6989944,0.008305227069137801
1788923645.7497754,0.008321286446594273
1788923645.7993252,0.008336444948687523
1788923645.8492832,0.008350204751833682
1788923645.8988895,0.008364460400757244
1788923645.9492788,0.008375352811193408
1788923645.9992912,0.008388031430224237
1788923646.049121,0.008400353296826892
1788923646.0990913,0.008411465944496996
1788923646.1493003,0.008421568409476467
1788923646.1990037,0.008432532288115345
1788923646.2490044,0.0084410586884759
1788923646.2990103,0.00844946114093414
1788923646.3496253,0.008458770995811568
1788923646.3988953,0.00846745835519631
1788923646.450174,0.00847247425323148
1788923646.4990115,0.008481621054704683
1788923646.5493138,0.008485605941022677
1788923646.5996158,0.008493382112146166
1788923646.649278,0.00850028239971981
1788923646.6992946,0.008503407307062054
1788923646.750036,0.00850836180084492
1788923646.799352,0.008512391991359662
1788923646.84906,0.008514894106034274
1788923646.8991766,0.008517250344520605
1788923646.9491553,0.00852016726498335
1788923646.9996316,0.008525851114751513
1788923647.049995,0.008525272038216174
1788923647.0989053,0.00852761098010342
1788923647.1492827,0.008527021293762397
1788923647.1993892,0.00852825331080106
1788923647.2491927,0.008528457726367934
1788923647.2992508,0.008530432372000818
1788923647.349613,0.008526337697375753
1788923647.3989651,0.008525600078599547
1788923647.449644,0.008524410192022873
1788923647.4992971,0.008521453592348844
1788923647.548888,0.008521621607003649
1788923647.599569,0.008517764805826977
1788923647.6490328,0.0085157003995144
1788923647.6999202,0.008511939816116788
1788923647.7494476,0.008508496561008274
1788923647.7996309,0.008504194603299256
1788923647.8493626,0.008502031400210832
1788923647.8990479,0.008497913631117647
1788923647.9492698,0.0084917009620974
1788923647.9998555,0.008489967011152006
1788923648.049571,0.008480711120719337
1788923648.0992646,0.00847665648291513
1788923648.149418,0.00846941651479734
1788923648.1992295,0.008464059916853187
1788923648.2492423,0.008459524113585484
1788923648.2991903,0.007694463204505391
1788923648.3496082,0.007710043666375902
1788923648.3992095,0.007725636514103838
1788923648.4492457,0.007741964195396861
1788923648.500021,0.0077530041331560174
1788923648.5491304,0.007766773291217976
1788923648.598965,0.007779392281109651
1788923648.6492784,0.007792717388283715
1788923648.6988683,0.0078011027421726175
1788923648.7496476,0.007813033801519128
1788923648.7996016,0.007823583526894452
1788923648.8492606,0.007835071195964357
1788923648.8995795,0.007844506540486448
1788923648.9488444,0.00785537417060413
1788923648.9996204,0.007862471743990216
1788923649.049208,0.0078692583667668
1788923649.0990598,0.007876982409261797
1788923649.1493976,0.007883826283581967
1788923649.1996157,0.007890399005260154
1788923649.249185,0.007896569455179999
1788923649.299226,0.007902839527068202
1788923649.3492823,0.007907164796032111
1788923649.399222,0.007912842629526635
1788923649.4496036,0.007915218253717797
1788923649.4992714,0.007919438095852193
1788923649.5495584,0.00792443243060954
1788923649.599596,0.007927749855464055
1788923649.6496272,0.007929795529214276
1788923649.699659,0.007930622322607647
1788923649.7496781,0.007933855864034741
1788923649.7994554,0.007936093781269249
1788923649.8490436,0.00793617650848469
1788923649.8996935,0.007936415691008133
1788923649.9492428,0.007937134933151107
1788923649.9992673,0.007939927251412534
1788923650.049296,0.00793670371333395
1788923650.099441,0.007935728370998638
1788923650.1495805,0.007935720192466031
1788923650.1996295,0.00793487230160746
1788923650.2491574,0.007934170997527253
1788923650.2992303,0.007930860232109664
1788923650.3495603,0.007926459978862878
1788923650.3995242,0.007925351470746302
1788923650.4496913,0.007921429453950548
1788923650.4994502,0.00791812104496142
1788923650.5498183,0.007914468873512936
1788923650.5995467,0.007910645891697706
1788923650.649179,0.007906049778853725
1788923650.6993804,0.007901197112296284
1788923650.749619,0.007895668017106214
1788923650.7998142,0.007891108007171806
1788923650.8497093,0.007886347526171922
1788923650.8996105,0.007881096021226048
1788923650.9490983,0.007874029711755721
1788923650.9992208,0.007867837734286634
1788923651.0490274,0.007861560167177458
1788923651.099875,0.007855401195237106
1788923651.149249,0.007848510985914884
1788923651.1991274,0.007843078694625413
1788923651.2497995,0.00783468557516898
1788923651.2991865,0.007068661509571655
1788923651.3492754,0.007082637002160332
1788923651.3994555,0.007092808661087194
1788923651.449547,0.00710888831712452
1788923651.4996994,0.007115881648182425
1788923651.5499117,0.0071283215739166225
1788923651.5991566,0.007136329674382104
1788923651.649586,0.007147830136536778
1788923651.6986966,0.00715477097897998
1788923651.7496288,0.007163978892381195
1788923651.7995706,0.0071724382730486876
1788923651.849063,0.007181868815380623
1788923651.8996003,0.0071886998325916855
1788923651.948888,0.0071948367430344365
1788923651.9992766,0.007200820919862671
1788923652.049603,0.007208896987639202
1788923652.0996025,0.007213014405643268
1788923652.1499987,0.007222302706705121
1788923652.199232,0.00722452876955645
1788923652.2499344,0.007227042491501444
1788923652.2993355,0.007231687718005747
1788923652.3497276,0.007234975374296842
1788923652.3996232,0.007239700447893698
1788923652.449891,0.0072429634647635304
1788923652.4993231,0.007244288587684014
1788923652.5497503,0.007247088298812256
1788923652.5993476,0.007248788182266721
1788923652.6496584,0.007247754940097394
1788923652.6996286,0.007250528606889665
1788923652.7493052,0.007250057731365552
1788923652.7992342,0.007251658820497413
1788923652.8497784,0.007252866699578674
1788923652.8997846,0.007250436687383454
1788923652.9494188,0.007251502833511248
1788923653.0002768,0.007248522554471797
1788923653.0500484,0.007247291334625102
1788923653.0995522,0.007247966628719657
1788923653.1497257,0.007245397829382201
1788923653.199004,0.007242782326784457
1788923653.249064,0.007239127150190321
1788923653.2990112,0.007236077663449782
1788923653.3495293,0.007233657368128115
1788923653.399744,0.007229970749403032
1788923653.4491215,0.007227879249042795
1788923653.4994152,0.007223426670762997
1788923653.5495522,0.007220447949837031
1788923653.5997508,0.00721560516959862
1788923653.6490629,0.00720983780742787
1788923653.6996934,0.007204718180659731
1788923653.748756,0.007201048414549445
1788923653.7992694,0.0071949580062015085
1788923653.849294,0.00719033814753287
1788923653.8992743,0.0071840212676173715
1788923653.9494555,0.007177189656632101
1788923653.9992373,0.007171867340069895
1788923654.049622,0.007164651905126433
1788923654.0988953,0.007158090105979415
1788923654.1489913,0.007149043418845187
1788923654.1989672,0.007142598563378715
1788923654.249505,0.007134835652978107
1788923654.2995691,0.006370567905707246
1788923654.3492343,0.0063801131676924265
1788923654.3996346,0.006391450034377551
1788923654.4491346,0.006401729546826061
1788923654.4991179,0.006411852237751705
1788923654.549287,0.006419560732868257
1788923654.5992846,0.006428168389543287
1788923654.6496587,0.0064368294312673715
1788923654.6990001,0.0064423129581795855
1788923654.7492795,0.006450538761534554
1788923654.7988694,0.006457257791972439
1788923654.849528,0.006463324096342532
1788923654.8993864,0.006471114693652955
1788923654.949283,0.006474191332967128
1788923654.9990175,0.006483776777269639
1788923655.0487378,0.006486308184449344
1788923655.0988793,0.0064896636559011915
1788923655.1494493,0.006492499166930938
1788923655.1990702,0.006497572619144451
1788923655.2496674,0.0065011502660480705
1788923655.2990165,0.006505747089633248
1788923655.3491256,0.0065063118571786135
1788923655.3991063,0.0065092833941332705
1788923655.449376,0.006515078569200024
1788923655.4990656,0.006513419542618365
1788923655.5493646,0.006514926160553374
1788923655.599274,0.006518654226541265
1788923655.649273,0.006516394726495332
1788923655.6989748,0.006516937843248036
1788923655.7490263,0.006516822994921637
1788923655.799324,0.006518174832373767
1788923655.849027,0.006517327151843036
1788923655.8990183,0.006517018986875683
1788923655.9499102,0.006513725342846219
1788923655.9991088,0.006512316638003579
1788923656.049354,0.006513228668032649
1788923656.0992985,0.0065102295692320246
1788923656.149021,0.0065079956172471075
1788923656.1990068,0.006505170564952773
1788923656.249019,0.006502777742051791
1788923656.2988193,0.006500342450566946
1788923656.3490012,0.006497158253610164
1788923656.3992977,0.0064927560265257795
1788923656.4490852,0.0064901466737491776
1788923656.4990091,0.006486070686193956
1788923656.5489702,0.006481960190195994
1788923656.5990162,0.006478218803774366
1788923656.6488636,0.006472735895849918
1788923656.6990662,0.006468061312478152
1788923656.7490168,0.006463500900501938
1788923656.7987878,0.006457951257041429
1788923656.8496354,0.006452130290574152
1788923656.8989627,0.006447919739231459
1788923656.9494216,0.0064410528756921135
1788923656.9989722,0.006435203637299868
1788923657.0489118,0.0064294073112684
1788923657.0992825,0.00642327295959773
1788923657.148869,0.00641580076311165
1788923657.1990097,0.006409712250651804
1788923657.249394,0.00640282404913721
1788923657.2990217,0.005638929631871112
1788923657.3490982,0.0056460753313586865
1788923657.3989985,0.005654601961157102
1788923657.4496677,0.005662906401253062
1788923657.4988425,0.005671166509797691
1788923657.5490115,0.005678813941850142
1788923657.5996306,0.005686501202296452
1788923657.6488588,0.005692827139998568
1788923657.6988401,0.0056999574662537226
1788923657.7501078,0.005705489634703685
1788923657.798996,0.005711027877353939
1788923657.8489275,0.005716788427116197
1788923657.8990734,0.005721259017608248
1788923657.9488552,0.0057269861885201325
1788923657.998901,0.005731025065519731
1788923658.0490685,0.00573492930193309
1788923658.098994,0.005739719352642393
1788923658.1489298,0.005742661357310714
1788923658.199051,0.00574470212642238
1788923658.2498853,0.005749004277205385
1788923658.2992332,0.005751273578516644
1788923658.349066,0.005753598248956317
1788923658.3988779,0.005755727597940359
1788923658.449729,0.005756983225155848
1788923658.4992182,0.005759832082570227
1788923658.54902,0.005759346665159536
1788923658.5993476,0.005760043037705095
1788923658.6489494,0.005759860343827696
1788923658.6990273,0.005761059025256994
1788923658.7490108,0.0057598896308789695
1788923658.7995365,0.005760390051984421
1788923658.8487904,0.005760671082691469
1788923658.899094,0.0057590154000402806
1788923658.9489594,0.005758245259828667
1788923658.9990008,0.00575702095877864
1788923659.0489092,0.005755690662623559
1788923659.0990198,0.005753269112776059
1788923659.149019,0.005750659044438594
1788923659.199458,0.0057491041822894115
1788923659.2495644,0.005746921703967114
1788923659.2989929,0.005743376544596109
1788923659.3490164,0.005740187749889189
1788923659.3993032,0.005737135511255535
1788923659.4492354,0.005733862189771904
1788923659.4990146,0.005731736442256146
1788923659.5488627,0.005726882661615759
1788923659.59934,0.005723652244847833
1788923659.6496325,0.005720494839227777
1788923659.6990178,0.00571425785319554
1788923659.7491279,0.005710427307374162
1788923659.7995472,0.005706568180217881
1788923659.8490071,0.005702866525709687
1788923659.8990486,0.005695579028676951
1788923659.9487226,0.005689633242922694
1788923659.9989903,0.005685175535592591
1788923660.0492666,0.00567941049665044
1788923660.0992827,0.005672819069744397
1788923660.1490233,0.005667526019142141
1788923660.1989927,0.005661744469663138
1788923660.2489307,0.005655178802909253
1788923660.2989585,0.00489012749636594
1788923660.3490217,0.0048974197451978185
1788923660.3993044,0.004905504800936033
1788923660.4489596,0.004912413395588001
1788923660.4988904,0.004919506811631025
1788923660.548915,0.004925609350687869
1788923660.5990376,0.004932077772554947
1788923660.6488197,0.004938090805011843
1788923660.6988108,0.004943270356485002
1788923660.7489688,0.004948774922933592
1788923660.798662,0.004953796995686202
1788923660.8492587,0.004957985005180637
1788923660.89894,0.004961954699312639
1788923660.9490213,0.004966064072024416
1788923660.9988806,0.004971108009486828
1788923661.04885,0.004974079348593035
1788923661.099242,0.004976560366860694
1788923661.1490412,0.0049792328045273
1788923661.1990156,0.0049827704952937835
1788923661.2490196,0.004985450564793035
1788923661.2987552,0.004987179001268822
1788923661.3489947,0.00498825888981863
1788923661.3990252,0.00499062356189599
1788923661.4490306,0.004992281906771979
1788923661.4989908,0.0049931906543317205
1788923661.5488484,0.004993601211296613
1788923661.59957,0.004994603639828145
1788923661.6489546,0.0049948970277631614
1788923661.6998124,0.004995506878695513
1788923661.7492192,0.004994639499769235
1788923661.7993011,0.004994494723061302
1788923661.849022,0.004993821002559743
1788923661.899594,0.0049931616622278996
1788923661.9491324,0.00499232249233223
1788923661.9989605,0.004991148713607002
1788923662.0492513,0.004989650163456265
1788923662.0994217,0.0049884253260669914
1788923662.148961,0.004987597575602353
1788923662.1995234,0.004984217570127164
1788923662.2497857,0.004982279109357692
1788923662.2994564,0.004981383321359097
1788923662.3489988,0.004976973433728373
1788923662.3991401,0.004974942894241026
1788923662.4498377,0.004971452514033747
1788923662.4990685,0.004968284625383562
1788923662.5490043,0.0049643588136740946
1788923662.5993109,0.004960997338903126
1788923662.6490343,0.0049578885202067645
1788923662.6990287,0.004954488759985347
1788923662.749005,0.004950181897086272
1788923662.7992613,0.004945964154095003
1788923662.8490014,0.004941805135809412
1788923662.8989174,0.004936722997745728
1788923662.9489453,0.004932501174279789
1788923662.9990976,0.004927768373065609
1788923663.0489104,0.004922495305033839
1788923663.0988803,0.004917705146538293
1788923663.1490412,0.004912015073458257
1788923663.199338,0.0049068702475311985
1788923663.2493126,0.004901193041643521
1788923663.2990716,0.004136632547521977
1788923663.349318,0.0041430806142794185
1788923663.3996131,0.004149832891643698
1788923663.448852,0.004157115065808861
1788923663.4990423,0.004161290376309942
1788923663.5488362,0.004167448925606785
1788923663.5990212,0.004172155047587828
1788923663.6495433,0.004181787768537048
1788923663.6990716,0.004181917388632635
1788923663.7500775,0.004186586420331115
1788923663.7989445,0.004193379538581987
1788923663.849606,0.004193943313994082
1788923663.8993363,0.004198372502450579
1788923663.9491086,0.0042018704092288
1788923663.9992883,0.004204877188678611
1788923664.0488467,0.004209042133039184
1788923664.0997822,0.00421028068089181
1788923664.1492546,0.004212818327294819
1788923664.199119,0.004214688196953015
1788923664.249128,0.004216361946662954
1788923664.2992206,0.004220591940866548
1788923664.3492143,0.004221374269511294
1788923664.3994267,0.004223624651799323
1788923664.4492927,0.0042219404281379535
1788923664.4989915,0.00422533404350069
1788923664.5488322,0.004223688527304762
1788923664.5997803,0.004225066962639864
1788923664.648989,0.004226167205303331
1788923664.699306,0.004225458072965422
1788923664.7492542,0.004227952483905823
1788923664.7996197,0.004229114765600213
1788923664.849042,0.004224523333593244
1788923664.8992972,0.004224098110512753
1788923664.9493046,0.004223199375194536
1788923664.999071,0.0042216173213722435
1788923665.0490286,0.004222420490694314
1788923665.0995636,0.004219347299915454
1788923665.149274,0.004217614556327388
1788923665.1989977,0.004217072591478286
1788923665.2490406,0.004214278496271111
1788923665.299296,0.004212358902323261
1788923665.3489056,0.0042113539446183785
1788923665.3995128,0.0042075634771864346
1788923665.4490137,0.00420688128079576
1788923665.499255,0.004203696803193497
1788923665.5486495,0.004199814400987771
1788923665.599051,0.004196588105981259
1788923665.6487339,0.004193853602487009
1788923665.6996038,0.0041892174974248655
1788923665.7488585,0.00418773999687633
1788923665.7996109,0.004184095205285199
1788923665.8489888,0.004179577807159973
1788923665.8988607,0.004176530266362171
1788923665.949536,0.004172622538900572
1788923665.9990852,0.004168547090262763
1788923666.0499294,0.004165961548433999
1788923666.0988996,0.004159705369296384
1788923666.1489692,0.004156011337713579
1788923666.1989076,0.00415122942202885
1788923666.2492428,0.0041470087723260475
1788923666.2993748,0.0033856181646306307
1788923666.3492599,0.00339039291598625
1788923666.3991468,0.0033929287833104524
1788923666.4490056,0.0033975228273412385
1788923666.4996219,0.0034024427033929505
1788923666.549141,0.003407365618470847
1788923666.599119,0.003411222456923284
1788923666.6496108,0.003415349586190262
1788923666.698725,0.0034191788832496784
1788923666.749543,0.0034215693044133484
1788923666.800056,0.0034265528974323665
1788923666.8490005,0.0034303963946533717
1788923666.8995929,0.003432331659927964
1788923666.9489698,0.0034344494122430787
1788923666.9989076,0.0034378364667673983
1788923667.048969,0.003440384404791941
1788923667.0988693,0.0034417518908760564
1788923667.1496336,0.003443769061424536
1788923667.199835,0.0034464015615701294
1788923667.249283,0.0034472411193898498
1788923667.299139,0.0034500115464526763
1788923667.3489673,0.003451283667927123
1788923667.3993926,0.003451937925249146
1788923667.4491258,0.0034533016669634113
1788923667.4990165,0.003454403415393686
1788923667.5490782,0.0034542489447795264
1788923667.5988202,0.0034549765556242174
1788923667.649004,0.0034546117269707104
1788923667.699209,0.003455075396579414
1788923667.7489896,0.003455115499117617
1788923667.798839,0.003454912556363995
1788923667.8495414,0.0034532341724526896
1788923667.899197,0.003454117326211944
1788923667.9496214,0.0034539421240287237
1788923667.9994097,0.0034530314345150616
1788923668.0489314,0.0034531876340106026
1788923668.0991087,0.0034512032774934288
1788923668.1489978,0.0034498637475410586
1788923668.1988525,0.0034480581285402647
1788923668.2489927,0.0034451867312499333
1788923668.2990685,0.003444811991909477
1788923668.349032,0.003443226480373277
1788923668.3992906,0.003441053785712206
1788923668.4490035,0.003439202661251139
1788923668.4996235,0.0034379069643740816
1788923668.549024,0.003434300736160913
1788923668.599352,0.0034323301762466452
1788923668.649715,0.003430016601708101
1788923668.699582,0.0034266711878948998
1788923668.749432,0.003424906623164078
1788923668.7994263,0.0034219223683682027
1788923668.8489954,0.0034193002034525522
1788923668.8993657,0.0034157654139817437
1788923668.948936,0.0034129782451777914
1788923668.998927,0.0034086807627665477
1788923669.0490317,0.003405480469223994
1788923669.0990024,0.0034023565771136963
1788923669.1496189,0.0033991139063599693
1788923669.1989946,0.003397040056228795
1788923669.248836,0.003391919832842659
1788923669.2990046,0.002627674357904792
1788923669.3491857,0.0026327423587295183
1788923669.3996828,0.002636284989404321
1788923669.4490047,0.0026403553439674396
1788923669.499253,0.0026444803294489866
1788923669.5489998,0.002647225989841315
1788923669.599301,0.002651494860199794
1788923669.6488972,0.0026532009510227632
1788923669.6988196,0.0026566690637968584
1788923669.7496223,0.002659568782620622
1788923669.7993953,0.0026629712748761376
1788923669.8492954,0.0026652023811186234
1788923669.8989985,0.002668260858404336
1788923669.94964,0.002669093600015059
1788923669.9990005,0.002672091727239566
1788923670.049293,0.002674705323475657
1788923670.0989995,0.002675913525227898
1788923670.1489928,0.002676492905293067
1788923670.1989996,0.0026781036923595415
1788923670.2489898,0.0026832912086248626
1788923670.2994182,0.0026811388771632375
1788923670.3488722,0.002684643341005986
1788923670.399189,0.0026837562731119994
1788923670.4492512,0.0026841933613620714
1788923670.4988136,0.002684473244963497
1788923670.5494373,0.0026848106457305295
1788923670.5992906,0.002687357954499901
1788923670.6494112,0.0026856513343864012
1788923670.6989667,0.0026849516508129726
1788923670.7492893,0.002686438952787486
1788923670.7992804,0.002684809648774108
1788923670.848995,0.0026863419738150257
1788923670.8989973,0.0026851441275282948
1788923670.9490314,0.002684621702915972
1788923670.9992142,0.0026846209263156995
1788923671.049001,0.0026836645812418555
1788923671.0990324,0.0026830515941540962
1788923671.1496203,0.002682036707909031
1788923671.199358,0.0026835197395268687
1788923671.2493024,0.002678820987003964
1788923671.2992141,0.002678272291589901
1788923671.3489575,0.0026769886479136116
1788923671.3991024,0.0026761007499095492
1788923671.4489489,0.002674439109770787
1788923671.4989994,0.002672383342296695
1788923671.548996,0.0026707445055705473
1788923671.5991266,0.0026688647752875433
1788923671.648996,0.0026675323687334503
1788923671.6988304,0.0026655691701395015
1788923671.7488406,0.00266225884688527
1788923671.798988,0.0026607815992565126
1788923671.8493156,0.002658416815375389
1788923671.8990173,0.0026553667929282558
1788923671.9492385,0.002653818351900542
1788923671.9992366,0.0026514758355248988
1788923672.0489597,0.002648660456661451
1788923672.099825,0.0026459916432426548
1788923672.1492565,0.0026425959245962036
1788923672.1995132,0.0026404265054291564
1788923672.2490115,0.0026375535750294546
1788923672.2989848,0.0018753495036688322
1788923672.3490076,0.001878764443698365
1788923672.398994,0.0018810218870658358
1788923672.4489648,0.0018843449037957837
1788923672.4991565,0.0018883434907729323
1788923672.549036,0.001889601828749441
1788923672.5991247,0.001892118259624979
1788923672.6489975,0.0018947897920849053
1788923672.6986635,0.001896302073300511
1788923672.7490458,0.0018980638825513787
1788923672.7993538,0.0019000012305112489
1788923672.8488882,0.0019028349810407174
1788923672.8988504,0.0019039739935108174
1788923672.948896,0.0019062181950558368
1788923672.999077,0.0019077673878935607
1788923673.0491219,0.001908198785765925
1788923673.0990248,0.0019099048489764237
1788923673.148861,0.0019115134246024176
1788923673.199009,0.001911902292708665
1788923673.2495234,0.00191297805000969
1788923673.299001,0.0019137933636770037
1788923673.3490362,0.0019154569765048464
1788923673.3989987,0.0019165201359907795
1788923673.4492626,0.0019161481712105328
1788923673.49888,0.0019166297539682973
1788923673.5488994,0.0019179764651695054
1788923673.5989902,0.0019170369721332487
1788923673.6490567,0.0019183435398608813
1788923673.6991324,0.0019176851865480055
1788923673.7489924,0.001918620654479231
1788923673.7988763,0.0019185032374203139
1788923673.8489773,0.0019182958627142824
1788923673.8990858,0.0019181444166052604
1788923673.9490576,0.0019181830667307873
1788923673.9996722,0.0019176657740361056
1788923674.0489964,0.0019208601061092441
1788923674.0990093,0.0019167038876031948
1788923674.149687,0.0019164838665144215
1788923674.1992888,0.0019153971166280973
1788923674.2493389,0.0019137861731926247
1788923674.2991614,0.0019131334123853986
1788923674.3488207,0.0019122682311164768
1788923674.3996477,0.0019119621654702828
1788923674.4490314,0.0019110448503544476
1788923674.499614,0.0019098566102425376
1788923674.549054,0.001910260549435811
1788923674.5994353,0.0019074377726143892
1788923674.6500006,0.001905381968601661
1788923674.6989918,0.0019066951166313347
1788923674.7498806,0.0019025909161509602
1788923674.7989564,0.0019016271456822585
1788923674.8495355,0.0019005968780644936
1788923674.8990073,0.0018988279943751888
1788923674.94931,0.0018964409161462813
1788923674.9990056,0.0018948379976086575
1788923675.0488915,0.001893538388807043
1788923675.0990689,0.0018915465960202503
1788923675.1489985,0.0018900909793911746
1788923675.1996489,0.001887865990509572
1788923675.2489638,0.00188513464033864
1788923675.29931,0.001127638326131749
1788923675.349086,0.0011296966764383545
1788923675.3989725,0.001130461413874975
1788923675.4492972,0.001133299804433876
1788923675.4992726,0.0011346648608828523
1788923675.5492754,0.0011372168268440005
1788923675.5989997,0.0011397388065140747
1788923675.649031,0.0011392659156996754
1788923675.6988869,0.0011398803507871548
1788923675.7490077,0.0011421091838311613
1788923675.7990139,0.001143428372642887
1788923675.8488796,0.0011436359042496182
1788923675.8991382,0.001145698154063034
1788923675.9490008,0.0011466891778066117
1788923675.9990325,0.0011477011011944468
1788923676.0490153,0.0011489025837279
1788923676.0990243,0.0011494759401984701
1788923676.1489427,0.0011496266590836507
1788923676.19901,0.0011509583602426945
1788923676.249854,0.001151718077361725
1788923676.2989614,0.0011514947038480544
1788923676.3490922,0.0011527338833443093
1788923676.399319,0.0011532881768241304
1788923676.4491198,0.0011552147275895649
1788923676.4988444,0.0011535252292031906
1788923676.5491023,0.0011541215888212462
1788923676.599419,0.001154748702328143
1788923676.6489754,0.0011547393102205473
1788923676.69901,0.0011544011335621917
1788923676.748848,0.0011553479348645392
1788923676.7988677,0.0011542286052204258
1788923676.8495142,0.0011555135837831288
1788923676.8988154,0.0011568634446515443
1788923676.9490092,0.001154371385226229
1788923676.9993067,0.0011552086965627615
1788923677.049068,0.001154183844363208
1788923677.0989983,0.0011548859655974737
1788923677.1490083,0.0011546795738533366
1788923677.1989937,0.0011533986046513617
1788923677.2491956,0.0011541223851054608
1788923677.299456,0.001152633912296783
1788923677.3489976,0.001152692486061158
1788923677.399777,0.0011528199536260505
1788923677.449253,0.0011521166117114535
1788923677.4989276,0.001151347654489821
1788923677.549256,0.001151023901949309
1788923677.598999,0.0011502580524249603
1788923677.6489975,0.0011487769370121558
1788923677.6992643,0.0011484201824524607
1788923677.7490191,0.0011479473352644571
1788923677.799017,0.0011472045658526132
1788923677.8491762,0.001146487344197783
1788923677.899259,0.001144843646757444
1788923677.9496775,0.0011437118510123035
1788923677.9991987,0.0011462831344955175
1788923678.0494196,0.0011427234675744486
1788923678.099603,0.0011409054035219758
1788923678.1493564,0.0011397366003027504
1788923678.198998,0.0011404307923072953
1788923678.2492988,0.001138398072198693
1788923678.2993324,0.0004045654585606783
1788923678.3489864,0.00040659037917984553
1788923678.3996272,0.0004060233121371526
1788923678.4489882,0.000405711797302628
1788923678.4990323,0.0004069013481078983
1788923678.548916,0.00040674570392331636
1788923678.599397,0.00040772233136621085
1788923678.6488557,0.0004081289071276054
1788923678.6987543,0.0004083453227053432
1788923678.7488582,0.00040889052522495014
1788923678.7989984,0.00040938721682766286
1788923678.8489122,0.00040984320441385126
1788923678.8996427,0.000410207239682043
1788923678.949105,0.0004107226336163852
1788923678.9990618,0.0004104441194042412
1788923679.048771,0.00041153499898961794
1788923679.0992835,0.0004115764303694523
1788923679.1490998,0.0004113539115732241
1788923679.1988463,0.000411642850836675
1788923679.249286,0.0004121579895169387
1788923679.299027,0.0004130026221570372
1788923679.3490028,0.00041321405217612856
1788923679.3990905,0.0004127036861956745
1788923679.449429,0.00041284776111779123
1788923679.498997,0.00041454151804840933
1788923679.5490258,0.0004136500648743771
1788923679.5990107,0.000414822582582688
1788923679.6492665,0.0004145015881696875
1788923679.6992574,0.00041458056894195464
1788923679.7488477,0.00041468524238724437
1788923679.798994,0.0004151867005064913
1788923679.848997,0.0004147006222834096
1788923679.8995552,0.00041533938516910145
1788923679.9489908,0.0004145993758286872
1788923679.99964,0.0004149082106699496
1788923680.0489466,0.000414761467738252
1788923680.0991611,0.00041584315096403755
1788923680.1490374,0.00041572048316928053
1788923680.1996284,0.00041594238495501967
1788923680.2495084,0.00041597903853303063
1788923680.2990131,0.0004161623481593347
1788923680.349274,0.00041578514708453927
1788923680.399518,0.0004152961840464916
1788923680.4490547,0.00041664437970719763
1788923680.4989955,0.0004157573724795499
1788923680.5490134,0.00041590305886644527
1788923680.5992913,0.00041607617492626833
1788923680.648942,0.0004155404650455409
1788923680.6994336,0.00041556159516348935
1788923680.7492716,0.00041590902981513225
1788923680.7990067,0.0004158179048613386
1788923680.8488777,0.0004160419811577317
1788923680.8990154,0.0004156515303535899
1788923680.949162,0.0004158839828559005
1788923680.9990234,0.00041563120607537423
1788923681.04897,0.0004158424656194625
1788923681.09924,0.0004155465616796906
1788923681.1488883,0.00041573648873856887
1788923681.199143,0.0004149832621416069
1788923681.2490027,0.00041738420256171347
1788923681.2988749,0.00043809930269199344
1788923681.3490372,0.00043844120246246945
1788923681.3990016,0.0004381417900477797
1788923681.448998,0.00043809651871430937
1788923681.499098,0.00043775750465511716
1788923681.549237,0.0004380294212399905
1788923681.598974,0.00043801136024593544
1788923681.6489503,0.00043804286376233507
1788923681.69871,0.00043777279927846975
1788923681.7495348,0.00043786549202754735
1788923681.7990003,0.0004377791089814085
1788923681.848996,0.00043726877126864307
1788923681.8989966,0.0004375559084066363
1788923681.948959,0.00043822983474124867
1788923681.9989944,0.0004373644367789718
1788923682.0489304,0.0004373721382441353
1788923682.0990252,0.00043778544921226737
1788923682.1489599,0.00043690320510800316
1788923682.1990235,0.00043641278404293594
1788923682.2490501,0.00043749490549948526
1788923682.2990317,0.000436629472809644
1788923682.3489993,0.0004363034457551563
1788923682.3993373,0.00043695814834313957
1788923682.4490187,0.0004359628026016503
1788923682.4994836,0.0004365896062322405
1788923682.548868,0.0004357121241641457
1788923682.5992088,0.00043580406915353417
1788923682.6489763,0.0004351271800227907
1788923682.6992955,0.00043505057633429076
1788923682.748855,0.0004349587296866488
1788923682.799256,0.00043516622122503304
1788923682.8487058,0.0004346258066710182
1788923682.8988504,0.00043442984839294835
1788923682.9490037,0.0004344182991643291
1788923682.9990594,0.00043447674109306576
1788923683.049003,0.00043354478191444585
1788923683.0992591,0.00043359566022007127
1788923683.1490335,0.0004339488148831973
1788923683.1989834,0.0004337469365157749
1788923683.248923,0.00043252698977931485
1788923683.2988517,0.00043249714408016485
1788923683.348953,0.0004324348005371396
1788923683.3997376,0.0004320141530102925
1788923683.4492717,0.00043242727353967505
1788923683.4988465,0.00043121912391769587
1788923683.5489686,0.00043150721334375035
1788923683.5990283,0.0004311831005940662
1788923683.649546,0.0004302832318743696
1788923683.698887,0.00043030520063771247
1788923683.7490675,0.0004304518288952425
1788923683.7989979,0.0004296367530610863
1788923683.848959,0.00042984719590386883
1788923683.8994927,0.0004292469230374365
1788923683.949239,0.0004281425686053013
1788923683.9990077,0.00042800001851952483
1788923684.0489998,0.00042834383882975937
1788923684.0998251,0.00042845493669941767
1788923684.1489873,0.00042762871087855713
1788923684.199385,0.000427252623885752
1788923684.249143,0.00042771914389569805
1788923684.2990103,0.0011629381431874565
1788923684.349058,0.0011643297225674158
1788923684.3989983,0.0011655226735407386
1788923684.4492984,0.0011667171867688387
1788923684.4990175,0.0011682602438196977
1788923684.5493505,0.0011685837288799175
1788923684.5992584,0.001170430188757508
1788923684.6488783,0.0011714637258230293
1788923684.698858,0.001171988193366688
1788923684.7490075,0.0011734414539603915
1788923684.7988548,0.0011731902917559882
1788923684.8490074,0.0011738589301896964
1788923684.8995645,0.0011743276085157254
1788923684.9490104,0.0011748390481153828
1788923684.999653,0.001175181018462157
1788923685.0490367,0.0011746525995580974
1788923685.0995188,0.0011764709737893844
1788923685.1496015,0.0011764282418083429
1788923685.1990068,0.0011763832179649484
1788923685.2488937,0.001176907936513942
1788923685.2989252,0.001177491389742294
1788923685.3490758,0.0011773708896172749
1788923685.398863,0.0011779251066907576
1788923685.4490054,0.0011776259193135201
1788923685.4993005,0.0011772616994346209
1788923685.548993,0.0011772468237338054
1788923685.599015,0.0011766418022058512
1788923685.6490562,0.001177272051060086
1788923685.6992955,0.0011768149238233952
1788923685.749002,0.0011769438476338999
1788923685.7990537,0.0011761172461421797
1788923685.8490024,0.0011755548214808951
1788923685.8991628,0.00117543624002998
1788923685.949034,0.0011753975070627732
1788923685.9993043,0.001174997699688959
1788923686.0488977,0.001173803217751745
1788923686.099569,0.0011729640353804055
1788923686.148953,0.0011729959603772057
1788923686.1996558,0.0011720711199776368
1788923686.249574,0.0011718044980768734
1788923686.2990391,0.0011699356663962567
1788923686.3489714,0.001169779502509674
1788923686.399046,0.0011690247823625463
1788923686.449304,0.0011680712305454923
1788923686.4993012,0.001167207558040633
1788923686.5492682,0.0011665393087073957
1788923686.5996556,0.0011652334769352924
1788923686.6493254,0.0011652731873713204
1788923686.6990292,0.0011626978951195931
1788923686.749316,0.0011622214608598223
1788923686.799559,0.0011613371199251808
1788923686.8493485,0.0011601444602411773
1788923686.899263,0.0011593404356307435
1788923686.9497523,0.0011547611436069272
1788923686.999627,0.00115711813108238
1788923687.049673,0.0011559150077770856
1788923687.0996153,0.0011544757131918824
1788923687.1498563,0.0011534934720658979
1788923687.1997721,0.0011525895311725134
1788923687.249428,0.0011505157667042582
1788923687.299147,0.0019093194778321036
1788923687.3488507,0.0019104363400713118
1788923687.399515,0.0019136534247066897
1788923687.4492798,0.0019157717516567398
1788923687.4987824,0.0019185450881622024
1788923687.5489106,0.0019210806187028582
1788923687.599288,0.0019221845092675218
1788923687.6490407,0.0019241874767396575
1788923687.6988857,0.0019262397965478224
1788923687.74912,0.0019273115547775806
1788923687.7993238,0.0019274402617755133
1788923687.8488796,0.001929439830352557
1788923687.8996625,0.0019308757943863244
1788923687.9491148,0.0019314435181624996
1788923687.9988513,0.0019332294349441355
1788923688.0494092,0.0019344711036689852
1788923688.0993052,0.00193483924888224
1788923688.1488752,0.0019358252483970939
1788923688.1989331,0.001936754853192485
1788923688.2489734,0.0019373979382438934
1788923688.2988932,0.0019371343470959638
1788923688.3488,0.0019381789932108985
1788923688.399272,0.0019386762448354545
1788923688.449104,0.0019377703404368388
1788923688.4992683,0.0019380454212803598
1788923688.5490086,0.0019389244514614054
1788923688.59929,0.0019383159696800712
1788923688.6494596,0.0019383741677091312
1788923688.6987307,0.0019379226016459574
1788923688.7488556,0.001938241376777611
1788923688.7990386,0.001937379091257636
1788923688.8489406,0.0019368228436169577
1788923688.8993533,0.0019366581312656537
1788923688.9494238,0.0019352937432203054
1788923688.99904,0.0019347639570729525
1788923689.049018,0.0019336144048290554
1788923689.1000028,0.0019330228092304122
1788923689.1490006,0.0019320815538944496
1788923689.1993968,0.001931101154040507
1788923689.249073,0.0019303100939953317
1788923689.299774,0.001928841626997251
1788923689.3488815,0.0019279745488540558
1788923689.3990417,0.0019270452623285634
1788923689.4491522,0.001925759447301419
1788923689.4992788,0.0019237215814975565
1788923689.5489218,0.0019224706398006182
1788923689.5988443,0.0019210847461703805
1788923689.649003,0.001919394917247317
1788923689.6992943,0.0019175501576533588
1788923689.749856,0.0019162650596533058
1788923689.7990406,0.0019141816983095313
1788923689.8490708,0.0019128749097502343
1788923689.8989227,0.0019108064433320414
1788923689.9488285,0.0019087400120660805
1788923689.9989328,0.0019065849134083312
1788923690.048979,0.0019046722002221774
1788923690.0991411,0.0019029658755563238
1788923690.1490264,0.0019000749423744169
1788923690.1990185,0.0018978555263260812
1788923690.2490122,0.0018958512949030428
1788923690.2992408,0.002658332866272823
1788923690.3491397,0.0026611910288133855
1788923690.3990412,0.0026652729930962122
1788923690.4491224,0.0026681566775380687
1788923690.4990327,0.0026712184530042786
1788923690.5490367,0.0026738079986418323
1788923690.598847,0.0026770117044746388
1788923690.6494393,0.0026801476354353427
1788923690.6988764,0.0026825984351390073
1788923690.7493446,0.002684924277613934
1788923690.7989457,0.0026865189672798558
1788923690.8488035,0.0026888608483223984
1788923690.8991086,0.002690802762431559
1788923690.9490056,0.0026922646179999015
1788923690.9990273,0.002693979843019606
1788923691.0489986,0.0026950955396356857
1788923691.0988202,0.0026965152872576643
1788923691.1493955,0.002698007678941999
1788923691.1990192,0.002699454152813345
1788923691.249524,0.0026998475114511818
1788923691.298812,0.002700895989244399
1788923691.349391,0.0027017267903228755
1788923691.3990052,0.002702191565838744
1788923691.4490285,0.0027024415279515088
1788923691.4988596,0.002702691218935095
1788923691.5496793,0.0027024915824522965
1788923691.5994015,0.0027023507774445793
1788923691.6491246,0.002702154446481593
1788923691.6994452,0.002701365098048882
1788923691.749295,0.0026996952809593884
1788923691.799307,0.0027010097893014774
1788923691.8490088,0.0027001418306726315
1788923691.8995585,0.002700128642368134
1788923691.9497135,0.002699236574657002
1788923691.9995215,0.0026958944514034124
1788923692.0490472,0.0026974803013717808
1788923692.0990767,0.0026956192311420276
1788923692.1494114,0.00269445525045318
1788923692.1990669,0.0026929122334542546
1788923692.2488375,0.002691791011262552
1788923692.2990258,0.0026906761957096177
1788923692.3489676,0.0026884838250157295
1788923692.3990955,0.00268462406028671
1788923692.4495258,0.002685097281601699
1788923692.4990878,0.0026831117421840544
1788923692.5492055,0.002681837436984027
1788923692.5993497,0.002678891596541208
1788923692.6490455,0.0026775753343775206
1788923692.699015,0.0026750703804380607
1788923692.7490199,0.002672408780182501
1788923692.799039,0.002670453601036777
1788923692.8490157,0.002667522607682271
1788923692.8991427,0.002664732019965917
1788923692.948992,0.0026622055346564115
1788923692.998853,0.0026595250993797343
1788923693.0488873,0.0026569630211718803
1788923693.0990157,0.002653898951075933
1788923693.1495473,0.0026512010644863934
1788923693.1989567,0.002647750339246082
1788923693.2495828,0.0026450592467518884
1788923693.299278,0.003407877469873689
1788923693.3493068,0.003412469966362997
1788923693.3989937,0.0034164464033209032
1788923693.4490123,0.0034218439296709725
1788923693.4992871,0.0034258493498497693
1788923693.549139,0.0034295854457320344
1788923693.5996523,0.0034330082346204632
1788923693.6492305,0.0034358136582428637
1788923693.6988316,0.0034402210604334033
1788923693.749187,0.003443466686159864
1788923693.7992482,0.003446126545811114
1788923693.8490248,0.0034489461403847633
1788923693.8995092,0.003451120979128482
1788923693.949012,0.0034534940843492044
1788923693.999627,0.0034555923693150303
1788923694.0493784,0.0034573669572971785
1788923694.0996852,0.0034591511316430074
1788923694.1494324,0.0034599012396438456
1788923694.1988297,0.003462113388562284
1788923694.2488863,0.0034640602895349613
1788923694.2988718,0.003464874569346196
1788923694.348813,0.0034656497645343893
1788923694.3989992,0.003466507418735836
1788923694.4493027,0.0034666465281057088
1788923694.499,0.0034673597943303226
1788923694.549288,0.00346696597322561
1788923694.5993242,0.003467719905509423
1788923694.6499786,0.0034669678621251252
1788923694.6993086,0.0034672894328054006
1788923694.7490451,0.003466751103486279
1788923694.7991488,0.003465411024398921
1788923694.8489788,0.003465146461939669
1788923694.8989623,0.0034642204181347205
1788923694.9491453,0.0034631894725478812
1788923694.998998,0.0034618862481293035
1788923695.0495393,0.0034607056903857014
1788923695.0989947,0.0034593773711332015
1788923695.1497653,0.003457983247409202
1788923695.1990194,0.0034562426178536333
1788923695.24926,0.0034541814805393338
1788923695.2988434,0.003452442738169987
1788923695.3489456,0.003450323500773687
1788923695.398898,0.0034481751301316784
1788923695.4490283,0.003445771622049698
1788923695.4992244,0.0034434935790212113
1788923695.5495195,0.003440979311178899
1788923695.5992956,0.003438430485496764
1788923695.6489966,0.0034359580706595336
1788923695.699117,0.0034327703744205574
1788923695.7489924,0.0034300550017068465
1788923695.7988555,0.0034271247138882082
1788923695.849005,0.0034233881557475822
1788923695.899024,0.0034204517388491122
1788923695.9488876,0.0034171302363660105
1788923695.999681,0.0034133261030439128
1788923696.0496237,0.0034100652635596146
1788923696.0990062,0.003406440982403903
1788923696.1489968,0.0034022038866897103
1788923696.19885,0.0033982920546765847
1788923696.2488868,0.0033945859129042495
1788923696.299314,0.004157964755184982
1788923696.34895,0.004163791527318388
1788923696.398997,0.004169556741844334
1788923696.4492912,0.00417489771848568
1788923696.4989963,0.004179336211188357
1788923696.549157,0.004185049721050795
1788923696.5988495,0.004189518848338389
1788923696.648858,0.004194113568258994
1788923696.6989148,0.0041988720943424195
1788923696.74899,0.004202189234557109
1788923696.7988951,0.004205994593601419
1788923696.8489823,0.004209644591388938
1788923696.8991957,0.0042117877256940975
1788923696.9489083,0.004215306395716784
1788923696.9991782,0.00421781095659606
1788923697.0492527,0.004219904818531149
1788923697.0988626,0.0042219967864635935
1788923697.1489577,0.004224260365787683
1788923697.1988683,0.004225927343630171
1788923697.2488894,0.0042275553185894925
1788923697.2990103,0.004228594289142212
1788923697.349868,0.004229725880296841
1788923697.3990374,0.0042308157252951995
1788923697.4490259,0.004231169503253033
1788923697.4988031,0.004231868115456749
1788923697.548887,0.00423246868557463
1788923697.5989974,0.004232980280603867
1788923697.6495442,0.0042322620618189906
1788923697.6989906,0.004231841813307128
1788923697.7496183,0.004231523375311472
1788923697.7989953,0.004230768001289082
1788923697.84908,0.004229902153897225
1788923697.8989975,0.004228990919127445
1788923697.9495642,0.004227652071270466
1788923697.9995809,0.004226938856724599
1788923698.0496073,0.004224406781057673
1788923698.0990026,0.004223065321823726
1788923698.1490755,0.004221769097979158
1788923698.1996262,0.004219618697824744
1788923698.2492566,0.00421703676799582
1788923698.2989645,0.004214853724394021
1788923698.3490324,0.004212411673388367
1788923698.399528,0.00420944759113848
1788923698.4490116,0.004207386959604937
1788923698.4990027,0.004203896738431016
1788923698.5489538,0.004200990545847568
1788923698.5990846,0.00419777260864598
1788923698.6495712,0.004194360791955065
1788923698.6994243,0.0041909294646591145
1788923698.749296,0.0041878336648670566
1788923698.7989123,0.004183563234382441
1788923698.8490021,0.004180425212696291
1788923698.8989928,0.004175655138187297
1788923698.9488537,0.0041714491348366365
1788923698.9988902,0.004167721240876683
1788923699.0489807,0.004163210241643658
1788923699.099004,0.004158468380596348
1788923699.1488867,0.004153520805646552
1788923699.1991315,0.004149272038566442
1788923699.2492793,0.004144653295385223
1788923699.298863,0.004907123401955703
1788923699.3490252,0.004915221769853675
1788923699.3991911,0.0049221641043222285
1788923699.4489107,0.004928475411824985
1788923699.499045,0.00493486824087247
1788923699.5495057,0.004940377726734813
1788923699.5989668,0.00494649512351847
1788923699.648789,0.004951480470151307
1788923699.6989028,0.004956528087414391
1788923699.7488515,0.004961055909054315
1788923699.7992733,0.004965648440672047
1788923699.8489907,0.004969189899710972
1788923699.898847,0.004973302709705208
1788923699.949252,0.004976643280498097
1788923699.9989157,0.004979981994997036
1788923700.0488713,0.00498120452201028
1788923700.0988178,0.004985426107511305
1788923700.1488385,0.004987855902652933
1788923700.1988914,0.004989967530331591
1788923700.2489328,0.0049918555765378365
1788923700.2988825,0.004993354208340354
1788923700.348835,0.004994732020821647
1788923700.3988879,0.004995864687037489
1788923700.448959,0.004996633411182196
1788923700.4988866,0.004997177875203342
1788923700.5490408,0.0049978673475484505
1788923700.599144,0.004997582508052124
1788923700.648994,0.004997636672292451
1788923700.69903,0.004997063342575942
1788923700.7490091,0.004996676482287671
1788923700.799239,0.00499584173267912
1788923700.8490026,0.0049953694299333835
1788923700.8998103,0.004993992507142866
1788923700.949679,0.00499265818423794
1788923700.999239,0.004990197991255905
1788923701.0489144,0.004988786896089328
1788923701.0989258,0.004987320114246215
1788923701.1490884,0.0049851715122412365
1788923701.1996179,0.004982441610402316
1788923701.249017,0.00498033008411957
1788923701.2992897,0.00497756920423109
1788923701.3489985,0.004974494575503129
1788923701.3996794,0.004971715853673722
1788923701.4490068,0.004968482403342788
1788923701.4989932,0.004965175018940163
1788923701.5492876,0.004961005959370098
1788923701.599653,0.004957464264109211
1788923701.649655,0.004953320878977601
1788923701.6992555,0.004949816259481789
1788923701.7490153,0.004945115866976234
1788923701.7998574,0.00494117103090098
1788923701.8489022,0.004936493326004913
1788923701.8999524,0.004931431269766523
1788923701.948957,0.004926674532372823
1788923701.99891,0.004921692273288134
1788923702.048872,0.004916951062642536
1788923702.099006,0.00491152549423307
1788923702.1488092,0.004906039383418493
1788923702.199639,0.004900326801029733
1788923702.249872,0.004894607185983826
1788923702.2990308,0.005658503833046432
1788923702.3489764,0.005666612651969551
1788923702.3988185,0.005674776847970842
1788923702.4488616,0.005682507532663898
1788923702.4988894,0.005689756171025764
1788923702.5488806,0.00569631275422816
1788923702.5988681,0.005702917450486733
1788923702.6488588,0.005709017455141057
1788923702.6991625,0.005714763621130128
1788923702.7490041,0.005720155173516608
1788923702.7990446,0.005725008012033871
1788923702.8493617,0.00572916128738336
1788923702.8989942,0.0057339781991228665
1788923702.948866,0.005738365606101945
1788923702.9989145,0.005742027180028555
1788923703.048919,0.005745474302866247
1788923703.0989993,0.005748236329459685
1788923703.1493423,0.005751034109120086
1788923703.199,0.00575303171264818
1788923703.2488437,0.005755712944367848
1788923703.299033,0.005757773128772862
1788923703.3489199,0.005759183585850371
1788923703.3995526,0.005760613440247233
1788923703.4492366,0.005761826981685265
1788923703.4992533,0.005762421067532394
1788923703.5495594,0.005762834892608695
1788923703.5997896,0.005762933843809062
1788923703.649071,0.00576318675954647
1788923703.6992373,0.005762463756225392
1788923703.7488422,0.005762180848754136
1788923703.7998586,0.005761432193320391
1788923703.8494215,0.005760526718684163
1788923703.8993065,0.005758873709780323
1788923703.9488196,0.0057574347022235775
1788923703.9992428,0.005755875695205023
1788923704.0489054,0.005753616403760644
1788923704.0992959,0.0057515437325980105
1788923704.149027,0.005748928613793079
1788923704.1988432,0.005746202345996232
1788923704.2490385,0.005743489441019716
1788923704.2992098,0.005740186936896251
1788923704.3490214,0.005737272525731636
1788923704.3989937,0.0057335418760956205
1788923704.4490047,0.005729868536327125
1788923704.4990392,0.005725728481000748
1788923704.548996,0.005721508061199083
1788923704.599038,0.005717533849042951
1788923704.648958,0.005712759700496374
1788923704.6989923,0.005708088899653261
1788923704.748978,0.0057034660500084825
1788923704.7993155,0.005698398718360269
1788923704.8490198,0.005692896970986762
1788923704.898854,0.00568741852899847
1788923704.9490044,0.005682271997034108
1788923704.9990294,0.005676083269765986
1788923705.0489945,0.005670104249290185
1788923705.0988326,0.005663917484672022
1788923705.1490555,0.005658269654302665
1788923705.1995275,0.00565149547203456
1788923705.248989,0.0056449355348454555
1788923705.2992702,0.006409068209269949
1788923705.349166,0.006418500302718627
1788923705.399037,0.006427565645929774
1788923705.44924,0.006436118771007648
1788923705.4995365,0.00644431365252628
1788923705.5493317,0.006452120670454249
1788923705.5992997,0.006459430804146954
1788923705.6492987,0.006466548486496864
1788923705.6990235,0.006473085596985534
1788923705.7492976,0.006479062106512794
1788923705.7989886,0.006485005861346202
1788923705.8489125,0.006490172843988183
1788923705.8988853,0.006495195424750664
1788923705.949038,0.006499819571706204
1788923705.9988587,0.00650408603205289
1788923706.048778,0.006507942915494258
1788923706.0988684,0.006511502857358433
1788923706.149004,0.006514846174165016
1788923706.1990104,0.006517724042671774
1788923706.2490163,0.006519987082648803
1788923706.2990003,0.00652224554093775
1788923706.3490033,0.0065240411740807355
1788923706.3989658,0.00652560436293745
1788923706.448982,0.006526872308888018
1788923706.4988246,0.006527863746202465
1788923706.5492985,0.0065282246469171796
1788923706.5988407,0.006528548090840244
1788923706.6495917,0.006528637137118275
1788923706.6994457,0.006528170156872996
1788923706.7493863,0.006527719284503006
1788923706.7990139,0.0065268488463960375
1788923706.8489037,0.006525533084469411
1788923706.899627,0.006524247149907966
1788923706.9490037,0.0065217596327559815
1788923706.998955,0.006520409120800285
1788923707.0493138,0.006518355416905332
1788923707.0990338,0.006515831716551067
1788923707.149011,0.006512870158018944
1788923707.1992943,0.006509860779092699
1788923707.2489898,0.006506574936914306
1788923707.2996418,0.006503054537731818
1788923707.3490667,0.00649955305884361
1788923707.3990018,0.006495399497528829
1788923707.4488664,0.006491168897843321
1788923707.4996595,0.00648690014022742
1788923707.5490706,0.006482277687705345
1788923707.5991015,0.0064771726147955
1788923707.6494513,0.006472146171191251
1788923707.6989982,0.0064668451969258104
1788923707.7493408,0.006461287668929744
1788923707.7990224,0.0064555803859008415
1788923707.8490732,0.006449702398018017
1788923707.8990018,0.0064435406149030835
1788923707.949063,0.006437394440996992
1788923707.9998698,0.006430782824183467
1788923708.0488396,0.006424249779318286
1788923708.099288,0.0064172340250174195
1788923708.1488955,0.006410150882935011
1788923708.1989362,0.006402978040389262
1788923708.2489572,0.006395485857828187
1788923708.299267,0.007159710005289643
1788923708.3494534,0.00717034600218699
1788923708.399044,0.007180448104126535
1788923708.4490252,0.0071901298943001755
1788923708.498874,0.00719930100948656
1788923708.5490413,0.007208138460811488
1788923708.598989,0.007216280197654505
1788923708.6487215,0.0072240796388674
1788923708.6994114,0.007231484340446108
1788923708.748832,0.007238335786716108
1788923708.799003,0.007244802959523398
1788923708.8490644,0.0072509177860951
1788923708.8994138,0.007256453167290687
1788923708.9488559,0.00726166052582387
1788923708.9989266,0.007266494475739301
1788923709.0488582,0.007270842911190966
1788923709.0990126,0.007274851010679664
1788923709.1492863,0.007278500850586346
1788923709.1989992,0.00728160219677406
1788923709.2489731,0.007284569302416301
1788923709.2988622,0.0072869676310140016
1788923709.3490837,0.0072888926094088575
1788923709.3988683,0.007290735120512002
1788923709.4488008,0.0072922242054733145
1788923709.4988847,0.007293197162326637
1788923709.5492382,0.0072939353297572914
1788923709.5991778,0.007294031733661578
1788923709.6496243,0.007294286136418368
1788923709.6995566,0.007293871249342097
1788923709.7490935,0.007293113451800661
1788923709.7992868,0.007292338073652856
1788923709.8490424,0.007291005252929708
1788923709.8998127,0.007289442682868829
1788923709.9492571,0.007287188903072866
1788923709.9990034,0.007285295607539825
1788923710.0493085,0.007282892722530768
1788923710.099226,0.007279971474237646
1788923710.1490023,0.007276995908836021
1788923710.1990747,0.007273593636443643
1788923710.2494423,0.0072700415111817416
1788923710.2992964,0.007265765360809946
1788923710.3490176,0.007261983357825326
1788923710.3989093,0.007257602927438795
1788923710.4488645,0.007252886284297653
1788923710.4995825,0.007247865905039305
1788923710.5488954,0.007242721067364308
1788923710.5988815,0.007237397089945899
1788923710.6490855,0.0072316512716356736
1788923710.6991313,0.007225761750136486
1788923710.749349,0.0072192469564660265
1788923710.7995777,0.007213216022292903
1788923710.8497453,0.007206627438758084
1788923710.8993766,0.007199860226785872
1788923710.9492974,0.007192707166639304
1788923710.9994123,0.007185561166158068
1788923711.0495,0.007178097927956668
1788923711.0994987,0.007170304462859177
1788923711.1492493,0.007162398183966414
1788923711.1996818,0.007154466302469372
1788923711.2493138,0.007146222606826917
1788923711.2996385,0.00791049965648692
1788923711.348997,0.007922320346394441
1788923711.3988316,0.007933490562268043
1788923711.4492924,0.00794420094770056
1788923711.4991035,0.00795438915903711
1788923711.5489612,0.007964063595863304
1788923711.5993178,0.00797326552739979
1788923711.6497161,0.00798185964889872
1788923711.6990244,0.00799000073013941
1788923711.749737,0.00799766711599657
1788923711.7997377,0.008004874676522142
1788923711.849277,0.008011589967601004
1788923711.899728,0.008017844233556245
1788923711.949291,0.00802360639467705
1788923711.9996157,0.008028914323683575
1788923712.0492995,0.0080338026552015
1788923712.0996299,0.008038260556796408
1788923712.149305,0.00804226053917643
1788923712.1998463,0.008045862397616007
1788923712.2493525,0.008049005094193625
1788923712.2993097,0.008051775771176776
1788923712.3501823,0.008054173245617288
1788923712.3989925,0.008056088371707383
1788923712.449365,0.008057595182718136
1788923712.4987657,0.008058772966917212
1788923712.5497036,0.008059524025688936
1788923712.599114,0.008059942914591141
1788923712.6498294,0.008059959323217373
1788923712.6994324,0.00805969779411692
1788923712.7489638,0.008058938951334749
1788923712.7998867,0.008057924360213176
1788923712.8491805,0.00805649577836051
1788923712.89912,0.008054775265633052
1788923712.949387,0.008052706128696862
1788923712.999427,0.00805032630251209
1788923713.0493138,0.008047543708200051
1788923713.0995836,0.008044509978092107
1788923713.149629,0.00804112362304083
1788923713.1996076,0.008037439023172485
1788923713.2493465,0.008033468359134615
1788923713.2992954,0.008029179254069162
1788923713.3490312,0.008024592928360335
1788923713.3987598,0.008019821149538564
1788923713.4492755,0.008014575741630402
1788923713.499225,0.008009167766051336
1788923713.5493653,0.008003430528600353
1788923713.599545,0.007997436109788305
1788923713.6493328,0.007991188951034015
1788923713.699236,0.007984669981797303
1788923713.7496943,0.00797788916333664
1788923713.7996228,0.00797087225635033
1788923713.8496146,0.007963681720889695
1788923713.8995457,0.007956099486815232
1788923713.949425,0.007948367324931874
1788923713.9995189,0.007940297409954618
1788923714.0493054,0.007932060563142851
1788923714.0996435,0.007923646998254964
1788923714.1492803,0.007914921630239897
1788923714.1996293,0.007906005821066783
1788923714.2495518,0.007896871515105004
1788923714.2996244,0.00866126176609748
1788923714.3489175,0.008674523080534086
1788923714.3990095,0.00868665670003087
1788923714.4491813,0.00869823567742973
1788923714.499524,0.008709813042928392
1788923714.5494137,0.008720186027772536
1788923714.5998833,0.008730715521628955
1788923714.6496274,0.008739643377170751
1788923714.6989083,0.008748761555121755
1788923714.7494562,0.008757073397849712
1788923714.799548,0.008764912859920523
1788923714.8496528,0.008772365446842394
1788923714.8996034,0.00877935153479309
1788923714.9496083,0.008785898619734687
1788923714.9994357,0.008791804689206663
1788923715.049506,0.008797037821798661
1788923715.0992908,0.008802054553666285
1788923715.1492891,0.008806226497111939
1788923715.1993885,0.008810286055339242
1788923715.249608,0.008813611450532662
1788923715.299629,0.008816544957172568
1788923715.3495233,0.008819431142098983
1788923715.4013472,0.00882153851180678
1788923715.4491851,0.008822983391148967
1788923715.4992347,0.008824888533760079
1788923715.54889,0.008825198226359111
1788923715.599223,0.008825682400371428
1788923715.6492982,0.008825764385022396
1788923715.6995375,0.008825548282473054
1788923715.7490275,0.008824846669847997
1788923715.7997386,0.008823502888244869
1788923715.8496208,0.008822379298638954
1788923715.8991847,0.008820202278045405
1788923715.948991,0.00881800048308674
1788923715.9990208,0.00881544458220209
1788923716.0488987,0.00881229907995165
1788923716.0992618,0.008809048258138372
1788923716.1490164,0.008805421226067593
1788923716.199288,0.008801339548302091
1788923716.249235,0.008796972136016856
1788923716.2991202,0.00879224877867741
1788923716.3489933,0.008787314295270576
1788923716.3993099,0.008782058524655068
1788923716.449017,0.008776302314697604
1788923716.4988618,0.008770577528935265
1788923716.5488894,0.008764091914584068
1788923716.59879,0.00875768132037528
1788923716.648948,0.008750781545116453
1788923716.69901,0.0087437080251069
1788923716.7489219,0.00873637361766217
1788923716.799009,0.0087286522066943
1788923716.8490062,0.008720708566475536
1788923716.8989503,0.008712365636651178
1788923716.9497533,0.008703998876305956
1788923716.999437,0.008695133327940094
1788923717.0493028,0.008686483361859792
1788923717.0995116,0.008677040294517697
1788923717.1488793,0.008667358308978993
1788923717.199521,0.008657692946819973
1788923717.2491364,0.008647656003080859
1788923717.299759,0.009412284497198815
1788923717.3489897,0.0094264003765557
1788923717.3989036,0.009439933553747693
1788923717.4495173,0.00945301607509639
1788923717.4990304,0.009464635762729356
1788923717.5491729,0.009476580810193789
1788923717.5992424,0.009487349825849317
1788923717.6489065,0.009497778383084422
1788923717.6990387,0.0095074706864455
1788923717.7489936,0.00951663036526648
1788923717.7989268,0.009525350024188813
1788923717.8490772,0.009533119075215243
1788923717.8996766,0.009540913160809256
1788923717.9490387,0.009547898539703932
1788923717.9996717,0.009554477711396973
1788923718.0489998,0.009560161377909267
1788923718.0990498,0.00956548595469217
1788923718.149294,0.009570390640683425
1788923718.199018,0.009574519467464267
1788923718.2489946,0.009578478940895058
1788923718.2988555,0.00958174317298628
1788923718.3490264,0.009584493250671235
1788923718.3990152,0.009587003637946234
1788923718.4492872,0.009588925656639984
1788923718.499009,0.009590173779611777
1788923718.5489159,0.009591276756176263
1788923718.5991595,0.009591644187197717
1788923718.64929,0.009591932687888254
1788923718.6995633,0.009591559419616466
1788923718.748999,0.009590871656089546
1788923718.7990565,0.009589682003501937
1788923718.8489993,0.009587949736948497
1788923718.898951,0.009586096445066531
1788923718.9490447,0.009583350834250498
1788923718.9996545,0.009580669347096228
1788923719.0492654,0.009577547861892332
1788923719.0992935,0.009573845908363715
1788923719.149022,0.009569659795675456
1788923719.1990097,0.009565542466391205
1788923719.249312,0.009560721146064922
1788923719.2990057,0.009555533935736325
1788923719.3492076,0.009550139702918565
1788923719.3993433,0.009544352322232606
1788923719.4492497,0.009538815842898746
1788923719.4989762,0.009532101304823497
1788923719.5490413,0.009525183212130769
1788923719.5992792,0.00951815787268199
1788923719.6491811,0.009510608631302674
1788923719.6990716,0.009503035970673148
1788923719.7494216,0.009494781860409187
1788923719.7988667,0.009486789218820964
1788923719.8492134,0.009477677402731765
1788923719.8988118,0.009469144366713448
1788923719.9496279,0.009459966406137452
1788923719.999831,0.009450111830118091
1788923720.048985,0.00944069953275292
1788923720.0993042,0.00943047589966329
1788923720.148992,0.009420355716973493
1788923720.199006,0.009409740918057444
1788923720.2492247,0.009398824467218918
1788923720.29886,0.010163425971512879
1788923720.3496068,0.010178134902067227
1788923720.399035,0.010193064907656734
1788923720.4490154,0.010206796473461222
1788923720.498994,0.0102205170145201
1788923720.549,0.010232818376998907
1788923720.59933,0.010244882819656503
1788923720.6488519,0.01025588601186989
1788923720.6993198,0.010266418095009713
1788923720.7490933,0.010276546772602459
1788923720.799026,0.010286019316638523
1788923720.8489044,0.01029466114025083
1788923720.8989246,0.010302695248285466
1788923720.9490695,0.010310325235147749
1788923720.9989069,0.010317210514965211
1788923721.0488586,0.010323366509796225
1788923721.0990105,0.010328965195405307
1788923721.1493196,0.010334633808550786
1788923721.198909,0.010339263637738433
1788923721.248871,0.010343746157005344
1788923721.2989998,0.010346740934738472
1788923721.3489077,0.010350148126843685
1788923721.3989806,0.010352461632710572
1788923721.4488785,0.010354800005609538
1788923721.4990697,0.010356200598903787
1788923721.5497453,0.010357515940295235
1788923721.5988584,0.010358788708655461
1788923721.6488087,0.010357676052281039
1788923721.698838,0.010357439219818295
1788923721.7490253,0.010356368302054074
1788923721.7993083,0.01035563972591343
1788923721.8490126,0.010354066641477295
1788923721.8988488,0.010351428078951416
1788923721.9493086,0.01034879780028319
1788923721.9989693,0.010345910832216513
1788923722.0489635,0.010342259075983441
1788923722.0990667,0.010338432563458379
1788923722.1494908,0.010334202929616633
1788923722.1990137,0.010329686528931455
1788923722.2488441,0.010324817667743446
1788923722.2993364,0.010319103556067355
1788923722.3488574,0.010313222318008191
1788923722.3990304,0.010307324347134729
1788923722.4490573,0.01030084694868731
1788923722.4990547,0.0102937462867769
1788923722.5490355,0.01028646951430922
1788923722.5988522,0.010278959200645725
1788923722.6493213,0.010270660724931028
1788923722.6992714,0.010262134652218377
1788923722.7490196,0.010253925813300077
1788923722.799032,0.01024477121697029
1788923722.8490095,0.010235521255120741
1788923722.8998492,0.010225954041153814
1788923722.9492955,0.010215954019404856
1788923722.999002,0.010205697362723103
1788923723.0490277,0.010194990000081094
1788923723.0998447,0.01018432978671299
1788923723.1492689,0.010172753256771081
1788923723.1990063,0.010161537554334615
1788923723.2491167,0.010149931144025992
1788923723.2996204,0.010914785169757945
1788923723.3488214,0.0109309327769503
1788923723.3988454,0.010946818189715962
1788923723.4492989,0.010961570465407732
1788923723.4989936,0.010976088442198557
1788923723.549022,0.010989254454321242
1788923723.5992546,0.011002331940297936
1788923723.6488485,0.011014588317488243
1788923723.6988616,0.01102539234888517
1788923723.7490654,0.011036399507713924
1788923723.7992916,0.011046680209325407
1788923723.848998,0.011055717284573214
1788923723.89905,0.011064418637559149
1788923723.949573,0.011072938496942613
1788923723.9989948,0.011080031709446733
1788923724.049287,0.011087491640550938
1788923724.098989,0.011094581474876204
1788923724.1492987,0.01109885672697101
1788923724.199023,0.01110363014288332
1788923724.2490163,0.011108380533050721
1788923724.2989917,0.011112268054632495
1788923724.34879,0.011115841606998944
1788923724.3989463,0.011118104655470742
1788923724.448998,0.01112042321858057
1788923724.4989593,0.011122616664975044
1788923724.5494561,0.011124720431206343
1788923724.5993009,0.011124035657626635
1788923724.6490772,0.011124833314708728
1788923724.6992652,0.011123810030913627
1788923724.7492967,0.01112330790736741
1788923724.7990255,0.011122046372136245
1788923724.8488562,0.011120671478518532
1788923724.8989713,0.011117668108330332
1788923724.9498332,0.01111462827757839
1788923724.9990551,0.011112738715800324
1788923725.0490324,0.01110802134838037
1788923725.099017,0.01110410961444847
1788923725.149136,0.011099235268297146
1788923725.199347,0.011094207649902904
1788923725.2489922,0.011091493178382657
1788923725.2991827,0.011083077885407697
1788923725.3491986,0.011076235616482645
1788923725.399001,0.011069618804149741
1788923725.4488103,0.011063090373536736
1788923725.4988003,0.011055059026175424
1788923725.5487964,0.011047323446654553
1788923725.5988333,0.011039335934927414
1788923725.6488132,0.011030770127367995
1788923725.6988618,0.011021702540776718
1788923725.748856,0.011012449828396364
1788923725.7988596,0.011002767128860643
1788923725.8488405,0.010992846585062417
1788923725.898841,0.01098251161413822
1788923725.9488783,0.010971746842322485
1788923725.9987438,0.010960785720093635
1788923726.0488157,0.010949778609006438
1788923726.0988417,0.010937800645415541
1788923726.1487627,0.010925775974570517
1788923726.19876,0.010913833349844925
1788923726.2488317,0.010900859694301605
1788923726.298739,0.038737324724525485
1788923726.3487623,0.038782048987889096
1788923726.3987494,0.03882416712645154
1788923726.4489796,0.038866363909885925
1788923726.4987755,0.03890640487932738
1788923726.5487838,0.03894019998694182
1788923726.5986826,0.038973911009880985
1788923726.6488295,0.03900546189331179
1788923726.6988053,0.03903493533970801
1788923726.7488234,0.03906102770088385
1788923726.7988448,0.03908586786610685
1788923726.8486867,0.039108129427205665
1788923726.898777,0.03912845697321611
1788923726.9487941,0.039145911893749066
1788923726.9987633,0.03916249390487546
1788923727.0488484,0.03917663401050198
1788923727.098774,0.03918841513740616
1788923727.1487703,0.03919883642536648
1788923727.1987448,0.03920734076939519
1788923727.248763,0.039212206080709223
1788923727.2987587,0.03921676400576646
1788923727.3487682,0.03922071363748079
1788923727.3987484,0.03922047233180709
1788923727.4488626,0.03921914515329762
1788923727.4987485,0.03921673687996757
1788923727.5487845,0.03921068239818826
1788923727.598813,0.03920485580698814
1788923727.6488614,0.03919584080146262
1788923727.6987634,0.03918750521471657
1788923727.7488732,0.03917597565301654
1788923727.7987363,0.039163860023239336
1788923727.8486755,0.039148076475706235
1788923727.8986788,0.03913141752479379
1788923727.9486814,0.03911432225535549
1788923727.9987988,0.03909559430955728
1788923728.0487323,0.03907588247321871
1788923728.0987644,0.0390523857213266
1788923728.1487794,0.03903001307337277
1788923728.198738,0.03900493173351751
1788923728.2487414,0.03897826109543057
1788923728.2987838,0.038949844067791645
1788923728.3487415,0.03892229485729611
1788923728.3987372,0.038891673063420486
1788923728.4488723,0.038859656539032186
1788923728.4987702,0.03882739918806656
1788923728.5488625,0.03879328931922133
1788923728.598758,0.03875839546525252
1788923728.6487496,0.03872149515893253
1788923728.6987567,0.038684825850295076
1788923728.7487462,0.03864522355670117
1788923728.7988372,0.03860504607612908
1788923728.8487473,0.03856462740437387
1788923728.898751,0.03852234954987126
1788923728.9488463,0.03847799951972684
1788923728.9988775,0.038434950231569814
1788923729.0487506,0.03838928092144493
1788923729.0987406,0.0383424162640262
1788923729.148781,0.038294451352310105
1788923729.1986957,0.03824630020743364
1788923729.2487419,0.03819639940754391
1788923729.2987847,0.035518860059385586
1788923729.348867,0.035569292355087656
1788923729.3987494,0.035616775426467545
1788923729.4488537,0.03565972288553023
1788923729.4987464,0.03570338285689572
1788923729.5487456,0.035741902628393774
1788923729.5987246,0.03577970318622488
1788923729.6487436,0.03581660745061824
1788923729.6987317,0.035848576932751224
1788923729.7487369,0.03587925736688052
1788923729.7987483,0.035908718615615814
1788923729.8486984,0.03593559035850944
1788923729.8988104,0.03595997909421217
1788923729.948882,0.03598364299600842
1788923729.998774,0.03600547398802443
1788923730.04884,0.03602425089983308
1788923730.0987647,0.03604125618117338
1788923730.1488514,0.03605508730681694
1788923730.1988568,0.03606937798480977
1788923730.2487354,0.036080836449686945
1788923730.2988293,0.036089883952066006
1788923730.3487701,0.03609730262788599
1788923730.3987699,0.03610215199479611
1788923730.448899,0.036107686267225346
1788923730.4987807,0.03611112344476886
1788923730.5488043,0.03610956261511877
1788923730.598732,0.03611099382968456
1788923730.648798,0.03610728496221587
1788923730.6989214,0.03610186111981624
1788923730.7487442,0.03609765483909835
1788923730.7987356,0.03609097924233028
1788923730.8487544,0.03608290611810272
1788923730.898742,0.03607144848533905
1788923730.9487264,0.036059740812233086
1788923730.9986973,0.03604819036344137
1788923731.048827,0.03603320238978026
1788923731.0986426,0.036017482855291494
1788923731.1488073,0.03599908502899005
1788923731.1986911,0.0359803721830649
1788923731.2487543,0.03596091787523701
1788923731.2987645,0.03593875137874821
1788923731.3488803,0.03591615015512756
1788923731.3988917,0.0358925924171603
1788923731.4488933,0.035868151736273404
1788923731.4995983,0.0358402776812834
1788923731.549292,0.035813672088398724
1788923731.5992992,0.03578993334964862
1788923731.6496286,0.03576489086257194
1788923731.6996326,0.03572341220466098
1788923731.7495506,0.035694562480889425
1788923731.799639,0.0356578457924255
1788923731.8494098,0.03562566440911205
1788923731.8994095,0.03558939115872671
1788923731.949652,0.035554878669111174
1788923731.9996274,0.0355148190738672
1788923732.04959,0.03547820347253837
1788923732.0995579,0.035440584491554135
1788923732.1495688,0.03539830109817649
1788923732.1992936,0.03535091147328967
1788923732.2492707,0.035312148775066395
1788923732.2995865,0.03263784652117983
1788923732.3490644,0.03268706896594622
1788923732.3996563,0.03273347098098438
1788923732.44927,0.0327794079449839
1788923732.4992332,0.03282357959727835
1788923732.5496867,0.03286451791926016
1788923732.599066,0.03291115718437498
1788923732.6490483,0.03295236725870283
1788923732.6988456,0.032967071159007065
1788923732.7493594,0.03299828766067806
1788923732.799278,0.033030674039579516
1788923732.8490002,0.033062936792766714
1788923732.8993812,0.03308232974426606
1788923732.9490168,0.033110364007630684
1788923732.9993072,0.03313408289088238
1788923733.0488553,0.03314973996998662
1788923733.0992785,0.033168150596099115
1788923733.149238,0.03319462293121018
1788923733.1993563,0.0332046256649908
1788923733.2492256,0.03321031217613033
1788923733.2997406,0.03322981229586409
1788923733.3490489,0.03323781357484376
1788923733.3992913,0.03324125402219604
1788923733.4489996,0.03324849867290815
1788923733.499501,0.03325237516776645
1788923733.5495932,0.033266155678459086
1788923733.5995698,0.033262046470753856
1788923733.6497183,0.033262078896385563
1788923733.6989698,0.033261465232764
1788923733.749438,0.03325229742895707
1788923733.799675,0.03325255554800508
1788923733.8496206,0.03324176461803944
1788923733.8995566,0.03323436774883466
1788923733.9495335,0.033232620572674086
1788923733.9995396,0.033223828682292365
1788923734.049373,0.03321060727738054
1788923734.0996563,0.03319467011528046
1788923734.1496108,0.033180867692837
1788923734.1992517,0.033169763216226396
1788923734.249695,0.03315268490151243
1788923734.299537,0.03313250601168406
1788923734.3495572,0.033114903324182224
1788923734.399554,0.03309359657027354
1788923734.4493198,0.03307402895484235
1788923734.4994235,0.03304713788869544
1788923734.5495539,0.033027974563807475
1788923734.5990155,0.0330022008346879
1788923734.6494272,0.03297222246010882
1788923734.6994367,0.03294797102127705
1788923734.7495449,0.03292141105084472
1788923734.7996402,0.03289034618866446
1788923734.849843,0.032863686510559695
1788923734.8995922,0.03282421113201117
1788923734.949556,0.03279945277470703
1788923734.9995534,0.0327652376802922
1788923735.049268,0.0327309490722305
1788923735.0998273,0.03269073474721188
1788923735.1491559,0.032658190078537215
1788923735.199295,0.032626105714679096
1788923735.249228,0.032591945830942465
1788923735.2993813,0.02991912529626799
1788923735.3490174,0.02995868401934458
1788923735.399407,0.029999473754995464
1788923735.4489357,0.030044484350765125
1788923735.4992206,0.030081058130120065
1788923735.5490837,0.030124884815830366
1788923735.5990725,0.03016819376247944
1788923735.6490488,0.03019286746137472
1788923735.6991236,0.030227122914643665
1788923735.7492905,0.030254078265358576
1788923735.7992926,0.030290909288735932
1788923735.849654,0.030321699583351337
1788923735.8994021,0.030335499861571576
1788923735.9495716,0.030362566250215127
1788923735.9995615,0.03039434843704348
1788923736.0491173,0.030407287687916503
1788923736.0994325,0.030420969399175362
1788923736.1497085,0.03043729728694303
1788923736.199752,0.03045584939819951
1788923736.249319,0.030465835760108754
1788923736.2995884,0.030476342327630846
1788923736.349553,0.030495510448630407
1788923736.3996263,0.030504773764376897
1788923736.4491854,0.030506280231172696
1788923736.499585,0.030506943148027554
1788923736.5496075,0.030512205371823545
1788923736.5992327,0.03051786179631971
1788923736.6492956,0.030518374750787572
1788923736.6996439,0.03051984439504704
1788923736.7490067,0.030517284718547897
1788923736.7992754,0.030512667511631928
1788923736.8493834,0.030514433062821953
1788923736.8992836,0.030508982371553407
1788923736.949527,0.030510866595209168
1788923736.9996796,0.030499372443341274
1788923737.0492969,0.0304779674595773
1788923737.099561,0.030474872141456544
1788923737.1496224,0.03045649124910231
1788923737.199152,0.030446828796787805
1788923737.2493496,0.030428932098056152
1788923737.299663,0.030415642540202042
1788923737.3498485,0.030400564253541294
1788923737.3995898,0.030378058772340042
1788923737.4491038,0.030366971266471074
1788923737.499455,0.030342197778112947
1788923737.5492916,0.030323563809284384
1788923737.599217,0.030304188728018266
1788923737.649427,0.03028375772795062
1788923737.6989937,0.030256169295199878
1788923737.7494097,0.030225054336697123
1788923737.799333,0.030203779980192563
1788923737.8492205,0.030173241880297862
1788923737.8990214,0.030143386310340727
1788923737.9494107,0.030117963628767074
1788923737.9995885,0.030090463425722854
1788923738.0493982,0.030060086489545328
1788923738.0994198,0.0300285770567911
1788923738.1495905,0.029993080314256952
1788923738.1994252,0.02996543744599349
1788923738.249338,0.02992896010618112
1788923738.2995918,0.027269212921207358
1788923738.349671,0.02730449754686299
1788923738.3996286,0.02734406808358974
1788923738.4489493,0.027385816554124098
1788923738.4996474,0.027416155186718777
1788923738.5492816,0.027457166760418927
1788923738.599598,0.027494003944027432
1788923738.6490858,0.027517963860816737
1788923738.6988785,0.02755143804115568
1788923738.749262,0.027575931297663423
1788923738.7995331,0.02761254943807495
1788923738.8496535,0.027638946298650692
1788923738.8992848,0.02765984187956783
1788923738.9494243,0.027676941565474185
1788923738.9995024,0.02770446355551412
1788923739.0492983,0.027715553282209517
1788923739.099277,0.027734108003129334
1788923739.149578,0.02775432821492829
1788923739.1995244,0.027768398646665915
1788923739.2496223,0.027781353565517822
1788923739.2992353,0.02779281443733183
1788923739.3495684,0.027804574733664468
1788923739.3992958,0.02780837958288907
1788923739.4495747,0.02781870570815533
1788923739.499382,0.027818058724978185
1788923739.5492885,0.027835612229643224
1788923739.5997615,0.02783234929737808
1788923739.6495068,0.027829990808641143
1788923739.6991494,0.027833729454107916
1788923739.7489126,0.027829803578883185
1788923739.7993376,0.027825069204381762
1788923739.8495815,0.027827604904140078
1788923739.8990228,0.027823337346179443
1788923739.9496114,0.027819097802474043
1788923739.9996834,0.027805763188997804
1788923740.0497,0.027802405660187653
1788923740.099545,0.027796865115506435
1788923740.148879,0.027779830678334783
1788923740.1994085,0.027769095561428328
1788923740.2491336,0.027761455326618337
1788923740.2991755,0.027740962439733438
1788923740.34941,0.02773915838848538
1788923740.3993547,0.02771775690817027
1788923740.4496017,0.027694407522878616
1788923740.498994,0.027676297436542555
1788923740.5492752,0.02765993673429692
1788923740.599279,0.027647710903991866
1788923740.6488879,0.02762261850340226
1788923740.6992402,0.027597509148070666
1788923740.7489896,0.027574527394436377
1788923740.799258,0.02755677397848146
1788923740.8493097,0.02753360711835185
1788923740.8991866,0.02750774817132222
1788923740.9497492,0.02748386395213641
1788923740.9996257,0.027462364958707547
1788923741.048998,0.02742432848746049
1788923741.0991683,0.02739743801390798
1788923741.1495728,0.027368376845294976
1788923741.1992373,0.027338054323256013
1788923741.2496016,0.027303060922184617
1788923741.2992437,0.024638894445167956
1788923741.3494089,0.024681055364182834
1788923741.3996227,0.024716436683514583
1788923741.4494805,0.024747289512981024
1788923741.499632,0.024782681241017443
1788923741.5495477,0.024820584192230093
1788923741.599631,0.02484655156445025
1788923741.6489804,0.024876134017374377
1788923741.698919,0.024903977466565856
1788923741.749308,0.024931157436389913
1788923741.799553,0.02495928779119822
1788923741.8495739,0.024985778776856437
1788923741.8990338,0.025009615265646188
1788923741.949667,0.025037086529760586
1788923741.9995534,0.025039374153919894
1788923742.0492723,0.02506426581374562
1788923742.0998242,0.025084455680963697
1788923742.1496096,0.025095136275055864
1788923742.1990056,0.02510736937462819
1788923742.2497468,0.025130312791449266
1788923742.2992895,0.025127948229291503
1788923742.3491201,0.025139779123095098
1788923742.399288,0.025148338114818855
1788923742.4492507,0.025148701025685862
1788923742.4992545,0.02516987405089411
1788923742.5497677,0.025162440755328926
1788923742.599251,0.025165579119358652
1788923742.649591,0.025182442253134294
1788923742.6999216,0.025171339382698325
1788923742.7492943,0.02516776360419426
1788923742.7987993,0.0251657244629095
1788923742.8496146,0.025157862120363576
1788923742.8992643,0.025159218744091782
1788923742.9494467,0.025152132983363103
1788923742.998999,0.025156728315939222
1788923743.0489988,0.025138604241007327
1788923743.099739,0.025132447618658595
1788923743.1496184,0.02512144384258767
1788923743.1995518,0.025116024685289763
1788923743.24898,0.025098391163743933
1788923743.2992795,0.025092226710051575
1788923743.3495407,0.025073688874051727
1788923743.3996413,0.025067590734210228
1788923743.4493418,0.025048497130620937
1788923743.4995139,0.025029939904023146
1788923743.5496283,0.02501345231257749
1788923743.599556,0.02500890162055752
1788923743.6495445,0.024984551310508106
1788923743.6996357,0.02495637568557316
1788923743.7489038,0.02493913390389178
1788923743.7995973,0.02491545605038999
1788923743.849639,0.024901291053082003
1788923743.8992448,0.024874481272401605
1788923743.949558,0.02485696407463152
1788923743.9996436,0.024826425710797764
1788923744.049426,0.024804839867344906
1788923744.099448,0.024780425412614656
1788923744.1492972,0.02474930599635455
1788923744.199346,0.02472456906992051
1788923744.249312,0.024695613971049052
1788923744.299656,0.02202875079685995
1788923744.3495555,0.022070442255796498
1788923744.399586,0.022099643470199947
1788923744.449395,0.02213326323242851
1788923744.4993434,0.022174323980966384
1788923744.5495448,0.022197570984771448
1788923744.599638,0.02222334592662341
1788923744.6489916,0.022250126895223887
1788923744.6996264,0.022270420127043594
1788923744.7492936,0.022294911871463475
1788923744.7995286,0.022321863929901715
1788923744.849115,0.022345743827453076
1788923744.8995225,0.022362927634881062
1788923744.9493065,0.022391680757324988
1788923744.9991422,0.022400387290327912
1788923745.0496383,0.022415573192856388
1788923745.0996373,0.022424483182318013
1788923745.1495953,0.022442075561888937
1788923745.1996126,0.022456999411195434
1788923745.2492442,0.022460617954805615
1788923745.2993925,0.022476605287758102
1788923745.3497248,0.02248489523781531
1788923745.3995059,0.022493228964251787
1788923745.4492729,0.022495086850404633
1788923745.4995582,0.022510759735957172
1788923745.5493438,0.022503656051556763
1788923745.5996263,0.022511829818076694
1788923745.649357,0.022510133473845777
1788923745.6995413,0.02251109160718657
1788923745.74956,0.022507630501657005
1788923745.7988973,0.02251276283831308
1788923745.849936,0.022502432419022136
1788923745.8996458,0.02250293502636307
1788923745.948939,0.022495127128711545
1788923745.9996557,0.022505282849577583
1788923746.0489547,0.022489649935107665
1788923746.0988603,0.022475865903953948
1788923746.148976,0.022468682165657186
1788923746.199068,0.022462361507110677
1788923746.2489781,0.022452789877226133
1788923746.299025,0.02244106165731294
1788923746.349025,0.022430224305238493
1788923746.3996172,0.0224195190530177
1788923746.449304,0.02240373859222921
1788923746.499004,0.02239208466308084
1788923746.549119,0.022376700497380546
1788923746.5994108,0.02235845854825307
1788923746.6490219,0.022342345061340703
1788923746.6993837,0.02233064262636868
1788923746.7489958,0.02232416594108764
1788923746.7990263,0.02229149384472714
1788923746.8488896,0.02228380178932561
1788923746.898694,0.022254449275688277
1788923746.9496372,0.022230092372502588
1788923746.9995105,0.02221159600353249
1788923747.0492697,0.022188634728105294
1788923747.0990262,0.022165167158996364
1788923747.1488702,0.022143529782159253
1788923747.1992958,0.022117507743764416
1788923747.2488918,0.02209440091526852
1788923747.2989018,0.019426482107609947
1788923747.348952,0.019460258874722136
1788923747.3989136,0.019486656561120887
1788923747.4490037,0.019516849268667053
1788923747.499044,0.019545899409400436
1788923747.5489712,0.01956935572289991
1788923747.5990028,0.019597536773143173
1788923747.6488504,0.019618295514654414
1788923747.6986794,0.01964213532990826
1788923747.7488565,0.019663689829259125
1788923747.799279,0.019683877534164028
1788923747.8490674,0.01970373066302828
1788923747.8990734,0.019723276045261993
1788923747.9492948,0.019734615574827395
1788923747.998998,0.01976240724799367
1788923748.0490277,0.019764752647970632
1788923748.0994136,0.019777629759601453
1788923748.1490195,0.01979223766901194
1788923748.1993568,0.019804208685962863
1788923748.2490034,0.01980999709190048
1788923748.2996778,0.019821598169931762
1788923748.3493662,0.019843116461250306
1788923748.3993046,0.01983302016625583
1788923748.4489903,0.019839445771692457
1788923748.4990168,0.019846241621497947
1788923748.5492423,0.01985325379661553
1788923748.599003,0.01986060405924369
1788923748.6494043,0.01985491883677559
1788923748.699009,0.01985918774238421
1788923748.748856,0.019855354521950693
1788923748.7990534,0.019850377421798453
1788923748.8488522,0.019849568069893395
1788923748.8990629,0.01984873694221069
1788923748.9490092,0.019843497058635872
1788923748.9991188,0.01983901079516462
1788923749.0490246,0.019834177614368318
1788923749.0990133,0.0198299768798881
1788923749.1489723,0.019821179320881874
1788923749.199026,0.019812324702633576
1788923749.2489204,0.01980765664956716
1788923749.2990274,0.01979718728331339
1788923749.349124,0.019790367663728495
1788923749.3990006,0.01977883694799639
1788923749.4489543,0.019766801381716798
1788923749.4989178,0.019751071018736636
1788923749.5490112,0.019743313373031125
1788923749.599365,0.019724583063713705
1788923749.6488667,0.019712929933110374
1788923749.699024,0.01969639219171453
1788923749.7489045,0.019683833362769455
1788923749.7990088,0.01966600738153634
1788923749.8493793,0.019649962736229078
1788923749.8990428,0.01963599928374445
1788923749.9491115,0.019617785873321088
1788923749.9993677,0.019610742949649353
1788923750.0490248,0.019580020758552006
1788923750.0993006,0.01955650935848313
1788923750.1488707,0.019535862546670942
1788923750.1990438,0.019513598692714983
1788923750.2492757,0.019494330464105904
1788923750.2993102,0.016827920649102664
1788923750.3488922,0.016852398893981112
1788923750.398867,0.01688144261038555
1788923750.4492576,0.016904627680783445
1788923750.499245,0.016936403769343772
1788923750.5490112,0.016955310011009535
1788923750.5992556,0.016977786577972637
1788923750.6490507,0.016995871150796562
1788923750.6988974,0.01701686017033636
1788923750.7496805,0.01703234400728262
1788923750.7990716,0.01705602713115797
1788923750.848851,0.0170688784599749
1788923750.8997288,0.017082901278025663
1788923750.9490836,0.017095594335256547
1788923750.9992485,0.017112473154237817
1788923751.0498633,0.01712374550942357
1788923751.099584,0.01713492534597346
1788923751.1490054,0.017147210621660646
1788923751.1992455,0.01715710988927103
1788923751.2496207,0.01716154138324903
1788923751.2995374,0.017172843596755298
1788923751.349281,0.017179996602542113
1788923751.3993316,0.017181296499487374
1788923751.449255,0.017189930767739666
1788923751.4990244,0.017195192422175022
1788923751.5489986,0.017201969957675187
1788923751.5993555,0.01720051936136581
1788923751.6494093,0.01720048241252162
1788923751.699325,0.01720186266340101
1788923751.7492745,0.017202190436538197
1788923751.7989936,0.01720017741019409
1788923751.8488474,0.01720148882632255
1788923751.8990986,0.017194243224762318
1788923751.9489994,0.017194544142070545
1788923751.9989028,0.017190788257662213
1788923752.0488298,0.017188212379241646
1788923752.099673,0.01717844088259142
1788923752.14905,0.017172486652866175
1788923752.1991792,0.017169445646480933
1788923752.2490017,0.017160081481073824
1788923752.2996764,0.01715092704677081
1788923752.3492858,0.01714383547196894
1788923752.3992655,0.017136833845322916
1788923752.4495184,0.017135704056624554
1788923752.4989965,0.01712392990607743
1788923752.5487812,0.017102615234746505
1788923752.5988348,0.017089046806078426
1788923752.6487567,0.017078116188941336
1788923752.6988163,0.01706502074888069
1788923752.7488658,0.01705270734222494
1788923752.7988763,0.017039091900521382
1788923752.848871,0.017024492387960978
1788923752.8987758,0.017009785620860203
1788923752.9487538,0.01699318437872893
1788923752.9987798,0.0169779547206944
1788923753.048862,0.016961370707183124
1788923753.0988293,0.016944353529032438
1788923753.1489098,0.01692579858408063
1788923753.1988118,0.016908493021271405
1788923753.2488067,0.01688940895570321
1788923753.2990115,0.01422401389166509
1788923753.3497078,0.014246576103070598
1788923753.3989854,0.014277493107512002
1788923753.4493003,0.014291104230256342
1788923753.4995677,0.014311664428046116
1788923753.5489962,0.014345208607647717
1788923753.5996232,0.01436017977041993
1788923753.648894,0.014366743021211674
1788923753.6988935,0.014386070718392142
1788923753.7488008,0.014400024996273266
1788923753.7990308,0.01441479600729386
1788923753.8489628,0.014446407308029853
1788923753.8988307,0.014442102577652344
1788923753.9490044,0.014454611458473283
1788923753.9995127,0.014469007630975254
1788923754.0490284,0.014480612204721117
1788923754.099311,0.014490111505656078
1788923754.1489542,0.014498475512361463
1788923754.1989512,0.014509745509344118
1788923754.2492487,0.014514086306455534
1788923754.2993214,0.014523252211209004
1788923754.3495212,0.014537027794937171
1788923754.3996298,0.014534116435850111
1788923754.449403,0.014536640649428893
1788923754.499553,0.014541892465970213
1788923754.5498242,0.014542347017578795
1788923754.5990138,0.014547403414062052
1788923754.6492834,0.014543214066178253
1788923754.6996396,0.014549516912471713
1788923754.7490487,0.014552658809860473
1788923754.7995543,0.014553341321210722
1788923754.849641,0.014548161415631608
1788923754.8987956,0.014546633057159163
1788923754.9492967,0.014538106802139798
1788923754.9994195,0.014547593772334467
1788923755.0494268,0.014534103003707086
1788923755.0990376,0.01452748247088453
1788923755.1496315,0.014525514941842805
1788923755.1992447,0.014518206830639133
1788923755.2495477,0.014515488468259988
1788923755.2992933,0.014504439464198013
1788923755.3492172,0.01450106769676942
1788923755.399575,0.014500069222755476
1788923755.4494135,0.014487346468585263
1788923755.4992313,0.01447833916326515
1788923755.5496032,0.01446786586203247
1788923755.599014,0.014455248685729333
1788923755.6489975,0.014446574343097335
1788923755.6995044,0.014434608107918148
1788923755.7492993,0.014422330387197549
1788923755.7996414,0.01442464602182979
1788923755.8492897,0.014403413434920173
1788923755.8996255,0.014388107557118175
1788923755.9495645,0.014380274691099645
1788923755.999555,0.014361700447678712
1788923756.049665,0.014350356022096784
1788923756.0992439,0.014335726048546299
1788923756.149032,0.014318567231900005
1788923756.198892,0.014305383741505633
1788923756.2492483,0.01429151905552307
1788923756.2995758,0.011623897357965998
1788923756.3494399,0.011644831330699719
1788923756.399676,0.011665272398438089
1788923756.449582,0.01167816899807357
1788923756.4990003,0.011700736465846602
1788923756.5495265,0.011711253011778725
1788923756.5992796,0.011732522983498906
1788923756.6490839,0.011741810441000077
1788923756.6993496,0.011759029948695352
1788923756.749292,0.011766252449301033
1788923756.7995698,0.011784905524532993
1788923756.8488808,0.011798167881184766
1788923756.8992426,0.011803369772008718
1788923756.949585,0.011812588250042898
1788923756.9995868,0.011829041630128647
1788923757.0490134,0.01182939006197238
1788923757.099599,0.01184165932398759
1788923757.1495478,0.011847864623131154
1788923757.1987348,0.01185993445812448
1788923757.2488344,0.011857205001547869
1788923757.2988203,0.011862303925164467
1788923757.3492951,0.01187122497073791
1788923757.3997936,0.011877251124357308
1788923757.4490397,0.011882368352108366
1788923757.498921,0.011890202816890455
1788923757.5493498,0.011885786846211818
1788923757.5995343,0.011890924439324645
1788923757.6498573,0.011889756874798431
1788923757.6991625,0.011888400983720225
1788923757.749546,0.011904055871934669
1788923757.7995584,0.011892559453766343
1788923757.849755,0.011900971543643878
1788923757.8992872,0.011891092248846309
1788923757.9494197,0.011885653972636195
1788923757.9992642,0.011895237034076283
1788923758.049334,0.011888776047178381
1788923758.0998127,0.011875357555507313
1788923758.1491747,0.0118712726094156
1788923758.1992888,0.011872646643927183
1788923758.2493362,0.011870340607172743
1788923758.2993393,0.011866949849127745
1788923758.349303,0.01185307994466767
1788923758.399655,0.011852252517061526
1788923758.4501882,0.011844798745398009
1788923758.4989994,0.011837033123909631
1788923758.5492933,0.011826196250220659
1788923758.599271,0.011819916618272395
1788923758.6496289,0.01180903522656692
1788923758.6994393,0.011808621046232334
1788923758.749559,0.01180587832845155
1788923758.7992795,0.011785135257986036
1788923758.849552,0.011777138575421163
1788923758.8994462,0.01176015704085056
1788923758.9488928,0.011754956569382007
1788923758.9988003,0.011738230833311485
1788923759.0493197,0.011736192639619102
1788923759.0993822,0.01171983135034825
1788923759.149101,0.011706044010429713
1788923759.199015,0.011694419081960079
1788923759.2496636,0.011681709645134432
1788923759.299714,0.009022701053165877
1788923759.3494992,0.009035083249413645
1788923759.3992965,0.009050988413548205
1788923759.449555,0.009072124327855131
1788923759.4988248,0.009074381405407112
1788923759.5493548,0.009087829640268667
1788923759.5998745,0.00910376857463897
1788923759.6490343,0.009111124498346416
1788923759.69901,0.009124223666595902
1788923759.7492905,0.009134930206052277
1788923759.7997324,0.009143902834301974
1788923759.849605,0.00915381363505195
1788923759.899581,0.009166024930365146
1788923759.9492447,0.009172075975730965
1788923759.9995499,0.0091786286309191
1788923760.0492566,0.00919374093726065
1788923760.0995593,0.009193355760471702
1788923760.1492255,0.009195087614876031
1788923760.1991262,0.009204297580507243
1788923760.2494256,0.009207358916011318
1788923760.299689,0.009210326528380478
1788923760.3496273,0.009213647111619283
1788923760.3996239,0.009221975667701922
1788923760.44955,0.009227400039933867
1788923760.4990053,0.009224638940417456
1788923760.549269,0.009228888057957619
1788923760.5997388,0.009231194809358037
1788923760.6494398,0.009230681606029526
1788923760.699553,0.00924580470348748
1788923760.7496169,0.009231105702793342
1788923760.7992258,0.009233838112521466
1788923760.8496137,0.009233283917861388
1788923760.8996234,0.009233930094333018
1788923760.948867,0.009232366750602898
1788923760.9994507,0.00922758497724957
1788923761.04923,0.009227732804537644
1788923761.0995722,0.009223968615910462
1788923761.1495996,0.009220702901155417
1788923761.1990812,0.009219355211424661
1788923761.2496514,0.009216709484972505
1788923761.2991638,0.009210651852266147
1788923761.349589,0.009205445330754515
1788923761.3993347,0.009201934676001212
1788923761.4492881,0.009198073580772185
1788923761.4990215,0.00919449835959953
1788923761.5492876,0.009189299853333275
1788923761.5995164,0.00919275628715497
1788923761.649684,0.00917678003016884
1788923761.6996922,0.009169387193414728
1788923761.749343,0.00916401575876171
1788923761.7991252,0.009157645806244953
1788923761.849361,0.009145524044933075
1788923761.8990262,0.009141815809162264
1788923761.9492903,0.009132206214405272
1788923761.999825,0.009122926491770083
1788923762.0494456,0.009116828215446484
1788923762.0996206,0.009109323668989693
1788923762.1496527,0.00909578932129625
1788923762.1993961,0.009089589899172652
1788923762.2496126,0.009078488805490942
1788923762.2993019,0.0064206092171626705
1788923762.349607,0.006431581234140259
1788923762.398997,0.006439296387896144
1788923762.4488804,0.0064498671973115245
1788923762.4990418,0.0064601566400326275
1788923762.5492876,0.006472723088527143
1788923762.5990217,0.0064774836262426385
1788923762.6490016,0.006487687098699733
1788923762.6989045,0.006493930504089651
1788923762.7492895,0.006500723838354172
1788923762.7993503,0.006514256906124782
1788923762.8490925,0.006516898986122323
1788923762.899349,0.006525622267543366
1788923762.949016,0.00653052541096969
1788923762.9995487,0.006535774998789652
1788923763.0488153,0.006541307683327769
1788923763.0994458,0.006547448659691286
1788923763.148825,0.006552620569555015
1788923763.1988747,0.006553073719290691
1788923763.2494202,0.006560412224839617
1788923763.2995894,0.006562175609713322
1788923763.3494282,0.006564189683528401
1788923763.399321,0.006571367558035989
1788923763.4488485,0.006572580806599068
1788923763.4988546,0.006585003644778671
1788923763.5490456,0.0065743606759328665
1788923763.5992653,0.006577778409147148
1788923763.6495454,0.006579091891075945
1788923763.6997297,0.006581853355461906
1788923763.749557,0.006579007633658369
1788923763.7998893,0.006580140481463419
1788923763.8495214,0.006578167194409906
1788923763.8992915,0.006583855838024591
1788923763.949518,0.006581489627961556
1788923763.9990149,0.006579435884079426
1788923764.0492775,0.006575565784984737
1788923764.099866,0.006578014322583047
1788923764.1496003,0.006572822587135378
1788923764.19909,0.00657470538029948
1788923764.2496185,0.0065705050090913725
1788923764.2989032,0.006569451449514805
1788923764.3496134,0.006563873795359302
1788923764.399444,0.0065617511678264274
1788923764.4495528,0.006560256488595362
1788923764.4994369,0.0065532532914381325
1788923764.5493758,0.006551819624858616
1788923764.5995636,0.006549245865185018
1788923764.6495726,0.00654222221879875
1788923764.6989827,0.0065365038998554
1788923764.7497354,0.006535948023420346
1788923764.799259,0.006530359955307461
1788923764.8495462,0.0065258496491774065
1788923764.8993611,0.0065167490370603535
1788923764.9492717,0.006511429930741575
1788923764.999355,0.006509730919298739
1788923765.0490708,0.006505578205691786
1788923765.0996711,0.00649755319988257
1788923765.1495287,0.006489311280058683
1788923765.1992614,0.0064814641056111354
1788923765.2496047,0.006477688247339313
1788923765.2995167,0.0038334056949574685
1788923765.349304,0.0038362107922308144
1788923765.3992903,0.003842614483755456
1788923765.4492924,0.003850712857590853
1788923765.4994302,0.003854406989032024
1788923765.5496163,0.0038592403667651325
1788923765.599233,0.0038653756252622837
1788923765.6490233,0.003871816004598615
1788923765.698902,0.003876734035251769
1788923765.7492986,0.0038842580491005637
1788923765.799228,0.0038881847786420972
1788923765.849525,0.0038966810882728204
1788923765.8994508,0.003896468694138943
1788923765.949618,0.0038979370685184537
1788923765.9996388,0.003907267658638264
1788923766.0489936,0.003905386588659102
1788923766.099556,0.003911178957993078
1788923766.1496298,0.003915410635691452
1788923766.1994226,0.00391577493655072
1788923766.2495885,0.003918787636161845
1788923766.2996438,0.003923332347452608
1788923766.3491352,0.003925313817236858
1788923766.3988476,0.003926826500503968
1788923766.4496546,0.003929104930130821
1788923766.4989727,0.0039305149041184645
1788923766.5491161,0.003931263216205124
1788923766.5992818,0.003932259622157661
1788923766.6496017,0.003934935031747751
1788923766.6996326,0.003935868580392346
1788923766.749539,0.003933651075328653
1788923766.7995117,0.0039339440394848026
1788923766.8496225,0.003935973872791614
1788923766.8996708,0.003933764276971845
1788923766.9492989,0.0039356204771347015
1788923766.9988725,0.003933993999137378
1788923767.0496612,0.003933533972412475
1788923767.0992594,0.003936813893356403
1788923767.149789,0.003934955483590902
1788923767.1992316,0.003933350623687453
1788923767.2494268,0.003946989631692965
1788923767.299247,0.00393310316208911
1788923767.3491433,0.003937521391037317
1788923767.399082,0.003927439408985729
1788923767.4491277,0.003927404599800187
1788923767.4992838,0.003925933728009856
1788923767.5492458,0.003934129655203001
1788923767.599118,0.003920307340109829
1788923767.6492915,0.0039208346530487026
1788923767.69977,0.003917703044157031
1788923767.7492769,0.003916586530230764
1788923767.7994065,0.003912499371690015
1788923767.8495884,0.003922197857738319
1788923767.8993616,0.0039037174434771713
1788923767.9492753,0.0039025598437622965
1788923767.9995208,0.003913298538706705
1788923768.049641,0.0038982464371653753
1788923768.0990736,0.003893604590610575
1788923768.1496706,0.003891079804592358
1788923768.199303,0.0038860742084091382
1788923768.2495272,0.0038855521272700127
1788923768.298894,0.0013156393939608396
1788923768.3495631,0.0013160462745745226
1788923768.3999166,0.0013174764582398353
1788923768.4496737,0.0013202510479852119
1788923768.4994576,0.0013215552534423117
1788923768.5495272,0.0013224375665037904
1788923768.5993388,0.0013255423747243454
1788923768.649714,0.0013281662667678632
1788923768.69961,0.0013322628915012488
1788923768.7496805,0.0013290714706109513
1788923768.799635,0.001338629881568483
1788923768.8497713,0.0013357277575187026
1788923768.8994288,0.001337881941719641
1788923768.9495585,0.0013375485979269751
1788923768.9991739,0.0013371944331076187
1788923769.0489855,0.001338830155954584
1788923769.099506,0.0013399368686543669
1788923769.1492999,0.0013559071804940706
1788923769.199385,0.0013443171531486934
1788923769.2494347,0.0013439282852848607
1788923769.2998304,0.0013459627882149788
1788923769.3496144,0.001357770555207486
1788923769.3997111,0.0013565467116228407
1788923769.4499726,0.0013543376761045334
1788923769.4993188,0.001350285011040352
1788923769.5495422,0.0013516820239995982
1788923769.598817,0.0013523305894544404
1788923769.649448,0.0013636847189137588
1788923769.6995676,0.0013523967636043654
1788923769.7495644,0.0013657161574224788
1788923769.7996056,0.0013548151641657618
1788923769.8495488,0.0013575671005615414
1788923769.8996413,0.0013611349807792453
1788923769.949547,0.00136031537257953
1788923769.9995599,0.0013598943400687472
1788923770.0490096,0.001356637320044376
1788923770.099625,0.0013591881138251812
1788923770.1496305,0.0013608398264502
1788923770.1992843,0.0013695560089902494
1788923770.2496774,0.0013578717917924474
1788923770.2995722,0.0013615957887837878
1788923770.3496475,0.0013593046559469456
1788923770.3993497,0.0013617275108618809
1788923770.4490027,0.0013619713606773211
1788923770.4993422,0.0013624731520972396
1788923770.549517,0.0013625030936079232
1788923770.5995407,0.0013640032511715505
1788923770.6494544,0.0013648828406142355
1788923770.6992354,0.0013685868411988013
1788923770.7495658,0.0013735514010220272
1788923770.7998145,0.0013609646778748763
1788923770.8496487,0.0013626000468269339
1788923770.899291,0.001364284181626756
1788923770.9494114,0.001363822606436348
1788923770.9992461,0.0013632362877740638
1788923771.0492837,0.0013646964885778642
1788923771.099736,0.0013639706531278766
1788923771.1497402,0.0013639131719987464
1788923771.1994963,0.001361111341382954
1788923771.2496352,0.0013725715296318628
1788923771.2991924,0.0015574988530218312
1788923771.349267,0.0015594863671926197
1788923771.3988745,0.001556348460110868
1788923771.4490416,0.001558914255128393
1788923771.4997046,0.0015567644008909654
1788923771.549186,0.0015572985899443966
1788923771.5992887,0.0015577963204712589
1788923771.64902,0.001550217800901476
1788923771.6988554,0.0015561245443930667
1788923771.749734,0.0015592781304412096
1788923771.7992334,0.001556466635266965
1788923771.8495314,0.0015531327531567891
1788923771.8996685,0.0015543298061128346
1788923771.9490077,0.001549152355972853
1788923771.999721,0.0015511532797432815
1788923772.0490675,0.0015516963590029064
1788923772.099652,0.0015520960412902665
1788923772.1493115,0.0015524193590695766
1788923772.1992934,0.0015522878684550967
1788923772.2493715,0.0015494591160665591
1788923772.2994912,0.0015511470983510765
1788923772.3496392,0.0015518622107258248
1788923772.3997734,0.001549857500070809
1788923772.4496303,0.0015499390930121823
1788923772.4995894,0.0015465585817734655
1788923772.5492244,0.0015477711164676579
1788923772.5991914,0.00154496310723365
1788923772.6492803,0.0015445124914032602
1788923772.699412,0.0015446335013951191
1788923772.7493548,0.0015417794564743458
1788923772.7992876,0.001543310704117384
1788923772.8494313,0.0015395030790108762
1788923772.89924,0.0015311896242517955
1788923772.9492958,0.001538023279780264
1788923772.9996753,0.0015365585193065922
1788923773.0490026,0.0015359083971711984
1788923773.0995789,0.0015379584516066818
1788923773.1490047,0.001533849657614796
1788923773.1990004,0.001533540706136361
1788923773.249658,0.0015324738684450911
1788923773.299234,0.0015326275313404687
1788923773.3493285,0.001531709327915214
1788923773.399251,0.0015279078194682541
1788923773.4492865,0.0015216126184283262
1788923773.4990275,0.0015191177451984843
1788923773.5489833,0.001527925853342477
1788923773.599218,0.0015232709665263962
1788923773.649299,0.0015233951808839685
1788923773.6990943,0.001513257971244071
1788923773.749309,0.0015141554601695165
1788923773.7993896,0.0015105500816719037
1788923773.8495507,0.0015114155720951773
1788923773.8992984,0.001515024212266968
1788923773.9489055,0.0015059529223648892
1788923773.9990313,0.0015164799254654866
1788923774.048983,0.0015133132571798927
1788923774.0993829,0.001512583050935264
1788923774.1491654,0.0015129255802914753
1788923774.200077,0.0015004653942494207
1788923774.249757,0.001501286579463271
1788923774.2989678,0.004085247754055503
1788923774.3492844,0.004102102184078158
1788923774.3990133,0.004096304219076138
1788923774.4492948,0.004109366526434629
1788923774.4993265,0.004112237485202183
1788923774.5493562,0.0041137456419751165
1788923774.5991259,0.004114849660709941
1788923774.6490104,0.0041216695745831785
1788923774.698809,0.004125713187094037
1788923774.749308,0.004127275024952923
1788923774.7989273,0.00412398467513602
1788923774.849648,0.0041220300603507605
1788923774.899295,0.004135487990111641
1788923774.949557,0.004134566090265765
1788923774.9988594,0.004138723770090167
1788923775.048985,0.004138732159542078
1788923775.0996337,0.004139133182905619
1788923775.148971,0.0041396826476888
1788923775.1990383,0.004143004751452662
1788923775.249682,0.004140930340912818
1788923775.299149,0.004140537014661675
1788923775.3491328,0.004133269956248908
1788923775.3989038,0.0041429256393633014
1788923775.4488702,0.004138010883800012
1788923775.4990366,0.0041428089462272645
1788923775.5492532,0.0041320006445797475
1788923775.5993443,0.004129372309212183
1788923775.6499245,0.004133332194268495
1788923775.6996112,0.0041311975773037565
1788923775.7497592,0.004128058676645441
1788923775.7992609,0.004133788724202148
1788923775.849681,0.004135633345700471
1788923775.898979,0.00413675580500742
1788923775.9490874,0.004133546307205719
1788923775.999662,0.00413115839247035
1788923776.0490146,0.004130811706342071
1788923776.0990553,0.004127396494346735
1788923776.1492772,0.004126296452391795
1788923776.1989713,0.004122845368443334
1788923776.2486746,0.004120838356278816
1788923776.299074,0.004120026747232086
1788923776.3490176,0.004115931551640613
1788923776.3993318,0.004107046968515895
1788923776.4491382,0.0041070711194619415
1788923776.4993663,0.004100114394775213
1788923776.5493464,0.004096318547331364
1788923776.5988607,0.0040965199397136895
1788923776.6494231,0.004095648038345535
1788923776.6996655,0.00408362911338519
1788923776.7492118,0.004087345911597854
1788923776.7994115,0.004076380441202153
1788923776.849042,0.004080764600934433
1788923776.8990483,0.004074939660581572
1788923776.9495435,0.0040646487289847846
1788923776.9989657,0.004067874346000524
1788923777.049443,0.0040620221325237136
1788923777.0995893,0.004057607680940335
1788923777.1493042,0.004054531834487573
1788923777.1992567,0.004046033243017982
1788923777.2493346,0.004045428864427267
1788923777.2988229,0.006692927329157271
1788923777.3489997,0.00669972464028998
1788923777.399073,0.006710196685325449
1788923777.4494312,0.006715422665307376
1788923777.498979,0.0067246415268400195
1788923777.5490746,0.006729976719644462
1788923777.5993114,0.006733239595949162
1788923777.6495295,0.006736171945871058
1788923777.6996095,0.0067497189987139215
1788923777.7492602,0.006756346496373134
1788923777.7992685,0.006760761447916349
1788923777.8496852,0.006765168219907794
1788923777.8989222,0.00676837037577597
1788923777.9496698,0.006771795946215254
1788923777.999585,0.00677448619709883
1788923778.0487878,0.006775908900319748
1788923778.0995579,0.006781234384184373
1788923778.1496544,0.006783663801645289
1788923778.1996472,0.0067877175741592865
1788923778.2495105,0.0067867722786507855
1788923778.299067,0.00678464202051596
1788923778.3496587,0.006790427769009195
1788923778.3992743,0.006791637764061869
1788923778.4496167,0.006791043908816005
1788923778.4996586,0.006792426338208895
1788923778.5492384,0.0067884411659458145
1788923778.5993187,0.006791186750587987
1788923778.6496143,0.006782998903779185
1788923778.6990168,0.006787957598239538
1788923778.749009,0.006787879825178101
1788923778.7991369,0.006785223087992699
1788923778.8490064,0.006769881314346742
1788923778.899612,0.006781531058507789
1788923778.949108,0.0067795325892949475
1788923778.9990118,0.0067776564406195625
1788923779.0493052,0.006774911857641675
1788923779.098958,0.00677078458930338
1788923779.1490452,0.006769048589210862
1788923779.1993108,0.006759584427090738
1788923779.2496512,0.0067599800486648565
1788923779.2987528,0.006757316108374595
1788923779.3487954,0.006755234586338614
1788923779.398848,0.006750524317715902
1788923779.4488504,0.006744340828390151
1788923779.4988527,0.00673919581571181
1788923779.5488431,0.0067339013599892516
1788923779.598826,0.00672829267843383
1788923779.648842,0.006722783837500263
1788923779.6988623,0.006716837128863486
1788923779.748765,0.006710970007421468
1788923779.7988381,0.006704801955745466
1788923779.8488317,0.006697886214824262
1788923779.8988247,0.006688808614205683
1788923779.9488108,0.006684542146027931
1788923779.998801,0.006677562636318786
1788923780.0488093,0.006670039003169756
1788923780.098779,0.00666255791485802
1788923780.1492422,0.006655858053019967
1788923780.198814,0.006645936508989602
1788923780.2491395,0.006641112994648647
1788923780.2997856,0.009294582973579095
1788923780.3495212,0.00930758308322607
1788923780.3990579,0.009316442252969199
1788923780.4488256,0.009334085539071047
1788923780.499299,0.009344052962732175
1788923780.5488167,0.009348544103782429
1788923780.5988908,0.009364732271651176
1788923780.6490364,0.009372562510234843
1788923780.698894,0.009379809960421938
1788923780.7496147,0.009389212192749205
1788923780.7996402,0.009395246056166488
1788923780.849635,0.009400663858930323
1788923780.8996427,0.009400566247297187
1788923780.949627,0.009416947433295261
1788923780.9993162,0.00941942302909375
1788923781.0495949,0.00942552108626962
1788923781.0990021,0.00942958806957176
1788923781.1490154,0.009434184297377003
1788923781.199741,0.009437808317217944
1788923781.2496507,0.009436958578105436
1788923781.2994983,0.009445319412932538
1788923781.3494248,0.009437300014009685
1788923781.399537,0.009443326753780103
1788923781.449439,0.060000000000000005
1788923781.4995184,0.060000000000000005
1788923781.549186,0.06
1788923781.5996459,0.05999999999999999
1788923781.649788,0.06
1788923781.6996288,0.05999999999999999
1788923781.7497582,0.05999999999999999
1788923781.7995596,0.05999999999999999
1788923781.8492587,0.060000000000000005
1788923781.8995612,0.06
1788923781.9495306,0.06
1788923781.9992874,0.05999999999999999
1788923782.049578,0.060000000000000005
1788923782.0992284,0.060000000000000005
1788923782.1488519,0.060000000000000005
1788923782.1992934,0.06
1788923782.2491376,0.060000000000000005
1788923782.2992492,0.05999999999999999
1788923782.3492935,0.060000000000000005
1788923782.3992252,0.06
1788923782.4492247,0.060000000000000005
1788923782.4997432,0.060000000000000005
1788923782.5490136,0.06
1788923782.5994077,0.060000000000000005
1788923782.6500766,0.060000000000000005
1788923782.6990795,0.06
1788923782.7489898,0.05999999999999999
1788923782.799226,0.06
1788923782.849959,0.06
1788923782.8993125,0.06
1788923782.949127,0.06
1788923782.9992847,0.060000000000000005
1788923783.0489311,0.060000000000000005
1788923783.099637,0.06
1788923783.149403,0.06
1788923783.1993003,0.060000000000000005
1788923783.249389,0.06
1788923783.2993855,0.06
1788923783.3490138,0.06
1788923783.3992825,0.06
1788923783.4495924,0.06
1788923783.4992325,0.060000000000000005
1788923783.5492291,0.06
1788923783.59931,0.060000000000000005
1788923783.6497443,0.06
1788923783.6989093,0.06
1788923783.749303,0.06
1788923783.7993054,0.060000000000000005
1788923783.8492808,0.060000000000000005
1788923783.8994403,0.059999999999999984
1788923783.949737,0.06
1788923783.9990842,0.05999999999999999
1788923784.0490527,0.06
1788923784.0995958,0.06000000000000001
1788923784.1488023,0.060000000000000005
1788923784.199029,0.060000000000000005
1788923784.2493856,0.05999999999999999
1788923784.2993371,0.06
1788923784.3497128,0.05999999999999999
1788923784.3993814,0.06
1788923784.4496686,0.06
1788923784.4988842,0.05999999999999999
1788923784.5489693,0.05999999999999999
1788923784.599049,0.060000000000000005
1788923784.6495533,0.060000000000000005
1788923784.699634,0.06
1788923784.7496433,0.06
1788923784.7995584,0.060000000000000005
1788923784.849813,0.06000000000000001
1788923784.8996434,0.06
1788923784.9496431,0.06
1788923784.99937,0.05999999999999999
1788923785.0493677,0.060000000000000005
1788923785.099642,0.05999999999999999
1788923785.1489565,0.05999999999999999
1788923785.1990285,0.060000000000000005
1788923785.248945,0.05999999999999999
1788923785.298992,0.060000000000000005
1788923785.3488817,0.06
1788923785.3990273,0.06
1788923785.4497619,0.05999999999999999
1788923785.4988935,0.06
1788923785.5488155,0.060000000000000005
1788923785.5990222,0.060000000000000005
1788923785.648885,0.060000000000000005
1788923785.699318,0.06
1788923785.7490807,0.05999999999999999
1788923785.7989995,0.06
1788923785.8494122,0.06
1788923785.89903,0.05999999999999999
1788923785.9497752,0.06
1788923785.9990168,0.060000000000000005
1788923786.0491538,0.05999999999999999
1788923786.0990007,0.05999999999999999
1788923786.1489909,0.05999999999999999
1788923786.19927,0.05999999999999999
1788923786.2489107,0.06
1788923786.2996194,0.06
1788923786.3490758,0.06
1788923786.3996956,0.05999999999999999
1788923786.449004,0.05999999999999999
1788923786.499039,0.05999999999999999
1788923786.5488594,0.06
1788923786.5988903,0.05999999999999999
1788923786.6490376,0.06
1788923786.6989086,0.06
1788923786.7493656,0.06
1788923786.799286,0.05999999999999999
1788923786.8493094,0.06
1788923786.8996542,0.05999999999999999
1788923786.9490952,0.05999999999999999
1788923786.9988942,0.06
1788923787.0490518,0.060000000000000005
1788923787.0996385,0.06
1788923787.1487305,0.06
1788923787.1990154,0.060000000000000005
1788923787.2493083,0.060000000000000005
1788923787.2991655,0.06
1788923787.349045,0.06
1788923787.3989718,0.060000000000000005
1788923787.449448,0.060000000000000005
1788923787.4990075,0.06
1788923787.548817,0.06
1788923787.5996773,0.06
1788923787.6490216,0.06
1788923787.698887,0.05999999999999999
1788923787.7489936,0.060000000000000005
1788923787.7991226,0.06
1788923787.849436,0.06
1788923787.8991644,0.05999999999999999
1788923787.949499,0.06
1788923787.9990525,0.05927904170467187
1788923788.0491135,0.05796020063207422
1788923788.0990195,0.05665540165376775
1788923788.148901,0.0553644014282065
1788923788.1988482,0.05408715800788326
1788923788.2489789,0.05282348969681396
1788923788.2996187,0.05157326780180093
1788923788.3489943,0.050336414685379235
1788923788.3990502,0.04911281262637663
1788923788.4490314,0.047902359900849664
1788923788.499018,0.04670492714100049
1788923788.5488963,0.04552046756044431
1788923788.5990098,0.04434889723984093
1788923788.6489627,0.04319011150482803
1788923788.6990767,0.04204406765600845
1788923788.7496653,0.04091072352382033
1788923788.7990825,0.039790007122242704
1788923788.8489928,0.038681888000582865
1788923788.899057,0.037586337703856755
1788923788.9489038,0.036503332272937845
1788923788.9988947,0.035432870113124446
1788923789.0488954,0.03437497466921731
1788923789.0988417,0.03332965425632744
1788923789.148936,0.03229691573879527
1788923789.1998005,0.03127690238170834
1788923789.2490022,0.030269579120157843
1788923789.2990901,0.029225477690912372
1788923789.3497338,0.028234861432885408
1788923789.3990228,0.027256589834376167
1788923789.4488218,0.026290739366501274
1788923789.4988074,0.02533744034113671
1788923789.5488198,0.024396882706359823
1788923789.5988274,0.023469230564089612
1788923789.648836,0.02255473818299845
1788923789.6988287,0.021653663667206557
1788923789.7488654,0.02076633233757423
1788923789.7988474,0.019893154669508622
1788923789.8488414,0.01903456398378013
1788923789.898814,0.01819118632190524
1788923789.9488637,0.017363620345146994
1788923789.9988225,0.016552687056020917
1788923790.0488703,0.015759177161226674
1788923790.0988028,0.01498441072396173
1788923790.1488466,0.014229496161332355
1788923790.1987526,0.013496164567505096
1788923790.2496364,0.012786083188039263
1788923790.2990115,0.012101740592150514
1788923790.3492897,0.011445362541975455
1788923790.3996286,0.01082044416159089
1788923790.4497266,0.010230143713008078
1788923790.4996765,0.009679047650215947
1788923790.5489523,0.009171037103776697
1788923790.5990613,0.00871189529725498
1788923790.649445,0.008308170753991352
1788923790.698792,0.007965015044233746
1788923790.7489142,0.007688375664729139
1788923790.799612,0.007482842802742098
1788923790.8495898,0.007353546929745552
1788923790.8993773,0.007298182785920406
1788923790.949623,0.00731888569088448
1788923790.999176,0.0074126243491562435
1788923791.0494423,0.007571159115214154
1788923791.099696,0.007744485043295396
1788923791.1489532,0.007918194046857967
1788923791.1994967,0.008089298548396805
1788923791.249056,0.00826108051055824
1788923791.299185,0.008431116417999599
1788923791.3493178,0.008601020146786657
1788923791.3996465,0.00876971734660737
1788923791.4496844,0.008937973821747575
1788923791.499184,0.009105777994145445
1788923791.5491452,0.00927277970858285
1788923791.599018,0.009437024249089819
1788923791.6495125,0.009601880464845858
1788923791.6988378,0.00976539517550049
1788923791.7496881,0.009929622744899612
1788923791.798974,0.010091788542366607
1788923791.8493044,0.01025395234323947
1788923791.8994532,0.010413697310074216
1788923791.9493587,0.010572576150614854
1788923791.9989529,0.010732215147041762
1788923792.0491493,0.010889940737996165
1788923792.0996644,0.011046573999323357
1788923792.1493003,0.01120247733204663
1788923792.1992273,0.011357598007083601
1788923792.2499137,0.011513068503074562
1788923792.2992778,0.010794911443728022
1788923792.3494115,0.010922171052637025
1788923792.3991954,0.011047932369560661
1788923792.4492266,0.01117315902505442
1788923792.4994156,0.011297263382697894
1788923792.5504937,0.011421123571293336
1788923792.5990202,0.011543107204771013
1788923792.6490233,0.011665383791090592
1788923792.698724,0.011786349601671508
1788923792.7497501,0.011906071444668324
1788923792.79916,0.012026433861562885
1788923792.8499305,0.012145197866631438
1788923792.899306,0.012261389585603737
1788923792.9491575,0.01237895156435503
1788923792.999314,0.012493932968852752
1788923793.049342,0.012608574708008156
1788923793.0992708,0.012724564153303392
1788923793.1490047,0.012835747343106283
1788923793.199044,0.0129479973740073
1788923793.2493405,0.013059378008989188
1788923793.2993085,0.013169275267858932
1788923793.3494587,0.013279073964252342
1788923793.399364,0.013388866799822902
1788923793.449552,0.013495615300291695
1788923793.4993546,0.013602519525745671
1788923793.5489688,0.013708145164923354
1788923793.5995867,0.013812243650728171
1788923793.6493292,0.013916755340940177
1788923793.69962,0.014019142969662448
1788923793.749539,0.014120948515557
1788923793.7992663,0.01422250574280107
1788923793.8496566,0.01432340052491692
1788923793.8995001,0.014421490246405535
1788923793.9490354,0.014519642126231202
1788923793.9998577,0.01461662508020415
1788923794.0494509,0.014712776113668407
1788923794.099423,0.014808346371603607
1788923794.149065,0.014902456098149226
1788923794.1992776,0.014995433110629711
1788923794.2487724,0.015087853770675933
1788923794.2995925,0.015179147639470416
1788923794.3496392,0.015270300284705222
1788923794.3994212,0.015360047987793814
1788923794.449605,0.015448846197440918
1788923794.4996152,0.015535714658186645
1788923794.549315,0.015622334469227775
1788923794.599424,0.015707396909298052
1788923794.649743,0.01579256784971489
1788923794.6996336,0.015875459736517376
1788923794.7496173,0.015958414675362794
1788923794.7996192,0.016040477360283734
1788923794.8496604,0.01612057086081497
1788923794.8995528,0.016201047934204016
1788923794.9492805,0.016278859017455752
1788923794.9996393,0.01635695073034176
1788923795.0490384,0.016434699804563878
1788923795.0995848,0.01651001858241032
1788923795.1495435,0.016584545438301724
1788923795.1998162,0.016658664891856512
1788923795.2495706,0.016730669499767228
1788923795.2995517,0.01587435223804025
1788923795.3492033,0.01591495032237972
1788923795.3995535,0.015954567852329557
1788923795.449291,0.015993694771797497
1788923795.4993064,0.01603218808625881
1788923795.549045,0.01606982376229366
1788923795.5992546,0.01610633087067907
1788923795.6492336,0.01614219329897395
1788923795.6993318,0.016177011943076657
1788923795.7498538,0.01621095476214995
1788923795.799306,0.01624412074199424
1788923795.8493314,0.01627651897698427
1788923795.8990767,0.016308309572053578
1788923795.9488885,0.016338968104444476
1788923795.9989994,0.016368733546945256
1788923796.0497375,0.016398114770291308
1788923796.099054,0.016426061903545616
1788923796.1490536,0.01645372214905691
1788923796.1989214,0.01648055481640178
1788923796.248995,0.016506252217903413
1788923796.299163,0.016531212476769135
1788923796.3495617,0.016555351185799427
1788923796.3989618,0.016578780565694385
1788923796.4495838,0.016601500842514594
1788923796.4990234,0.016623746948655687
1788923796.5490384,0.01664451220390289
1788923796.5991173,0.016664427430292124
1788923796.64896,0.016684745869317896
1788923796.6996436,0.01670280128168547
1788923796.7494326,0.016720522689461354
1788923796.799032,0.016737755779155976
1788923796.8494372,0.016754288893355774
1788923796.8993003,0.016769673569992264
1788923796.9489124,0.016785239738646793
1788923796.9990108,0.01679891516616241
1788923797.0497177,0.016812295646298048
1788923797.0992804,0.01682516929836965
1788923797.149523,0.016838073742852924
1788923797.1993024,0.0168484313635951
1788923797.2493546,0.016858283912937224
1788923797.2990434,0.01686799092608587
1788923797.3490489,0.016877217601580986
1788923797.3992975,0.016885524728226554
1788923797.4487886,0.016893057123233572
1788923797.4993024,0.016899992214348566
1788923797.5492682,0.016906284902702313
1788923797.5989916,0.01691150631450393
1788923797.648662,0.01691651951000093
1788923797.6989741,0.016920645766931197
1788923797.7490478,0.016924124314061994
1788923797.7991102,0.016927608685375906
1788923797.8493342,0.016929112462307463
1788923797.8989048,0.016930673038743783
1788923797.9493365,0.016931389415381533
1788923797.9990942,0.016931426969949415
1788923798.0490236,0.016931218205288603
1788923798.0993185,0.016929960610111833
1788923798.14888,0.01692821107257934
1788923798.1992888,0.01692587886292886
1788923798.249014,0.01692316964977725
1788923798.2989855,0.015954273182182403
1788923798.3492413,0.015917191845018816
1788923798.398957,0.01587969223827275
1788923798.4488692,0.015841988144084176
1788923798.4990327,0.015803632453466096
1788923798.5490873,0.01576522578700811
1788923798.5990074,0.01572632652884293
1788923798.6495662,0.015686968187070445
1788923798.698933,0.015647347948634042
1788923798.7492568,0.015607501426605618
1788923798.7990186,0.01556727941106094
1788923798.8488765,0.015526705471072507
1788923798.8989036,0.015485798933658661
1788923798.9490247,0.01544459090663538
1788923798.9988089,0.015403059419360262
1788923799.0490117,0.015361427157950759
1788923799.0990102,0.015319281459949619
1788923799.1489983,0.015277067678300137
1788923799.199319,0.015234446814767984
1788923799.2490234,0.015191611012985572
1788923799.2990034,0.015148556996919993
1788923799.3489559,0.015105222433141266
1788923799.398843,0.015061649867356204
1788923799.4492936,0.01501789231240998
1788923799.498939,0.014973837278121046
1788923799.5489001,0.014929476346471859
1788923799.5992827,0.014885048771994947
1788923799.6489522,0.01484044878002306
1788923799.699115,0.01479549309774661
1788923799.748845,0.014750522168451673
1788923799.7995381,0.014705273730148734
1788923799.8490407,0.014659974374909492
1788923799.898849,0.014614259992138518
1788923799.949013,0.014568518924456385
1788923799.9991763,0.014522601312999928
1788923800.0496278,0.014476694354048119
1788923800.0991576,0.014430503634073503
1788923800.1489809,0.014383958977061856
1788923800.1998146,0.014337490036740508
1788923800.2490506,0.01429085885764107
1788923800.2989838,0.014244110121396817
1788923800.3494177,0.014197195664200291
1788923800.3993578,0.014150317234225728
1788923800.449978,0.014103104662337863
1788923800.4990788,0.01405593396916407
1788923800.5488758,0.014008671360760032
1788923800.5989943,0.013961367311559404
1788923800.64899,0.013913979131615814
1788923800.6990008,0.013866433548527715
1788923800.7488825,0.013818850979665993
1788923800.7987714,0.013771158144335363
1788923800.8489249,0.013723321080768378
1788923800.8989017,0.013675636983085139
1788923800.9489982,0.013627905258057666
1788923800.9992528,0.013580000038854664
1788923801.0490572,0.013532072931304108
1788923801.0990944,0.013484077718234757
1788923801.1490045,0.013436160350229081
1788923801.1993542,0.013388118280566968
1788923801.249061,0.013340095854980086
1788923801.2990043,0.012373158590773167
1788923801.349449,0.012292865425032561
1788923801.398994,0.012212879381892144
1788923801.4488845,0.012133238082425415
1788923801.499342,0.01205393014416453
1788923801.5490057,0.011974910802025503
1788923801.599017,0.0118962313251967
1788923801.649066,0.011817923453109226
1788923801.6989596,0.011739930869051342
1788923801.7491941,0.011662313230346255
1788923801.7990336,0.011585036275701422
1788923801.8488693,0.011508062883369339
1788923801.8990285,0.011431502617060982
1788923801.9493833,0.011355290958670697
1788923801.9988716,0.01127938862719183
1788923802.049037,0.011203900860990585
1788923802.0991027,0.01112875800733487
1788923802.1493049,0.011053975556985476
1788923802.199296,0.010979563638389561
1788923802.2492723,0.010905542875786604
1788923802.2990372,0.01083188715878197
1788923802.3490014,0.01075861244789472
1788923802.3991785,0.010685709866870315
1788923802.4488494,0.010613186575945937
1788923802.4994493,0.010541052871268036
1788923802.5490804,0.010469261491890595
1788923802.5991256,0.010397915355060959
1788923802.6493878,0.010326936231133347
1788923802.699067,0.010256288684145319
1788923802.7497652,0.06
1788923802.7995775,0.05999999999999999
1788923802.8493364,0.059999999999999984
1788923802.8988998,0.05999999999999999
1788923802.9495208,0.06
1788923802.9991055,0.06
1788923803.0488806,0.06
1788923803.09932,0.06
1788923803.1489418,0.06
1788923803.199747,0.05999999999999999
1788923803.2490773,0.05999999999999999
1788923803.2990403,0.05999999999999999
1788923803.3488133,0.06
1788923803.399073,0.06
1788923803.449005,0.06
1788923803.4993715,0.05999999999999999
1788923803.5490472,0.06
1788923803.5992808,0.05999999999999999
1788923803.649189,0.06
1788923803.6993003,0.05999999999999999
1788923803.7490654,0.059999999999999984
1788923803.7992232,0.06
1788923803.848854,0.06
1788923803.8989546,0.06
1788923803.9492311,0.06
1788923803.9989986,0.06
1788923804.0489116,0.06
1788923804.0989342,0.06
1788923804.1492455,0.05999999999999999
1788923804.199074,0.05999999999999999
1788923804.2490096,0.06
1788923804.299009,0.06
1788923804.3491771,0.06
1788923804.3990476,0.06
1788923804.448903,0.06
1788923804.4993937,0.05999999999999999
1788923804.54933,0.06
1788923804.5990012,0.06
1788923804.649047,0.05999999999999999
1788923804.6989279,0.06
1788923804.748952,0.06
1788923804.799082,0.06
1788923804.8492057,0.05999999999999999
1788923804.8989606,0.06
1788923804.9490106,0.06
1788923804.9990013,0.06
1788923805.0490406,0.06
1788923805.0993018,0.06
1788923805.1487994,0.06
1788923805.199318,0.06
1788923805.2493055,0.06
1788923805.2988899,0.06
1788923805.34911,0.05999999999999999
1788923805.3990119,0.06
1788923805.4490087,0.06
1788923805.4991384,0.06
1788923805.5494492,0.06
1788923805.598954,0.06
1788923805.649177,0.06
1788923805.6993747,0.06
1788923805.749017,0.06
1788923805.799286,0.06
1788923805.8490238,0.06
1788923805.8992598,0.06
1788923805.9493957,0.06
1788923805.9990966,0.06
1788923806.0490515,0.06
1788923806.0989769,0.05999999999999999
1788923806.1491067,0.06
1788923806.1990325,0.06
1788923806.2490609,0.06
1788923806.299005,0.06
1788923806.3489258,0.06
1788923806.3992596,0.06
1788923806.4490273,0.05999999999999999
1788923806.499243,0.06
1788923806.549278,0.06
1788923806.5995982,0.05999999999999999
1788923806.6490362,0.06
1788923806.6995475,0.06
1788923806.7493079,0.06
1788923806.798887,0.06
1788923806.8496346,0.06
1788923806.8989687,0.06
1788923806.949323,0.06
1788923806.9992204,0.06
1788923807.048899,0.05999999999999999
1788923807.0989208,0.06
1788923807.149052,0.06
1788923807.1990201,0.06
1788923807.249506,0.06
1788923807.2988563,0.06
1788923807.3488579,0.06
1788923807.3995607,0.06
1788923807.448838,0.06
1788923807.4994373,0.06
1788923807.5490453,0.06
1788923807.5991833,0.06
1788923807.6492314,0.05999999999999999
1788923807.6993425,0.059999999999999984
1788923807.749563,0.06
1788923807.7989888,0.06
1788923807.8493257,0.06
1788923807.89902,0.05999999999999999
1788923807.949605,0.06
1788923807.999196,0.06
1788923808.0492136,0.06
1788923808.0989335,0.06
1788923808.1491191,0.06
1788923808.1993916,0.06
1788923808.2490394,0.05999999999999999
1788923808.2992435,0.06
1788923808.3489933,0.06
1788923808.3990426,0.06
1788923808.449266,0.05999999999999999
1788923808.4994361,0.06
1788923808.5496776,0.05999999999999999
1788923808.5989172,0.06
1788923808.6491187,0.06
1788923808.6988993,0.06
1788923808.749385,0.06
1788923808.7990234,0.06
1788923808.8491163,0.06
1788923808.8991234,0.06
1788923808.9492536,0.06
1788923808.99898,0.06
1788923809.0488498,0.05999999999999999
1788923809.0993085,0.05999999999999999
1788923809.1492863,0.05999999999999999
1788923809.1990628,0.05999999999999999
1788923809.2493188,0.06
1788923809.29893,0.06
1788923809.3493133,0.05999999999999999
1788923809.3988874,0.06
1788923809.4493265,0.06
1788923809.4998326,0.06
1788923809.548919,0.06
1788923809.5990388,0.05999999999999999
1788923809.6487877,0.06
1788923809.6988652,0.06
1788923809.7491345,0.06
1788923809.799114,0.05999999999999999
1788923809.8493426,0.05999999999999999
1788923809.8992448,0.06
1788923809.9495218,0.06
1788923809.998811,0.06
1788923810.0493436,0.05999999999999999
1788923810.0990553,0.06
1788923810.1490607,0.06
1788923810.1992097,0.06
1788923810.2494953,0.05999999999999999
1788923810.299038,0.06
1788923810.3490164,0.06
1788923810.3990238,0.06
1788923810.449096,0.06
1788923810.4991066,0.05999999999999999
1788923810.5488768,0.06
1788923810.5988822,0.05999999999999999
1788923810.6490188,0.05999999999999999
1788923810.6988943,0.06
1788923810.7492793,0.05999999999999999
1788923810.7990215,0.059999999999999984
1788923810.8493497,0.06
1788923810.899013,0.06
1788923810.9490905,0.05999999999999999
1788923810.9988604,0.06
1788923811.04898,0.05999999999999999
1788923811.0990672,0.06
1788923811.1490898,0.05999999999999999
1788923811.1990082,0.06
1788923811.2492642,0.06
1788923811.2990048,0.05999999999999999
1788923811.3493404,0.059999999999999984
1788923811.3990355,0.06
1788923811.4493105,0.06
1788923811.4990442,0.06
1788923811.5492618,0.06
1788923811.5990407,0.06
1788923811.6490319,0.06
1788923811.6990955,0.06
1788923811.7492778,0.06
1788923811.7990277,0.06
1788923811.8488514,0.05999999999999999
1788923811.8989878,0.06
1788923811.9492962,0.06
1788923811.998905,0.05999999999999999
1788923812.0489717,0.05999999999999999
1788923812.0992544,0.06
1788923812.1490843,0.05999999999999999
1788923812.1990516,0.06
1788923812.2490206,0.06
1788923812.299026,0.06
1788923812.3490329,0.06
1788923812.3989277,0.06
1788923812.4488795,0.06
1788923812.4993076,0.06
1788923812.549544,0.05999999999999999
1788923812.5990806,0.06
1788923812.6488097,0.06
1788923812.698779,0.06
1788923812.7488608,0.06
1788923812.7988522,0.059999999999999984
1788923812.8488634,0.06
1788923812.8988767,0.06
1788923812.9488747,0.06
1788923812.9988747,0.06
1788923813.0488102,0.06
1788923813.0988238,0.06
1788923813.148823,0.06
1788923813.1987936,0.06
1788923813.2488601,0.06
1788923813.2988923,0.059999999999999984
1788923813.3488355,0.05999999999999999
1788923813.3988185,0.06
1788923813.4489648,0.06
1788923813.4987633,0.06
1788923813.5490046,0.06
1788923813.598833,0.05999999999999999
1788923813.649227,0.05999999999999999
1788923813.6989114,0.05999999999999999
1788923813.748937,0.06
1788923813.7989953,0.06
1788923813.8489583,0.06
1788923813.8989923,0.06
1788923813.9495924,0.05999999999999999
1788923813.9991755,0.05999999999999999
1788923814.0490465,0.05999999999999999
1788923814.0991764,0.05999999999999999
1788923814.1490538,0.06
1788923814.19923,0.05999999999999999
1788923814.2493134,0.06
1788923814.2989712,0.05999999999999999
1788923814.3492384,0.06
1788923814.3990211,0.06
1788923814.4492977,0.06
1788923814.4991586,0.06
1788923814.5491827,0.05999999999999999
1788923814.5992846,0.06
1788923814.6497228,0.05999999999999999
1788923814.6991036,0.06
1788923814.7490861,0.06
1788923814.7992132,0.06
1788923814.849048,0.06
1788923814.8991072,0.05999999999999999
1788923814.948955,0.06
1788923814.9991355,0.05999999999999999
1788923815.0490408,0.05999999999999999
1788923815.0989497,0.06
1788923815.1492848,0.06
1788923815.199613,0.06
1788923815.249217,0.06
1788923815.2988157,0.06
1788923815.3492568,0.06
1788923815.3992858,0.06
1788923815.4488432,0.05999999999999999
1788923815.4989932,0.059999999999999984
1788923815.5490353,0.06
1788923815.598898,0.06
1788923815.6496465,0.05999999999999999
1788923815.6989453,0.05999999999999999
1788923815.7491078,0.05999999999999999
1788923815.798945,0.06
1788923815.8492143,0.05999999999999999
1788923815.8990095,0.05999999999999999
1788923815.9493132,0.06
1788923815.9992325,0.06
1788923816.0492957,0.05999999999999999
1788923816.0988553,0.06
1788923816.1494489,0.06
1788923816.1995096,0.05999999999999999
1788923816.248862,0.06
1788923816.2993047,0.03615717023769144
1788923816.3492405,0.03578701543395191
1788923816.3993058,0.03541425181170342
1788923816.448871,0.035046283163230454
1788923816.4996114,0.03468571874590631
1788923816.549063,0.034329469184247306
1788923816.598827,0.03397950111261146
1788923816.6489916,0.03363202795588305
1788923816.6990232,0.03329043642555996
1788923816.7492247,0.03295353409137262
1788923816.7992578,0.03262101026197762
1788923816.8492,0.0322929389474776
1788923816.8990889,0.03197057817998629
1788923816.9490924,0.03165093659011186
1788923816.9990675,0.03133586407352544
1788923817.049153,0.03102517265060555
1788923817.0990074,0.03071861226728103
1788923817.1490662,0.03041589140122804
1788923817.199025,0.03012003788627161
1788923817.2488406,0.0298241198954424
1788923817.2989202,0.02953289867371392
1788923817.3489058,0.029246069656671498
1788923817.3990462,0.028963719209400367
1788923817.449033,0.028685369740660296
1788923817.4990394,0.02841103829169191
1788923817.549092,0.02814273079427359
1788923817.598874,0.027872783271821987
1788923817.648842,0.02760787634694414
1788923817.6993182,0.027348249892004076
1788923817.7490594,0.02709232369557554
1788923817.7991705,0.026839094437154935
1788923817.8489127,0.026591952450631395
1788923817.899001,0.026344365643012915
1788923817.949048,0.026100815684317484
1788923817.9990861,0.025860803994130408
1788923818.0491843,0.025624513130558798
1788923818.0990233,0.02539293775168939
1788923818.1495924,0.025161432184769805
1788923818.1990185,0.024934400030539587
1788923818.249151,0.024711726417108136
1788923818.299355,0.024494171833678396
1788923818.3492,0.024273973509593632
1788923818.3990505,0.02406093418883412
1788923818.44906,0.023846589437645633
1788923818.4992697,0.023641261709094415
1788923818.5492263,0.023434200946006213
1788923818.5988097,0.023230054173776396
1788923818.6492894,0.02302983544431267
1788923818.6993234,0.022832996441120593
1788923818.7492282,0.02264054124813614
1788923818.799275,0.02244591512281257
1788923818.8492975,0.02225866737538603
1788923818.898952,0.022071327538108122
1788923818.9488976,0.02188782628337434
1788923818.998972,0.021703355547314115
1788923819.0489182,0.02152524773467477
1788923819.0990534,0.02134951105214134
1788923819.1491213,0.021174370998096114
1788923819.1992943,0.021003149303865674
1788923819.2491708,0.020834890455181877
1788923819.29913,0.01925655026775655
1788923819.3491697,0.019144987891105927
1788923819.3991153,0.01902931915613216
1788923819.4490318,0.01892121221017692
1788923819.4992838,0.018815805064039317
1788923819.5491953,0.018707754581066844
1788923819.5990405,0.018605555699753536
1788923819.649102,0.018502095359750028
1788923819.6987312,0.01840239521695612
1788923819.7493181,0.018301549063899063
1788923819.799529,0.018204639241097033
1788923819.8496566,0.018110617474930046
1788923819.8990126,0.018016100681756096
1788923819.9489276,0.017922848397148455
1788923819.9991953,0.01783050792515619
1788923820.0489998,0.017741614738563203
1788923820.0992808,0.017651045824850616
1788923820.1488392,0.017559217778254133
1788923820.1993062,0.01747328365447494
1788923820.2495003,0.017388940214508247
1788923820.299376,0.017303346674897083
1788923820.349293,0.01722251921300425
1788923820.3994424,0.017137132283320106
1788923820.449119,0.017061994362780584
1788923820.4991186,0.016981548549005864
1788923820.5493293,0.01690044660256194
1788923820.5990047,0.016821725282156738
1788923820.6493719,0.016742858260133248
1788923820.6992831,0.016670588337616764
1788923820.7493086,0.01659346081808564
1788923820.7994952,0.01652228255392445
1788923820.8493266,0.016446555639309714
1788923820.8987932,0.01637677423803607
1788923820.9493003,0.016304910658721927
1788923820.9992838,0.016237538885356853
1788923821.0493543,0.01616624582692635
1788923821.098983,0.016098607041402414
1788923821.1491225,0.016029797046895427
1788923821.1992636,0.0159656519285517
1788923821.2490792,0.015903615365807193
1788923821.2991047,0.015836757007310007
1788923821.3491814,0.01576897201844998
1788923821.3990474,0.015705436127247847
1788923821.4493089,0.015641319773799175
1788923821.498873,0.015584586020276611
1788923821.5488806,0.015515661631260393
1788923821.598931,0.015457186523951364
1788923821.6490219,0.015395333819178287
1788923821.6988661,0.015342843374852514
1788923821.748911,0.015281043072693961
1788923821.7991912,0.015221145447301994
1788923821.8489141,0.01516345559246675
1788923821.8990314,0.01510861199585949
1788923821.9493554,0.015047898813449579
1788923821.9990351,0.014994943060424515
1788923822.0493531,0.014939516417903661
1788923822.0990362,0.01488245201969505
1788923822.1489003,0.01483239755677823
1788923822.1989827,0.014776849267617529
1788923822.2492015,0.014721031143373408
1788923822.299068,0.01313484102494444
1788923822.3490305,0.013138748559139391
1788923822.3990054,0.01313766143687177
1788923822.4490747,0.013138247989028304
1788923822.499266,0.013138642188147615
1788923822.5490665,0.013140118412455515
1788923822.5997458,0.01313999907548862
1788923822.6490934,0.013138848838688747
1788923822.698864,0.013143120063353936
1788923822.7490885,0.013139248171789266
1788923822.7993462,0.013142502841797766
1788923822.8493094,0.013139864647836785
1788923822.8990033,0.01314278768180837
1788923822.9490213,0.013137326656661672
1788923822.999257,0.013138675300327503
1788923823.0493608,0.013131489731782768
1788923823.0990064,0.013130258972971964
1788923823.14929,0.01312863103958546
1788923823.198995,0.01312502746858278
1788923823.249263,0.013121892522794863
1788923823.2991877,0.013124404131231171
1788923823.3492627,0.013116988696218938
1788923823.3990426,0.013110536343759926
1788923823.4493175,0.013106960098534643
1788923823.499121,0.013104108947578068
1788923823.5490394,0.01309760173079551
1788923823.5991921,0.013091265809851725
1788923823.6493115,0.013083819995363163
1788923823.6994011,0.01307789665886178
1788923823.7493496,0.013074400342805272
1788923823.799198,0.013066684837148033
1788923823.8491962,0.013060813668544616
1788923823.898985,0.013054519150587918
1788923823.9493845,0.01304908092035316
1788923823.9994218,0.013035612542664776
1788923824.0492072,0.013031233530488186
1788923824.0992064,0.013022817917147647
1788923824.1491563,0.013010502300770353
1788923824.1991544,0.013004380875846523
1788923824.2494528,0.012997939433191826
1788923824.2990806,0.012982781851111937
1788923824.3492472,0.012972879616641576
1788923824.399001,0.012965703591665283
1788923824.4493039,0.012952207689599544
1788923824.499042,0.012943616691102123
1788923824.5488002,0.012932970398580417
1788923824.5990224,0.012918187553431902
1788923824.6493232,0.012911976453047414
1788923824.6990576,0.012897845497439598
1788923824.749106,0.01288353025375107
1788923824.799274,0.012874937978555323
1788923824.849316,0.012857566638749913
1788923824.898917,0.012841706159131112
1788923824.9490912,0.01282914999878011
1788923824.999311,0.01281593338521498
1788923825.0493765,0.012802246094316792
1788923825.0991309,0.01278789485435717
1788923825.1490958,0.012775220727862104
1788923825.1993358,0.012760763354144588
1788923825.2490027,0.012743018717391709
1788923825.299049,0.011171992254027286
1788923825.3496065,0.011207597087085382
1788923825.398874,0.011243748407832158
1788923825.4490144,0.01127450471146885
1788923825.499292,0.011310826789407572
1788923825.5489812,0.011344095327852253
1788923825.5993311,0.011368080024192463
1788923825.6490204,0.011398034373689008
1788923825.698702,0.011424980312863308
1788923825.7493124,0.01145152493263193
1788923825.7993128,0.011479557609602025
1788923825.8492877,0.011506795298752764
1788923825.8988595,0.011533319187265575
1788923825.9491673,0.011559286621588569
1788923825.9992914,0.01158527938682806
1788923826.0493014,0.011603258367467863
1788923826.0991006,0.01162770065713859
1788923826.1491895,0.011644457050574748
1788923826.1991792,0.011666189745874344
1788923826.249182,0.011682655808308408
1788923826.2990482,0.011708088747771196
1788923826.349295,0.011718197890309454
1788923826.3988013,0.011738418882274027
1788923826.4492548,0.01175224827632796
1788923826.4989831,0.011772064702791204
1788923826.5492682,0.01178366652535729
1788923826.5990193,0.011799051758043464
1788923826.6492682,0.011814205484054055
1788923826.6990194,0.011831199620059551
1788923826.7492774,0.011840051855614856
1788923826.7989323,0.01185124924040013
1788923826.8492308,0.011861991146677261
1788923826.898895,0.011872152870371742
1788923826.9490156,0.011884346676262984
1788923826.9992623,0.011888514447368027
1788923827.049147,0.011899395852474962
1788923827.0990596,0.01190432723311116
1788923827.1492944,0.01191256138141132
1788923827.199009,0.011920574607815114
1788923827.2493405,0.011921938998434752
1788923827.299003,0.011927301732705873
1788923827.34912,0.011933532179783265
1788923827.398936,0.011939502948018533
1788923827.4491587,0.01194964234656302
1788923827.4992526,0.011945483885678296
1788923827.5488815,0.011948758887537582
1788923827.599098,0.011946911338999982
1788923827.649311,0.011952612961422712
1788923827.6992917,0.011950897080355813
1788923827.7492344,0.011957804029507633
1788923827.799057,0.01195292406609922
1788923827.8490148,0.01194967997544569
1788923827.8989084,0.011951239866450336
1788923827.9491858,0.011946590440932218
1788923827.999309,0.011945228405996796
1788923828.0493193,0.011942138263538802
1788923828.0988133,0.011940018777651587
1788923828.149409,0.011935574673187208
1788923828.199041,0.011933772476953394
1788923828.2491817,0.01192808761600867
1788923828.299319,0.010354855808594165
1788923828.3492193,0.010396231983701381
1788923828.398954,0.010438583631500107
1788923828.4492896,0.010474501917634608
1788923828.4992762,0.010510556648254626
1788923828.549943,0.010551281766836052
1788923828.598984,0.010583275841564094
1788923828.6488905,0.010618922396084503
1788923828.698837,0.01065144933433567
1788923828.7491431,0.010683457011361383
1788923828.7989225,0.010717659004463306
1788923828.8493001,0.010747689289458018
1788923828.8990493,0.010775694731317956
1788923828.9491599,0.010806745906227575
1788923828.998969,0.010835518218320885
1788923829.0493395,0.010859750842566294
1788923829.0989022,0.010889068672658264
1788923829.1491804,0.010913993047553104
1788923829.1990952,0.010940132641636043
1788923829.249261,0.01096164248801076
1788923829.2991066,0.010988062703677571
1788923829.3492615,0.01100958918102594
1788923829.3991063,0.011028829673515914
1788923829.449312,0.011055828754209728
1788923829.499183,0.011069652822345606
1788923829.549239,0.011089008558126973
1788923829.599383,0.01110645556223182
1788923829.6490362,0.011124808081745126
1788923829.6990747,0.011145521040835472
1788923829.749289,0.011157537446585515
1788923829.79916,0.011173779004471985
1788923829.8489337,0.011198802975624821
1788923829.8992598,0.011199721672739752
1788923829.949101,0.011212030024971285
1788923829.9992826,0.01122804021432153
1788923830.0490565,0.011239235585035682
1788923830.09926,0.011248732543371536
1788923830.14902,0.011259384116384122
1788923830.199318,0.011272454624977538
1788923830.249185,0.011278880138530756
1788923830.2989106,0.011290804010274625
1788923830.348989,0.011294699858608146
1788923830.3991058,0.011302950468903016
1788923830.4492173,0.011309255809081846
1788923830.4992852,0.011319133147762119
1788923830.5489116,0.01132429987890176
1788923830.5987709,0.011326045323435166
1788923830.6492882,0.011329698329244374
1788923830.6988795,0.01133515917216481
1788923830.7489166,0.01133642707875381
1788923830.7991183,0.011340873633463365
1788923830.849049,0.011347165794281626
1788923830.8991933,0.01134656008422424
1788923830.9497359,0.011352755154656639
1788923830.998801,0.011348446556341964
1788923831.048942,0.011348735287785338
1788923831.0987985,0.011349618083131167
1788923831.1489277,0.011346322381047476
1788923831.1988997,0.011347434303249703
1788923831.2496793,0.011347337046195873
1788923831.299185,0.009757721368241462
1788923831.3490748,0.00979655478131171
1788923831.398979,0.009833705952555404
1788923831.449054,0.009868661605047903
1788923831.4991045,0.009906921296564779
1788923831.5490046,0.009942988792077015
1788923831.5990703,0.009977172530004073
1788923831.6489913,0.01001131748874554
1788923831.698819,0.010042324296418893
1788923831.7490895,0.010072899495176422
1788923831.798901,0.010106630618578305
1788923831.849078,0.010137630096049654
1788923831.8988733,0.010168375545702574
1788923831.9492373,0.010191410958809372
1788923831.9990442,0.010223189805124652
1788923832.0488656,0.010246801600441367
1788923832.0988889,0.010272426922330906
1788923832.148856,0.010296548687829823
1788923832.199119,0.010325012375923006
1788923832.249118,0.010346458358966156
1788923832.298853,0.010367328603061667
1788923832.3491237,0.01039220109595209
1788923832.39973,0.010410131447258174
1788923832.4489903,0.010429612433577682
1788923832.4997888,0.010453427022703868
1788923832.5490324,0.01047181953540408
1788923832.5992126,0.010485010496460445
1788923832.6490712,0.010502883866800684
1788923832.6993032,0.010521271004124418
1788923832.7491682,0.01053837982031882
1788923832.7991319,0.010554812621496622
1788923832.8492756,0.010573493883868388
1788923832.899307,0.01058408045240991
1788923832.9488723,0.010592103321797598
1788923832.9991617,0.010605317822632779
1788923833.0490348,0.01062006170247078
1788923833.0989301,0.010627504421358108
1788923833.1490517,0.010640144006215413
1788923833.1991646,0.010648373378170943
1788923833.2492316,0.010658974014067478
1788923833.2993433,0.010675014788894897
1788923833.34898,0.01067999902477912
1788923833.39914,0.010683199582279054
1788923833.449261,0.010694033209873808
1788923833.4989126,0.010700530382251005
1788923833.5491364,0.010701188673926946
1788923833.5990365,0.01071016225206846
1788923833.6489666,0.010711656999350156
1788923833.6988552,0.010715429998624836
1788923833.7492774,0.010720728338791495
1788923833.7992632,0.010723953229046375
1788923833.8492432,0.010728888196998998
1788923833.899271,0.01073224671323918
1788923833.9492414,0.010733884591933338
1788923833.9991176,0.010731906663799144
1788923834.0489826,0.010732704566834795
1788923834.0992706,0.010732601637809182
1788923834.1489222,0.01073354141215976
1788923834.1992745,0.010730058305797253
1788923834.2491543,0.010729396125623129
1788923834.2991674,0.009121370845977913
1788923834.3492894,0.009157405443668382
1788923834.3992376,0.009191802118345652
1788923834.448975,0.009225585315962948
1788923834.4991977,0.00925889173008127
1788923834.5492537,0.009295277860569247
1788923834.5989234,0.009323559605945789
1788923834.6490142,0.009357377867038073
1788923834.6988215,0.009384253432788897
1788923834.7489154,0.00941236202802138
1788923834.7986937,0.009441278208488902
1788923834.84887,0.009466783899769385
1788923834.899246,0.009494360474502342
1788923834.948741,0.009522148663287362
1788923834.9992545,0.009546480508522673
1788923835.0493236,0.009571914596290816
1788923835.0993047,0.009594170224027596
1788923835.149017,0.009621357169607225
1788923835.198831,0.009641741726785358
1788923835.2490575,0.009659978306008806
1788923835.2993774,0.009685495415672606
1788923835.3489213,0.009702091309719113
1788923835.399003,0.00972044514317354
1788923835.44912,0.009739708036201652
1788923835.4992552,0.009762351399216381
1788923835.5490136,0.009774312481877781
1788923835.5992236,0.009794920227731173
1788923835.6490352,0.009806360197470786
1788923835.6990726,0.009822276608773012
1788923835.7489452,0.009836035772650442
1788923835.7992806,0.009849797088448985
1788923835.8488727,0.009863037556518808
1788923835.8990948,0.009875193901475947
1788923835.9492552,0.009886478056392391
1788923835.999246,0.009902212935930839
1788923836.0493193,0.009914368842378276
1788923836.0991583,0.009926472832362556
1788923836.149038,0.009928956644632933
1788923836.1990979,0.009938728309657389
1788923836.2493982,0.009951889949161321
1788923836.2993157,0.009952469668150431
1788923836.349144,0.009962227323508224
1788923836.3989723,0.009967593532339013
1788923836.4489913,0.009972836509491946
1788923836.4987419,0.009983136054148432
1788923836.5489345,0.009983155086781064
1788923836.5990794,0.009989787756691921
1788923836.648807,0.009995313370547336
1788923836.6990185,0.009995982285264129
1788923836.7489202,0.010002255044622559
1788923836.7988803,0.010006929779668591
1788923836.8489895,0.010005923372639221
1788923836.899314,0.010011162996024945
1788923836.949168,0.01000791740125791
1788923836.9990046,0.010013136414575647
1788923837.0490043,0.010010224045205485
1788923837.0990121,0.010012340516941982
1788923837.1490004,0.01001168564453109
1788923837.1988757,0.010009483715482412
1788923837.2488801,0.01000769658091634
1788923837.29901,0.008373899778518977
1788923837.3490353,0.008412011841898047
1788923837.39927,0.008440926498475105
1788923837.4490054,0.0084705902793768
1788923837.499329,0.00850401188751355
1788923837.5489779,0.008532683101253423
1788923837.5992851,0.008557328767308718
1788923837.6490545,0.008584913711713028
1788923837.6990998,0.008609971177213207
1788923837.7490005,0.008637661744663822
1788923837.7991517,0.008664312795780628
1788923837.8492677,0.008690179936244907
1788923837.8992267,0.008712171984479015
1788923837.9492338,0.008732200026603338
1788923837.9990866,0.008760228345372116
1788923838.0493648,0.008780898437581633
1788923838.0992477,0.008800127495112768
1788923838.1489787,0.008817591234271342
1788923838.199261,0.008837751548001899
1788923838.249072,0.008861648543489493
1788923838.2988837,0.008877158553392703
1788923838.349563,0.008896859411669303
1788923838.399148,0.008912032856849387
1788923838.4491975,0.008923856296404912
1788923838.49926,0.008942361017150133
1788923838.5490851,0.008960221555966775
1788923838.5991747,0.00897318717004373
1788923838.6488552,0.00898845995202156
1788923838.6992126,0.00899472056896739
1788923838.7497282,0.009011763449006858
1788923838.7989712,0.009027103963638466
1788923838.849072,0.009033257210970976
1788923838.8988235,0.009046693428716375
1788923838.9488072,0.009052509726487091
1788923838.999231,0.009062912254621613
1788923839.0490983,0.00907900759772977
1788923839.0989034,0.00908668044235213
1788923839.1490107,0.009088366989871264
1788923839.1990097,0.009099366383069263
1788923839.2494924,0.009107397557335665
1788923839.2989507,0.009114559062447037
1788923839.3497257,0.009120939908453361
1788923839.3988042,0.009122209585012015
1788923839.4488378,0.009125731986484073
1788923839.4990048,0.009131761040243963
1788923839.5490658,0.00913764106532601
1788923839.5992856,0.009139164995658767
1788923839.6489863,0.00914345456435142
1788923839.699349,0.009144104113316847
1788923839.7490332,0.009154297518633274
1788923839.7990263,0.00915052017558329
1788923839.8492231,0.009155120118947372
1788923839.8990006,0.00915278429664529
1788923839.9494119,0.009153318116215354
1788923839.9990501,0.009155570756073232
1788923840.0488718,0.009156277373801343
1788923840.0988836,0.009152334505171016
1788923840.14895,0.009153431718772686
1788923840.1990886,0.00915004125814831
1788923840.2493641,0.009159425632013577
1788923840.2990103,0.007506555598481685
1788923840.3492115,0.007529409743457284
1788923840.39877,0.007558454531821913
1788923840.4492188,0.007583872133452821
1788923840.4992332,0.007614881009708167
1788923840.5489156,0.007635944758585026
1788923840.5990574,0.00766081139730549
1788923840.648954,0.007686059101600227
1788923840.6988513,0.007707006371759951
1788923840.7493412,0.007728334448396646
1788923840.79885,0.007754808065340979
1788923840.849003,0.007774514541533295
1788923840.8990386,0.007792485442836911
1788923840.9490054,0.007812238794545944
1788923840.9988995,0.007831544551806536
1788923841.0488942,0.007848583747508454
1788923841.0993135,0.007867837575777005
1788923841.1492686,0.007885334777306961
1788923841.1989703,0.007902405195746368
1788923841.248864,0.007918625142285196
1788923841.2989268,0.007934507554799328
1788923841.34901,0.007957030244545455
1788923841.3991632,0.007963612988522559
1788923841.4491603,0.007975822576249103
1788923841.4990113,0.007998685970406793
1788923841.549255,0.008002530995876935
1788923841.5988767,0.008018059045736181
1788923841.6489806,0.008033638658354027
1788923841.6990688,0.008037500601555843
1788923841.7490366,0.008053491910390911
1788923841.7990475,0.00806139275519964
1788923841.8490934,0.0080678804010579
1788923841.8990912,0.00808364065181593
1788923841.9492924,0.008085025958106909
1788923841.9990156,0.008093327943216306
1788923842.0498493,0.00810265409938938
1788923842.0991535,0.008115040525210887
1788923842.1488976,0.008116511403498698
1788923842.1994107,0.008127636121604855
1788923842.2498617,0.00813459020498541
1788923842.299153,0.008133733457213703
1788923842.3490808,0.008136827188186115
1788923842.3991704,0.008140314762125466
1788923842.4491842,0.008143739341458336
1788923842.499159,0.008155520137310466
1788923842.549619,0.0081570676300909
1788923842.5989287,0.008156427223633918
1788923842.6490169,0.008156779464326308
1788923842.6988637,0.008159936395608384
1788923842.749789,0.008159899938059618
1788923842.7992103,0.008162822142460285
1788923842.8499513,0.00816740732302445
1788923842.8991847,0.008164101492589438
1788923842.949258,0.008169760892639316
1788923842.9990194,0.00816413986052978
1788923843.048965,0.008162467059689208
1788923843.0992553,0.00816351940019987
1788923843.1490595,0.008164055029033007
1788923843.1991594,0.00816412439805454
1788923843.249183,0.008158991420508894
1788923843.2992325,0.006502999301963549
1788923843.3498008,0.006530085102500986
1788923843.3996625,0.006553051604640597
1788923843.4487705,0.006579361112563288
1788923843.4989772,0.006592259380942877
1788923843.5496368,0.0066195082630925535
1788923843.5991638,0.006639549339781233
1788923843.6489508,0.006657408694159936
1788923843.6988988,0.006673026029103456
1788923843.7490304,0.006692732027136435
1788923843.7991364,0.00671411618628825
1788923843.8495224,0.006729745362771301
1788923843.8992736,0.006750562317469292
1788923843.9489644,0.006765520821198669
1788923843.9991653,0.006783682111007641
1788923844.0490248,0.006794789444881808
1788923844.0990236,0.006811089800977349
1788923844.1492362,0.006828288302393441
1788923844.1990118,0.006842074048310921
1788923844.2497003,0.006852660436207988
1788923844.2988644,0.006866762326579795
1788923844.349035,0.006877896285902952
1788923844.3991969,0.00689316402927184
1788923844.4495845,0.0069099828147374505
1788923844.4988282,0.006914509530733243
1788923844.5489788,0.006925670422819506
1788923844.5991518,0.006939772896695612
1788923844.648872,0.006950137787538008
1788923844.6991637,0.006951390973839155
1788923844.7496085,0.00696071196692134
1788923844.7990036,0.006972444890023819
1788923844.8491063,0.006977532874799973
1788923844.8993087,0.006984071080405968
1788923844.9491663,0.006991893402459502
1788923844.999133,0.006997690863952973
1788923845.048971,0.007004371390996614
1788923845.0990403,0.0070169267109772655
1788923845.149133,0.007023286374653953
1788923845.1994092,0.007024024148697276
1788923845.2492318,0.007031392440567469
1788923845.2988336,0.00703057456745026
1788923845.3495038,0.007047261273707724
1788923845.3991191,0.007039265471263499
1788923845.4489655,0.007050304804322743
1788923845.499195,0.007044386624144183
1788923845.5493104,0.007045064974872587
1788923845.5991676,0.00705352441280429
1788923845.6487384,0.007057914553394068
1788923845.6989977,0.007050114998789683
1788923845.7488441,0.0070545836371482444
1788923845.7993011,0.007054374165995711
1788923845.8493545,0.007055089107064452
1788923845.8991268,0.0070576397553443315
1788923845.9492908,0.007062023273839497
1788923845.998971,0.007054345449937231
1788923846.049006,0.007056689314598201
1788923846.0989995,0.007054407711026943
1788923846.1490319,0.0070522790995530904
1788923846.1992016,0.007051610045969572
1788923846.2492867,0.007048877344509707
1788923846.2990131,0.00538593842777248
1788923846.3497336,0.005407968631791458
1788923846.3989124,0.005428983268281845
1788923846.4492304,0.0054475270440394585
1788923846.4990559,0.0054651880543511245
1788923846.5496073,0.005486706401293744
1788923846.5988672,0.005499690940019996
1788923846.6488118,0.00551396239755963
1788923846.6987894,0.005528627346961898
1788923846.749002,0.005543570725824578
1788923846.7988107,0.005559430494069364
1788923846.849371,0.005573709439855466
1788923846.8988843,0.005591794757115713
1788923846.9491394,0.005601559905561568
1788923846.9989796,0.005615742183644292
1788923847.0489843,0.005627689501613269
1788923847.0988503,0.005640586871366041
1788923847.1488771,0.0056519570328236474
1788923847.199161,0.00566496223595488
1788923847.2491648,0.005674374061053858
1788923847.2991612,0.005693855176804409
1788923847.3489087,0.00569509996133265
1788923847.3988538,0.005710531016517993
1788923847.4495065,0.0057127377342390045
1788923847.4990494,0.005724357168744583
1788923847.5489068,0.005734205205806161
1788923847.5992038,0.005743386461088232
1788923847.6488214,0.005749228741544847
1788923847.698834,0.0057562061211429965
1788923847.749651,0.005764057370019092
1788923847.7988565,0.005772937371976701
1788923847.8491714,0.005780580972105451
1788923847.898849,0.00578690317854999
1788923847.9498823,0.005788893832583961
1788923847.999025,0.00579592567521923
1788923848.048842,0.005802512207869543
1788923848.0989366,0.005803561646235903
1788923848.1489341,0.005808930994177104
1788923848.1992743,0.005811377913778538
1788923848.249759,0.005817603436437506
1788923848.2990885,0.005821342224263787
1788923848.349069,0.0058239145383701665
1788923848.3990133,0.005825783681268533
1788923848.4492388,0.005833940413777278
1788923848.498904,0.005834361801223652
1788923848.5490165,0.005836952321009478
1788923848.5990033,0.005836418441075094
1788923848.6491797,0.005838976791465536
1788923848.6988494,0.0058393899368403964
1788923848.7488928,0.005839774476300688
1788923848.7990391,0.00583779206057086
1788923848.8493931,0.005841657561559539
1788923848.8991427,0.005847881850061938
1788923848.9488022,0.005843302980441738
1788923848.998782,0.005839416411561574
1788923849.0492344,0.005838846747908996
1788923849.099236,0.005839897943116997
1788923849.1488426,0.005838417577560284
1788923849.198829,0.005837319491099171
1788923849.2496376,0.005834727512128879
1788923849.2988114,0.004180078447149479
1788923849.349136,0.00419333271363436
1788923849.3988755,0.004209773097607551
1788923849.448858,0.004220800943741359
1788923849.4989738,0.004235732217837846
1788923849.5488746,0.004253364787645843
1788923849.5989964,0.004263551339997801
1788923849.649248,0.004275964210481614
1788923849.6989024,0.004288861446574922
1788923849.7492697,0.0043013427903608485
1788923849.7988918,0.004316014706703855
1788923849.8490655,0.004322285918702411
1788923849.8990965,0.004338471329024715
1788923849.9493206,0.004344088461545418
1788923849.9988947,0.0043607700999686305
1788923850.0489979,0.004366278860541617
1788923850.0990977,0.004379951030274798
1788923850.1494448,0.004387727799067257
1788923850.1991796,0.004396031005955309
1788923850.2492864,0.004404492235624616
1788923850.299356,0.00441694175424497
1788923850.3489356,0.004419244010579455
1788923850.3988433,0.004428394525754295
1788923850.4489808,0.004435667649044252
1788923850.4988995,0.004450102786967825
1788923850.549134,0.004449702833020864
1788923850.5992098,0.004457768899412096
1788923850.6489174,0.004464056704385482
1788923850.6991866,0.004467408433869743
1788923850.7496884,0.004482314203347515
1788923850.799023,0.004479307165091783
1788923850.8488033,0.004486650464885458
1788923850.8988507,0.004491307150621781
1788923850.9494357,0.004494791390822659
1788923850.9991426,0.004500291931072829
1788923851.0488386,0.004504517580015697
1788923851.0991764,0.004512150990797064
1788923851.149132,0.004519966944259528
1788923851.1995351,0.004519121495541482
1788923851.2490096,0.0045274857557578
1788923851.2988186,0.004522076442618206
1788923851.3488603,0.004525355849319473
1788923851.3992062,0.004527868896483455
1788923851.4491234,0.004531121051238048
1788923851.4991422,0.004536143998791398
1788923851.5489216,0.004532904640995215
1788923851.5989826,0.004536027745716909
1788923851.648788,0.004542015107698439
1788923851.6990075,0.0045383604412991595
1788923851.7489183,0.004541191541894221
1788923851.7988656,0.004545505374449855
1788923851.8493273,0.00454022780375209
1788923851.8988054,0.004541477924414488
1788923851.9494333,0.004543601935477101
1788923851.9989443,0.004548728793908817
1788923852.04972,0.004543198346217603
1788923852.0990767,0.004540276451087016
1788923852.149494,0.004550219702588034
1788923852.198901,0.00454047493985651
1788923852.24897,0.004538402912448503
1788923852.29913,0.0028941212986348867
1788923852.3490243,0.0029104021697495476
1788923852.399023,0.002915778985528142
1788923852.4490495,0.002926483866322046
1788923852.4988675,0.00293538436413106
1788923852.5488303,0.002945845632612887
1788923852.5989919,0.0029567889209353277
1788923852.64884,0.0029662126450196655
1788923852.698767,0.0029814969532018128
1788923852.748874,0.0029848561641279245
1788923852.7990227,0.0029932046743106006
1788923852.8490508,0.0030016485355484207
1788923852.8989184,0.0030102367043159015
1788923852.9488328,0.003018163673334155
1788923852.9990013,0.003025928104071735
1788923853.049279,0.0030336473332657817
1788923853.0989926,0.0030446703079880957
1788923853.149031,0.003047951344657277
1788923853.1990764,0.0030559389713730426
1788923853.2490318,0.0030626816868448846
1788923853.2990048,0.003068230670976271
1788923853.3492224,0.0030743062759635304
1788923853.3988504,0.0030787694443532997
1788923853.4490333,0.0030865119345337933
1788923853.4991,0.0030924706108324575
1788923853.5488904,0.0030994865162155285
1788923853.5988424,0.003102754712646603
1788923853.6489809,0.003107424552043878
1788923853.698924,0.0031131906558637974
1788923853.749547,0.0031175014063140184
1788923853.7991033,0.0031279967963443694
1788923853.849007,0.0031254124796341732
1788923853.899128,0.003132020759218806
1788923853.949008,0.0031405565939495047
1788923853.9988718,0.0031369955209793075
1788923854.0497084,0.0031406829956236617
1788923854.0987964,0.0031455324257711192
1788923854.1490026,0.0031473074212870146
1788923854.1992729,0.003150835033856926
1788923854.2497768,0.003153624236329312
1788923854.2987912,0.0031576984331824634
1788923854.349395,0.003158052438851471
1788923854.3988428,0.0031613595315409236
1788923854.4488657,0.003162526152922298
1788923854.498996,0.0031681507701502073
1788923854.5489974,0.0031662255238675704
1788923854.5990312,0.003168093687889093
1788923854.6488514,0.0031687681608976864
1788923854.6988564,0.003169934804645178
1788923854.7488854,0.0031714907879027278
1788923854.7989452,0.0031735550977882096
1788923854.8490205,0.0031742550977985856
1788923854.8990443,0.003175051969574341
1788923854.9488003,0.003176679928896451
1788923854.9988022,0.0031757653946974085
1788923855.0488784,0.0031767519396331757
1788923855.0988197,0.003177035251790049
1788923855.1487107,0.0031786598514900433
1788923855.1987822,0.0031763761978967106
1788923855.2490766,0.0031779555783745905
1788923855.2987773,0.001597368087877028
1788923855.3488634,0.0015993679184191673
1788923855.399005,0.0016079359825187818
1788923855.4488504,0.0016130265272908213
1788923855.4988406,0.0016173809488125553
1788923855.5488727,0.001625427816876442
1788923855.5989718,0.0016298696330999656
1788923855.6489902,0.0016360724732464307
1788923855.6987805,0.0016422505624504068
1788923855.7488272,0.001646556453988341
1788923855.7989445,0.0016515120977410177
1788923855.8490894,0.0016587912460392967
1788923855.8990154,0.0016626826427254022
1788923855.9490073,0.0016673964736695864
1788923855.9990218,0.0016705779013826776
1788923856.0487773,0.001677826678092194
1788923856.0990071,0.0016817688907949783
1788923856.148998,0.0016862471164760715
1788923856.1990201,0.0016905974369705282
1788923856.2489967,0.0016931792637992315
1788923856.2989678,0.0016996753307589193
1788923856.3490055,0.0017016860220029344
1788923856.3988948,0.0017069012333254855
1788923856.4490209,0.0017095142982759364
1788923856.4987981,0.0017145866991153562
1788923856.548855,0.001718151044532134
1788923856.5988834,0.0017217403399424713
1788923856.648958,0.0017241369962725788
1788923856.6992192,0.001728707759774631
1788923856.748963,0.0017306398835221096
1788923856.7988126,0.0017332201559307166
1788923856.8488011,0.0017370272980471249
1788923856.8989162,0.001739589481112078
1788923856.94891,0.0017437235063326477
1788923856.9990025,0.0017467850463736573
1788923857.0493727,0.0017560681115254208
1788923857.0992568,0.0017559279143075136
1788923857.1490295,0.001753440253335805
1788923857.1990018,0.0017570511901831112
1788923857.2492845,0.0017594657725195683
1788923857.2992275,0.0017624762013174202
1788923857.349568,0.001766607423034039
1788923857.398802,0.0017644828100703402
1788923857.448923,0.0017677247312551088
1788923857.499307,0.001768630674945925
1788923857.5490253,0.0017713161317298104
1788923857.5990105,0.0017747869163244523
1788923857.6499047,0.0017746602768273457
1788923857.699017,0.00177912702772205
1788923857.7491364,0.0017797812828784132
1788923857.7992322,0.0017810465088261343
1788923857.8488839,0.001787703144793197
1788923857.8989832,0.0017791804385986635
1788923857.949183,0.0017835938223305491
1788923857.9990077,0.0017833027768550237
1788923858.049022,0.0017838081564295301
1788923858.0991476,0.0017857650058639273
1788923858.1493273,0.001785103776848871
1788923858.1992812,0.0017855431603444154
1788923858.2494981,0.0017938450924136061
1788923858.298992,0.0007332622433635785
1788923858.3492234,0.0007295728054404638
1788923858.3990293,0.000726155656321402
1788923858.449015,0.0007228848992037666
1788923858.4991758,0.0007198313800879409
1788923858.5489352,0.0007171161545946804
1788923858.5989995,0.000714063343346494
1788923858.6489959,0.0007112561875214674
1788923858.6989083,0.0007083526689934306
1788923858.7488399,0.0007057894875860904
1788923858.798845,0.0007031244317800365
1788923858.8488486,0.0007004542908241989
1788923858.898873,0.0006981264698049584
1788923858.9490042,0.0006957964840786156
1788923858.999,0.0006935076909061844
1788923859.048856,0.000691303233856748
1788923859.0989504,0.0006891704745462638
1788923859.148949,0.0006871050973916215
1788923859.1991563,0.0006851191323403418
1788923859.2494345,0.0006832688395363626
1788923859.2987792,0.0006813459446261857
1788923859.3490045,0.0006798237985597655
1788923859.3989787,0.000677862114196962
1788923859.449275,0.0006761849603614483
1788923859.4994564,0.0006747445204346143
1788923859.549458,0.0006731088839143628
1788923859.5993242,0.0006716729150665592
1788923859.6491652,0.0006703321685170815
1788923859.6990526,0.000668975506933791
1788923859.7492056,0.0006675375341254126
1788923859.7991052,0.0006664347651403248
1788923859.8493052,0.0006652718114402768
1788923859.8990726,0.0006640575510928537
1788923859.9492567,0.0006627512404324745
1788923859.9989972,0.0006622260967236858
1788923860.049196,0.0006607708526845376
1788923860.099331,0.0006598211549813102
1788923860.149229,0.0006592614194493321
1788923860.1988862,0.0006590508063786069
1788923860.2489822,0.0006569466460246142
1788923860.2993312,0.0006565203389411675
1788923860.3490312,0.0006562052268622067
1788923860.3990107,0.000655152997261349
1788923860.4491777,0.0006549101574549524
1788923860.4995244,0.0006541953357504547
1788923860.549234,0.0006546335849654495
1788923860.599171,0.0006524330838831727
1788923860.6489916,0.0006522908597987061
1788923860.6988955,0.0006519774903718435
1788923860.748843,0.0006511024108313266
1788923860.798828,0.0006510216783367361
1788923860.8491752,0.0006512224889701125
1788923860.8990717,0.0006504940066764731
1788923860.9495656,0.0006500887744785685
1788923860.9991593,0.0006501501966961111
1788923861.048914,0.0006495930008534854
1788923861.0988512,0.000649127800689047
1788923861.14899,0.0006489486255778122
1788923861.1990757,0.000648803740869888
1788923861.2491078,0.000648967729470987
1788923861.298795,0.0016852590322721218
1788923861.3488154,0.0016838411421632006
1788923861.3991668,0.0016791390355649645
1788923861.4494164,0.0016736335282750466
1788923861.499179,0.0016707292927297707
1788923861.5492578,0.0016698908263435498
1788923861.5989304,0.0016658997340676092
1788923861.6488223,0.0016626910513548815
1788923861.6989553,0.001659160932479902
1788923861.749268,0.0016552135214194848
1788923861.7990017,0.001651829353770667
1788923861.8490124,0.0016444557780468604
1788923861.8990886,0.0016453454645346825
1788923861.9489775,0.001641431454232
1788923861.9988132,0.001638383630842632
1788923862.0492892,0.0016352445074934007
1788923862.0992336,0.0016305194960139504
1788923862.1491098,0.0016285081190311437
1788923862.1992161,0.0016252434482188268
1788923862.2491066,0.0016141529442682597
1788923862.2990677,0.001617721681993413
1788923862.3490553,0.0016143506851980483
1788923862.3991144,0.001609245801516056
1788923862.4497778,0.0016074104609962417
1788923862.4990535,0.001602295704842726
1788923862.5496273,0.0015985678793294963
1788923862.5990577,0.0015942146288947978
1788923862.6495748,0.0015942598986057822
1788923862.6998038,0.0015889724261468085
1788923862.7496557,0.0015859229669072323
1788923862.7991216,0.001583921697856879
1788923862.8495462,0.0015803170359785987
1788923862.8989124,0.0015714710288729605
1788923862.9494307,0.0015692627713340835
1788923862.9990256,0.0015672355150133093
1788923863.049796,0.0015639552749269715
1788923863.0991044,0.0015602145577386104
1788923863.1492527,0.0015564515987755996
1788923863.1992733,0.001554065889707943
1788923863.2490294,0.0015502442530432496
1788923863.2989995,0.0015455328777749869
1788923863.349449,0.0015436717052199486
1788923863.3990905,0.0015390116440452848
1788923863.4492795,0.0015360232027020325
1788923863.49885,0.0015334795858475353
1788923863.5489936,0.00152826849951425
1788923863.599014,0.001523789914202956
1788923863.6488495,0.0015183452978305189
1788923863.6990492,0.0015171672388906154
1788923863.7491915,0.001515308550446835
1788923863.799021,0.001510345925607277
1788923863.8489985,0.0015065892563816113
1788923863.8987947,0.001501398927175336
1788923863.9489756,0.0015001503601122328
1788923863.9988213,0.001495684927671663
1788923864.0492935,0.0014920661530917936
1788923864.098905,0.0014856838779345432
1788923864.1490178,0.0014863915737331702
1788923864.1997404,0.0014807073679946276
1788923864.249176,0.0014760257831358807
1788923864.2989836,0.0031340628217499953
1788923864.3495393,0.003132747867433405
1788923864.3992276,0.0031360018689250185
1788923864.448973,0.0031366093758895806
1788923864.4990082,0.0031340700460593266
1788923864.5490115,0.003133923632025104
1788923864.5989978,0.0031335437152956456
1788923864.6489992,0.0031289128604078064
1788923864.6989975,0.0031337089566480926
1788923864.7493634,0.003132084448235213
1788923864.7993207,0.003128341544731239
1788923864.8493724,0.003129181554298746
1788923864.8990278,0.003127588702967366
1788923864.9492831,0.003127162766771369
1788923864.9992073,0.003118353401058537
1788923865.0496497,0.003123686174778326
1788923865.1000206,0.0031165229653350008
1788923865.148892,0.0031196858304743135
1788923865.199035,0.003120063295353522
1788923865.2494354,0.003116714067717575
1788923865.299142,0.0031162405294113964
1788923865.349216,0.003112592617474038
1788923865.3989651,0.0031112713539416595
1788923865.448963,0.003108062559986118
1788923865.499207,0.003105214772776739
1788923865.5487983,0.0030979116655179212
1788923865.5992095,0.0031007867445437417
1788923865.64906,0.00309699872750495
1788923865.6992068,0.003096021426176926
1788923865.7496185,0.0030915527664657576
1788923865.7997038,0.0030884781334801375
1788923865.8496487,0.0030844482085007063
1788923865.8988988,0.0030746785329724903
1788923865.9490204,0.003078827732320091
1788923865.9996488,0.0030752978125227646
1788923866.0488799,0.003069977561916538
1788923866.099306,0.0030682573559156555
1788923866.149275,0.003063502854868731
1788923866.1991327,0.0030594427005614187
1788923866.2494118,0.0030519768516058974
1788923866.2992797,0.0030517574278642215
1788923866.3492303,0.0030429483917193702
1788923866.399109,0.003041774575489612
1788923866.4493687,0.003041160322747589
1788923866.4990575,0.003034050176464635
1788923866.549435,0.0030326265663266124
1788923866.5991476,0.003028676044426831
1788923866.6493397,0.003023863838910684
1788923866.6990886,0.0030192602967465806
1788923866.749333,0.0030139192530168435
1788923866.7988758,0.0030102328812736936
1788923866.84931,0.002995656397656223
1788923866.899115,0.002990402202481599
1788923866.948928,0.0029961914114477297
1788923866.999077,0.002990701962184907
1788923867.0492876,0.0029863983045189963
1788923867.099139,0.0029814886911758774
1788923867.1491694,0.0029666319566967287
1788923867.1988919,0.002970233979726361
1788923867.2488053,0.0029603740931763226
1788923867.2991085,0.004666576800608844
1788923867.349266,0.004670090294106489
1788923867.3994255,0.004674169600478986
1788923867.449077,0.00467582780727273
1788923867.4988618,0.004679343138191732
1788923867.5492868,0.0046801670196978205
1788923867.5989995,0.004680149930142506
1788923867.649,0.004685843706991435
1788923867.698995,0.00468768295254784
1788923867.7491245,0.004689295494620581
1788923867.7988112,0.00468479829275716
1788923867.8492591,0.004685667073621412
1788923867.8988867,0.00469092468929893
1788923867.9490166,0.004692762493440867
1788923867.998799,0.004693425390849476
1788923868.048857,0.00469209963656075
1788923868.0990226,0.004693222469483521
1788923868.1492996,0.004693405096019967
1788923868.1990247,0.0046889422339642176
1788923868.2491512,0.0046920786899886996
1788923868.299235,0.004687560585511473
1788923868.349125,0.0046892002256511515
1788923868.3987913,0.004687768391606456
1788923868.4492326,0.004686320442641326
1788923868.499025,0.004684016082471024
1788923868.549977,0.004683303347299631
1788923868.599148,0.00468261643041363
1788923868.6492584,0.004678374001305421
1788923868.6987984,0.004678068064554214
1788923868.7493043,0.004674323012399114
1788923868.798896,0.004666663723236265
1788923868.849493,0.004667598380438645
1788923868.898971,0.00466704375523466
1788923868.9489625,0.004662317728103089
1788923868.9988053,0.004659097591407332
1788923869.0488415,0.004656663576174535
1788923869.0993414,0.004651270583565537
1788923869.1496239,0.004647907215338129
1788923869.1992538,0.004643964732006134
1788923869.248871,0.004639488357753353
1788923869.2996852,0.004629813471848046
1788923869.3489187,0.004628210137402004
1788923869.3996768,0.004624114574585616
1788923869.4493062,0.004621295035663091
1788923869.4988143,0.004612866604151976
1788923869.549146,0.0046117817092316505
1788923869.5988176,0.004606111920488431
1788923869.6491272,0.004601450340151058
1788923869.698869,0.004588855573888044
1788923869.7489257,0.004590849997968646
1788923869.799033,0.004580847029229993
1788923869.8494134,0.004577849527509835
1788923869.8995304,0.004566681940320622
1788923869.9488184,0.004567290078473855
1788923869.999282,0.0045614979304773534
1788923870.049923,0.004554671999886887
1788923870.099349,0.00454493306370986
1788923870.1490054,0.004541017299750942
1788923870.1989646,0.004534137149319346
1788923870.2494323,0.00452810688699228
1788923870.2990606,0.006234990484441257
1788923870.3496726,0.006243405677471102
1788923870.3989935,0.0062497072674343465
1788923870.4491339,0.006253514678328372
1788923870.4989188,0.006261787699152535
1788923870.5494485,0.006266384230193874
1788923870.5989149,0.006272089310583805
1788923870.6488152,0.0062768920270430024
1788923870.6987796,0.006281342394016098
1788923870.7493463,0.006283826505724568
1788923870.798753,0.0062872057653016135
1788923870.8494136,0.006290756632503857
1788923870.8990116,0.006291912726336008
1788923870.94902,0.0062957430288548945
1788923870.9990373,0.006296802767641231
1788923871.0490186,0.006298492498285209
1788923871.0990071,0.006299048908667566
1788923871.1491287,0.0063010139178141245
1788923871.1991124,0.006300555647101023
1788923871.2490895,0.006302116911966032
1788923871.2989085,0.006297435407008758
1788923871.3492799,0.00630129385620505
1788923871.3990405,0.006302732345396185
1788923871.4489708,0.006300879054731766
1788923871.4995286,0.006299882564008272
1788923871.5492013,0.006297443191840039
1788923871.5990984,0.006297731502983232
1788923871.6493118,0.006296106710257226
1788923871.6990557,0.006293231887030365
1788923871.7497177,0.006290723443318386
1788923871.7989392,0.006286162575016758
1788923871.8496823,0.006278937897294186
1788923871.8991942,0.006279228767098559
1788923871.9494932,0.006279544676854788
1788923871.9989557,0.006276591691731552
1788923872.0490472,0.0062724470162694775
1788923872.0991766,0.006268152337312213
1788923872.1491227,0.0062640094022239235
1788923872.1989567,0.006258518518654755
1788923872.2490213,0.006256443515832403
1788923872.2998748,0.006249748090268718
1788923872.3493829,0.0062438992941115865
1788923872.3994486,0.006235440909392183
1788923872.4492836,0.00623413139223247
1788923872.499247,0.006224569943869966
1788923872.5492773,0.006222901155780666
1788923872.5991476,0.006215987234310385
1788923872.649355,0.006209589597642023
1788923872.699052,0.006204700744947189
1788923872.749274,0.006197665896423133
1788923872.799134,0.006190890932508242
1788923872.8494108,0.0061791462511200735
1788923872.8989866,0.006172110606902462
1788923872.9492922,0.006166101320849298
1788923872.9988072,0.006156534279044641
1788923873.0495958,0.006155249962443697
1788923873.0992944,0.006143799305205547
1788923873.1492987,0.006139136676418669
1788923873.1991193,0.006130713258927952
1788923873.2494016,0.006120193366909831
1788923873.2988086,0.007834688020015718
1788923873.3491347,0.00784424182133905
1788923873.3989897,0.007853348090175561
1788923873.4490273,0.007861802655468804
1788923873.498847,0.007866711688566551
1788923873.5492876,0.00787347763480815
1788923873.5989377,0.007880433798224895
1788923873.6489947,0.007892237843341185
1788923873.6988623,0.007896820903812586
1788923873.7495608,0.007904351056451797
1788923873.7988355,0.007907981211633604
1788923873.8491304,0.007906523323659816
1788923873.8990016,0.0079155754184791
1788923873.9491014,0.007922905917966863
1788923873.9989522,0.007924712885234808
1788923874.0494225,0.007927846322895761
1788923874.0989292,0.007930635656603945
1788923874.1493526,0.007932057115098317
1788923874.199635,0.007933683142086463
1788923874.2493348,0.007937732012074091
1788923874.2987802,0.007937875386634626
1788923874.3488472,0.007939972622249476
1788923874.3989084,0.007939829902175753
1788923874.4489155,0.007940335741319695
1788923874.4988475,0.007938969884001664
1788923874.5489063,0.007938508778497281
1788923874.5988996,0.007937305820150144
1788923874.648797,0.00793621566282299
1788923874.698914,0.007934514308070661
1788923874.748911,0.007931809728736165
1788923874.7989106,0.007929351161768424
1788923874.8488655,0.00792686584911384
1788923874.8989077,0.007923909076251423
1788923874.9489083,0.00792054407819308
1788923874.9989007,0.00791638700451907
1788923875.0488224,0.007912379623981839
1788923875.098868,0.007907914763619163
1788923875.1489043,0.00790342295988615
1788923875.1988544,0.007898427709954445
1788923875.24886,0.007893315468062368
1788923875.298905,0.007887778028908006
1788923875.3489478,0.007882062425297851
1788923875.398904,0.007874979969679482
1788923875.448823,0.007869193592994653
1788923875.4990115,0.007862661210588382
1788923875.5496454,0.007854659180995906
1788923875.599263,0.007847509875292556
1788923875.6497018,0.007838510569958133
1788923875.6988165,0.007827835996772033
1788923875.7497513,0.007826334239669422
1788923875.799735,0.007816400121804184
1788923875.8491578,0.007807702030742346
1788923875.8995504,0.007798343216350491
1788923875.9492404,0.007786950022167427
1788923875.998865,0.007779091526066535
1788923876.0491316,0.007775719458658972
1788923876.098862,0.007760866101435866
1788923876.1492531,0.007756542154717216
1788923876.1988373,0.0077449373303451405
1788923876.2497272,0.007736394946259084
1788923876.2990077,0.009451255030794737
1788923876.349094,0.009463076139574537
1788923876.3988938,0.009474923862314098
1788923876.4488716,0.009486541658774371
1788923876.4989285,0.009497225039097855
1788923876.5489342,0.009507312953760864
1788923876.5988321,0.009516500042634159
1788923876.6488307,0.009526156542723407
1788923876.6991127,0.009533645805776968
1788923876.748923,0.009542060628868103
1788923876.798868,0.009548390919269453
1788923876.8489106,0.009555165008665836
1788923876.899012,0.009561589752428276
1788923876.9491084,0.009565523322040453
1788923876.9994469,0.009567238316038935
1788923877.04901,0.009574477993145078
1788923877.098978,0.009577601879086668
1788923877.1490965,0.00958296088246313
1788923877.1988835,0.009581072245892394
1788923877.2488477,0.00958934008885081
1788923877.2988486,0.009590614734482632
1788923877.3492832,0.009592644013848706
1788923877.3990161,0.009590485053845346
1788923877.4490116,0.00959055306539529
1788923877.4989073,0.009592146938757956
1788923877.549105,0.009593506983902742
1788923877.59898,0.009588329257355175
1788923877.6492176,0.009589931134419062
1788923877.698848,0.009590438145147626
1788923877.7489758,0.009589212394002325
1788923877.798903,0.009586842734577392
1788923877.8493576,0.009581514460978989
1788923877.8989239,0.009576410497087098
1788923877.949082,0.009575392882027094
1788923877.9990387,0.009573210314481509
1788923878.0494444,0.009568086356975609
1788923878.0990458,0.0095603897312945
1788923878.1489995,0.009558981557405309
1788923878.1990006,0.009553712474197439
1788923878.2492378,0.009546172259661142
1788923878.2994418,0.0095382957146831
1788923878.3490193,0.009531216967693306
1788923878.3990319,0.00952751254802274
1788923878.449245,0.009520512369267866
1788923878.4996862,0.009513438851220449
1788923878.5489042,0.009505899040976708
1788923878.5990667,0.009495548478366794
1788923878.6490238,0.009487168682796011
1788923878.6989832,0.009481190591495738
1788923878.7490869,0.009472215152083678
1788923878.799102,0.009459055246490598
1788923878.8490963,0.009448544356070855
1788923878.8994126,0.009443009884830905
1788923878.9488962,0.009431950951424403
1788923878.998841,0.009422808227229613
1788923879.0490253,0.009412426123112067
1788923879.0989652,0.009400792486359066
1788923879.1490963,0.009389279059341388
1788923879.1990628,0.009377678255522699
1788923879.2492955,0.009364606261634083
1788923879.2989101,0.011078237269772489
1788923879.3490176,0.011092224912949113
1788923879.3989604,0.011111276109782766
1788923879.4497914,0.011124833302188377
1788923879.4998472,0.011138720815345973
1788923879.5490098,0.011151368666490037
1788923879.5994573,0.011161942448064979
1788923879.648974,0.011171455039508857
1788923879.6992307,0.01118344804130059
1788923879.748843,0.01119272071489172
1788923879.798985,0.011201642198380815
1788923879.8490195,0.011210150542811036
1788923879.899005,0.011217066537411008
1788923879.9490304,0.011222016855397221
1788923879.9989805,0.011231392800046279
1788923880.0491872,0.01123448938658392
1788923880.0989165,0.01124185320479448
1788923880.1489897,0.011246931579682078
1788923880.1988833,0.011250850339744708
1788923880.248949,0.01125507632308294
1788923880.2988114,0.01125695636367298
1788923880.348832,0.011259352367736212
1788923880.398911,0.011260881245369659
1788923880.4492013,0.011262164945852178
1788923880.4990795,0.011262399799121948
1788923880.5491078,0.011262920703900283
1788923880.5993235,0.01126259122981663
1788923880.649435,0.011260239113938347
1788923880.698901,0.011260156854370358
1788923880.7490058,0.0112589035466903
1788923880.799612,0.011256203079270943
1788923880.8491552,0.011253587166508585
1788923880.8988042,0.011246473787292804
1788923880.9487941,0.011246222864682067
1788923880.9988117,0.01124205746823944
1788923881.0491576,0.01123748773116928
1788923881.099083,0.011232034678714187
1788923881.1487114,0.01122593552233974
1788923881.1990035,0.011220908540065352
1788923881.2490919,0.01121407954897131
1788923881.2991192,0.011207265910271711
1788923881.349142,0.011200514055747355
1788923881.398991,0.011191039813776971
1788923881.4495559,0.011184146226021726
1788923881.4990013,0.011174878036840976
1788923881.5488966,0.011166757068131973
1788923881.5989046,0.011157635896301494
1788923881.648997,0.0111492264050237
1788923881.698851,0.011139339900286148
1788923881.7495291,0.011128960163494812
1788923881.7988157,0.011117012890610525
1788923881.8488574,0.011105077839402679
1788923881.8989227,0.011096397554368809
1788923881.948967,0.011084000716030638
1788923881.9988298,0.011072140657179983
1788923882.0487804,0.011058411606979568
1788923882.0988214,0.011048108648886766
1788923882.148891,0.011034423542433884
1788923882.1992025,0.011021365778391962
1788923882.249356,0.011006503762565864
1788923882.298951,0.012721082132209096
1788923882.3487997,0.012741194088259196
1788923882.3990145,0.01275901896049995
1788923882.4490917,0.012775175009713922
1788923882.4993968,0.012789698968624221
1788923882.5488627,0.01280299042449774
1788923882.5990422,0.012819337259645609
1788923882.6488805,0.012832140120524206
1788923882.6988516,0.012844338480165128
1788923882.748812,0.012854844365605448
1788923882.7989721,0.012866477730683659
1788923882.8488472,0.012876905561395785
1788923882.8987942,0.012885639992511745
1788923882.9488008,0.012894705162938391
1788923882.99883,0.012901817231518497
1788923883.0494459,0.012907956631479247
1788923883.0991936,0.012914964986256081
1788923883.1488032,0.012919774717584246
1788923883.1990151,0.012924417149186932
1788923883.2492115,0.012930205519453774
1788923883.2989466,0.012933587701872433
1788923883.3492758,0.012935225568434102
1788923883.3991938,0.012939073247069268
1788923883.448902,0.012940180119383029
1788923883.4991689,0.01294095629552696
1788923883.5491204,0.012942398869766067
1788923883.5990143,0.012941280922297705
1788923883.6489918,0.012941457905155988
1788923883.6987722,0.012938780076223262
1788923883.7488093,0.012939506859889574
1788923883.7989674,0.012936153216284212
1788923883.8490658,0.012933330280851023
1788923883.8990839,0.012928607643811069
1788923883.9489923,0.012925696849131935
1788923883.999114,0.0129212280867922
1788923884.049065,0.012916135976944125
1788923884.09879,0.012908881433467754
1788923884.1488137,0.012902720123567418
1788923884.1988287,0.012896674047394925
1788923884.2495332,0.012889426012787435
1788923884.2988586,0.012883489240046267
1788923884.3491037,0.012875009701856231
1788923884.398976,0.012866096195815154
1788923884.4487524,0.0128563043992029
1788923884.4987936,0.012847444275545128
1788923884.5488563,0.012837658636275125
1788923884.598852,0.012824494320444545
1788923884.6488445,0.012817742948163466
1788923884.6990044,0.012805760285845453
1788923884.7489705,0.012793159403180395
1788923884.7988536,0.01278233021387517
1788923884.8490636,0.012771082525635412
1788923884.8988771,0.012758200938448797
1788923884.9489973,0.012745080942714778
1788923884.9995105,0.012731403584036868
1788923885.0487814,0.012718073869674055
1788923885.0988448,0.012702456179080321
1788923885.1489,0.012688816403850492
1788923885.1987906,0.012672047009755058
1788923885.2488267,0.012657483206352833
1788923885.2988384,0.014373518146239416
1788923885.3488526,0.014393896018793812
1788923885.3990035,0.014415120711413152
1788923885.4488578,0.014433845941252972
1788923885.4989269,0.014451982096663284
1788923885.548857,0.014467857080033892
1788923885.5989025,0.014484912879727307
1788923885.6487963,0.014498526345959942
1788923885.6988072,0.014514519589856776
1788923885.7488596,0.014527762231375613
1788923885.7988367,0.014538975184744082
1788923885.8490229,0.014551660559004623
1788923885.8989916,0.014562334787266647
1788923885.9490018,0.014572298839261345
1788923885.9993467,0.014581419427374166
1788923886.0489156,0.014588226937776047
1788923886.0990226,0.014597457849737946
1788923886.1490388,0.01460384456655112
1788923886.1990216,0.0146085087308616
1788923886.2490149,0.014614793612384911
1788923886.2990708,0.014617961811989696
1788923886.3490176,0.014622430092417834
1788923886.3988714,0.014625197254517202
1788923886.4491155,0.01462826815031715
1788923886.4990118,0.014629026541453757
1788923886.5488453,0.014630594353993354
1788923886.599035,0.014630628915524552
1788923886.6488535,0.014630208521394324
1788923886.698872,0.01462904999565325
1788923886.748872,0.014627648866477676
1788923886.7988102,0.014624044098485769
1788923886.8488011,0.014621039355015159
1788923886.8987794,0.014617194869308639
1788923886.9488907,0.014613676663467247
1788923886.998853,0.014609354985868458
1788923887.0490158,0.014603249699181517
1788923887.0991583,0.014595471292340415
1788923887.1488721,0.014590526419291231
1788923887.1990633,0.014582806694714638
1788923887.2490954,0.014575409934481755
1788923887.2989974,0.014567048584846469
1788923887.3490157,0.01455828224578561
1788923887.3990397,0.014548174377367839
1788923887.448995,0.014537074003740236
1788923887.4988735,0.014527160529598366
1788923887.5489082,0.014517255075020791
1788923887.5987759,0.01450631398305808
1788923887.6490016,0.014494907517773653
1788923887.6988244,0.014480735468521036
1788923887.7489862,0.014467327673819311
1788923887.7988772,0.014455318247950015
1788923887.8490362,0.014441598129214552
1788923887.899025,0.014427349971998637
1788923887.9493623,0.014413459565205382
1788923887.9989145,0.014397516223537746
1788923888.0490398,0.014382933372295615
1788923888.0987873,0.014367043497723907
1788923888.1490247,0.014351097337733142
1788923888.1989174,0.014334009524983211
1788923888.2489974,0.014316693965565671
1788923888.299004,0.016032813611670985
1788923888.3490798,0.016056564327725557
1788923888.3990033,0.016078444596299632
1788923888.4490345,0.01610013159784017
1788923888.4988885,0.016120523219736414
1788923888.5490289,0.016139777760258007
1788923888.5997908,0.016157438831048636
1788923888.648818,0.01617498904679188
1788923888.6988385,0.016191026830059758
1788923888.748923,0.01620617418169837
1788923888.7990422,0.016219282449491886
1788923888.849025,0.016233488027632352
1788923888.8997645,0.016245377364270123
1788923888.9490445,0.016256388409501665
1788923888.9989018,0.016267058880197416
1788923889.0497568,0.016276892703907524
1788923889.0990198,0.016285184088251466
1788923889.1490479,0.016293187068788805
1788923889.2000673,0.016299746237377146
1788923889.2488408,0.016305747188222676
1788923889.2988942,0.01631101413039701
1788923889.3488317,0.016314935171194384
1788923889.3991365,0.01631888452778732
1788923889.4488668,0.016321788065630605
1788923889.498987,0.016323251360702635
1788923889.5489721,0.01632455807360461
1788923889.599629,0.016324791340538138
1788923889.649203,0.016324917709150993
1788923889.6996956,0.016323484092989896
1788923889.7489843,0.016321728153338894
1788923889.7998295,0.016319419182645428
1788923889.8489223,0.01631605923927582
1788923889.8997986,0.016311511339092394
1788923889.9490294,0.01630739657438801
1788923889.9989831,0.016301925511099866
1788923890.049724,0.01629617415164127
1788923890.0989037,0.0162895619003991
1788923890.1492243,0.01628258976757447
1788923890.199702,0.016274603009712875
1788923890.2489262,0.016265708893816257
1788923890.2988765,0.016256542701578083
1788923890.3488436,0.01624678017458493
1788923890.3989966,0.016236408223811567
1788923890.4488382,0.01622570077836553
1788923890.498825,0.016214359335866943
1788923890.5489213,0.01620207839153837
1788923890.598809,0.016190240300229274
1788923890.6489024,0.016177012401073405
1788923890.6987655,0.016163019431542157
1788923890.7490351,0.016148526019113013
1788923890.7995205,0.016134327738206666
1788923890.8496306,0.016118502338340026
1788923890.8996484,0.01610370958709884
1788923890.9488595,0.01608731487973735
1788923890.9988945,0.01607071570239018
1788923891.0495389,0.01605338829618897
1788923891.0990388,0.016035831616792475
1788923891.1488566,0.016018215427177254
1788923891.1992822,0.015999771577802004
1788923891.2489796,0.01598037743785754
1788923891.2989218,0.01769690174210983
1788923891.3490002,0.01772295543177379
1788923891.3990073,0.017747962045849667
1788923891.4492126,0.01777176065692438
1788923891.4995322,0.01779449164981257
1788923891.5495894,0.01781596357530354
1788923891.5990415,0.017836068296378228
1788923891.6490352,0.017855173157474286
1788923891.6988525,0.01787320584387819
1788923891.748886,0.017890115712236337
1788923891.798932,0.017905947109889398
1788923891.8488648,0.017920734857541514
1788923891.8989701,0.017934622408546992
1788923891.948865,0.017947186318734168
1788923891.9989684,0.01795881932432051
1788923892.0489872,0.017969476083954314
1788923892.0989778,0.017979101362502494
1788923892.1487827,0.017987952006867376
1788923892.1988885,0.01799568003988732
1788923892.2496665,0.018002501074224606
1788923892.3002667,0.018008277669207724
1788923892.3490021,0.01801334932222899
1788923892.398999,0.01801728876613368
1788923892.4488804,0.018020556262011794
1788923892.4993432,0.01802283142326085
1788923892.5496185,0.01802433982505821
1788923892.5987637,0.018024902697767825
1788923892.649003,0.018024628201376455
1788923892.699166,0.018023601066214385
1788923892.7495904,0.018021862579328106
1788923892.799225,0.018019077017229365
1788923892.8488443,0.018015796967908174
1788923892.8996944,0.018011567637872594
1788923892.9489748,0.018006734969254628
1788923892.9990273,0.018000833389188592
1788923893.049033,0.017994368980626056
1788923893.0995746,0.017987225785063093
1788923893.1496272,0.01797938669211232
1788923893.1989717,0.017970828027972483
1788923893.2488759,0.017961675506347485
1788923893.299659,0.017951744663654536
1788923893.3489697,0.017941149896249307
1788923893.3994033,0.017929831929178554
1788923893.44977,0.01791796569593941
1788923893.4997108,0.017905569087660802
1788923893.5487697,0.017892417568309334
1788923893.5989065,0.017878650308557648
1788923893.6488786,0.01786429490797099
1788923893.6990547,0.017849427346610193
1788923893.7490604,0.01783382492006034
1788923893.799241,0.017817762408174165
1788923893.8488517,0.017801231119412408
1788923893.898974,0.01778391972416066
1788923893.9489062,0.01776614803595539
1788923893.9989917,0.017747889511943515
1788923894.048919,0.017729141600887042
1788923894.0989957,0.017709845496885628
1788923894.1490147,0.017690030072119157
1788923894.1988704,0.017669681961598
1788923894.2489002,0.01764903260708149
1788923894.2994406,0.019365382689297272
1788923894.348833,0.019395059221014775
1788923894.3989651,0.019421777532662495
1788923894.4490314,0.019447547717984986
1788923894.4988298,0.019472883064798607
1788923894.548909,0.01949636480230639
1788923894.5992439,0.019518717456030982
1788923894.6489182,0.019539969292041708
1788923894.6988459,0.019559698192557675
1788923894.749011,0.019578352975355838
1788923894.7996457,0.01959594165228988
1788923894.8491075,0.019613173860951356
1788923894.8990219,0.0196275109220455
1788923894.9490128,0.019641563319293495
1788923894.9987853,0.019654401083884356
1788923895.049019,0.019666071966285063
1788923895.0990274,0.01967712037751045
1788923895.1493762,0.019686825311167493
1788923895.1990407,0.01969544785992906
1788923895.2489035,0.01970306072286174
1788923895.2990303,0.019709623550006942
1788923895.3490453,0.019715802609178143
1788923895.3990242,0.01971980795738439
1788923895.4490292,0.019723490966897326
1788923895.4990628,0.019726150176754668
1788923895.549002,0.019727902915159176
1788923895.5990472,0.01972886236892685
1788923895.6490376,0.01972886588922571
1788923895.6989715,0.019727284738924728
1788923895.7489462,0.019726668340118804
1788923895.7991667,0.019722620133678058
1788923895.8490076,0.01971932228086332
1788923895.8988476,0.01971485294298794
1788923895.949067,0.01970951179918129
1788923895.9995651,0.019703473800112285
1788923896.0489662,0.019697612218497303
1788923896.0996685,0.019688780143683915
1788923896.1490297,0.01968017079960805
1788923896.1990397,0.01967108349615376
1788923896.2494411,0.019661078940944855
1788923896.2989986,0.019650469141053045
1788923896.3488448,0.01963934767666178
1788923896.4008138,0.019627236640968337
1788923896.4489455,0.01961355062030399
1788923896.4988692,0.019600296513293747
1788923896.549503,0.019586008595576805
1788923896.5990107,0.019570873762442573
1788923896.64901,0.01955552474853076
1788923896.6989982,0.019539274520220164
1788923896.7489848,0.019522509917729306
1788923896.7990246,0.019504911057117467
1788923896.848996,0.019486828535993653
1788923896.898998,0.019468213314878646
1788923896.9488864,0.01944878363618394
1788923896.9990728,0.01942885118146951
1788923897.0496862,0.01940846920682993
1788923897.098999,0.01938763374387153
1788923897.1490488,0.019365621031222045
1788923897.198856,0.019343719863729583
1788923897.2490103,0.01932074478980431
1788923897.299006,0.021037452028372455
1788923897.34901,0.021069228318803684
1788923897.3990443,0.021099322109931058
1788923897.4489543,0.0211273734990905
1788923897.4990141,0.021154628872178394
1788923897.5490172,0.021180845509547002
1788923897.5990007,0.021205157095658952
1788923897.649169,0.021228262676897935
1788923897.6990004,0.021249500824876765
1788923897.748995,0.021270497936466664
1788923897.799005,0.021289586335142295
1788923897.8490098,0.021307786985829795
1788923897.899046,0.02132428877554336
1788923897.9489958,0.02133973869709382
1788923897.999009,0.021353874296308084
1788923898.0490665,0.02136633557701814
1788923898.099082,0.021378906383224445
1788923898.1490037,0.02138933664921558
1788923898.1989937,0.021398897735809393
1788923898.2489893,0.02140697054888512
1788923898.299002,0.021414558168113853
1788923898.349685,0.021420327843950534
1788923898.3989334,0.021426233803112378
1788923898.4489985,0.021429832249945775
1788923898.499269,0.021432954580521874
1788923898.5488636,0.02143557349966709
1788923898.5995283,0.0214357567529102
1788923898.6495545,0.021436254916694476
1788923898.699003,0.021435163043154282
1788923898.7488606,0.021433134342528148
1788923898.7989995,0.021430048209026043
1788923898.8490398,0.02142660106003061
1788923898.898978,0.02142171127157109
1788923898.9493062,0.021416012667815745
1788923898.9989989,0.021409006476201618
1788923899.0488913,0.021401995277033858
1788923899.0990872,0.02139365241896348
1788923899.1491122,0.021384834827590227
1788923899.1996114,0.02137465149902471
1788923899.249002,0.021364275358310005
1788923899.2989986,0.021352446082999244
1788923899.349348,0.021340080387990665
1788923899.3990698,0.02132643715191295
1788923899.4490309,0.021313148859443954
1788923899.4989972,0.021298194459588558
1788923899.549071,0.021283323782396342
1788923899.5989914,0.021266946832355933
1788923899.6489913,0.021249869075823633
1788923899.6990612,0.021232468634975705
1788923899.748834,0.021214641665692945
1788923899.7989976,0.021195351980800508
1788923899.8488662,0.021175708705212605
1788923899.8990033,0.021155519560629363
1788923899.9490964,0.021134981194690868
1788923899.999007,0.02111304402215911
1788923900.049153,0.02109119381170633
1788923900.0989897,0.021068168227248735
1788923900.1490457,0.021044836297988985
1788923900.198937,0.021020777856095626
1788923900.2488668,0.02099627458656632
1788923900.2990217,0.022712868575212847
1788923900.348997,0.022746353695851342
1788923900.399002,0.02277904652915994
1788923900.4495525,0.022810724222835376
1788923900.4990013,0.022840229368382453
1788923900.5489671,0.022868075077961243
1788923900.5990162,0.02289489812790081
1788923900.64885,0.022920136093419544
1788923900.6988478,0.022942197409198575
1788923900.748921,0.022965129152934867
1788923900.7989116,0.02298567541491066
1788923900.8488498,0.023005781052239452
1788923900.8999152,0.023023540426544788
1788923900.9488983,0.023043138012183034
1788923900.9988601,0.023056234735503688
1788923901.0490682,0.02306986777054189
1788923901.0989428,0.02308345603586564
1788923901.14954,0.02309482721513618
1788923901.19905,0.023105697978116964
1788923901.249101,0.023114475722297616
1788923901.2989836,0.023121637283850208
1788923901.3490286,0.023128331842866497
1788923901.399058,0.023134951538716655
1788923901.4490142,0.02313854172916381
1788923901.4989798,0.02314195226338933
1788923901.5490139,0.023144976990047597
1788923901.5988777,0.023145398676397096
1788923901.6497862,0.023146302919850082
1788923901.699076,0.02314679980940277
1788923901.748894,0.023144573263558604
1788923901.7996087,0.023140147510248458
1788923901.849015,0.023140274746580147
1788923901.8990793,0.023130291457164914
1788923901.948988,0.023125216478316394
1788923901.9988935,0.02311814691174236
1788923902.0489876,0.02311090990577129
1788923902.0990322,0.023101580062975278
1788923902.149043,0.023092196687285415
1788923902.199083,0.023080994203429565
1788923902.249239,0.023069688659704685
1788923902.2989764,0.02305749312841956
1788923902.349051,0.0230429737301025
1788923902.3992474,0.02302996603283098
1788923902.4490595,0.02301391132878266
1788923902.4988322,0.022998143985909037
1788923902.54883,0.02298227497970239
1788923902.5989835,0.022964877387019043
1788923902.649081,0.02294710449599564
1788923902.6990283,0.022928544497454822
1788923902.748957,0.02290861932956335
1788923902.7991138,0.022887727561580737
1788923902.8488994,0.022867201504093423
1788923902.8990343,0.02284515486447363
1788923902.94902,0.02282292993389206
1788923902.999002,0.02280035559370033
1788923903.048913,0.022775804143243324
1788923903.0990603,0.022751479488798406
1788923903.1490147,0.022726476539599198
1788923903.1988728,0.022700324465263093
1788923903.2489345,0.022673956604045965
1788923903.299016,0.02438986151735504
1788923903.349261,0.02442738109204861
1788923903.3990903,0.024462465924741498
1788923903.4488995,0.024495989363904448
1788923903.4988134,0.024527428754004606
1788923903.5488663,0.024556797238987182
1788923903.59899,0.02458644708906205
1788923903.6488044,0.024613561102657278
1788923903.6988082,0.02463846260932784
1788923903.7489815,0.02466292254504239
1788923903.799004,0.02468487636491681
1788923903.84899,0.024706561708796936
1788923903.8988593,0.02472644477480906
1788923903.948917,0.024743670418650675
1788923903.999036,0.02476062564697072
1788923904.0489926,0.02478004116265728
1788923904.098955,0.02478997326605347
1788923904.1492894,0.024802656274365006
1788923904.1990063,0.024814406317488033
1788923904.2489693,0.024824524242364227
1788923904.2989528,0.024832262069055235
1788923904.3493135,0.024839517733688643
1788923904.3993056,0.024845903359868002
1788923904.4488573,0.024850801474664515
1788923904.4992287,0.02485395021620706
1788923904.549011,0.02485835533194819
1788923904.5992646,0.024858327561498413
1788923904.6490138,0.024859029089545476
1788923904.698963,0.0248576846324332
1788923904.7489614,0.024858013527341155
1788923904.7989917,0.024851894871905436
1788923904.848995,0.024848115025274984
1788923904.8990226,0.024843039063044234
1788923904.9488428,0.024836383204805926
1788923904.9990375,0.024829043373712546
1788923905.0488327,0.02482060258465162
1788923905.0989041,0.024810984674403534
1788923905.148972,0.024800137427822885
1788923905.1991043,0.02478952470013672
1788923905.2493765,0.024777551321897295
1788923905.2989764,0.024764868702522008
1788923905.349294,0.024749838085514772
1788923905.3989937,0.024733946507072117
1788923905.4490035,0.024719274249260976
1788923905.4993699,0.024701905508772562
1788923905.5490577,0.02468628989619401
1788923905.5989566,0.024665633690949037
1788923905.6487908,0.024646103009251383
1788923905.6990218,0.024625459351758496
1788923905.7488227,0.024604610458655706
1788923905.7988112,0.02458198921330073
1788923905.8488429,0.02455960006668859
1788923905.8988652,0.024536341391314137
1788923905.9488766,0.024512351746682943
1788923905.9988549,0.02448789262795975
1788923906.0488722,0.024462251058515627
1788923906.0988362,0.02443583930644564
1788923906.1487346,0.02440848249263187
1788923906.19881,0.024381348601272293
1788923906.2488444,0.02435274350205178
1788923906.2988827,0.04307121047323704
1788923906.3488119,0.043119122316861255
1788923906.3988261,0.04316278958450796
1788923906.449038,0.04320506431153959
1788923906.4987445,0.043246847317596475
1788923906.5490203,0.043283915375282055
1788923906.5988927,0.04331832691834836
1788923906.6489859,0.04335175575758308
1788923906.6988568,0.043382281959370037
1788923906.7489882,0.04340945947311951
1788923906.7989917,0.04343286987451042
1788923906.8493433,0.04345716265604602
1788923906.8987904,0.0434771071651026
1788923906.9490163,0.04349386796507687
1788923906.9989667,0.04350853987801054
1788923907.0496411,0.04352556915914471
1788923907.0988078,0.04353445037476709
1788923907.149025,0.04354534745589262
1788923907.199281,0.0435524153048148
1788923907.2490172,0.043555622881118215
1788923907.2994416,0.04356001119040514
1788923907.349026,0.04356526107289412
1788923907.3989584,0.04355975244799431
1788923907.4488728,0.04355447507127627
1788923907.4988658,0.04355124729942059
1788923907.5493119,0.043541540611411786
1788923907.598916,0.043536427000961976
1788923907.6490219,0.04352562868915508
1788923907.6993833,0.04351327180544122
1788923907.7497754,0.043500992590957736
1788923907.8000498,0.043480273500156257
1788923907.8490787,0.04346330882129685
1788923907.8991132,0.04344374239309814
1788923907.9494495,0.043425388719976615
1788923907.9997926,0.043402249142604495
1788923908.0492823,0.043380026360788554
1788923908.099182,0.043360446496401694
1788923908.1495233,0.04332204631400624
1788923908.1994028,0.043294634879742784
1788923908.2489018,0.043272703452336005
1788923908.299084,0.04323271598615739
1788923908.3496294,0.04319990185358127
1788923908.399391,0.04316378706646933
1788923908.4490192,0.043129442068704
1788923908.4997015,0.04309252875389888
1788923908.5491457,0.04306188333525465
1788923908.5988667,0.0430100015830552
1788923908.6490097,0.042974279226835665
1788923908.6991074,0.04292701935809139
1788923908.7496736,0.042891544043731016
1788923908.799289,0.04283415561277148
1788923908.8494897,0.042791766286390476
1788923908.8992913,0.04274072480494315
1788923908.9488966,0.042694825058625555
1788923908.9988468,0.04264068414149955
1788923909.0493612,0.04258908137058543
1788923909.0992346,0.04253941860406159
1788923909.1490147,0.04248638062770347
1788923909.1990914,0.0424275375753217
1788923909.2490308,0.042374404850120326
1788923909.2988229,0.03941267213130259
1788923909.3492808,0.03946047502225346
1788923909.3996146,0.039520666724599196
1788923909.44955,0.03956042641442813
1788923909.4989967,0.03960460132119877
1788923909.5497422,0.0396513175628723
1788923909.5990849,0.039690086819052735
1788923909.6488614,0.03973577400794002
1788923909.6989856,0.03976553890287952
1788923909.7490113,0.03979812113667342
1788923909.7990115,0.039836338890795187
1788923909.8490112,0.039859191268203975
1788923909.899804,0.03988509774903419
1788923909.9490712,0.039906583542415004
1788923909.9995155,0.039931843427127994
1788923910.0489626,0.03995611160721363
1788923910.0994558,0.039966959213568194
1788923910.1492782,0.03999049643770385
1788923910.1994193,0.04000704179829393
1788923910.2491117,0.040017449881626165
1788923910.299276,0.04001984572384294
1788923910.3490098,0.04002785531727872
1788923910.3992846,0.040033390441345365
1788923910.449028,0.04004542079121047
1788923910.4990304,0.04003914835818488
1788923910.5492878,0.04003934554496175
1788923910.5990057,0.040036662851814134
1788923910.649445,0.040034125239893595
1788923910.6994214,0.04002990909918856
1788923910.749274,0.04002172527098207
1788923910.7990203,0.0400171205715443
1788923910.8492982,0.04000326996616154
1788923910.899111,0.039992583720897965
1788923910.9490006,0.03997758410728869
1788923910.9995065,0.03996244711926374
1788923911.049009,0.039953839270530755
1788923911.0995016,0.03992851633865239
1788923911.1492958,0.03990485037621883
1788923911.1992924,0.03989115480809993
1788923911.2492697,0.03986268150340786
1788923911.2992656,0.03984063170938248
1788923911.3492882,0.03981804340364933
1788923911.399277,0.03978421915393489
1788923911.4495058,0.039761063504643014
1788923911.499943,0.03972882261855965
1788923911.549413,0.039701450335238184
1788923911.598995,0.0396640893292583
1788923911.6492536,0.039630897378519804
1788923911.699402,0.039596240839066314
1788923911.7496548,0.0395602533111108
1788923911.7992334,0.039522676205253376
1788923911.8497515,0.039485685048555916
1788923911.8993065,0.03944394020625006
1788923911.9492898,0.03940429872242696
1788923911.9993598,0.03935700238606263
1788923912.0489922,0.039317629234317815
1788923912.0994024,0.0392703690738099
1788923912.1492562,0.03923511704423207
1788923912.1995192,0.03917765268493557
1788923912.2493572,0.0391381635971035
1788923912.2990124,0.03617088698874978
1788923912.3487947,0.03622614808009252
1788923912.3992364,0.036277396518305034
1788923912.449204,0.036338573080839175
1788923912.4992676,0.03637134576390577
1788923912.5490303,0.036422187199333114
1788923912.5990083,0.0364611332913185
1788923912.6488063,0.0364971140277262
1788923912.6988468,0.03653557509242324
1788923912.7496793,0.036567651241550085
1788923912.7993422,0.0366061438728248
1788923912.849327,0.03663819022312221
1788923912.898988,0.036663070436708606
1788923912.9489927,0.03668675041699953
1788923912.9994195,0.036709344692674305
1788923913.0492892,0.03673560968441842
1788923913.0994525,0.03675123388172048
1788923913.1494448,0.0367849801194647
1788923913.1990051,0.03678544540876233
1788923913.2495818,0.03680164627802755
1788923913.2991178,0.03681476189177444
1788923913.349264,0.036837211561113484
1788923913.3992758,0.03683177920473052
1788923913.449507,0.03684664884000389
1788923913.499051,0.036849165588581444
1788923913.5490248,0.03684790685141111
1788923913.5989451,0.03684958561858011
1788923913.6498806,0.036850468195145265
1788923913.6993723,0.03684823965446354
1788923913.749538,0.036848392092538346
1788923913.7992392,0.036840174630394164
1788923913.849101,0.036836876553303054
1788923913.899041,0.03683142168481763
1788923913.9490514,0.03681155883960294
1788923913.9991097,0.036803211297699395
1788923914.0494907,0.03678892279553224
1788923914.099663,0.03677726839086821
1788923914.149879,0.036764593748072665
1788923914.199699,0.03674460322782928
1788923914.24911,0.03672492772885152
1788923914.299196,0.03670598896129863
1788923914.3493197,0.03668650414887062
1788923914.3990657,0.03666190756473571
1788923914.449083,0.03663759112750481
1788923914.4993436,0.036613332914574616
1788923914.5490024,0.03659122838390288
1788923914.5992532,0.03655872588806687
1788923914.6493187,0.03653347200891001
1788923914.6995897,0.03649725562743917
1788923914.7494285,0.03647050926775282
1788923914.7993,0.03643505188995558
1788923914.8492944,0.03640757591234695
1788923914.899877,0.036365631729706145
1788923914.9494145,0.036336490254753856
1788923914.9990475,0.03629119131426467
1788923915.0492454,0.0362574371315476
1788923915.099431,0.03621880688330953
1788923915.1491616,0.036190080780737335
1788923915.1995401,0.036136029288546354
1788923915.2495365,0.03610691859088684
1788923915.299295,0.033135371760800766
1788923915.348827,0.03319482764291341
1788923915.3992043,0.03323673340624896
1788923915.4492843,0.03328783032291868
1788923915.4991844,0.033331364014944354
1788923915.549278,0.033376945092570345
1788923915.5989802,0.03341073609376464
1788923915.6489754,0.03345104315455338
1788923915.6988533,0.03348657319456796
1788923915.7492075,0.033518834167112634
1788923915.7990384,0.03355184565109332
1788923915.8495722,0.033592858375019456
1788923915.8992362,0.03360843498576861
1788923915.9491181,0.03364121035943708
1788923915.9993382,0.033660645247240044
1788923916.0490005,0.03369435633800569
1788923916.0986874,0.03370166265023862
1788923916.1493027,0.033718671023891075
1788923916.198958,0.03373802835103299
1788923916.249013,0.03375942437693968
1788923916.2989988,0.0337640808268654
1788923916.3489988,0.03377521815378812
1788923916.3990517,0.03378461990783807
1788923916.4490204,0.033790022143482104
1788923916.4988587,0.033798857332096956
1788923916.549001,0.03380359147777214
1788923916.5989876,0.03380639385832922
1788923916.648911,0.03380911397687319
1788923916.699362,0.03380349560282124
1788923916.749033,0.03380438981119632
1788923916.7990324,0.03380255769229379
1788923916.8490167,0.03379891610905305
1788923916.8988507,0.03379133707666241
1788923916.9490263,0.03378398890040213
1788923916.9988453,0.03377632213959006
1788923917.04898,0.03376469384252997
1788923917.098924,0.033753083353600284
1788923917.1488655,0.033741627014408644
1788923917.1997602,0.033721065520881055
1788923917.24897,0.03371109431856379
1788923917.2990718,0.033692332372769106
1788923917.349042,0.03367364639190224
1788923917.399025,0.03365480249388779
1788923917.449005,0.033636970806512255
1788923917.4989786,0.033612213561395564
1788923917.5490506,0.03359082299738961
1788923917.599116,0.03356442826555786
1788923917.6490076,0.033538384277455445
1788923917.699313,0.03350982133438117
1788923917.7492802,0.03349589175490819
1788923917.7991338,0.033457053263046606
1788923917.848972,0.03343081491086887
1788923917.8990133,0.033394141320390466
1788923917.9489949,0.03336332825728732
1788923917.9990444,0.033330602427194336
1788923918.0489943,0.0332970918682354
1788923918.0990257,0.03325949232561405
1788923918.1491055,0.03323586929148201
1788923918.1989825,0.0331893106522885
1788923918.2489724,0.033150656124983816
1788923918.2989998,0.03019743296527199
1788923918.3489919,0.030245687151400268
1788923918.3988194,0.03029092812687025
1788923918.4489896,0.030333411437356118
1788923918.4988463,0.030373536525847896
1788923918.5490131,0.030416729110784656
1788923918.5990365,0.03045384108297487
1788923918.648964,0.0304865077217629
1788923918.6988516,0.030522820690324536
1788923918.7490463,0.03055542826399911
1788923918.7989824,0.03058446956248654
1788923918.849013,0.03061069437368253
1788923918.8988514,0.030639760923272415
1788923918.9490366,0.0306643619366229
1788923918.9989889,0.030684373418402987
1788923919.0488906,0.030709785476052732
1788923919.0990293,0.03072617112792788
1788923919.149005,0.030741240226091173
1788923919.199097,0.03076049973827831
1788923919.2489932,0.030775327180115775
1788923919.2988002,0.030783779385416224
1788923919.3493047,0.030794838117948867
1788923919.3989923,0.030805694889114246
1788923919.4488938,0.030813370133666817
1788923919.499075,0.030818294377332155
1788923919.5488646,0.030827748627554948
1788923919.5990329,0.03082911346937883
1788923919.649105,0.03083230611678482
1788923919.6992903,0.03083306699097535
1788923919.7488294,0.03083901212300391
1788923919.7988756,0.03082667544897848
1788923919.8488564,0.03082293856711063
1788923919.8996258,0.030818510815113484
1788923919.9490163,0.03081768676302842
1788923919.9990044,0.03080955205413197
1788923920.049114,0.030804441584087985
1788923920.0992088,0.030788675341907684
1788923920.1491547,0.030774397060824302
1788923920.1990976,0.03076686785204589
1788923920.2499056,0.030753546632918072
1788923920.2990186,0.030734794103610612
1788923920.3491237,0.030719203239964982
1788923920.399126,0.030702923475539885
1788923920.4489145,0.030688399867311665
1788923920.4990685,0.03066362309286707
1788923920.54929,0.030644504378675632
1788923920.5989559,0.030623495049254486
1788923920.6490822,0.06
1788923920.698991,0.060000000000000005
1788923920.7491205,0.06
1788923920.798999,0.060000000000000005
1788923920.8490255,0.060000000000000005
1788923920.8992817,0.06
1788923920.9490032,0.05999999999999999
1788923920.9990475,0.060000000000000005
1788923921.0495155,0.059999999999999984
1788923921.0991476,0.060000000000000005
1788923921.1490033,0.05999999999999999
1788923921.199269,0.06
1788923921.2490895,0.06
1788923921.2996123,0.05999999999999999
1788923921.348997,0.06
1788923921.39878,0.05999999999999999
1788923921.4496658,0.06
1788923921.4990313,0.060000000000000005
1788923921.549028,0.05999999999999999
1788923921.5992885,0.06
1788923921.6489508,0.05999999999999999
1788923921.6989148,0.06
1788923921.7492254,0.06
1788923921.7990558,0.06
1788923921.8493,0.06
1788923921.898995,0.06
1788923921.94902,0.06
1788923921.9992917,0.06
1788923922.0492463,0.05999999999999999
1788923922.0992641,0.06
1788923922.1492822,0.060000000000000005
1788923922.1992714,0.060000000000000005
1788923922.2489202,0.06
1788923922.2993872,0.05999999999999999
1788923922.3490527,0.06
1788923922.398834,0.06
1788923922.44904,0.05996265929261862
1788923922.4992497,0.05895530558169687
1788923922.549288,0.05796910824088668
1788923922.5989904,0.056994757160310265
1788923922.6490088,0.0560383742600668
1788923922.6989884,0.05509711657270587
1788923922.749049,0.05417057629452286
1788923922.799008,0.053259294184987885
1788923922.8490233,0.05236215077973359
1788923922.8990467,0.0514792786776188
1788923922.9490292,0.050610216551669446
1788923922.9990072,0.04975551226430889
1788923923.0489674,0.04891433803150352
1788923923.0991397,0.04808633487705925
1788923923.1488037,0.04727202272534981
1788923923.1990886,0.046470552248070375
1788923923.249012,0.045683482400126506
1788923923.2994463,0.04490866218175348
1788923923.3491428,0.04414783121878481
1788923923.3991385,0.04339841318840176
1788923923.4490347,0.04266269358042549
1788923923.4996974,0.04193992535513685
1788923923.5490098,0.04123125799619122
1788923923.599019,0.0405333498808368
1788923923.6492765,0.03984873904085091
1788923923.6990056,0.03917852028080045
1788923923.7488623,0.03852078149425073
1788923923.7990446,0.03787481695628573
1788923923.8494356,0.03724326107440218
1788923923.8996186,0.03662462052494572
1788923923.9489124,0.036019800595803404
1788923923.9990246,0.03542547065902369
1788923924.049771,0.0348475328434079
1788923924.0990713,0.03428157746497705
1788923924.148876,0.033729018780860764
1788923924.198852,0.03318991787300924
1788923924.249022,0.0326648794315638
1788923924.2989366,0.03152446767817506
1788923924.3492708,0.031030061556393183
1788923924.3996606,0.030550397892126012
1788923924.4488983,0.03008595769404468
1788923924.498967,0.029632775572921755
1788923924.5492756,0.02919804714097307
1788923924.5992997,0.028775752189602415
1788923924.6489503,0.02837007229460314
1788923924.6989055,0.027976887580344098
1788923924.7492878,0.02760008844607856
1788923924.7989583,0.027240138437974185
1788923924.8490162,0.026893643219999548
1788923924.899014,0.02656365803465475
1788923924.949008,0.026249448391803792
1788923924.9992814,0.02595107036027098
1788923925.0489256,0.02567007328479171
1788923925.099267,0.02540601577451252
1788923925.1496212,0.025152925845724722
1788923925.198928,0.024917016917444103
1788923925.2490115,0.024701773267412727
1788923925.2990246,0.024497483194592905
1788923925.3490074,0.024311962542365992
1788923925.399775,0.024142750001202987
1788923925.4494402,0.02398980519227195
1788923925.4993167,0.023850648840203936
1788923925.54958,0.023731581409751193
1788923925.5996554,0.023623764695270152
1788923925.6492703,0.023535712701997284
1788923925.6988285,0.023458334115177816
1788923925.7493508,0.02339981895816391
1788923925.799307,0.023355842517397776
1788923925.84882,0.023327256262835227
1788923925.8994207,0.02331040782313089
1788923925.9487987,0.023311092626249797
1788923925.999003,0.023322467254068776
1788923926.0490777,0.023348554635271655
1788923926.0995371,0.023388884507230475
1788923926.1490455,0.023440823965041085
1788923926.198823,0.02350589845612675
1788923926.2488728,0.02358244702476473
1788923926.2990506,0.0236712534382263
1788923926.3490129,0.023772469959182856
1788923926.399026,0.02388417418771458
1788923926.4492946,0.02400561472857316
1788923926.4989588,0.024133652090308846
1788923926.5490067,0.024262348506963197
1788923926.5990226,0.02439022097922174
1788923926.648811,0.024517937347715915
1788923926.699283,0.024644862734898874
1788923926.7492344,0.024773643984292618
1788923926.7990022,0.024898750074917153
1788923926.8490148,0.02502426510836994
1788923926.8992794,0.025150037942063636
1788923926.9489908,0.02527592417406367
1788923926.9993498,0.025400594299183888
1788923927.0490801,0.025526347997049413
1788923927.0992768,0.025650024398408525
1788923927.149016,0.02577440734192161
1788923927.1995063,0.025896863945364678
1788923927.2488494,0.02602464679069293
1788923927.2995856,0.02531827687833038
1788923927.3492677,0.025455392679806572
1788923927.3990953,0.025588331111021764
1788923927.449231,0.025722061641808378
1788923927.499102,0.025854669921117183
1788923927.5490773,0.02598824194410159
1788923927.599576,0.026121453046283806
1788923927.6489599,0.026255476565684756
1788923927.6990042,0.026385713291851638
1788923927.749006,0.02651677599417749
1788923927.7990627,0.026647825409927814
1788923927.849223,0.0267781232172676
1788923927.899018,0.0269087602920154
1788923927.949008,0.02703799976728402
1788923927.9990294,0.027167038992494154
1788923928.049003,0.02730042963057172
1788923928.0990295,0.027423972404468613
1788923928.1492307,0.027552533949418274
1788923928.1989589,0.027679585115058133
1788923928.2494993,0.02780687356543049
1788923928.2990181,0.027934828244164062
1788923928.3490767,0.0280615494349115
1788923928.3994422,0.0281851527833794
1788923928.4496446,0.0283109244592131
1788923928.4995575,0.028436411739871662
1788923928.5493214,0.028562552457404952
1788923928.5989366,0.028685240650410462
1788923928.649389,0.028809178567096406
1788923928.6988528,0.02893276775458884
1788923928.7490525,0.029057158041700445
1788923928.7990332,0.029178849771922234
1788923928.849172,0.029301200876553687
1788923928.8991601,0.029423837491215948
1788923928.9490054,0.029545389038297797
1788923928.9995418,0.02966630282307809
1788923929.049245,0.029788713419396744
1788923929.0989165,0.0299126176137129
1788923929.1492748,0.03002748078041728
1788923929.1996727,0.030147673039075847
1788923929.2488348,0.03026680021721019
1788923929.2989984,0.030384454804631412
1788923929.3490922,0.030504352226566132
1788923929.3992255,0.03062583947069398
1788923929.4495485,0.03074087751372881
1788923929.4989383,0.03085761088613782
1788923929.5491667,0.030975728942882
1788923929.5999143,0.03109505833827005
1788923929.649224,0.031208608729835774
1788923929.699658,0.031323781732878676
1788923929.7491293,0.031440225344407616
1788923929.7989132,0.03155523285759489
1788923929.8491747,0.03166834070993461
1788923929.8989058,0.03178227432285387
1788923929.9488237,0.031897978213187794
1788923929.998774,0.032009379698697896
1788923930.0487585,0.032122531630552086
1788923930.0993001,0.03223498040325421
1788923930.1495395,0.0323491208945652
1788923930.1990707,0.0324603308368368
1788923930.2488713,0.03257197179915053
1788923930.2990155,0.03192721110799761
1788923930.349066,0.032045601187836406
1788923930.3996198,0.03216235290489402
1788923930.4489748,0.03228090569844113
1788923930.4988246,0.032396646999388476
1788923930.548889,0.032511998546579546
1788923930.5990243,0.03262712039921923
1788923930.6488485,0.03274341225975993
1788923930.6988702,0.0328574682802913
1788923930.749105,0.03297128337139462
1788923930.7989023,0.033085332338543744
1788923930.848866,0.03319767926955194
1788923930.898869,0.03331112758908589
1788923930.9489934,0.03342301279525548
1788923930.999023,0.03353504863072649
1788923931.0490026,0.03364564473971212
1788923931.0988533,0.033756900140148385
1788923931.1488783,0.03386576274027892
1788923931.1989753,0.033976477266005424
1788923931.2490535,0.0340860455958576
1788923931.2990165,0.03419495787076147
1788923931.349017,0.03430302350128151
1788923931.3990235,0.03441040743199384
1788923931.4488504,0.034519619517212
1788923931.4988635,0.0346249563804111
1788923931.5490227,0.03473078570158017
1788923931.5994205,0.034837084239585175
1788923931.649542,0.03494225475359649
1788923931.6989756,0.03504702829006202
1788923931.7492945,0.035151385147321
1788923931.798905,0.03525462724004177
1788923931.8493202,0.035358566577300646
1788923931.8990057,0.03546144656054077
1788923931.9490008,0.035563646184947735
1788923931.9990034,0.03566543616577721
1788923932.0488925,0.03576677404930807
1788923932.0990472,0.03586788508299365
1788923932.1490574,0.03596788097620911
1788923932.1990008,0.036067477553083455
1788923932.2487836,0.0361670082785396
1788923932.298852,0.03626485680959191
1788923932.3491716,0.0363642466180261
1788923932.3990421,0.036461993985494795
1788923932.449008,0.03655916675260504
1788923932.498859,0.03665591104214613
1788923932.5488846,0.03675207102614638
1788923932.598813,0.03684742543154454
1788923932.6489751,0.03694260346004525
1788923932.6992786,0.03703691763227139
1788923932.7489965,0.037133779614656415
1788923932.7987761,0.037225436776352774
1788923932.8488777,0.03731891867561113
1788923932.898997,0.037410722082566045
1788923932.9491978,0.037503242577408086
1788923932.999081,0.06
1788923933.0490127,0.05999999999999999
1788923933.0990038,0.06
1788923933.1491652,0.05999999999999999
1788923933.1988952,0.05999999999999999
1788923933.2490153,0.05999999999999999
1788923933.2990532,0.06
1788923933.3492224,0.05999999999999999
1788923933.3993206,0.06
1788923933.4490452,0.06
1788923933.4995022,0.06
1788923933.54897,0.05999999999999999
1788923933.5990841,0.05999999999999999
1788923933.64899,0.06
1788923933.6988568,0.06
1788923933.7490609,0.06
1788923933.7988367,0.06
1788923933.849003,0.06
1788923933.8990462,0.06
1788923933.9489605,0.06
1788923933.9989717,0.06
1788923934.0490143,0.06
1788923934.098998,0.06
1788923934.1490095,0.05999999999999999
1788923934.1990316,0.06
1788923934.2490203,0.06
1788923934.2988608,0.06
1788923934.3490112,0.05999999999999999
1788923934.3989916,0.06
1788923934.4489715,0.06
1788923934.4990394,0.06
1788923934.5489905,0.06
1788923934.5990083,0.05999999999999999
1788923934.6492739,0.06
1788923934.6989746,0.05999999999999999
1788923934.7490084,0.05999999999999999
1788923934.7989502,0.06
1788923934.8490064,0.06
1788923934.8989918,0.06
1788923934.9490173,0.06
1788923934.9987078,0.059999999999999984
1788923935.0487444,0.06
1788923935.0988882,0.05999999999999999
1788923935.1488607,0.05999999999999999
1788923935.1993325,0.06
1788923935.249074,0.06
1788923935.298838,0.06
1788923935.3490267,0.06
1788923935.399058,0.06
1788923935.4490056,0.06
1788923935.4988363,0.06
1788923935.549064,0.06
1788923935.5990095,0.06
1788923935.6489937,0.06
1788923935.699084,0.05999999999999999
1788923935.7494576,0.06
1788923935.798806,0.06
1788923935.8488114,0.06
1788923935.8988695,0.06
1788923935.9489362,0.06
1788923935.9990518,0.06
1788923936.0493245,0.06
1788923936.0988667,0.05999999999999999
1788923936.14901,0.06
1788923936.1990256,0.05999999999999999
1788923936.2488685,0.06
1788923936.2991633,0.05999999999999999
1788923936.3489134,0.06
1788923936.398855,0.06
1788923936.4489245,0.06
1788923936.4994347,0.06
1788923936.5488944,0.05999999999999999
1788923936.5989056,0.06
1788923936.6488686,0.06
1788923936.698674,0.06
1788923936.7490861,0.06
1788923936.7993085,0.05999999999999999
1788923936.8491867,0.05999999999999999
1788923936.8988676,0.06
1788923936.9491255,0.05999999999999999
1788923936.999235,0.06
1788923937.0493186,0.06
1788923937.0988758,0.06
1788923937.149016,0.06
1788923937.1986997,0.05999999999999999
1788923937.2488873,0.05999999999999999
1788923937.2988265,0.06
1788923937.348851,0.06
1788923937.3989058,0.05999999999999999
1788923937.4490058,0.05999999999999999
1788923937.4993513,0.06
1788923937.54902,0.06
1788923937.5990043,0.06
1788923937.6488578,0.06
1788923937.6989124,0.05999999999999999
1788923937.7492812,0.05999999999999999
1788923937.799388,0.06
1788923937.8490052,0.05999999999999999
1788923937.899037,0.06
1788923937.949035,0.06
1788923937.9989524,0.06
1788923938.049037,0.05999999999999999
1788923938.0990236,0.06
1788923938.1492927,0.06
1788923938.1995668,0.06
1788923938.2492232,0.05999999999999999
1788923938.2997146,0.06
1788923938.3489807,0.05999999999999999
1788923938.3989835,0.05999999999999999
1788923938.4492612,0.06
1788923938.4992285,0.06
1788923938.5493033,0.06
1788923938.5992944,0.06
1788923938.6490626,0.06
1788923938.6989644,0.05999999999999999
1788923938.7493014,0.06
1788923938.799694,0.05999999999999999
1788923938.8490422,0.06
1788923938.8989563,0.05999999999999999
1788923938.948852,0.06
1788923938.998854,0.05999999999999999
1788923939.0497613,0.05999999999999999
1788923939.0992846,0.06
1788923939.1490045,0.05999999999999999
1788923939.1989727,0.06
1788923939.2492888,0.06
1788923939.2991707,0.06
1788923939.3492882,0.05999999999999999
1788923939.3989599,0.05952583441733147
1788923939.4489207,0.058666444175431556
1788923939.4993765,0.057815882209441664
1788923939.5491974,0.05697858505543439
1788923939.5988183,0.056149441068527726
1788923939.6492207,0.05532972542016699
1788923939.6986628,0.054522635730117085
1788923939.749118,0.05372277243457171
1788923939.7989793,0.05294962885725519
1788923939.8490493,0.052164401951786094
1788923939.899006,0.0513991897282251
1788923939.9489758,0.05064316535575145
1788923939.9993622,0.049896827910176265
1788923940.0489619,0.04916819402448407
1788923940.0990038,0.04843531971444317
1788923940.1490076,0.047716839634221346
1788923940.1990223,0.04701296511745311
1788923940.2489893,0.046314458627654334
1788923940.299376,0.04562595439724616
1788923940.34899,0.04494662657204745
1788923940.3990052,0.044276446150200204
1788923940.4489846,0.0436129186823991
1788923940.4989922,0.04296063512590483
1788923940.549013,0.04231906742715997
1788923940.5991108,0.04168168634197944
1788923940.6490066,0.04105787981488663
1788923940.6990194,0.0404390264100237
1788923940.7489738,0.03982894598345065
1788923940.798811,0.03922745671695359
1788923940.8489287,0.03863268982652121
1788923940.8990128,0.03804815801671799
1788923940.948907,0.03747070148773058
1788923940.9994335,0.03690038891435006
1788923941.0491,0.036339012091626655
1788923941.0990105,0.03578534157666208
1788923941.14899,0.03523800312678442
1788923941.198836,0.034698033290572326
1788923941.2490141,0.034168894253398155
1788923941.2989702,0.03364209321774
1788923941.3490686,0.03312499138479369
1788923941.3989537,0.032615281293562635
1788923941.4492698,0.032116226877686053
1788923941.498934,0.031616357174148596
1788923941.5490053,0.031127539300531394
1788923941.599012,0.030644188053040467
1788923941.648897,0.030168667870748695
1788923941.6989949,0.029698662620380643
1788923941.7489853,0.029237093944552983
1788923941.7990143,0.02878042767488473
1788923941.8489246,0.028332994775738647
1788923941.8992338,0.02788885530789374
1788923941.9489937,0.02745222605326525
1788923941.9990067,0.0270232309509531
1788923942.0488818,0.0265977734672656
1788923942.0990634,0.0261769172008835
1788923942.149124,0.025768201354830374
1788923942.1989973,0.02536175386902146
1788923942.2489445,0.024961434150130298
1788923942.2988331,0.022253888053891054
1788923942.3490376,0.021874464453088098
1788923942.3989847,0.021501019319996317
1788923942.449021,0.021132983961031873
1788923942.4988856,0.020769904803257865
1788923942.5490668,0.020412825574178985
1788923942.598838,0.020060319892109827
1788923942.6489286,0.01971229044483859
1788923942.6988802,0.019370882315486768
1788923942.7492526,0.019033527276453844
1788923942.7989638,0.018702666572758653
1788923942.849153,0.018374836795537294
1788923942.8989985,0.018057925675553775
1788923942.9490054,0.01773975829945568
1788923942.999021,0.01742650262955653
1788923943.0488324,0.017120169322302706
1788923943.0990143,0.016821410772814866
1788923943.149013,0.016524813239404867
1788923943.1994238,0.016234111892411793
1788923943.249004,0.015946326940109758
1788923943.29908,0.0156636796114269
1788923943.3490007,0.015386705788722732
1788923943.398973,0.015112269244384339
1788923943.4489715,0.014842062164661628
1788923943.4987648,0.01457944531942612
1788923943.5490074,0.01432118181541278
1788923943.599016,0.014063630280593365
1788923943.6489239,0.01381709330235738
1788923943.6990526,0.013567708722415563
1788923943.7493408,0.013327893777096263
1788923943.7993314,0.013091490447756487
1788923943.848985,0.012854488663081243
1788923943.8990867,0.01262551388606093
1788923943.948981,0.01240513910408356
1788923943.999005,0.012183404825896877
1788923944.0489724,0.011966764881654691
1788923944.0991359,0.011755108890323803
1788923944.1488283,0.011548079866133598
1788923944.198785,0.011340623957944237
1788923944.248727,0.011140003925962675
1788923944.2988636,0.010944061288106276
1788923944.3488731,0.010751977274821987
1788923944.3988686,0.010565337335961928
1788923944.4488516,0.010381483505659761
1788923944.498894,0.01020005244575488
1788923944.5488396,0.010023607546044762
1788923944.5992696,0.009851938538863002
1788923944.6492248,0.009688322106112262
1788923944.699719,0.009533138336888361
1788923944.749109,0.009373842756984208
1788923944.7992768,0.009205109392278686
1788923944.8491497,0.009057525752861522
1788923944.8992712,0.008900962018329638
1788923944.949024,0.008763054794323185
1788923944.999221,0.008627062791870461
1788923945.048891,0.008478013484850097
1788923945.0997074,0.008342305525003082
1788923945.1497176,0.008211928072253181
1788923945.1992764,0.00809331231618284
1788923945.2495582,0.00796499300789871
1788923945.299737,0.004943942725661891
1788923945.3492966,0.004852808768669277
1788923945.3992794,0.0047309703553621504
1788923945.4488087,0.004637480996305759
1788923945.4992406,0.00454233024747678
1788923945.5493152,0.00445835555594105
1788923945.599503,0.004366664909055152
1788923945.6488886,0.004290976624609223
1788923945.6988473,0.004212035686511409
1788923945.7488909,0.004140187550936598
1788923945.7990599,0.004082175084136733
1788923945.8492665,0.0040154911708950814
1788923945.89886,0.0039606372038401665
1788923945.9490912,0.0039048495337530437
1788923945.9990258,0.00386176078981829
1788923946.0490334,0.003821047807456369
1788923946.099277,0.003781023038281062
1788923946.1491272,0.003752084664439637
1788923946.1996796,0.0037204250430726057
1788923946.2498147,0.0037000392977920983
1788923946.2992802,0.0036771048259428233
1788923946.3493636,0.0036668394494858876
1788923946.3992608,0.0036517025187554953
1788923946.448975,0.0036411382646213773
1788923946.498992,0.0036344005610332774
1788923946.549092,0.0036324576168185584
1788923946.5990407,0.0036384655601179026
1788923946.6492813,0.003642879032340634
1788923946.6996117,0.0036567286176277256
1788923946.749041,0.0036603870432922836
1788923946.7990859,0.003673547942548511
1788923946.849229,0.0036947571043218085
1788923946.8992264,0.003707773266200193
1788923946.9488802,0.003729905502774377
1788923946.999452,0.0037556080442471686
1788923947.0491915,0.00377390952871769
1788923947.0992382,0.0038013627483931877
1788923947.1495502,0.003827124222398343
1788923947.1994288,0.003856525982365882
1788923947.2489746,0.0038859715288980206
1788923947.2992783,0.003918312455223522
1788923947.3492212,0.003953753301840147
1788923947.3989644,0.003983601678808687
1788923947.449009,0.004017596958779888
1788923947.4993458,0.004056006189938302
1788923947.5492282,0.004090113345153528
1788923947.5990417,0.004121744922919299
1788923947.649691,0.004159640930808423
1788923947.6993437,0.004196009565375219
1788923947.7495463,0.004236120690831324
1788923947.7993088,0.004268838980790459
1788923947.849,0.004315635257123547
1788923947.8993802,0.00434417500417755
1788923947.9497,0.0043862481313670845
1788923947.9989135,0.004423643533430983
1788923948.0494163,0.004459757798182094
1788923948.0988295,0.004493611543145994
1788923948.1492908,0.004534322643285621
1788923948.199436,0.004571609878101776
1788923948.2492967,0.004606648030474253
1788923948.2993655,0.004781045696792298
1788923948.349137,0.004834122367163347
1788923948.3994107,0.00488973179575939
1788923948.449272,0.004942694218487534
1788923948.4993308,0.0049930410242868895
1788923948.5496883,0.005047411333980232
1788923948.599272,0.005100084772819806
1788923948.6490064,0.005145455259905949
1788923948.6987875,0.005197752462886032
1788923948.7493513,0.005244505471648018
1788923948.799341,0.005290844423520921
1788923948.849086,0.005334799250581616
1788923948.898979,0.005382164252580931
1788923948.9493113,0.00542519153989038
1788923948.999342,0.005464678051737112
1788923949.0489876,0.005506892417112262
1788923949.099351,0.005552207147468513
1788923949.1490207,0.005590155377744278
1788923949.1995976,0.0056262481407584565
1788923949.2492926,0.005663983259962265
1788923949.2991772,0.005706484833819446
1788923949.3495777,0.0057382750536378565
1788923949.3997967,0.0057787997043753005
1788923949.4490335,0.0058145116671018265
1788923949.4991345,0.005845976589620253
1788923949.5491405,0.0058788487639635754
1788923949.5992773,0.005909106222587279
1788923949.6489065,0.005944416940419467
1788923949.699175,0.005976740501977306
1788923949.7493618,0.006005847038969593
1788923949.7992811,0.006031140645952697
1788923949.848967,0.006063700539349705
1788923949.8991468,0.006093473192562345
1788923949.94915,0.00611867246021859
1788923949.99901,0.006148165619971743
1788923950.0492961,0.006173130515028532
1788923950.0992682,0.006199479239518488
1788923950.1495476,0.006222609041706037
1788923950.1992755,0.006247970946631806
1788923950.2492301,0.006267418262711152
1788923950.2994077,0.0062938433327706725
1788923950.3492925,0.0063136474554226635
1788923950.3993676,0.006334662863380711
1788923950.4495554,0.006355588357094087
1788923950.4989965,0.006378367540987176
1788923950.5490167,0.006395187099403372
1788923950.599296,0.006415179600465165
1788923950.649693,0.006430413284048645
1788923950.699279,0.006448393314081342
1788923950.7494555,0.0064671683091716255
1788923950.8001063,0.006480258536114137
1788923950.84937,0.006495112199033217
1788923950.8993115,0.006516810202955988
1788923950.949909,0.006530005990291075
1788923950.999711,0.006542410345096553
1788923951.0495536,0.0065598898414547906
1788923951.0993845,0.006573734530323746
1788923951.149124,0.006582939458575855
1788923951.199399,0.0065957346310866185
1788923951.2497296,0.00660551690390038
1788923951.299127,0.008278479884108987
1788923951.3494105,0.008289223841647361
1788923951.3990085,0.008293495216487094
1788923951.4495838,0.008310838569556592
1788923951.4994764,0.008316649906335129
1788923951.549734,0.008327178738296014
1788923951.5993173,0.00833714679940076
1788923951.6489162,0.00834407271022072
1788923951.6988513,0.0083536677355287
1788923951.7489738,0.008362083546636435
1788923951.799123,0.008366344937784381
1788923951.8489766,0.008368991828760408
1788923951.8993196,0.008374930037132465
1788923951.9492939,0.008381401831452947
1788923951.999284,0.008382778921471292
1788923952.049303,0.008385491993779338
1788923952.099003,0.008394037978589711
1788923952.1493075,0.00839877014145855
1788923952.1990857,0.008403438782730895
1788923952.2493942,0.008405455586739663
1788923952.2993069,0.008406292771557557
1788923952.3492258,0.00840282548345348
1788923952.3990233,0.008408176445069792
1788923952.4495325,0.008407004702810958
1788923952.4991245,0.008404830965947099
1788923952.5492713,0.008405977795615228
1788923952.5990548,0.008409198865877114
1788923952.649306,0.008409721689363832
1788923952.6991503,0.00840596714473702
1788923952.7489924,0.00839328364867415
1788923952.7992928,0.008404340248544643
1788923952.8489835,0.008402134216056465
1788923952.8992457,0.008397019536815518
1788923952.9493055,0.008393398717868154
1788923952.9990203,0.008386520642839677
1788923953.0496166,0.008387592062344242
1788923953.0997372,0.008379642696967681
1788923953.1492302,0.008376384885152972
1788923953.1991894,0.008374796468413857
1788923953.2497146,0.008365757932293908
1788923953.299358,0.008365049349359707
1788923953.3494442,0.008356373363276288
1788923953.3992305,0.008348210366096743
1788923953.4496408,0.00833822900546054
1788923953.49926,0.008341536832270065
1788923953.549023,0.008332235067112304
1788923953.5991144,0.008327561675547476
1788923953.649753,0.008312740070043442
1788923953.6996212,0.008314267060616729
1788923953.749009,0.008301428121017593
1788923953.799015,0.008296911697904058
1788923953.8490043,0.008290546519176743
1788923953.899311,0.008279732359968485
1788923953.9495044,0.00826874383375007
1788923953.9988506,0.008263626332662023
1788923954.04918,0.00825196956360507
1788923954.0991771,0.008243314392546006
1788923954.1493301,0.008233181457512588
1788923954.1993008,0.008217167407006044
1788923954.249524,0.008212688665480911
1788923954.2998059,0.010438372433250546
1788923954.3492858,0.010431339768323673
1788923954.39927,0.010428011643213872
1788923954.4491298,0.01041761889021598
1788923954.4992201,0.0104088190664986
1788923954.549333,0.010414175298009186
1788923954.6000245,0.010402070434572816
1788923954.6489892,0.010401465804264608
1788923954.698811,0.010393919777529905
1788923954.749188,0.010387160861011662
1788923954.7990048,0.010377770769084497
1788923954.8489597,0.010371578177349473
1788923954.8990152,0.010363462703671555
1788923954.949762,0.010353685863966476
1788923954.9993212,0.01033622406901836
1788923955.0488749,0.010331114187177033
1788923955.0989614,0.010328559410489057
1788923955.149295,0.010316846984233675
1788923955.1990511,0.010299263066172031
1788923955.249234,0.010293655388590341
1788923955.2994943,0.010275989431208162
1788923955.3493388,0.010274564588488515
1788923955.3990269,0.010254137909294414
1788923955.448946,0.010252343932873663
1788923955.4991071,0.010241295194224691
1788923955.5491235,0.0102263375802245
1788923955.599226,0.01020783913561271
1788923955.6492612,0.010196655356528908
1788923955.6992333,0.010183593381036249
1788923955.7493215,0.010168672196279085
1788923955.7991004,0.010151672336468371
1788923955.848859,0.01014729905546679
1788923955.8992705,0.010135705724253354
1788923955.9492946,0.01011766588450051
1788923955.9993207,0.010107228193894497
1788923956.049394,0.01008607234006495
1788923956.099746,0.010074405366460234
1788923956.1498146,0.01004916275724914
1788923956.1995866,0.010040691362091672
1788923956.24931,0.01003116482671026
1788923956.2992332,0.010012139030591538
1788923956.3493068,0.009989508622549477
1788923956.398969,0.00997727008250719
1788923956.449845,0.009964516390741652
1788923956.4991126,0.009949818810464908
1788923956.5492325,0.009924897413623329
1788923956.599532,0.00991415406641491
1788923956.6492524,0.009890378514621729
1788923956.6993494,0.00987972097307792
1788923956.749792,0.009858073021804841
1788923956.7992837,0.009844467938025393
1788923956.8489363,0.0098235007254014
1788923956.8991504,0.009809982462118528
1788923956.9493723,0.00977873782361699
1788923956.9990537,0.009773636271384712
1788923957.0490956,0.009751439936473415
1788923957.0993776,0.009735472175677213
1788923957.1493142,0.009713040317351294
1788923957.199222,0.009696393594183504
1788923957.249041,0.009670554826941688
1788923957.2990239,0.012223704772145847
1788923957.3491008,0.01221882544983393
1788923957.3991234,0.012213308555605205
1788923957.4495559,0.012205657895936564
1788923957.4992595,0.01220104414669159
1788923957.5494313,0.01219569555384644
1788923957.5992248,0.01218058835312242
1788923957.6489952,0.012177755898297322
1788923957.6988883,0.01217420252673309
1788923957.7488563,0.012166970232508227
1788923957.7992857,0.012155911409004152
1788923957.8488128,0.012140993277479672
1788923957.8989825,0.012135156517484596
1788923957.9491467,0.012125633376382857
1788923957.999034,0.012115102444643339
1788923958.0496347,0.012102449152143698
1788923958.0992358,0.012093943711046752
1788923958.1493175,0.012077381082094392
1788923958.1995296,0.012062644862376876
1788923958.2492702,0.012049083920843372
1788923958.299328,0.012035124119869694
1788923958.3495073,0.012034697069100235
1788923958.3989506,0.012011570686940568
1788923958.4496918,0.012005350467693772
1788923958.4994397,0.011991395267768643
1788923958.5490146,0.011976374825202205
1788923958.5994134,0.011964482272491932
1788923958.6501038,0.011944119760303528
1788923958.6991932,0.011934718060223243
1788923958.7493737,0.011914360174274954
1788923958.799256,0.011901119660383392
1788923958.8487594,0.011881562080318467
1788923958.8996983,0.011869203488039813
1788923958.9490054,0.011849919447603401
1788923958.9989996,0.011836827568876936
1788923959.0490246,0.011817249010612936
1788923959.0990386,0.011800090924059613
1788923959.1495922,0.011778280740915237
1788923959.199281,0.011766776583894491
1788923959.2492902,0.011743005599408118
1788923959.2992733,0.011728871715377932
1788923959.3492527,0.011708021617231265
1788923959.3990026,0.011690276519572234
1788923959.4492486,0.011672168324942393
1788923959.4998677,0.01165309319532633
1788923959.5495694,0.011631285595389148
1788923959.5991294,0.011614787153747141
1788923959.6494412,0.01158750272040606
1788923959.699777,0.011573584660742504
1788923959.7492964,0.011541296342467701
1788923959.7990944,0.01153144582789332
1788923959.849777,0.011509247809534197
1788923959.8990123,0.011492496614333282
1788923959.9491298,0.011466612965921625
1788923959.9990165,0.011450196060618171
1788923960.0490146,0.01142619332588351
1788923960.0991442,0.011404762372455142
1788923960.1502225,0.011382562970114637
1788923960.1992242,0.011352309570289302
1788923960.249066,0.011334777553932775
1788923960.2992456,0.014072621696319785
1788923960.34924,0.014069231596538523
1788923960.3990626,0.01407250079662696
1788923960.44926,0.014071402258288781
1788923960.4991736,0.01406995595804148
1788923960.549977,0.014063404337319705
1788923960.5989473,0.01406451545055069
1788923960.6490045,0.014057040705265185
1788923960.698936,0.014057835800094986
1788923960.7491791,0.014053128967856024
1788923960.7990294,0.014047005898326066
1788923960.849598,0.014041581624916807
1788923960.89886,0.014036420817791809
1788923960.949295,0.01402950389113799
1788923960.9990752,0.014023283735936743
1788923961.0490508,0.014012989690250301
1788923961.099006,0.013995744151706657
1788923961.149155,0.013996318881435158
1788923961.1991353,0.013979301565398828
1788923961.2494428,0.013974098211537032
1788923961.2991323,0.013967734745383034
1788923961.3490338,0.013953175852977309
1788923961.399281,0.013940357329334768
1788923961.449414,0.013930100719847406
1788923961.499295,0.013921195671012241
1788923961.5492263,0.013905154340231393
1788923961.5999322,0.01388768407101856
1788923961.6497197,0.013879751168126805
1788923961.699215,0.013869341169427488
1788923961.7495203,0.01385131003993859
1788923961.799299,0.01384132690572753
1788923961.849289,0.013818586775402108
1788923961.8998153,0.013811281452033135
1788923961.9490168,0.013791937629957193
1788923961.9998627,0.013780804062882521
1788923962.0495808,0.013757704946865696
1788923962.099126,0.013746128815591233
1788923962.149392,0.013726266199714513
1788923962.199436,0.013710820258516538
1788923962.2490945,0.013689177114047447
1788923962.2992656,0.013675520443112451
1788923962.349587,0.013653282374231662
1788923962.3991356,0.013633385873132788
1788923962.4493308,0.013615376074581348
1788923962.4994352,0.013598394137630147
1788923962.5492353,0.013576159640792779
1788923962.5997026,0.013549828683872419
1788923962.6494331,0.013539722339380719
1788923962.6992779,0.01351731569817436
1788923962.7492454,0.013494009958553415
1788923962.7988915,0.013470353533149059
1788923962.84987,0.013456211316591778
1788923962.8995159,0.013425467523136723
1788923962.94943,0.013412026026747547
1788923962.9991333,0.013390411523665576
1788923963.0495756,0.013361271171215976
1788923963.0996642,0.013343187719566036
1788923963.149265,0.013319424685889794
1788923963.1992152,0.013297401457185977
1788923963.2492893,0.013272668401522018
1788923963.299253,0.016110299792754742
1788923963.349057,0.0161097169611193
1788923963.3996284,0.016122387821019588
1788923963.4489534,0.016125348795829546
1788923963.4992752,0.016133550633374724
1788923963.5493064,0.01613202153724403
1788923963.5993252,0.016138517460111277
1788923963.6490567,0.016138616281059184
1788923963.6988406,0.01614226842690787
1788923963.7491307,0.01614373673526191
1788923963.798896,0.016136599794011153
1788923963.8488865,0.016143041205861488
1788923963.8989816,0.016140391375340686
1788923963.9492543,0.01613328682159554
1788923963.99903,0.016129271809908464
1788923964.0490658,0.01612985967966252
1788923964.0995328,0.016129171754809223
1788923964.1494339,0.016124173018331016
1788923964.1991177,0.01611738382356499
1788923964.2491195,0.016110776536518275
1788923964.2991984,0.016102097860962873
1788923964.3495247,0.016094422772178412
1788923964.3997464,0.01608804363216875
1788923964.449719,0.016075779585528055
1788923964.4992826,0.016064484084832943
1788923964.5491471,0.01606164369701833
1788923964.5991197,0.016047619872850555
1788923964.6492999,0.01603982755814549
1788923964.6996915,0.016029757814734227
1788923964.7495694,0.016014007638452968
1788923964.799282,0.016004708502130552
1788923964.849234,0.015987484190701486
1788923964.8995333,0.01597622665117288
1788923964.9494946,0.015957589798549214
1788923964.9997714,0.015949752644136922
1788923965.0489151,0.015931942884806736
1788923965.0995767,0.015917613370223745
1788923965.1496093,0.015897798246367868
1788923965.1990275,0.01587890078893335
1788923965.249013,0.01586765699651515
1788923965.2990627,0.015850436968599186
1788923965.3493001,0.015831847442998544
1788923965.3994572,0.015807638217188655
1788923965.4492564,0.015793507095774133
1788923965.4992414,0.01577650740823327
1788923965.5495725,0.015753481078198083
1788923965.5993748,0.01573892499751974
1788923965.6490197,0.015715047528564507
1788923965.6992645,0.015696094831627927
1788923965.749118,0.015673074678018654
1788923965.7997904,0.015647699874868384
1788923965.8490443,0.01562826163118831
1788923965.899135,0.015609642143097386
1788923965.9492242,0.015584215451692012
1788923965.9992409,0.015557561216348555
1788923966.0492632,0.015538180336199981
1788923966.0992332,0.015513128645789508
1788923966.1490257,0.01549284034434606
1788923966.1990995,0.015471386985794372
1788923966.2501671,0.01544308781287444
1788923966.2992387,0.01832618445280136
1788923966.349085,0.01834419577861668
1788923966.3992558,0.018354260182238593
1788923966.4492939,0.018369572610846426
1788923966.4990535,0.018376943909664826
1788923966.549628,0.01838856608027734
1788923966.5987966,0.01840008666518023
1788923966.6490576,0.018409823932746806
1788923966.6989863,0.018414646825376104
1788923966.7495003,0.01842093656782236
1788923966.799287,0.018422016588983067
1788923966.8488953,0.018427639400818135
1788923966.8989744,0.01843397623532686
1788923966.9495056,0.01843672582134617
1788923966.9990234,0.018437428548645256
1788923967.0490243,0.018436970354003084
1788923967.0997074,0.01843827554769527
1788923967.1498797,0.01843570693793402
1788923967.1997728,0.01843406622822044
1788923967.2489986,0.018431008521166834
1788923967.2992594,0.018426933154127915
1788923967.34956,0.018420248561605148
1788923967.3991995,0.018416088471453488
1788923967.4491546,0.018409863991637705
1788923967.498996,0.018407591618430467
1788923967.5490534,0.018400365847558033
1788923967.599298,0.018391965886588705
1788923967.649197,0.018378907227946512
1788923967.6990643,0.01837412795321132
1788923967.7491488,0.018356859609726148
1788923967.7992728,0.018353546045357383
1788923967.8490512,0.018342202480099195
1788923967.8990293,0.018323238238656437
1788923967.9490082,0.01831708859300014
1788923967.9992661,0.018299458946057785
1788923968.0491965,0.018290333622653473
1788923968.0990307,0.018275745560062256
1788923968.1490436,0.01826050401886879
1788923968.199193,0.018244898935250834
1788923968.2490132,0.018228703291570805
1788923968.2993128,0.018210123992557985
1788923968.349415,0.018189746188836963
1788923968.3993175,0.01817094030948066
1788923968.4492762,0.018154853502113648
1788923968.4992604,0.01813135008434671
1788923968.5489817,0.018115511881928115
1788923968.5991318,0.018098166365480693
1788923968.6498299,0.01807449161238522
1788923968.699109,0.018049197629093815
1788923968.7490597,0.018033758207681754
1788923968.799142,0.01801289815575404
1788923968.8492997,0.01798921020574964
1788923968.8994513,0.017960095897139716
1788923968.9489098,0.01794377719557078
1788923968.9988446,0.017921713919322246
1788923969.0498009,0.017897620657179113
1788923969.0992162,0.017873495465806653
1788923969.1490164,0.01784711157100231
1788923969.2000039,0.017821110773667107
1788923969.2489753,0.017790362084183154
1788923969.2990096,0.02071111639021808
1788923969.3494313,0.02072769148768126
1788923969.3991122,0.020745494484959416
1788923969.4492605,0.020763280665685887
1788923969.499148,0.020776678708999012
1788923969.5490062,0.020798731497576748
1788923969.5989985,0.020812870910083905
1788923969.648823,0.020817345949920716
1788923969.6988404,0.020838589280192128
1788923969.7495558,0.020851251838759688
1788923969.7991114,0.020854265713157884
1788923969.8488357,0.020861275880558645
1788923969.8990293,0.020876667298059672
1788923969.9493167,0.020881138381885444
1788923969.9992874,0.0208809284927499
1788923970.049447,0.020880697873269047
1788923970.0992415,0.020889967733773985
1788923970.1492746,0.020898272541634327
1788923970.1995456,0.020898362031312696
1788923970.24905,0.020894978362787392
1788923970.2992947,0.02089809358492611
1788923970.3495536,0.020894537907680796
1788923970.3991437,0.020895564795263007
1788923970.449937,0.02088976276993313
1788923970.49933,0.020885700340476696
1788923970.5490525,0.020881666025377936
1788923970.5994508,0.02087568042503162
1788923970.6494334,0.020869182509338446
1788923970.699707,0.020857167501107637
1788923970.749424,0.020850552109159988
1788923970.799156,0.02084191180061525
1788923970.8494198,0.020832373448039745
1788923970.8990138,0.02082361847299082
1788923970.9495885,0.020812906111243312
1788923970.999121,0.020796973283672585
1788923971.0489972,0.020779476332306625
1788923971.0991585,0.02076984033057063
1788923971.149322,0.020753234565645352
1788923971.1991022,0.020743253357358743
1788923971.249343,0.020720984753179798
1788923971.299124,0.02070973922031135
1788923971.3493807,0.020690129523407225
1788923971.3990707,0.02067592966755292
1788923971.4494474,0.020655071960071495
1788923971.4993048,0.020631522867441594
1788923971.549736,0.02061244388339053
1788923971.5991983,0.02059566440958466
1788923971.6492069,0.020575308806569218
1788923971.6993904,0.020553112605841604
1788923971.7495306,0.020529232265203604
1788923971.7994096,0.020502840829193642
1788923971.849432,0.02048369962494191
1788923971.8993635,0.020462135841278095
1788923971.9492183,0.02043746921381869
1788923971.9989076,0.02041004323483917
1788923972.0496428,0.020382410603913673
1788923972.0992556,0.020360043942232953
1788923972.149522,0.020327394409602736
1788923972.1990385,0.020305962940774934
1788923972.2492466,0.02027456223143349
1788923972.299342,0.023206341342060136
1788923972.3495936,0.023229347362479315
1788923972.3994093,0.023255993795622234
1788923972.4492915,0.023279612813004943
1788923972.4996872,0.023303697607888946
1788923972.549535,0.02332314194537835
1788923972.598992,0.0233394510645175
1788923972.6489959,0.023361620958262656
1788923972.6988282,0.023377841804683958
1788923972.7499535,0.02339373905485982
1788923972.7995293,0.023406788600731573
1788923972.8494573,0.0234192417407734
1788923972.8989027,0.0234292049507394
1788923972.9491625,0.0234422641976311
1788923972.9993775,0.023450239590669424
1788923973.0491285,0.023459013156335907
1788923973.0991144,0.023464441893218054
1788923973.1494586,0.023467741295046467
1788923973.1991687,0.023472170935849038
1788923973.2492063,0.023476905035900976
1788923973.2996607,0.023478973114135767
1788923973.3492756,0.02348094637381568
1788923973.39936,0.023479614508392126
1788923973.4492729,0.023479414544203426
1788923973.4990654,0.023476969052189847
1788923973.5491138,0.023472975515644184
1788923973.5993452,0.023469331022883566
1788923973.6490922,0.02346442162560375
1788923973.6994288,0.02345640485358024
1788923973.7492862,0.02345113845139894
1788923973.7992976,0.023438629318871383
1788923973.8497312,0.023433684996766083
1788923973.8993256,0.023423667394623544
1788923973.9489145,0.02341158264007608
1788923973.9997501,0.023399470767899982
1788923974.0495055,0.02338575434646654
1788923974.098968,0.023373486597887398
1788923974.1497955,0.023359639321803637
1788923974.1990027,0.023340464623155702
1788923974.2491772,0.023328515990393386
1788923974.299539,0.023312334889161776
1788923974.3489046,0.023293370933826173
1788923974.3992133,0.023273081162065556
1788923974.4497573,0.023256888710560204
1788923974.4990299,0.023232923403845133
1788923974.5495403,0.023214633528474436
1788923974.599365,0.023195936488793544
1788923974.6491268,0.023170853929634916
1788923974.699307,0.02315023393771722
1788923974.7497115,0.02312057551962562
1788923974.7991247,0.023100551709187622
1788923974.8496318,0.02307451208998487
1788923974.8995914,0.02305060373330578
1788923974.9491842,0.023025013297693655
1788923974.9991844,0.02299686948361071
1788923975.0492675,0.022972133336858686
1788923975.0997365,0.022942436519096374
1788923975.1494105,0.022914641852915193
1788923975.199381,0.022884262871725007
1788923975.2489376,0.02285527143861239
1788923975.2990375,0.02579006860822436
1788923975.349258,0.02582494438717724
1788923975.3989859,0.02585534174753492
1788923975.4495866,0.025882523510780825
1788923975.499525,0.025909268448066552
1788923975.5491602,0.025934849832029715
1788923975.5991533,0.025957321119099982
1788923975.6489873,0.025982185258279254
1788923975.6989686,0.026004422749561454
1788923975.7493272,0.02602357885560419
1788923975.799538,0.026039530330583066
1788923975.849448,0.026055879244097396
1788923975.8990703,0.0260720230619764
1788923975.949085,0.02608731783247771
1788923975.9993284,0.026099175556588642
1788923976.0490215,0.02610889132209069
1788923976.0992684,0.026118997267626988
1788923976.1492848,0.026126386382118585
1788923976.1992753,0.026133633778834
1788923976.2493384,0.026136406785680733
1788923976.2988846,0.02614369718193274
1788923976.349559,0.02614683516072649
1788923976.3994923,0.026149095150439998
1788923976.4494233,0.026149966015734015
1788923976.4991221,0.026147014842414537
1788923976.548856,0.026145531888626457
1788923976.598862,0.026144646164667905
1788923976.649279,0.026140326078677875
1788923976.6990457,0.02613339585117169
1788923976.7491753,0.02612917325516976
1788923976.7994032,0.026120828947760178
1788923976.8491993,0.026112468948710523
1788923976.8989394,0.02610376921201675
1788923976.949547,0.02609297590101871
1788923976.998868,0.02608103452066336
1788923977.0490232,0.026068744200323964
1788923977.098987,0.02605443095198228
1788923977.149713,0.02604061641425234
1788923977.1989696,0.026025723644252232
1788923977.2492201,0.02600858651377549
1788923977.2987113,0.02599104910651429
1788923977.3489056,0.02597341276311509
1788923977.398795,0.025953989717527114
1788923977.4488425,0.025934099973325582
1788923977.4988368,0.025913719037538002
1788923977.5489888,0.02589159592608615
1788923977.5989661,0.025869043457869185
1788923977.6494029,0.02584571664039173
1788923977.6989563,0.025821392720679508
1788923977.7492783,0.025796781877182356
1788923977.799066,0.025771114993361474
1788923977.8496566,0.02574464462115188
1788923977.8989651,0.025717039998429392
1788923977.9490342,0.025690206414608223
1788923977.9994876,0.02566070616509846
1788923978.0493922,0.025631421564502925
1788923978.0989115,0.025601078309872842
1788923978.1488676,0.025570639468856727
1788923978.1989868,0.02553919612960297
1788923978.2489965,0.025507135017819406
1788923978.2989573,0.028447349550547573
1788923978.3494327,0.02848463577981075
1788923978.3990307,0.028520503959119092
1788923978.4493117,0.028554220443978404
1788923978.4989402,0.02858633054681671
1788923978.5490851,0.0286154471462858
1788923978.5991008,0.02864402144363698
1788923978.6489625,0.028671295929630473
1788923978.6988385,0.028696283032882373
1788923978.7489815,0.02871961846390007
1788923978.799039,0.028741101271158587
1788923978.8495681,0.02876100275845365
1788923978.8989906,0.0287783909103766
1788923978.9488354,0.028796467481117655
1788923978.9990478,0.028811536354659127
1788923979.0489404,0.028825198386656353
1788923979.0990124,0.028837190773590027
1788923979.1492634,0.028847734333777925
1788923979.1990023,0.028856906966313645
1788923979.2490137,0.028864481800366368
1788923979.2988927,0.028870908139214415
1788923979.3489983,0.028876078758285354
1788923979.3989987,0.02887925155954756
1788923979.4489963,0.028881307946654337
1788923979.4990044,0.028882447756511023
1788923979.5490005,0.028881627262757715
1788923979.5990632,0.028879811860148857
1788923979.6490376,0.028876680392623377
1788923979.6989992,0.028872252318995126
1788923979.7490013,0.028866723569289526
1788923979.7988915,0.028859786550507707
1788923979.849011,0.02885215765020531
1788923979.8989894,0.02884258880317942
1788923979.9490027,0.028832487415759816
1788923979.9990263,0.028820886979362914
1788923980.048856,0.02880846165001582
1788923980.0990133,0.028794385531051944
1788923980.1490119,0.028779919575345172
1788923980.198792,0.028763621513678433
1788923980.2492847,0.02874663570083707
1788923980.2988157,0.02872871139504769
1788923980.3493345,0.028709734751225534
1788923980.3991342,0.028689589075760098
1788923980.4492,0.028668708699653614
1788923980.4989533,0.028645654862619652
1788923980.5491202,0.028623269511628024
1788923980.5989726,0.028600018403625613
1788923980.6492481,0.028575279348579317
1788923980.6993184,0.028549506967821145
1788923980.749252,0.028522390985817988
1788923980.7990136,0.028494807292715613
1788923980.8491094,0.02846720923651432
1788923980.8990068,0.028438309753420633
1788923980.9489853,0.0284081085341619
1788923980.9992883,0.028377337110352174
1788923981.0489907,0.02834426673538316
1788923981.099312,0.028313751582223677
1788923981.1490524,0.0282802127701482
1788923981.1988297,0.028246542355201326
1788923981.2490773,0.028212118255137635
1788923981.299494,0.03115428867830192
1788923981.3491952,0.031197155816253003
1788923981.3989286,0.031237911443145017
1788923981.4487848,0.0312763250368205
1788923981.498856,0.03131283987775809
1788923981.5490303,0.031347478090598895
1788923981.599323,0.031380435228684785
1788923981.648841,0.03141123024431106
1788923981.69897,0.03143965593842312
1788923981.7488596,0.03146656736755761
1788923981.7989984,0.03149163781993545
1788923981.8492954,0.0315150852150927
1788923981.898996,0.03153642844211461
1788923981.9495642,0.031556082862894026
1788923981.9996219,0.031574147143113025
1788923982.0492413,0.031590709892962
1788923982.0992918,0.03160523943797593
1788923982.1493053,0.03161782996843021
1788923982.199189,0.03162940860028576
1788923982.2491796,0.03163914110448872
1788923982.299039,0.03164695378243007
1788923982.3489468,0.03165329857422667
1788923982.3998146,0.03165832903451421
1788923982.4492648,0.03166183890137641
1788923982.499227,0.031663925979963654
1788923982.549177,0.03166442434880397
1788923982.599248,0.03166351506406068
1788923982.649569,0.031660987237418066
1788923982.6992366,0.03165733002550465
1788923982.749177,0.03165225716155015
1788923982.799349,0.0316456630219954
1788923982.849267,0.0316379062689268
1788923982.8990104,0.03162896711784267
1788923982.949223,0.03161834385988767
1788923982.999098,0.031606689478883385
1788923983.0490134,0.0315937690863997
1788923983.099017,0.03157962476173446
1788923983.149327,0.03156426564241797
1788923983.1994572,0.03154775496907511
1788923983.2496283,0.0315299284907486
1788923983.2992022,0.031511081848176185
1788923983.3493292,0.03149133056229269
1788923983.3994021,0.03147004349588322
1788923983.448932,0.03144790332801528
1788923983.4992676,0.0314246089860593
1788923983.5493255,0.03140069362842812
1788923983.5992312,0.03137492204624305
1788923983.649299,0.03134863798812413
1788923983.6992831,0.03132142300811002
1788923983.7490826,0.03129315979078996
1788923983.7991874,0.031263578834453666
1788923983.8491588,0.0312332851371993
1788923983.8989701,0.031202003129022386
1788923983.9492018,0.031169600829897084
1788923983.9991927,0.031136769227775682
1788923984.049403,0.03110277333084056
1788923984.099235,0.031067965697627688
1788923984.149419,0.03103197941037814
1788923984.198879,0.030995340465288804
1788923984.2489974,0.03095801224542882
1788923984.2990196,0.03390168480018069
1788923984.3493118,0.03394996328088502
1788923984.399026,0.033995041252489096
1788923984.449513,0.0340398118855778
1788923984.4990213,0.03407931453947398
1788923984.5495245,0.034119657040350464
1788923984.5990252,0.034155747992811736
1788923984.6489246,0.0341907510547107
1788923984.6988547,0.03422333015845264
1788923984.7494955,0.034252117895092464
1788923984.7993612,0.0342828426604607
1788923984.8492465,0.034307635474388545
1788923984.898864,0.03433313151623878
1788923984.9491374,0.03435410203525936
1788923984.9988637,0.034375241682501285
1788923985.0490797,0.034393604649504965
1788923985.0990515,0.03441097037568131
1788923985.1490495,0.03442537221697865
1788923985.1990118,0.03443910262687656
1788923985.2498248,0.03445053932293313
1788923985.2989764,0.03446071295884771
1788923985.3490245,0.03446876553038477
1788923985.398861,0.034474580400543964
1788923985.4490373,0.03448021237642132
1788923985.4990277,0.03448230392216669
1788923985.5490036,0.03448370441381681
1788923985.599682,0.03448447039279517
1788923985.649324,0.034482595538878426
1788923985.6989403,0.03447821500960864
1788923985.7492907,0.0344764284007555
1788923985.7993586,0.03446795866797013
1788923985.8491805,0.03446010255895624
1788923985.8989232,0.03445225197724142
1788923985.9493153,0.034439460664126204
1788923985.9990816,0.034428329010323985
1788923986.049205,0.03441628780324424
1788923986.0993836,0.03439995240336183
1788923986.1491187,0.03438421890349122
1788923986.1992412,0.034366855871654355
1788923986.2491736,0.03434998654740684
1788923986.299451,0.03432952284820693
1788923986.3491461,0.03430731062168462
1788923986.3988695,0.03428684048081647
1788923986.4488654,0.034260758653859656
1788923986.4991002,0.034235922784711666
1788923986.5490549,0.03421050396471101
1788923986.599449,0.03418365731730328
1788923986.649279,0.034157807075944985
1788923986.699287,0.03412595128675552
1788923986.7490225,0.034097153998390375
1788923986.7992754,0.03406599969091344
1788923986.8489194,0.03403258480612299
1788923986.8989458,0.034000143633239555
1788923986.9492052,0.03396343213354315
1788923987.0003376,0.0339304030903957
1788923987.0489964,0.03389294394819211
1788923987.0988514,0.03385667430948441
1788923987.1492789,0.03381870723720184
1788923987.1989813,0.033776458391247315
1788923987.2493036,0.03373654425631552
1788923987.2996054,0.03668154519291209
1788923987.3490891,0.036736569624441565
1788923987.399012,0.03678488000949742
1788923987.4492762,0.036831804933440355
1788923987.49905,0.036876742712890195
1788923987.548824,0.03692105836464666
1788923987.5988321,0.03696071753708559
1788923987.6488683,0.03699899806853657
1788923987.6988127,0.03703551325821261
1788923987.7492766,0.037068504571689934
1788923987.7989953,0.03710125179909352
1788923987.8493216,0.037130690907983904
1788923987.899108,0.03716240923776629
1788923987.9492497,0.037182244572601615
1788923987.9992607,0.03720886782082681
1788923988.04902,0.037228794502166686
1788923988.0992143,0.03724623116272587
1788923988.1491451,0.03726493552721811
1788923988.199269,0.037278638414301096
1788923988.2490115,0.03729179434143348
1788923988.2991698,0.03730459977877644
1788923988.3495739,0.03731578836886337
1788923988.3991466,0.03732167796224003
1788923988.4488432,0.03732629460349946
1788923988.4994202,0.037332937947172774
1788923988.5491114,0.037333237941215965
1788923988.5992906,0.03733187689194446
1788923988.6491084,0.037331278961170083
1788923988.6991508,0.037328241355572576
1788923988.7493284,0.03732583328817425
1788923988.7992342,0.03731630265744276
1788923988.8495088,0.03731027622059632
1788923988.9000108,0.03730417008076807
1788923988.949014,0.0372884795589892
1788923988.9990613,0.0372789118659478
1788923989.0490203,0.03726702757506193
1788923989.0991657,0.03724846314315116
1788923989.1495383,0.03723114032933764
1788923989.1992745,0.037212867231848176
1788923989.249162,0.03719382008505585
1788923989.2991755,0.03717643215739628
1788923989.3490994,0.03715090483274391
1788923989.39906,0.037125791851664404
1788923989.4492908,0.037102674629776226
1788923989.4992113,0.037076424694650625
1788923989.5493166,0.0370517386344902
1788923989.5990322,0.03701788114304061
1788923989.6492114,0.03698808592159379
1788923989.6990767,0.03695772089286682
1788923989.749408,0.03692539510966628
1788923989.799266,0.03689373379799825
1788923989.8492908,0.03685801549615043
1788923989.8993735,0.03682153922830359
1788923989.9492435,0.03678217284508753
1788923989.999911,0.03674623693298059
1788923990.0492346,0.03670642067293434
1788923990.0991414,0.0366701471202559
1788923990.149181,0.036627053869943964
1788923990.1994271,0.03658369704488458
1788923990.2492702,0.03653879509871354
1788923990.2990828,0.03948834572477133
1788923990.3489964,0.03954537135730325
1788923990.3991296,0.03959948185818574
1788923990.4492028,0.03965291930689371
1788923990.4992106,0.039700046029710605
1788923990.5490084,0.03975307305292148
1788923990.5992508,0.03979128002203388
1788923990.6489563,0.0398361657633143
1788923990.6989558,0.039872677383060544
1788923990.7491527,0.03990979444751336
1788923990.799733,0.03994892130125784
1788923990.8490353,0.03998352952529261
1788923990.8991196,0.0400101812260087
1788923990.9499886,0.040034885360212026
1788923990.9993205,0.04006287100572515
1788923991.0488539,0.04008331792621432
1788923991.0992742,0.04010260254675691
1788923991.1490114,0.04012350562833788
1788923991.1997879,0.04014031832202011
1788923991.2491853,0.04015785859629713
1788923991.2987545,0.04017359825487191
1788923991.3492832,0.04017746396405203
1788923991.399806,0.040186881859334125
1788923991.449312,0.04019308700430611
1788923991.4997807,0.04019731006834669
1788923991.5492954,0.04020301244630329
1788923991.599453,0.040207668176848926
1788923991.6492634,0.040203315409205714
1788923991.6990018,0.04020610589974618
1788923991.7491717,0.04019602982664646
1788923991.799417,0.0401933060477907
1788923991.8491776,0.040182939057447284
1788923991.8993688,0.04017825601853392
1788923991.9488676,0.04016517345075314
1788923991.9995036,0.04015265261638828
1788923992.0492969,0.04013819086172604
1788923992.0992205,0.040116210798532434
1788923992.1492767,0.04010525578751689
1788923992.1993992,0.040078536241343186
1788923992.2495866,0.04005901573690849
1788923992.2990253,0.04003581320976384
1788923992.3495932,0.04001889199349097
1788923992.3991296,0.03999224717240464
1788923992.4492798,0.039960081542678945
1788923992.4997675,0.03993291710595762
1788923992.5490038,0.039907482017400166
1788923992.5990748,0.03987358547595021
1788923992.649142,0.039845489395347336
1788923992.6999605,0.039813652034730536
1788923992.7494378,0.03977256426722525
1788923992.7988346,0.03973848337342569
1788923992.8490095,0.03970117708390647
1788923992.899348,0.03966845948798337
1788923992.9488566,0.039621689744807044
1788923992.999608,0.03958641925531291
1788923993.0492063,0.03954278592911138
1788923993.0993128,0.03950398114799671
1788923993.149112,0.03945452376304219
1788923993.1988938,0.03940829889546512
1788923993.2489753,0.039360490387552995
1788923993.299026,0.04230703896390527
1788923993.3490167,0.04237170352215594
1788923993.3995843,0.04243573292411748
1788923993.449347,0.042491618448404524
1788923993.498893,0.04254738542191134
1788923993.5495245,0.04259377301760802
1788923993.5990438,0.04264218871388718
1788923993.648945,0.042688806527158014
1788923993.6988099,0.0427262195989722
1788923993.7500741,0.04276848349014263
1788923993.799272,0.04281188285391162
1788923993.8490162,0.04284295142736416
1788923993.8990228,0.0428748255618176
1788923993.9490092,0.04290592100145103
1788923993.999013,0.042932847431513606
1788923994.0490427,0.0429583664638126
1788923994.0990124,0.0429815412548958
1788923994.149037,0.043001858222822195
1788923994.1990333,0.043021191681719965
1788923994.248919,0.043037446694756704
1788923994.2990186,0.0430512710723298
1788923994.3493469,0.04306131993742389
1788923994.3993838,0.04307679468944654
1788923994.4495914,0.043084353156415664
1788923994.4993703,0.04309000452902249
1788923994.5494568,0.04308860607546671
1788923994.5998428,0.04309320042439227
1788923994.649633,0.04308890712764529
1788923994.6991994,0.043087337429804314
1788923994.7495883,0.04308829642130288
1788923994.799167,0.04307805325934999
1788923994.8494916,0.04307738046941859
1788923994.8991313,0.043069294026674525
1788923994.9493432,0.04304892759372861
1788923994.9990263,0.04304099765222514
1788923995.0488477,0.04301947058084864
1788923995.0990443,0.04300224113237985
1788923995.1492498,0.04299295845156073
1788923995.1990366,0.04296371107672813
1788923995.2491362,0.042945590921499396
1788923995.299201,0.04291961649758323
1788923995.3492923,0.04289354693313687
1788923995.39937,0.04287344229799512
1788923995.4492226,0.042841734025656275
1788923995.4996104,0.042818463565498684
1788923995.5492187,0.04278152303565535
1788923995.5988162,0.042750419814516286
1788923995.649085,0.04272113458851343
1788923995.6990829,0.04267650547066079
1788923995.7491612,0.04263911945391
1788923995.7988796,0.04260551513881597
1788923995.8491306,0.042564893999704596
1788923995.8992379,0.04252681858441029
1788923995.9498317,0.0424812716710303
1788923995.9990592,0.04243826037336969
1788923996.0493326,0.042390864857704075
1788923996.098922,0.04234318583738157
1788923996.149347,0.04229913767880753
1788923996.1990106,0.042248455794708116
1788923996.2488968,0.04219895568776853
1788923996.2989488,0.028003088136337766
1788923996.3490605,0.02804311782535627
1788923996.3990088,0.02808074409325143
1788923996.4489973,0.02811678148569201
1788923996.4993596,0.028154105254024633
1788923996.5492258,0.028183435037121667
1788923996.5989234,0.02821585525609884
1788923996.6488318,0.028240704842801903
1788923996.698898,0.02826541827681759
1788923996.7492127,0.028290198364858868
1788923996.7990282,0.028314025511644775
1788923996.849349,0.028335547871986895
1788923996.899086,0.028356093227121723
1788923996.949011,0.028373209931735893
1788923996.99905,0.028390442402688513
1788923997.0492134,0.028405565788843547
1788923997.098774,0.028419198749962335
1788923997.1490254,0.028430262699453042
1788923997.1987245,0.028442510764526554
1788923997.2488513,0.028450585512011684
1788923997.2989264,0.028457833029321016
1788923997.3492312,0.02846468764888922
1788923997.3990374,0.028470258266901294
1788923997.4489312,0.02847511415457088
1788923997.4990075,0.028478449119221046
1788923997.5489957,0.028476979438519817
1788923997.5990484,0.028476327964065004
1788923997.6492062,0.028474682193277694
1788923997.6990168,0.028471733043576194
1788923997.749542,0.02846766826660686
1788923997.7990205,0.02846732283064029
1788923997.8493068,0.028455363897078166
1788923997.8995018,0.028453603337178175
1788923997.9492853,0.028441327461305642
1788923997.9992514,0.0284343857482032
1788923998.0493624,0.028415340908340574
1788923998.0992746,0.028404838605540907
1788923998.1491065,0.02839440591799397
1788923998.1992862,0.028375680140604882
1788923998.249235,0.028363421082443732
1788923998.2998102,0.028350138555169668
1788923998.3490548,0.02832493300320515
1788923998.3988986,0.028311736023186276
1788923998.4493446,0.02828919446069336
1788923998.4995065,0.028268905431990184
1788923998.5490246,0.028245868717624606
1788923998.5997553,0.028222963650515676
1788923998.6491792,0.028202469778154132
1788923998.6989367,0.028178964551965023
1788923998.7493262,0.028151130901596738
1788923998.7991931,0.02813002855885542
1788923998.8491874,0.02809775999916118
1788923998.899301,0.028072242722413154
1788923998.9489033,0.028041269466476452
1788923998.9989064,0.028009040712022697
1788923999.0488782,0.02797808557707769
1788923999.0995157,0.027947877688269215
1788923999.1488576,0.02791651065419293
1788923999.1988735,0.027882834400916132
1788923999.2488387,0.027848705173780196
1788923999.299279,0.025883350046364027
1788923999.3489556,0.025926183292162567
1788923999.398991,0.025966947837708504
1788923999.44901,0.025997001591611214
1788923999.4998035,0.02602943286548872
1788923999.5492795,0.026060912325243768
1788923999.5992393,0.02609350265634187
1788923999.648771,0.026122627771539966
1788923999.698982,0.026149490484237883
1788923999.7490106,0.026174585820418553
1788923999.7990408,0.0261992698215629
1788923999.8493052,0.026225101823963017
1788923999.898984,0.02625004545136268
1788923999.9490523,0.026261017644812156
1788923999.9990227,0.02628105477712447
1788924000.049384,0.02630178845782347
1788924000.0997474,0.026313129489314836
1788924000.1489708,0.02632515392970258
1788924000.198942,0.026337270681287425
1788924000.2495024,0.026349100943988114
1788924000.299293,0.02635834453240253
1788924000.3489707,0.026368239173036438
1788924000.3992674,0.026378668876693545
1788924000.4497461,0.026379244619003858
1788924000.4989574,0.026383534723634985
1788924000.5496404,0.026383813666845852
1788924000.59923,0.026387787398982208
1788924000.6496277,0.02638840454761107
1788924000.6988125,0.0263848482887453
1788924000.749671,0.02638605995972576
1788924000.7989686,0.02638428045434558
1788924000.8490863,0.026376333549819928
1788924000.8992965,0.02637492733728158
1788924000.9502847,0.026367847116512792
1788924000.9990249,0.026356719203642878
1788924001.0490654,0.02634842806922001
1788924001.0990329,0.026339408541504825
1788924001.1492243,0.026327995960351628
1788924001.1994019,0.0263196606116304
1788924001.2501163,0.026306282785175387
1788924001.2994506,0.026292574221350437
1788924001.3491435,0.02627763371913311
1788924001.3993664,0.026262496991648836
1788924001.4499369,0.02624712476505809
1788924001.4990716,0.02622799295546142
1788924001.5491333,0.026204458906818145
1788924001.599082,0.026186202455492257
1788924001.64985,0.02616602217695378
1788924001.6995358,0.026146318773303843
1788924001.7492697,0.02612397662694599
1788924001.7988234,0.026102585698165037
1788924001.8493457,0.02607581621500157
1788924001.8992887,0.026051334624890857
1788924001.949387,0.02602926953832088
1788924001.9994962,0.02599931771816163
1788924002.0491092,0.025979536421112472
1788924002.0993505,0.025945495810445654
1788924002.1492097,0.02592123919372895
1788924002.1996472,0.02588783321516909
1788924002.249296,0.025861084617896365
1788924002.2991076,0.023892571672101383
1788924002.3488877,0.02393131879167571
1788924002.3992424,0.023963716088842055
1788924002.449133,0.024001450723416237
1788924002.499296,0.024034314982149488
1788924002.5492446,0.02406719858347753
1788924002.5992787,0.024094655833975666
1788924002.6487653,0.02412143490253441
1788924002.6987998,0.024149398033387608
1788924002.7496347,0.024172269128680944
1788924002.7992868,0.024201519745654106
1788924002.8495529,0.024219296401780062
1788924002.8989687,0.02423955146361294
1788924002.9495463,0.024261726046454293
1788924002.9989903,0.02427921925151716
1788924003.0491927,0.02429269793828675
1788924003.0989676,0.02430579383334577
1788924003.148906,0.02432198691391134
1788924003.1992223,0.024332816026088475
1788924003.2492719,0.024346450502962663
1788924003.2992198,0.024357950205834714
1788924003.3492894,0.024364612516645616
1788924003.4000297,0.02437701351243829
1788924003.4492986,0.02437571275996226
1788924003.4990296,0.024380970984719374
1788924003.5492945,0.024384992996523303
1788924003.599185,0.024394757253189698
1788924003.6497192,0.02438807600352671
1788924003.6994479,0.02439528489342648
1788924003.749324,0.02439087687878913
1788924003.7993536,0.0243851328900142
1788924003.8493419,0.02438037774715464
1788924003.8996224,0.02438264893569336
1788924003.949204,0.024375665291891502
1788924003.999042,0.024366044224329746
1788924004.0494409,0.024360667207931362
1788924004.099663,0.02435447886125822
1788924004.1494281,0.02434129404362176
1788924004.1991603,0.024333628380089668
1788924004.249601,0.02432393632078557
1788924004.2987952,0.024308575271496564
1788924004.3493392,0.024298495130958074
1788924004.399073,0.024283422785742675
1788924004.4489558,0.024271600923495427
1788924004.499015,0.024251964424145595
1788924004.5493364,0.024234835160378984
1788924004.5989957,0.02422076028643634
1788924004.6490512,0.02419950531704625
1788924004.6994576,0.024180367555348452
1788924004.7492716,0.024164719145549445
1788924004.7995987,0.024140385884320388
1788924004.8496742,0.02412644597385645
1788924004.8992252,0.02410016290715445
1788924004.9497077,0.024073365808853806
1788924004.9997504,0.024052904302191626
1788924005.0493195,0.02402402043518454
1788924005.0990121,0.024002321453993454
1788924005.1488771,0.023975536221930663
1788924005.1990685,0.023947671404806286
1788924005.2490385,0.023921858581391814
1788924005.299013,0.021957285133739145
1788924005.349271,0.021992652123875182
1788924005.3992891,0.02202686238606371
1788924005.4493098,0.022062308699176445
1788924005.4992433,0.022090812073672285
1788924005.549127,0.022118365849418006
1788924005.5990353,0.022146272386309278
1788924005.6488218,0.02217245224081327
1788924005.6987586,0.022198171287918306
1788924005.7492685,0.022218136262041638
1788924005.799235,0.02224315072377757
1788924005.8491216,0.022264583580277924
1788924005.8990152,0.022291327618017207
1788924005.9489648,0.022307075117166387
1788924005.9990368,0.022317982300650973
1788924006.0490024,0.02233380784753374
1788924006.0994222,0.022347899666741035
1788924006.1493213,0.022369833730241807
1788924006.1988766,0.022376096342910448
1788924006.2490149,0.02238315234055228
1788924006.2989156,0.0223934040883834
1788924006.3491173,0.022402675759418435
1788924006.3988264,0.022411302631339634
1788924006.449114,0.022413818990310357
1788924006.4993017,0.022427830199052996
1788924006.5494938,0.022425994724559487
1788924006.599276,0.022428896551390916
1788924006.649001,0.02242764206983759
1788924006.699181,0.02243103669249713
1788924006.7492728,0.022433596011124612
1788924006.7996442,0.0224332526559503
1788924006.8492894,0.02242621635442287
1788924006.8992865,0.02242119946306944
1788924006.9489741,0.02241867902369674
1788924006.999225,0.022409495191208224
1788924007.0490031,0.022406186520939494
1788924007.0995567,0.022396009739307735
1788924007.148935,0.02239659334987036
1788924007.1997721,0.022381438758323335
1788924007.249002,0.02237253142747112
1788924007.298996,0.022359036959560884
1788924007.34941,0.0223473439178471
1788924007.3991382,0.022336075281407484
1788924007.449254,0.022324658162465493
1788924007.4994073,0.022307105807465796
1788924007.5490434,0.022294557921331965
1788924007.5989103,0.022276785213080793
1788924007.6490207,0.02226651031348639
1788924007.6991394,0.022242025336768587
1788924007.749892,0.022225590389347117
1788924007.799027,0.02220517390816354
1788924007.8490467,0.02218904177269277
1788924007.8993464,0.022167884442547678
1788924007.9488034,0.022150081522372207
1788924007.9993072,0.022125078978678395
1788924008.0494115,0.02210638821351261
1788924008.0992715,0.02208487053105439
1788924008.1491735,0.02206787165783624
1788924008.1996458,0.022030177280265257
1788924008.249571,0.02200970916652257
1788924008.2990806,0.020041052099539682
1788924008.3491588,0.020076671560454253
1788924008.3989737,0.02010596520533869
1788924008.4494479,0.020141097836204918
1788924008.4990141,0.020173102674002682
1788924008.5491471,0.020194764511060472
1788924008.5991359,0.020215718637940958
1788924008.6490383,0.02024602292283908
1788924008.6988122,0.020265067982981576
1788924008.749288,0.020283523934191673
1788924008.79923,0.020313367808296748
1788924008.849458,0.020334085175670213
1788924008.8992572,0.020348418525819263
1788924008.949005,0.020365052064034047
1788924008.9996004,0.020376814723689796
1788924009.04929,0.020389259579412747
1788924009.0999343,0.02040997085833791
1788924009.1498954,0.020420037703650383
1788924009.1988535,0.02043145793453211
1788924009.2490203,0.02043651335356705
1788924009.2996862,0.020449811026416655
1788924009.3499026,0.020454547980367874
1788924009.3997502,0.020470336168192882
1788924009.4495165,0.020476679093015607
1788924009.4993393,0.020469327287131044
1788924009.5490096,0.020480237288905963
1788924009.599251,0.020477358173402547
1788924009.6495657,0.020479028443498977
1788924009.6990325,0.020488077608812303
1788924009.749021,0.020478214310925395
1788924009.7994225,0.020478393376826522
1788924009.8492408,0.020484125418200966
1788924009.8991647,0.02048151721484947
1788924009.9490116,0.02047262733642413
1788924009.9992778,0.020462822284902236
1788924010.0488799,0.020463095679329996
1788924010.099726,0.02045243872579076
1788924010.1496913,0.0204486138097174
1788924010.1992288,0.02043810890629726
1788924010.249037,0.020430561453844434
1788924010.2997885,0.02041976192657174
1788924010.3490033,0.020407728809209984
1788924010.3992846,0.020402959492975943
1788924010.449266,0.020389266901483946
1788924010.499507,0.020377925643930636
1788924010.5492206,0.020361239753438128
1788924010.5989974,0.020350878214957593
1788924010.6489642,0.020332318504940404
1788924010.6993983,0.020320241829400933
1788924010.7498147,0.020300444291872347
1788924010.7992492,0.020284848477102553
1788924010.8497612,0.020267551976639046
1788924010.899414,0.02024493573752297
1788924010.9488416,0.0202254611441634
1788924010.9988496,0.020207793513133926
1788924011.0490122,0.02018873839502425
1788924011.0996506,0.020167240291998824
1788924011.1492393,0.02014802039619742
1788924011.1992939,0.020128777099409682
1788924011.2493653,0.02010370488991048
1788924011.2993858,0.018137446178024774
1788924011.3506389,0.018168950650343064
1788924011.398891,0.01819550226524889
1788924011.4495237,0.018221885376596355
1788924011.4993439,0.018250510789049126
1788924011.54884,0.018276952588477464
1788924011.599217,0.018294298671661057
1788924011.6487894,0.018318917560229526
1788924011.6988647,0.018337377018693892
1788924011.7490115,0.01835817533332534
1788924011.7989783,0.018378739089379856
1788924011.8490036,0.018396878434543396
1788924011.8990722,0.018412123896158997
1788924011.9489095,0.018427715887184157
1788924011.9990299,0.018441900021289377
1788924012.0490787,0.01845489550094191
1788924012.0992842,0.01846731054080097
1788924012.1489823,0.018480372445453867
1788924012.2000651,0.018491402245223235
1788924012.2488527,0.0184956523249146
1788924012.2991385,0.01850351564997737
1788924012.3490977,0.018516096692624728
1788924012.3992987,0.01852077578935306
1788924012.4492536,0.01852409160047151
1788924012.4992783,0.018528307353275937
1788924012.548995,0.018535738006781505
1788924012.599044,0.018533322948888542
1788924012.6490798,0.018535981318079348
1788924012.6992252,0.01853859270333708
1788924012.7493188,0.018544062126535844
1788924012.7991173,0.018543234162818244
1788924012.849489,0.018548756474206753
1788924012.8989913,0.018534274298214342
1788924012.9488096,0.01852756376019585
1788924012.9990225,0.018523715221704207
1788924013.0495808,0.018519821199769106
1788924013.0996156,0.018516624259445183
1788924013.1491315,0.01850782901321995
1788924013.1990178,0.018499453169173157
1788924013.2492826,0.018491253762470815
1788924013.2993095,0.018486558006507635
1788924013.3497868,0.018482852693076837
1788924013.399292,0.018463190272290295
1788924013.4495144,0.018457262088300657
1788924013.4992461,0.018444693409357994
1788924013.5496159,0.018433724274424797
1788924013.5992987,0.018415109054124492
1788924013.6490378,0.01840691165052488
1788924013.6990397,0.018386865523515022
1788924013.749367,0.018374521774177772
1788924013.7993362,0.01835820321388583
1788924013.8495061,0.018346753891508222
1788924013.8993535,0.018331297034690667
1788924013.9496543,0.01832015304292132
1788924013.999707,0.018290068768431065
1788924014.048894,0.01828440728848254
1788924014.0993483,0.018258252382530787
1788924014.148998,0.01824175406668631
1788924014.1989827,0.0182168879431587
1788924014.2490232,0.01819630635362717
1788924014.299389,0.016232636092707146
1788924014.3493247,0.016258750404953094
1788924014.3992918,0.016284067318030452
1788924014.449762,0.016317819730203586
1788924014.4987931,0.016338961167088575
1788924014.5491414,0.016358392283968612
1788924014.5991776,0.016377159024522078
1788924014.6490366,0.016409961359847798
1788924014.6990268,0.016410812452592714
1788924014.7488728,0.016432155161180174
1788924014.7990093,0.016448397523310777
1788924014.8492546,0.01646197954340836
1788924014.8989987,0.01647718680853272
1788924014.9489887,0.016495072827502358
1788924014.999191,0.016503293422479973
1788924015.049087,0.016518580722526637
1788924015.099286,0.016530753993770877
1788924015.149175,0.01654830622054012
1788924015.1993115,0.01655351735308141
1788924015.2494278,0.016557810178613675
1788924015.2992392,0.016561129048129487
1788924015.3490229,0.016575854687100867
1788924015.3992803,0.01657922418183544
1788924015.4493093,0.01658510581590945
1788924015.499721,0.01659161937246432
1788924015.5494158,0.01658894796744015
1788924015.599806,0.01658865761167459
1788924015.6496856,0.01659512462664952
1788924015.6995459,0.016599622667513993
1788924015.7494862,0.01660174275156181
1788924015.799034,0.016590062939632427
1788924015.8496902,0.01658915747502129
1788924015.8992174,0.016590954555271
1788924015.9494357,0.016587972241502373
1788924015.9992843,0.0165783484436608
1788924016.0492392,0.016577030563302404
1788924016.0990984,0.01657730421592241
1788924016.1493554,0.016569836804896258
1788924016.1992774,0.016566829615732446
1788924016.249388,0.01655059155600495
1788924016.2991176,0.01654249065863004
1788924016.349427,0.016541537835134137
1788924016.3992827,0.016536007767311272
1788924016.4492323,0.016521214174125762
1788924016.4988592,0.016514589161729674
1788924016.5489547,0.016493224416474647
1788924016.5992959,0.016484796741755427
1788924016.6493952,0.01647707374708752
1788924016.6987934,0.016465034702425174
1788924016.749558,0.016455024600515174
1788924016.7993681,0.016435619780459824
1788924016.8492877,0.016424030612014126
1788924016.8995717,0.016413411683704412
1788924016.9489658,0.01638874790230616
1788924016.9988458,0.0163753249457699
1788924017.0488944,0.016361231352169218
1788924017.0990958,0.01633919699281498
1788924017.1492891,0.0163256126753535
1788924017.1989942,0.016307136924831742
1788924017.249514,0.016287171803073115
1788924017.2993019,0.014326503729203728
1788924017.3493977,0.014348215304716081
1788924017.3993847,0.014371051256384496
1788924017.4493628,0.014391399445675822
1788924017.4994466,0.014418432880735528
1788924017.549243,0.014434034877719819
1788924017.5993588,0.01445783228522386
1788924017.6490045,0.014471567594381495
1788924017.6987011,0.0144840626769568
1788924017.7493405,0.014501852659904306
1788924017.7996707,0.014519050617539903
1788924017.8490071,0.01453909978428369
1788924017.8991427,0.014546536057779247
1788924017.9496806,0.014556148381817147
1788924017.999184,0.014575514018142156
1788924018.0492322,0.014579377518854334
1788924018.0994577,0.014596881210719366
1788924018.1494331,0.014595400294827683
1788924018.199441,0.01460650295840995
1788924018.2495837,0.014617587009345909
1788924018.2988958,0.01462031415570904
1788924018.3494196,0.014623113608719172
1788924018.399116,0.014633756248496771
1788924018.4488146,0.014632401164983658
1788924018.4992514,0.014647676108103708
1788924018.5495148,0.014641577537106001
1788924018.5998287,0.014640397361797494
1788924018.6492763,0.014645042920737405
1788924018.6990225,0.014645452151377192
1788924018.7492793,0.014651847028278542
1788924018.799253,0.014647462740230514
1788924018.8494508,0.014642779463250967
1788924018.8992965,0.014646633181911487
1788924018.949279,0.014638721282533058
1788924018.9990277,0.014643650507816621
1788924019.049281,0.014636486509941178
1788924019.0994563,0.014628982535069775
1788924019.1490142,0.014624208542744635
1788924019.1990144,0.014616444291953773
1788924019.2494516,0.014611277747608948
1788924019.2995725,0.01460371953349432
1788924019.349293,0.014600287494585062
1788924019.3991265,0.014594122083860914
1788924019.4495666,0.014582044353410447
1788924019.499291,0.014570660563863512
1788924019.5490134,0.014565852691116165
1788924019.5993085,0.014552012698675584
1788924019.6491528,0.014542174038040319
1788924019.6990857,0.014532511182441643
1788924019.7496147,0.014519915241033897
1788924019.7994282,0.014511373235402508
1788924019.8494208,0.014495257984159293
1788924019.8991525,0.014490061734535745
1788924019.9492338,0.0144729349454387
1788924019.9991014,0.01445897762246173
1788924020.049304,0.014443360032835948
1788924020.0994837,0.014432636516744717
1788924020.149427,0.014418389433089434
1788924020.199618,0.014395300329857044
1788924020.2493281,0.01438015909871939
1788924020.2992775,0.012413377591143698
1788924020.3492253,0.012438319766312914
1788924020.3994446,0.012459497014181243
1788924020.4496188,0.01247876492468145
1788924020.4990535,0.012500517209200854
1788924020.5491254,0.0125095516559441
1788924020.5988824,0.012529664754401263
1788924020.6489737,0.012540379247583494
1788924020.6990027,0.012553689652062666
1788924020.7497323,0.012568970766256985
1788924020.7990723,0.012585567389960275
1788924020.8496556,0.012594931918710693
1788924020.899194,0.012614681240212604
1788924020.9493015,0.012619203564963917
1788924020.998989,0.012625360459131154
1788924021.0492506,0.012636284621563618
1788924021.0990906,0.01264290380751459
1788924021.1492836,0.01265278561103509
1788924021.1989524,0.012662306588977261
1788924021.2492867,0.012666447979656445
1788924021.2992215,0.012674212901075226
1788924021.348999,0.012678555720118237
1788924021.399315,0.012679689817263425
1788924021.4490168,0.012692000500103379
1788924021.4992287,0.012688658981739008
1788924021.54927,0.012696815342588087
1788924021.5989776,0.012692013290659927
1788924021.648999,0.012693059721310934
1788924021.699048,0.012698731482991778
1788924021.7494123,0.01269745956203226
1788924021.799302,0.012699030651793832
1788924021.84902,0.012698768290197296
1788924021.8992755,0.012698622948687887
1788924021.9492893,0.012687993402425017
1788924021.999082,0.012687936882158182
1788924022.0488098,0.012684883135481401
1788924022.0990036,0.012680789911437037
1788924022.1490924,0.012676312058479985
1788924022.199028,0.012672845714374352
1788924022.249132,0.012670461666682294
1788924022.2990768,0.012664730973206839
1788924022.3492975,0.012654726264119577
1788924022.3993192,0.012655577242492357
1788924022.449594,0.012647357884734426
1788924022.49907,0.012633471776368586
1788924022.549342,0.012624655504913856
1788924022.59897,0.0126164453514849
1788924022.6488192,0.012606917116049927
1788924022.6991253,0.012597878092491145
1788924022.749296,0.012590443727580536
1788924022.7996335,0.0125753181216722
1788924022.849635,0.01256796596078636
1788924022.898865,0.012559993781156608
1788924022.9492793,0.012545283449763764
1788924022.9989805,0.012532702726932096
1788924023.0489588,0.012521178508008069
1788924023.0989275,0.012507355562324761
1788924023.1491265,0.012497078486219036
1788924023.19895,0.01248016389481822
1788924023.2493126,0.012467680299992623
1788924023.2990372,0.010503745676106775
1788924023.349288,0.01052806452827057
1788924023.399042,0.01053999350026363
1788924023.448992,0.010553581414040036
1788924023.4991295,0.010567080634931598
1788924023.5488958,0.010588063470997014
1788924023.5992265,0.010597211013048424
1788924023.6490514,0.010613840774299709
1788924023.698831,0.01062142112387957
1788924023.7492926,0.010631880805071747
1788924023.7989972,0.010649715944043117
1788924023.8493361,0.010657009248190519
1788924023.8992515,0.010666832119990035
1788924023.9492836,0.010680075136005301
1788924023.9990427,0.010685617742883314
1788924024.0493433,0.01070277875604516
1788924024.0992963,0.010708513012919377
1788924024.1493404,0.010708012420841483
1788924024.1989834,0.010721409572889185
1788924024.249305,0.01072306452273357
1788924024.2993426,0.010726260818624612
1788924024.348844,0.010727215009372149
1788924024.399073,0.010729680637134633
1788924024.4491093,0.010735087156952643
1788924024.4989982,0.010736686393727997
1788924024.5494556,0.010739445971453624
1788924024.5991828,0.010745480547389606
1788924024.6493697,0.010743464505550497
1788924024.6990628,0.010751589257832445
1788924024.7493703,0.01074337870124199
1788924024.799389,0.010747290912414184
1788924024.8492103,0.010742234586729562
1788924024.8990111,0.010744138476831467
1788924024.9489934,0.010739425627552755
1788924024.9987876,0.010737287367401411
1788924025.048948,0.010734613867134674
1788924025.09955,0.01073064080997885
1788924025.1490734,0.010728104066288123
1788924025.1989806,0.010724670313621506
1788924025.249016,0.010718662941345531
1788924025.299018,0.010715048025327297
1788924025.3490074,0.01071090339170982
1788924025.3991232,0.010704237670153324
1788924025.4488802,0.010703477947197228
1788924025.4987621,0.010691740082336698
1788924025.5496058,0.010683528454208582
1788924025.5989778,0.010681964696963909
1788924025.6491024,0.010671330382589219
1788924025.6992495,0.01066150507605238
1788924025.749008,0.01065426039983891
1788924025.798974,0.010646677967251996
1788924025.8490038,0.010637015039524505
1788924025.8990004,0.010627583243842675
1788924025.9492018,0.010619012241086188
1788924025.9989529,0.010613363327185975
1788924026.0493696,0.01059756420171212
1788924026.0998406,0.010591001078178296
1788924026.1490085,0.01057477035605072
1788924026.1991692,0.010562629963188849
1788924026.2492523,0.010563223407245264
1788924026.2989206,0.008593129618491768
1788924026.3493133,0.0086032765117603
1788924026.3989022,0.008628533250906683
1788924026.4493988,0.008630487137313875
1788924026.4995792,0.008644156900600242
1788924026.548999,0.008660196234661428
1788924026.599069,0.008666703136591958
1788924026.6489744,0.008677744448084652
1788924026.6986642,0.008686465071434646
1788924026.7490437,0.008696909082779532
1788924026.7990866,0.00870889811842405
1788924026.8490772,0.00871612591822665
1788924026.8989608,0.008739082404364109
1788924026.949091,0.008731895735986794
1788924026.9990015,0.008738910020544496
1788924027.0490122,0.0087441856971509
1788924027.0990467,0.008751980501665237
1788924027.149006,0.008757720749100544
1788924027.1990592,0.008762757053473286
1788924027.2490058,0.008767521475571288
1788924027.2988536,0.008771968727976786
1788924027.3490517,0.008774296874762184
1788924027.3990088,0.008778824775832642
1788924027.448939,0.008781717173723428
1788924027.499032,0.008783968177589856
1788924027.54929,0.008785850647547217
1788924027.599001,0.008791567140168596
1788924027.6492918,0.008788659538132662
1788924027.6997988,0.008790060426724748
1788924027.749484,0.008793678771918324
1788924027.7990718,0.008790179168967677
1788924027.8491056,0.008789320851711442
1788924027.8990011,0.008788453898590258
1788924027.948997,0.008786665118273225
1788924027.9990194,0.00878585686289263
1788924028.049323,0.00878224333688224
1788924028.0992937,0.008780564347378637
1788924028.1489859,0.008784325836076395
1788924028.199006,0.008774562064856382
1788924028.2492034,0.00877530017894356
1788924028.2997663,0.008769383312262114
1788924028.3490021,0.008762501219576859
1788924028.3992755,0.00875868653983612
1788924028.4490333,0.008760058677442844
1788924028.4989986,0.008748396912091571
1788924028.5489883,0.00874310111851391
1788924028.599199,0.008738742472545772
1788924028.648956,0.008732227663715772
1788924028.6993234,0.008726162543779094
1788924028.748995,0.00871947914985945
1788924028.7990007,0.00871139133634831
1788924028.8490748,0.008702183641122537
1788924028.8989587,0.008697015492023969
1788924028.9488838,0.008688813338816418
1788924028.9988265,0.00867930149956539
1788924029.0489237,0.008670510060989697
1788924029.0988486,0.008663642842991667
1788924029.1490586,0.008653926631125596
1788924029.19886,0.008644790274770555
1788924029.2490017,0.008635927580235377
1788924029.2989256,0.0066728222361791744
1788924029.3492792,0.006683739199389949
1788924029.399004,0.006695328876418221
1788924029.4490044,0.006705697171220589
1788924029.4990199,0.006716870916414232
1788924029.5492992,0.006725620447833811
1788924029.599289,0.006732665075153907
1788924029.6490965,0.0067487503278605455
1788924029.6988132,0.0067516369081314425
1788924029.7488194,0.006758172008198768
1788924029.7990272,0.006764830756287454
1788924029.8488617,0.006774128945805297
1788924029.8988092,0.006779212936503489
1788924029.9490962,0.006784507137746414
1788924029.9989715,0.006792381233897268
1788924030.0489516,0.006795481578495768
1788924030.0988848,0.0068036869787165225
1788924030.148958,0.006804179385279513
1788924030.199882,0.00680941671536238
1788924030.249127,0.006816070227562178
1788924030.2990189,0.006818836606108756
1788924030.349054,0.006824730809764556
1788924030.3988652,0.006824709170292663
1788924030.4492812,0.006824308094291482
1788924030.4992757,0.00683318362985644
1788924030.5492773,0.006832760790955816
1788924030.599276,0.006834159221826111
1788924030.6491268,0.006833371015010417
1788924030.699125,0.006833228094521472
1788924030.749292,0.006834649929544906
1788924030.7991102,0.006842715612458914
1788924030.8492563,0.0068356918710548355
1788924030.8993542,0.006840544178316673
1788924030.949238,0.006836317108578884
1788924030.999003,0.006833586820691356
1788924031.0489404,0.006828759884580581
1788924031.0988312,0.006826916945370433
1788924031.1490085,0.006825164146764154
1788924031.19885,0.0068233290443874385
1788924031.248987,0.006819978001658024
1788924031.2990158,0.006818271828246887
1788924031.3488724,0.006815189756612788
1788924031.398989,0.006810276391050477
1788924031.4490044,0.006810132006555952
1788924031.4989119,0.006803426801437273
1788924031.5488443,0.006799561013993096
1788924031.5992963,0.006795447392415513
1788924031.6495183,0.0067931366774978495
1788924031.6988535,0.0067850494275166475
1788924031.7490013,0.0067801597487286164
1788924031.7995775,0.006774474949281987
1788924031.8490956,0.0067680837143564805
1788924031.899172,0.00676538053486645
1788924031.9489632,0.006759963264959118
1788924031.9989543,0.006752550238405548
1788924032.0490382,0.006746401404705614
1788924032.0988455,0.0067393942673525725
1788924032.1490502,0.006732463847578379
1788924032.1991537,0.006725725467429865
1788924032.2488344,0.006716954105173209
1788924032.299011,0.004754774324322205
1788924032.3489964,0.004763468300746925
1788924032.3990543,0.004769124842386282
1788924032.4491367,0.004779535385679396
1788924032.499064,0.004791885988794085
1788924032.5489757,0.004806130595430207
1788924032.5989878,0.004798510582815293
1788924032.6489549,0.004815358620764156
1788924032.6988652,0.004812858119958104
1788924032.7490487,0.004817754345635959
1788924032.7989938,0.00482471505482035
1788924032.8489673,0.0048277888856900104
1788924032.8987052,0.004834492095825338
1788924032.948862,0.004838270129961977
1788924032.9989686,0.004843559580065977
1788924033.048912,0.004847559904311893
1788924033.0988638,0.00485116432466462
1788924033.1488645,0.004854931328981687
1788924033.1989717,0.0048558431207105695
1788924033.2488854,0.004860683453446433
1788924033.2990189,0.004862908795968354
1788924033.3490026,0.004866409117460143
1788924033.39895,0.004868375625314856
1788924033.4488888,0.004870190202355187
1788924033.4988391,0.004869986260221968
1788924033.5490007,0.004873439554384266
1788924033.59904,0.004872616898758865
1788924033.649039,0.004875719900075818
1788924033.6992562,0.004876718909790471
1788924033.7490535,0.004874582427423487
1788924033.7992933,0.004877554892837998
1788924033.849518,0.004887259351591028
1788924033.8989334,0.004874605903742182
1788924033.9488845,0.004875059777592235
1788924033.9987996,0.0048733197333332085
1788924034.0489566,0.004874515384999121
1788924034.0990071,0.004870877580281622
1788924034.1489973,0.004872884292187609
1788924034.1990328,0.00486874298646833
1788924034.2491229,0.004869174415702083
1788924034.2987053,0.004867404910772618
1788924034.349041,0.004863997980001975
1788924034.3989997,0.004863067241197346
1788924034.4490063,0.004860944771085002
1788924034.4988513,0.004858065744606506
1788924034.5489736,0.004855623082444308
1788924034.59907,0.004851421719183861
1788924034.6489246,0.0048490231364867655
1788924034.6989934,0.004845125468698217
1788924034.7490432,0.004842372673616458
1788924034.799075,0.004838703762098995
1788924034.8488767,0.004835445901329165
1788924034.8988397,0.00483076743880442
1788924034.9490695,0.004824806128471757
1788924034.999007,0.004822823090942429
1788924035.048755,0.004819467918367929
1788924035.0996006,0.004812945259849278
1788924035.148964,0.0048088567715796485
1788924035.198992,0.004801983043795986
1788924035.2494006,0.0047989775771081706
1788924035.2988472,0.0028365101739652536
1788924035.3490145,0.0028404719436144043
1788924035.399066,0.0028484569629443
1788924035.4490879,0.002851897979249518
1788924035.4989884,0.0028567593134723444
1788924035.5493045,0.0028614663234950827
1788924035.5990105,0.002866351664656146
1788924035.6489549,0.002870154241401875
1788924035.6988535,0.0028725601620768868
1788924035.7492993,0.0028777444001850416
1788924035.7989979,0.002882923098337648
1788924035.8488576,0.0028846750091772524
1788924035.8989875,0.002888356922601749
1788924035.9493341,0.002891251019038701
1788924035.9990313,0.0028944263090339684
1788924036.0490139,0.0028973910267113554
1788924036.099285,0.0028996805513116326
1788924036.1489904,0.0029004666414988623
1788924036.1989954,0.002904954449373377
1788924036.2490807,0.002906234598300541
1788924036.298886,0.0029083129372809934
1788924036.3494785,0.0029094516538157233
1788924036.3992972,0.0029156590579162713
1788924036.4489381,0.0029182518883204365
1788924036.4989974,0.0029141772369555437
1788924036.5492938,0.0029150900747307454
1788924036.5992951,0.0029144049093696883
1788924036.6491852,0.002918096772023174
1788924036.6993103,0.002916094184471103
1788924036.7490156,0.0029248061917585945
1788924036.7991257,0.0029196261789427302
1788924036.8493931,0.0029192524384831753
1788924036.8990705,0.0029170735807427677
1788924036.9489532,0.0029175954902942447
1788924036.998864,0.0029188521839659085
1788924037.049036,0.002918756068440924
1788924037.09889,0.0029193620804180945
1788924037.14956,0.0029180510306596377
1788924037.1990342,0.002917171535214662
1788924037.2488875,0.002917622281245202
1788924037.298824,0.0029157262207388157
1788924037.3490977,0.002914555883018879
1788924037.3989098,0.0029141888309606443
1788924037.4487965,0.002912336318780387
1788924037.4988813,0.0029095188447524423
1788924037.5490208,0.002908914077958344
1788924037.5989773,0.0029077830095830455
1788924037.6489973,0.00290612716836155
1788924037.6990054,0.00290521927500894
1788924037.7490242,0.002902836411595049
1788924037.7988741,0.0029007514271540036
1788924037.8489542,0.0028975974997644013
1788924037.8992224,0.0029004882241794195
1788924037.9492815,0.002896834562863642
1788924037.9988372,0.0028975639759436125
1788924038.0490596,0.0028876360675150533
1788924038.0990205,0.0028864831561741817
1788924038.148995,0.0028839723222992423
1788924038.1988492,0.0028800279760923665
1788924038.249089,0.0028769572741964284
1788924038.2994566,0.0009208342101696136
1788924038.3490453,0.0009216784895126865
1788924038.3990145,0.0009250707875459168
1788924038.448996,0.0009276528655787832
1788924038.4995813,0.0009283465630240487
1788924038.5489957,0.0009300613676997945
1788924038.5990086,0.0009329234209585245
1788924038.6490245,0.0009349995690328428
1788924038.698816,0.0009367677197331668
1788924038.7492983,0.0009390562159693689
1788924038.7990003,0.0009397689600115015
1788924038.8492975,0.0009438197489452428
1788924038.8991601,0.0009449878071562996
1788924038.9493005,0.0009450047031737059
1788924038.9991724,0.0009494346847404086
1788924039.048852,0.000949666125504194
1788924039.0992591,0.000949252611737568
1788924039.1492994,0.0009522537784563429
1788924039.198993,0.0009523816863966927
1788924039.2492938,0.0009531010517779383
1788924039.2990444,0.0009558230713684106
1788924039.3488555,0.0009552953951036838
1788924039.399055,0.0009549562902763551
1788924039.4490898,0.0009568888608735763
1788924039.4988782,0.0009580617541489231
1788924039.5490534,0.0009582977521411144
1788924039.5990636,0.000961901869342216
1788924039.6490152,0.0009627477028245257
1788924039.699296,0.0009631814015517735
1788924039.7490401,0.0009695551297721137
1788924039.7990484,0.0009637274833540194
1788924039.8496854,0.00096458351571696
1788924039.898978,0.0009635557364816607
1788924039.9493268,0.0009675248004805973
1788924039.9990747,0.0009663993155958872
1788924040.0488935,0.0009643920502655998
1788924040.0988712,0.0009670819462229774
1788924040.1489189,0.0009639252708817327
1788924040.1989877,0.0009667117837599114
1788924040.2492802,0.0009673998079228662
1788924040.2989917,0.0009682164659345528
1788924040.349032,0.0009679723348043668
1788924040.398995,0.0009676382019543607
1788924040.4489639,0.0009673385826251932
1788924040.498914,0.0009672910003586447
1788924040.5488608,0.0009667711651108865
1788924040.5992472,0.0009668960596836782
1788924040.6488676,0.000966729249109937
1788924040.698999,0.0009656454769677999
1788924040.7488315,0.0009662776001435749
1788924040.798814,0.0009695051028180199
1788924040.8493013,0.0009657282256554025
1788924040.8989902,0.0009634577106297492
1788924040.9489386,0.000963282699353549
1788924040.9989316,0.0009658437092939463
1788924041.049567,0.0009687442320147012
1788924041.099026,0.0009634663162249109
1788924041.1488667,0.0009628830258267197
1788924041.1990905,0.0009611358968603629
1788924041.2490065,0.0009614766927578912
1788924041.2990005,0.0010181338680244356
1788924041.3489325,0.001018470993770504
1788924041.3990245,0.0010196884784035602
1788924041.4488516,0.00101911489778366
1788924041.4989743,0.0010207217071578928
1788924041.5490406,0.0010208929823913968
1788924041.5989609,0.0010199277480956745
1788924041.6490345,0.0010204679046146132
1788924041.6986747,0.0010223790299058936
1788924041.7489886,0.0010216044649123896
1788924041.7989395,0.001020643090567969
1788924041.8488467,0.0010194782239347536
1788924041.8988652,0.001023344686048158
1788924041.9491081,0.001022867533957033
1788924041.9988186,0.0010197649233529807
1788924042.0489933,0.0010199765566556223
1788924042.099009,0.00102008772146593
1788924042.1496768,0.0010191205890371334
1788924042.1992261,0.0010191705872783852
1788924042.2490964,0.0010206786383846664
1788924042.298839,0.001018195835756056
1788924042.349016,0.0010179705024381117
1788924042.3990693,0.0010174895445589035
1788924042.448994,0.0010165140629457817
1788924042.4991286,0.0010166075815669258
1788924042.5492203,0.0010164578608780547
1788924042.5990016,0.0010147625474813983
1788924042.64945,0.0010147693337497344
1788924042.699049,0.001015447464240887
1788924042.7491248,0.0010129790674723578
1788924042.7992468,0.0010104525379383642
1788924042.8490264,0.0010134964788060684
1788924042.8993578,0.0010100515516351994
1788924042.9489996,0.0010100770785853599
1788924042.9991302,0.0010103108605054483
1788924043.049109,0.0010099055585165405
1788924043.098832,0.0010073266033306543
1788924043.1490264,0.0010062266411821087
1788924043.1987422,0.0010042941729043022
1788924043.2488701,0.0010056914696441584
1788924043.2988322,0.0010030928260564335
1788924043.3491313,0.0010011665663574394
1788924043.3995254,0.0010003991018783455
1788924043.4490085,0.0009959069027403826
1788924043.4989965,0.0009976005994169887
1788924043.5493364,0.0009970629628126453
1788924043.5990891,0.000996358988151203
1788924043.6495817,0.0009934488096571504
1788924043.6990063,0.000993863726238241
1788924043.7490985,0.0009922401992151246
1788924043.798977,0.000990161253495262
1788924043.8489947,0.000987973717479533
1788924043.8991292,0.000988271009418939
1788924043.9492643,0.0009796314501596469
1788924043.9989707,0.000982855740221758
1788924044.0489995,0.0009839403684355616
1788924044.0989585,0.0009827706253328597
1788924044.1488984,0.0009811304647456575
1788924044.1990905,0.0009788872488271161
1788924044.2489896,0.0009775932278143478
1788924044.299047,0.002937252294089384
1788924044.3488197,0.002939674674986754
1788924044.399439,0.0029426822644538823
1788924044.448996,0.002946943032644001
1788924044.498903,0.0029490568217289126
1788924044.549284,0.0029521445682505524
1788924044.5990105,0.0029538897473088636
1788924044.6490695,0.002956166712453331
1788924044.698853,0.0029587157002728686
1788924044.7495456,0.0029634278807239424
1788924044.7990205,0.0029629077486723826
1788924044.8492959,0.00296421293404055
1788924044.898998,0.002967452991160717
1788924044.9489753,0.0029677638914879056
1788924044.9990013,0.0029685598974021343
1788924045.0489376,0.002968926722881431
1788924045.099089,0.002971128617873386
1788924045.1490018,0.002971401788143251
1788924045.198883,0.0029721945977818484
1788924045.249066,0.0029735355835614624
1788924045.299005,0.0029729240802132315
1788924045.3490183,0.0029734195840893513
1788924045.3993018,0.002973562327615786
1788924045.4488873,0.002965325046133281
1788924045.4989855,0.0029741255520779786
1788924045.5488665,0.0029734221841760107
1788924045.5988717,0.002973672886476573
1788924045.6490183,0.002972637183177674
1788924045.6993828,0.0029713334548764517
1788924045.7489598,0.0029702002699732695
1788924045.7992854,0.002969445200363433
1788924045.8490195,0.0029678093004058123
1788924045.899014,0.0029670701254729892
1788924045.94883,0.0029658245973708175
1788924045.9989827,0.0029644203335569023
1788924046.0489748,0.0029623856159748294
1788924046.099052,0.0029611732287390656
1788924046.149025,0.002959296034227394
1788924046.199,0.0029576940360161656
1788924046.2488558,0.002957121809741923
1788924046.2989132,0.0029541086305089606
1788924046.3488503,0.0029514550941099017
1788924046.3989904,0.002949997335738496
1788924046.4490082,0.002946358383189337
1788924046.4989977,0.00294439681793056
1788924046.5488636,0.0029431496883045843
1788924046.599001,0.0029403819925808584
1788924046.6490076,0.0029362626235544887
1788924046.699095,0.002935081096274623
1788924046.7491395,0.002929911241776164
1788924046.7989926,0.002927290697620631
1788924046.8492665,0.0029242617357849512
1788924046.8989959,0.0029228261184915958
1788924046.9492722,0.0029178681573733033
1788924046.9990816,0.002916163285111415
1788924047.0488627,0.0029105537841719975
1788924047.0988805,0.0029089148062007627
1788924047.1490734,0.002903940768954114
1788924047.1990092,0.0028995439574547297
1788924047.2489963,0.0028963065013945474
1788924047.2989805,0.004860135069997057
1788924047.348848,0.004864785198108441
1788924047.3990128,0.004872160558333322
1788924047.4490037,0.004877252753554683
1788924047.498918,0.004882190745081091
1788924047.5488641,0.004889458696558809
1788924047.59902,0.00489498532288886
1788924047.6496177,0.004897409569578624
1788924047.6989846,0.004903277046799799
1788924047.749445,0.004907216929648789
1788924047.7990408,0.004910235663458227
1788924047.8489861,0.004912621993147912
1788924047.898957,0.004917385142701899
1788924047.9490178,0.00491915066155149
1788924047.9990811,0.004922813620141708
1788924048.048996,0.004925518001501583
1788924048.099025,0.004924420156913912
1788924048.1488647,0.004926745123775656
1788924048.1988137,0.004930154593656274
1788924048.2492843,0.0049209730688616424
1788924048.2990444,0.004932939851299748
1788924048.3495808,0.004930513347679108
1788924048.399147,0.004934523398983444
1788924048.449381,0.004930945361330234
1788924048.4991105,0.004931004866421346
1788924048.5492816,0.004933643277047904
1788924048.5990133,0.004933608866527919
1788924048.6496255,0.0049333892033875774
1788924048.6992319,0.004933342186684611
1788924048.7494311,0.004931831718628882
1788924048.7996125,0.004928092336963253
1788924048.8496125,0.004926667379471504
1788924048.899195,0.004929492743926273
1788924048.9496295,0.004918378343917847
1788924048.999682,0.004925324250798246
1788924049.0493567,0.004922850339456031
1788924049.0991926,0.004920587904908948
1788924049.14925,0.00491395197119735
1788924049.1993687,0.004907929674613145
1788924049.24901,0.00490819304642671
1788924049.2993286,0.004907863303666827
1788924049.3490496,0.00489854643926073
1788924049.3994193,0.0049019199995558255
1788924049.4494107,0.004898176576106793
1788924049.4989986,0.0048948272980783
1788924049.5489242,0.004890960239692242
1788924049.5990162,0.004886942633123695
1788924049.6488254,0.004875651494729334
1788924049.6990545,0.004875230698675639
1788924049.749029,0.004874520930351963
1788924049.7990167,0.004867820324961692
1788924049.8490255,0.004863879585148704
1788924049.8990114,0.004858304697754462
1788924049.9488027,0.00485370653208346
1788924049.9990776,0.004849321358854862
1788924050.0489786,0.004841407029726522
1788924050.0988643,0.004836529370107044
1788924050.149298,0.00483316876399955
1788924050.1997178,0.0048241484290521474
1788924050.248997,0.004818628063608827
1788924050.2993107,0.0067829255165079245
1788924050.349182,0.006792406731432584
1788924050.3990068,0.006801673096040221
1788924050.44942,0.006809939977712844
1788924050.4989507,0.006817525697470607
1788924050.5495937,0.006824780702069741
1788924050.5990148,0.006833017535029795
1788924050.6488993,0.006839067968442648
1788924050.6988528,0.006846846001307044
1788924050.7489734,0.0068529633797426584
1788924050.798877,0.006856104377123244
1788924050.8488445,0.006863609558007844
1788924050.8989623,0.006867468291596084
1788924050.9489844,0.006871208967947904
1788924050.999013,0.006876283615098193
1788924051.049043,0.0068799182470852035
1788924051.0990016,0.006882679165077564
1788924051.1488817,0.006885983510599874
1788924051.1989975,0.006890751580183397
1788924051.2488792,0.006890431461561443
1788924051.299024,0.006889937943860943
1788924051.3491137,0.006894219119368464
1788924051.3991244,0.006894985155889673
1788924051.448817,0.0068937247968968544
1788924051.499261,0.0068970096927031856
1788924051.5492878,0.00689646681574815
1788924051.598835,0.006897530520333149
1788924051.6490128,0.006897599698740265
1788924051.69899,0.006894950193171886
1788924051.7488456,0.006894628839252797
1788924051.7990828,0.006893142183323933
1788924051.8488305,0.006891134554852059
1788924051.8990333,0.006889664838346224
1788924051.9489913,0.006888912638047613
1788924051.99915,0.006884552191125631
1788924052.0488455,0.006882072576737818
1788924052.0990205,0.0068804422845857634
1788924052.1497383,0.006875726546342315
1788924052.1990495,0.006873256414164069
1788924052.24908,0.006868342683815466
1788924052.298879,0.0068639228014295
1788924052.3496175,0.006858760986664547
1788924052.3989935,0.0068552421098868515
1788924052.4489067,0.00684991579571295
1788924052.498919,0.006847556951045538
1788924052.5488446,0.006842452266355941
1788924052.5989995,0.0068345814516128645
1788924052.6489923,0.006830246160910078
1788924052.6990356,0.006823685037374018
1788924052.7490022,0.006816851735839305
1788924052.7990062,0.006810491176651874
1788924052.8489742,0.0068040216690504725
1788924052.899005,0.006798659026074518
1788924052.9497497,0.006790154020505391
1788924052.9990003,0.0067828262766061
1788924053.048989,0.006775101625313357
1788924053.0988443,0.0067693626586633575
1788924053.1490352,0.006761626323641961
1788924053.1989923,0.0067521180064822744
1788924053.2490215,0.0067454325868779455
1788924053.298911,0.008707952577169747
1788924053.3489997,0.008719206699907167
1788924053.399099,0.00873198602749361
1788924053.4489846,0.00874196296190938
1788924053.4988976,0.008753992556085064
1788924053.548867,0.008763380488632962
1788924053.5988388,0.008772661077547894
1788924053.649014,0.008781761663131672
1788924053.6989286,0.00879159613433408
1788924053.7490096,0.00879915456417308
1788924053.7988336,0.00880546240409786
1788924053.849051,0.008813083176855675
1788924053.8989823,0.008819994740747324
1788924053.9489958,0.00882461655767368
1788924053.9989495,0.008831435386067515
1788924054.048952,0.008835455325765396
1788924054.0990338,0.008840482827049299
1788924054.1492884,0.008844748612418683
1788924054.1990166,0.00884554171134582
1788924054.2488327,0.008850021648544903
1788924054.2987664,0.008853515786835376
1788924054.3490145,0.008855133879293464
1788924054.39956,0.008856692200480827
1788924054.448864,0.008857810440779853
1788924054.49898,0.008859753479149496
1788924054.54905,0.00885779140338816
1788924054.5994163,0.008859134213518046
1788924054.6489847,0.008858717710015602
1788924054.698991,0.00885686677169399
1788924054.7489982,0.00885845667716258
1788924054.7992773,0.008856495085110641
1788924054.8489804,0.008853239552948202
1788924054.8990104,0.00885224201416443
1788924054.9496505,0.00884400488628621
1788924054.999019,0.00884538219520576
1788924055.0492558,0.008842022292807337
1788924055.0991917,0.008839634516265042
1788924055.149856,0.008833534662317307
1788924055.1989443,0.008829861084232029
1788924055.2488606,0.008825450765008694
1788924055.2989838,0.00882059718514839
1788924055.3492765,0.008814646758577885
1788924055.398989,0.008808533841648506
1788924055.4488666,0.008803000668406655
1788924055.4990084,0.008797222702915825
1788924055.5488758,0.008789500204573506
1788924055.5993555,0.008784860505008736
1788924055.64942,0.008774653003297692
1788924055.6997795,0.008767895345775064
1788924055.748972,0.008760719428965518
1788924055.7990067,0.008752531551818156
1788924055.8490071,0.008743718505682075
1788924055.8988464,0.008735603252069636
1788924055.9490027,0.008727512078539947
1788924055.9990084,0.008717107943158506
1788924056.0488636,0.00870860074746196
1788924056.0988586,0.00870010468708695
1788924056.1492758,0.008688900947290634
1788924056.1989977,0.008679052049374476
1788924056.2488463,0.008668457595422254
1788924056.2990024,0.010630285165352724
1788924056.3489559,0.010646117544358569
1788924056.398839,0.010661914607345835
1788924056.449,0.010675435038725757
1788924056.4990003,0.01068923783817679
1788924056.548953,0.010700803366882783
1788924056.5991657,0.010712793874877106
1788924056.649855,0.010724985569696614
1788924056.6988053,0.010735511150464361
1788924056.748881,0.010745144201090413
1788924056.7989948,0.010753916395980567
1788924056.8489292,0.010763496123028066
1788924056.8989632,0.010770541143456375
1788924056.948826,0.01077764240321743
1788924056.9989495,0.010785032511979733
1788924057.0489175,0.010790879807933255
1788924057.0988684,0.010797128708030977
1788924057.1492584,0.010801950418019197
1788924057.1988883,0.010805655515981349
1788924057.2486947,0.010811369150106538
1788924057.2989028,0.010813693251602143
1788924057.3489995,0.010815979760648997
1788924057.3989887,0.010818073967663218
1788924057.449285,0.01081995129031744
1788924057.498883,0.010821006460540246
1788924057.5488706,0.010822096280362742
1788924057.5991066,0.010822481320079616
1788924057.648835,0.010822504169060483
1788924057.6989918,0.010822001495923578
1788924057.749035,0.010819652953187573
1788924057.799578,0.01081803223739019
1788924057.8496037,0.01081565745121475
1788924057.8988507,0.010813341802032958
1788924057.949001,0.010810585755881874
1788924057.9990017,0.01080647774540748
1788924058.049037,0.010802529783370526
1788924058.0989106,0.010799355727441872
1788924058.1497118,0.010793909876269749
1788924058.1992614,0.010787991108021044
1788924058.2488732,0.010781554733681035
1788924058.2990096,0.010777090598803645
1788924058.3489752,0.010769848781863677
1788924058.399101,0.010762552140393095
1788924058.448867,0.010755667778365837
1788924058.498951,0.010748193675343002
1788924058.5488794,0.01074031090381988
1788924058.599276,0.010732196288942444
1788924058.648974,0.01072318693544408
1788924058.6991236,0.01071194084113841
1788924058.7496119,0.010701807848365887
1788924058.7990398,0.01069308326186131
1788924058.8498678,0.010685033491836134
1788924058.8989937,0.01067567672921343
1788924058.9489026,0.010663926141110358
1788924058.9988918,0.010653655785575526
1788924059.049009,0.010642329984133616
1788924059.0991971,0.010631377783687338
1788924059.1490326,0.010617469581554016
1788924059.199245,0.010605658534389543
1788924059.2491162,0.01058912069788488
1788924059.2991877,0.012555813813690933
1788924059.3492317,0.012571934885665098
1788924059.3989878,0.012590340463972397
1788924059.4490554,0.012607839398148442
1788924059.4990535,0.01262384718254433
1788924059.5496097,0.012638749982032934
1788924059.5998895,0.01264973427210782
1788924059.649016,0.012664587481668217
1788924059.6988447,0.012680026261308824
1788924059.7493544,0.012691720695715924
1788924059.7992883,0.012703337560562852
1788924059.849287,0.012712460505482156
1788924059.8989854,0.012723050364962154
1788924059.9489827,0.012731369944080315
1788924059.9988868,0.012738832203763765
1788924060.0488236,0.012745160125407018
1788924060.0990362,0.012753692944287806
1788924060.1488802,0.012759951966876203
1788924060.1988077,0.012765666239450812
1788924060.2490175,0.012771590051100751
1788924060.2990026,0.012774161358708874
1788924060.3490276,0.012777659080699307
1788924060.3990242,0.012781289126983711
1788924060.4489882,0.012782258584386407
1788924060.4988656,0.012784243803370733
1788924060.549061,0.012784944900785829
1788924060.5990064,0.012784893233689375
1788924060.6489975,0.012785146735551107
1788924060.698867,0.012783994144505813
1788924060.7494273,0.012782896928812943
1788924060.7991948,0.01278083037780111
1788924060.8493118,0.012776725487476513
1788924060.8990045,0.012776535849507172
1788924060.9490113,0.012772151524457676
1788924060.9989977,0.012767886873557597
1788924061.048991,0.0127634440859276
1788924061.098862,0.012759274555000878
1788924061.149254,0.012753218411681913
1788924061.1992214,0.012746349611981142
1788924061.249858,0.012739933408896339
1788924061.2990773,0.012733113241474626
1788924061.3490717,0.012725421152733951
1788924061.399448,0.012717488958229209
1788924061.4490993,0.012708644117106637
1788924061.498814,0.012700985463411883
1788924061.5488904,0.012691012473318804
1788924061.598986,0.012679019396914678
1788924061.6488206,0.012670208877043976
1788924061.6989896,0.012660361238004007
1788924061.7493348,0.012650355154479419
1788924061.7992105,0.012637927998858595
1788924061.848958,0.012625762710460856
1788924061.8990731,0.012614094503127296
1788924061.949219,0.012601311608324048
1788924061.998995,0.01258844780928771
1788924062.0493176,0.012575220529142065
1788924062.0988848,0.012561470415503326
1788924062.1492424,0.012547686992421486
1788924062.1990395,0.012533095224915027
1788924062.249033,0.012518319433476722
1788924062.298992,0.014479960802436392
1788924062.3492506,0.014501405399693008
1788924062.3989458,0.01452146798273209
1788924062.4489987,0.014541373536097869
1788924062.499032,0.014560621613615118
1788924062.549031,0.014577190232067907
1788924062.598726,0.014594462806921739
1788924062.649009,0.014609759992113171
1788924062.6988997,0.01462430158970302
1788924062.749176,0.014638169155785856
1788924062.7988834,0.014650999811195537
1788924062.8487725,0.01466286864221009
1788924062.898961,0.014675417416160796
1788924062.9490702,0.014684858821038697
1788924062.99896,0.014694943625624927
1788924063.0493371,0.014703135639013404
1788924063.0990124,0.014711759195668401
1788924063.1490877,0.014718079652049383
1788924063.199016,0.014725260318727132
1788924063.2492747,0.014730078885746485
1788924063.2990127,0.014735678602728413
1788924063.34946,0.014739396478516246
1788924063.3990533,0.014742826425454162
1788924063.4490237,0.014744976225723827
1788924063.498901,0.014747029814655583
1788924063.5490892,0.014748467603312162
1788924063.599154,0.01474857304119596
1788924063.6492543,0.014748650582342397
1788924063.6987967,0.014747878831187299
1788924063.7490907,0.014746893606671904
1788924063.799029,0.014744282277866352
1788924063.84885,0.014742181723255685
1788924063.8989935,0.014738395278430474
1788924063.9492643,0.014734527552123813
1788924063.9990783,0.01472950723908677
1788924064.0491226,0.014724690832336396
1788924064.098992,0.01471719802026603
1788924064.1488981,0.014712076053142589
1788924064.1990938,0.014705197856617258
1788924064.2499905,0.0146976037129475
1788924064.29952,0.014690240675300852
1788924064.3490415,0.01468138667456554
1788924064.3992805,0.014671394953135283
1788924064.4492438,0.014659995723499564
1788924064.4989989,0.014652665169434287
1788924064.5489974,0.014641321573566724
1788924064.5990024,0.014630247861125692
1788924064.6491058,0.014618468072145624
1788924064.698777,0.014606354391726329
1788924064.7496877,0.014593791225174256
1788924064.798993,0.014580717760752886
1788924064.8490398,0.014567124980721723
1788924064.899038,0.014553862037434672
1788924064.9489975,0.014538600258465734
1788924064.9989173,0.014523839405952301
1788924065.0490525,0.014508690981443558
1788924065.0990462,0.014492540582526926
1788924065.1489592,0.014476424545467865
1788924065.199282,0.014460493351814596
1788924065.2498965,0.014442979386839411
1788924065.2989006,0.016404488566186263
1788924065.3492737,0.01642892671483035
1788924065.3988512,0.016452024085001078
1788924065.4496305,0.016474546609608953
1788924065.4989712,0.016495397269995785
1788924065.5490386,0.016515442794213964
1788924065.5988653,0.016534333604859647
1788924065.6495676,0.016550791877707534
1788924065.6988702,0.016569203599648696
1788924065.749295,0.01658484198859075
1788924065.799019,0.016599271184293753
1788924065.8491235,0.016613507781924976
1788924065.8989506,0.0166261213146652
1788924065.9489233,0.016638399121260108
1788924065.999001,0.016649430811457207
1788924066.0490632,0.016659200995191664
1788924066.099153,0.016668412969411028
1788924066.1490428,0.016676424537486884
1788924066.1996608,0.016683890792478832
1788924066.2494328,0.016690794424116917
1788924066.2991984,0.016695576311863948
1788924066.3490467,0.016701130830729348
1788924066.3988116,0.016704371870094173
1788924066.4490254,0.016707813554401665
1788924066.4989355,0.016709625267234594
1788924066.5496728,0.016711879413362215
1788924066.5989923,0.016712215408363245
1788924066.6492953,0.016712403972224333
1788924066.6989934,0.01671145960335476
1788924066.748811,0.016709317636598567
1788924066.7990077,0.016707875819738406
1788924066.8488617,0.01670400396774298
1788924066.8989966,0.016700689370325147
1788924066.9493003,0.01669570023023722
1788924066.9990144,0.0166912515172213
1788924067.0488853,0.016684793709609402
1788924067.0989804,0.016678636982095263
1788924067.1493242,0.016671238975137784
1788924067.1992948,0.016663078369650502
1788924067.2492478,0.016654765408069275
1788924067.2988813,0.016646137912945964
1788924067.3489478,0.016636075965497963
1788924067.3990147,0.016626167831019688
1788924067.4496505,0.01661535767430347
1788924067.4989707,0.016603602504323207
1788924067.5489132,0.016592300830580047
1788924067.5988414,0.016579294085202926
1788924067.6490276,0.016566337822661068
1788924067.6995049,0.01655154436196553
1788924067.749288,0.01653687896442261
1788924067.798997,0.016523980120987207
1788924067.8488562,0.016508195634765372
1788924067.899286,0.016492491933266976
1788924067.9490657,0.01647566816720311
1788924067.9994307,0.016459289309118382
1788924068.049283,0.01644224096181776
1788924068.098954,0.016424281937807823
1788924068.1490357,0.016406078990664808
1788924068.1988626,0.01638705032464324
1788924068.249046,0.01636826147152693
1788924068.2990084,0.018329187434557748
1788924068.3490062,0.01835648778742703
1788924068.3988597,0.018382693401902316
1788924068.4496527,0.018407695388638946
1788924068.4988768,0.01843120146740421
1788924068.5488405,0.018453692811493592
1788924068.599058,0.0184749199977469
1788924068.6496408,0.01849517886654974
1788924068.6988778,0.018513903046019322
1788924068.7496457,0.01853200488369749
1788924068.7989957,0.01854727316851736
1788924068.8494542,0.01856394249526095
1788924068.8988512,0.018578415114683895
1788924068.949841,0.018591718320134717
1788924068.998816,0.018603691795200047
1788924069.0493288,0.018615376338811582
1788924069.0987709,0.018625565234213024
1788924069.1489947,0.018635045144752338
1788924069.1988275,0.01864321155633977
1788924069.249174,0.018650430562767897
1788924069.29914,0.01865679790876326
1788924069.3490722,0.018662193038846597
1788924069.399025,0.01866660842018269
1788924069.449365,0.018670229330759673
1788924069.4991033,0.018672796390424476
1788924069.548819,0.018674524425260863
1788924069.5990198,0.01867539375604139
1788924069.6490066,0.018675380691338693
1788924069.698998,0.01867452046382119
1788924069.7488325,0.01867289583506789
1788924069.7990787,0.01867035684286047
1788924069.848996,0.01866691876765562
1788924069.89925,0.018662837214778065
1788924069.9488544,0.01865817476235335
1788924069.99886,0.01865223654336661
1788924070.0490134,0.018645987082051976
1788924070.0988348,0.018638208714138033
1788924070.1490312,0.018630917720043633
1788924070.1989582,0.018622100304181894
1788924070.2491262,0.018612811224515042
1788924070.2989995,0.018602650288777355
1788924070.3490262,0.018591861226686844
1788924070.3990862,0.018580573658836044
1788924070.4491498,0.018568417733940155
1788924070.4989781,0.018555537113002906
1788924070.5488234,0.01854235813709252
1788924070.599028,0.01852827989955229
1788924070.6493306,0.018513683964033117
1788924070.6990383,0.018498663713417
1788924070.7490194,0.018482494302558578
1788924070.799309,0.018466079193253077
1788924070.8490157,0.018449148061989454
1788924070.899107,0.018431447812443394
1788924070.9495742,0.018413585144929273
1788924070.9991128,0.018394746794526844
1788924071.048871,0.01837542910208766
1788924071.0990055,0.018355673760170093
1788924071.149037,0.01833550612619311
1788924071.1993198,0.01831447719748127
1788924071.2490067,0.01829299385060011
1788924071.299408,0.020253702306813573
1788924071.3490143,0.020284071510735545
1788924071.3990414,0.020313040907008084
1788924071.4496317,0.0203406328827061
1788924071.4990141,0.02036683632093109
1788924071.548892,0.02039176614121408
1788924071.599291,0.02041544810553891
1788924071.6490297,0.02043759512676668
1788924071.6988578,0.020458575231805606
1788924071.749261,0.02047832787000184
1788924071.7990034,0.020496873371971407
1788924071.849072,0.02051412798525653
1788924071.89901,0.020530208690615576
1788924071.9491625,0.020545137385438342
1788924071.9992266,0.020558740642579718
1788924072.0492866,0.020571497432371657
1788924072.098937,0.02058281575505108
1788924072.1490448,0.020593056618355303
1788924072.1996117,0.02060232533518581
1788924072.2490463,0.020610419020061842
1788924072.2990704,0.020617551770043967
1788924072.3501143,0.020623573310289967
1788924072.3988593,0.020628503472587427
1788924072.4490085,0.02063252808381423
1788924072.4989917,0.02063551475699176
1788924072.5488214,0.020637496984779517
1788924072.5990112,0.02063847489508543
1788924072.6496387,0.020638583331288186
1788924072.6990056,0.020637712505319886
1788924072.7493734,0.02063583379524508
1788924072.7988913,0.020633348187644184
1788924072.8495142,0.020629541628489904
1788924072.8990817,0.020625084529514295
1788924072.9492877,0.020619747831840958
1788924072.9988358,0.020613528029766036
1788924073.0493093,0.02060644803526555
1788924073.0989528,0.02059854991254148
1788924073.1492894,0.02058990571162777
1788924073.1990736,0.020580470019256183
1788924073.2492716,0.020570249079075672
1788924073.2989922,0.020559089109411698
1788924073.34893,0.02054722376648924
1788924073.399279,0.02053472082337404
1788924073.4489272,0.020521409655395246
1788924073.4993474,0.02050734637885238
1788924073.549744,0.020492648476361976
1788924073.5992715,0.020477339438921983
1788924073.6496491,0.020461165439255167
1788924073.6990263,0.020444417799665007
1788924073.74927,0.02042684517682795
1788924073.7991064,0.020408827338371946
1788924073.849642,0.02038996647401894
1788924073.8988762,0.020370664388323984
1788924073.9496198,0.020350565557075734
1788924073.9990005,0.020329929387740194
1788924074.0495098,0.02030862380329174
1788924074.0989926,0.020286802350933646
1788924074.1492176,0.020264404702046834
1788924074.1995091,0.020241494011564037
1788924074.2496283,0.020217957885577023
1788924074.298867,0.022177746127897517
1788924074.3489952,0.02221130554254797
1788924074.3989143,0.022243253932341455
1788924074.4490247,0.0222731303106756
1788924074.4988291,0.022302406528301878
1788924074.5489998,0.02232973111259714
1788924074.5991757,0.02235571568398338
1788924074.6492317,0.022380219449468247
1788924074.6988266,0.02240318226002777
1788924074.7494962,0.02242490372866358
1788924074.7990236,0.02244523704159143
1788924074.8493023,0.0224638993995593
1788924074.8989303,0.022481925291813434
1788924074.949449,0.022498343147273375
1788924074.9988708,0.022513080999747224
1788924075.0488997,0.022527272561751643
1788924075.0990136,0.022539688568327675
1788924075.1492584,0.02255127445272525
1788924075.1989827,0.022561542483091522
1788924075.2490487,0.022570266737148213
1788924075.298827,0.02257815489110942
1788924075.348892,0.022584999702697506
1788924075.399454,0.022590089496383553
1788924075.4489963,0.022594782063031584
1788924075.4990168,0.022598372571443492
1788924075.549001,0.022600237134446855
1788924075.5994127,0.022601407743024084
1788924075.6489668,0.022601587162087117
1788924075.698974,0.022600522034394978
1788924075.7495944,0.022598875113254202
1788924075.7990382,0.022596044747291877
1788924075.8489668,0.022592050725530142
1788924075.899009,0.022587161973749315
1788924075.9488769,0.02258152361869772
1788924075.9987023,0.02257429396362799
1788924076.0489743,0.02256714786733104
1788924076.0989833,0.02255840360393061
1788924076.1489623,0.022549074533230323
1788924076.1990612,0.022538660455536704
1788924076.2488542,0.022527436924250382
1788924076.2990785,0.022514967627814155
1788924076.349314,0.02250213236889142
1788924076.3990123,0.022488919438632758
1788924076.449262,0.022475859104138688
1788924076.4988928,0.022458937859099415
1788924076.549291,0.022442885645974645
1788924076.599007,0.02242569157560815
1788924076.649628,0.02240806129497782
1788924076.698982,0.022390015587771796
1788924076.7489872,0.022371197996931276
1788924076.7990782,0.022350810620387577
1788924076.8495283,0.022331002594965607
1788924076.8989925,0.022309505069219377
1788924076.9489698,0.022287531334255924
1788924076.9990306,0.022265032271446595
1788924077.0490267,0.022241602532025093
1788924077.09897,0.022217540255283486
1788924077.1493006,0.022193487091695916
1788924077.1988335,0.02216803549958152
1788924077.2494256,0.02214225036962151
1788924077.299169,0.02410548717075859
1788924077.3496342,0.02413984133864643
1788924077.3990128,0.02417398085740858
1788924077.448873,0.024206585043776676
1788924077.4988773,0.024236990221210303
1788924077.5490148,0.024268773815989846
1788924077.5988364,0.02429594909546433
1788924077.6488528,0.02432139104016017
1788924077.698703,0.024347231003589376
1788924077.7488651,0.0243712690507033
1788924077.799027,0.02439316283157389
1788924077.8488684,0.024414497244621594
1788924077.8989773,0.024433052191329376
1788924077.9488204,0.0244513075922686
1788924077.9989,0.02446721677400458
1788924078.049001,0.024485800086402335
1788924078.099002,0.024496885674263422
1788924078.1490266,0.024509330221239557
1788924078.1990418,0.024520133970659344
1788924078.2490323,0.024531212943129495
1788924078.299029,0.024538534604576036
1788924078.3491504,0.024546106844510675
1788924078.3989942,0.024551361608556237
1788924078.4490092,0.024556730071373677
1788924078.4989376,0.02456029612375961
1788924078.5488687,0.02456313494241481
1788924078.5990186,0.024564047454124847
1788924078.649035,0.02456443928207616
1788924078.6988912,0.02456285453669124
1788924078.7489328,0.02456158650928145
1788924078.7989938,0.02455822520415613
1788924078.848911,0.024554308029948478
1788924078.8989127,0.024548516072674435
1788924078.9488778,0.024542628808573046
1788924078.9990153,0.024534600360646825
1788924079.0489223,0.02452737028685335
1788924079.0989602,0.02451787443309121
1788924079.1490495,0.024507970107816277
1788924079.1988397,0.02449685929829989
1788924079.2490168,0.024484025183526055
1788924079.2989697,0.024471346583808187
1788924079.3488262,0.02445745171998231
1788924079.3989587,0.024442566725875543
1788924079.4490087,0.02442691869256584
1788924079.4990065,0.02441053485680733
1788924079.5488706,0.02439278203069182
1788924079.5991037,0.02437443385903465
1788924079.649021,0.024355463440438468
1788924079.6988406,0.024335616141817045
1788924079.749039,0.024314569410640544
1788924079.7990725,0.024292763974034487
1788924079.8490057,0.024274586760343213
1788924079.899506,0.024248363690018853
1788924079.9493003,0.024223842656398847
1788924079.998986,0.02419990898291146
1788924080.0493183,0.024174747448747334
1788924080.098952,0.024149511644374958
1788924080.1490266,0.024121869948056474
1788924080.1990612,0.024096642637254202
1788924080.2489533,0.024068938141214608
1788924080.2992952,0.02602626688977134
1788924080.349044,0.02606466348605537
1788924080.399306,0.0261030944087814
1788924080.4492767,0.026137897733071867
1788924080.4989629,0.026173237790450967
1788924080.5490165,0.02620534435037998
1788924080.5990014,0.02623559320238184
1788924080.649081,0.02626430767168458
1788924080.6988082,0.0262906293840023
1788924080.7489243,0.02631684157681645
1788924080.799318,0.026340917029614462
1788924080.8488457,0.02636662070133526
1788924080.8989723,0.0263853082388012
1788924080.9489632,0.02640314619425116
1788924080.9993503,0.026422326457142997
1788924081.0489755,0.026437855820186856
1788924081.098986,0.02645317286153369
1788924081.1489685,0.026467128755872465
1788924081.1990488,0.026478818197119995
1788924081.2488961,0.026489408833402672
1788924081.298978,0.026498547381181656
1788924081.349773,0.02650647550901978
1788924081.399035,0.026513274029610352
1788924081.4490194,0.026518642341569
1788924081.4989996,0.026522620649811982
1788924081.5490606,0.0265252790023155
1788924081.5991683,0.02652608866460318
1788924081.6489933,0.026527159118820903
1788924081.6999722,0.02652614829140887
1788924081.749173,0.026524475184563863
1788924081.799249,0.026520751505520152
1788924081.8493023,0.026518254143237607
1788924081.8990145,0.026510074785673937
1788924081.949275,0.026503190940086633
1788924081.9989178,0.026495221937188732
1788924082.049021,0.026487603417215972
1788924082.0988622,0.02647716610367408
1788924082.149074,0.026466369389048727
1788924082.199011,0.026455184132734236
1788924082.2490067,0.02644160763273652
1788924082.2988923,0.026427198148691156
1788924082.3490255,0.026412155522801253
1788924082.3989582,0.02639670030273123
1788924082.4490185,0.02637984537031181
1788924082.4990084,0.026360458019709855
1788924082.5486784,0.026342290972231387
1788924082.599175,0.026321509553737247
1788924082.6491337,0.0263027049015568
1788924082.6993475,0.026280620293220633
1788924082.7497208,0.02626078177746577
1788924082.7992015,0.026235264743228168
1788924082.8490012,0.02621140951945591
1788924082.8989143,0.026186772954956045
1788924082.9489868,0.026160860161180063
1788924082.9996276,0.026134662683998153
1788924083.0490375,0.026109214377435574
1788924083.098837,0.026079742550635207
1788924083.1494584,0.02605095215486172
1788924083.199268,0.026020899812927833
1788924083.2491195,0.025991646821197794
1788924083.2989595,0.02795010928835889
1788924083.348855,0.027991201871460942
1788924083.3990006,0.02803264233075541
1788924083.4488933,0.028070456151608802
1788924083.4988642,0.028106926644798035
1788924083.54926,0.02814302176595022
1788924083.599243,0.02817530538380786
1788924083.6494327,0.02820516900077174
1788924083.6989083,0.028234155767732055
1788924083.749058,0.02826328052948004
1788924083.7993004,0.02828990707349625
1788924083.848838,0.028312600164957975
1788924083.8989947,0.0283354068579761
1788924083.9490664,0.02835668219107549
1788924083.9991245,0.028376170822808
1788924084.0492682,0.02839267415236976
1788924084.0991986,0.028412649393635674
1788924084.1498783,0.028423177526391206
1788924084.1990047,0.02843623986470434
1788924084.2489731,0.02844886703788337
1788924084.2989488,0.02845925049628654
1788924084.3490167,0.02846733572637279
1788924084.3992972,0.02847451958707784
1788924084.4489982,0.02848644404273761
1788924084.499015,0.028484539988518187
1788924084.5492496,0.02848635395738794
1788924084.5989866,0.028489668575579802
1788924084.6490169,0.028489638137333947
1788924084.699021,0.02848870944028725
1788924084.7490141,0.02848685109612387
1788924084.7988045,0.02848159649563132
1788924084.8492796,0.028478362416306083
1788924084.898824,0.028472563701771175
1788924084.9490154,0.028464142172806857
1788924084.9990106,0.0284568175553198
1788924085.0489924,0.028447394412086824
1788924085.0989752,0.028436742552563923
1788924085.1491296,0.02842496373194609
1788924085.1990142,0.02841194535726189
1788924085.2493157,0.02839781876146528
1788924085.2988355,0.028383155953156138
1788924085.3496583,0.02836825722459843
1788924085.398891,0.028350644785750206
1788924085.449629,0.02833220374779064
1788924085.4988644,0.028311397559920678
1788924085.549058,0.028290844489344935
1788924085.5990226,0.028271579430171685
1788924085.6490097,0.028249187150354012
1788924085.6995676,0.028226071860792512
1788924085.749002,0.028203380455458216
1788924085.7990084,0.028178149391305474
1788924085.848858,0.028151072899553015
1788924085.8990834,0.028124841632905326
1788924085.9495442,0.02809751571914268
1788924085.9989889,0.0280687102734864
1788924086.0490034,0.028040269460449466
1788924086.0988638,0.028011509791079272
1788924086.1488965,0.027979314639510727
1788924086.198856,0.027947797976688404
1788924086.2488308,0.02791573276368356
1788924086.2990294,0.013440910044351054
1788924086.3489947,0.013454739617151818
1788924086.39897,0.013467145275423266
1788924086.449098,0.013479010966314098
1788924086.4990132,0.0134902150915468
1788924086.5490053,0.01350033549221262
1788924086.5990775,0.013509076408307204
1788924086.649316,0.013518042420212298
1788924086.6988463,0.013525769513490207
1788924086.7490475,0.013533063571724034
1788924086.7990189,0.013541478760774262
1788924086.8490245,0.013545947974154185
1788924086.8989177,0.013550195025154081
1788924086.9490092,0.013554918289985151
1788924086.999436,0.013559412857194154
1788924087.0492105,0.013561297230879548
1788924087.0992591,0.013564414150431563
1788924087.1494124,0.013566431700573645
1788924087.1996226,0.013568492575987178
1788924087.248957,0.013567978494397176
1788924087.2988207,0.013567505595997387
1788924087.348928,0.01356572533767871
1788924087.3988519,0.013565378803666487
1788924087.4489992,0.013561915467842495
1788924087.499279,0.013560788572291567
1788924087.5494964,0.013556683366824656
1788924087.5990548,0.013554874605590163
1788924087.6492517,0.013548941920507351
1788924087.6995912,0.013545033141362019
1788924087.749654,0.013539657218681693
1788924087.7988613,0.01353296617559864
1788924087.8489108,0.013526925560052633
1788924087.8988504,0.013519360432416163
1788924087.9490576,0.013512151383327833
1788924087.9992383,0.013504076136448372
1788924088.0490072,0.01349556929737495
1788924088.0990853,0.013486649640046233
1788924088.1490057,0.01347715202133397
1788924088.198851,0.013467734868808721
1788924088.2491398,0.013456568367375677
1788924088.298829,0.013447705810162861
1788924088.3489683,0.01343515424536842
1788924088.3989074,0.013422444396963353
1788924088.4498563,0.013410838061239444
1788924088.499507,0.013398470927040025
1788924088.5492802,0.01338489400329231
1788924088.5997324,0.013371923806210955
1788924088.649816,0.013359203354720114
1788924088.699237,0.013346021158807864
1788924088.74962,0.01333092448967887
1788924088.7993584,0.01331629407184297
1788924088.8489907,0.013300071315909249
1788924088.8993108,0.013284074127260893
1788924088.9489272,0.013268338208816208
1788924088.9988782,0.013250972948414756
1788924089.0496616,0.013234029676867503
1788924089.0991256,0.013217800164667724
1788924089.1499283,0.013200311051738236
1788924089.198842,0.013181864353789008
1788924089.2488167,0.013164345262281833
1788924089.2990007,0.012240821792534072
1788924089.3490193,0.01225720542306176
1788924089.3990324,0.012271830641805998
1788924089.448874,0.012285792141839823
1788924089.4993162,0.012300265513228112
1788924089.5493093,0.012313818019003265
1788924089.5990381,0.012324388828355539
1788924089.649284,0.012336848371083335
1788924089.6986206,0.012346604928418752
1788924089.7497287,0.012355853567360317
1788924089.7989907,0.012368373824499275
1788924089.8495095,0.012374771771542717
1788924089.8990314,0.01238247094523428
1788924089.949771,0.01238996271836342
1788924089.9990387,0.012396658124011565
1788924090.0492613,0.012401711309464934
1788924090.0991442,0.012407111713948406
1788924090.1492538,0.012411148684537562
1788924090.1995173,0.01241519554992544
1788924090.2498574,0.012420020057928444
1788924090.2988577,0.012420710291745515
1788924090.3496418,0.012422202845438384
1788924090.3998568,0.012424177815742826
1788924090.4495437,0.01242609603999325
1788924090.4996488,0.012425553139437048
1788924090.5494168,0.012424379921380945
1788924090.5990183,0.01242419877509528
1788924090.6493015,0.01242201762194059
1788924090.6988823,0.012421442405044385
1788924090.749634,0.012418159521618155
1788924090.7990077,0.012415928138593707
1788924090.849434,0.012410675873841643
1788924090.8990293,0.012407194690066046
1788924090.9488273,0.012400941845399716
1788924090.9994252,0.012395946419706524
1788924091.0489464,0.01239054252942287
1788924091.0988212,0.012384861528105957
1788924091.1496027,0.012378599269698577
1788924091.199041,0.01237243542131091
1788924091.249747,0.012363773646529607
1788924091.2991002,0.01235817194920096
1788924091.349723,0.012346694478157609
1788924091.399597,0.01233856920306062
1788924091.4497144,0.012330282278707005
1788924091.4992766,0.012323023986939357
1788924091.5490177,0.012308836756255315
1788924091.5990214,0.012299140556131877
1788924091.6492937,0.012287543184362495
1788924091.6990042,0.012276790861253493
1788924091.7499182,0.012265455817521745
1788924091.7990263,0.012253476363658098
1788924091.849319,0.012242603753848145
1788924091.8988514,0.012228488351886026
1788924091.949296,0.012213841856566507
1788924091.9992816,0.01220177334628805
1788924092.04907,0.012187897555432804
1788924092.0992591,0.012173251735340033
1788924092.149235,0.012159451543011663
1788924092.1992874,0.012147408957821406
1788924092.2496367,0.012132818125052736
1788924092.299013,0.011206507147863136
1788924092.3490067,0.011223749410294996
1788924092.3992758,0.011238609098353329
1788924092.4496508,0.011254664388196283
1788924092.4995146,0.011269592811072903
1788924092.5491083,0.011281230072216217
1788924092.5988421,0.011295295979740294
1788924092.6495397,0.01130715982485679
1788924092.6990027,0.011317276149538024
1788924092.749216,0.011329079228267336
1788924092.7988648,0.011340710442944374
1788924092.8489237,0.01134767332425593
1788924092.898992,0.011356204198839677
1788924092.949675,0.01136457822682893
1788924092.999279,0.01137330079256116
1788924093.0489528,0.01137770237161721
1788924093.0992062,0.011384616357848494
1788924093.1489809,0.011389104708912544
1788924093.1990185,0.011394442213254578
1788924093.249229,0.011399206136405457
1788924093.2989986,0.011401970523219394
1788924093.348929,0.011405978206879518
1788924093.3990302,0.011408546186428083
1788924093.4493,0.011410150280207549
1788924093.499014,0.011413128211277759
1788924093.549033,0.011412534323514413
1788924093.599299,0.01141182650579636
1788924093.649441,0.011412833483270867
1788924093.6990201,0.011411815037043443
1788924093.7490232,0.011410571302957839
1788924093.7988453,0.011409051025504822
1788924093.8490055,0.011406135775587006
1788924093.8992875,0.01140373769266329
1788924093.9489982,0.011400907805617585
1788924093.9988675,0.011396751351407133
1788924094.0493968,0.011392016161904078
1788924094.0989158,0.01138766543140863
1788924094.1489742,0.011382257796758048
1788924094.1992605,0.011378150689067328
1788924094.2492752,0.01137187221415944
1788924094.2992272,0.011366866345084098
1788924094.3491375,0.011360275611516642
1788924094.3992996,0.011352740522852072
1788924094.4497628,0.011344893066079359
1788924094.499222,0.011334815073362215
1788924094.5490115,0.011326651139067126
1788924094.5992293,0.011318776083951824
1788924094.6492968,0.011312353245362616
1788924094.6990101,0.011299453802766413
1788924094.749517,0.011289733930158271
1788924094.7992222,0.011280350645266992
1788924094.849016,0.011270213735808752
1788924094.8992603,0.011257920133104888
1788924094.949058,0.011246872535786124
1788924094.9988883,0.011235079364224765
1788924095.0489116,0.011222969881279953
1788924095.0988579,0.011210557274533534
1788924095.1489632,0.011199045922874334
1788924095.1990557,0.011185100446225208
1788924095.2490785,0.011172322071797067
1788924095.2996936,0.010251125366134655
1788924095.3497026,0.01026756279654827
1788924095.399389,0.010281183404112796
1788924095.4490993,0.010297648338149416
1788924095.4990413,0.010310074823045124
1788924095.5492902,0.010323495107300957
1788924095.5996268,0.010336254723112448
1788924095.649624,0.010349284105655897
1788924095.6988437,0.010357698093889145
1788924095.7490396,0.01036941303232496
1788924095.7990003,0.010378673178281906
1788924095.8488958,0.010388218142257453
1788924095.898967,0.010396592731022418
1788924095.9492807,0.010405518511893877
1788924095.999218,0.010412856883204053
1788924096.04924,0.010418560141957679
1788924096.0993571,0.010425187624310281
1788924096.149593,0.010430013981237347
1788924096.1992443,0.010437186089565571
1788924096.2494195,0.010442452220228405
1788924096.29924,0.010444599966086798
1788924096.348865,0.010447783027785483
1788924096.39905,0.010450364721201562
1788924096.4490657,0.010452780792065198
1788924096.4990292,0.010454058345053372
1788924096.5492465,0.010455625781615937
1788924096.599031,0.010457848299425367
1788924096.649,0.010457425618636447
1788924096.69899,0.010457606633732625
1788924096.7488813,0.010456520138308866
1788924096.7991052,0.010455388311570932
1788924096.8490093,0.010453368682472422
1788924096.8989258,0.01045200751032445
1788924096.9497895,0.010449949407823749
1788924096.9989722,0.010447065522189974
1788924097.0490105,0.010442552272517936
1788924097.0988715,0.01043963374242525
1788924097.1490045,0.010435471370204518
1788924097.1990395,0.01043038910994989
1788924097.249439,0.010425307788043733
1788924097.2989926,0.010420588868035317
1788924097.349609,0.01041457309310118
1788924097.399003,0.010407913367955709
1788924097.4492834,0.01040143421652786
1788924097.499037,0.010394753289456158
1788924097.5489972,0.010388780767802086
1788924097.59929,0.010379317294056086
1788924097.6492867,0.010374817898398024
1788924097.6998534,0.010364482023735733
1788924097.7490883,0.010354767836502425
1788924097.7991238,0.010346038926094458
1788924097.848859,0.010340068604086467
1788924097.899317,0.010326906841900881
1788924097.949636,0.010315950613138765
1788924097.9992976,0.010305965563715526
1788924098.0490954,0.010295550960405872
1788924098.0996099,0.010285105478386989
1788924098.1493788,0.010274672300379477
1788924098.1990328,0.01026183956599354
1788924098.2490208,0.010249715850634465
1788924098.2991083,0.009330004959182089
1788924098.3495834,0.009344887701399053
1788924098.3993008,0.00936031541996441
1788924098.4488132,0.009373080523450563
1788924098.4990597,0.009385592890050611
1788924098.5496678,0.009398195782238876
1788924098.5993543,0.00941004829923003
1788924098.6490724,0.009420134185223798
1788924098.6987731,0.009430268792621155
1788924098.7495441,0.009440760763812124
1788924098.7992756,0.009450097739592597
1788924098.8492417,0.009458557305114334
1788924098.8992727,0.009467291648263342
1788924098.949301,0.009475035204934432
1788924098.9987328,0.00948345765302954
1788924099.0493958,0.009487750311283351
1788924099.0991411,0.009493796795377
1788924099.149011,0.00950177667501212
1788924099.198846,0.009503819618104734
1788924099.2490113,0.009507773517409016
1788924099.2989182,0.00951350605060335
1788924099.3489633,0.009516346111878914
1788924099.3989906,0.009519403074724557
1788924099.4493105,0.00952221875500532
1788924099.4989817,0.009524148207401457
1788924099.5496254,0.009525244886122528
1788924099.5996444,0.009525835506467318
1788924099.6495836,0.009530360057525318
1788924099.699313,0.009526094117835735
1788924099.7489972,0.009526230414743533
1788924099.7989814,0.009525873176732117
1788924099.8493156,0.009524910281448746
1788924099.8996165,0.00952337927781723
1788924099.9496222,0.009522114767721163
1788924099.9990652,0.009518472225209212
1788924100.0488007,0.009516109627403416
1788924100.0988538,0.00951171020187098
1788924100.149024,0.009508655054186287
1788924100.1988587,0.009505845896631613
1788924100.249317,0.009501088902945685
1788924100.2989545,0.009495218367798826
1788924100.3488567,0.009491259343652898
1788924100.3988507,0.0094854715944769
1788924100.448973,0.009479639903755221
1788924100.4996803,0.009473874481658578
1788924100.5491967,0.009471712807667258
1788924100.5992618,0.009460820443026437
1788924100.6492498,0.009453636285220848
1788924100.6990008,0.00944517478027963
1788924100.7490838,0.009438337272680217
1788924100.7990117,0.009430728025090101
1788924100.8490322,0.009422056378741304
1788924100.8994577,0.009412375392666369
1788924100.9490073,0.009403832543900101
1788924100.9990153,0.009395004652103417
1788924101.0493324,0.009385726218441028
1788924101.0990236,0.009375126538024046
1788924101.1494198,0.009365665153872728
1788924101.1997113,0.009354464489117451
1788924101.2490857,0.009344673843819826
1788924101.299389,0.008424526103914427
1788924101.3489974,0.008440535654772813
1788924101.399169,0.008450607769902162
1788924101.4493852,0.008463906195709619
1788924101.4990692,0.008474740563571153
1788924101.548872,0.008487541104517776
1788924101.5990145,0.008497490715735122
1788924101.6492505,0.008508512281157852
1788924101.6988497,0.008516931389300248
1788924101.7488618,0.008525551305273224
1788924101.799066,0.008535045348150415
1788924101.8488617,0.008543816243064911
1788924101.898814,0.008550561664484767
1788924101.948789,0.008558202858891107
1788924101.998874,0.008564133701437316
1788924102.0490527,0.008570794992501336
1788924102.0990262,0.008576592269372628
1788924102.1489952,0.008581753558264177
1788924102.1992595,0.008586067578785413
1788924102.2490067,0.008590183754689637
1788924102.29913,0.008594087422945259
1788924102.3488183,0.008597089040391987
1788924102.3990552,0.008599328591251926
1788924102.4489937,0.008602310712312785
1788924102.4990146,0.00860404969526001
1788924102.5490656,0.008605263147218023
1788924102.5990431,0.008606925174528266
1788924102.6490517,0.00860700931079806
1788924102.6990929,0.008607278437593433
1788924102.7490234,0.008607163629025876
1788924102.7993581,0.008606655028190939
1788924102.8490596,0.008604939793667502
1788924102.8990088,0.008604323448046628
1788924102.9489946,0.00860266394522607
1788924102.9991987,0.008600641706686741
1788924103.0489907,0.00859717073997081
1788924103.0988848,0.008595453053892482
1788924103.1489964,0.00859230961643607
1788924103.1989775,0.008588822549574382
1788924103.24988,0.008585370014533873
1788924103.2989712,0.00858085888068317
1788924103.349012,0.00857673391291762
1788924103.399003,0.008571509020202333
1788924103.4488614,0.008566988067977729
1788924103.499012,0.008560802617819127
1788924103.5488389,0.008554798868455823
1788924103.599242,0.008548363742949318
1788924103.6488924,0.008543065115261891
1788924103.699286,0.008536748705214724
1788924103.7493017,0.00852869877716646
1788924103.7988508,0.008521388854379903
1788924103.8489876,0.008513786184207011
1788924103.898841,0.008507108257239042
1788924103.948977,0.008499556885455933
1788924103.9988637,0.008490934493408084
1788924104.048929,0.008481884126486402
1788924104.099085,0.008473530271782598
1788924104.148963,0.008463898336401248
1788924104.1992872,0.008455285399626285
1788924104.2491825,0.008445780359361813
1788924104.2990463,0.007524824529212608
1788924104.3490095,0.007537375247638863
1788924104.398799,0.007548955992337527
1788924104.4492738,0.007560486911687865
1788924104.4989796,0.007571144649167281
1788924104.5488539,0.007582641345076784
1788924104.5995953,0.00759073814436671
1788924104.6490264,0.007601133154801809
1788924104.6988,0.007609019636544452
1788924104.7490673,0.007617709077815336
1788924104.7989883,0.007625948891227885
1788924104.849503,0.007633446855787041
1788924104.8990757,0.007639626708453239
1788924104.9490428,0.0076465054473346524
1788924104.9990182,0.007652399480023865
1788924105.049715,0.007658163305705107
1788924105.0988402,0.007663160577418957
1788924105.1489303,0.0076670312848143825
1788924105.1988819,0.007671697884489437
1788924105.2490165,0.007675632037216459
1788924105.2989993,0.007678870399053204
1788924105.3490624,0.007681800361377629
1788924105.3993075,0.007685003169815643
1788924105.4490554,0.00768721481494496
1788924105.4993005,0.007687655621277486
1788924105.5490537,0.007689280983633369
1788924105.599047,0.00769019274918117
1788924105.6493776,0.007691690608782714
1788924105.6992915,0.007692214599724304
1788924105.7489734,0.007692125419436235
1788924105.799229,0.007691171933551669
1788924105.849286,0.007694543223797197
1788924105.8989959,0.00769257698795663
1788924105.9490173,0.007687928778132406
1788924105.9992814,0.007686469680732726
1788924106.0495212,0.007683790695831802
1788924106.098908,0.007681050139027036
1788924106.1490092,0.007677669292018575
1788924106.199265,0.0076757530656914015
1788924106.249552,0.007672717107344421
1788924106.2990272,0.0076707102045991005
1788924106.3489602,0.007664934707346674
1788924106.3990946,0.007661103769286992
1788924106.4493132,0.007656052773341824
1788924106.4995103,0.007650338204758026
1788924106.5496318,0.007646183793602696
1788924106.599294,0.007639734352056146
1788924106.6489944,0.007637236251465504
1788924106.6992822,0.007628509710443195
1788924106.7492278,0.007623641139544011
1788924106.7992203,0.007616025018699886
1788924106.8496325,0.007609388313268608
1788924106.8990104,0.007602543661755014
1788924106.948802,0.007596686914506246
1788924106.999101,0.00758827672051029
1788924107.0488536,0.00758127262795139
1788924107.098916,0.007572178563875031
1788924107.1492224,0.007565282257333748
1788924107.1990025,0.007556588765844713
1788924107.2489958,0.007549158629445472
1788924107.2988377,0.0066277517525317065
1788924107.348888,0.006640580046317642
1788924107.3990066,0.006649874210709325
1788924107.4493608,0.006660704513506287
1788924107.4996386,0.006670057711139479
1788924107.5490043,0.006679008624048472
1788924107.5990055,0.006686978906809406
1788924107.6490283,0.00669505117330328
1788924107.698628,0.006702661902423203
1788924107.749009,0.0067106412106411216
1788924107.7989993,0.006717448546823241
1788924107.8488653,0.0067243969223003556
1788924107.8990407,0.00673023191638597
1788924107.9488661,0.006735339327947237
1788924107.9988766,0.0067413936259582904
1788924108.0488214,0.006746212364042899
1788924108.099025,0.006751261121792368
1788924108.1489396,0.0067554449907849855
1788924108.1990552,0.006759122141261809
1788924108.2490067,0.006762663859663538
1788924108.2989817,0.00676550938079393
1788924108.3492162,0.006767160948018365
1788924108.3990312,0.006769335694595885
1788924108.4494147,0.006772349548077651
1788924108.499073,0.006773122206527719
1788924108.5497482,0.006775152501979248
1788924108.5989928,0.006775323976102561
1788924108.649014,0.006776966414747713
1788924108.698884,0.006777186235232542
1788924108.74899,0.006776184057313535
1788924108.7992835,0.006777007196828057
1788924108.849153,0.006776881475862754
1788924108.899007,0.0067744690062079204
1788924108.9489682,0.006774178032762026
1788924108.9993107,0.006773365354428074
1788924109.048992,0.006772512306431452
1788924109.0988662,0.006767618136360963
1788924109.1488423,0.006766433169788938
1788924109.1989887,0.006763718770606882
1788924109.2491062,0.006759812840610283
1788924109.2989998,0.00675797999679285
1788924109.3489494,0.006753770990463251
1788924109.3990297,0.006749567181478174
1788924109.4490325,0.006746674149647877
1788924109.498853,0.006742336374696144
1788924109.549004,0.006737317348440007
1788924109.5990405,0.006733586930035432
1788924109.6490002,0.006728461975887329
1788924109.699313,0.0067234900993981645
1788924109.7492785,0.0067177934045780435
1788924109.7989378,0.006711610540818157
1788924109.848886,0.006706776766048972
1788924109.8989081,0.006699553771305183
1788924109.9489896,0.006694012533821955
1788924109.9992995,0.006687674507674306
1788924110.0489948,0.006681361413721597
1788924110.0988386,0.006674467340779946
1788924110.1488566,0.006666838387907885
1788924110.1990101,0.006659268187437514
1788924110.2490747,0.006651785494690373
1788924110.2990491,0.005733397015934441
1788924110.3490813,0.005741547622765106
1788924110.399507,0.005751543336220633
1788924110.4491763,0.005760628598631232
1788924110.4991512,0.005770110870540728
1788924110.5489936,0.005775585308076455
1788924110.5990338,0.0057843252398184315
1788924110.649103,0.005791537565470901
1788924110.6986294,0.0057975081744252146
1788924110.7496626,0.005804091551271991
1788924110.7990239,0.005809943994508893
1788924110.848988,0.005815458977577922
1788924110.8988516,0.005821619769632912
1788924110.9489827,0.005826307303751382
1788924110.999046,0.005831441743078418
1788924111.0488985,0.005835759957643713
1788924111.0988524,0.005839263153047231
1788924111.149156,0.005841646368925164
1788924111.1992157,0.005846813355475061
1788924111.2489982,0.00584990516673096
1788924111.2989964,0.005852233173633186
1788924111.3490362,0.0058547830559224235
1788924111.3990278,0.0058566629353758665
1788924111.4492674,0.005858445279006261
1788924111.4990041,0.005859957768052647
1788924111.5490136,0.005861053062098347
1788924111.599022,0.0058613778988323775
1788924111.649307,0.005863286081860121
1788924111.6990056,0.005862630840538091
1788924111.7488797,0.0058631349776528
1788924111.7993042,0.005861998311108238
1788924111.8493528,0.005863596112262131
1788924111.8990197,0.0058604149378297665
1788924111.9490561,0.0058602618886016925
1788924111.9990418,0.00585890547128058
1788924112.0492673,0.005857623234819822
1788924112.0990393,0.005855637470164297
1788924112.149101,0.00585354911398657
1788924112.1990643,0.005849977862494965
1788924112.2490258,0.005849768615934806
1788924112.2989993,0.00584515927007629
1788924112.3492794,0.0058435338506115705
1788924112.3990984,0.005840346202511389
1788924112.449124,0.00583595798351287
1788924112.4990551,0.005833927226902829
1788924112.5494266,0.00582849814071441
1788924112.5990372,0.005825237541727161
1788924112.649053,0.0058211245588566845
1788924112.6992316,0.0058167380940308665
1788924112.7490103,0.005812036677987063
1788924112.799281,0.005806563163867106
1788924112.8491354,0.005801148978048789
1788924112.8988822,0.005796998826682427
1788924112.948936,0.0057914748828496
1788924112.9986985,0.005786182658675668
1788924113.0489194,0.005780551418221726
1788924113.0987065,0.005774338699628464
1788924113.1488423,0.005768128080479567
1788924113.1988742,0.005762228845436766
1788924113.2488542,0.005754312468855852
1788924113.2993052,0.0048356618991763165
1788924113.3488667,0.0048435172881497205
1788924113.398867,0.004852203476554624
1788924113.4493563,0.004859863500680443
1788924113.498997,0.004865992627656591
1788924113.5489497,0.004873560581613406
1788924113.5988655,0.004880252789077931
1788924113.6494534,0.00488559071917413
1788924113.6988475,0.004890741397729091
1788924113.7491906,0.004897792135349461
1788924113.7989676,0.004902670601454876
1788924113.8496423,0.004906723614485433
1788924113.8989797,0.00491317642791431
1788924113.9497356,0.004916318142973862
1788924113.9990525,0.004920274095044185
1788924114.0489414,0.004922818892437233
1788924114.0991216,0.004927114938862951
1788924114.1490865,0.004929362403375686
1788924114.1991255,0.00493417962871591
1788924114.2490044,0.0049359408805424035
1788924114.2994554,0.004938694878105015
1788924114.3492668,0.0049399028920353305
1788924114.3991015,0.004941713051319818
1788924114.4495144,0.0049440546417150785
1788924114.498988,0.0049446435790161435
1788924114.549495,0.004946037892824524
1788924114.5996761,0.004947164861148947
1788924114.6496491,0.004947347412500833
1788924114.69899,0.004948632963801724
1788924114.7493024,0.004947699713737407
1788924114.7989757,0.004947477694862879
1788924114.8494346,0.004946811316404629
1788924114.898981,0.004945444261807324
1788924114.9496226,0.004946106603475785
1788924114.9994206,0.0049443676855416415
1788924115.0489166,0.004942325014774713
1788924115.0992482,0.004941838572704386
1788924115.1490102,0.004940028429339493
1788924115.198825,0.004942393843942408
1788924115.2489958,0.004936087310778143
1788924115.2989929,0.004934050167985933
1788924115.3496246,0.00493205493622368
1788924115.3991032,0.004929104214463575
1788924115.4495633,0.004926278022639455
1788924115.4995897,0.004922218382560843
1788924115.5490062,0.004920637715137393
1788924115.599017,0.00491780926126822
1788924115.6494448,0.004913336660730291
1788924115.699257,0.004909714642921476
1788924115.74963,0.004905178171563421
1788924115.7992747,0.004903233288195901
1788924115.8492606,0.004898399710823117
1788924115.8993974,0.0048938180915804215
1788924115.94903,0.004888820228617513
1788924115.9989946,0.004883957499881315
1788924116.048914,0.004878476715649396
1788924116.0989568,0.004873857087010242
1788924116.1492062,0.004867986382483902
1788924116.1988666,0.004862665049899912
1788924116.2490711,0.0048588662822925685
1788924116.2988265,0.003939600131566417
1788924116.3494143,0.003945792552571279
1788924116.3988357,0.0039521570935573515
1788924116.4498842,0.003958012276019926
1788924116.5001066,0.003964587352395399
1788924116.5490718,0.0039702175767915935
1788924116.5990064,0.003974519539262894
1788924116.6495473,0.003979631082365026
1788924116.6987715,0.003983901279656635
1788924116.7491014,0.003989424969125258
1788924116.7989957,0.003994514908532621
1788924116.8492765,0.003997870538030571
1788924116.898986,0.004002208567371468
1788924116.9493055,0.004005287517687338
1788924116.9994164,0.004008438614808628
1788924117.0490408,0.0040109221019426645
1788924117.0988605,0.004014669211929017
1788924117.1490154,0.004016424370830334
1788924117.198904,0.004020294240496761
1788924117.248674,0.004022271365221064
1788924117.2992976,0.004023419478703121
1788924117.348865,0.004025792126290049
1788924117.3990633,0.004026083761777081
1788924117.449026,0.004028121935710077
1788924117.498902,0.004029439335835713
1788924117.549016,0.004029814987698392
1788924117.5992982,0.004031072157937986
1788924117.6490092,0.004031068294831836
1788924117.6993182,0.004031060255804973
1788924117.7492695,0.0040313135159674674
1788924117.7997444,0.004032076382603316
1788924117.8490288,0.004032103363423227
1788924117.8989875,0.004031560616664159
1788924117.9496868,0.004030813965525429
1788924117.9996986,0.0040299954731332285
1788924118.0492527,0.004028179456861596
1788924118.0989788,0.004028170229348259
1788924118.149619,0.004025708174965575
1788924118.1990387,0.004023794769240933
1788924118.249005,0.004024087487513484
1788924118.2991014,0.004021517391208759
1788924118.3489654,0.004019763744289173
1788924118.3990123,0.004017319691763065
1788924118.449668,0.004015618292380863
1788924118.4989898,0.004013711716511911
1788924118.5495484,0.004010365134530584
1788924118.5991576,0.0040082676921203465
1788924118.649753,0.004004914411195074
1788924118.698806,0.004001734790244811
1788924118.749051,0.0039979211690596575
1788924118.7992523,0.003995316934787326
1788924118.8489952,0.003992157643484921
1788924118.8996325,0.003988600554320281
1788924118.94899,0.003984815804088052
1788924118.998863,0.003980358245608757
1788924119.0489721,0.003976185987154304
1788924119.0992932,0.003972920548167442
1788924119.149233,0.003969398194880231
1788924119.199203,0.003963985242309439
1788924119.2490075,0.00395962985563427
1788924119.2988591,0.003041342508679583
1788924119.3489954,0.0030460729514326414
1788924119.3989472,0.003051762468370554
1788924119.4488547,0.003057343305868818
1788924119.4989698,0.0030607281931040553
1788924119.5492976,0.003064900578526557
1788924119.5988946,0.0030690104671795893
1788924119.6491354,0.0030734870266445457
1788924119.6987994,0.0030772807876719693
1788924119.749248,0.003080019072093723
1788924119.799084,0.0030855660243619674
1788924119.8492193,0.0030894047423447287
1788924119.898667,0.003090993946494235
1788924119.9492767,0.003092595306378817
1788924119.9989767,0.0030965174853468426
1788924120.0489552,0.0031022420506767305
1788924120.0990472,0.003101492824895864
1788924120.1488767,0.0031044060864917097
1788924120.1989582,0.0031052146393666263
1788924120.2490582,0.003107325299892989
1788924120.2990012,0.003108845830883259
1788924120.348991,0.0031102727942699587
1788924120.3992891,0.0031111447286719346
1788924120.4488692,0.003112629591797003
1788924120.4995108,0.0031129298334051357
1788924120.5490267,0.0031136302646924373
1788924120.5989733,0.0031153508919002522
1788924120.6490335,0.003115188907604776
1788924120.6990628,0.003114780487938468
1788924120.748848,0.0031156029105360566
1788924120.799,0.0031154984319247863
1788924120.8490071,0.0031162023246420157
1788924120.8988385,0.0031145842060533654
1788924120.9493332,0.0031145661437922407
1788924120.9989903,0.0031144095092228456
1788924121.048954,0.0031142526699236704
1788924121.0989907,0.003113633952337541
1788924121.1492815,0.0031121772616629416
1788924121.198978,0.003111216852372192
1788924121.2488642,0.0031099334069414324
1788924121.2994742,0.0031080338640466433
1788924121.3490028,0.0031074820767996647
1788924121.3992627,0.0031067119019591192
1788924121.4488478,0.0031029060669197973
1788924121.499212,0.0031018919055989663
1788924121.5495574,0.003099371575182452
1788924121.5996664,0.0030979801212382635
1788924121.6489918,0.0030988346845331953
1788924121.6989925,0.0030934639561721613
1788924121.74962,0.003091174453565517
1788924121.7990024,0.0030887072424684446
1788924121.8495393,0.0030859793166367125
1788924121.8992624,0.0030835115591350687
1788924121.9490101,0.0030808009376349582
1788924121.9990075,0.0030779795222949297
1788924122.0488825,0.0030747808762099866
1788924122.0991201,0.0030718547549747188
1788924122.149126,0.003068386940734835
1788924122.1990378,0.0030656161273888245
1788924122.2489915,0.0030620845899439345
1788924122.2992618,0.002142610695648537
1788924122.3490562,0.0021466307457888223
1788924122.3990393,0.0021515499441943572
1788924122.4489927,0.002154856966763818
1788924122.4990647,0.0021580908178870806
1788924122.5498302,0.0021613199238234232
1788924122.598927,0.0021646238941702817
1788924122.6496239,0.002166108509035005
1788924122.6986382,0.002169185914233373
1788924122.7496343,0.0021713081188218706
1788924122.7992482,0.002174690543143657
1788924122.8496718,0.002178549511151326
1788924122.8989897,0.0021794374012374493
1788924122.948707,0.002182419758224945
1788924122.9988697,0.0021841382723575267
1788924123.0489001,0.00218595006832281
1788924123.0989683,0.00218780643385648
1788924123.1501555,0.0021889198496704374
1788924123.1989927,0.0021902235250462684
1788924123.2492738,0.002192559950507323
1788924123.299844,0.002194004160209096
1788924123.3495796,0.0021950221315350047
1788924123.3988922,0.002195156009062113
1788924123.44891,0.0021963423808415237
1788924123.4990482,0.002197420338883198
1788924123.5490677,0.0021979758118720783
1788924123.5991452,0.0021987752952039963
1788924123.6496453,0.002198927258740509
1788924123.699033,0.002198489499273778
1788924123.7499502,0.0021997247007643494
1788924123.7988756,0.0022002777338100345
1788924123.8492787,0.002199902941582886
1788924123.8992507,0.002198778057171815
1788924123.9490044,0.0021989277745421577
1788924123.999303,0.002198198696052405
1788924124.0495846,0.0021978530635347326
1788924124.0996015,0.002197368146523194
1788924124.1496353,0.0021969768663560514
1788924124.1990006,0.0021978273280144197
1788924124.2490554,0.0021962159665642913
1788924124.2990053,0.0021957576311036828
1788924124.3496742,0.002194565781441681
1788924124.3990002,0.002192346940357964
1788924124.4492607,0.0021924527474705604
1788924124.4998703,0.002191560913636693
1788924124.5492766,0.0021907309940591337
1788924124.5996282,0.0021885558379904023
1788924124.6491039,0.002185913642251074
1788924124.6991088,0.0021843626009919576
1788924124.7491832,0.002182861144189794
1788924124.7998357,0.002182973688934199
1788924124.8492773,0.0021793515799611984
1788924124.900059,0.0021786279792956205
1788924124.9489925,0.0021758132866898624
1788924124.9992337,0.002175105478332003
1788924125.0490444,0.0021728419165219412
1788924125.0990195,0.0021697580797379943
1788924125.1493912,0.002168778058021597
1788924125.1989777,0.002166885505306051
1788924125.2491047,0.002163685040357289
1788924125.299355,0.0012505240607281237
1788924125.3494315,0.0012492199887980291
1788924125.3990319,0.001250940235243325
1788924125.4490402,0.001253683867256325
1788924125.499697,0.0012563149321387342
1788924125.5497699,0.0012577565687346493
1788924125.5996702,0.0012602523567476324
1788924125.6489835,0.0012645207955772372
1788924125.6986992,0.0012626647970072986
1788924125.7490144,0.0012647933913142258
1788924125.7994306,0.0012666674684429734
1788924125.8491898,0.0012678076085140457
1788924125.8990083,0.001269703928938786
1788924125.9495518,0.0012720320736693356
1788924125.9995036,0.0012728006683760042
1788924126.0492086,0.0012732772604110503
1788924126.0988913,0.0012755607086542135
1788924126.1490529,0.001276532078439103
1788924126.1990764,0.001276602733618622
1788924126.2495272,0.0012776480137883176
1788924126.299282,0.0012785363166237173
1788924126.3496268,0.001280689156585357
1788924126.3996296,0.0012812107334521225
1788924126.4488332,0.0012809700488821223
1788924126.4989717,0.001282106122567663
1788924126.549307,0.0012823487792028466
1788924126.5994568,0.001283603055078248
1788924126.6496081,0.0012853234237697338
1788924126.6998606,0.0012830401346151734
1788924126.7495074,0.0012837572966602224
1788924126.7991257,0.0012841489610762645
1788924126.8490295,0.0012872742349830195
1788924126.8994966,0.0012877986203488345
1788924126.949024,0.0012837613991636477
1788924126.9995854,0.0012845357411574833
1788924127.0490222,0.001284123088290073
1788924127.0993528,0.0012839272044180062
1788924127.1492336,0.0012841817322337106
1788924127.1990087,0.0012827717236793973
1788924127.2489579,0.0012821882944834017
1788924127.2988598,0.0012829609651852582
1788924127.3488984,0.0012813829956827179
1788924127.3992755,0.001281633357438791
1788924127.4490106,0.0012843645656251672
1788924127.4994466,0.0012805591994954845
1788924127.5490148,0.0012825929288574703
1788924127.5996923,0.0012795556788706716
1788924127.649148,0.0012787670767275107
1788924127.6990683,0.001281560342544009
1788924127.749016,0.0012764927428269364
1788924127.7988575,0.00127577827897477
1788924127.849004,0.0012743705855848293
1788924127.8989923,0.00127411346444968
1788924127.9488423,0.001272893326682223
1788924127.9996197,0.0012718546870197872
1788924128.048915,0.0012701794722189505
1788924128.0997777,0.0012686940553418972
1788924128.1490164,0.0012674278175898329
1788924128.1989791,0.0012674723750308987
1788924128.2488852,0.0012652947480021161
1788924128.2992435,0.00035927489412951037
1788924128.3493283,0.00036129528899607813
1788924128.39886,0.00036588490273800655
1788924128.4493127,0.00036357799811174074
1788924128.498975,0.00036419603971183593
1788924128.5491512,0.0003646588224697237
1788924128.5989888,0.0003653768325120878
1788924128.6491077,0.000366608150903844
1788924128.6986349,0.0003663369237053037
1788924128.748862,0.00036706920178004166
1788924128.7990236,0.00036794856232401666
1788924128.8490078,0.00036880172104345474
1788924128.8990762,0.0003688234284905766
1788924128.9491434,0.00037030463375147405
1788924128.99901,0.00037007925375029686
1788924129.0487812,0.0003706493509468077
1788924129.0990422,0.00037113666149014634
1788924129.1491303,0.0003717705489705553
1788924129.1988556,0.0003730776594209754
1788924129.2491848,0.00037389914148798487
1788924129.2989628,0.00037372541073044634
1788924129.3490314,0.0003745353663737286
1788924129.3988616,0.00037502765232839155
1788924129.4496698,0.00037495146147685043
1788924129.4990244,0.0003757464485993832
1788924129.548986,0.00037599137050895067
1788924129.598889,0.0003760916982138428
1788924129.649029,0.00037642803621430336
1788924129.6990194,0.00037712948725734995
1788924129.749281,0.000377083451026657
1788924129.7995603,0.0003771140146743737
1788924129.8491316,0.00037758789506251274
1788924129.8992772,0.00037823369564921717
1788924129.9490218,0.00037749838485565736
1788924129.998953,0.00037796163358843005
1788924130.049295,0.00037879883315088716
1788924130.0990596,0.0003781323614258556
1788924130.149039,0.00037924511073398525
1788924130.1990056,0.0003786994907060286
1788924130.2496104,0.00037911881509733784
1788924130.2989051,0.000381747290030188
1788924130.3489695,0.0003787267592023185
1788924130.3988523,0.0003796506434551228
1788924130.4488344,0.0003788822250086804
1788924130.4990506,0.00037920113940463586
1788924130.54942,0.0003798199058063545
1788924130.5991278,0.00037977954969373775
1788924130.649622,0.0003791479480497077
1788924130.699385,0.00037926317065897465
1788924130.7494347,0.0003825438948621257
1788924130.7990236,0.00038060512773389535
1788924130.8490582,0.0003793294624193197
1788924130.8998992,0.00037961903599391075
1788924130.9496257,0.0003787083911045703
1788924130.999414,0.0003804473143124873
1788924131.049169,0.0003810312268687445
1788924131.0990214,0.00038020333232336747
1788924131.1491933,0.0003792549084400977
1788924131.1990058,0.00037855525356884364
1788924131.2493258,0.00037834176456690553
1788924131.2997508,0.0005712427697400053
1788924131.3488004,0.000571978000049919
1788924131.3996994,0.0005719338712086495
1788924131.4489584,0.0005700806273819663
1788924131.4989011,0.0005722506774753795
1788924131.5488982,0.000572253683625376
1788924131.598837,0.0005718921120983008
1788924131.6490388,0.0005718806315826498
1788924131.6986527,0.0005717958731463468
1788924131.7491155,0.0005714501125217836
1788924131.7995362,0.000570866817163052
1788924131.849294,0.0005694506557181807
1788924131.8989604,0.0005716496195887506
1788924131.9490068,0.0005709977171011603
1788924131.9996183,0.0005709567779417766
1788924132.0490403,0.0005684357913065539
1788924132.0990052,0.0005705642551754586
1788924132.149288,0.0005705416753275007
1788924132.19898,0.0005703739217437244
1788924132.249456,0.0005705793783022686
1788924132.2995508,0.0005698970891139213
1788924132.3495646,0.0005684727263994953
1788924132.399374,0.0005704249996136452
1788924132.4495482,0.0005696843514294207
1788924132.4994044,0.0005692229011705944
1788924132.5496795,0.0005671461455781332
1788924132.5993023,0.000567810940524905
1788924132.6494317,0.0005681945363219058
1788924132.699323,0.0005687151999464467
1788924132.7492778,0.0005683195397777411
1788924132.7996242,0.0005676269863570315
1788924132.8489447,0.0005635960144135675
1788924132.8992474,0.000563598986516032
1788924132.949072,0.0005665838829227028
1788924132.9990237,0.0005657402849659709
1788924133.0496233,0.0005651784583153827
1788924133.0992956,0.0005653467763314715
1788924133.1490407,0.0005644729614781635
1788924133.198893,0.0005649212277942838
1788924133.2494478,0.0005633063869167034
1788924133.299023,0.0005631725765290489
1788924133.3488574,0.0005635451802221584
1788924133.3996696,0.0005628815045188512
1788924133.4493973,0.0005601608427544872
1788924133.4992912,0.0005612618095336803
1788924133.5492752,0.0005590519147974286
1788924133.598967,0.0005609944173266376
1788924133.6490736,0.000559720796318241
1788924133.6993163,0.0005590960442963363
1788924133.7494392,0.0005574720452371864
1788924133.7992978,0.0005563904727887108
1788924133.8491092,0.0005561417832872932
1788924133.8995237,0.0005579544282351084
1788924133.9494383,0.0005555307936766803
1788924133.999275,0.0005557324841072514
1788924134.049502,0.0005533423036282904
1788924134.099838,0.0005540686541966642
1788924134.1493092,0.0005540809160547149
1788924134.198941,0.0005518712215240439
1788924134.2490423,0.0005528245677709907
1788924134.2997224,0.001463777562828858
1788924134.3488007,0.0014664403146649652
1788924134.3992825,0.00146790451414112
1788924134.449393,0.0014671645509823895
1788924134.4993355,0.0014707567219659132
1788924134.549284,0.0014697209733457919
1788924134.5992906,0.0014721666877226924
1788924134.6492481,0.0014720930576346642
1788924134.6987839,0.0014747017155151917
1788924134.749779,0.001476231190869598
1788924134.7989056,0.0014763945301955789
1788924134.8490005,0.0014775993561257333
1788924134.8990026,0.001477956466334129
1788924134.9497519,0.0014787666183911413
1788924134.9990373,0.0014790928186543218
1788924135.0490935,0.0014795327625457824
1788924135.099056,0.0014801490146364733
1788924135.1492887,0.0014811598652941789
1788924135.1990745,0.0014797029779727597
1788924135.248971,0.0014809007097448077
1788924135.2991376,0.0014810723698988418
1788924135.349677,0.0014810285033547324
1788924135.399853,0.0014777195683912533
1788924135.4491122,0.0014819570070685063
1788924135.4997978,0.0014812065795296514
1788924135.5491574,0.001479372819976774
1788924135.599101,0.001480734169506655
1788924135.649622,0.0014808165944972115
1788924135.6991954,0.001479293965826715
1788924135.7492998,0.0014806057990579726
1788924135.7992785,0.0014773957483355117
1788924135.8491442,0.0014788605873955936
1788924135.898742,0.001478104268192737
1788924135.9489017,0.0014775241020253942
1788924135.9993024,0.0014771345270013971
1788924136.0490983,0.0014763191789253845
1788924136.0995374,0.0014753728810494343
1788924136.1491373,0.001475496769842569
1788924136.1988156,0.0014723456040858659
1788924136.2489512,0.0014737379250469892
1788924136.2989988,0.001468262998996159
1788924136.3496213,0.0014715756044593928
1788924136.398857,0.0014704422468169735
1788924136.4497426,0.001469643848240347
1788924136.499311,0.0014676783435481043
1788924136.549133,0.0014664461724691064
1788924136.5992873,0.0014657052666959725
1788924136.649127,0.0014619506565787057
1788924136.6992304,0.0014613901024866838
1788924136.7497416,0.001461694251792
1788924136.799,0.0014599597184914476
1788924136.8487656,0.0014591711599656043
1788924136.8990297,0.0014573770660881436
1788924136.9492924,0.00145481402537793
1788924136.9993384,0.0014527698072345958
1788924137.048816,0.0014503217296671501
1788924137.09899,0.001450912695980869
1788924137.1492457,0.0014501443788584602
1788924137.1989644,0.0014462877509894838
1788924137.2491806,0.001446651897964445
1788924137.2993562,0.00236276417149736
1788924137.3492973,0.002365269876851001
1788924137.3995795,0.0023689065085005325
1788924137.4496531,0.002371780995885843
1788924137.499094,0.002372616768714445
1788924137.5493953,0.0023773489629001937
1788924137.598962,0.00237821985849848
1788924137.6492696,0.002381050929365687
1788924137.6988397,0.0023836907852154013
1788924137.7496622,0.002385902088534162
1788924137.7998295,0.002385938603814857
1788924137.8490076,0.0023873193017742247
1788924137.8989892,0.0023901601761128627
1788924137.9492986,0.0023917027248070385
1788924137.9992988,0.002390871797988983
1788924138.0493195,0.002393100722893029
1788924138.0992913,0.0023950068408267015
1788924138.149689,0.0023937985381270303
1788924138.1990192,0.002391954605054913
1788924138.2492447,0.0023939729556195005
1788924138.2992594,0.002397338026261386
1788924138.3493207,0.0023963436576751145
1788924138.399135,0.0023987615373951264
1788924138.449554,0.002395536826524981
1788924138.499385,0.002398396821800028
1788924138.5493124,0.0023960285612112803
1788924138.599309,0.0023967136240680277
1788924138.6492627,0.0023985451705064186
1788924138.6992655,0.002397043681674104
1788924138.7488515,0.002397141195438031
1788924138.799357,0.0023971640299988873
1788924138.8497438,0.00239664102813421
1788924138.8992536,0.0023930649128261383
1788924138.9492252,0.0023945484747700777
1788924138.9990175,0.0023944450885703093
1788924139.0488799,0.0023923646612175596
1788924139.099417,0.0023921288784763263
1788924139.1496058,0.0023885021497228875
1788924139.1996088,0.0023872799844125055
1788924139.2491052,0.0023883606349202327
1788924139.2992907,0.0023848981877092165
1788924139.3495972,0.0023855002298472476
1788924139.3993883,0.0023806190695112497
1788924139.4495978,0.0023821316544588426
1788924139.4995499,0.002377380479472518
1788924139.5492709,0.0023766253858165083
1788924139.5988555,0.0023768133508130845
1788924139.6496882,0.0023748292187226205
1788924139.6995184,0.002372037234351022
1788924139.749569,0.0023703820020477676
1788924139.7994406,0.0023650734326138255
1788924139.849357,0.002363260934500475
1788924139.8992362,0.0023632604561798745
1788924139.9496477,0.002361046951924464
1788924139.9995155,0.0023575035187619895
1788924140.04962,0.0023563079934021797
1788924140.0996063,0.0023515938678628397
1788924140.1494231,0.0023507322149104912
1788924140.1992533,0.002346809277491622
1788924140.2492867,0.0023443964774504896
1788924140.2992394,0.003263523101556024
1788924140.3491287,0.003266519965960781
1788924140.3996127,0.003272035553167554
1788924140.4496486,0.003275233902185458
1788924140.4992769,0.0032803456468126035
1788924140.549611,0.0032825935432358806
1788924140.5993783,0.003285929606212267
1788924140.6496174,0.0032891210535184166
1788924140.698844,0.0032933859517351115
1788924140.749298,0.0032961151729412282
1788924140.7990365,0.003298090322891732
1788924140.8491542,0.003300243290449103
1788924140.8989856,0.0033025715656389825
1788924140.9493077,0.0033046939945612286
1788924140.9996498,0.003306927091318125
1788924141.0493019,0.003308735597855605
1788924141.0992973,0.003310682819044096
1788924141.1496055,0.0033120032513577545
1788924141.1993377,0.003311895053873308
1788924141.249576,0.003313765181679423
1788924141.2997575,0.003314703451279558
1788924141.3493414,0.0033137643563344605
1788924141.399295,0.003314955738885216
1788924141.4496229,0.0033165983706716336
1788924141.4993563,0.0033156401955791227
1788924141.5493112,0.0033155800072265755
1788924141.5997183,0.003316739686260228
1788924141.6489198,0.003315472012662994
1788924141.699303,0.0033160488524326807
1788924141.7492774,0.003314288419925125
1788924141.7993793,0.0033140185548048598
1788924141.8490143,0.0033143336056794324
1788924141.8998752,0.003313418221569917
1788924141.9494934,0.0033106213092021627
1788924141.9990358,0.0033092375296620187
1788924142.0489285,0.003310017842079992
1788924142.0993195,0.0033083283735964807
1788924142.1496933,0.0033072868622641737
1788924142.1997178,0.003304005871098452
1788924142.2495086,0.0033014855963669717
1788924142.2992241,0.0033006755073042736
1788924142.3498485,0.003298213748524299
1788924142.3992305,0.00329616276943447
1788924142.4489057,0.003291853363555174
1788924142.49997,0.0032930766066584403
1788924142.549296,0.003288920505825323
1788924142.5992026,0.0032882046893141213
1788924142.6492698,0.0032846914255685385
1788924142.699194,0.0032812272492575424
1788924142.7494347,0.003277938433204017
1788924142.7992241,0.00327559520337144
1788924142.84954,0.0032738678911048906
1788924142.8992321,0.0032692232800879974
1788924142.949432,0.0032670023247140982
1788924142.9990366,0.0032638676408902672
1788924143.049254,0.0032592410314409154
1788924143.0998034,0.0032567508447361986
1788924143.149032,0.00325214451832079
1788924143.1990488,0.0032498249851888703
1788924143.2497432,0.0032456536267940934
1788924143.299319,0.004162798503938552
1788924143.3497894,0.0041702834492362015
1788924143.3989003,0.004171924417231448
1788924143.4496,0.004180367894298368
1788924143.4989724,0.004185232244871514
1788924143.549887,0.004189066471904964
1788924143.5990486,0.00419471497815508
1788924143.6496186,0.004198467918195827
1788924143.6991425,0.0042027412275256314
1788924143.7489023,0.004206511872013386
1788924143.7988186,0.004210535970449143
1788924143.8489153,0.004213560221273159
1788924143.8988273,0.004216870778327826
1788924143.9490469,0.004219072983205444
1788924143.9999936,0.004220747956856858
1788924144.049052,0.004222614227679264
1788924144.0992799,0.004225755053635794
1788924144.1498823,0.004227826334674505
1788924144.1990173,0.004228075245207183
1788924144.2492795,0.004228774560014041
1788924144.2989943,0.004230167095816518
1788924144.3492727,0.004233753680461029
1788924144.3991897,0.004233861182854305
1788924144.44933,0.004234898050429184
1788924144.4992256,0.0042340775869013705
1788924144.5489902,0.004232456625197355
1788924144.5990007,0.004235524025318417
1788924144.64924,0.004234747151010894
1788924144.6989052,0.004234653474966809
1788924144.7492986,0.004233039744833665
1788924144.7989976,0.0042325669254546045
1788924144.849442,0.004232185410226276
1788924144.8990238,0.004230209241352251
1788924144.9488425,0.004230570916110292
1788924144.9998512,0.004227054239768987
1788924145.0490243,0.004226596551128021
1788924145.098892,0.004225523150174804
1788924145.1490312,0.004223465555847028
1788924145.199243,0.004221551545926921
1788924145.2491465,0.004218918475820963
1788924145.2990005,0.004216353605480298
1788924145.3490329,0.004214475361998239
1788924145.399705,0.004210491877987508
1788924145.4490938,0.004206991231718735
1788924145.4989727,0.004205946432706807
1788924145.549153,0.004202868627380602
1788924145.5990026,0.004199420470018083
1788924145.6492732,0.004196231685151246
1788924145.699048,0.00419213024658077
1788924145.748987,0.004189130303457694
1788924145.7990046,0.004185317810113361
1788924145.8493466,0.004181436120871268
1788924145.8994107,0.004176260118731226
1788924145.949024,0.004172205224838125
1788924145.999291,0.004169434850456917
1788924146.0490108,0.004164973754376401
1788924146.0991855,0.004160112838339827
1788924146.1490505,0.004154480477283569
1788924146.1989672,0.004150867258545007
1788924146.2492306,0.004145981674815539
1788924146.2990065,0.005064400502183007
1788924146.3492296,0.005072138799908913
1788924146.3990743,0.005078459024507331
1788924146.4490867,0.005083182833947498
1788924146.499325,0.00509126428235235
1788924146.548995,0.005095008553322025
1788924146.5993032,0.005102792628540983
1788924146.6489944,0.005108321090682754
1788924146.6989963,0.005113423745691802
1788924146.749457,0.00511811897353258
1788924146.7991316,0.00512145363424666
1788924146.8489988,0.005124998203150413
1788924146.8989909,0.005130294371645644
1788924146.9490428,0.0051338426750675995
1788924146.9990005,0.005135122687401751
1788924147.0490434,0.005139847999801584
1788924147.0992837,0.005142401093803587
1788924147.1492918,0.005144233072615782
1788924147.1990833,0.005146187828507021
1788924147.2490273,0.0051485063863644645
1788924147.2990005,0.005149861211352309
1788924147.3495705,0.005151530455337932
1788924147.3993006,0.005152644981582853
1788924147.4489906,0.005151885440520032
1788924147.499127,0.005153970567234671
1788924147.5488565,0.005154100075524504
1788924147.5989933,0.005153931605282887
1788924147.649297,0.005154217552780516
1788924147.6989968,0.005152313167933756
1788924147.749009,0.005152835213303717
1788924147.7990694,0.005151968856017719
1788924147.8489995,0.005150693226282356
1788924147.8993437,0.005149620928863545
1788924147.9489532,0.005146447230853799
1788924147.9993994,0.00514709819166875
1788924148.0493367,0.005142528047837633
1788924148.0988712,0.005142813431173512
1788924148.1493053,0.005140145543946946
1788924148.1990087,0.005136989414483451
1788924148.2490783,0.005135331313924187
1788924148.2993004,0.00513246154023552
1788924148.3493629,0.005129465109917104
1788924148.3990505,0.005125789465641422
1788924148.449301,0.005122859635400249
1788924148.498956,0.005119269504640619
1788924148.5488033,0.0051161134543973585
1788924148.5990074,0.005111802313853721
1788924148.6490028,0.005107816007146537
1788924148.6990805,0.005103800527712724
1788924148.749003,0.005098862552558516
1788924148.799261,0.005094377914361718
1788924148.8492737,0.005089680713302058
1788924148.899131,0.005084689235167983
1788924148.9488587,0.005079772676514282
1788924148.9988997,0.00507497117452876
1788924149.0489655,0.005069979763898594
1788924149.0989957,0.0050641525307799215
1788924149.1493027,0.005058255260823592
1788924149.1997402,0.0050526140702202346
1788924149.2490015,0.005046250735111767
1788924149.2993515,0.005965493129199046
1788924149.3489342,0.005973603854529544
1788924149.3994126,0.0059819181887061975
1788924149.449304,0.005988156653490099
1788924149.4995158,0.005996732911232217
1788924149.5490015,0.006003890248107266
1788924149.5988557,0.006011094002266402
1788924149.648938,0.0060172848597732625
1788924149.6988626,0.006023446783962561
1788924149.748965,0.006029345402347574
1788924149.7990212,0.006034151333311669
1788924149.848884,0.006038776397638126
1788924149.899013,0.0060433461641520945
1788924149.9494112,0.006047474904275058
1788924149.9988558,0.006051656276099409
1788924150.0489824,0.006054969902041689
1788924150.0990229,0.006058177848042125
1788924150.1489072,0.006060733587487531
1788924150.1990125,0.006063500037154255
1788924150.2490208,0.006065412968152498
1788924150.2990408,0.006067390383236957
1788924150.348902,0.006069073888593978
1788924150.3990445,0.006070551255676105
1788924150.449016,0.006071375761156363
1788924150.498932,0.006072130833403464
1788924150.5489347,0.006072973437865059
1788924150.5992951,0.006072960479605075
1788924150.6488657,0.006071629450543751
1788924150.6994593,0.0060725684678103785
1788924150.7490208,0.006070719285758697
1788924150.799327,0.006070694232134833
1788924150.8494546,0.006069569930127546
1788924150.8996181,0.006068164371549625
1788924150.9492645,0.006066816628219251
1788924150.9991846,0.006064518060752277
1788924151.0493069,0.006062296831586494
1788924151.0990007,0.006059953744498405
1788924151.1488757,0.006057437147687485
1788924151.198915,0.006054747095032214
1788924151.249023,0.006051615563262081
1788924151.2999263,0.006048216640367564
1788924151.3497932,0.00604504773812071
1788924151.3989992,0.006041319749501383
1788924151.4492679,0.006036898225156791
1788924151.4990826,0.0060328174175910895
1788924151.548999,0.0060287304385026426
1788924151.5990477,0.006024308206640753
1788924151.6488566,0.006019208942058453
1788924151.6989934,0.006014125110557819
1788924151.7492602,0.006008757301751265
1788924151.7990801,0.006002752521470852
1788924151.8490102,0.005998210875471671
1788924151.8990242,0.005992328727881763
1788924151.949009,0.005986578767368338
1788924151.9991176,0.005980896557310244
1788924152.0496495,0.0059742565445366595
1788924152.0990686,0.005967857016122416
1788924152.1492724,0.005961275903360787
1788924152.1988733,0.0059544634128212435
1788924152.249045,0.005947819976494282
1788924152.2990108,0.006866036043549569
1788924152.3493345,0.006876101132746045
1788924152.3988707,0.0068856325684934615
1788924152.449753,0.006894995914492704
1788924152.4988654,0.006903157040116745
1788924152.5490928,0.006911626103112503
1788924152.5990093,0.006919263292757768
1788924152.649588,0.006926621141488377
1788924152.698831,0.006933776824730088
1788924152.7490582,0.0069401935829633945
1788924152.799259,0.006945897349131561
1788924152.8489842,0.006951755006750995
1788924152.8989375,0.00695673990632544
1788924152.9490013,0.006962018905271562
1788924152.9994268,0.0069666746994279565
1788924153.0490282,0.00697064633739448
1788924153.0990002,0.0069741537234990865
1788924153.1491368,0.006977815424768989
1788924153.1992874,0.006980773884758549
1788924153.2492986,0.006981775586049936
1788924153.299049,0.0069850546268012655
1788924153.3490708,0.006987257459677575
1788924153.399021,0.006988868640550202
1788924153.4496162,0.006990074469815593
1788924153.4994478,0.006991282688547037
1788924153.5495172,0.006991204150774589
1788924153.599276,0.0069917598848819726
1788924153.6492937,0.0069916396538032746
1788924153.6992111,0.006991641558618012
1788924153.749318,0.006990985910760926
1788924153.798836,0.0069899719433785205
1788924153.8490462,0.006988462719481381
1788924153.899122,0.006987067139131132
1788924153.9496856,0.006984788667045838
1788924153.9989948,0.006982694131889847
1788924154.0490026,0.00698033663663727
1788924154.099412,0.006977461874091737
1788924154.1490066,0.006974643141305866
1788924154.1990643,0.006971375359068876
1788924154.2487934,0.006967834089681985
1788924154.2988222,0.006964067357952238
1788924154.3492916,0.006960229811180274
1788924154.3997328,0.006955138783553172
1788924154.448981,0.006951354353589421
1788924154.4988117,0.00694652582222487
1788924154.548913,0.006941388317294416
1788924154.5989537,0.006936616793905024
1788924154.6490715,0.006930710457464659
1788924154.6997132,0.006925455968411308
1788924154.749338,0.006918941750499048
1788924154.7993386,0.006912474486414074
1788924154.8489764,0.0069070507240072436
1788924154.898814,0.006900368072781457
1788924154.9490454,0.006894044895188715
1788924154.998852,0.006886525858031424
1788924155.048905,0.006879755454180924
1788924155.0990417,0.00687240198682001
1788924155.1489937,0.006864644615249371
1788924155.1990023,0.006856861330166195
1788924155.2490137,0.0068479416409619395
1788924155.2994335,0.007767038509588958
1788924155.3494563,0.007778665501022482
1788924155.3990417,0.007788946028311804
1788924155.4488451,0.007799785768418898
1788924155.499023,0.007809727233499719
1788924155.5491626,0.007819019156188262
1788924155.598995,0.007827653364565926
1788924155.64929,0.007836360039335206
1788924155.6989448,0.007844280994811183
1788924155.749064,0.00785169845389021
1788924155.7988222,0.00785850904236381
1788924155.8489914,0.00786487735631268
1788924155.8989325,0.007870816988455829
1788924155.9492645,0.007876577522764957
1788924155.9990666,0.007881184336381014
1788924156.0490518,0.0078858423476848
1788924156.0992885,0.00789052887439813
1788924156.1487482,0.007893878755863082
1788924156.1987915,0.007898009020467436
1788924156.2488263,0.007900969899952459
1788924156.298865,0.007903643504221475
1788924156.348836,0.007905760782455869
1788924156.3988478,0.00790759056214965
1788924156.4488847,0.007909008843199823
1788924156.4989092,0.007910090216602605
1788924156.5488427,0.007910747812950352
1788924156.5988266,0.00791110489791007
1788924156.64884,0.007911060552705577
1788924156.6988506,0.007910664445014802
1788924156.748887,0.007909903299759009
1788924156.7989073,0.007908830547839002
1788924156.848842,0.007907495810508968
1788924156.8988814,0.007905787489937255
1788924156.948821,0.007903569259410118
1788924156.9988482,0.007901195056633755
1788924157.0488746,0.007898443883917243
1788924157.0987942,0.007895525464011635
1788924157.1487496,0.00789223259706265
1788924157.1987581,0.00788863512276544
1788924157.248845,0.00788455212580157
1788924157.2988138,0.007880184484379132
1788924157.3488128,0.007875727831613565
1788924157.3987515,0.007870915562678844
1788924157.4488764,0.00786590957677359
1788924157.4987602,0.007860538978358167
1788924157.54884,0.00785500251814824
1788924157.5988436,0.00784905758944964
1788924157.6487534,0.007842877756442872
1788924157.6987631,0.007836582711073323
1788924157.7488844,0.007829890507570776
1788924157.7987728,0.007822896870202259
1788924157.84875,0.00781568810613568
1788924157.8987546,0.007808321080206644
1788924157.9487696,0.0078007079407293855
1788924157.998814,0.00779281473274771
1788924158.0488763,0.0077847043366209715
1788924158.0988095,0.007776325924521467
1788924158.1487782,0.007767937801350337
1788924158.1987329,0.0077593086413079914
1788924158.2487903,0.0077503615687706485
1788924158.2987816,0.008668327667374584
1788924158.3487659,0.008681117540825222
1788924158.3987606,0.008693344774670283
1788924158.4487534,0.00870497821530322
1788924158.4988818,0.008716054049573138
1788924158.548821,0.008726507792420707
1788924158.598755,0.008736493289023515
1788924158.6487994,0.00874589512292326
1788924158.6987774,0.008754613608580408
1788924158.748854,0.008763066595454339
1788924158.7987692,0.008770854237830297
1788924158.8487318,0.0087780857076756
1788924158.8987718,0.00878485825290992
1788924158.948769,0.008791124898347788
1788924158.9988825,0.008796866207399065
1788924159.0488553,0.008802174050596629
1788924159.098762,0.008806948597857415
1788924159.1487896,0.008811308875596047
1788924159.19876,0.008815162928580268
1788924159.2488935,0.008818583895242151
1788924159.2987807,0.008821500046868404
1788924159.3487806,0.008824053066253588
1788924159.3987513,0.008826142236717129
1788924159.4487557,0.008827786868851656
1788924159.498757,0.008828993077416794
1788924159.548826,0.008829823277609793
1788924159.5989275,0.00883020178274741
1788924159.6487834,0.008830124107660969
1788924159.6988955,0.008829816626522352
1788924159.7488759,0.008829046900984117
1788924159.7988439,0.008827787843141553
1788924159.8488564,0.008826310987642529
1788924159.8988798,0.008824356261007858
1788924159.9488816,0.008822052049261455
1788924159.998831,0.008819393692525275
1788924160.0489163,0.008816438244485567
1788924160.0988917,0.0088130653971799
1788924160.148834,0.008809368946207567
1788924160.198842,0.00880533010640453
1788924160.2488492,0.00880096118933896
1788924160.2988107,0.008796247250455858
1788924160.3489208,0.008791183997291821
1788924160.3988953,0.008785814369086993
1788924160.4488852,0.008780194393763603
1788924160.4988565,0.008774226872752595
1788924160.548904,0.008768034346896705
1788924160.5988421,0.008761475190040552
1788924160.648885,0.008754594157132456
1788924160.698895,0.008747403386526208
1788924160.7488902,0.008740039418658571
1788924160.798767,0.008732341617042129
1788924160.8488781,0.008724416744013138
1788924160.8987584,0.00871615746377638
1788924160.9488957,0.008707686593748567
1788924160.998937,0.00869892649823767
1788924161.048876,0.008689908931439854
1788924161.0988972,0.00868064871903851
1788924161.1488912,0.008671152318107491
1788924161.1988888,0.008661467278605301
1788924161.2487714,0.008651432574985156
1788924161.2989123,0.009569450099298271
1788924161.348894,0.009583655695765095
1788924161.3988974,0.009597207278648842
1788924161.448842,0.009610112207494623
1788924161.4989212,0.009622375387175476
1788924161.5489118,0.009634013126300089
1788924161.5988545,0.009645060253626677
1788924161.6488311,0.009655480777284408
1788924161.6988509,0.0096653131280867
1788924161.7488666,0.00967452476558952
1788924161.7988155,0.0096831863021557
1788924161.8488028,0.009691267296456646
1788924161.8988798,0.00969878005661577
1788924161.948884,0.009705747260307516
1788924161.9988873,0.009712166046953486
1788924162.0488725,0.00971804415363903
1788924162.0988889,0.009723394516384739
1788924162.148809,0.009728221027658595
1788924162.1988244,0.009732529936177898
1788924162.2488024,0.00973634005095227
1788924162.2988884,0.009739653155837072
1788924162.3488822,0.009742467517727902
1788924162.39886,0.009744803289013943
1788924162.4489086,0.009746651209081712
1788924162.4989147,0.009748054040632734
1788924162.54888,0.009748978921634855
1788924162.5988111,0.00974945091105105
1788924162.6488426,0.009749496621749187
1788924162.6988928,0.009749086521534944
1788924162.7488782,0.009748246634255142
1788924162.7988534,0.009746965864876337
1788924162.8488605,0.009745293662049547
1788924162.8988144,0.009743198457222565
1788924162.9488237,0.009740688511807729
1788924162.9988103,0.009737786377851611
1788924163.0488868,0.009734489409989468
1788924163.0988796,0.009730814939583911
1788924163.1488996,0.009726735677209233
1788924163.1988237,0.009722295366484958
1788924163.2488804,0.009717491639260998
1788924163.2988524,0.009712330254099557
1788924163.3488007,0.009706818293574972
1788924163.3988144,0.009700942125743033
1788924163.4487967,0.009694722985425643
1788924163.498888,0.009688165045716656
1788924163.5488932,0.009681264748310476
1788924163.5988307,0.009674046372427204
1788924163.648855,0.009666506331064594
1788924163.698873,0.0096586507030408
1788924163.7488246,0.00965048328885965
1788924163.7988055,0.009642006756855765
1788924163.8488173,0.009633250283715741
1788924163.898791,0.009624171124557959
1788924163.9487653,0.009614807448126013
1788924163.9988127,0.009605147864424728
1788924164.0488806,0.009595216109457119
1788924164.0988343,0.009585019389969422
1788924164.148848,0.009574557454239586
1788924164.1988823,0.009563812500912641
1788924164.2492638,0.009552800102299884
1788924164.2988586,0.010470617140007958
1788924164.3488877,0.010486215001599122
1788924164.3988895,0.010501102310037222
1788924164.448868,0.010515372331267628
1788924164.4988897,0.010528750304564181
1788924164.548887,0.010541644511778738
1788924164.5988472,0.010553741252155387
1788924164.648835,0.01056521564735287
1788924164.6988082,0.010576136408275056
1788924164.7488542,0.01058614840635509
1788924164.7988465,0.010595668476009071
1788924164.848879,0.01060455673450374
1788924164.8988316,0.010612867524526757
1788924164.9488354,0.010620484773460389
1788924164.9988616,0.010627547126430704
1788924165.048881,0.010633947891374547
1788924165.0988305,0.010639833912644123
1788924165.1488802,0.010645152778228863
1788924165.1988447,0.01064989248902691
1788924165.2495759,0.01065420541153459
1788924165.2988484,0.010657871667594226
1788924165.3488855,0.010660930621148637
1788924165.3987415,0.010663477964140642
1788924165.448859,0.010665540327686969
1788924165.498785,0.010667103216400728
1788924165.5488799,0.01066823405210686
1788924165.59882,0.010668824808746962
1788924165.6488342,0.010668848942910132
1788924165.6987758,0.010668443628428708
1788924165.7488828,0.010667553473413938
1788924165.7987974,0.010666208865904076
1788924165.8488238,0.010664376347481366
1788924165.8987875,0.010662113482375496
1788924165.9488485,0.010659283360349391
1788924165.9989626,0.010656236077260059
1788924166.0488389,0.010652697536519715
1788924166.0989428,0.01064866064880382
1788924166.1489353,0.010644247343359559
1788924166.1989121,0.010639329322293877
1788924166.2489138,0.010634162277689143
1788924166.2995126,0.010628539690787307
1788924166.3496475,0.01062343816851852
1788924166.3995712,0.010616019301452504
1788924166.4496481,0.010609542892169043
1788924166.4992392,0.01060239960318769
1788924166.5492811,0.010594538246346664
1788924166.5994585,0.010586721655783355
1788924166.649036,0.010578749703387777
1788924166.6995459,0.010569844389147856
1788924166.749627,0.010561254535331266
1788924166.7989051,0.010551986808097012
1788924166.8496308,0.01054268197261498
1788924166.8996959,0.01053221753435713
1788924166.949626,0.010522218383818359
1788924166.9995782,0.010511692985392214
1788924167.0497437,0.010501092748179312
1788924167.0988855,0.01048969362008266
1788924167.1497302,0.010478025095201895
1788924167.19969,0.010466215246665037
1788924167.2495923,0.010454274538294147
1788924167.2992811,0.011372501711944722
1788924167.3494058,0.011388919437357857
1788924167.3995476,0.011405276900200672
1788924167.4496958,0.011421059818073507
1788924167.4997933,0.011436017032676856
1788924167.5496933,0.011449679728833258
1788924167.5996137,0.011462315920433942
1788924167.6495707,0.011475053192829104
1788924167.6991973,0.01148745974146199
1788924167.749739,0.01149762929410908
1788924167.7991574,0.011508607416151787
1788924167.8492405,0.01151828225694015
1788924167.8990364,0.011526908089899673
1788924167.949332,0.011535468694780865
1788924167.9997087,0.011543583580782318
1788924168.0492992,0.011550475284566793
1788924168.0991902,0.011556342904049575
1788924168.1490133,0.011562509384065838
1788924168.1994212,0.011567531022418039
1788924168.2490442,0.011573267119868273
1788924168.2991557,0.01157622788864947
1788924168.3493354,0.011579264421110149
1788924168.3993027,0.01158242910610863
1788924168.449798,0.011584955191040452
1788924168.4993083,0.011586078850491196
1788924168.5496216,0.011587687999696747
1788924168.5990222,0.011587948933290449
1788924168.6494322,0.011588227853403714
1788924168.6998456,0.011588154849374763
1788924168.74964,0.011587776173431777
1788924168.7989967,0.011585859018353135
1788924168.8496277,0.011583587826596102
1788924168.8994367,0.011581722056546886
1788924168.9491,0.011578714407849194
1788924168.999827,0.011574885379717936
1788924169.0489383,0.011570783319979567
1788924169.0996025,0.011566461189302372
1788924169.1496232,0.011561718575942468
1788924169.1992915,0.011556975497642686
1788924169.2494369,0.011550862188132751
1788924169.2992215,0.011545143575181485
1788924169.3495767,0.011538792808421253
1788924169.3992906,0.011531475660269708
1788924169.4498389,0.01152387086146725
1788924169.4994895,0.011515902585729326
1788924169.5496435,0.011508524254994304
1788924169.5998693,0.01149950316576197
1788924169.6495798,0.011490361947994299
1788924169.6988783,0.011481684922507925
1788924169.749657,0.011471195017877531
1788924169.7996228,0.011461225339325164
1788924169.8492532,0.01145169088408803
1788924169.8997893,0.011440558674006751
1788924169.9492936,0.011429305636703893
1788924169.9992294,0.011418007143082795
1788924170.049293,0.011406470520613443
1788924170.0993,0.011394368821382296
1788924170.1496432,0.011381384523742042
1788924170.1993153,0.01136871456006426
1788924170.2497573,0.011355707738853079
1788924170.2992342,0.012273961004336968
1788924170.3499055,0.012293139409916028
1788924170.3995948,0.012308743765338514
1788924170.4496498,0.01232652176479076
1788924170.4991298,0.012341460133580957
1788924170.5492957,0.01235732290667485
1788924170.5988176,0.012370782713269773
1788924170.6495261,0.012384281963225647
1788924170.6988282,0.012397064248223046
1788924170.749397,0.01240878996036495
1788924170.7990587,0.012422966732048244
1788924170.8489008,0.012431196145998894
1788924170.8989968,0.012440746476940332
1788924170.9495146,0.012449592000046883
1788924170.9990442,0.01245833645236613
1788924171.048958,0.012466122520932663
1788924171.0988584,0.012472989424471108
1788924171.1489842,0.012478623663801357
1788924171.1990001,0.01248451391853372
1788924171.2489889,0.012489915503309409
1788924171.298981,0.012493855730503732
1788924171.3490717,0.012498101034133942
1788924171.3996227,0.012501104063615874
1788924171.4490597,0.01250308894761729
1788924171.4996622,0.012505105559756735
1788924171.5489419,0.012506926897124517
1788924171.599584,0.012506977273050043
1788924171.6488323,0.012507493233505916
1788924171.6995358,0.01250718234765818
1788924171.7490613,0.01250569331617213
1788924171.7990046,0.012504663957386765
1788924171.8488486,0.012502588708851134
1788924171.8992817,0.012499705420744377
1788924171.949015,0.012496948634391467
1788924171.9990332,0.012493152926429604
1788924172.049029,0.012490461124163594
1788924172.0989583,0.01248451437659847
1788924172.148997,0.012479171162132145
1788924172.1988478,0.012473511839043272
1788924172.2490053,0.012467052317117708
1788924172.2990108,0.012460878409764233
1788924172.349323,0.012453845033636498
1788924172.398998,0.01244657058483059
1788924172.449455,0.01243809157804266
1788924172.4991548,0.012431277291465133
1788924172.549134,0.012420922206892107
1788924172.598919,0.012411634240732286
1788924172.6489496,0.01240181143673273
1788924172.6989827,0.01239204248551392
1788924172.7489884,0.01238165854326149
1788924172.7989593,0.012370756762319076
1788924172.8488605,0.012359924292612765
1788924172.898913,0.012348179517812427
1788924172.9490092,0.012336006241378851
1788924172.999673,0.012324280992013506
1788924173.0489917,0.012311022789186617
1788924173.0990472,0.012298302310188875
1788924173.149268,0.012284967604785552
1788924173.1990051,0.012271593735169808
1788924173.2489705,0.012257039136457397
1788924173.298904,0.013174681118672977
1788924173.348856,0.013194189466190791
1788924173.399123,0.013212452064559562
1788924173.4489913,0.013231600808791433
1788924173.498844,0.013248360281566634
1788924173.5488532,0.013264370646251486
1788924173.6001265,0.013280010036069123
1788924173.6493,0.013294651911434544
1788924173.6989605,0.013307945637598781
1788924173.7496967,0.013321214260271488
1788924173.798989,0.01333391156950275
1788924173.8488522,0.013344563380460013
1788924173.898986,0.01335496201149569
1788924173.9490082,0.01336489934491784
1788924173.9990366,0.013373235654325848
1788924174.0490227,0.013382150998452325
1788924174.0990367,0.013389707069636173
1788924174.1489887,0.013396285530591833
1788924174.1990027,0.013401981290388975
1788924174.2489972,0.013407927139161932
1788924174.2990336,0.013412001641829653
1788924174.3489916,0.013416860277627986
1788924174.3993282,0.013419917637664156
1788924174.4490376,0.013423066793495253
1788924174.498958,0.013424827051457634
1788924174.549345,0.013425965112825065
1788924174.5990353,0.013427277406475997
1788924174.6490388,0.013427309624144375
1788924174.699189,0.013426433831894874
1788924174.7489488,0.013425525813243555
1788924174.7990115,0.013423955541172839
1788924174.8489888,0.013421796190026751
1788924174.8992,0.013418295602815284
1788924174.9490075,0.013415649496995027
1788924174.9998403,0.0134115295537686
1788924175.0489879,0.013406843200359843
1788924175.0989952,0.01340246907433575
1788924175.1490464,0.013396602469998329
1788924175.1990573,0.013390092645888483
1788924175.2492237,0.013384237051868138
1788924175.298959,0.013377145362408175
1788924175.34926,0.013369379778262603
1788924175.3990064,0.013362042639480261
1788924175.448882,0.013353206419208341
1788924175.4989955,0.013344143500989763
1788924175.5489068,0.013334875048518158
1788924175.5990405,0.013324180835387051
1788924175.6490018,0.013314506740751377
1788924175.6991484,0.013303805812519843
1788924175.7488568,0.013292562552355136
1788924175.7991412,0.0132804134037967
1788924175.8491278,0.013268964626405363
1788924175.8990047,0.0132562256864414
1788924175.9490426,0.013243645723568133
1788924175.9991705,0.013230463334384372
1788924176.0492582,0.013216470601979599
1788924176.0989232,0.013203194298068818
1788924176.1488147,0.013188112744384804
1788924176.199592,0.013173166883498365
1788924176.2488954,0.013158105424420084
1788924176.2991045,0.05960354452052942
1788924176.3489966,0.059675785272558894
1788924176.3990242,0.05974788298552743
1788924176.4489882,0.05981455799249097
1788924176.4990137,0.05987721967351083
1788924176.5489364,0.059934315066195745
1788924176.5989974,0.059989614517636396
1788924176.6493082,0.06
1788924176.6988113,0.06
1788924176.7488496,0.06
1788924176.7990289,0.06
1788924176.8488283,0.06
1788924176.8989217,0.06
1788924176.9488869,0.06
1788924176.999021,0.05999999999999999
1788924177.0488193,0.06
1788924177.0990272,0.05999999999999999
1788924177.148963,0.06
1788924177.1987948,0.06
1788924177.2488234,0.06
1788924177.2988338,0.06
1788924177.3489022,0.06
1788924177.398769,0.05999999999999999
1788924177.448821,0.06
1788924177.4987535,0.06
1788924177.5489047,0.06
1788924177.5987713,0.06
1788924177.6488216,0.06
1788924177.6988535,0.06
1788924177.74877,0.06
1788924177.798675,0.06
1788924177.8488173,0.06
1788924177.8987567,0.06
1788924177.9487936,0.06
1788924177.9987595,0.06
1788924178.0488439,0.06
1788924178.0986776,0.06
1788924178.1488483,0.06
1788924178.1988373,0.06
1788924178.2486835,0.06
1788924178.298818,0.05999999999999999
1788924178.348828,0.06
1788924178.3986807,0.06
1788924178.4487255,0.06
1788924178.4987047,0.05998782888257955
1788924178.548841,0.059935646729164814
1788924178.5988202,0.05987924231266617
1788924178.6488762,0.059823668522085045
1788924178.699064,0.059767092859065056
1788924178.748975,0.05970748906858141
1788924178.7993166,0.05964627276900632
1788924178.8489978,0.05958347905594115
1788924178.8987656,0.059515667032989904
1788924178.9489155,0.05944710805734925
1788924178.9989002,0.0593785618901156
1788924179.049083,0.05930757614842908
1788924179.0993345,0.059236782375986764
1788924179.1492562,0.059164258765619294
1788924179.1990814,0.059085543800607244
1788924179.2493143,0.059011220595360396
1788924179.299321,0.05488935584720226
1788924179.3496912,0.05496334681613788
1788924179.3996336,0.05503949536316095
1788924179.4493194,0.05510669139686235
1788924179.4996872,0.05516841167861714
1788924179.5491488,0.05523713308646807
1788924179.5992947,0.05529040240633701
1788924179.6496263,0.05534475363246078
1788924179.699069,0.05539747633786496
1788924179.7495115,0.05544421938496399
1788924179.7993078,0.05548467274060495
1788924179.849214,0.055528502810339116
1788924179.8990018,0.055568040504033744
1788924179.9498608,0.05560268405126175
1788924179.999696,0.055633997548562034
1788924180.049595,0.05566920943932642
1788924180.0994236,0.05568908769930635
1788924180.1496158,0.05571207611637007
1788924180.1994038,0.055731362007441845
1788924180.2493725,0.05575581161607456
1788924180.2996893,0.05576090437890663
1788924180.3490386,0.05577353343882487
1788924180.3994453,0.055784963524450594
1788924180.4496524,0.05579227315958894
1788924180.499453,0.05579166900302706
1788924180.5492191,0.05579647445938315
1788924180.599307,0.05579140360254395
1788924180.6495922,0.05579142190132425
1788924180.699545,0.05578233846130368
1788924180.749512,0.05577257342509139
1788924180.7995079,0.055765196811218165
1788924180.8492732,0.05574652271510799
1788924180.8997324,0.055732345516924554
1788924180.9494004,0.05571750090851801
1788924180.9990144,0.05569255068157726
1788924181.049014,0.05567276205021722
1788924181.0988517,0.05564743169906099
1788924181.1493382,0.05561868672499422
1788924181.1988325,0.0555893527282865
1788924181.24927,0.055559408422459794
1788924181.2991688,0.05552724216598689
1788924181.3495603,0.055490132933237485
1788924181.398849,0.0554513881748221
1788924181.4492567,0.05541354708697625
1788924181.4997761,0.05537215764974811
1788924181.5496256,0.05533381720409134
1788924181.5995712,0.055294927712445326
1788924181.649651,0.05523845291578952
1788924181.698818,0.05519490332946619
1788924181.7494287,0.05514163799166828
1788924181.7988617,0.055087697202317175
1788924181.8496082,0.05503306851180872
1788924181.8994973,0.054976921223520304
1788924181.9495564,0.054921475464017745
1788924181.9992867,0.05486481202997888
1788924182.0496175,0.05480309220106353
1788924182.099015,0.05474569008041099
1788924182.1498237,0.05468021476448709
1788924182.1995554,0.0546195269122558
1788924182.249567,0.05454814767826774
1788924182.2992206,0.05043544302593207
1788924182.3496985,0.05050750710877184
1788924182.3996403,0.05057800161703629
1788924182.4496343,0.05064685448191022
1788924182.4996142,0.05071703556276715
1788924182.549588,0.05077496784557152
1788924182.5990224,0.05083992955835781
1788924182.6496067,0.05089090161860169
1788924182.6990004,0.050944708560029785
1788924182.7497985,0.050989854946203166
1788924182.7990127,0.051034700293339993
1788924182.849007,0.05108111344054014
1788924182.8988504,0.051121010457607
1788924182.9489918,0.05115751292690582
1788924182.9998655,0.05119209230885764
1788924183.048963,0.05122147991695874
1788924183.0994124,0.05125197339485585
1788924183.1499722,0.05128667531772555
1788924183.199246,0.05131638231787122
1788924183.2496552,0.051316468419817324
1788924183.2990165,0.05133441453775538
1788924183.3492317,0.051348100431457266
1788924183.3996115,0.05136231840428757
1788924183.4495602,0.05137234363676601
1788924183.4992871,0.0513785690151674
1788924183.5493667,0.05138834112536851
1788924183.5992842,0.051390998435059364
1788924183.6495807,0.05138651508647559
1788924183.6992595,0.051387380714210375
1788924183.7496667,0.051383545076354536
1788924183.7990322,0.051379219986773535
1788924183.8496156,0.051366907205945965
1788924183.8990257,0.05137286463608588
1788924183.9491203,0.05134211184081418
1788924183.999099,0.051324386697758836
1788924184.0498784,0.05131035160446238
1788924184.0993273,0.051291290774321555
1788924184.1491604,0.05126936762736157
1788924184.1995943,0.051244847344056224
1788924184.2493036,0.051220230147829185
1788924184.2989664,0.05118838801267229
1788924184.3498256,0.05116004426018656
1788924184.3992848,0.05114988766560306
1788924184.4494221,0.051097257801829075
1788924184.4996963,0.05106284180156473
1788924184.5492966,0.05102562988905835
1788924184.599426,0.050995991335872466
1788924184.649558,0.05094761172112952
1788924184.6995516,0.050900967341065986
1788924184.7496288,0.05085792452223776
1788924184.7995396,0.05082052213511022
1788924184.8497217,0.050768319205573356
1788924184.899631,0.05072293574915866
1788924184.9495642,0.05066761105950569
1788924184.9992926,0.05062176833805233
1788924185.0490053,0.05056270492070122
1788924185.0988615,0.05051234800523278
1788924185.1496015,0.05045435398336245
1788924185.199298,0.05040383029840647
1788924185.2496433,0.050341929344322606
1788924185.2990544,0.046228522368267945
1788924185.3489938,0.04629911639100245
1788924185.3996572,0.04636692006149566
1788924185.4495945,0.04643188669177372
1788924185.499008,0.04650484262020847
1788924185.549013,0.04655682597015648
1788924185.5990255,0.04660616233214492
1788924185.649644,0.04666722042530187
1788924185.6989088,0.046711680508122085
1788924185.7495768,0.046758701312681714
1788924185.7992647,0.04681043283490889
1788924185.848965,0.04684914945295991
1788924185.8989296,0.04688238393884826
1788924185.9494317,0.046925647423061004
1788924185.999313,0.04695834638759179
1788924186.0489554,0.04698703504852488
1788924186.0990524,0.04701464048141973
1788924186.1492012,0.04704129330751789
1788924186.1990542,0.04706392900940278
1788924186.2490647,0.04708680956562339
1788924186.2989066,0.04710282914259861
1788924186.34902,0.04711447446137989
1788924186.3988283,0.04713369444855814
1788924186.4492269,0.04714161763410047
1788924186.49887,0.04715176677239209
1788924186.5488713,0.047153018013285544
1788924186.5988188,0.047161212891529865
1788924186.649035,0.04716406588284374
1788924186.6991618,0.04716683794643699
1788924186.7490454,0.047161918010889564
1788924186.7990162,0.047159446493767146
1788924186.8488426,0.04715416228384628
1788924186.8989058,0.04713963783522417
1788924186.9493535,0.04712500742707817
1788924186.9991815,0.04711773271930404
1788924187.0491765,0.04710559389784611
1788924187.099076,0.04708914117110557
1788924187.149252,0.04707064780960715
1788924187.1993995,0.04704826473975474
1788924187.2490456,0.04702287426529012
1788924187.2990012,0.04701404190983701
1788924187.3489728,0.04697754818943571
1788924187.3991222,0.04695010265639396
1788924187.4497702,0.04692348692726689
1788924187.499205,0.04688831058016005
1788924187.5490348,0.046858115944487536
1788924187.59901,0.04682549852065459
1788924187.6489677,0.046788977263908724
1788924187.6990705,0.04674775295921223
1788924187.7490997,0.04671308055473632
1788924187.799567,0.046673346461560315
1788924187.8488183,0.04663171730902812
1788924187.8989394,0.04658526911993626
1788924187.949708,0.04654269944957143
1788924187.9990563,0.046493467670277414
1788924188.048963,0.04645104533507556
1788924188.0987885,0.046401992881343015
1788924188.1490574,0.046351346856142533
1788924188.198827,0.04629481229646498
1788924188.249029,0.04624170572824948
1788924188.298962,0.042134700011295455
1788924188.3490489,0.042198971006892634
1788924188.3990397,0.042268835515210774
1788924188.4489055,0.04232913267969712
1788924188.4990146,0.04237872450875106
1788924188.5490015,0.04244311735491362
1788924188.5991135,0.04249159373982952
1788924188.6488416,0.04254355933277971
1788924188.6988678,0.042582706616921616
1788924188.7498326,0.04262806527971926
1788924188.7989206,0.04267875106606062
1788924188.849246,0.04271407295020816
1788924188.8990393,0.04275191129752356
1788924188.9490273,0.04278705273189942
1788924188.9989984,0.04281873751603426
1788924189.0488594,0.042847656170031334
1788924189.0987904,0.04287125127733073
1788924189.149652,0.042894673442366756
1788924189.199638,0.042916563790765756
1788924189.2495546,0.04294222016140533
1788924189.2988818,0.04297155170956079
1788924189.3491902,0.04297231076570772
1788924189.3991497,0.04298910156194783
1788924189.4493809,0.04299322060093166
1788924189.4995801,0.04300574276260965
1788924189.5495732,0.043023915736795065
1788924189.599339,0.04301741132369596
1788924189.649114,0.043017268239663946
1788924189.699106,0.04302303408027365
1788924189.7491832,0.04302244790937804
1788924189.7991579,0.04301564746051624
1788924189.8496447,0.04300853937480106
1788924189.89903,0.0430033177273944
1788924189.9495604,0.042991747912658126
1788924189.9996428,0.0429830909497278
1788924190.0491986,0.04297577462875292
1788924190.099124,0.04297404326971209
1788924190.149655,0.04295738494777135
1788924190.199278,0.042921339104495124
1788924190.2496402,0.04291668717706174
1788924190.2987685,0.04287975947362078
1788924190.3494146,0.0428556122270012
1788924190.399544,0.04283370830893239
1788924190.4490068,0.042809229114152185
1788924190.4992793,0.042780075153517005
1788924190.5493023,0.04275094045430174
1788924190.5993588,0.04272591934425905
1788924190.6492891,0.042697156031120835
1788924190.6988451,0.04267296069041791
1788924190.7492864,0.042636391434121186
1788924190.7990837,0.04259095111689948
1788924190.8497708,0.04255157087767438
1788924190.8990176,0.04251024086953454
1788924190.948857,0.04247010439460463
1788924190.999632,0.042430138741967105
1788924191.0499501,0.04239065425468058
1788924191.0995677,0.042341688112583147
1788924191.1496358,0.04229789013699025
1788924191.1994212,0.04225394298126197
1788924191.2495575,0.042237714814073145
1788924191.2988524,0.038089121155301
1788924191.3494313,0.03814951039698665
1788924191.39997,0.03822272032486074
1788924191.4490364,0.03828796689162571
1788924191.4994025,0.03835323592871313
1788924191.5490434,0.03836794720680997
1788924191.5997908,0.03841985885949047
1788924191.6495645,0.03847904041658724
1788924191.69897,0.03852319494822768
1788924191.7496498,0.038545935588463635
1788924191.7993112,0.03858701994359726
1788924191.8490102,0.038640851061973555
1788924191.8989954,0.038660746793614795
1788924191.9490936,0.03868895123145393
1788924191.9992814,0.038713615476880466
1788924192.049172,0.03874605469308991
1788924192.099386,0.03877006865232445
1788924192.1496155,0.03879197388136541
1788924192.1999738,0.03881591242565872
1788924192.24958,0.038849586011994716
1788924192.2987535,0.03884610240106521
1788924192.3494194,0.03886278768854402
1788924192.3992617,0.038892743649317225
1788924192.449046,0.038900365310752215
1788924192.4994261,0.03890444302503288
1788924192.5490177,0.03891615752745419
1788924192.5994315,0.03890406747248499
1788924192.6496305,0.03890636658636189
1788924192.6994207,0.03890727853343958
1788924192.749452,0.038909737420753626
1788924192.7992861,0.03890120150491794
1788924192.849657,0.03890369362554375
1788924192.8994484,0.03889671239168509
1788924192.9494228,0.03888731353701528
1788924192.9996374,0.03889782859524183
1788924193.0496037,0.038864089841040506
1788924193.0996032,0.03886574996833576
1788924193.149036,0.03885591380022827
1788924193.1990454,0.03882052308273705
1788924193.2493048,0.03880924323972322
1788924193.298864,0.038789134943170135
1788924193.3493066,0.03876440084995103
1788924193.3996363,0.03874837321845889
1788924193.4494283,0.03872477117901308
1788924193.4995756,0.038715844328792264
1788924193.5493083,0.03868328939013278
1788924193.5995536,0.03866118006187016
1788924193.6496174,0.038615326447702866
1788924193.6991591,0.038585974895234784
1788924193.7496495,0.03855849320474008
1788924193.7996252,0.038529825119667536
1788924193.8496456,0.03850301545884012
1788924193.8988698,0.03845527416602853
1788924193.9494286,0.038417603097338916
1788924193.9996362,0.03838354606798925
1788924194.0497005,0.03834379850921513
1788924194.0994318,0.038306846871150005
1788924194.149756,0.03829079596440775
1788924194.199457,0.038242559356324674
1788924194.2495763,0.03817963184094405
1788924194.2997348,0.03407133656330171
1788924194.349513,0.03411925768281072
1788924194.400074,0.034187639881889366
1788924194.4489975,0.03422471165956357
1788924194.499266,0.03427499975049781
1788924194.5490491,0.03431924154460038
1788924194.5999784,0.03436602746232606
1788924194.6492624,0.034408403454094516
1788924194.6989686,0.03444622484301696
1788924194.7492142,0.03447873454264036
1788924194.7993958,0.03453123454906712
1788924194.8488512,0.034560029012684956
1788924194.8989797,0.03458297795681858
1788924194.949403,0.03460926085808724
1788924194.9998233,0.03463608762444964
1788924195.049012,0.03467027713256284
1788924195.0992482,0.03468537913036147
1788924195.14914,0.03469987298151918
1788924195.1992302,0.0347354116195674
1788924195.2493541,0.034740098658297185
1788924195.2988808,0.034767357003908796
1788924195.3497427,0.03476431061149344
1788924195.3996153,0.034777165315592835
1788924195.4493492,0.0347954810757282
1788924195.499748,0.03479695441520372
1788924195.5496519,0.03482203801756233
1788924195.5995584,0.03480311978237304
1788924195.649948,0.03482653723356228
1788924195.6996524,0.03481245494771704
1788924195.7490206,0.03482863718211107
1788924195.799627,0.034803466799160326
1788924195.8494265,0.034804608202814745
1788924195.8995333,0.034799208776549725
1788924195.949426,0.03481017970351786
1788924195.9996338,0.03480719700947236
1788924196.0496426,0.03477152927294621
1788924196.1000178,0.034779638245056546
1788924196.148989,0.03475170579312779
1788924196.1993697,0.03474874990622874
1788924196.2494018,0.03472142736202221
1788924196.2995863,0.03470331289429104
1788924196.3496022,0.034686095304389826
1788924196.3995688,0.03468167998453225
1788924196.4492795,0.03465664937238844
1788924196.4996412,0.034625525413807645
1788924196.5490253,0.034606414289220386
1788924196.599275,0.0345807266821992
1788924196.6496453,0.034556039554911024
1788924196.6996439,0.034527305244900365
1788924196.7494519,0.034504338678816825
1788924196.7990205,0.03446973686075027
1788924196.8492894,0.03444391474173746
1788924196.8993964,0.03441298478660798
1788924196.9488618,0.0343807469686564
1788924196.9994307,0.03434434911810916
1788924197.0493498,0.03433079797287523
1788924197.099553,0.03428683546576884
1788924197.149028,0.0342447128952178
1788924197.199604,0.034206004075562894
1788924197.2492943,0.03416356256639883
1788924197.2996373,0.030057270317027155
1788924197.3494198,0.03010756623257399
1788924197.3996217,0.030147796386524556
1788924197.449026,0.030215793760798578
1788924197.4991183,0.03025325779444269
1788924197.549753,0.030294583456531732
1788924197.5993104,0.030318451617833586
1788924197.6490164,0.030354838609788673
1788924197.6990309,0.030393897303553977
1788924197.749176,0.030421460806336884
1788924197.7993696,0.0304535576676063
1788924197.849013,0.030483699727220696
1788924197.8989902,0.030510421052457288
1788924197.9499176,0.030531735653923607
1788924197.9993176,0.030568722775820043
1788924198.0489595,0.030581136366822397
1788924198.0994296,0.03060110215844961
1788924198.149082,0.030630510354254032
1788924198.199558,0.030636106167409794
1788924198.2491307,0.030669797164425028
1788924198.299595,0.030675795080015993
1788924198.3490136,0.0306928749479379
1788924198.3995857,0.030686248676927375
1788924198.4490027,0.03070353162203295
1788924198.499007,0.030705654766353303
1788924198.5490408,0.030708053047204097
1788924198.5996246,0.03070814771498154
1788924198.6495914,0.030722884991868354
1788924198.6995547,0.030734614635444104
1788924198.74976,0.030711608284324284
1788924198.7990108,0.03071484481385673
1788924198.8492763,0.030717133693934955
1788924198.899515,0.03070984186915745
1788924198.9496272,0.030714819172012155
1788924198.9992652,0.03069424216620537
1788924199.0493116,0.03070626284790573
1788924199.0993595,0.030689318379991885
1788924199.149366,0.030675079753916246
1788924199.1992412,0.03067107743262047
1788924199.2490447,0.03066176337028844
1788924199.2992375,0.030635579604032133
1788924199.3489718,0.030614338963101836
1788924199.3992407,0.03060343118134156
1788924199.4496894,0.03057368417624006
1788924199.4994545,0.03056194781543446
1788924199.5488062,0.030552601065489446
1788924199.599712,0.030516800644221433
1788924199.6492808,0.03049647366114473
1788924199.699225,0.030476448631938463
1788924199.7492838,0.030464544583677998
1788924199.7992887,0.030432174561192158
1788924199.8497374,0.03041631463433025
1788924199.899531,0.030365390506936676
1788924199.9487896,0.03033905678252417
1788924199.9996362,0.03030700854983588
1788924200.0491984,0.030282736585809027
1788924200.0997944,0.030265554436725028
1788924200.1491473,0.030225927703645888
1788924200.1995418,0.030186785966361325
1788924200.2492926,0.03015183746594288
1788924200.2994287,0.02606352628682178
1788924200.3494542,0.026103413762438438
1788924200.399789,0.02612266008928011
1788924200.4495094,0.026182559904762644
1788924200.499615,0.026200321713373474
1788924200.5492795,0.026245510741059342
1788924200.5995703,0.026288440301589205
1788924200.6496396,0.026300217019722884
1788924200.69888,0.026334633529507052
1788924200.7497027,0.026359396240166123
1788924200.799622,0.026404244175798133
1788924200.8489938,0.026432089953984227
1788924200.8990567,0.026438036394775353
1788924200.9497042,0.026459768249556176
1788924200.9994147,0.026488192788643942
1788924201.0493376,0.026507282419376256
1788924201.099501,0.026523729393385098
1788924201.1493828,0.026547045477187278
1788924201.1991138,0.02655827081550341
1788924201.2496376,0.026576067741955478
1788924201.299768,0.026583103124337315
1788924201.3496928,0.02659073300642945
1788924201.399553,0.026595670512635557
1788924201.4495132,0.02662300263483527
1788924201.4993718,0.026625161053418462
1788924201.5495403,0.026626224915017063
1788924201.59955,0.02663001208296593
1788924201.649703,0.02664092733860591
1788924201.6996343,0.026628472221331776
1788924201.749364,0.026615716710017844
1788924201.799298,0.026634595368699516
1788924201.8496087,0.026633615404499742
1788924201.8997295,0.026618843832512777
1788924201.9496403,0.026606046036081604
1788924201.9995549,0.026612062485749207
1788924202.048812,0.02659020855798842
1788924202.0995417,0.02658656877886585
1788924202.1493392,0.026573536809107172
1788924202.19954,0.026581057035256588
1788924202.2494967,0.026562620688083394
1788924202.2990441,0.026539186258305824
1788924202.3495724,0.02653710542485184
1788924202.3996165,0.026517295077906032
1788924202.449198,0.026507841297345482
1788924202.4997299,0.026494074489663358
1788924202.54901,0.026485833473080755
1788924202.5990388,0.026450280654218686
1788924202.6494372,0.026430616128923827
1788924202.6995237,0.026415447586345682
1788924202.749722,0.0263978185643223
1788924202.7997513,0.026378668310919617
1788924202.8491414,0.0263508607677761
1788924202.899382,0.02634366542424145
1788924202.949016,0.026302798445108622
1788924202.9989624,0.026289307825783533
1788924203.049065,0.026247352407082192
1788924203.0998373,0.02622191196704639
1788924203.1492927,0.026203426244417613
1788924203.1992795,0.026162663934791677
1788924203.2492638,0.026135457029169175
1788924203.2992342,0.02204208286422574
1788924203.3490343,0.022074296340230993
1788924203.399298,0.022092585272096225
1788924203.4496193,0.02212721973863447
1788924203.4992225,0.022162966333795723
1788924203.5490339,0.022202957965996303
1788924203.599294,0.022217651388663034
1788924203.6492915,0.02225815075005277
1788924203.6989725,0.02227890918979908
1788924203.7490335,0.02229324158820465
1788924203.799272,0.022322461347940376
1788924203.8489912,0.02235957558535887
1788924203.898956,0.022361901946095945
1788924203.9491284,0.022384196816698423
1788924203.9988856,0.022411682741753234
1788924204.0489962,0.022425528249121748
1788924204.0992556,0.022443263256573438
1788924204.1491454,0.022447117868288857
1788924204.1993213,0.022475140549752717
1788924204.2496655,0.022485128066029307
1788924204.2991657,0.022484266949903613
1788924204.349088,0.02249645181071114
1788924204.3998377,0.022499988522023825
1788924204.4492512,0.022503573775656108
1788924204.4990165,0.022526164335192913
1788924204.5492606,0.022516907407459864
1788924204.5999486,0.022529818151291577
1788924204.6490765,0.022529921380249382
1788924204.699698,0.02251926644710275
1788924204.7489727,0.022520803902206534
1788924204.7993195,0.02253171622909241
1788924204.849671,0.022539332554324977
1788924204.899929,0.022519781142553427
1788924204.9497085,0.022535646424342495
1788924204.998989,0.02251140207349581
1788924205.0494597,0.02250423416961486
1788924205.0991662,0.022510913693654162
1788924205.149221,0.02249735676393693
1788924205.1997442,0.022497077205042154
1788924205.24945,0.022466900356875423
1788924205.2992253,0.02247213743947696
1788924205.3493714,0.022458147842443342
1788924205.3991675,0.02244982236795514
1788924205.4492288,0.02243319761887631
1788924205.4993346,0.02242924823386822
1788924205.5490167,0.022401330866751674
1788924205.5996394,0.02239460526010198
1788924205.6489086,0.022371045711969108
1788924205.6994283,0.022365303548310077
1788924205.74922,0.022329203949446923
1788924205.7994545,0.022316458109705225
1788924205.8496096,0.022313655793537557
1788924205.8996136,0.0222891929195641
1788924205.949565,0.02226805862267635
1788924205.9988365,0.02223910558432835
1788924206.049348,0.022206887475842166
1788924206.0993984,0.022206218378061283
1788924206.1500602,0.022168298910845832
1788924206.1996071,0.02216247871305109
1788924206.2496364,0.022115831501674784
1788924206.2992873,0.01800414616513682
1788924206.3491652,0.018056154969277396
1788924206.3996177,0.018062901266887862
1788924206.4496102,0.018103166174644893
1788924206.499568,0.018139042398646797
1788924206.5489895,0.018159191432053974
1788924206.5996175,0.018170394353493775
1788924206.6496537,0.018202513464516387
1788924206.699004,0.018223262041872215
1788924206.7492962,0.018234891622336054
1788924206.7992554,0.01825597011012584
1788924206.848999,0.018277138716135014
1788924206.8993332,0.018292184322625436
1788924206.9497738,0.018300994023043596
1788924206.9992824,0.018316197531321618
1788924207.0496902,0.018338694276621312
1788924207.0992482,0.018351559564782353
1788924207.1490066,0.018355086993183205
1788924207.1988761,0.018369319511622607
1788924207.2489731,0.018376495014317856
1788924207.2990518,0.018387830154823568
1788924207.349028,0.01839162222893875
1788924207.4002082,0.018404954065899398
1788924207.449298,0.01840902934002916
1788924207.4990535,0.018409409484416432
1788924207.549012,0.018419950992653776
1788924207.5996387,0.0184202345612003
1788924207.649548,0.018430364996806826
1788924207.6992285,0.018431146309868588
1788924207.7496402,0.018448183611096795
1788924207.7994375,0.01842899773977794
1788924207.8495567,0.01843147075163083
1788924207.899454,0.018434281244113875
1788924207.9495158,0.01842130492222648
1788924207.999675,0.018424374893025466
1788924208.0496862,0.018408954590426817
1788924208.099533,0.01840837972402948
1788924208.1493905,0.018402093704521165
1788924208.199716,0.0183961446472657
1788924208.2497337,0.01839206047970466
1788924208.2991586,0.01837383548622779
1788924208.3497627,0.01836736557079912
1788924208.39961,0.01836249485913633
1788924208.4493027,0.01835397628091779
1788924208.4990058,0.01835538614029286
1788924208.5495422,0.018326736734783675
1788924208.5997856,0.01833861613052834
1788924208.6496313,0.018307604813542596
1788924208.6996896,0.018293641566130024
1788924208.7493098,0.018297718739600212
1788924208.7996137,0.018254188060387103
1788924208.8496099,0.018252783454068628
1788924208.8996358,0.018251336900842158
1788924208.9492314,0.018211129915418175
1788924208.9988933,0.018191417142732168
1788924209.0488045,0.018173892131229323
1788924209.0992918,0.018153934493831694
1788924209.1492994,0.01814660869985452
1788924209.1990452,0.01813002899403749
1788924209.249423,0.01809834564720309
1788924209.2993145,0.013985908823498034
1788924209.3498647,0.014034517132877577
1788924209.399197,0.01403961008749526
1788924209.4493742,0.014062833275344327
1788924209.4990213,0.014083658729145276
1788924209.5489826,0.014108943115688078
1788924209.5990033,0.014121858892978923
1788924209.6496239,0.014142354331089936
1788924209.698987,0.014168489027642566
1788924209.7492929,0.014166230920077691
1788924209.7991235,0.014190065038545328
1788924209.8490026,0.014200788619994823
1788924209.8990579,0.01420977965889476
1788924209.9496524,0.014226236633850992
1788924209.999241,0.014247731050777979
1788924210.0492785,0.014257649704912466
1788924210.0992038,0.014271666174784767
1788924210.1490104,0.014274056699947886
1788924210.1990213,0.014278174171090513
1788924210.249271,0.014286367312711889
1788924210.2996595,0.01429478394224983
1788924210.34905,0.014313936760245042
1788924210.3990529,0.01430512434441652
1788924210.4493046,0.014312601368836459
1788924210.4996667,0.014314166433639872
1788924210.549255,0.01431940326072401
1788924210.5990548,0.014326482372043052
1788924210.6490533,0.014322691044318778
1788924210.6989973,0.014324101802055558
1788924210.7492883,0.014321233799321775
1788924210.7994328,0.014332143896689945
1788924210.8490431,0.01432831756644642
1788924210.8996077,0.014323030302246359
1788924210.9492092,0.014325271852097112
1788924210.999923,0.014319307084445888
1788924211.0494883,0.014320242220997191
1788924211.0993233,0.014316506916213096
1788924211.1493568,0.014308748835292392
1788924211.199375,0.014306710327167103
1788924211.2490404,0.014292760190681094
1788924211.2993453,0.014305261451671162
1788924211.3489778,0.014293548016093493
1788924211.3994267,0.01427837743923958
1788924211.448985,0.014267909400028263
1788924211.4992993,0.014257140843712249
1788924211.5489936,0.01425458782287012
1788924211.5989988,0.014243248773105968
1788924211.649232,0.014233619201708698
1788924211.6992195,0.01422848277779177
1788924211.7490017,0.014211228038022808
1788924211.7990334,0.014197474125865082
1788924211.8488593,0.01419493590839078
1788924211.8991492,0.014176576879714044
1788924211.949248,0.014176240623465395
1788924212.0001903,0.014158727355018998
1788924212.0488617,0.014144319574948135
1788924212.0990553,0.01412146692984155
1788924212.1496403,0.014107016230394509
1788924212.199191,0.014110223293503279
1788924212.2498975,0.014094475847899548
1788924212.2992601,0.009969715236750845
1788924212.3489406,0.00998765565714087
1788924212.4001563,0.01000455836163476
1788924212.4488287,0.010033284940276862
1788924212.4993033,0.010038047523447087
1788924212.549045,0.010053358920186616
1788924212.5989554,0.010066216974941283
1788924212.6494997,0.010081005777312696
1788924212.6988654,0.010095485836615804
1788924212.749741,0.010105250191923017
1788924212.799347,0.010114947063680584
1788924212.8490765,0.010125796294640759
1788924212.899077,0.010137014754136598
1788924212.9489772,0.010145991407685188
1788924212.9991286,0.01015496630630593
1788924213.0495486,0.010181359572775724
1788924213.099313,0.010169714176825072
1788924213.1492996,0.01017579852006463
1788924213.1992671,0.010183382708647812
1788924213.2491214,0.010195566438140149
1788924213.2990222,0.01019206663089219
1788924213.3490446,0.010203564172759208
1788924213.3992672,0.010208262615491124
1788924213.4490252,0.010214807060754809
1788924213.4992986,0.01021702980773852
1788924213.5490916,0.010234547425077983
1788924213.5990846,0.010215530422509854
1788924213.6496973,0.010224628225597918
1788924213.6990192,0.010230429909529224
1788924213.7491908,0.010225568525322512
1788924213.7993057,0.010224411903778841
1788924213.8491285,0.010238659799924808
1788924213.8990216,0.010224421064717628
1788924213.9494276,0.010221720071199725
1788924213.999455,0.01023073988811878
1788924214.0488582,0.010215198697427203
1788924214.0990264,0.01021902707528586
1788924214.1489794,0.010216231400941252
1788924214.199078,0.010207948415987166
1788924214.2491062,0.010221698393882445
1788924214.299406,0.010202791104678748
1788924214.348904,0.010208635426740147
1788924214.3988593,0.01019724440955194
1788924214.4490144,0.010185999218769892
1788924214.4999876,0.010182446549502901
1788924214.5488951,0.01018602090790113
1788924214.599458,0.010170397939750246
1788924214.6490164,0.010173528315824583
1788924214.6989946,0.010158622887202456
1788924214.74911,0.010149353744575299
1788924214.7993724,0.010141290754689869
1788924214.8489933,0.010137840389061596
1788924214.899042,0.010125490010205487
1788924214.9490876,0.010116721724665935
1788924214.999031,0.010108480956154936
1788924215.0490494,0.010100223853084725
1788924215.0989025,0.010096856864480823
1788924215.1490195,0.010076098532016802
1788924215.1991763,0.01007092025921902
1788924215.2496495,0.010072712012579978
1788924215.2990189,0.005951095757106102
1788924215.3490567,0.005955456233071661
1788924215.3993793,0.005969687894668839
1788924215.449375,0.005981965410411212
1788924215.4994583,0.0059971836605353344
1788924215.5488677,0.00600911722706157
1788924215.5989811,0.006010982724547234
1788924215.6488876,0.006014904084847736
1788924215.6988509,0.0060194164038001605
1788924215.7489495,0.006034756995785326
1788924215.799669,0.0060372163862477115
1788924215.8493443,0.006057297071929245
1788924215.8998966,0.006058443083661915
1788924215.9491148,0.006062721512937114
1788924215.9994557,0.006068242638594836
1788924216.0491407,0.0060941356602194985
1788924216.099176,0.006099379270019061
1788924216.1491199,0.0060866611782524754
1788924216.1998763,0.0060899718611122445
1788924216.2490592,0.00609382506147814
1788924216.2990346,0.006097116493512766
1788924216.348992,0.006101665780533844
1788924216.3989034,0.006103178527901717
1788924216.4489887,0.006105426956524307
1788924216.4994953,0.006112865332666376
1788924216.5492332,0.006114900823522093
1788924216.5993595,0.006114063731937332
1788924216.6494045,0.006116182722807838
1788924216.6993213,0.006121180471780913
1788924216.7490711,0.006122468625964904
1788924216.799765,0.006123562042888907
1788924216.848906,0.006127999922300194
1788924216.8990245,0.006117604731110007
1788924216.9496458,0.006128181151801434
1788924216.99931,0.00611835894569295
1788924217.0492232,0.006119074665777198
1788924217.0992942,0.006114546027095338
1788924217.1496818,0.006117357475639756
1788924217.19951,0.006112485108312731
1788924217.2493606,0.0061106178265599815
1788924217.2993164,0.006120327998243946
1788924217.3488991,0.006117980889705053
1788924217.3993025,0.006108004752558323
1788924217.4493992,0.006112869914914635
1788924217.499179,0.006108313791977706
1788924217.5489743,0.006106561640673781
1788924217.5992284,0.006111830652760037
1788924217.6488178,0.006095840181193136
1788924217.6989179,0.006083546913447228
1788924217.7488322,0.006080445563444991
1788924217.798846,0.006074810165895477
1788924217.8488514,0.006070846971719394
1788924217.8989048,0.006068226370098154
1788924217.9488673,0.006065349408079296
1788924217.9988816,0.006058669765035904
1788924218.048903,0.006053349451328367
1788924218.0988975,0.006047890553510171
1788924218.1488926,0.006041924244133268
1788924218.198857,0.0060370091607418255
1788924218.2487798,0.006030907049239771
1788924218.2988887,0.0019206673720488143
1788924218.3488374,0.0019259315024719125
1788924218.3988812,0.0019296626072093932
1788924218.449538,0.0019388390699534791
1788924218.499316,0.0019433905138088172
1788924218.54933,0.00194978589376913
1788924218.5994987,0.0019540179231066104
1788924218.6488988,0.001955246351441926
1788924218.698891,0.001958991997433075
1788924218.7492027,0.001959703372686222
1788924218.798914,0.0019680438054311767
1788924218.8488967,0.001968952662609374
1788924218.8988981,0.0019730050068695482
1788924218.9490316,0.0019733018216595284
1788924218.9995828,0.001983295619863958
1788924219.0490348,0.0019855968246911145
1788924219.0993612,0.0019839350136766497
1788924219.1490233,0.0019866527056455092
1788924219.199009,0.0019931492041894852
1788924219.2496054,0.00199556393233568
1788924219.2996435,0.0020024795008629446
1788924219.348936,0.002020762236379261
1788924219.398897,0.002000317179452875
1788924219.4489243,0.002001120831858734
1788924219.4988568,0.0020012504744790906
1788924219.548914,0.0020056125796091644
1788924219.5988169,0.002007449165454672
1788924219.648894,0.0020089092902602786
1788924219.6988823,0.0020101781847888093
1788924219.7489018,0.0020114893290311847
1788924219.7988536,0.002014742035714936
1788924219.848883,0.0020139876660286776
1788924219.8988702,0.0020150650620179124
1788924219.9489007,0.0020159310520253817
1788924219.9989064,0.002016673419719483
1788924220.048885,0.002017510296040276
1788924220.0988708,0.002018030179331137
1788924220.1496997,0.0020186122611572056
1788924220.199684,0.0020233963703745346
1788924220.2489223,0.0020391812997560006
1788924220.299575,0.002019320749903947
1788924220.3488367,0.0020227088815689773
1788924220.3992696,0.0020220148397385377
1788924220.4495487,0.002021870456646179
1788924220.499637,0.0020214608971125037
1788924220.5490189,0.002029002239657048
1788924220.598902,0.0020211532626330784
1788924220.648827,0.0020178111070737934
1788924220.6987743,0.0020158823091365953
1788924220.7488863,0.002016585292598069
1788924220.7988641,0.002016260449533137
1788924220.8488655,0.0020152343819561354
1788924220.8988554,0.0020143374779236613
1788924220.9488797,0.002013648227245596
1788924220.9989421,0.0020127094970348674
1788924221.0488455,0.0020101925362928145
1788924221.0989199,0.002010681058470514
1788924221.1488752,0.0020093272208881116
1788924221.1988506,0.0020067806604404455
1788924221.2492363,0.0020069135854268857
1788924221.2993956,0.0021017819531390877
1788924221.3493404,0.0020971149773183215
1788924221.399127,0.002105269308872107
1788924221.4496949,0.0020967857600948225
1788924221.4990275,0.0021051509691551863
1788924221.5491774,0.002099184747971445
1788924221.5990703,0.0021076355411331666
1788924221.6490507,0.0021056481452693915
1788924221.6989667,0.002108015541077183
1788924221.7495518,0.002108337333058132
1788924221.7990487,0.0021025204075827667
1788924221.8488507,0.002099987461222553
1788924221.899016,0.0021073927184701554
1788924221.9496117,0.0021076984260415864
1788924221.999665,0.0020996562427576236
1788924222.0490057,0.0020894910333038026
1788924222.0998318,0.002110478119699137
1788924222.1491945,0.0021034929063687043
1788924222.199013,0.002105601364555351
1788924222.2490206,0.0021048433648730557
1788924222.299021,0.0021072506861742643
1788924222.3489742,0.0021032449216669678
1788924222.3990967,0.0021045670088041084
1788924222.4489064,0.0021008132080641874
1788924222.4990203,0.002099595890836713
1788924222.5490375,0.002098814413472158
1788924222.5989597,0.002100764067509755
1788924222.6491,0.002096531960622899
1788924222.6990309,0.0020939717826449
1788924222.7491374,0.0020925166976444977
1788924222.7993438,0.0020951176918588593
1788924222.8493385,0.002089451661937911
1788924222.8989105,0.002083948506210941
1788924222.948883,0.00208643166087642
1788924222.9993305,0.002083025336431993
1788924223.0490203,0.002080030645532275
1788924223.0990248,0.0020824250625051575
1788924223.149304,0.0020620883552989653
1788924223.1988504,0.0020689754167955697
1788924223.249,0.002077035585112163
1788924223.2994308,0.0020776424480493847
1788924223.3491745,0.002062604456411748
1788924223.399278,0.002070260411044584
1788924223.4489841,0.0020569534598101156
1788924223.4993465,0.0020662793861468
1788924223.549009,0.0020613861813074627
1788924223.5995417,0.002061608545630839
1788924223.649505,0.002039078111178871
1788924223.69884,0.002052118043758683
1788924223.74892,0.0020505734151176854
1788924223.7990084,0.0020457651395067796
1788924223.8490548,0.002043988699352798
1788924223.899333,0.0020372901218937704
1788924223.949003,0.0020355229632038714
1788924223.999354,0.0020354979899950163
1788924224.049028,0.00202278138926904
1788924224.0992892,0.0020325483605317172
1788924224.1490643,0.002030802998143694
1788924224.1990364,0.0020265732276136678
1788924224.2493927,0.0020170137102701003
1788924224.2990298,0.006127744920759216
1788924224.3492756,0.006124257942470076
1788924224.399192,0.006133018845084866
1788924224.449325,0.00614832124734304
1788924224.499456,0.006156368730351302
1788924224.5492883,0.006150302990301533
1788924224.5991325,0.006171467636055901
1788924224.649386,0.006171725834180602
1788924224.6989982,0.0061811824255607
1788924224.7495692,0.006182116938765058
1788924224.7990923,0.006182256035318019
1788924224.849004,0.006188880354893376
1788924224.8995404,0.006190628217065217
1788924224.949308,0.0061990692514118685
1788924224.9992857,0.0061981073824243305
1788924225.0493355,0.006204034064136459
1788924225.099168,0.006205863851008028
1788924225.1493068,0.006198994092289004
1788924225.1996934,0.006207829111817917
1788924225.2495651,0.006191791604838509
1788924225.29931,0.006200891663448023
1788924225.3492372,0.006200153322644173
1788924225.3992622,0.006204869667610232
1788924225.4490218,0.006201464515389163
1788924225.4997058,0.006200898360831856
1788924225.5492,0.006204555644380772
1788924225.5995502,0.006208984597906839
1788924225.6497247,0.0061989669759103805
1788924225.699308,0.006198425723618213
1788924225.7492652,0.0061881050682400796
1788924225.7990386,0.006194708339532358
1788924225.8493361,0.006187214715928053
1788924225.899716,0.006189710001466062
1788924225.9492235,0.006189919200202517
1788924225.9993253,0.006184800679749911
1788924226.0490358,0.006170199437518187
1788924226.0996096,0.0061841352244856596
1788924226.1491852,0.006172715590453706
1788924226.1990037,0.006173469514382691
1788924226.2496266,0.006172798788234052
1788924226.2991955,0.0061649878370721835
1788924226.3492703,0.006160233887759636
1788924226.3995256,0.006155657800019294
1788924226.4497466,0.006150805649121605
1788924226.4993658,0.006142302322478335
1788924226.5490444,0.006137011764092315
1788924226.5992522,0.006137738000008903
1788924226.649289,0.006125870823494196
1788924226.699257,0.006130315742182104
1788924226.7491708,0.006109897954418235
1788924226.7992578,0.006110150600653113
1788924226.8495755,0.0060905270615654586
1788924226.8993258,0.006104250408878735
1788924226.9493108,0.0060923023951886725
1788924226.9990883,0.006086933664769583
1788924227.049635,0.006079783726030748
1788924227.0992966,0.006072727919892777
1788924227.1488433,0.006067317326167244
1788924227.1989076,0.00605461321040577
1788924227.2495923,0.006053093805928518
1788924227.2995477,0.01015307745790537
1788924227.349293,0.010169672723918131
1788924227.399377,0.01018253713524931
1788924227.449241,0.010193818878531219
1788924227.4990199,0.010211409442652124
1788924227.5496285,0.010218963931727063
1788924227.5990713,0.010232955947261637
1788924227.6492832,0.010232419780305558
1788924227.6987774,0.010251317406768505
1788924227.7495773,0.01025963609058681
1788924227.7992504,0.010262691671191067
1788924227.84899,0.010263575600661011
1788924227.8995705,0.010280385323716017
1788924227.949771,0.010285682833076418
1788924227.999365,0.010288424916055123
1788924228.0491421,0.010290589078136937
1788924228.0992758,0.01030049174582721
1788924228.1494958,0.010299011934329244
1788924228.1994605,0.010302839991652789
1788924228.2492914,0.01031393719417534
1788924228.2988603,0.01031394902446185
1788924228.3489923,0.010309224013349756
1788924228.399292,0.01031575087282269
1788924228.4495795,0.010305422122586243
1788924228.4993403,0.010318383541957361
1788924228.5490494,0.010314793892150297
1788924228.5992699,0.010319492331426235
1788924228.6494594,0.010314227256962481
1788924228.6987412,0.010311281852522957
1788924228.7490828,0.01031496548253526
1788924228.799716,0.010310279283898785
1788924228.8490245,0.010307862340723664
1788924228.899582,0.01029781836980431
1788924228.949528,0.010294108039239505
1788924228.9993458,0.010299249039732929
1788924229.0494907,0.010291515666382131
1788924229.099157,0.010290679586452528
1788924229.1492548,0.010280230915510224
1788924229.1990788,0.010269757445713195
1788924229.2490706,0.010272492860435673
1788924229.2992473,0.010263438265744785
1788924229.349072,0.010253705932982913
1788924229.39903,0.01024184668575199
1788924229.449216,0.010234642069809747
1788924229.4990406,0.010231266032096663
1788924229.5490432,0.01021596182530322
1788924229.599022,0.010217029558082402
1788924229.6493082,0.010208519061207256
1788924229.6993573,0.010196814251835738
1788924229.7492852,0.01018512188452798
1788924229.7995586,0.010181504792992452
1788924229.84929,0.010169227753655205
1788924229.8988574,0.01015355331832282
1788924229.9494298,0.010142838958611507
1788924229.999306,0.010140394309850346
1788924230.0496826,0.010123670369781509
1788924230.0988677,0.01011757130058964
1788924230.1500366,0.010106421282635787
1788924230.1991043,0.010094353710337975
1788924230.24929,0.010072188649629138
1788924230.299094,0.014188527539002066
1788924230.3494372,0.014201746741666906
1788924230.3992698,0.014229068187504869
1788924230.4500856,0.014242988553207242
1788924230.4991617,0.01425878184019995
1788924230.5491161,0.014270207670382468
1788924230.5992985,0.014293361161468947
1788924230.649301,0.014309461583807097
1788924230.6990678,0.01432011819771114
1788924230.748998,0.0143338428943644
1788924230.7998397,0.014342427301921392
1788924230.849265,0.014349214531187194
1788924230.8991544,0.01436557137066141
1788924230.9490166,0.014377945028769738
1788924230.9992216,0.014378656028611929
1788924231.0493436,0.014379972213071582
1788924231.099241,0.014397791918335465
1788924231.1490266,0.014387472709863172
1788924231.198953,0.014406980697854043
1788924231.2490103,0.01441397873240417
1788924231.298873,0.014415040319654885
1788924231.3490603,0.01442395421985688
1788924231.3991294,0.014420647275352888
1788924231.4489293,0.014423703455144965
1788924231.4989974,0.014421731468715908
1788924231.5492442,0.014426889631201804
1788924231.5992157,0.014425456646343452
1788924231.6499314,0.01441644002535591
1788924231.6990685,0.014421345998339592
1788924231.7489202,0.014406818005142902
1788924231.799142,0.014417142662547653
1788924231.849169,0.014413184217508422
1788924231.8992507,0.014405801811356742
1788924231.9493923,0.014403022051021768
1788924231.9992373,0.014399544847698011
1788924232.0492995,0.014390895806539515
1788924232.0997837,0.014384047199158461
1788924232.149225,0.014375302107961861
1788924232.1993663,0.014376449354611088
1788924232.2489805,0.014362553796809282
1788924232.2990437,0.014356341151977278
1788924232.3492284,0.014350944794758978
1788924232.3992436,0.014333742842734042
1788924232.4490924,0.014319988014145586
1788924232.4993236,0.014316613131203682
1788924232.5491698,0.014307082608511617
1788924232.5990388,0.014289747333775372
1788924232.6493826,0.014286876308330294
1788924232.699187,0.014271081396976231
1788924232.7492812,0.014261144263223642
1788924232.7990968,0.014244729102286144
1788924232.8492546,0.014235231563090133
1788924232.8992083,0.014218414325862424
1788924232.9492972,0.014207940449483482
1788924232.999029,0.014184885572536237
1788924233.0490136,0.014174223264740491
1788924233.0995865,0.01415019104324248
1788924233.1492405,0.014143156829534976
1788924233.1990223,0.014120129975219069
1788924233.2488763,0.014102977218314805
1788924233.2990503,0.01821880803512205
1788924233.349223,0.018242182579901758
1788924233.3992887,0.018268395759827007
1788924233.449444,0.018287738726893304
1788924233.4990475,0.018311303243418647
1788924233.5493004,0.01833270194339126
1788924233.5991545,0.018351860299382183
1788924233.649271,0.018374858865181094
1788924233.6992373,0.018392477115543742
1788924233.7491064,0.01840976057817127
1788924233.7988932,0.018411755574290825
1788924233.8492486,0.018431126552911004
1788924233.8992891,0.018454000635095884
1788924233.9492564,0.018466215793896623
1788924233.999581,0.018478072384212892
1788924234.0495956,0.018481067843706463
1788924234.0991569,0.01849321572423749
1788924234.1491039,0.018497733043777328
1788924234.199646,0.018506731959206397
1788924234.2491899,0.018515377273145384
1788924234.2989302,0.018519334255464433
1788924234.3495295,0.018523945609546275
1788924234.3989847,0.01853171847231797
1788924234.449322,0.01853435232628476
1788924234.4993484,0.01853521428447101
1788924234.5490468,0.018526554924575604
1788924234.5993266,0.018538802771723532
1788924234.6494086,0.018531270878594464
1788924234.699843,0.0185322157052916
1788924234.7493954,0.018532610402754505
1788924234.799174,0.018528316254202294
1788924234.8493254,0.018525358066132293
1788924234.8993063,0.018520646131979478
1788924234.9493246,0.018517199165572065
1788924234.9990354,0.018509948129117167
1788924235.0490294,0.018501464944368537
1788924235.099271,0.01849278505301644
1788924235.149207,0.018481526143117308
1788924235.1990092,0.01847215216315154
1788924235.2492926,0.018468663182553566
1788924235.299342,0.01845178533603934
1788924235.3493094,0.01844114490410617
1788924235.3996785,0.018433175882227083
1788924235.44929,0.018419227010525317
1788924235.4991693,0.01840587808179067
1788924235.549151,0.018388216363162572
1788924235.5988579,0.01837764433742641
1788924235.6490705,0.018362924436306216
1788924235.6993117,0.01834358679075517
1788924235.7494261,0.01832946936676943
1788924235.799013,0.018313674251678284
1788924235.849509,0.018291510891906414
1788924235.8991492,0.018279436976630845
1788924235.9490745,0.01825362895818177
1788924235.9989238,0.018241269973658634
1788924236.049327,0.018219560758149476
1788924236.099426,0.01820169772718429
1788924236.1490114,0.01818068334940584
1788924236.1989942,0.018159412567188785
1788924236.249341,0.018130038790333942
1788924236.2989545,0.0222405354448791
1788924236.3490274,0.022280098996707784
1788924236.399159,0.022307773846722414
1788924236.4494054,0.022338256725503942
1788924236.498837,0.022353217938083748
1788924236.5490832,0.022387103177022687
1788924236.5988297,0.022413431171938454
1788924236.6495087,0.02244103203005276
1788924236.698711,0.022461200813857485
1788924236.749253,0.022485131099327448
1788924236.7992668,0.02249895180947822
1788924236.8490329,0.022517767160694153
1788924236.8994234,0.022537615613328166
1788924236.9492445,0.022555799487713794
1788924236.999219,0.022565877771592732
1788924237.0489078,0.02257658291032214
1788924237.0989406,0.02259442480185858
1788924237.1489968,0.022605493253831484
1788924237.1990097,0.0226085231513009
1788924237.2488728,0.022622734376674086
1788924237.2989383,0.022629404158127423
1788924237.348878,0.022636968697686298
1788924237.3990896,0.022641857626299187
1788924237.4490163,0.022643691929891786
1788924237.4990435,0.022640171591930457
1788924237.549128,0.022644365645268984
1788924237.5991166,0.02264558624674143
1788924237.649025,0.02264064168116369
1788924237.6992986,0.02264609186383543
1788924237.7490346,0.022641956913268844
1788924237.7991924,0.02263576422411887
1788924237.8489203,0.02263379169682752
1788924237.899272,0.022629778252570554
1788924237.949236,0.022621233645902294
1788924237.9988966,0.022613633486470906
1788924238.0490205,0.022607550585142785
1788924238.0994513,0.022593797219250585
1788924238.149058,0.02258657758490776
1788924238.1990259,0.02257071240169704
1788924238.249282,0.022564408565613717
1788924238.2989933,0.022552746658638604
1788924238.3490098,0.022534875671192427
1788924238.3990288,0.02252042081739324
1788924238.449337,0.022505142311315
1788924238.4989488,0.022492110590488862
1788924238.549158,0.022476389779680073
1788924238.5993588,0.02245750178935063
1788924238.6488526,0.02243486835642775
1788924238.6991725,0.022418041007467852
1788924238.7490373,0.022396278826475068
1788924238.7994068,0.02237595127152499
1788924238.8493414,0.022352513652580067
1788924238.8991673,0.022334664427388906
1788924238.949171,0.022311484098687367
1788924238.9988909,0.02229363072733449
1788924239.0489292,0.022271386406005803
1788924239.0993512,0.02224621134678924
1788924239.1492105,0.02221755826821384
1788924239.1992726,0.022192978144212443
1788924239.2489166,0.022164388313603362
1788924239.2988312,0.0262719284537542
1788924239.3490336,0.026314251407042924
1788924239.3989651,0.02634553557207683
1788924239.4490027,0.026384241610345062
1788924239.498888,0.026413913636354376
1788924239.5492065,0.026447101764305453
1788924239.5990121,0.026470774012936415
1788924239.6493726,0.026506809875122512
1788924239.698996,0.026532127672584185
1788924239.7492962,0.026560561570675562
1788924239.799092,0.026580190284044784
1788924239.8491528,0.026601782738402992
1788924239.899276,0.026623625882869373
1788924239.9490442,0.026645046068316657
1788924239.999189,0.026656064154286185
1788924240.049256,0.026669748915604276
1788924240.0989113,0.026687870664763576
1788924240.1490417,0.026698655033301245
1788924240.1991653,0.026711944241864245
1788924240.2491202,0.026724827748364925
1788924240.2990866,0.026730219772607654
1788924240.3495429,0.026737535778856618
1788924240.3989418,0.026745775462494927
1788924240.4490602,0.026749711398093543
1788924240.499294,0.026751426761822964
1788924240.5493245,0.026751712361014156
1788924240.5993354,0.026752691814332725
1788924240.649277,0.02675208832202731
1788924240.6992018,0.026753084504869476
1788924240.7493505,0.026749619093900306
1788924240.799066,0.02674136459187066
1788924240.8492866,0.026743786095874016
1788924240.8992598,0.02673503201753433
1788924240.9492605,0.026726385372898873
1788924240.9990396,0.026718596795238865
1788924241.0491276,0.026709388273620852
1788924241.0990376,0.026699332743974607
1788924241.1492465,0.026687650428005808
1788924241.1992643,0.02667458687887272
1788924241.249191,0.026660956924070944
1788924241.2992198,0.02664645144614507
1788924241.3491297,0.02662987349418586
1788924241.3988705,0.026614130172725858
1788924241.448864,0.026596145074143648
1788924241.4991236,0.026577958662479924
1788924241.5490334,0.026558074427480042
1788924241.5993145,0.026532714155803883
1788924241.649303,0.026516091422303736
1788924241.6990373,0.02649306033401187
1788924241.7488446,0.02646958602094505
1788924241.7990205,0.026447168602636774
1788924241.8489814,0.026422384249728828
1788924241.8992994,0.026396906546877003
1788924241.9488432,0.026369837801983306
1788924241.9992125,0.02634307130886018
1788924242.048988,0.026317468816719633
1788924242.0992188,0.026286632404433297
1788924242.1488218,0.02625711051303738
1788924242.1990256,0.026228058532539955
1788924242.2491243,0.02619609550042872
1788924242.2989776,0.03030230965894998
1788924242.3488739,0.030347355819400488
1788924242.398829,0.030390083014251112
1788924242.4489954,0.03043079739237079
1788924242.499188,0.030469587956355428
1788924242.5489898,0.030505828023315095
1788924242.599362,0.03054091023901016
1788924242.6490505,0.030574808064933314
1788924242.6987126,0.03060482509890877
1788924242.749385,0.03063569525719097
1788924242.7989938,0.030660788811772043
1788924242.8489785,0.030679167917144996
1788924242.899032,0.030710509840263675
1788924242.9490426,0.030731556033865987
1788924242.998966,0.03075119440833394
1788924243.0489264,0.030770469779416065
1788924243.099221,0.03078573055592778
1788924243.1490667,0.03080010910631549
1788924243.1990008,0.03081537696034196
1788924243.2490475,0.030826385770607877
1788924243.298901,0.03083640270006621
1788924243.3490524,0.030845140580907236
1788924243.3990324,0.030853435673557937
1788924243.4491549,0.030858718232002674
1788924243.4990036,0.030862502836468665
1788924243.5488584,0.030864020292681257
1788924243.598989,0.030865599393880522
1788924243.6489983,0.030864034831627
1788924243.699228,0.030859777906738894
1788924243.7490087,0.03085884274704286
1788924243.7989652,0.030856600864868453
1788924243.848923,0.030849119352592626
1788924243.899156,0.030842675878363313
1788924243.9492269,0.030834499309304975
1788924243.9989762,0.030821976517356738
1788924244.0488746,0.03081520097975088
1788924244.0990028,0.030802055096758176
1788924244.149281,0.030789883953087002
1788924244.1990037,0.030773620216958234
1788924244.2493086,0.03075751718036414
1788924244.2990212,0.030738441024579084
1788924244.3490305,0.030723026515267596
1788924244.3989377,0.03070532976020157
1788924244.4490035,0.030683902609255347
1788924244.4990048,0.0306617867259029
1788924244.5489957,0.030640157624687133
1788924244.5989866,0.030616727355426573
1788924244.6491668,0.030585512488965853
1788924244.699243,0.030565451153903085
1788924244.749016,0.030541957377768353
1788924244.7991726,0.03051354869401559
1788924244.8490558,0.030482278821691595
1788924244.8988705,0.03045762026480699
1788924244.9488015,0.030424759017990945
1788924244.9990354,0.030394295376123755
1788924245.0490012,0.030362045671178464
1788924245.0989482,0.03032807322186018
1788924245.149055,0.030296281557531186
1788924245.199086,0.030258063555429565
1788924245.2490807,0.030223063044109245
1788924245.2990065,0.03433093118150774
1788924245.3488574,0.0343801385960798
1788924245.3988652,0.03443127562640506
1788924245.4490006,0.03447629243768188
1788924245.4988198,0.03452113044818924
1788924245.5490403,0.034563063711409395
1788924245.5988193,0.03460202192473931
1788924245.6491797,0.03463992292253482
1788924245.699213,0.034674996977396705
1788924245.7490094,0.034708579909663466
1788924245.7987852,0.034740588095785674
1788924245.8488526,0.03476944955843006
1788924245.8990061,0.03479662043378217
1788924245.9491549,0.03482021631785859
1788924245.9990306,0.03484382409942245
1788924246.0490687,0.03486273919235688
1788924246.0989456,0.03488313593882882
1788924246.149057,0.034900336826963904
1788924246.199309,0.034913950860845804
1788924246.2492745,0.03492628642682643
1788924246.2997136,0.034940069285874294
1788924246.3490117,0.03494989399251763
1788924246.3996098,0.03495805146579306
1788924246.4490178,0.03496684220830137
1788924246.4989743,0.034969353292120156
1788924246.5489955,0.034973283265983986
1788924246.5992646,0.03497309302604439
1788924246.6491604,0.03497184317252694
1788924246.6989613,0.034971201283493195
1788924246.7493305,0.03496968901562483
1788924246.7991414,0.034963176062995295
1788924246.8490105,0.034958101636312224
1788924246.899251,0.03495058914836057
1788924246.949108,0.034938525086635634
1788924246.9990435,0.03492948354334856
1788924247.0492172,0.03491751441337493
1788924247.0990722,0.03490393488383549
1788924247.1490085,0.0348894487470651
1788924247.1992884,0.034873519677290375
1788924247.2491534,0.034855904922408615
1788924247.3002663,0.03483517476615372
1788924247.3489816,0.034815758056038475
1788924247.3990648,0.03479393313989665
1788924247.4492702,0.03477340851446175
1788924247.4992142,0.03474909334983027
1788924247.5492356,0.03472426391044157
1788924247.5990813,0.034693792559368344
1788924247.649293,0.034667985391225314
1788924247.6991615,0.03463922727472827
1788924247.7491243,0.034611008308723205
1788924247.7994897,0.03457817166424154
1788924247.849356,0.03454895392546535
1788924247.899088,0.03451462142628861
1788924247.9491403,0.03448140661075603
1788924247.9991734,0.03444471585529277
1788924248.0492795,0.0344093723252153
1788924248.0989952,0.034371398803450456
1788924248.1491938,0.0343319202298063
1788924248.1996455,0.03429182136406939
1788924248.249036,0.034251156550789245
1788924248.2990513,0.03835922069764184
1788924248.3490205,0.03841551672765276
1788924248.3988607,0.03846950904319123
1788924248.4493139,0.03852396584354752
1788924248.4993079,0.03857325399083561
1788924248.5490324,0.038619393007182944
1788924248.5992603,0.03866428227718007
1788924248.6490133,0.03870532880796693
1788924248.698991,0.038746472526734625
1788924248.749061,0.038784140796284464
1788924248.7989728,0.038818408399541676
1788924248.8489904,0.03885096564233884
1788924248.8992586,0.03888142228512031
1788924248.949062,0.03890944472051389
1788924248.9989665,0.03893555929544965
1788924249.049008,0.03895862951768579
1788924249.09897,0.038979567774118304
1788924249.1493156,0.03899993555376478
1788924249.1990318,0.03901704744960714
1788924249.2492588,0.03903222922817974
1788924249.2989712,0.039045129166699825
1788924249.349001,0.03905613399449097
1788924249.399294,0.03906576049294362
1788924249.4492965,0.039072390263694315
1788924249.4990199,0.03907944985760447
1788924249.5490248,0.03908283566579075
1788924249.599237,0.03908358593070367
1788924249.6492572,0.03908444718002312
1788924249.6992385,0.03908082108605259
1788924249.7489693,0.03907871940103069
1788924249.799146,0.03907324936849575
1788924249.850147,0.03906462111019953
1788924249.8992846,0.0390575033236169
1788924249.9490082,0.03904649298928575
1788924249.9991002,0.03903520809262314
1788924250.0493438,0.03902301170948775
1788924250.0990667,0.039007499725621245
1788924250.149283,0.03899109553557897
1788924250.1990108,0.03897350391952217
1788924250.24927,0.03895392509805
1788924250.2992218,0.03893051651008201
1788924250.348984,0.038908193543783755
1788924250.3990176,0.038885449507639336
1788924250.4492617,0.0388605437339844
1788924250.499188,0.03883436166030575
1788924250.5490134,0.03880494055745101
1788924250.5993078,0.03877706599852153
1788924250.6491804,0.038745488857484
1788924250.6989737,0.03871344523206254
1788924250.7490866,0.03868110626035589
1788924250.7990618,0.03864471330264397
1788924250.8490593,0.038610728004919694
1788924250.8992965,0.038574506520449366
1788924250.9492943,0.03853525761058856
1788924250.9993215,0.03849647093833384
1788924251.0492313,0.03845641105798436
1788924251.0993145,0.03841425104059823
1788924251.1492844,0.03837245088237016
1788924251.1993182,0.03832818250479518
1788924251.2491262,0.03828349696554738
1788924251.298907,0.04238819836443656
1788924251.3497214,0.04245175653171632
1788924251.3989158,0.04251241976978617
1788924251.4488416,0.042569881241819235
1788924251.4989583,0.04262504018177805
1788924251.5498726,0.04267700644907903
1788924251.5996253,0.042726662047547506
1788924251.6492598,0.042773017112173066
1788924251.6989856,0.04281722420564949
1788924251.7490213,0.042858153403341474
1788924251.7989862,0.04289721384701432
1788924251.8489904,0.042933209874567176
1788924251.8992262,0.04296682107128322
1788924251.9492793,0.04299788287435415
1788924251.9992938,0.04302661678697841
1788924252.049195,0.04305306231127656
1788924252.0989897,0.04307700201257637
1788924252.1492977,0.04309854358618554
1788924252.1990082,0.043118008298644074
1788924252.2489865,0.04313475526200771
1788924252.299421,0.04314966574639425
1788924252.3491533,0.043162425262305605
1788924252.3989892,0.043172767262453116
1788924252.4493105,0.04318112925584346
1788924252.4989948,0.04318720756507712
1788924252.5489292,0.04319183164802538
1788924252.5989232,0.04319367861769609
1788924252.6497154,0.04319364264008294
1788924252.6990929,0.04319178083572034
1788924252.7491605,0.043188257442662525
1788924252.798916,0.043182540409020476
1788924252.849036,0.04317466401866603
1788924252.8991394,0.0431653471287748
1788924252.9490767,0.043154356930425394
1788924252.9990025,0.04314152224738136
1788924253.0488143,0.04312647549150948
1788924253.0989707,0.04310987398276312
1788924253.1493871,0.04309218164123702
1788924253.1993213,0.043072020100893435
1788924253.248891,0.043050732273997236
1788924253.2988665,0.04302706528045793
1788924253.3488898,0.043002338249418334
1788924253.3998222,0.04297604320620633
1788924253.4492385,0.04294825430995612
1788924253.4989972,0.04291891946374984
1788924253.5491505,0.042888014737347505
1788924253.5992875,0.0428563080224608
1788924253.649104,0.04282228484437455
1788924253.6990738,0.04278705846365201
1788924253.7490487,0.04275029538607362
1788924253.7991781,0.04271259215554967
1788924253.849186,0.042673075581278655
1788924253.8991396,0.04263280590901597
1788924253.9488647,0.04259059690014655
1788924253.9990275,0.04254764748967177
1788924254.0490148,0.04250318771070576
1788924254.0991306,0.042457351114649655
1788924254.1490965,0.042410624614320346
1788924254.199273,0.04236249682240747
1788924254.2488916,0.04231317717894894
1788924254.2990022,0.046415044504480835
1788924254.3489475,0.04648786061254549
1788924254.398784,0.046553667711528635
1788924254.4488606,0.046616167981567064
1788924254.4992692,0.046675077021935345
1788924254.5490162,0.046734495686308955
1788924254.599071,0.046789809645474065
1788924254.6492403,0.04683837105620375
1788924254.6988883,0.046886711430972346
1788924254.7491212,0.046931255793511546
1788924254.7989995,0.04697735829976765
1788924254.8490095,0.047016334862214904
1788924254.899095,0.04705170632120812
1788924254.9492917,0.047086161135697746
1788924254.9988968,0.047119132759453244
1788924255.048877,0.047147488106722195
1788924255.0987084,0.047172752699417245
1788924255.149027,0.047196605276006
1788924255.1996818,0.04721916497043263
1788924255.2491982,0.047238040376248305
1788924255.2989979,0.0472537622396795
1788924255.3488882,0.04726750140854224
1788924255.3990126,0.04727842681123382
1788924255.4492683,0.047289597492551426
1788924255.498969,0.0472961008159351
1788924255.548948,0.047300177940459265
1788924255.5993445,0.047303361791323155
1788924255.649007,0.04730222738122353
1788924255.6993623,0.04730077154896174
1788924255.7489736,0.04729711031821419
1788924255.7988887,0.04729221493009647
1788924255.8492854,0.047282406902697756
1788924255.8990436,0.047273267239168734
1788924255.949723,0.047260738464788565
1788924255.998939,0.047246031946825105
1788924256.0491362,0.04723142841115939
1788924256.0989616,0.04721284262041839
1788924256.1490097,0.04719446632262139
1788924256.1989634,0.04717193299493178
1788924256.249339,0.04714684882771653
1788924256.2989085,0.047121216318750506
1788924256.3490143,0.047097177123266804
1788924256.399225,0.0470661371691478
1788924256.4488752,0.04703776727351191
1788924256.4991012,0.04700428459833422
1788924256.5495076,0.046970677154984534
1788924256.5990105,0.04693658956117106
1788924256.6490285,0.04689702004612204
1788924256.698936,0.04685892195922026
1788924256.7490032,0.046818393352946304
1788924256.798999,0.046779092089987456
1788924256.8490756,0.046735087321683126
1788924256.8991685,0.04669265850638713
1788924256.9490695,0.0466446627563742
1788924256.9989476,0.04659729795441656
1788924257.049007,0.046548696249663596
1788924257.0990896,0.04649841291541252
1788924257.1490278,0.046447157026266006
1788924257.1992207,0.046394595580770935
1788924257.2489872,0.046342692145672555
1788924257.2987747,0.050450359076048876
1788924257.3492453,0.050517907684109624
1788924257.3988433,0.05059407518753231
1788924257.449237,0.05066359820208252
1788924257.498906,0.050724498716183716
1788924257.5491817,0.05079259143570494
1788924257.599364,0.050851509629139986
1788924257.649061,0.050910755333573955
1788924257.6987317,0.05095869416011776
1788924257.749757,0.051005103418909174
1788924257.7992966,0.05105403758203843
1788924257.848973,0.05109476152810673
1788924257.8994474,0.0511355219517952
1788924257.949255,0.051171203979800045
1788924257.9992433,0.05120850460357184
1788924258.049067,0.05124084907336026
1788924258.0993953,0.05126938165186419
1788924258.1490252,0.05129662391530369
1788924258.1990688,0.05131722844551382
1788924258.2491603,0.0513375164905833
1788924258.2990398,0.05135735191621499
1788924258.349176,0.051371691769871865
1788924258.398908,0.05138589342747955
1788924258.448998,0.05139706901763124
1788924258.4991772,0.05140120884486091
1788924258.5492923,0.05140555202038734
1788924258.5990283,0.05141247113850108
1788924258.6487658,0.05141233208694574
1788924258.6992474,0.051407745460189634
1788924258.7490346,0.051403401747983024
1788924258.8000245,0.051400696312366934
1788924258.8493056,0.051388780966475124
1788924258.8990707,0.051378026587428634
1788924258.9492652,0.051369207687793836
1788924258.9992898,0.05134855231533559
1788924259.048999,0.05133257027771577
1788924259.0992332,0.05131360638618688
1788924259.1496294,0.05129063243483089
1788924259.19902,0.05127018448060461
1788924259.2488806,0.051242855860637926
1788924259.2993655,0.05121594464223186
1788924259.348975,0.05118387353014835
1788924259.3991055,0.051155666108661776
1788924259.4489837,0.05112719776975518
1788924259.4990857,0.051088433906824625
1788924259.5491414,0.05105280383688816
1788924259.599253,0.05101557688745711
1788924259.6488516,0.05097613401551219
1788924259.699285,0.05093347343974542
1788924259.749157,0.05088989876578865
1788924259.7989578,0.05084623070181772
1788924259.8490903,0.050798722717028455
1788924259.8991623,0.050749998308916994
1788924259.9487107,0.050697970714649064
1788924259.9991992,0.05064574506916363
1788924260.0491338,0.0505972097061286
1788924260.099158,0.05054288993785083
1788924260.1490574,0.050485686831640605
1788924260.199173,0.05042849986066681
1788924260.249074,0.05036748064318376
1788924260.2990065,0.05446873557105564
1788924260.3490038,0.05455083153400052
1788924260.398971,0.05463307735302756
1788924260.4491649,0.05470655085926961
1788924260.4988713,0.0547760976174641
1788924260.5489664,0.0548415777424276
1788924260.599506,0.05490838255210683
1788924260.6490085,0.05496719361512943
1788924260.6989884,0.05503285493868796
1788924260.7491355,0.05507539283777235
1788924260.799128,0.055133745324048786
1788924260.8488634,0.05518416954715829
1788924260.8992019,0.05521886658714266
1788924260.9492543,0.05525839103687194
1788924260.9990861,0.05530072211112664
1788924261.0489993,0.055331283570104445
1788924261.0992243,0.05536508981691843
1788924261.1497865,0.05539254886329017
1788924261.1992524,0.05541963822572164
1788924261.2491782,0.055440415503397934
1788924261.2996757,0.055459024360162076
1788924261.3492217,0.055475839186843
1788924261.3990357,0.05549323191703792
1788924261.449787,0.05550433970962082
1788924261.4989665,0.055508129792228786
1788924261.5492878,0.0555170476945906
1788924261.599498,0.05552162308169473
1788924261.6490085,0.055524189533090754
1788924261.6987648,0.05551736494203806
1788924261.7496533,0.055512077080895
1788924261.7989826,0.055506974607289754
1788924261.8488293,0.05549788701977085
1788924261.8990924,0.055482662732198824
1788924261.9499147,0.05547256816587236
1788924261.9990563,0.05545044392326676
1788924262.0491724,0.05543348046754179
1788924262.0992527,0.055412116122238717
1788924262.1492722,0.055393109331731846
1788924262.1990278,0.05536475001152972
1788924262.2495492,0.05534280859682705
1788924262.2997828,0.05531544617438949
1788924262.3493617,0.055275288899136514
1788924262.3993034,0.05525165834047961
1788924262.449053,0.05521141158643332
1788924262.4991226,0.055169619972736124
1788924262.5488923,0.055133973167670845
1788924262.599054,0.05508889469774688
1788924262.649449,0.05504413557891727
1788924262.6996324,0.0550031653759953
1788924262.7492805,0.0549632961079237
1788924262.798912,0.054908750585673606
1788924262.8494813,0.05486029878420643
1788924262.89914,0.05480609175458502
1788924262.948969,0.05475301095775508
1788924262.9994109,0.05469561495027759
1788924263.0495012,0.05464634821365298
1788924263.0991397,0.05458222818736036
1788924263.1490061,0.05452211930671927
1788924263.1990037,0.05445837266246437
1788924263.2489977,0.054396316229952404
1788924263.2994049,0.05849342661751764
1788924263.349242,0.058590270013450046
1788924263.3990765,0.058672209714973465
1788924263.4489865,0.05875079786922017
1788924263.4993572,0.0588262315676397
1788924263.549319,0.05889927141039229
1788924263.5992785,0.05897598338509656
1788924263.649402,0.05902927256045004
1788924263.6988654,0.05909441479035358
1788924263.7499123,0.05914596543366898
1788924263.7994256,0.059204898932314495
1788924263.8489633,0.05925952245410009
1788924263.8990667,0.05930137678832848
1788924263.9493878,0.05934223308886351
1788924263.9992254,0.059398059014935896
1788924264.0492568,0.05943134153166683
1788924264.0996008,0.05945853561142761
1788924264.1490154,0.05950178220257382
1788924264.1995883,0.059514125701732236
1788924264.249108,0.059544004911910836
1788924264.2992842,0.05956426411645895
1788924264.3496158,0.05958686205770338
1788924264.3990076,0.05959430061975639
1788924264.4490201,0.05960139083165509
1788924264.4991772,0.05960991151938887
1788924264.5490446,0.05962131159222587
1788924264.5993128,0.05963129242058774
1788924264.6489863,0.05963789492506566
1788924264.6989172,0.05962582934776088
1788924264.7494001,0.05962016648146686
1788924264.7989984,0.05960756720038441
1788924264.8491125,0.05960721217449772
1788924264.8998818,0.05959052502339675
1788924264.949164,0.059574111701573784
1788924264.9994156,0.05955781106944061
1788924265.0490038,0.059538923159147494
1788924265.0991654,0.05951256879010709
1788924265.1490097,0.059491412683522205
1788924265.1992788,0.059460247687982935
1788924265.2492514,0.05943059088504839
1788924265.299173,0.05940373186289033
1788924265.3497617,0.05937180073312699
1788924265.399765,0.059332489908175724
1788924265.4488347,0.059294304260299274
1788924265.4991937,0.05926474557019203
1788924265.5491667,0.05921115302216891
1788924265.5989556,0.05917260120749953
1788924265.6487966,0.05911796514313734
1788924265.699328,0.05907184057021877
1788924265.749478,0.059023447345833396
1788924265.7996588,0.05897168988740459
1788924265.8491526,0.05891254155016665
1788924265.899305,0.05886461770486725
1788924265.949106,0.05880325192440014
1788924265.9992876,0.05874414657577082
1788924266.049074,0.058683979729804804
1788924266.099012,0.05862108785733504
1788924266.1488497,0.05855554496189514
1788924266.198959,0.05849640016463586
1788924266.248899,0.05842543474763863
1788924266.2988594,0.03549711296432837
1788924266.3495345,0.035530310251484426
1788924266.3999703,0.03556758642587402
1788924266.4488802,0.03559342270770749
1788924266.4994152,0.03561285351578475
1788924266.5488877,0.035642569449740494
1788924266.5992196,0.035655073960993
1788924266.6489356,0.03568162595582468
1788924266.6989982,0.03569762636104007
1788924266.7490563,0.03570801802558986
1788924266.7994852,0.035728577042402634
1788924266.8489468,0.035735757968344786
1788924266.8993716,0.03574622884292694
1788924266.949075,0.035754483271864576
1788924266.9998457,0.03575812387171144
1788924267.0490804,0.03576686081242936
1788924267.0995827,0.03576872176209634
1788924267.149014,0.035777168225415726
1788924267.199052,0.03576963731649056
1788924267.2490203,0.03576744993283412
1788924267.2992864,0.03576423840743907
1788924267.3488626,0.035763078059777895
1788924267.3994942,0.03575729348845422
1788924267.4487977,0.035748640526506725
1788924267.4990504,0.03573378395298478
1788924267.5497737,0.035726855105391746
1788924267.6002173,0.03571232260614247
1788924267.649062,0.03570333463582109
1788924267.699069,0.03568770492592775
1788924267.749514,0.03566915517703251
1788924267.7993903,0.0356492958468705
1788924267.849019,0.035628991459523925
1788924267.8996544,0.035613000386230116
1788924267.9490197,0.03559159258733004
1788924267.9991195,0.035566168615715744
1788924268.049242,0.03554860023620464
1788924268.0991168,0.035515362759087295
1788924268.149372,0.035489780906450996
1788924268.199839,0.03546236685811963
1788924268.2492125,0.03543406953512364
1788924268.2990215,0.035404513856707995
1788924268.349257,0.035370596610013544
1788924268.399435,0.035343371677002605
1788924268.4490879,0.0353047366096078
1788924268.4993937,0.0352704204634781
1788924268.5491295,0.035234650565160876
1788924268.598969,0.03519963957976245
1788924268.6490088,0.03516023086123693
1788924268.6992915,0.03512131235812775
1788924268.749088,0.03508216588218787
1788924268.7991698,0.03504284040963113
1788924268.8494349,0.035000115633460824
1788924268.8993998,0.03495767981465204
1788924268.9495609,0.034916641831096745
1788924268.9989016,0.034867222067755416
1788924269.0488923,0.034823040154217354
1788924269.0990255,0.03477886579877684
1788924269.1490006,0.0347337183835471
1788924269.1997101,0.034687346009305044
1788924269.2487519,0.03463808501904392
1788924269.2989213,0.03223828563220536
1788924269.3490965,0.03227355063928744
1788924269.3999012,0.03231186717802674
1788924269.4488976,0.03234590064574265
1788924269.499533,0.03238066402860243
1788924269.5491118,0.03241457613468595
1788924269.5988932,0.03244347431835188
1788924269.6491628,0.03246890224437551
1788924269.6989934,0.0324988046699783
1788924269.748997,0.03252054542624792
1788924269.798951,0.03254411673985674
1788924269.8489792,0.03256418438418903
1788924269.8994098,0.03258217678345367
1788924269.9491699,0.03259823263345717
1788924270.000035,0.0326160410833769
1788924270.049344,0.032627132411275746
1788924270.0990064,0.03264134533343096
1788924270.149,0.032650912484573844
1788924270.1989927,0.03266359339485559
1788924270.2490947,0.03266482731765082
1788924270.298844,0.03267017209132013
1788924270.3492568,0.032673874146195006
1788924270.4002023,0.032684493432109656
1788924270.4492674,0.03268055727654907
1788924270.499252,0.0326746720601395
1788924270.54926,0.03267740567025589
1788924270.5990129,0.03267182300946302
1788924270.6492305,0.032665144941376796
1788924270.698951,0.03266340348115731
1788924270.7497044,0.03264937890556953
1788924270.7991903,0.0326415263372214
1788924270.8492236,0.03263120822659979
1788924270.8990672,0.032616607584052715
1788924270.9491355,0.03261318940780828
1788924270.9994743,0.032595888700364783
1788924271.049015,0.03257728262179521
1788924271.0990057,0.03255629506740304
1788924271.1489906,0.032540335630114554
1788924271.199018,0.03251955380766562
1788924271.2494912,0.032498474628926396
1788924271.2988625,0.03248042987467964
1788924271.3491375,0.03246071819766302
1788924271.3989668,0.03243255827032557
1788924271.4496067,0.032407148438165535
1788924271.4988494,0.03238003039636993
1788924271.5497155,0.0323574048002502
1788924271.5993109,0.0323333948645351
1788924271.6489549,0.032296570881308315
1788924271.6991816,0.03226757830760687
1788924271.7494097,0.03223786714864779
1788924271.7991543,0.0322133408125457
1788924271.849058,0.03217135933868039
1788924271.8995545,0.0321450380369996
1788924271.9489002,0.03210532668742206
1788924271.9990406,0.03206896725391986
1788924272.0489726,0.03203282981527854
1788924272.098965,0.03199280414592809
1788924272.1493628,0.03195335253106431
1788924272.1990094,0.031917598280328606
1788924272.2492635,0.031871813799788255
1788924272.298948,0.029479100515801656
1788924272.3494601,0.029520246052399054
1788924272.3991213,0.02956153887461726
1788924272.448848,0.029598513442096974
1788924272.4994245,0.029634656145840717
1788924272.5489953,0.029673018750573883
1788924272.5988543,0.029701390608384885
1788924272.6493466,0.02972913526547522
1788924272.6989393,0.02976034648186715
1788924272.749094,0.02978667929264958
1788924272.7993581,0.029816492285970688
1788924272.8490677,0.029833600895057384
1788924272.8992887,0.029857823789350882
1788924272.9497688,0.02987799254085527
1788924272.999048,0.02989344252693721
1788924273.0489924,0.02991246994353326
1788924273.099026,0.02992730036583963
1788924273.1491826,0.02994100481476854
1788924273.1988666,0.02995385950812342
1788924273.2491417,0.029960950584157427
1788924273.2989008,0.02997014143558233
1788924273.3489265,0.029979199266817646
1788924273.3992362,0.02998412173958712
1788924273.4490445,0.029987607710870806
1788924273.4995308,0.02999829517675452
1788924273.549003,0.02999831622597766
1788924273.5990038,0.02999223468757826
1788924273.6492803,0.030000218222082008
1788924273.6990058,0.029995366004112418
1788924273.7490964,0.029992540027845207
1788924273.7991073,0.02998172024584628
1788924273.848998,0.02997568106001839
1788924273.8989682,0.029968165885875354
1788924273.9490824,0.029959269212716938
1788924273.998814,0.02994918818367246
1788924274.049003,0.02993546242305914
1788924274.0989141,0.029924401288809643
1788924274.1491547,0.0299113267974094
1788924274.1991127,0.029896081842671403
1788924274.249076,0.029882376409578523
1788924274.2990172,0.029865049118186698
1788924274.3490362,0.02984630955528024
1788924274.3993084,0.029825271203822473
1788924274.4492838,0.029808354203812164
1788924274.4989202,0.02978591066185291
1788924274.5489762,0.029761642164399433
1788924274.5987122,0.02974121980617327
1788924274.6488426,0.029715742629131004
1788924274.6988826,0.029692397245114212
1788924274.7491162,0.02966592932665364
1788924274.7992759,0.029635757770721288
1788924274.8495169,0.029609345099512543
1788924274.8997653,0.029580595690012798
1788924274.948892,0.029550286552913925
1788924274.9988768,0.02952191677111856
1788924275.0490034,0.029490319085864494
1788924275.0990255,0.02945790529001563
1788924275.1489725,0.029425573615692795
1788924275.1988282,0.029390826342711333
1788924275.2489069,0.029356211375563407
1788924275.2989151,0.026964714784446245
1788924275.3488512,0.027003277799071693
1788924275.3989952,0.02704431603875153
1788924275.4489667,0.02708245507564182
1788924275.4988813,0.027116847799471627
1788924275.5492988,0.02715032713707956
1788924275.5990036,0.027189526929148975
1788924275.6487374,0.02721266479353201
1788924275.698665,0.027239608436884437
1788924275.7488298,0.02726529531276543
1788924275.7993476,0.027292721693146116
1788924275.8490982,0.02731741774873243
1788924275.899405,0.02733991589134828
1788924275.94902,0.027359207957393286
1788924275.9995656,0.02737854215977252
1788924276.049451,0.027396788672783272
1788924276.0993476,0.027413211446649644
1788924276.149041,0.027425015349324053
1788924276.1994574,0.02743901950850197
1788924276.2490067,0.02744996598459169
1788924276.2996624,0.02746046031716599
1788924276.3497732,0.027468027390065798
1788924276.3990047,0.02748181650238015
1788924276.449,0.02747957268482378
1788924276.4989102,0.027487322490113722
1788924276.5488498,0.02749085431702132
1788924276.5990644,0.027491646530304885
1788924276.6493304,0.027492253659378706
1788924276.6990783,0.027493553543449224
1788924276.7490058,0.027487920693455365
1788924276.7988417,0.027486825367200048
1788924276.8491104,0.027482400114921667
1788924276.8990216,0.027477111143291315
1788924276.9490488,0.02747166354444302
1788924276.9988382,0.02746233880268505
1788924277.0488498,0.027454149406826247
1788924277.0988855,0.027445052593181706
1788924277.1488419,0.027433256704717697
1788924277.199024,0.02742129133802289
1788924277.2490826,0.02740899096864472
1788924277.299134,0.027393385826807348
1788924277.3490462,0.027381122673350963
1788924277.399312,0.027363547941158164
1788924277.4493585,0.027347441275239
1788924277.4991882,0.027325919349094136
1788924277.549002,0.02731211236629847
1788924277.5988562,0.027286546779279938
1788924277.6490102,0.027265047656629907
1788924277.6995716,0.027246340615986908
1788924277.7493804,0.02722047991153966
1788924277.798842,0.02720020162856649
1788924277.8492448,0.02717495939566351
1788924277.8988137,0.027154856572313778
1788924277.948876,0.027123589676250594
1788924277.9988787,0.027097052092469806
1788924278.049344,0.0270689038686801
1788924278.098984,0.02704041548407132
1788924278.1488903,0.027011237282551184
1788924278.1990373,0.026981068459708386
1788924278.248997,0.02695038162429676
1788924278.2990007,0.02456043202551092
1788924278.3488574,0.024596648670710146
1788924278.398845,0.024634365562915143
1788924278.4492195,0.02467079011412049
1788924278.4990447,0.024701984822588875
1788924278.5489962,0.024736825903329453
1788924278.5990114,0.024766359352169108
1788924278.6488187,0.024793374308716296
1788924278.6989763,0.024820446800841875
1788924278.7495434,0.02484772812299963
1788924278.799017,0.02487746637914939
1788924278.848949,0.024894749430447866
1788924278.898995,0.024915500764964696
1788924278.9490728,0.024935050920724365
1788924278.9988575,0.024953074714850913
1788924279.0488036,0.024970026946987547
1788924279.098987,0.02498306735088012
1788924279.1490066,0.02499933164724378
1788924279.199022,0.025012313721160268
1788924279.2490761,0.02502115596592298
1788924279.2989824,0.025033805709111383
1788924279.34896,0.025042071497834304
1788924279.3989584,0.02504958516143358
1788924279.4488833,0.025055676999279217
1788924279.4988055,0.0250604811342904
1788924279.549036,0.025064786556883798
1788924279.5990205,0.025067887659108074
1788924279.649016,0.025068677966975504
1788924279.6990075,0.02506936273806035
1788924279.7488017,0.025068123978684093
1788924279.7988179,0.02506572807773202
1788924279.84904,0.02506164934168648
1788924279.8989882,0.025058980392585622
1788924279.9489794,0.02505339856879417
1788924279.9988277,0.025047340396544566
1788924280.0496266,0.025040839991873433
1788924280.0989792,0.02503143378478809
1788924280.1488466,0.025022183537976868
1788924280.1990147,0.02501268621884607
1788924280.2490113,0.02500166455844168
1788924280.298882,0.024987854364156965
1788924280.3490074,0.02497564417808571
1788924280.398971,0.024961539647130434
1788924280.4490342,0.024943573017542235
1788924280.49892,0.02493176979652502
1788924280.548864,0.02491297140968343
1788924280.5989394,0.02489560840440035
1788924280.6490555,0.02487729915503016
1788924280.6990056,0.024858228460720843
1788924280.7489135,0.024835689541086017
1788924280.7988513,0.024824071574589494
1788924280.849611,0.024795358402996567
1788924280.8990214,0.024773898138752137
1788924280.9492495,0.02474981276880832
1788924280.998843,0.02472569597292195
1788924281.0488696,0.024700999383813826
1788924281.0989282,0.024675672452532355
1788924281.148715,0.024650118297843616
1788924281.1990712,0.024621549541239865
1788924281.248951,0.02459661078829581
1788924281.298847,0.02220389733980497
1788924281.3487957,0.022239725439973174
1788924281.3992527,0.02227523641390474
1788924281.4487891,0.02231682513201529
1788924281.4989097,0.022338649327669925
1788924281.5490665,0.022368326490274197
1788924281.5986836,0.02239578081487476
1788924281.6490443,0.022421021170337202
1788924281.6988847,0.022447148979244283
1788924281.748867,0.02246773895118659
1788924281.7988715,0.022491538628420557
1788924281.8489966,0.022513861817746346
1788924281.899421,0.02253331039137176
1788924281.9489455,0.022548934544952846
1788924281.9987934,0.02256901449999375
1788924282.0492575,0.02258281933320402
1788924282.099093,0.022598410773580033
1788924282.1489987,0.022612661086563055
1788924282.1990027,0.022623627845095782
1788924282.248992,0.022634305328202986
1788924282.2988162,0.02264381270994113
1788924282.3488443,0.022651585242142128
1788924282.3989232,0.02265917074564255
1788924282.4490042,0.02266567728914365
1788924282.498877,0.022670469063820364
1788924282.5488915,0.022674285999968766
1788924282.5989466,0.022678051653932475
1788924282.6490688,0.022679395392444898
1788924282.6990306,0.022679037442041396
1788924282.7493427,0.02268049448077578
1788924282.79876,0.02267988441180004
1788924282.8490243,0.022674822027006547
1788924282.898979,0.02267281613678187
1788924282.9493508,0.022667006903518815
1788924282.9992132,0.022664937317510032
1788924283.0494175,0.02265444077009156
1788924283.0992403,0.02264587016341385
1788924283.1490686,0.022640050954029003
1788924283.199265,0.02263153947935444
1788924283.249877,0.02262238892303185
1788924283.2988966,0.02261668989635316
1788924283.349015,0.022596330509305373
1788924283.3993344,0.02258678080492055
1788924283.4493651,0.02257309599582873
1788924283.4991665,0.022569836956450633
1788924283.5487611,0.02254582928179044
1788924283.5992873,0.022528434278850335
1788924283.648873,0.022514972134955444
1788924283.6988623,0.022492497374215447
1788924283.7488675,0.022475401081785706
1788924283.798834,0.02245680825520274
1788924283.8487794,0.022437295617372024
1788924283.8988597,0.022417648360529768
1788924283.9488573,0.02239653275421577
1788924283.998835,0.022375353446574046
1788924284.048857,0.022353279288047947
1788924284.0988812,0.022331074966529696
1788924284.1488507,0.022308483621903435
1788924284.198781,0.022283415936434327
1788924284.248851,0.022258944415014838
1788924284.2988162,0.019870578460555798
1788924284.3487988,0.019902148091578087
1788924284.3987947,0.01993288310994717
1788924284.448762,0.01996214571498416
1788924284.498847,0.019990176042173853
1788924284.548878,0.02001683937690511
1788924284.598882,0.020042097014176825
1788924284.6488624,0.020066100250469097
1788924284.6987436,0.02008836814337797
1788924284.7490177,0.020109762095736054
1788924284.7989066,0.02014068687342902
1788924284.8488135,0.02014836860487008
1788924284.8988836,0.02016602153790977
1788924284.9493058,0.020182837154408932
1788924284.9992535,0.020201906581389525
1788924285.0490868,0.020227462570300822
1788924285.0989928,0.02023788427095555
1788924285.1490064,0.020237017398611962
1788924285.1992848,0.020248544127030085
1788924285.2491271,0.02026515474031762
1788924285.2991154,0.0202740748215876
1788924285.3490531,0.02027470501469349
1788924285.3990197,0.020283545375860662
1788924285.4492548,0.020287411390356162
1788924285.498951,0.020294088739834203
1788924285.5490217,0.020297842200655964
1788924285.5988414,0.020300807228862364
1788924285.6492658,0.020305344063496225
1788924285.6994073,0.02031025741594541
1788924285.7491014,0.02030309874651774
1788924285.7988977,0.02030097663067251
1788924285.848962,0.020303161045142425
1788924285.8987782,0.020297427868666947
1788924285.949308,0.0202931969303241
1788924285.998983,0.020287177766331824
1788924286.0492017,0.02028281499462798
1788924286.0990899,0.020276500337803656
1788924286.1489882,0.020269472794057292
1788924286.1990345,0.020261776446501928
1788924286.2496743,0.020250433483410903
1788924286.2996411,0.02024622904479159
1788924286.349001,0.020232047231317246
1788924286.3994582,0.020221129863024837
1788924286.4491868,0.020211040314446385
1788924286.4991393,0.0202020674935819
1788924286.549151,0.02018544894058291
1788924286.5996666,0.020169270430376127
1788924286.6492615,0.02015792558917231
1788924286.6992407,0.02014243147496951
1788924286.7493649,0.020125710605197956
1788924286.7992222,0.020113762933910526
1788924286.8494365,0.0201066180222469
1788924286.8989816,0.02007320147562254
1788924286.9492316,0.02005580627517118
1788924286.9989688,0.02004249831998069
1788924287.0493426,0.02001643454614917
1788924287.0993612,0.019996490453930746
1788924287.14921,0.019973884504257498
1788924287.1996312,0.01995491690746615
1788924287.249304,0.01993192094960837
1788924287.2992256,0.0175467408886532
1788924287.3493679,0.017576457071422556
1788924287.3992405,0.017605423977925718
1788924287.4492292,0.017630527704043213
1788924287.4989767,0.01765377366767243
1788924287.5495126,0.017675295315585256
1788924287.5992908,0.01769575825423109
1788924287.6493127,0.017719666882225375
1788924287.6988308,0.017749162539860208
1788924287.7488546,0.01775578157711013
1788924287.7992454,0.017774659779446693
1788924287.8488855,0.01779413681913489
1788924287.8992074,0.01780900951080203
1788924287.948902,0.01782292357541382
1788924287.9992676,0.017837474637665395
1788924288.0493119,0.017853730911138486
1788924288.099108,0.0178623711350385
1788924288.148846,0.017873651527082382
1788924288.19922,0.017882660230476036
1788924288.2491367,0.017899562120189602
1788924288.2992857,0.017900317325321928
1788924288.3492956,0.01790669685655804
1788924288.3991334,0.01791197300375676
1788924288.4487882,0.01792931756429773
1788924288.4990318,0.0179186780087032
1788924288.5497727,0.017932917193405635
1788924288.5990016,0.01792739041725485
1788924288.649131,0.01792862471276483
1788924288.6992288,0.01793870019769759
1788924288.749108,0.017930327645686302
1788924288.7990189,0.01792988569585682
1788924288.8492227,0.017929135165434196
1788924288.8990164,0.017925712865811943
1788924288.9491224,0.01792166701332454
1788924288.9990554,0.017917785420399533
1788924289.049314,0.017914298783273434
1788924289.099139,0.017918889924369488
1788924289.1493177,0.017910450775971486
1788924289.1991973,0.017905398391108593
1788924289.2489765,0.017894819781863212
1788924289.2992723,0.017878630164864632
1788924289.3496268,0.017880156426890437
1788924289.3996227,0.01785793097898382
1788924289.449179,0.017851206339310557
1788924289.4992409,0.017848786755933408
1788924289.5493016,0.01783138484010676
1788924289.5991588,0.017817555164384796
1788924289.6496148,0.017802856528873135
1788924289.699219,0.017788052714558755
1788924289.7488434,0.017792856411770586
1788924289.7990186,0.01777105502543148
1788924289.8492792,0.01774609118303771
1788924289.8990183,0.01773754257885304
1788924289.949031,0.017712935767178146
1788924289.9989874,0.017697228063442507
1788924290.0492039,0.017680189185873437
1788924290.098938,0.017671245319560935
1788924290.1493726,0.017641801326219286
1788924290.199142,0.017626154674684195
1788924290.2490087,0.01760470494977338
1788924290.2992914,0.015216680449217488
1788924290.3497965,0.015244146880970469
1788924290.399352,0.015266498442994068
1788924290.4493659,0.015292005887968377
1788924290.4987798,0.01531108173703147
1788924290.5492647,0.015330714332955683
1788924290.5991306,0.015352773062432185
1788924290.6489263,0.015382069977781779
1788924290.6989787,0.015389096360637325
1788924290.7488117,0.015403235381889204
1788924290.7998724,0.01542119145328822
1788924290.849001,0.01543605043404242
1788924290.89895,0.015450080190885732
1788924290.9493713,0.015460920396003367
1788924290.9988968,0.01547714594695474
1788924291.0488467,0.015490874661559057
1788924291.0990999,0.01549690598414174
1788924291.1492949,0.015520046077606816
1788924291.1988428,0.015518362660168435
1788924291.2489944,0.015522796454062106
1788924291.299351,0.015530214530079443
1788924291.349224,0.015541382367439077
1788924291.3989596,0.015549084035442012
1788924291.4488878,0.015557486635429696
1788924291.498961,0.015563065635235691
1788924291.5490735,0.015551617998012213
1788924291.5992732,0.01556286391658252
1788924291.6492488,0.01555703434227211
1788924291.699086,0.015556487693121878
1788924291.7498426,0.015554571167906856
1788924291.7992642,0.015558367577612671
1788924291.8492053,0.015554901256478385
1788924291.8993158,0.015563314598213224
1788924291.949127,0.015562592405979259
1788924291.9988668,0.015556766184765987
1788924292.0493662,0.015543648783682635
1788924292.099078,0.015542384734929884
1788924292.1491327,0.015533003795970002
1788924292.1993468,0.015525996898010614
1788924292.2491174,0.015528890400335048
1788924292.299432,0.015514469327117267
1788924292.349602,0.015504717683140141
1788924292.3992195,0.015509405842064176
1788924292.4498944,0.01550762679608997
1788924292.4990478,0.015479205703123725
1788924292.5491674,0.015470253282015362
1788924292.5991864,0.01545983897601145
1788924292.6492794,0.015446696225606406
1788924292.699017,0.015443943105370454
1788924292.7498817,0.015425974703943156
1788924292.799181,0.015416849066162523
1788924292.8492105,0.015408006150253518
1788924292.8990636,0.015388010922556556
1788924292.9490013,0.015373198225920663
1788924292.9992676,0.015357682307437677
1788924293.0492697,0.015343711454310245
1788924293.0990608,0.015334049449311118
1788924293.1492343,0.015313445798948345
1788924293.1989315,0.015298849377907067
1788924293.2489636,0.015278840043559137
1788924293.2991745,0.012898493556923862
1788924293.3494122,0.012915757035758767
1788924293.3997812,0.012938186464372526
1788924293.4490938,0.012966790671380294
1788924293.4988327,0.012978516002975931
1788924293.5494342,0.01299025630685603
1788924293.599094,0.013017022246126933
1788924293.6490161,0.013033560383978193
1788924293.6986823,0.013048816115913364
1788924293.7493796,0.013050817500402928
1788924293.7988648,0.01307545194041029
1788924293.8490689,0.013074746840927636
1788924293.8996403,0.013089136174011015
1788924293.9488578,0.013101576462824702
1788924293.9992583,0.013118212418681866
1788924294.0492687,0.013127800826662765
1788924294.099009,0.013130167548504029
1788924294.1489003,0.013139374611960094
1788924294.1990325,0.013146651470301692
1788924294.2493403,0.013160352362150794
1788924294.2991157,0.013164152666808683
1788924294.3492837,0.013172827712825309
1788924294.3996472,0.013172262871938113
1788924294.4492311,0.013183566198247938
1788924294.4989133,0.013175746062203512
1788924294.5490022,0.01317836175302747
1788924294.599424,0.013186020302901724
1788924294.6488404,0.013188343119566018
1788924294.699418,0.013182181147112719
1788924294.749338,0.013187626360278426
1788924294.798855,0.0131903076385491
1788924294.849259,0.013190540801031873
1788924294.8989115,0.013180544174032544
1788924294.9492114,0.013183131560266717
1788924294.9993746,0.013180100390395105
1788924295.0492752,0.01317127914326448
1788924295.0996506,0.013179641291560037
1788924295.149008,0.013168588900107801
1788924295.198982,0.013158647851458379
1788924295.2490833,0.01315364018203588
1788924295.2992854,0.013149050461065874
1788924295.3494842,0.013148139189500729
1788924295.3997235,0.013134498722468095
1788924295.4490123,0.013138640778347642
1788924295.4989352,0.013119742313465906
1788924295.5492222,0.013112587562704
1788924295.5990288,0.013113560122348638
1788924295.6490853,0.01309364731914286
1788924295.6991534,0.01308169333155581
1788924295.7493885,0.013071932003317011
1788924295.7995148,0.01307036132356654
1788924295.849068,0.01306613141897352
1788924295.8992093,0.013045889609164411
1788924295.9493687,0.013031744736086374
1788924295.999246,0.013025843811099074
1788924296.0488937,0.013014566270946647
1788924296.098835,0.013001630667864009
1788924296.1489744,0.012978469492712077
1788924296.1989086,0.012976039865866554
1788924296.2490096,0.012949782937678416
1788924296.2990537,0.010567666771744316
1788924296.349286,0.010584860453423073
1788924296.3992682,0.010606909246642893
1788924296.4487653,0.010617383281123317
1788924296.4988196,0.010631886627509685
1788924296.5493484,0.010646356859631214
1788924296.5992448,0.010668734419731029
1788924296.6489687,0.01067323414536132
1788924296.6990492,0.01068942764724169
1788924296.7490947,0.010695894780056362
1788924296.7988782,0.010710582959961835
1788924296.8489685,0.010718368483009836
1788924296.898962,0.010732292592137833
1788924296.9489367,0.010739647615020205
1788924296.9994974,0.010749325400521982
1788924297.0490255,0.010758982778077707
1788924297.0990186,0.010768748947537965
1788924297.1489816,0.010770508999744577
1788924297.1989968,0.010785591848540561
1788924297.2487524,0.010781436518882265
1788924297.2987623,0.010784956117608152
1788924297.349164,0.010791667782741047
1788924297.399119,0.010801653554600572
1788924297.4496953,0.010809488951126496
1788924297.4989173,0.010802754752024291
1788924297.549012,0.010803362580359516
1788924297.5997486,0.010811678085621942
1788924297.6488624,0.010805681407661121
1788924297.6991658,0.01081344801638977
1788924297.7491329,0.010815244759934648
1788924297.7993984,0.010819794508821942
1788924297.8491426,0.01080940883851462
1788924297.8988025,0.010817620803423925
1788924297.9488409,0.010809298858198825
1788924297.999002,0.010801891119158037
1788924298.0488122,0.010799087486067576
1788924298.0990727,0.010796709162886945
1788924298.1490138,0.010792819686860527
1788924298.1989882,0.010790966205005241
1788924298.2488124,0.010787914476592476
1788924298.2990122,0.010788368186348752
1788924298.3489769,0.010777513196065383
1788924298.3990285,0.01077446124874942
1788924298.4491088,0.010767391822794082
1788924298.4997103,0.010767207240399639
1788924298.5491464,0.010754738253544125
1788924298.5989876,0.01074613858504311
1788924298.6489668,0.010738838634857587
1788924298.6989648,0.010731501413965942
1788924298.7490244,0.010722986989791574
1788924298.799129,0.010714553641090179
1788924298.8495219,0.010707111947606748
1788924298.8993213,0.01070687269427748
1788924298.9490092,0.010685678202690733
1788924298.998863,0.010676153194309672
1788924299.0489633,0.010666186802218217
1788924299.0989702,0.010654713333443928
1788924299.1490345,0.010647100468855818
1788924299.1989934,0.010641604993824338
1788924299.2489045,0.01062255341094808
1788924299.2990265,0.008241835778516131
1788924299.3488543,0.00825549676501849
1788924299.3988116,0.00826868655848832
1788924299.4488716,0.00828229130057205
1788924299.4994216,0.008293577416882116
1788924299.548988,0.008302864376091151
1788924299.5990179,0.00831620336509204
1788924299.649,0.008327035618274855
1788924299.6988184,0.008333625378903916
1788924299.7491274,0.008343417870312297
1788924299.7988942,0.008359571658291029
1788924299.848856,0.008366830671296547
1788924299.8990238,0.008368641118467123
1788924299.9488006,0.008379072836851208
1788924299.9990287,0.008385354792031799
1788924300.0489945,0.008400535245192938
1788924300.0990515,0.008396297758939386
1788924300.1495883,0.008405660289813913
1788924300.1989179,0.008421454943865968
1788924300.248964,0.008411340120696087
1788924300.298862,0.008414836557240906
1788924300.3488936,0.008418708805357377
1788924300.3992567,0.008422190133758759
1788924300.4490197,0.00842449812808159
1788924300.4990518,0.008429395113762757
1788924300.5489697,0.00842945103828151
1788924300.5988703,0.008430722719413466
1788924300.6488452,0.008444248881257955
1788924300.699291,0.008431937489630248
1788924300.749013,0.008433299298816855
1788924300.7988951,0.00843334565542387
1788924300.8487904,0.008435006981219472
1788924300.899008,0.008432198583513658
1788924300.9488518,0.008435563056901376
1788924300.999025,0.008431453276812306
1788924301.0488906,0.008432792304973805
1788924301.0987988,0.008427921883162324
1788924301.1487672,0.00842335895471753
1788924301.1988652,0.008422717651973563
1788924301.2489903,0.00841954674110605
1788924301.299028,0.00841707859674005
1788924301.3490348,0.008414883802786948
1788924301.3990047,0.008419270380227382
1788924301.4492455,0.008404860224840221
1788924301.4992213,0.008398549265303387
1788924301.548869,0.008405043041879837
1788924301.5987928,0.008387320506765536
1788924301.6489224,0.008384632049003096
1788924301.6988242,0.008378659550342147
1788924301.748999,0.008369062306930094
1788924301.799003,0.008367552525434046
1788924301.849001,0.008359948176189512
1788924301.899131,0.008352676867924794
1788924301.9492028,0.00834571887722157
1788924301.9988322,0.008339931073291515
1788924302.0488205,0.008328768844283754
1788924302.0988624,0.008320379089755558
1788924302.148932,0.008311985592163151
1788924302.198941,0.008304601632134376
1788924302.2489226,0.008295624580592159
1788924302.2990136,0.005916361318770358
1788924302.3490205,0.005926628321526963
1788924302.3990042,0.005936945088455745
1788924302.4489846,0.005949437164656672
1788924302.4989412,0.0059547887114569376
1788924302.548763,0.00596048985115768
1788924302.5988305,0.00597251666850096
1788924302.648845,0.005979107368152802
1788924302.698852,0.005987103056076855
1788924302.7489526,0.0059895165240250875
1788924302.7994428,0.006000354392648353
1788924302.848888,0.006007578969888318
1788924302.8988152,0.006009751887866754
1788924302.9490147,0.0060174913067643256
1788924302.9990017,0.006024187946321938
1788924303.048845,0.00602864945210485
1788924303.0990036,0.006030055647588025
1788924303.1489582,0.006035311222509201
1788924303.199267,0.006042328169233765
1788924303.249188,0.006044383091144677
1788924303.2990098,0.006046077904967621
1788924303.349022,0.0060552158777726775
1788924303.3990722,0.006050514726884845
1788924303.4490025,0.006055738975564576
1788924303.499025,0.00605721467086081
1788924303.5489383,0.006058808688705981
1788924303.598997,0.006063058163108608
1788924303.648846,0.006063120129079373
1788924303.6988597,0.006060889268248992
1788924303.748858,0.006066349092753074
1788924303.799026,0.006068300925212603
1788924303.8488436,0.006067353519924089
1788924303.8987722,0.006067066508049564
1788924303.948703,0.006059574559719252
1788924303.9988778,0.006059594390660475
1788924304.048888,0.00605881734726399
1788924304.0988739,0.006056352307072117
1788924304.1488042,0.006055571659705982
1788924304.1988966,0.0060544811837029274
1788924304.248867,0.006052414093007777
1788924304.2990062,0.006049134614296449
1788924304.348925,0.006049500152531305
1788924304.3990104,0.006046524296016152
1788924304.4489567,0.00604142607772389
1788924304.4990017,0.006049676860784127
1788924304.5488744,0.006038351546767437
1788924304.5992837,0.006035122486001545
1788924304.6490242,0.006041127669023866
1788924304.698861,0.006044298717901908
1788924304.7489977,0.00602626406344974
1788924304.7987456,0.006015242635416142
1788924304.8489132,0.006009806652714855
1788924304.8988912,0.006007150229888627
1788924304.948862,0.006002360392228581
1788924304.998859,0.005996743274651113
1788924305.0488684,0.005998706502331667
1788924305.0988653,0.005986014510462638
1788924305.1489084,0.005980106019678519
1788924305.199095,0.00597577750745811
1788924305.2489882,0.005970626461215129
1788924305.2988029,0.0036031507815186617
1788924305.348972,0.0036129392177099576
1788924305.3992443,0.003609104302813897
1788924305.4490108,0.0036148483598774997
1788924305.4989522,0.00362475195104249
1788924305.5488431,0.0036282746447074297
1788924305.5992222,0.003632670444521373
1788924305.6493256,0.0036386026705763374
1788924305.6989503,0.003638778484357977
1788924305.749395,0.003644491880583896
1788924305.7990355,0.003655616651421557
1788924305.8489506,0.0036594969559867047
1788924305.898876,0.003657694841840262
1788924305.9490175,0.0036595860981297225
1788924305.9990592,0.0036650944545490866
1788924306.0490098,0.003668074838277855
1788924306.0992918,0.0036689868165618996
1788924306.1490176,0.00367415223620321
1788924306.1988719,0.003674459267648428
1788924306.2489257,0.0036843851114183495
1788924306.2987947,0.0036849786888217047
1788924306.3490024,0.003682952544139072
1788924306.3989954,0.0036859280281309925
1788924306.449009,0.00368566363378888
1788924306.4989011,0.0036888680495933373
1788924306.5490034,0.0036870696997343333
1788924306.5990212,0.003691289771129994
1788924306.649009,0.0036920899869289313
1788924306.6991587,0.0037001426295421437
1788924306.7489245,0.003702493281073675
1788924306.799335,0.0037014815466368985
1788924306.8498378,0.003694317419334191
1788924306.8990493,0.0037028051029209977
1788924306.9489007,0.003691857448225008
1788924306.9989455,0.003696665045208285
1788924307.049359,0.0037027245407368417
1788924307.0990026,0.003696370115490334
1788924307.1488616,0.0036913096277869364
1788924307.1988528,0.0036910225948394507
1788924307.2488956,0.003691369072561297
1788924307.298834,0.0036937390963880114
1788924307.3489404,0.0036926553249924843
1788924307.3990169,0.0036953628948099265
1788924307.449602,0.0036871720619647045
1788924307.499004,0.003689246298950356
1788924307.5491362,0.0036806444218272986
1788924307.598901,0.0036843418919619494
1788924307.648817,0.0036832659592913606
1788924307.6988344,0.0036767779020785833
1788924307.7489877,0.0036796200397293693
1788924307.799545,0.0036767333323481366
1788924307.849637,0.003674132071717795
1788924307.89963,0.0036691786149840675
1788924307.9489691,0.0036651851258653234
1788924307.9988317,0.0036697478922074517
1788924308.0488935,0.0036619658450137474
1788924308.098839,0.0036548788616474572
1788924308.1488652,0.0036519042408954274
1788924308.1995971,0.0036485591146093463
1788924308.2489388,0.0036569109255832075
1788924308.2990272,0.0013202710370194945
1788924308.3489027,0.0013271634650728994
1788924308.3990092,0.001329133399224869
1788924308.4488769,0.0013275497150564614
1788924308.4996805,0.0013279634501411652
1788924308.5491192,0.0013419742044258694
1788924308.5989828,0.0013342950515612196
1788924308.6490145,0.0013413291162507235
1788924308.6990008,0.001345058825308705
1788924308.7490482,0.001338367913727394
1788924308.7990189,0.0013418061892478811
1788924308.8488922,0.0013464346979554834
1788924308.8990881,0.0013437563633793032
1788924308.949004,0.0013486258135073281
1788924308.9990363,0.0013466452677133572
1788924309.0490282,0.001352661866821862
1788924309.0989416,0.0013519366217337463
1788924309.1495633,0.0013519566045758916
1788924309.199116,0.001352544272436427
1788924309.2488604,0.0013533995289268168
1788924309.2998152,0.0013552956593972946
1788924309.3489144,0.0013622928496421934
1788924309.3989038,0.0013594322933871584
1788924309.4490142,0.0013667188996290959
1788924309.499062,0.001360576548096408
1788924309.548854,0.0013616425860984048
1788924309.5988235,0.0013609915342121031
1788924309.6488996,0.0013658428483891258
1788924309.6989884,0.0013675756422182681
1788924309.748946,0.0013643012471831139
1788924309.7990103,0.0013639517776431016
1788924309.8487864,0.0013667829601351157
1788924309.8992827,0.0013648763378649679
1788924309.9497256,0.0013708113369662299
1788924309.999026,0.001372580159880175
1788924310.0497172,0.0013744976438621707
1788924310.0989478,0.0013753075028943831
1788924310.1489856,0.001368096430447228
1788924310.1997163,0.001367946165965599
1788924310.2489936,0.0013690211935528825
1788924310.298955,0.001372077318447826
1788924310.3492408,0.0013683011168328435
1788924310.3990538,0.0013729410253801963
1788924310.449293,0.0013690592509079341
1788924310.4990366,0.0013732171772305845
1788924310.5490177,0.0013731284563710015
1788924310.5989938,0.0013703511924030483
1788924310.6489434,0.0013692941490420511
1788924310.698951,0.0013733459275613873
1788924310.748909,0.0013726187986044807
1788924310.7988117,0.0013723364475378068
1788924310.8490317,0.0013691626880115548
1788924310.8993995,0.0013711309912525689
1788924310.9490325,0.0013694256409038468
1788924310.9989517,0.0013741198500027564
1788924311.0490217,0.001372883171700703
1788924311.098864,0.0013682492880645815
1788924311.1488547,0.001369564906737894
1788924311.1990194,0.0013739835598326265
1788924311.2489057,0.0013712269577769913
1788924311.2990167,0.0012063482105293256
1788924311.3489063,0.0012068310092344706
1788924311.3989074,0.0012038229419893962
1788924311.4489272,0.0012022199758348457
1788924311.4989057,0.0012043715411533965
1788924311.5489802,0.0012085229310355363
1788924311.59979,0.001210376372044026
1788924311.6489031,0.0012031096501369856
1788924311.698784,0.0012094065077144407
1788924311.7488608,0.001209154553771584
1788924311.7990007,0.0012069876922203367
1788924311.8488,0.0012084485625701302
1788924311.8992596,0.0012064620675466319
1788924311.9488585,0.0012047979177283606
1788924311.9999456,0.0012075474536289478
1788924312.0490396,0.0012008709273098053
1788924312.0989747,0.00120038189910085
1788924312.1493669,0.0012039556957111708
1788924312.1989365,0.0012033341641426302
1788924312.249786,0.001197077920762511
1788924312.299354,0.001194609278802763
1788924312.3490446,0.0012008909832875872
1788924312.3990502,0.0011989033914106928
1788924312.4492364,0.0011881703509317042
1788924312.49912,0.0011909090526774377
1788924312.5488672,0.001195810756031649
1788924312.5991619,0.0011972243423142587
1788924312.648963,0.0011975927401112277
1788924312.6989975,0.00119692607811331
1788924312.749057,0.0011961204557722005
1788924312.7992604,0.001195203220123348
1788924312.8490226,0.0011938626463392772
1788924312.899073,0.0011896885570518868
1788924312.9490778,0.0011926906371598526
1788924312.998931,0.0011917435173589316
1788924313.0490367,0.0011935162600540232
1788924313.0989459,0.0011894290036802311
1788924313.1490138,0.0011884177932897219
1788924313.198927,0.0011897538438991177
1788924313.2492635,0.0011870019899255224
1788924313.2988806,0.0011852251522413617
1788924313.3489769,0.0011852520113601985
1788924313.3989973,0.0011833036547684993
1788924313.4500961,0.001182535442369258
1788924313.4989598,0.001177305750091618
1788924313.5490031,0.001178654662427155
1788924313.5989952,0.0011793258213260182
1788924313.6487768,0.0011778273403629301
1788924313.6997495,0.0011761576887043398
1788924313.7489674,0.0011652436423179842
1788924313.79903,0.0011766313006159137
1788924313.84901,0.0011733869119795418
1788924313.8989577,0.0011722619551068371
1788924313.9490979,0.001170895212957966
1788924313.9990478,0.0011691976483208983
1788924314.0494137,0.00116054878626684
1788924314.0990357,0.0011634386292479152
1788924314.1489654,0.0011660319195894802
1788924314.1995318,0.0011664289556067502
1788924314.2490745,0.0011527980905071307
1788924314.2990277,0.003477185868680875
1788924314.348847,0.003481276347038339
1788924314.3990924,0.0034850891098825204
1788924314.4496365,0.003488756245427662
1788924314.4990106,0.0034928465335665486
1788924314.5490105,0.003497100014121754
1788924314.5990255,0.003497546229755705
1788924314.6490152,0.003500575522548555
1788924314.6988332,0.0035044132398440796
1788924314.7501743,0.0035060781612947147
1788924314.7989695,0.003498899972381467
1788924314.8490362,0.003508358107760566
1788924314.8990555,0.0035110726827724797
1788924314.9493458,0.0035103773323531904
1788924314.9987378,0.0035060643204858862
1788924315.0497863,0.0035148335054331807
1788924315.09901,0.0035063331432995492
1788924315.1496196,0.003519661005679055
1788924315.199021,0.0035146052033466105
1788924315.24952,0.0035189067706156135
1788924315.2990947,0.003515500080524615
1788924315.3495278,0.0035190564054619878
1788924315.3995972,0.003515703236229372
1788924315.4500246,0.0035125208149161353
1788924315.4995794,0.003521128303208134
1788924315.5490015,0.0035124447893200277
1788924315.5989912,0.0035204167643989506
1788924315.6490257,0.0035172929042370685
1788924315.699447,0.0035169213957833736
1788924315.7495475,0.0035168032504471255
1788924315.7992086,0.003510516789264382
1788924315.8494549,0.0035134395050525308
1788924315.8993535,0.0035099068625047184
1788924315.949011,0.003510203807062201
1788924315.998987,0.0035084972809001956
1788924316.049682,0.0035054199744911957
1788924316.099649,0.0035026872906147766
1788924316.1490233,0.0034949380935918603
1788924316.1995838,0.003498061946459283
1788924316.249186,0.0034998987295548306
1788924316.298929,0.003497201015596877
1788924316.349075,0.0034942120381930997
1788924316.3990057,0.0034899848404587822
1788924316.449025,0.0034786917845310156
1788924316.4995947,0.003484835375995516
1788924316.5489933,0.0034801763207168925
1788924316.5991554,0.003479935073982524
1788924316.6489708,0.003471648547359139
1788924316.6990387,0.003472005275669834
1788924316.749414,0.003460064270062228
1788924316.799373,0.0034612616233884856
1788924316.8490093,0.003458483205861726
1788924316.8988118,0.0034542624177360775
1788924316.9490774,0.0034547794789408517
1788924316.9990382,0.0034500395090838994
1788924317.0488613,0.003444426779370805
1788924317.09886,0.003438879622620838
1788924317.1492784,0.0034394921035694
1788924317.1990116,0.003423731767514384
1788924317.2490897,0.0034295677604103286
1788924317.2990134,0.0058003412973834465
1788924317.3496296,0.0058091032917352015
1788924317.3989742,0.005810031908496423
1788924317.4492552,0.005822016217833681
1788924317.4988313,0.005829277986884296
1788924317.5488482,0.005835343830204862
1788924317.599239,0.0058419854594873545
1788924317.6493382,0.005843644618075625
1788924317.69899,0.005851109871462535
1788924317.7497888,0.0058550622209297245
1788924317.7988763,0.00585737902759305
1788924317.8489947,0.00586059249713184
1788924317.8992293,0.005868916665455538
1788924317.9488616,0.0058651352318494845
1788924317.998819,0.00587636645689369
1788924318.0493577,0.005880922273847391
1788924318.0989673,0.005879120536130482
1788924318.149014,0.005882570488043614
1788924318.1988442,0.005885052723229187
1788924318.248934,0.0058884819918430835
1788924318.298963,0.0058878178687243755
1788924318.349137,0.00588784186230803
1788924318.3990648,0.005890687011152899
1788924318.4488451,0.0058900142302864235
1788924318.4989023,0.005890666226781969
1788924318.5489278,0.005890107472637619
1788924318.5996604,0.005889526079465561
1788924318.6489146,0.005886115504766864
1788924318.6990194,0.005890816361503049
1788924318.748928,0.005886837134188018
1788924318.799013,0.005885281277431341
1788924318.8488736,0.005883987393202757
1788924318.8992753,0.005882234090805955
1788924318.9495049,0.005880740519746193
1788924318.9990344,0.005872893557144037
1788924319.049028,0.005876867692928708
1788924319.099,0.005872402216486491
1788924319.1493323,0.005868801318730505
1788924319.1990328,0.00586210038482713
1788924319.2492883,0.005861468985445106
1788924319.2993085,0.005856663378431753
1788924319.3493896,0.0058516493081579146
1788924319.399427,0.005848873461418213
1788924319.4500952,0.005838435819467193
1788924319.4994166,0.005834364252666006
1788924319.548747,0.005839032147389806
1788924319.598987,0.005834054938756971
1788924319.6494908,0.00582890417288963
1788924319.6994545,0.00581310889794202
1788924319.7493892,0.005815351089453334
1788924319.7992806,0.005811295767229501
1788924319.8491232,0.0058071674933136905
1788924319.9000497,0.005797391164878092
1788924319.9490137,0.005793555553042419
1788924319.999044,0.005786884752397743
1788924320.049327,0.0057783262195617
1788924320.0995255,0.005772373243086662
1788924320.1490107,0.005765922609161767
1788924320.1990705,0.005761932629283752
1788924320.2490273,0.0057524097698697495
1788924320.2989948,0.008131705710264557
1788924320.3493211,0.00814323642662832
1788924320.3996136,0.008154137364898804
1788924320.4488184,0.008162505188800791
1788924320.4996607,0.008174125376596512
1788924320.548967,0.008184339987541152
1788924320.5992396,0.008191949755778496
1788924320.6493013,0.008198457818142163
1788924320.6989934,0.008208610548042857
1788924320.7492967,0.008217081658408586
1788924320.799237,0.008217849226882887
1788924320.848985,0.008223558491948934
1788924320.8993173,0.008233770066268234
1788924320.949096,0.008238234269060006
1788924320.9995866,0.008243303799069785
1788924321.0488913,0.00824644331468382
1788924321.0992458,0.00825391654481324
1788924321.1495717,0.008255979461667813
1788924321.1992471,0.00825860634462749
1788924321.2491016,0.00826240395029714
1788924321.2995346,0.008259436620078518
1788924321.3492835,0.00825814150954339
1788924321.3989787,0.008265145227336273
1788924321.4495947,0.008269290596124176
1788924321.499239,0.00825812694056388
1788924321.5488868,0.008266057954140394
1788924321.5988123,0.00826960066041548
1788924321.6493106,0.008269473905164236
1788924321.6992946,0.008260449872029868
1788924321.749012,0.00826409585287041
1788924321.799036,0.00826356138755286
1788924321.84978,0.00825851659488565
1788924321.899279,0.008250652687929648
1788924321.949527,0.008255882273013266
1788924321.999895,0.008249750536077884
1788924322.0492089,0.008249521369899518
1788924322.0993264,0.008244194971198925
1788924322.1493742,0.008235716853006118
1788924322.19986,0.008233867356968528
1788924322.2497091,0.008232358687757495
1788924322.299373,0.008220634984479423
1788924322.3496077,0.008221747008110514
1788924322.3993082,0.008217908277100032
1788924322.449889,0.0082115204426435
1788924322.4995625,0.008205816888329871
1788924322.5489323,0.008198611801598518
1788924322.5989587,0.008196853527518805
1788924322.649429,0.008188974997536484
1788924322.6992674,0.008177501550576916
1788924322.7494864,0.008168601556753193
1788924322.799139,0.008162349912923663
1788924322.849525,0.008154245801556716
1788924322.8993547,0.008146971855176986
1788924322.9496448,0.00813780394713229
1788924322.9990141,0.008132700668231052
1788924323.0490944,0.008123606206555651
1788924323.0992548,0.008114105495383215
1788924323.149174,0.00810338070139628
1788924323.1990423,0.00809407427997975
1788924323.2496696,0.008085002564824447
1788924323.2998433,0.010466618382256557
1788924323.34926,0.010481426348194446
1788924323.3992841,0.010496147348623343
1788924323.4491804,0.010510646223752225
1788924323.4996438,0.010518887302972492
1788924323.5489612,0.010533963863639324
1788924323.598993,0.010548592793116504
1788924323.648859,0.010557890879324558
1788924323.698986,0.010564892378818518
1788924323.7495968,0.010578756385665692
1788924323.7990406,0.010587566706050967
1788924323.8489525,0.010591871580025121
1788924323.8995402,0.010601717706966966
1788924323.9492836,0.01060753356294444
1788924323.9990182,0.010613440184673532
1788924324.0489671,0.010620784783525185
1788924324.099201,0.010629095232052101
1788924324.1493797,0.010631792824885702
1788924324.1992455,0.010633541624901542
1788924324.2493079,0.010636932850528377
1788924324.2995667,0.01064275475189324
1788924324.3493161,0.010640002554179894
1788924324.399649,0.010643685526502968
1788924324.4488783,0.010647335210527463
1788924324.498967,0.05999999999999999
1788924324.5496588,0.06
1788924324.5992196,0.060000000000000005
1788924324.6490111,0.05999999999999999
1788924324.6988316,0.06
1788924324.7490182,0.060000000000000005
1788924324.799447,0.06
1788924324.8490646,0.060000000000000005
1788924324.899042,0.05999999999999999
1788924324.9492,0.059999999999999984
1788924324.9993978,0.05999999999999999
1788924325.049849,0.060000000000000005
1788924325.0989902,0.05999999999999999
1788924325.1490715,0.060000000000000005
1788924325.1990263,0.06
1788924325.249757,0.06
1788924325.2996523,0.06
1788924325.349057,0.05999999999999999
1788924325.3993163,0.06
1788924325.4490018,0.06
1788924325.4991162,0.06
1788924325.5497415,0.05999999999999999
1788924325.5990236,0.06
1788924325.6490293,0.060000000000000005
1788924325.6997552,0.060000000000000005
1788924325.7493856,0.06
1788924325.7993908,0.06
1788924325.849092,0.06
1788924325.8997002,0.06
1788924325.948934,0.060000000000000005
1788924325.9997513,0.05999999999999999
1788924326.048896,0.060000000000000005
1788924326.098816,0.05999999999999999
1788924326.1492133,0.06
1788924326.199278,0.060000000000000005
1788924326.2490244,0.060000000000000005
1788924326.299715,0.05999999999999999
1788924326.3496757,0.06
1788924326.3994355,0.06
1788924326.4489925,0.06
1788924326.4990094,0.06
1788924326.549018,0.05999999999999999
1788924326.5990193,0.060000000000000005
1788924326.6493256,0.060000000000000005
1788924326.6989923,0.05999999999999999
1788924326.7492957,0.05999999999999999
1788924326.7991242,0.059999999999999984
1788924326.8488405,0.06
1788924326.8997939,0.05999999999999999
1788924326.9491382,0.060000000000000005
1788924326.9993074,0.05999999999999999
1788924327.0490768,0.05999999999999999
1788924327.0988474,0.06
1788924327.1489992,0.05905361025400637
1788924327.199306,0.05788236056719452
1788924327.2490413,0.05672442015317734
1788924327.2992873,0.055579217609457894
1788924327.3491306,0.05444765966399732
1788924327.399398,0.05332784124018954
1788924327.4498878,0.052222043408169
1788924327.4991012,0.05112708764306841
1788924327.5489888,0.05004642043497348
1788924327.5990217,0.048977062842071886
1788924327.648952,0.047919449867389864
1788924327.6991887,0.04687416047480624
1788924327.749655,0.045841364119992865
1788924327.7997746,0.04481905575449484
1788924327.8490725,0.04381023978725549
1788924327.8992426,0.04281156408850539
1788924327.9492922,0.041825969616919104
1788924327.9989693,0.04085053762237285
1788924328.0489588,0.03988681548972255
1788924328.0989478,0.0389342743932436
1788924328.1491346,0.03799250414491163
1788924328.1993153,0.03706084138566767
1788924328.2492888,0.03614152793694062
1788924328.2991574,0.03523290843851589
1788924328.3490326,0.034325134257617455
1788924328.3992677,0.033422487102706656
1788924328.449211,0.032530475453591265
1788924328.4990222,0.03165034284373879
1788924328.549046,0.030781800354779346
1788924328.5990086,0.029924264680784934
1788924328.649362,0.029076797815175155
1788924328.699337,0.028241231304670218
1788924328.7489853,0.0274161372023923
1788924328.7990916,0.026602189940147236
1788924328.849424,0.025797756854185117
1788924328.8991592,0.02500491731955241
1788924328.949293,0.024221200051754075
1788924328.9988852,0.023449278608384656
1788924329.0490377,0.02268679207805274
1788924329.0989757,0.02193411799990316
1788924329.1491416,0.021191549655596675
1788924329.1992776,0.020459813404612996
1788924329.2496169,0.019736952614611857
1788924329.2994225,0.019492110552307002
1788924329.3492503,0.018801157313319695
1788924329.399291,0.018120586956004162
1788924329.4491203,0.01745109779687347
1788924329.499349,0.016792098921137158
1788924329.5490413,0.016143297661920276
1788924329.5991216,0.01550622284565656
1788924329.649194,0.014880070792728363
1788924329.6989684,0.014265102001194992
1788924329.749351,0.013662572163389178
1788924329.7993534,0.013070169095176049
1788924329.8488748,0.01249310381144019
1788924329.8995516,0.011927246280480589
1788924329.949284,0.011374471443031092
1788924329.99959,0.010834786451469514
1788924330.0493228,0.010312538326156697
1788924330.0989442,0.009804996301911287
1788924330.1490114,0.00931489510211989
1788924330.1993458,0.00884172783333873
1788924330.249254,0.008387807822467114
1788924330.2993255,0.007955714640225105
1788924330.3492866,0.007547057042512984
1788924330.3992932,0.007164637705649605
1788924330.4495046,0.006808910847926647
1788924330.4993076,0.006485663464528725
1788924330.5493035,0.006194866634376964
1788924330.598917,0.005941643233189792
1788924330.6491394,0.00572896192596807
1788924330.6991282,0.005558192331673053
1788924330.7494144,0.00543333769381856
1788924330.799282,0.0053536027247064535
1788924330.8492851,0.005321563528196691
1788924330.8994381,0.005311181683918376
1788924330.9492397,0.005303014317089674
1788924330.9993,0.005293837703335645
1788924331.0492876,0.005286928340993886
1788924331.098991,0.005280940506899279
1788924331.1490383,0.0052764343167434795
1788924331.199037,0.005272778045325046
1788924331.2490387,0.005269791800221203
1788924331.2994316,0.005267468723244507
1788924331.3492444,0.005266149139994528
1788924331.3989792,0.005266102624890124
1788924331.4493065,0.005266816610865875
1788924331.4990172,0.005268606387448295
1788924331.549036,0.005270801775307006
1788924331.5993235,0.00527388653716003
1788924331.6492765,0.005277739810733254
1788924331.69909,0.005282375778815764
1788924331.7493033,0.005288331398276347
1788924331.7996047,0.005294234854937155
1788924331.8492436,0.005301130714601116
1788924331.8992543,0.005309619134555049
1788924331.9495451,0.0053177058609051
1788924331.9995205,0.0053268330206665505
1788924332.0490377,0.00533659982579438
1788924332.0993085,0.005347267292891135
1788924332.1493022,0.00535779022096786
1788924332.1992564,0.005369460345838058
1788924332.249284,0.005381384664599344
1788924332.2995176,0.005918663606717471
1788924332.349192,0.005927001068453823
1788924332.3989828,0.005934080117460953
1788924332.4488666,0.005942319478638421
1788924332.4990005,0.005950087330456329
1788924332.5492997,0.005958279649449168
1788924332.5990322,0.005965460571219891
1788924332.649314,0.0059726497690380295
1788924332.6988292,0.00597949504692486
1788924332.7488503,0.005986642748940311
1788924332.7992013,0.005993093296475106
1788924332.8489804,0.005999351774517053
1788924332.8990262,0.006005699407651104
1788924332.9490318,0.006010927287429604
1788924332.9988866,0.0060174787312931135
1788924333.049317,0.006023572179348797
1788924333.0995753,0.006028860034384448
1788924333.1488984,0.006034787176072922
1788924333.1990123,0.006040175729732631
1788924333.2491913,0.00604507031164889
1788924333.2989993,0.006050366615446418
1788924333.3490262,0.006055166577311896
1788924333.3991816,0.006059601510504999
1788924333.449014,0.0060646753563576945
1788924333.4990187,0.006069242213260719
1788924333.5490124,0.006073735209500502
1788924333.5990632,0.006078034088841209
1788924333.6490605,0.006082461216752133
1788924333.6990018,0.006086423098674461
1788924333.7490988,0.0060904793041223265
1788924333.799028,0.006094366174066239
1788924333.8492785,0.006098235544969708
1788924333.8988957,0.006101630938033633
1788924333.9492915,0.0061055742704861785
1788924333.9988809,0.006109029596334544
1788924334.0496228,0.006112274167089189
1788924334.0996556,0.00611587745254261
1788924334.1493897,0.006119260432180197
1788924334.1992705,0.00612237994425778
1788924334.2489119,0.006125653284326779
1788924334.2990172,0.006128830533895351
1788924334.3490298,0.0061317976397862696
1788924334.3990383,0.006134410691111261
1788924334.4488533,0.006137560223021734
1788924334.4990504,0.00614037985243062
1788924334.5490282,0.006143054277900256
1788924334.5990026,0.006145669051077568
1788924334.649038,0.00614835093988057
1788924334.6990137,0.00615088440221901
1788924334.7495313,0.006153428314242187
1788924334.7992928,0.006155975323170631
1788924334.8493118,0.006157882249977635
1788924334.899225,0.006160119768393881
1788924334.9489055,0.006162462626732829
1788924334.9990115,0.006165175052970586
1788924335.0490162,0.006167192022515606
1788924335.099279,0.006169393850022199
1788924335.1489618,0.006171335831868009
1788924335.199226,0.006173366622856526
1788924335.2492886,0.00617559055900727
1788924335.299069,0.006611600197556793
1788924335.3495786,0.006620429577622335
1788924335.3993084,0.00662943609981804
1788924335.449312,0.006638143808790946
1788924335.499697,0.006646378029761609
1788924335.5490673,0.0066540546721984
1788924335.5992608,0.0066614928844849495
1788924335.648911,0.006668709965018346
1788924335.6989727,0.006675256551133172
1788924335.7490091,0.006681783572416864
1788924335.798848,0.0066878022346709195
1788924335.849014,0.006693549917463634
1788924335.899251,0.006699094126251713
1788924335.9490144,0.0067040306538695095
1788924335.9992537,0.006708961791238618
1788924336.04944,0.006712793076568099
1788924336.099022,0.006717288355595358
1788924336.1490753,0.006721382138334889
1788924336.1990077,0.006724693707946343
1788924336.2488332,0.006727947653155225
1788924336.298878,0.006731077006511745
1788924336.3488796,0.006733729898801449
1788924336.3989537,0.006736048238945816
1788924336.4487703,0.006738110973161548
1788924336.4987469,0.006740011371108038
1788924336.5488262,0.00674158172358647
1788924336.598839,0.006742729427745887
1788924336.648869,0.006743890621590247
1788924336.6990168,0.006744579734846055
1788924336.749103,0.006744947853409427
1788924336.7990453,0.006745148617948795
1788924336.8497484,0.006745262460041397
1788924336.8990233,0.006745135816500741
1788924336.949288,0.006744670961341255
1788924336.99901,0.006743899988992995
1788924337.0489378,0.006742905522801169
1788924337.0990255,0.006741725534132806
1788924337.1490161,0.006740392168113431
1788924337.199103,0.006738798203084448
1788924337.2493227,0.006736957268888418
1788924337.2990313,0.006734936680963625
1788924337.34912,0.0067327740288772465
1788924337.3990188,0.006730327966364394
1788924337.4492369,0.00672786697287413
1788924337.4990418,0.006725090749955535
1788924337.5494316,0.006721930122611095
1788924337.5991504,0.006718776297366906
1788924337.6492448,0.00671534767600849
1788924337.6992767,0.006711664979211475
1788924337.7492614,0.0067081079080533075
1788924337.7993028,0.0067040278865811345
1788924337.849224,0.00670007703892628
1788924337.8992944,0.006695979878607545
1788924337.9490056,0.006691355034869165
1788924337.999287,0.006687225505805667
1788924338.0495157,0.006681962175851149
1788924338.0991344,0.006677596674845904
1788924338.1492937,0.006672653551301961
1788924338.199689,0.00666701517698376
1788924338.249137,0.0066617731453119415
1788924338.299003,0.007321501938402655
1788924338.3492773,0.0073358399321459085
1788924338.399133,0.007349479180364639
1788924338.449081,0.007362868439006888
1788924338.4987943,0.007375843767044886
1788924338.5492792,0.007388653448581583
1788924338.5990086,0.00740078271580886
1788924338.6490598,0.007412729690733371
1788924338.6988316,0.007424170837927123
1788924338.7500663,0.007435237660183639
1788924338.7991247,0.007445690056834179
1788924338.849163,0.007456152849932173
1788924338.899227,0.00746612556004342
1788924338.9493153,0.0074752239352907
1788924338.998932,0.0074846341680928005
1788924339.0495408,0.0074936534759753246
1788924339.0990202,0.007502036613194311
1788924339.1491127,0.00751012966388888
1788924339.1988225,0.007517664847924717
1788924339.249255,0.007525180243966452
1788924339.298833,0.007532058377291754
1788924339.3492422,0.0075386642984123925
1788924339.3990269,0.007544957583142207
1788924339.4490755,0.00755106471452092
1788924339.4993947,0.05999999999999999
1788924339.5495489,0.06
1788924339.598868,0.06
1788924339.6492455,0.06
1788924339.699566,0.06
1788924339.7490973,0.06
1788924339.7990127,0.06
1788924339.8490458,0.06
1788924339.8992877,0.05999999999999999
1788924339.9492683,0.06
1788924339.999281,0.06
1788924340.049092,0.06
1788924340.0994294,0.05999999999999999
1788924340.1493065,0.06
1788924340.1991215,0.06
1788924340.2489152,0.06
1788924340.298888,0.05999999999999999
1788924340.349264,0.05999999999999999
1788924340.3993099,0.05999999999999999
1788924340.449301,0.05999999999999999
1788924340.4992275,0.06
1788924340.5490282,0.06
1788924340.599019,0.06
1788924340.6490996,0.06
1788924340.6993334,0.05999999999999999
1788924340.7490284,0.06
1788924340.7992876,0.06
1788924340.849196,0.06
1788924340.899072,0.06
1788924340.949141,0.06
1788924340.9990268,0.05999999999999999
1788924341.049051,0.06
1788924341.0990489,0.05999999999999999
1788924341.1493263,0.06
1788924341.1993182,0.05999999999999999
1788924341.249134,0.06
1788924341.2995229,0.06
1788924341.3490815,0.06
1788924341.399015,0.06
1788924341.4490104,0.06
1788924341.498899,0.06
1788924341.5489988,0.06
1788924341.5988202,0.06
1788924341.6491408,0.059999999999999984
1788924341.6989453,0.06
1788924341.7495275,0.06
1788924341.799295,0.06
1788924341.8490553,0.06
1788924341.8990142,0.06
1788924341.9493032,0.06
1788924341.999065,0.05999999999999999
1788924342.0490012,0.06
1788924342.0990164,0.06
1788924342.14906,0.06
1788924342.1989057,0.06
1788924342.2490058,0.06
1788924342.299589,0.05999999999999999
1788924342.348852,0.05999999999999999
1788924342.3990366,0.06
1788924342.4490352,0.05999999999999999
1788924342.499033,0.06
1788924342.5491076,0.06
1788924342.5990026,0.05999999999999999
1788924342.6490495,0.06
1788924342.699094,0.06
1788924342.7490485,0.06
1788924342.799272,0.06
1788924342.8489757,0.059588885833575966
1788924342.8989947,0.058895910897442325
1788924342.9496605,0.05821337695580404
1788924342.9988034,0.05754115147004152
1788924343.0488229,0.05687918080425833
1788924343.098829,0.05622699082798513
1788924343.1489348,0.055584885962890684
1788924343.198846,0.05495257448366349
1788924343.2488005,0.054329921388000524
1788924343.2988892,0.05371689347508187
1788924343.3490138,0.05311327802338689
1788924343.3992634,0.052519018773842144
1788924343.4496088,0.05193399498783072
1788924343.499217,0.05135810408028721
1788924343.549345,0.05079107944964723
1788924343.5989606,0.050232946155534225
1788924343.6498833,0.0496836028223588
1788924343.6992934,0.04914294566903905
1788924343.7492754,0.04861082292996157
1788924343.7994099,0.04808718432113933
1788924343.849226,0.04757176723218167
1788924343.8997056,0.04706476439162085
1788924343.9494221,0.0465657242467995
1788924343.9993253,0.046074681163955744
1788924344.0496583,0.045591676346552625
1788924344.0992162,0.04511647843171328
1788924344.1494474,0.04464881848817293
1788924344.1991148,0.04418904141670703
1788924344.2492194,0.04373663404356353
1788924344.2993805,0.045037006606887274
1788924344.349231,0.04466259137550383
1788924344.399313,0.044296147345172565
1788924344.4490192,0.043937405095092856
1788924344.499297,0.0435828873372691
1788924344.549215,0.043237398029200666
1788924344.599005,0.042898075309082705
1788924344.6492891,0.04256444180791072
1788924344.6989796,0.04223813793399794
1788924344.7493489,0.041916942012808885
1788924344.7992249,0.04160299119664415
1788924344.8489249,0.04129427704311703
1788924344.89911,0.040991558761456146
1788924344.9491374,0.040695782766102605
1788924344.9992676,0.04040402307874103
1788924345.0490277,0.04011972508957644
1788924345.0992436,0.03983813925357223
1788924345.1491377,0.03956351913203386
1788924345.1997473,0.03929435922355142
1788924345.2488544,0.03903025680338161
1788924345.299453,0.038770445007822854
1788924345.3492725,0.03851674359046447
1788924345.399229,0.03826784251782489
1788924345.4492302,0.03802399664343829
1788924345.499027,0.037782508618634414
1788924345.5492961,0.037547751533534755
1788924345.5989735,0.03731678172123126
1788924345.649151,0.037090058565101815
1788924345.6991765,0.036868549693469685
1788924345.7489877,0.03665057625648363
1788924345.7992384,0.036436170574903684
1788924345.8491907,0.03622658591281993
1788924345.8995101,0.03602123063854188
1788924345.9494348,0.03582003221222259
1788924345.9991083,0.03562095516055019
1788924346.0490263,0.03542629935940677
1788924346.0990036,0.03523534619387913
1788924346.1491325,0.03504806339418795
1788924346.1995163,0.034864590258304864
1788924346.2488472,0.034683448002377874
1788924346.2990336,0.03450648893595515
1788924346.3493924,0.03433307813527066
1788924346.3991337,0.034161482090400895
1788924346.449042,0.03399540713079282
1788924346.4991393,0.03382923679956443
1788924346.5493772,0.03366814860804598
1788924346.5988648,0.03350857651167866
1788924346.6492226,0.03335226569551849
1788924346.6997066,0.0331987896840441
1788924346.748924,0.0330483459335112
1788924346.7989612,0.032900292348026765
1788924346.8490674,0.032754864205359994
1788924346.8992264,0.03261103614099755
1788924346.9492085,0.032470208661592635
1788924346.999422,0.032331223653893355
1788924347.0492942,0.032195607036503586
1788924347.0990124,0.03206128374645971
1788924347.1490684,0.03192917287691461
1788924347.1992183,0.03180016867426875
1788924347.2492487,0.03167301937598183
1788924347.299547,0.033879812942202464
1788924347.3492296,0.033834285384207984
1788924347.3993444,0.03379006316704355
1788924347.4492176,0.033745819799821865
1788924347.4992208,0.033700480219992085
1788924347.549039,0.03365895753876769
1788924347.5989697,0.03361583219659439
1788924347.6492515,0.033573821627733584
1788924347.6988492,0.03353212769837623
1788924347.7492938,0.03349117379919185
1788924347.7992747,0.03345122755877552
1788924347.849509,0.03341079895624475
1788924347.8992963,0.03336921644501044
1788924347.9489777,0.03333138246613643
1788924347.9990318,0.033290441354575595
1788924348.0490742,0.03325083611873335
1788924348.0992863,0.033211383808095706
1788924348.1492672,0.03317127340271575
1788924348.1992507,0.033132323924443464
1788924348.2494175,0.0330962154830703
1788924348.2987869,0.03305513160445093
1788924348.349521,0.03301515690891496
1788924348.3993623,0.032978492722312173
1788924348.4491298,0.032940444438680196
1788924348.4995325,0.03289827134746645
1788924348.5497718,0.03285916361644548
1788924348.598971,0.03282018451727154
1788924348.648999,0.0327796336467567
1788924348.6991823,0.03274316305054616
1788924348.7491305,0.032704198867623206
1788924348.799072,0.03266266841745816
1788924348.8488407,0.03262115975208661
1788924348.899726,0.03258089220943936
1788924348.9491377,0.03254188849973159
1788924348.999043,0.032500550663376544
1788924349.0488544,0.03245881990454962
1788924349.0992713,0.03241697446579842
1788924349.1490698,0.0323768627540617
1788924349.199638,0.03233772591412854
1788924349.249319,0.03229223521179447
1788924349.2991226,0.03225105106720482
1788924349.34905,0.03220901803434416
1788924349.3990958,0.03216475190156208
1788924349.4492207,0.03212271356422922
1788924349.4992251,0.03208045027801482
1788924349.5491328,0.03203672311196763
1788924349.598818,0.0319927256050724
1788924349.649549,0.03194635124197981
1788924349.6992586,0.03190398443575092
1788924349.7491264,0.03185693891915135
1788924349.7992918,0.03181304606787852
1788924349.84933,0.0317674021979266
1788924349.8990586,0.031720857340580264
1788924349.9491317,0.03167552446903347
1788924349.9990146,0.03162728233179014
1788924350.04913,0.0315808636978398
1788924350.0989985,0.031533310746239336
1788924350.1491604,0.031485442518530755
1788924350.1991801,0.031437647921688044
1788924350.2488332,0.0313900701252206
1788924350.298934,0.03375920368017936
1788924350.349128,0.03379106081370634
1788924350.3990967,0.033823038722584596
1788924350.4492953,0.0338549687102316
1788924350.4995492,0.033880106497674735
1788924350.5490239,0.03390885213777529
1788924350.5994475,0.033931355482431404
1788924350.6493068,0.033953309097335294
1788924350.699049,0.03397632886675893
1788924350.749133,0.03399565700415289
1788924350.799538,0.03401330432544388
1788924350.849494,0.03403442458251914
1788924350.8992498,0.034043797188098725
1788924350.948909,0.0340582826156695
1788924350.9991677,0.03406926546927925
1788924351.0490482,0.03407818112680737
1788924351.099273,0.034087703742532297
1788924351.1495335,0.034095138856810446
1788924351.1997547,0.03410171792773327
1788924351.24902,0.034102720954426735
1788924351.298878,0.03410665757217401
1788924351.349014,0.03410637517651228
1788924351.398948,0.034106273055644475
1788924351.4494267,0.03410645483360956
1788924351.4988713,0.03410372994906096
1788924351.549279,0.03409935456376726
1788924351.5991392,0.034092743180086905
1788924351.6492696,0.03408278575990576
1788924351.6992192,0.0340752968096784
1788924351.7492645,0.03407084451255332
1788924351.7992945,0.03405334832730319
1788924351.8489168,0.03404292338451062
1788924351.8993087,0.034028989544165916
1788924351.9492385,0.034012268779680596
1788924351.9992568,0.03399860755897928
1788924352.0494132,0.03398057716720276
1788924352.0988672,0.03396429311722908
1788924352.1491885,0.03393964959124618
1788924352.199044,0.03392562604518
1788924352.249316,0.033897920227363605
1788924352.2990136,0.03387413735154314
1788924352.3493147,0.0338500789406004
1788924352.399617,0.03382868062389589
1788924352.4492135,0.03380048119747839
1788924352.4990473,0.03377239457956569
1788924352.5491028,0.03374267319059823
1788924352.5989087,0.03371342215501237
1788924352.6493075,0.03368289059734259
1788924352.6990104,0.033655140647924506
1788924352.7492955,0.03361830727961171
1788924352.799187,0.0335905357205258
1788924352.8493066,0.0335494188410861
1788924352.8991165,0.033516373478324674
1788924352.9489307,0.03348014755869207
1788924352.9991174,0.03344580650527824
1788924353.0495512,0.03340304732649171
1788924353.0990176,0.033366004428820914
1788924353.1492856,0.03332521968311467
1788924353.199027,0.033286669353526095
1788924353.2490408,0.03324314915358747
1788924353.2991257,0.035597579568563395
1788924353.3491468,0.03565026956654506
1788924353.3992982,0.03568897512112819
1788924353.448947,0.03572997363263061
1788924353.4992888,0.03576670991371506
1788924353.5492485,0.035806555771742694
1788924353.5992236,0.03584038365053774
1788924353.6491976,0.035872963067429514
1788924353.6989648,0.03589871647398573
1788924353.7492895,0.03592724880117258
1788924353.7993052,0.03595179245107033
1788924353.8491156,0.03597795756821242
1788924353.899122,0.03599711381407198
1788924353.9493086,0.03601639115378996
1788924353.99927,0.036036096790354924
1788924354.0492997,0.03605444339510836
1788924354.0993004,0.03607252979636264
1788924354.149305,0.03607749635889524
1788924354.1992714,0.036088617674543175
1788924354.2491713,0.036095633645847724
1788924354.2992163,0.03610507295608236
1788924354.3488784,0.036107423995124545
1788924354.3993397,0.036108113918066335
1788924354.4492722,0.0361133657853712
1788924354.499279,0.036114915573475244
1788924354.5492353,0.03611169038138475
1788924354.5992684,0.03611175265130722
1788924354.6493285,0.03610428862058065
1788924354.6991878,0.03609710582622482
1788924354.749231,0.03608988125063635
1788924354.7991374,0.03607760454042188
1788924354.849183,0.036069623769901304
1788924354.899309,0.0360604755865314
1788924354.949229,0.036041338426797555
1788924354.9992275,0.0360286478412012
1788924355.0492907,0.03601163651180603
1788924355.0990474,0.0359916722693055
1788924355.1493165,0.03597025189407408
1788924355.1993144,0.035954748946194506
1788924355.2492232,0.03592912348893879
1788924355.2991173,0.0359112219105231
1788924355.3491504,0.03588087902436175
1788924355.3994403,0.03585625889424079
1788924355.449266,0.03582984736636105
1788924355.4992874,0.035803700035729795
1788924355.549291,0.035772203491996696
1788924355.5992916,0.03574851513626635
1788924355.64919,0.03571162697582163
1788924355.6992214,0.035677165158108905
1788924355.7492917,0.035641910097277955
1788924355.799283,0.03560745895937742
1788924355.8489523,0.03557378451165502
1788924355.8992379,0.035536198566188774
1788924355.9492083,0.03549785990019754
1788924355.999226,0.03545816839286091
1788924356.0495744,0.035427934200062496
1788924356.0988498,0.03537748179164574
1788924356.1491313,0.03533218445984508
1788924356.198985,0.03529815268197079
1788924356.2489104,0.03524604013565007
1788924356.2988212,0.04595729520563242
1788924356.349314,0.04601250769374856
1788924356.3990998,0.04606719169180291
1788924356.4492605,0.0461166275988426
1788924356.499002,0.04616676346206947
1788924356.5498774,0.04620588357565539
1788924356.5992675,0.046244833293872065
1788924356.6490433,0.04628230509459446
1788924356.698995,0.04632319827144723
1788924356.749299,0.046350077410304676
1788924356.7992792,0.046382428866843906
1788924356.8491404,0.046410020590448915
1788924356.8992875,0.046434195887818566
1788924356.9495144,0.04645437965580511
1788924356.9993098,0.04647747211118154
1788924357.0498216,0.046497293790865916
1788924357.0988955,0.04651727501012772
1788924357.1495519,0.04652104860068289
1788924357.1989558,0.04653193300548694
1788924357.2488534,0.04653613853555388
1788924357.2989037,0.046540146937743866
1788924357.3487508,0.046546083222980816
1788924357.3992472,0.04654848020981046
1788924357.449095,0.046554489560796546
1788924357.4997504,0.04654851171718865
1788924357.5492356,0.046547765986807994
1788924357.59958,0.046536217917582876
1788924357.649251,0.04652935578998164
1788924357.6995292,0.04651595124808733
1788924357.749017,0.04650230720153426
1788924357.799701,0.0464859089904539
1788924357.8493645,0.04647290195965465
1788924357.899165,0.046454882988782226
1788924357.9493618,0.04643153180286251
1788924357.9995427,0.04641656568936534
1788924358.049133,0.04638880900610611
1788924358.0989754,0.04636165118115529
1788924358.1490285,0.04633147667682845
1788924358.199616,0.04629823276916374
1788924358.2495866,0.046271970717191406
1788924358.2995327,0.04624099603107593
1788924358.3493397,0.046208657187840466
1788924358.3992934,0.046171535959198526
1788924358.449412,0.046132903237478325
1788924358.499552,0.04609336309882958
1788924358.5490134,0.046056334349392665
1788924358.5989535,0.04601193261124168
1788924358.6490214,0.04596807608791053
1788924358.6990075,0.045925390032374454
1788924358.7492993,0.045875747023024376
1788924358.799582,0.045830181578474724
1788924358.8498988,0.04578447024897769
1788924358.89903,0.045733617278221506
1788924358.9490561,0.045680345820433864
1788924358.9989011,0.04562829831422046
1788924359.0489693,0.04557245372276299
1788924359.099094,0.04551917946426496
1788924359.1490152,0.04546280331754561
1788924359.1988597,0.04540599575207294
1788924359.2488263,0.04534593596468891
1788924359.2988937,0.042319779218699415
1788924359.3490427,0.04238117511847109
1788924359.3994586,0.042424623806116606
1788924359.4491699,0.04248646968233755
1788924359.4990187,0.042519559279779004
1788924359.5496237,0.042568425617776594
1788924359.5990381,0.042610171009713045
1788924359.6489394,0.042638518359679405
1788924359.6990633,0.0426750116490449
1788924359.7491307,0.0427047977489903
1788924359.7992928,0.04273762108475005
1788924359.849249,0.042773201066222205
1788924359.8991284,0.04278739366811855
1788924359.9490314,0.0428114120950939
1788924359.9988136,0.042833625077424005
1788924360.0492916,0.04285739389839829
1788924360.0992568,0.04287028756288962
1788924360.1494079,0.042890910940675604
1788924360.1992302,0.04289817419774247
1788924360.2487988,0.04290172937253443
1788924360.299359,0.04290907394592733
1788924360.349309,0.042918169963511124
1788924360.3988237,0.042921331952188835
1788924360.4490106,0.04291897020595594
1788924360.4994972,0.042920365567836447
1788924360.5493026,0.042929489740063456
1788924360.599197,0.042913982917939145
1788924360.6492214,0.04291008833348474
1788924360.6989386,0.0429017354245789
1788924360.7490401,0.042891219591268924
1788924360.7989025,0.042875995247655785
1788924360.8489163,0.04286507041840913
1788924360.899565,0.042851111748065406
1788924360.949871,0.042834714368720286
1788924360.99938,0.04282377927800523
1788924361.049623,0.042790830904414746
1788924361.0990658,0.04276708149374662
1788924361.149297,0.0427424268949824
1788924361.1994238,0.04272010847261268
1788924361.249313,0.042692124843151893
1788924361.299803,0.04267526555374884
1788924361.3490262,0.04263487826297974
1788924361.3990982,0.04260395115105542
1788924361.4492977,0.04257133113176551
1788924361.499306,0.04254982025772424
1788924361.5495832,0.042503892997135535
1788924361.5991492,0.0424755310469982
1788924361.6493003,0.042430172065951406
1788924361.6997337,0.04238997241763226
1788924361.749561,0.04235398846344192
1788924361.7994227,0.042302550399848766
1788924361.8498363,0.04227956156407116
1788924361.8991287,0.04222592791408243
1788924361.9495292,0.042167469812708316
1788924361.999406,0.0421245034773826
1788924362.049287,0.04207698870583921
1788924362.1000154,0.04202932250949023
1788924362.1495163,0.041978269125845895
1788924362.1991134,0.04192318142590226
1788924362.2492235,0.0418820502174467
1788924362.2994132,0.0388525965281231
1788924362.3496797,0.03891033748134578
1788924362.3994303,0.03894603142492968
1788924362.449431,0.038994715725769895
1788924362.4994354,0.03903653021835681
1788924362.5492878,0.03907974145289103
1788924362.5989616,0.03911565585379624
1788924362.6497376,0.039149802758257427
1788924362.6996377,0.03918834445968888
1788924362.7495162,0.039216586838516795
1788924362.7992842,0.039247194731001925
1788924362.849618,0.039273879092887744
1788924362.8992438,0.03929717868495687
1788924362.9493046,0.03932496369130865
1788924362.9997494,0.0393447514518665
1788924363.0493152,0.0393574156876384
1788924363.0992794,0.03937332002744583
1788924363.1492972,0.03939730535419053
1788924363.199355,0.03940074919355928
1788924363.2488248,0.039421127109284436
1788924363.2989566,0.039420917144710146
1788924363.349023,0.03942747135240965
1788924363.3990335,0.03942939025768291
1788924363.449563,0.03943604607600969
1788924363.498876,0.03943271653024247
1788924363.549272,0.039434083461557794
1788924363.5992117,0.0394353475998806
1788924363.6492255,0.03942557163970546
1788924363.699012,0.03942634750024194
1788924363.74934,0.03941561670115377
1788924363.7993448,0.03940427843032895
1788924363.8489392,0.03939171640520391
1788924363.8992467,0.039380583970913687
1788924363.9492803,0.03936676862499403
1788924363.999418,0.039356913508213624
1788924364.0496356,0.03933876822735562
1788924364.0990093,0.03931939846430393
1788924364.1491148,0.039293780511671886
1788924364.1990027,0.03927037287990216
1788924364.2493436,0.03924872908360553
1788924364.2988863,0.039222326403627626
1788924364.3490086,0.0391988032006603
1788924364.3990064,0.039167998954124914
1788924364.4490175,0.03914024307476391
1788924364.4989884,0.039112539492963345
1788924364.5492442,0.039079874177959856
1788924364.5990725,0.039052205693688224
1788924364.6492321,0.03901417175725256
1788924364.6991162,0.03897778536202237
1788924364.7493274,0.03894074768379812
1788924364.7997453,0.038913290721101945
1788924364.8493826,0.03886877654048332
1788924364.8991923,0.038823714706375176
1788924364.9496443,0.03878308361792097
1788924364.9990168,0.038753728979708774
1788924365.0492823,0.03870739768530863
1788924365.0993278,0.03865572603184872
1788924365.1493518,0.038604732019196765
1788924365.1992712,0.03856394869113636
1788924365.2500265,0.038514046417599916
1788924365.2994215,0.035490182762518474
1788924365.3495893,0.035546682255860496
1788924365.399677,0.035583073500658376
1788924365.449617,0.03562847636668667
1788924365.4990838,0.035662645211943546
1788924365.5495775,0.03570389648063004
1788924365.5988789,0.0357461095294657
1788924365.6490524,0.03578703916414876
1788924365.6996562,0.035812796081941725
1788924365.749569,0.035836015009268814
1788924365.7993119,0.03587276219196443
1788924365.849767,0.03589652686527821
1788924365.899119,0.03591729049264379
1788924365.9495823,0.035944938019019136
1788924365.9989953,0.03596341721859377
1788924366.049031,0.03597692314432268
1788924366.099341,0.0359949396228739
1788924366.1490276,0.036010728963660664
1788924366.1991537,0.03602054533991439
1788924366.2490454,0.036033366870170384
1788924366.299033,0.03604326928550333
1788924366.3490012,0.03604771420810659
1788924366.3992414,0.036054468960807384
1788924366.4488745,0.03605492817045561
1788924366.498889,0.03605703709937223
1788924366.5496533,0.036059652102191087
1788924366.5991173,0.0360599090653181
1788924366.649006,0.036057891707771635
1788924366.698909,0.03605214811617797
1788924366.7492554,0.03604463858939985
1788924366.7988672,0.03604164822110689
1788924366.8490136,0.036027513115559254
1788924366.8998156,0.0468984644076732
1788924366.9492817,0.046586129960893015
1788924366.9993114,0.04627220091359888
1788924367.0498335,0.04596449026482591
1788924367.099451,0.04565887491984703
1788924367.1495852,0.04536299332801936
1788924367.1993146,0.04506807241917209
1788924367.248842,0.0447765067991879
1788924367.2995424,0.0444974343257691
1788924367.3497698,0.04421930081807487
1788924367.3993158,0.04394795721169589
1788924367.4492683,0.043672471654623346
1788924367.4990144,0.04340946245046691
1788924367.5491323,0.04314923252136575
1788924367.5996246,0.04290129440711815
1788924367.6489925,0.042644898893889185
1788924367.699125,0.04240624358812458
1788924367.7496526,0.04216360678772031
1788924367.799222,0.041923795630808676
1788924367.8491259,0.04169995338390666
1788924367.8991315,0.041461528197646404
1788924367.9493077,0.04123804963524964
1788924367.9992383,0.04101821005460237
1788924368.0492134,0.040805999842397064
1788924368.0992503,0.04058566231512691
1788924368.1494532,0.04037710298021899
1788924368.1996489,0.04018264935982188
1788924368.2493644,0.03996466611243141
1788924368.2993941,0.03718844797337316
1788924368.3488526,0.037044668101711996
1788924368.399923,0.03692232854677071
1788924368.449231,0.036803766459454136
1788924368.4994276,0.036682492372985195
1788924368.549064,0.036572906273840154
1788924368.5991242,0.03645710669472313
1788924368.6490178,0.03635401950047603
1788924368.69935,0.03624398753179173
1788924368.74927,0.036141247462720384
1788924368.7992284,0.03604741959004204
1788924368.8493955,0.0359572635368964
1788924368.8992739,0.03584823911704134
1788924368.9492974,0.03576358105051363
1788924368.9992902,0.0356753531379959
1788924369.049275,0.03559350123829748
1788924369.0997403,0.035509282435659255
1788924369.1494377,0.03542338885769278
1788924369.1990285,0.03535346154311968
1788924369.2492807,0.03527334473806093
1788924369.2996302,0.03519824432378519
1788924369.3493488,0.035137586868617406
1788924369.3995755,0.03506010876220151
1788924369.4495485,0.034989192938309883
1788924369.4990542,0.03492561331089498
1788924369.5490024,0.03486122161400145
1788924369.5990827,0.034798955193043456
1788924369.648946,0.034746820538420056
1788924369.7000473,0.03468029354622593
1788924369.7493682,0.034630376955795454
1788924369.799138,0.034578712332445374
1788924369.8493993,0.03452537645879603
1788924369.899293,0.0344753398883043
1788924369.9495378,0.03442870718452135
1788924369.9994125,0.03438039079376273
1788924370.0493662,0.03433463375519099
1788924370.0996046,0.034291247306440106
1788924370.149016,0.03424567338195416
1788924370.199682,0.03420575848074815
1788924370.2492313,0.03416736592226153
1788924370.2992349,0.0341331693194242
1788924370.3489993,0.03409073488265093
1788924370.399617,0.03405653405673886
1788924370.4490888,0.03402218143003714
1788924370.4994574,0.034004931135728764
1788924370.5489655,0.03396078728962067
1788924370.599009,0.03393458725947818
1788924370.6489322,0.03390393475393178
1788924370.6992748,0.03386920043755028
1788924370.7494538,0.03385334365811707
1788924370.7995856,0.033817102065626194
1788924370.849274,0.03379741410971464
1788924370.899716,0.03376630813081366
1788924370.9493372,0.03375013108470621
1788924370.9994354,0.033734782241932965
1788924371.0492928,0.03370087863640509
1788924371.0992084,0.03368028480201608
1788924371.1492782,0.033660277403826246
1788924371.1991975,0.033652758167076295
1788924371.2497158,0.033624866333732344
1788924371.2991197,0.03061880927116219
1788924371.3490117,0.030693278197602303
1788924371.3991296,0.03074835566810102
1788924371.4494004,0.030824566666180393
1788924371.4989994,0.030872939741111265
1788924371.5494304,0.03093567447018265
1788924371.5988142,0.030994537080777287
1788924371.6487951,0.03104720651039918
1788924371.6990278,0.0311007692206483
1788924371.7494338,0.031147379722098422
1788924371.7992194,0.03120406419517022
1788924371.8488631,0.03125442718983713
1788924371.8993244,0.03128797494941817
1788924371.9496849,0.03133998023520108
1788924371.9988303,0.03138077595848887
1788924372.049267,0.03142341771508767
1788924372.099217,0.0314556400975376
1788924372.1493244,0.03149234886877106
1788924372.1990726,0.03152119063792309
1788924372.2493,0.03155576630349495
1788924372.299523,0.03158771436681288
1788924372.3492157,0.03161645545019313
1788924372.3997247,0.03164772572029398
1788924372.449492,0.031674589348197384
1788924372.4987729,0.031694157242651746
1788924372.5492644,0.03171275226137578
1788924372.5991216,0.03174301686628098
1788924372.6490088,0.03175453664243823
1788924372.6997013,0.031777872871505575
1788924372.7489564,0.03179723716891955
1788924372.7996254,0.03180546553034525
1788924372.8499258,0.03182036002687892
1788924372.8991241,0.03183722273839157
1788924372.9490113,0.031849573448176426
1788924372.999517,0.031856869853368636
1788924373.0493813,0.03185869927211309
1788924373.0992222,0.03186811782952885
1788924373.1490057,0.031873609564094844
1788924373.1993933,0.03187405425063533
1788924373.2491958,0.031883189900284124
1788924373.2997441,0.03187979397738996
1788924373.34903,0.031881701395559355
1788924373.3996122,0.03187443421085312
1788924373.449638,0.03187687029551334
1788924373.4998467,0.031872832748928874
1788924373.549091,0.03186190852767836
1788924373.599838,0.031855574452297496
1788924373.6489985,0.03185068022289251
1788924373.6997693,0.03183794374809785
1788924373.7490046,0.03183520385753166
1788924373.7988544,0.03182225664523766
1788924373.8489919,0.03180935725347129
1788924373.899827,0.031786564648192246
1788924373.9491725,0.03178045884368848
1788924373.9995475,0.031758800900299394
1788924374.0490084,0.03174476728039148
1788924374.0992987,0.03172090369965269
1788924374.1489127,0.031700703934800005
1788924374.1998732,0.031686293368320885
1788924374.2492151,0.031665266766353846
1788924374.2992246,0.02865316786290532
1788924374.3490212,0.028701519715811075
1788924374.3996892,0.028748836511320455
1788924374.4490142,0.028801206628643765
1788924374.4990277,0.02883992631000929
1788924374.5494926,0.02888539446958949
1788924374.5993075,0.028925773837849816
1788924374.6502597,0.028963246593790817
1788924374.6995676,0.02899434201985611
1788924374.749026,0.02903089810376166
1788924374.7992342,0.029066808059019816
1788924374.8495817,0.029103168424463328
1788924374.899269,0.029123624362355924
1788924374.9499571,0.029168879696860606
1788924374.999279,0.029183607130543233
1788924375.0492692,0.029203536535416148
1788924375.0998714,0.04350993223708879
1788924375.1492445,0.04262868647498625
1788924375.1996217,0.04176704743332115
1788924375.2490225,0.04093192560342084
1788924375.2992203,0.04010346614605628
1788924375.3495429,0.03930639392428019
1788924375.3998723,0.03852746914017642
1788924375.449226,0.03777151670090005
1788924375.4992838,0.037036183312145365
1788924375.5490012,0.03632649613901359
1788924375.5993173,0.03563437645641447
1788924375.6493967,0.0349760991815451
1788924375.6990123,0.03432902532929529
1788924375.7489674,0.03371548519215556
1788924375.7991295,0.03312492721217061
1788924375.8492494,0.0325638206784357
1788924375.8995874,0.03202445580967589
1788924375.9492676,0.03150137718152877
1788924375.9992342,0.03101201372292416
1788924376.0492404,0.030553428890818517
1788924376.0989747,0.03011510296173201
1788924376.1489637,0.02970537932304928
1788924376.199038,0.029324219859877553
1788924376.2492445,0.028972173228909985
1788924376.299659,0.02864700372137902
1788924376.348998,0.02834611909958033
1788924376.3990126,0.02808343304215498
1788924376.4490902,0.027836994056513156
1788924376.499203,0.02762762766894415
1788924376.5495846,0.027443025901310886
1788924376.5990212,0.0272792305225973
1788924376.6493561,0.02714229743321363
1788924376.6992393,0.027030935729284673
1788924376.7489192,0.026955049689830993
1788924376.7993045,0.026900800923856744
1788924376.8490882,0.02687175118708529
1788924376.8989956,0.026862502502729937
1788924376.9491644,0.026885460034140413
1788924376.9996996,0.02692306608129706
1788924377.049424,0.02698495290811249
1788924377.0993216,0.027071326635192974
1788924377.1496365,0.027167907744558642
1788924377.199348,0.02729500573093093
1788924377.2492175,0.027423393370357384
1788924377.299097,0.024615599433867087
1788924377.3493347,0.024807432941635052
1788924377.3992918,0.02500145742293999
1788924377.449552,0.025187937928075745
1788924377.4994426,0.025376251999221677
1788924377.549233,0.02555995982954246
1788924377.5996342,0.02573076416385834
1788924377.6493726,0.02592500433384605
1788924377.699525,0.026083472330029646
1788924377.7492695,0.02625635004328362
1788924377.7993338,0.026430286891433414
1788924377.8494482,0.02660169582401085
1788924377.8996606,0.02675108153439977
1788924377.949207,0.02691516854967304
1788924377.9995756,0.02707650097621315
1788924378.0496972,0.02722444773650855
1788924378.0993888,0.027378025289501017
1788924378.14949,0.027527916836289083
1788924378.1996446,0.02767543401460806
1788924378.2497218,0.027812884070839778
1788924378.2991705,0.02794602947615062
1788924378.3491213,0.0280820028298224
1788924378.3992996,0.0282166100715242
1788924378.449439,0.028350555853420924
1788924378.4996784,0.02848075771195743
1788924378.5488498,0.028609679999216087
1788924378.5990067,0.028720724994072203
1788924378.6497214,0.028840643702674588
1788924378.6992247,0.028958957521001014
1788924378.7490327,0.029074897293317286
1788924378.7995632,0.029192468614801664
1788924378.849779,0.029297946258900632
1788924378.8992639,0.02939682945981655
1788924378.9497285,0.029504899578015022
1788924378.9994524,0.029616861180253428
1788924379.0490947,0.029706135641741453
1788924379.0997424,0.029799230137137204
1788924379.1489697,0.02989026246351226
1788924379.1997168,0.029988066615663417
1788924379.249759,0.03007983806499117
1788924379.2987504,0.03015863889294126
1788924379.3492174,0.030232604302401458
1788924379.399039,0.030319245496477732
1788924379.4493203,0.030393384040896382
1788924379.4990242,0.030475162250070614
1788924379.5490782,0.0305422263838447
1788924379.5992727,0.03061699718894706
1788924379.6493356,0.030688393598730265
1788924379.699239,0.03074699624855964
1788924379.7489033,0.030807365899250604
1788924379.799613,0.03087361740526295
1788924379.8491557,0.030923479782298265
1788924379.8994536,0.030980781061417873
1788924379.9490426,0.031032715515621086
1788924379.9990163,0.031091899248078012
1788924380.049279,0.05378935936832397
1788924380.0987787,0.05317432457728176
1788924380.1489854,0.052568690599996123
1788924380.1994455,0.051967503037517696
1788924380.2491412,0.05137719001551464
1788924380.2992308,0.0493602047832336
1788924380.3495166,0.048798008517880936
1788924380.3998048,0.048243537419024
1788924380.4498093,0.04770313714828911
1788924380.4993849,0.04715852969901176
1788924380.5495102,0.046628139991508784
1788924380.5997803,0.04610590591691996
1788924380.6491418,0.04558507161217967
1788924380.6995254,0.045082561505352274
1788924380.7493355,0.04458013295745881
1788924380.7992542,0.04408894190150045
1788924380.849244,0.043603425904937175
1788924380.8998032,0.0431227134202096
1788924380.9491923,0.04265487546041446
1788924380.9990785,0.042188132805321306
1788924381.049267,0.041733688309203806
1788924381.0990083,0.04128187026743996
1788924381.1495168,0.04083997936318336
1788924381.1998742,0.04040724022229494
1788924381.249224,0.03997706407672722
1788924381.2990491,0.03955721496144097
1788924381.349398,0.03913338243205133
1788924381.399828,0.038726102300217786
1788924381.4494169,0.03832568864363943
1788924381.499116,0.0379301635167185
1788924381.5492542,0.03752949186084339
1788924381.5989978,0.03714938194825755
1788924381.649383,0.03676493116175227
1788924381.6991985,0.036395092431578825
1788924381.7497756,0.0360264988291747
1788924381.7991414,0.035666214757193594
1788924381.8496573,0.035310455719888896
1788924381.8997543,0.034960076279091284
1788924381.94915,0.03461431588690638
1788924381.998794,0.03427509566628967
1788924382.0490904,0.03393902046114105
1788924382.099792,0.03361005381858043
1788924382.149423,0.03328831036043659
1788924382.1995022,0.032969462014423974
1788924382.2492867,0.03265115376197949
1788924382.2991269,0.032347764339871236
1788924382.349195,0.03204206913129896
1788924382.3990433,0.0317450708624372
1788924382.4494195,0.03144636486025234
1788924382.4995549,0.031170219301347488
1788924382.5492327,0.030877050520256813
1788924382.599317,0.030597750099120993
1788924382.649368,0.030315891246829953
1788924382.6988904,0.030045265631937542
1788924382.7497888,0.02978180384827884
1788924382.7991378,0.0295171154284492
1788924382.8491561,0.02925965437494592
1788924382.8992662,0.029009472137813436
1788924382.9491203,0.028765108420964865
1788924382.999006,0.028516873323453824
1788924383.048922,0.028270819833629147
1788924383.0990036,0.028033622880395705
1788924383.1493702,0.027800115801144682
1788924383.199118,0.027572419657008226
1788924383.2495382,0.027342157890273264
1788924383.2993646,0.024922267589074294
1788924383.349081,0.02471757628976904
1788924383.3990026,0.02451672223991118
1788924383.4490476,0.02432392497219522
1788924383.499063,0.02413596224178089
1788924383.5490324,0.023950894565063312
1788924383.599651,0.023768827874930232
1788924383.6494062,0.023590572906529945
1788924383.6995983,0.02341867089541848
1788924383.7491035,0.023244594324516848
1788924383.7993505,0.02308146630101726
1788924383.8491335,0.022912715625203403
1788924383.8990257,0.022750691683148954
1788924383.949028,0.022597243888816537
1788924383.9994318,0.02244239480552861
1788924384.0491872,0.022289209340567696
1788924384.099082,0.022140580139160173
1788924384.1491327,0.021990006443138144
1788924384.199217,0.021850697292694704
1788924384.249372,0.02171631584609562
1788924384.298996,0.021567879994603214
1788924384.349266,0.021431383181640444
1788924384.3990595,0.021304138814080716
1788924384.4492412,0.021169795021597736
1788924384.4991355,0.021041601048675782
1788924384.549006,0.020918725438570072
1788924384.598874,0.02079810674641193
1788924384.6491032,0.02067010814045799
1788924384.6992388,0.02055756160292413
1788924384.749056,0.020437054067405314
1788924384.7993913,0.020329948652915153
1788924384.8489995,0.020216571248506617
1788924384.8990915,0.020107624440339183
1788924384.9491427,0.01999995451580663
1788924384.9993484,0.01989919643288393
1788924385.048999,0.0197929702066048
1788924385.0993357,0.019692121183764937
1788924385.1489983,0.019591994817217125
1788924385.199308,0.01949195896450333
1788924385.2488942,0.019395044241899233
1788924385.2989168,0.019299123071226
1788924385.348931,0.019206324620140745
1788924385.3996868,0.01912109761735819
1788924385.449308,0.019031649869601205
1788924385.4991112,0.018940365244393728
1788924385.5496607,0.018857897570071648
1788924385.5992622,0.01877300380463933
1788924385.649187,0.018686972104234718
1788924385.699049,0.018607798879098303
1788924385.7489028,0.018525932023889954
1788924385.799706,0.01844750215049098
1788924385.8488128,0.018368089666340185
1788924385.8993,0.01829671011991681
1788924385.9495583,0.018215879539223157
1788924385.9995077,0.018139639385196138
1788924386.0489912,0.018074698949592703
1788924386.099029,0.018000149517885092
1788924386.149033,0.01792477377592455
1788924386.199108,0.01785840187659879
1788924386.2492623,0.017796582189067076
1788924386.2997766,0.014897706244404419
1788924386.349113,0.014864139172812893
1788924386.3989422,0.014826318437555266
1788924386.4489765,0.014787707479119184
1788924386.4994128,0.01475912567968865
1788924386.5492578,0.014723530142328033
1788924386.5988128,0.014692251370164404
1788924386.649281,0.014662015271832985
1788924386.6992226,0.014626878834166314
1788924386.74883,0.014593569982530115
1788924386.799218,0.014569858606690076
1788924386.8496094,0.014540816145442515
1788924386.8994837,0.014504318257022957
1788924386.9492674,0.014488373398857076
1788924386.9993064,0.014459356921296275
1788924387.0490656,0.014433199026958825
1788924387.0988731,0.014406434836063733
1788924387.1491735,0.014376338786474388
1788924387.1990638,0.014356575574102895
1788924387.2492173,0.014325982700512123
1788924387.2988837,0.01430827163292087
1788924387.3491516,0.014277888422874257
1788924387.3993404,0.014262172563835163
1788924387.4492803,0.014242346118320169
1788924387.4995384,0.014213717868495852
1788924387.5493832,0.014187336430174644
1788924387.5990248,0.014167004243244548
1788924387.6489942,0.014148238044360446
1788924387.699442,0.014117064998129073
1788924387.7489731,0.014106140347200336
1788924387.799016,0.014083388664286413
1788924387.8491151,0.014056110646402189
1788924387.899334,0.014038552861433289
1788924387.948883,0.01401184330123914
1788924387.9996176,0.014000109588440423
1788924388.0493467,0.013976638829335378
1788924388.0993018,0.013950418076958833
1788924388.1499684,0.013941138227381904
1788924388.1991804,0.013922943840485435
1788924388.2488601,0.013908608723142032
1788924388.298815,0.013869563404866692
1788924388.3490763,0.013848917632760215
1788924388.3991349,0.013829411466780583
1788924388.449138,0.0138152628231912
1788924388.4988072,0.013790758807258715
1788924388.5490363,0.013770232776573814
1788924388.5988264,0.013752731324188375
1788924388.6489327,0.013734186495062053
1788924388.6991,0.01371267443749848
1788924388.7492292,0.013692864235862957
1788924388.7989173,0.013672863898927795
1788924388.8493414,0.013652508952591387
1788924388.8993032,0.01363182417258838
1788924388.949052,0.013618934391200974
1788924388.998887,0.0135906460429589
1788924389.0492208,0.013569665278472157
1788924389.0994165,0.013552516513929221
1788924389.1489873,0.013532799523048703
1788924389.1992671,0.013510945125794052
1788924389.249304,0.013492153045162755
1788924389.2989697,0.010464816945218263
1788924389.3491166,0.010468710349329124
1788924389.3994198,0.010482897256311439
1788924389.4488149,0.010496526507982466
1788924389.5001457,0.0105165909814932
1788924389.54891,0.010514317074923098
1788924389.599714,0.010521713775022739
1788924389.649024,0.010537605998366645
1788924389.6990685,0.010546866900211421
1788924389.74964,0.010545518824456623
1788924389.799437,0.010558103683587112
1788924389.8494084,0.010567279893413684
1788924389.8993757,0.010567169395124953
1788924389.9493992,0.010578894928161322
1788924389.9989996,0.010590358895497904
1788924390.0492947,0.010589993179435635
1788924390.099426,0.010597835722283459
1788924390.1493025,0.010600880067522269
1788924390.1990478,0.010609914213272814
1788924390.2496169,0.010611727014370678
1788924390.299089,0.010611564919499508
1788924390.349229,0.010613635770872189
1788924390.3990664,0.01061741600974861
1788924390.4493973,0.010623630656657418
1788924390.4989774,0.01063199621562227
1788924390.5490174,0.010634920524661407
1788924390.5995033,0.0106300204763996
1788924390.6489213,0.010627720840729785
1788924390.6991448,0.010629357878213461
1788924390.749561,0.01063214751409961
1788924390.7990649,0.010638173221156498
1788924390.8490074,0.010645880603399636
1788924390.8996177,0.010631305517108404
1788924390.9492414,0.01062828615393261
1788924390.9990015,0.010637657139225322
1788924391.04932,0.01062644195618062
1788924391.0994363,0.010624188283106092
1788924391.1490042,0.010621665944484516
1788924391.199708,0.010619200320033679
1788924391.2492676,0.010622256972981085
1788924391.2990112,0.010612340827820683
1788924391.3488472,0.010608250435653546
1788924391.3993115,0.010602458045844951
1788924391.4489772,0.010600939779023502
1788924391.4989946,0.010594498790958112
1788924391.5491617,0.010589187373836136
1788924391.5988624,0.010591121347096378
1788924391.6488717,0.010577645234463468
1788924391.6993186,0.010569541104994902
1788924391.748882,0.010565317589454122
1788924391.7996275,0.010556274605881516
1788924391.8490138,0.010550487495354538
1788924391.8990085,0.01054062905790023
1788924391.949096,0.01053509224651703
1788924392.0000823,0.01052704153519496
1788924392.0493596,0.010528266296482
1788924392.0990484,0.010514254426631625
1788924392.1492922,0.010498093634038093
1788924392.1994255,0.010501260200490022
1788924392.2490819,0.01048112670045385
1788924392.29886,0.00751057682828154
1788924392.3491998,0.007532849527482111
1788924392.3991873,0.007538951513837461
1788924392.4493682,0.00756162520930912
1788924392.4991567,0.0075649814381562284
1788924392.5489166,0.00759437097346999
1788924392.5992167,0.007589725984906386
1788924392.6489265,0.007603298791794501
1788924392.6995971,0.007612550676132763
1788924392.7489855,0.007622171565274319
1788924392.7995918,0.007637088797843075
1788924392.8491938,0.007648544425456474
1788924392.8994176,0.0076518487228087635
1788924392.9491243,0.007666939852855571
1788924392.9990268,0.007685734312104071
1788924393.049261,0.007680203698177279
1788924393.0993576,0.007685474949818801
1788924393.1492705,0.007698526447208635
1788924393.199497,0.007700173179932601
1788924393.2492917,0.007707298727724784
1788924393.298873,0.007711143110868009
1788924393.3493361,0.007718898966064434
1788924393.3994591,0.007725082761893797
1788924393.449358,0.007731934335919493
1788924393.4996297,0.007740370599787968
1788924393.5488482,0.007741841468622278
1788924393.598818,0.007739870933614008
1788924393.6490097,0.0077400884442472935
1788924393.6988566,0.007751254846537535
1788924393.7493448,0.007745860036370625
1788924393.7992423,0.007757711278011563
1788924393.8492274,0.007752527302427357
1788924393.899098,0.007761620846721668
1788924393.9492261,0.007757716283108311
1788924393.9991589,0.007751773885532185
1788924394.0490608,0.0077499846064114945
1788924394.0992672,0.007761565283061435
1788924394.1490612,0.00775846868480471
1788924394.1995444,0.007756432139436291
1788924394.249284,0.007746131848797858
1788924394.2996922,0.0077456197743442125
1788924394.3493288,0.007743717382436542
1788924394.3993497,0.007746153049035627
1788924394.4491823,0.007743677160615511
1788924394.4996364,0.007749463187403522
1788924394.5492687,0.007734787331126831
1788924394.5992951,0.00773569481694503
1788924394.6490002,0.007724578958397469
1788924394.6992648,0.007723171720114923
1788924394.7491891,0.007716234190796963
1788924394.79924,0.007720231517479018
1788924394.8491268,0.007712529251096454
1788924394.899492,0.007710541890708746
1788924394.9493797,0.007710047451252516
1788924394.998992,0.0076981432455588365
1788924395.0492506,0.007686512786740504
1788924395.0990024,0.007680392599338703
1788924395.1490233,0.007673745621513955
1788924395.1991801,0.007672693157998031
1788924395.2489974,0.007661890568391891
1788924395.2996914,0.004857156604624765
1788924395.349291,0.004865356087052382
1788924395.3996253,0.004871759998913724
1788924395.449318,0.00488077165652997
1788924395.499265,0.0048955654927968
1788924395.5490644,0.004891465999498056
1788924395.5993593,0.0048991880688341915
1788924395.6491745,0.004904365106229251
1788924395.6995847,0.004909420869604773
1788924395.749077,0.004914515517411515
1788924395.7990222,0.00492280448748829
1788924395.8491492,0.004925261601874046
1788924395.8993034,0.0049328686087428434
1788924395.9494119,0.004938004013846461
1788924395.9991658,0.004947397228942581
1788924396.0492017,0.004945147352810184
1788924396.0994434,0.004951785808970807
1788924396.1491346,0.0049529483766594445
1788924396.1994088,0.004957671834573041
1788924396.2496047,0.004971223198907546
1788924396.2991357,0.004974697571211871
1788924396.3493478,0.0049693358927947505
1788924396.398972,0.004969084945190263
1788924396.449021,0.004963138138258907
1788924396.499439,0.004970333162741247
1788924396.549133,0.004968126206556566
1788924396.599648,0.00498348148959296
1788924396.6489375,0.004975190121086333
1788924396.6992862,0.004981074458374822
1788924396.7492106,0.0049695068564964626
1788924396.7994344,0.004970923722597603
1788924396.8491504,0.004970378055037002
1788924396.8995616,0.004974620112989912
1788924396.9492877,0.004966654077865089
1788924396.999614,0.004972190866900727
1788924397.049157,0.004967300896435308
1788924397.099383,0.0049712179386257145
1788924397.148993,0.004962833056305951
1788924397.1992955,0.00496213283907622
1788924397.2493036,0.004960001491877035
1788924397.2995594,0.004960717426944632
1788924397.3491619,0.004959663101364503
1788924397.3995547,0.00495599574981864
1788924397.4492755,0.00495322517775575
1788924397.4989638,0.00494454939866951
1788924397.549014,0.004945121811994078
1788924397.5990386,0.004941314230552356
1788924397.6492577,0.004945253044791895
1788924397.698985,0.004935617283147755
1788924397.749257,0.004929964986359457
1788924397.799493,0.004923923809455173
1788924397.8495035,0.004927975727525045
1788924397.8992217,0.004922364223494159
1788924397.9490278,0.00492131829845455
1788924397.9995077,0.0049140782147224366
1788924398.0489984,0.004906793973323412
1788924398.0995584,0.0048988364335633685
1788924398.1492496,0.004898850917923588
1788924398.1992497,0.004889138453467992
1788924398.2491431,0.0048848531247140765
1788924398.299063,0.002618409867820534
1788924398.349002,0.002617375640155947
1788924398.3993402,0.0026127431209603466
1788924398.4489276,0.0026167971603983163
1788924398.4991846,0.002614972802584805
1788924398.548997,0.0026145532127776826
1788924398.5992992,0.0026115323451315043
1788924398.6491256,0.0026071136806953923
1788924398.6989474,0.002607934075691017
1788924398.7490544,0.0026025440861799295
1788924398.7996745,0.0026042995197954892
1788924398.849689,0.002606927950152847
1788924398.8991158,0.002598690475893961
1788924398.949011,0.0025975336315574083
1788924398.9993567,0.002595524780386733
1788924399.049104,0.0025993467633597675
1788924399.098802,0.0025915312673717066
1788924399.1492248,0.002589686565875766
1788924399.1990263,0.002587641198893657
1788924399.2489595,0.0025847004986945246
1788924399.2999892,0.002584351417449387
1788924399.3493056,0.002579305027850347
1788924399.3990178,0.002582312367628949
1788924399.4489915,0.0025746042683260917
1788924399.4990053,0.0025725045162275388
1788924399.5489893,0.0025691467973685397
1788924399.598901,0.0025703098670295664
1788924399.6490846,0.0025638233119391497
1788924399.6992643,0.0025603103414275036
1788924399.7489069,0.0025583578428287203
1788924399.799232,0.0025525466862174316
1788924399.849154,0.0025575257782701434
1788924399.8993125,0.0025509959326142804
1788924399.9492247,0.0025465768450713857
1788924399.9991007,0.0025404352992935654
1788924400.0491102,0.00254092724353948
1788924400.0992804,0.002536636230751447
1788924400.149043,0.0025285206428490325
1788924400.199292,0.0025293630326334734
1788924400.249199,0.00252308123043701
1788924400.2992206,0.0025197711991853658
1788924400.3492196,0.0025189425155739647
1788924400.3992808,0.0025137525149733974
1788924400.44929,0.002510500038264095
1788924400.4993029,0.002507328511857513
1788924400.5493085,0.002499256190036633
1788924400.5990787,0.0024951990770470645
1788924400.6489067,0.0024900669306382847
1788924400.698959,0.0024908608158101826
1788924400.7492535,0.0024814134435273984
1788924400.7990322,0.0024813063004648305
1788924400.8492095,0.0024756652937212536
1788924400.899236,0.002479637496709572
1788924400.9493058,0.002468609089179081
1788924400.9991634,0.0024636626365518626
1788924401.0490243,0.002459217835222925
1788924401.0997536,0.0024558519690194396
1788924401.1490293,0.002448249604981479
1788924401.1992311,0.002445985394019365
1788924401.249128,0.0024391657494049605
1788924401.2992308,0.0026311388089098227
1788924401.3493161,0.0026307068336573285
1788924401.3990064,0.0026239829388028063
1788924401.4491324,0.0026250797155819663
1788924401.4990916,0.0026211944510424355
1788924401.5493217,0.002616693421759947
1788924401.5991607,0.0026142666052646675
1788924401.6491702,0.0026092914444006904
1788924401.699045,0.002604892014485241
1788924401.7491875,0.002605824524507209
1788924401.7992806,0.0026014641489791697
1788924401.8493497,0.002595701503266615
1788924401.8992682,0.0025926911271694233
1788924401.9490213,0.002583668276977937
1788924401.9990551,0.002582999235760918
1788924402.0491192,0.0025791526574428653
1788924402.0994163,0.002576314644749334
1788924402.1491196,0.002570982037273729
1788924402.1999516,0.0025688440920717892
1788924402.2490199,0.0025647185790021515
1788924402.2993953,0.0025592223307785164
1788924402.3490748,0.002555460999673296
1788924402.3991816,0.0025495883226818745
1788924402.4492934,0.0025367456488606323
1788924402.4998658,0.002542596343513441
1788924402.5489285,0.0025327747241227377
1788924402.599518,0.0025333916705814097
1788924402.6491706,0.0025253591602708565
1788924402.6988382,0.0025234996220496507
1788924402.7493043,0.0025198932461838195
1788924402.7990253,0.0025139808744950327
1788924402.8492785,0.0025092450980870764
1788924402.8992934,0.002501984429419321
1788924402.9492311,0.0024988914191141796
1788924402.9992619,0.0024875065645185886
1788924403.0489986,0.002479813469305578
1788924403.0990207,0.002485249539701429
1788924403.1490076,0.0024789083101800853
1788924403.1990535,0.0024742661787944373
1788924403.249235,0.002469192993457042
1788924403.29917,0.0024628411320296306
1788924403.3492815,0.0024495337436196752
1788924403.399184,0.0024508554604450805
1788924403.4492378,0.0024483642576113374
1788924403.4992032,0.0024406691392387706
1788924403.5488653,0.002437492791657206
1788924403.5992913,0.00243552604920297
1788924403.6492765,0.0024282622518950955
1788924403.6989985,0.0024230035732329667
1788924403.7488058,0.002419408891243148
1788924403.7988453,0.0024141977299145492
1788924403.8492897,0.002408941799492021
1788924403.8992867,0.0024043236767501987
1788924403.949235,0.002393290293807924
1788924403.9997113,0.0023896105685374484
1788924404.049028,0.002385433962634779
1788924404.0995107,0.0023772077236588573
1788924404.1491156,0.002376638884008981
1788924404.1991158,0.002369072983631184
1788924404.2490273,0.002360113777529469
1788924404.2991517,0.00495689754947157
1788924404.349271,0.004949761850581699
1788924404.399619,0.0049638199743686304
1788924404.4492826,0.004968097874503274
1788924404.4996195,0.004971667787098677
1788924404.5489917,0.004966504674461287
1788924404.5993755,0.004972115523326864
1788924404.649121,0.004973871062371675
1788924404.6989126,0.004962569627828694
1788924404.7492335,0.004977870401332833
1788924404.7988603,0.0049738086668416675
1788924404.8488429,0.004977532327004089
1788924404.8988595,0.0049796601356749915
1788924404.9491177,0.004973059300866834
1788924404.9990168,0.004975173937644658
1788924405.0488493,0.004979756081328858
1788924405.099023,0.004979443557884146
1788924405.1490955,0.004978439958607258
1788924405.1995544,0.004973277670971833
1788924405.2490041,0.004969079413396204
1788924405.2989666,0.004975138692395693
1788924405.3492908,0.004974983410475183
1788924405.3992963,0.004972998049463141
1788924405.4489274,0.0049706165715121585
1788924405.4991357,0.004968689819323117
1788924405.5488322,0.004964288375264266
1788924405.599332,0.004960136385475442
1788924405.6491168,0.0049570089604999605
1788924405.6998086,0.0049566406446540714
1788924405.7489982,0.00495788558010276
1788924405.7987921,0.004948420629058362
1788924405.8490956,0.00495159796920029
1788924405.8990903,0.004944305316220007
1788924405.9489236,0.00493732200617886
1788924405.9991152,0.004926793744188097
1788924406.048889,0.004930279478816238
1788924406.0997007,0.004931364349127245
1788924406.1487842,0.004915521287659933
1788924406.198993,0.004923718279379713
1788924406.24889,0.004918095487274899
1788924406.2989798,0.004909046644378851
1788924406.349119,0.0049090840495161665
1788924406.3990219,0.00489891686468805
1788924406.449289,0.00489255121447544
1788924406.4990978,0.0048911587227585904
1788924406.5491652,0.00487996166229569
1788924406.59903,0.004884068262703579
1788924406.6491795,0.004870899809306073
1788924406.6990917,0.004866732021196801
1788924406.7491274,0.004869052002922129
1788924406.7991452,0.0048586031553369555
1788924406.8490913,0.0048514372611848725
1788924406.8991184,0.004842098320164382
1788924406.9491398,0.00483726981973152
1788924406.9990845,0.004822033056672589
1788924407.0488362,0.004821213117097139
1788924407.098712,0.004825490041390562
1788924407.1489966,0.004815820052184698
1788924407.1993215,0.004803485974443939
1788924407.2492888,0.00479544425353682
1788924407.2993855,0.007743995530288874
1788924407.3491085,0.007753167348070774
1788924407.3992658,0.007764770320861033
1788924407.4493194,0.007773804071554025
1788924407.4992735,0.007781247583960728
1788924407.5493166,0.007787351219369641
1788924407.5992975,0.007795575201900278
1788924407.6489928,0.007800679376494621
1788924407.6992965,0.00780575677602414
1788924407.7490652,0.007811546171387888
1788924407.79933,0.007816882254926636
1788924407.8491304,0.007816346671918994
1788924407.8996606,0.007826044422610395
1788924407.949038,0.0078255964631169
1788924407.9989233,0.007826523140477363
1788924408.0490127,0.007828323344002224
1788924408.0991404,0.007830535124800916
1788924408.149126,0.007833213974812741
1788924408.1993477,0.007837494504053737
1788924408.2492452,0.007839473575948637
1788924408.2992501,0.007839301056556145
1788924408.3491113,0.007831181695905753
1788924408.3992376,0.007838464483842367
1788924408.449079,0.007842962779470034
1788924408.4991598,0.007837582911886689
1788924408.5491252,0.007841097747737145
1788924408.5989597,0.007820317858181852
1788924408.6492546,0.007841212457476954
1788924408.6993454,0.007828085016033845
1788924408.7491953,0.007834135126397173
1788924408.7989106,0.007828774530634477
1788924408.8490138,0.007826930232870238
1788924408.8993497,0.007825008824474563
1788924408.949173,0.007821532243021644
1788924408.9992735,0.007812486173486932
1788924409.0491874,0.00780577886418881
1788924409.099239,0.007804420306250556
1788924409.1493483,0.007793913423035254
1788924409.1992373,0.007785218001714967
1788924409.2493162,0.00778009897098123
1788924409.2992744,0.007784906335090651
1788924409.3493166,0.007785481309199542
1788924409.3990257,0.007775387982911909
1788924409.449283,0.007770739247782609
1788924409.4991279,0.007765018676509802
1788924409.5490422,0.00775593467069509
1788924409.5994027,0.007751353294108342
1788924409.6490219,0.007732687633024951
1788924409.6992629,0.007736742737505445
1788924409.7493498,0.007726700930947002
1788924409.7996125,0.007716578849970012
1788924409.849281,0.00770416077366627
1788924409.899905,0.007706162604185144
1788924409.9488287,0.007692519755413464
1788924410.0000436,0.007683276239217895
1788924410.0488994,0.0076748282403085845
1788924410.0992866,0.007669531717912915
1788924410.1490967,0.007660185279792256
1788924410.199416,0.007650339080146515
1788924410.2492778,0.007636113472803591
1788924410.2992198,0.010644264798415222
1788924410.3490179,0.010663263102432612
1788924410.399175,0.010670990804851165
1788924410.4488997,0.01068361102300424
1788924410.4992301,0.010691396613162398
1788924410.5491006,0.010708999907868373
1788924410.5998347,0.01072166192170651
1788924410.6490247,0.010727470471543257
1788924410.6992767,0.010730414905805629
1788924410.7493563,0.01075237489779125
1788924410.799077,0.010757084312102134
1788924410.8492365,0.010761941688015444
1788924410.8992689,0.01077361641216854
1788924410.9493406,0.010776433720412053
1788924410.9996092,0.010785426170353843
1788924411.0490441,0.010786073004999796
1788924411.099159,0.010791681568294772
1788924411.148964,0.010791433925575944
1788924411.1990273,0.010798319254806473
1788924411.2492123,0.010804102469505394
1788924411.29943,0.010807409834193746
1788924411.3493724,0.010807715149463977
1788924411.3999047,0.01080221921288767
1788924411.4491875,0.010806171596312454
1788924411.4990456,0.010807825908892855
1788924411.5491445,0.010811782581421918
1788924411.5991743,0.010805737914002229
1788924411.6490006,0.010805528804607506
1788924411.699331,0.010806464890867897
1788924411.7492983,0.010801105345360629
1788924411.7993085,0.010802786102707452
1788924411.8488204,0.010798853521609631
1788924411.8989983,0.010798308896094917
1788924411.9490669,0.010788514439296529
1788924411.9991143,0.010787681783681545
1788924412.0489287,0.010782136911249221
1788924412.0996566,0.010777734222268394
1788924412.1489701,0.01077475047963857
1788924412.1994553,0.010767329983075993
1788924412.2490249,0.010763017566567093
1788924412.299123,0.010748280311736693
1788924412.3489196,0.010743499800938224
1788924412.3994431,0.010735842165277919
1788924412.4490123,0.010731156080635443
1788924412.4990122,0.010719286493054106
1788924412.5490048,0.010710055157415486
1788924412.5993056,0.010698279778961893
1788924412.6488621,0.010697152396771414
1788924412.6993177,0.010683200330114316
1788924412.7492967,0.01067750477659332
1788924412.7994902,0.010667509001232651
1788924412.8491333,0.010655945568815378
1788924412.8991365,0.010642442062578207
1788924412.9492245,0.010631174360268014
1788924412.999298,0.0106152332325203
1788924413.0490086,0.010611681369358453
1788924413.0993593,0.010599901440831457
1788924413.1493278,0.010588803335840712
1788924413.199285,0.010575844190264883
1788924413.2492507,0.010562038157818542
1788924413.299031,0.013587382290519808
1788924413.3488305,0.013606532126968754
1788924413.399493,0.013623931821995987
1788924413.4497545,0.013639226161481457
1788924413.4992166,0.013651487948241354
1788924413.5488565,0.013667740143619125
1788924413.5998743,0.013685798283462346
1788924413.648923,0.013696468261339289
1788924413.6995337,0.01371341411337988
1788924413.7491968,0.013725747665783218
1788924413.79967,0.013735980509736472
1788924413.8490982,0.013738264039274044
1788924413.8988655,0.013756675289190386
1788924413.948829,0.01376458254249676
1788924413.998968,0.013772149391371348
1788924414.0487397,0.013777119710093025
1788924414.0991294,0.013785001206447678
1788924414.1490142,0.013790974200044546
1788924414.199017,0.013796301442902656
1788924414.248923,0.013792999116318589
1788924414.2990115,0.013804523513030303
1788924414.349034,0.013807525260584572
1788924414.399711,0.01380904415774536
1788924414.4489946,0.01380141790845917
1788924414.4990225,0.013812721371315518
1788924414.548999,0.01381203480390701
1788924414.5993516,0.013812942688626822
1788924414.6490483,0.013808007368184314
1788924414.6989088,0.01381041678307937
1788924414.7489135,0.013808365242899783
1788924414.799003,0.01380568445008716
1788924414.849003,0.013801874024316879
1788924414.898799,0.013798516786498008
1788924414.9490435,0.013794512458429508
1788924414.9989734,0.013785789023422328
1788924415.0493941,0.013782729679100209
1788924415.0990012,0.01377832917282122
1788924415.149036,0.013770829848158632
1788924415.1992402,0.013764436120745958
1788924415.249066,0.013757089773730694
1788924415.29933,0.013748405923305458
1788924415.3492687,0.01373931330205213
1788924415.3997903,0.013727702978529073
1788924415.449142,0.013721785085263255
1788924415.4989572,0.01370857176814799
1788924415.5496216,0.013701222048255015
1788924415.5995557,0.013692535698884368
1788924415.6492674,0.013679099880145318
1788924415.6992476,0.013669277322885191
1788924415.7491915,0.013654598597327582
1788924415.7988515,0.013642581606465653
1788924415.849296,0.013629346120198435
1788924415.899494,0.01361511701594078
1788924415.9491072,0.013600054177637178
1788924415.9992368,0.013587593086115714
1788924416.0490963,0.013572823070880006
1788924416.0989509,0.013557914507565848
1788924416.1493044,0.013542446960867621
1788924416.1990213,0.01351743014699295
1788924416.2490783,0.013510506637612623
1788924416.2989948,0.016539868564642447
1788924416.349238,0.01656282995635339
1788924416.3997886,0.01658039638796039
1788924416.449098,0.01660797474292347
1788924416.4989944,0.01662782956194989
1788924416.549019,0.016646743911739686
1788924416.5990083,0.016665397304089325
1788924416.6489644,0.016682354902594662
1788924416.6995976,0.016700124975966266
1788924416.749065,0.01671538009385688
1788924416.7989924,0.016728005329223007
1788924416.8490262,0.016741032236451084
1788924416.8996475,0.016753236646701728
1788924416.9492536,0.016764999399587147
1788924416.9990315,0.016775445370760908
1788924417.0491877,0.01678394744458424
1788924417.0990148,0.01678368927099404
1788924417.1488912,0.016799335899117068
1788924417.19884,0.01680721217887025
1788924417.248807,0.01681481508483375
1788924417.2988448,0.01681884215867268
1788924417.348882,0.016823019515548404
1788924417.3988419,0.01682554017159968
1788924417.4491236,0.01682869621537663
1788924417.499323,0.01682901122867691
1788924417.5490127,0.016830208574109207
1788924417.5989861,0.016828712831033737
1788924417.6488981,0.016825156838812364
1788924417.6989956,0.016829095569383765
1788924417.7489352,0.016826454071121502
1788924417.7989178,0.0168228649126167
1788924417.8489902,0.01681979732693976
1788924417.8987882,0.016815755050224403
1788924417.9490087,0.016812358386037573
1788924417.9989638,0.01680498761084592
1788924418.0493066,0.016795165175191914
1788924418.0992393,0.01679149802546384
1788924418.1490586,0.016784279265875432
1788924418.1989174,0.016778031369626547
1788924418.2490008,0.01676776237815621
1788924418.2991447,0.016756914310365786
1788924418.348964,0.016749186617147704
1788924418.3989878,0.016736244302799033
1788924418.4490354,0.01672539756899845
1788924418.4990752,0.016713565681337725
1788924418.5490525,0.016700394214879427
1788924418.5996125,0.01668779702271194
1788924418.6490169,0.0166740466787943
1788924418.699006,0.016659817274404416
1788924418.7489827,0.01664553508551507
1788924418.7992947,0.01663063239847791
1788924418.8487155,0.016614565117920137
1788924418.8990502,0.01659894948535985
1788924418.9491162,0.016581607160717354
1788924418.9988744,0.016565739871596725
1788924419.0490243,0.01654832254271881
1788924419.0991735,0.01652545105507544
1788924419.149001,0.016512007623493613
1788924419.1991398,0.01649125327296923
1788924419.2490237,0.016467017398334876
1788924419.299264,0.01950165604515866
1788924419.3489673,0.01953138887241865
1788924419.3989632,0.019560138324099863
1788924419.4492226,0.01958441188439952
1788924419.499275,0.01960902997545696
1788924419.5490026,0.01963079506190999
1788924419.5993507,0.019653486953478502
1788924419.649047,0.019672238093990706
1788924419.699257,0.019690958046189016
1788924419.7489853,0.019714103985595807
1788924419.799208,0.019730202351018678
1788924419.8492107,0.01974656871010576
1788924419.8992112,0.019760228248516244
1788924419.9491036,0.0197738134585003
1788924419.9991953,0.019783959259808945
1788924420.0490177,0.019793186127458475
1788924420.0991812,0.019802727981542964
1788924420.1490722,0.019817984116471357
1788924420.2005763,0.01982693741099638
1788924420.248833,0.019833096783657977
1788924420.2989638,0.019840237195393115
1788924420.3491805,0.019844598872309927
1788924420.3989727,0.019848736674527304
1788924420.4492722,0.019852066218621643
1788924420.499006,0.019853876737836427
1788924420.5486832,0.01985528932174784
1788924420.599219,0.019858062680646178
1788924420.6488132,0.019857027172932015
1788924420.6993103,0.019854366728778525
1788924420.749245,0.01984946255368975
1788924420.7990406,0.019846581407668522
1788924420.8492193,0.019844209253739767
1788924420.899274,0.019840543371985535
1788924420.9488454,0.019834540682527806
1788924420.9989963,0.019828810553358504
1788924421.0489938,0.019821217996073476
1788924421.0993335,0.019813145364529754
1788924421.1488307,0.0198042482447447
1788924421.1986806,0.019796005784252446
1788924421.2490106,0.019785339530707855
1788924421.2990057,0.019774105559301113
1788924421.3490968,0.019761625168643927
1788924421.3989692,0.01974925393691959
1788924421.4489627,0.019736749015047267
1788924421.4990053,0.019722534024743357
1788924421.5489793,0.019707082364945273
1788924421.5992143,0.019692856548891396
1788924421.6490545,0.019676963151347288
1788924421.6989515,0.019659644327734854
1788924421.749263,0.01964519592090832
1788924421.7993224,0.019627052502005346
1788924421.8491113,0.019608473828761876
1788924421.8995922,0.01958809550994366
1788924421.949224,0.019569189044154413
1788924421.99899,0.019548815308907577
1788924422.0490103,0.01952794171303362
1788924422.099019,0.019506972944219034
1788924422.1489563,0.019484206118904952
1788924422.1989934,0.01946291693724725
1788924422.2489057,0.01943891950544015
1788924422.2993488,0.022473937553578224
1788924422.3488286,0.02250029309329563
1788924422.3990433,0.02253688466979092
1788924422.449016,0.02256663455250152
1788924422.4988441,0.02259591272540137
1788924422.5492113,0.022622845698169653
1788924422.5990045,0.022647733929380427
1788924422.6489954,0.022671952260511077
1788924422.6988752,0.02269463291079933
1788924422.7489674,0.022716550823808315
1788924422.7989779,0.02273709831485392
1788924422.8490472,0.02275460138103241
1788924422.8989995,0.0227715297323072
1788924422.9492533,0.022787919182866188
1788924422.999021,0.022803751310873255
1788924423.048935,0.02281583747384665
1788924423.0990326,0.022828592661997493
1788924423.1489553,0.022839139418826034
1788924423.1992908,0.022849239800747108
1788924423.249132,0.022857769950507593
1788924423.298956,0.02286437605160194
1788924423.3492026,0.022871086299005902
1788924423.3990262,0.022877113870445727
1788924423.4490764,0.022880270608826497
1788924423.499507,0.022883005634907916
1788924423.548864,0.02288580282206123
1788924423.5989554,0.022887354783493626
1788924423.6490083,0.02288538464706294
1788924423.699079,0.022885119472249995
1788924423.7489758,0.022882750526345787
1788924423.798983,0.022878376264449312
1788924423.84907,0.022875068222009003
1788924423.8991113,0.02286874732686388
1788924423.9488096,0.02286249022769331
1788924423.999013,0.02285636922541769
1788924424.0489087,0.022846765844242854
1788924424.0988705,0.02283837832547636
1788924424.1488857,0.022828635367553425
1788924424.1990001,0.0228176614220472
1788924424.2489963,0.02280584557594383
1788924424.2991135,0.022790806015124884
1788924424.349023,0.02277949541688595
1788924424.3991306,0.022765901833494327
1788924424.4489627,0.0227508594142357
1788924424.4990025,0.022735041346107168
1788924424.549001,0.02271828884606316
1788924424.5990307,0.022701139173033683
1788924424.6490188,0.022683188966797215
1788924424.6990225,0.02266442399658778
1788924424.7488189,0.022644731926924653
1788924424.7991786,0.02262411079318717
1788924424.8492448,0.02260275559680731
1788924424.8987565,0.022582871092347412
1788924424.9491777,0.022559634763252893
1788924424.9990435,0.022531947203167355
1788924425.0489955,0.02251346019672508
1788924425.099002,0.022489181612358154
1788924425.1490378,0.022463290498401407
1788924425.1993084,0.022438782398274335
1788924425.2489638,0.022408877080859046
1788924425.2992544,0.025444243269313747
1788924425.3490267,0.025480899758109014
1788924425.39888,0.025517757142950268
1788924425.449273,0.0255518199208462
1788924425.4990482,0.025585318766532524
1788924425.5488641,0.025615247558226726
1788924425.5990145,0.025644427479417146
1788924425.6490922,0.02567282959181103
1788924425.698848,0.025697557000281306
1788924425.7492187,0.025723530289581246
1788924425.7990694,0.0257460559678131
1788924425.8492959,0.02576671260412663
1788924425.8989959,0.02578671104508068
1788924425.948807,0.025804811357832122
1788924425.9993105,0.02582170257465499
1788924426.0490508,0.025837542323321278
1788924426.0990498,0.02584900239896155
1788924426.1489134,0.025863634802192136
1788924426.1994011,0.025874314012872685
1788924426.2490523,0.02588384336177178
1788924426.2990446,0.02589225661181784
1788924426.3490021,0.025900615409299024
1788924426.3993328,0.025907009977880976
1788924426.448883,0.025911804155742187
1788924426.499307,0.025915168570271024
1788924426.5489213,0.025917486298597178
1788924426.5989892,0.02591791393508848
1788924426.6488647,0.025917975989867316
1788924426.700036,0.02591723118462258
1788924426.7491176,0.025913168480224524
1788924426.799533,0.02591144606722712
1788924426.8490124,0.025906663590701984
1788924426.8993518,0.025899918721260087
1788924426.9491248,0.025893551331915985
1788924426.9988756,0.02588371457914934
1788924427.0489893,0.02587693294590817
1788924427.0990927,0.025865574396182717
1788924427.1491194,0.025854844991356464
1788924427.1990435,0.02584274624533734
1788924427.249532,0.02582985630860719
1788924427.2990332,0.025815070825908525
1788924427.3491275,0.02580074597342363
1788924427.3990514,0.025784375116646868
1788924427.4491618,0.02576808710901065
1788924427.4990377,0.025750114944721247
1788924427.548982,0.025731699861121865
1788924427.5990622,0.025712450285018413
1788924427.6491694,0.02569132497342305
1788924427.6995344,0.02567062001537115
1788924427.7490885,0.025647206897921486
1788924427.799271,0.025625578896815344
1788924427.8490179,0.025599624114862538
1788924427.8990495,0.025577741020177527
1788924427.949049,0.02555228420869838
1788924427.9989696,0.02552643608073015
1788924428.0493026,0.025499575954482104
1788924428.099111,0.02547115849378081
1788924428.1488936,0.0254440807895978
1788924428.1988845,0.025416026337011573
1788924428.2490432,0.02538591622274984
1788924428.2994497,0.028417983357620604
1788924428.34907,0.028460772550520836
1788924428.3990238,0.02850074882715544
1788924428.449025,0.028539137265340766
1788924428.499453,0.028575778532803825
1788924428.549105,0.028610101992232705
1788924428.5989597,0.028643211127687345
1788924428.6490173,0.02867426821581341
1788924428.6993062,0.02870336231036487
1788924428.7489593,0.02873121187071335
1788924428.7989917,0.028756651574737665
1788924428.848841,0.028780605451723246
1788924428.898933,0.028803123586560134
1788924428.9490366,0.028823638274693232
1788924428.9990032,0.02884162775022055
1788924429.0490131,0.02885997468138214
1788924429.0993214,0.02887594234569103
1788924429.1492467,0.028890079404410615
1788924429.19923,0.028902377043200467
1788924429.2496276,0.02891367415183911
1788924429.2989585,0.028923680840770297
1788924429.348862,0.02893217642538966
1788924429.3989573,0.028939122083722537
1788924429.4489975,0.02894484627579079
1788924429.4989977,0.028948594092138378
1788924429.5488164,0.028951039107626097
1788924429.5989964,0.028952406901116324
1788924429.6493833,0.028952460368540833
1788924429.699054,0.02895105392935801
1788924429.7489674,0.028948360641724062
1788924429.7989674,0.028944792158691578
1788924429.8490353,0.028939175427221724
1788924429.8991663,0.028932864874227436
1788924429.948974,0.028925707612773098
1788924429.9989588,0.02891659542496952
1788924430.0489266,0.02890681536934455
1788924430.0990598,0.028895244013360896
1788924430.1488433,0.028883163049504883
1788924430.1989987,0.028869793377046357
1788924430.2490506,0.02885529071032808
1788924430.2999349,0.028840038850386128
1788924430.3490417,0.028822960201223765
1788924430.3990297,0.028805397354899575
1788924430.4490683,0.02878670992046391
1788924430.4990044,0.028766974889669113
1788924430.5489738,0.02874653764250834
1788924430.5992954,0.02872470692645848
1788924430.648907,0.028702089440902218
1788924430.6990147,0.028678050274454362
1788924430.748928,0.028653751033293533
1788924430.7989995,0.028628551917232577
1788924430.8492978,0.028601957576749246
1788924430.8992648,0.02857500102583252
1788924430.9490063,0.028546787314700908
1788924430.9989955,0.02851699996293938
1788924431.048998,0.028487815601318727
1788924431.0994313,0.028457265696053075
1788924431.1489527,0.028426157054864613
1788924431.1990323,0.028393690040056475
1788924431.2490149,0.02836054839494779
1788924431.2990115,0.03139294961019562
1788924431.3490763,0.03143989454275757
1788924431.3990173,0.03148500727924128
1788924431.4487872,0.03152728280680406
1788924431.4990053,0.03156786349452547
1788924431.5489676,0.03160638740747762
1788924431.5992854,0.03164281521104463
1788924431.6490083,0.03167718915587753
1788924431.6995227,0.03170977250430348
1788924431.748995,0.031740077899809656
1788924431.799141,0.03176868178897163
1788924431.8490536,0.03179547852275312
1788924431.89907,0.03182024391153952
1788924431.9490054,0.031843258516728555
1788924431.9995103,0.031864436526935276
1788924432.0490253,0.031884136450992785
1788924432.0992289,0.03190167633931238
1788924432.148794,0.03191759629470778
1788924432.1992238,0.03193155385312726
1788924432.2490757,0.03194426116270754
1788924432.2990098,0.031955233868625074
1788924432.3490553,0.03196440564081308
1788924432.399017,0.031972161370842495
1788924432.4488559,0.03197822248172271
1788924432.499063,0.03198266504679849
1788924432.5490396,0.0319858870769208
1788924432.599088,0.03198741269678421
1788924432.649094,0.0319874137029486
1788924432.6989949,0.0319861133536912
1788924432.7497184,0.03198331115421496
1788924432.7990117,0.03197900769470728
1788924432.8489957,0.031973422285276054
1788924432.8990076,0.031966550807512664
1788924432.9489124,0.03195814880118398
1788924432.9990275,0.03194858459400188
1788924433.0488505,0.03193770847166456
1788924433.098957,0.031925423474407216
1788924433.1490881,0.031912059855628186
1788924433.199219,0.03189735817354115
1788924433.2490122,0.031881359194688416
1788924433.2990034,0.031864347141330004
1788924433.348852,0.03184606702425243
1788924433.398975,0.03182658987170697
1788924433.4491,0.03180608813069097
1788924433.4989967,0.03178435185009934
1788924433.548969,0.031761546514332134
1788924433.5991871,0.03173765231502738
1788924433.6490264,0.03171272585354962
1788924433.6988819,0.03168671950159385
1788924433.7490041,0.03165962091609001
1788924433.7990282,0.03163158576165634
1788924433.8490508,0.03160260046619869
1788924433.8990512,0.031572655039164566
1788924433.9490285,0.03154163785795945
1788924433.9996312,0.031509722549133784
1788924434.0491328,0.031477078595220864
1788924434.0989892,0.03144311980416553
1788924434.1489449,0.031408456132875955
1788924434.1993215,0.031372910679724204
1788924434.248959,0.031336903833103516
1788924434.299037,0.03436863144602869
1788924434.3490446,0.03442022583808791
1788924434.399039,0.03446933177708754
1788924434.4490376,0.03451624145772193
1788924434.4989998,0.034560986415247706
1788924434.5490022,0.03460295378646163
1788924434.599006,0.034643390994327325
1788924434.6488786,0.034680948834860725
1788924434.6989067,0.034716221628004355
1788924434.7488682,0.03474959876673018
1788924434.7986944,0.034781315470140794
1788924434.8489897,0.03481072157597298
1788924434.8989627,0.03483826416460265
1788924434.9491587,0.03486359419312958
1788924434.9989827,0.034886689448881465
1788924435.0487342,0.03490830282184888
1788924435.099448,0.03492799522934055
1788924435.1489666,0.03494475567239282
1788924435.1988652,0.03496101147552147
1788924435.2488024,0.034974311956443856
1788924435.2988577,0.03498690746907534
1788924435.3490112,0.0349973116387966
1788924435.3990033,0.03500588717609176
1788924435.4490988,0.035012756072654166
1788924435.4994311,0.03501893289394332
1788924435.5490062,0.03502215355363497
1788924435.599225,0.03502395168987641
1788924435.6490765,0.03502434111721829
1788924435.699249,0.035021166152986685
1788924435.7488844,0.035018900618285956
1788924435.799423,0.03501549708878097
1788924435.849049,0.0350098456416761
1788924435.8994045,0.03500062748909438
1788924435.9488988,0.03499280900727141
1788924435.9990046,0.03498080853724664
1788924436.048996,0.034969307116343634
1788924436.0990226,0.034956054007571756
1788924436.1490073,0.03494137330619362
1788924436.1990001,0.03492506136336075
1788924436.2490027,0.03490810865004062
1788924436.2993786,0.034889706890884595
1788924436.3489714,0.034870441223834044
1788924436.398891,0.0348485588559804
1788924436.4489906,0.03482552345405174
1788924436.4990187,0.03480212987723362
1788924436.5489643,0.034777258172016025
1788924436.599028,0.03475148060064162
1788924436.6489303,0.0347235768634862
1788924436.6990855,0.034695717949334015
1788924436.7490506,0.03466561251701903
1788924436.7992823,0.03463550599417296
1788924436.8489053,0.03460378185317798
1788924436.898995,0.03457057390447166
1788924436.9488719,0.03453647362559472
1788924436.998869,0.03450202798993943
1788924437.048912,0.03446624643578135
1788924437.0990007,0.03442916549164022
1788924437.1490066,0.03439155701456242
1788924437.1991744,0.03435282505056604
1788924437.2490218,0.034312924800363326
1788924437.2993455,0.03734370498278921
1788924437.3491952,0.03740088223633904
1788924437.3990355,0.03745438716491015
1788924437.4490108,0.03750555584272228
1788924437.499212,0.037554344846646145
1788924437.5489025,0.03760018175229531
1788924437.5988874,0.03764333644177663
1788924437.648922,0.03768470782582358
1788924437.6989155,0.03772290960015407
1788924437.7489703,0.03775988869415238
1788924437.7991939,0.037794761910742734
1788924437.8490458,0.03782682050872682
1788924437.899057,0.037856628510923036
1788924437.9492652,0.037884267504152545
1788924437.9991934,0.03790969698299163
1788924438.0490167,0.0379319316590174
1788924438.0997179,0.03795340271245396
1788924438.1490927,0.03797278265899405
1788924438.1992705,0.037990799628568314
1788924438.248925,0.03800593090023781
1788924438.2990894,0.03802417005618356
1788924438.3490233,0.038030504189952165
1788924438.398994,0.03803966031630556
1788924438.4496427,0.038047181264070716
1788924438.499744,0.03805675674925123
1788924438.5490007,0.038056444842096554
1788924438.5989645,0.03805871111144417
1788924438.6489575,0.03805929494339795
1788924438.6997466,0.03805763922357526
1788924438.749243,0.038054609159089745
1788924438.7989902,0.038048504612352554
1788924438.8490427,0.03804322983931874
1788924438.899033,0.038035043469273576
1788924438.9497285,0.038025838608002425
1788924438.998996,0.03801910855600206
1788924439.0490377,0.03800046819089565
1788924439.098812,0.03798688744337412
1788924439.1490154,0.03797025546660627
1788924439.1992965,0.03795379688566892
1788924439.2491076,0.037935442410890516
1788924439.2996497,0.0379149029012932
1788924439.3490772,0.03789553574179088
1788924439.3989801,0.03787104559129836
1788924439.4496524,0.03784670406358847
1788924439.498837,0.03782431028651037
1788924439.5488591,0.0377935884227523
1788924439.5990093,0.0377645597975833
1788924439.6490538,0.037735633231020534
1788924439.6993153,0.037706452108805855
1788924439.7490022,0.0376771673010809
1788924439.7989948,0.03763928766356525
1788924439.8489935,0.0376053640800855
1788924439.8994093,0.0375695056525098
1788924439.948917,0.03753468621905075
1788924439.9988163,0.037495237591393754
1788924440.04899,0.037456543210699335
1788924440.0990176,0.03741603232087756
1788924440.1490345,0.0373751519913962
1788924440.1990073,0.037333035516791006
1788924440.2489972,0.03728954820110784
1788924440.2989967,0.040320520551099415
1788924440.3490152,0.04038141924587601
1788924440.3996675,0.04044153788822149
1788924440.449096,0.04049751036185819
1788924440.4991608,0.04054862012922569
1788924440.5489979,0.04059952395289991
1788924440.5992646,0.04064462067871686
1788924440.648969,0.04069145481384509
1788924440.6995494,0.040734061252120556
1788924440.7493641,0.04076910567943992
1788924440.7990026,0.04080776127259951
1788924440.8490283,0.040842329630229574
1788924440.8991125,0.04087565637917841
1788924440.9490569,0.040905978771257887
1788924440.9988856,0.040930507147557874
1788924441.0488853,0.04095737917619407
1788924441.099396,0.040979945777732785
1788924441.149035,0.04100174034252259
1788924441.1992908,0.04102137872455816
1788924441.2495382,0.04103791823335606
1788924441.299029,0.04105222145941428
1788924441.348906,0.04106330429598513
1788924441.3989596,0.04107320240220366
1788924441.4491253,0.04108159554156976
1788924441.4989972,0.04108899206044075
1788924441.548861,0.041092095679009344
1788924441.598695,0.04109360477101618
1788924441.6489289,0.0410945299610568
1788924441.6990187,0.04109316073687199
1788924441.749685,0.04108983195992778
1788924441.799003,0.04109257812255513
1788924441.8492975,0.04107802075957309
1788924441.8992367,0.04107201399359036
1788924441.949167,0.041060892169052274
1788924441.9995136,0.04104663434014082
1788924442.0490696,0.041032746159421485
1788924442.0989788,0.04101788600775842
1788924442.1488929,0.041000645683289316
1788924442.1991014,0.040981840988036984
1788924442.2488902,0.04096211079800763
1788924442.2990413,0.040940615638004704
1788924442.3490398,0.04092110402211
1788924442.39942,0.04089196826937342
1788924442.44975,0.040865465196493804
1788924442.4994528,0.04084088796324732
1788924442.549046,0.040809031428599
1788924442.5990264,0.04077872369608389
1788924442.6488369,0.040745493496329374
1788924442.6988761,0.040714057389925826
1788924442.748873,0.040679863473478906
1788924442.7990472,0.04064245052206923
1788924442.8487937,0.04060625498832593
1788924442.898865,0.040566397230341465
1788924442.948906,0.040526885451722054
1788924442.9987643,0.04048669293169719
1788924443.0489326,0.040444059476033266
1788924443.0989223,0.040401837047871814
1788924443.149132,0.04035687038799985
1788924443.1995602,0.04031277313625502
1788924443.2488606,0.04026614013058372
1788924443.2991862,0.04329774859411637
1788924443.3489952,0.0433603166878765
1788924443.399004,0.04342262630905861
1788924443.4491866,0.043484317198109274
1788924443.499151,0.04354066359242825
1788924443.5488412,0.04360021678590329
1788924443.5992055,0.043645907445281386
1788924443.6495354,0.043694997829440856
1788924443.6994226,0.04374333610329153
1788924443.7489579,0.04378180322982136
1788924443.798917,0.04381872227337295
1788924443.8490071,0.04385696520681491
1788924443.899437,0.043894625847455106
1788924443.9489086,0.043927273826932116
1788924443.9987981,0.043953908723484605
1788924444.048973,0.04398120358901457
1788924444.0990477,0.04400738012167782
1788924444.148958,0.044027929019618994
1788924444.199026,0.0440500636835925
1788924444.2489848,0.044067592398591815
1788924444.2992995,0.04408344793939758
1788924444.3489907,0.044100015145132856
1788924444.3992975,0.044107549232371444
1788924444.448855,0.04411628003299344
1788924444.4993024,0.04412314239140537
1788924444.5493035,0.04412638468034844
1788924444.5990937,0.04413411886784481
1788924444.649255,0.04413091391480815
1788924444.6992867,0.044133300869913
1788924444.7497256,0.0441339014979727
1788924444.7992089,0.04412791193189961
1788924444.8492208,0.044114360408842056
1788924444.8989234,0.044101229980007116
1788924444.9490578,0.04409189693190397
1788924444.99929,0.044084108394796644
1788924445.0491552,0.044066413513397865
1788924445.0992618,0.0440542184280361
1788924445.1488397,0.04403415424021466
1788924445.1991966,0.04400851154729731
1788924445.2490983,0.0439967602016525
1788924445.2990057,0.04396500828392802
1788924445.3490825,0.04394383676623337
1788924445.3993416,0.043912330504727766
1788924445.44898,0.04388973529417327
1788924445.4992974,0.04386075683729021
1788924445.5491593,0.04382465845573714
1788924445.5995317,0.043794250138634284
1788924445.649432,0.04376471398359696
1788924445.6990497,0.04372291783171321
1788924445.7490058,0.04368560269530272
1788924445.7988653,0.04364757652978776
1788924445.8495555,0.04360672675250978
1788924445.8990748,0.04356557634963161
1788924445.9491742,0.04352493061261669
1788924445.9995077,0.043482128325561205
1788924446.0490465,0.04343924024253566
1788924446.0988421,0.04338779445056975
1788924446.1490028,0.04334120915649292
1788924446.1989977,0.04329492950178362
1788924446.2488894,0.043243045965134036
1788924446.2990422,0.042950023226905915
1788924446.3491263,0.042272948647497026
1788924446.3991044,0.04160459044337581
1788924446.4489279,0.04094484208090314
1788924446.4993072,0.04029359830862192
1788924446.5490522,0.03965075514190228
1788924446.5993145,0.039016209847771356
1788924446.6489995,0.03838986092992438
1788924446.698851,0.03777160811391512
1788924446.7492437,0.0371613523325234
1788924446.798838,0.03655899571129789
1788924446.8492472,0.03596444155427214
1788924446.8993213,0.03537759432985106
1788924446.9490101,0.03479835965686696
1788924446.9990819,0.03422664429080169
1788924447.0490181,0.03366235611017495
1788924447.0993416,0.0331054041030943
1788924447.1490262,0.03255569835396681
1788924447.1990125,0.03201315003037008
1788924447.2491307,0.03147767137007985
1788924447.2992895,0.030949175668253587
1788924447.3488758,0.030427577264767296
1788924447.3992975,0.029912791531703963
1788924447.4491723,0.02940473486099197
1788924447.499205,0.02890332465219194
1788924447.5490534,0.028408479300429217
1788924447.5989723,0.02792011818447203
1788924447.6496542,0.02743816165495147
1788924447.6989717,0.026962531022723554
1788924447.7491622,0.026493148547370452
1788924447.799291,0.026029937425839787
1788924447.8490958,0.0255728217812201
1788924447.8989751,0.02512172665165128
1788924447.9493027,0.024676577979367623
1788924447.9990947,0.024237302599873205
1788924448.0490317,0.023803828231246535
1788924448.099023,0.023376083463574244
1788924448.1488786,0.022953997748511104
1788924448.1988733,0.0225375013889668
1788924448.2490375,0.02212652552891514
1788924448.298977,0.021721002143327506
1788924448.3488548,0.021320864028226184
1788924448.3988469,0.02092604479085851
1788924448.449025,0.02053647883998897
1788924448.499001,0.020152101376308577
1788924448.5490496,0.019772848382959812
1788924448.59901,0.01939865661617642
1788924448.6490016,0.019029463596036064
1788924448.6988575,0.01866520759732501
1788924448.7488825,0.01830582764051351
1788924448.7988625,0.017951263482840683
1788924448.8489156,0.017601455609507707
1788924448.8990278,0.017256345224977956
1788924448.9497323,0.016915874244383313
1788924448.9988961,0.01657998528503507
1788924449.0493557,0.016248621658039013
1788924449.0992525,0.01592172736001298
1788924449.148798,0.015599247064905713
1788924449.1989594,0.015281126115917441
1788924449.2490418,0.014967310517518866
1788924449.299435,0.014657746927570088
1788924449.3498964,0.014352382649536845
1788924449.3992715,0.014051165624803831
1788924449.4494274,0.013754044425084317
1788924449.4990592,0.013460968244925688
1788924449.5491376,0.013171886894308907
1788924449.5996594,0.012886750791342777
1788924449.6489577,0.012605510955051545
1788924449.6993294,0.01232811899825548
1788924449.7496526,0.012054527120543931
1788924449.799004,0.01178468810134078
1788924449.8491445,0.011518555293061323
1788924449.899605,0.0112560826143613
1788924449.9493845,0.010997224543477369
1788924449.9996367,0.010741936111659191
1788924450.0490384,0.010490172896693396
1788924450.0995898,0.010241891016519405
1788924450.1496649,0.009997047122938705
1788924450.1996584,0.009755598395416686
1788924450.249093,0.00951750253497919
1788924450.2996416,0.00928271775820501
1788924450.3495061,0.009051202791314513
1788924450.399284,0.0088229168643584
1788924450.448927,0.008597819705506663
1788924450.4992375,0.008375871535442041
1788924450.5490897,0.008157033061860632
1788924450.5994148,0.007941265474083678
1788924450.6495433,0.007728530437784598
1788924450.6990912,0.007518790089837992
1788924450.7490506,0.007312007033295895
1788924450.7992377,0.007108144332499743
1788924450.8490386,0.006907165508336977
1788924450.8990076,0.006709034533653005
1788924450.9490376,0.006513715828831054
1788924450.9991424,0.006321174257556356
1788924451.049459,0.006131375122781077
1788924451.099231,0.005944284162912966
1788924451.1494284,0.005759867548253053
1788924451.1988487,0.005578091877713284
1788924451.249292,0.005398924175851923
1788924451.2988527,0.005222331890270678
1788924451.3489997,0.005048282889429856
1788924451.399285,0.00487674546094584
1788924451.449234,0.004707688310454173
1788924451.4992216,0.004541080561136084
1788924451.5490644,0.004376891754032883
1788924451.5992858,0.004215091849299824
1788924451.6496253,0.004055651228590617
1788924451.6992157,0.0038985406988112647
1788924451.7496266,0.003743731497545986
1788924451.7991076,0.003591195300539023
1788924451.8492212,0.0034409042317261377
1788924451.8994184,0.003292830876451909
1788924451.949524,0.003146948298703374
1788924451.9991257,0.0030032300634500356
1788924452.0496738,0.0028616502655391383
1788924452.0993316,0.0027221835670866233
1788924452.149535,0.002584805245999659
1788924452.199216,0.0024494912592430713
1788924452.249036,0.0023162183258786887
1788924452.2990303,0.0021849640369679974
1788924452.3490176,0.002055707002494582
1788924452.3992267,0.001928427050104989
1788924452.4496927,0.0018031054976296482
1788924452.4990125,0.0016797255326566857
1788924452.5492218,0.0015582727507218238
1788924452.599024,0.001438735934081904
1788924452.6492825,0.0013211082051382353
1788924452.699378,0.001205388780961501
1788924452.7490911,0.0010915857257270466
1788924452.7990413,0.000979720426340383
1788924452.849451,0.000869835183418504
1788924452.8992755,0.0007620067478359312
1788924452.9497147,0.0006563719623806903
1788924452.9989352,0.0005531800570892446
1788924453.0490754,0.0004529095406404972
1788924453.0989647,0.000356561177118535
1788924453.1495173,0.00026650170059136665
1788924453.1992269,0.00018923506339810472
1788924453.2495947,0.00014334822820668942
1788924453.2992823,0.0001559578220806936
1788924453.3490553,0.00021504739782968952
1788924453.3992994,0.00029233269819147856
1788924453.449016,0.00037567557467719587
1788924453.499121,0.000460938347097234
1788924453.549026,0.0005465149924076459
1788924453.5995193,0.0006316846951303753
1788924453.6496053,0.0007160865737842328
1788924453.6998417,0.0007995257060929381
1788924453.7494502,0.0008818915913133246
1788924453.7992456,0.0009631201092590834
1788924453.8490229,0.001043174227538689
1788924453.8992536,0.001122033532311302
1788924453.9495704,0.0011996882218960076
1788924453.9990473,0.0012761354968057223
1788924454.0489771,0.0013513773030290797
1788924454.0992408,0.001425418872975092
1788924454.1490252,0.0014982677542913314
1788924454.19923,0.0015699331468302445
1788924454.2490783,0.0016404254398148118
1788924454.2992516,0.0017097558823579199
1788924454.3489912,0.0017779363448057518
1788924454.399281,0.0018449791431812195
1788924454.4490201,0.0019108969082618362
1788924454.4992921,0.0019757024867452407
1788924454.5490687,0.0020394088658257973
1788924454.5992272,0.002102029115083943
1788924454.6490204,0.002163576341336656
1788924454.699279,0.0022240636533018454
1788924454.749778,0.002283504133772419
1788924454.7989757,0.0023419108175906523
1788924454.8487387,0.002399296674144196
1788924454.899303,0.0024556745934154883
1788924454.9490035,0.0025110573748442617
1788924454.9993343,0.0025654577184344497
1788924455.0488627,0.0026188882176625683
1788924455.099225,0.0026713613538401812
1788924455.1488109,0.002722889491658471
1788924455.1992755,0.0027734848756970775
1788924455.248867,0.002823159627724823
1788924455.299298,0.002871925744651862
1788924455.349653,0.002919795097021104
1788924455.3993704,0.0029667794279481957
1788924455.449142,0.0030128903524336897
1788924455.499186,0.003058139356987517
1788924455.54928,0.003102537799513623
1788924455.5991194,0.0031460969094142164
1788924455.6487758,0.00318882778787823
1788924455.6995397,0.003230741408324204
1788924455.7487602,0.003271848616973729
1788924455.7992156,0.0033121601335356827
1788924455.8494966,0.003351686551982077
1788924455.8992817,0.003390438341402684
