edge_index,source_id,target_id,feasible,rejection_reason,min_clearance,peak_input,max_speed,terminal_position_error,terminal_speed,stage_cost
0,,g02_t00_001,False,clearance,-4.2237524006612315,0.0502577774514419,1.1702515486416498,2.4868995751603507e-14,8.892890325501651e-17,526.0716043032547
1,,g02_t00_056,True,,9.218807393255206,0.028130050257647095,0.655203861703391,1.7130564986077266e-14,2.0031549865518978e-16,10.758430406312254
2,,g02_t00_021,True,,7.4987047976812535,0.042158986933876735,0.9798241895536093,2.1972320632906738e-14,4.302673772251657e-16,16.10674380011359
3,,g02_t01_000,False,clearance;input,-5.00894811498849,0.07853568189445313,1.8286121322528224,3.972054645195637e-14,6.271547200591599e-16,631.1182521061105
4,,g02_t01_053,False,clearance;speed;input,-5.738151333206844,0.09467593195953261,2.204512512886263,9.532931148469529e-14,1.1482768778374453e-15,724.7906916901242
5,,g02_t01_026,False,clearance;input,-5.712269404226277,0.08356837401086896,1.9458379656464095,4.144627757622305e-14,9.474973238576156e-16,717.4402578576244
6,,g02_t02_000,True,,11.707281121984296,0.059101168871930086,1.3711966390366075,7.553172887309252e-14,4.830511875822955e-16,22.554668213714265
7,,g02_t02_059,True,,3.203892739546718,0.05035232390206728,1.1696347068946182,4.6398291028314195e-14,2.118352371637509e-16,19.23383009809689
8,,g02_t02_043,False,input,0.0350806730854929,0.06127126427504963,1.4251744214272104,6.712654832942343e-14,4.098649038392732e-16,23.419537955028822
9,,g02_t03_001,False,clearance,-3.98505164736352,0.04483054611209138,1.0419537254837241,8.20207644424556e-14,1.0119372270208726e-15,495.33761913609203
10,,g02_t03_004,True,,5.548059574603156,0.03674719920576886,0.8534324993810285,5.2032399778585194e-14,4.869600850199926e-16,14.033040834978367
11,,g02_t03_038,True,,6.325853088722215,0.027320472712536948,0.6339328158437866,3.5214902285927624e-14,2.8032294054632296e-16,10.428280833656071
12,,g02_t04_000,True,,24.199755340469753,0.020548470737184424,0.4754377546573012,2.9417348844303596e-14,8.578637928887015e-17,7.828606280046455
13,,g02_t04_011,True,,24.382037943308198,0.017997520680770283,0.41864184842997954,1.0658141036401503e-14,9.781690987503724e-17,6.879877999225192
14,,g02_t04_035,True,,24.002418167792488,0.03198755413011418,0.7410203994774603,8.702335715267317e-15,1.372516020618253e-16,12.19691684273381
15,,g02_t05_007,False,clearance,-4.0562681421596105,0.04436799118833964,1.032568736117814,1.0658141036401503e-14,5.586671500545776e-16,503.71556194291725
16,,g02_t05_034,True,,13.966499914177358,0.03690563246968994,0.8596101853976366,1.9140000230241678e-14,6.606026893580043e-16,14.111546296824855
17,,g02_t05_058,False,clearance,-4.317097710831486,0.05354947683129168,1.247002792525596,2.886238236725078e-14,6.745018911114148e-16,538.5297777247133
18,,g02_t06_000,False,clearance,-3.789030574600889,0.054219447476125816,1.2621587861284445,2.0485946440854968e-14,3.19264533430656e-16,475.42350298346065
19,,g02_t06_024,False,clearance,-1.438623462233138,0.055102914150522736,1.2817226517289884,2.7974095480984613e-14,3.240591604680419e-16,193.70678841868508
20,,g02_t06_001,False,clearance,-3.1276237568227265,0.05747648208406893,1.3380897326663779,4.2863236558381085e-14,1.885030701976615e-16,397.3042581476525
21,,g02_t07_000,True,,1.7959825485775014,0.042921637861138805,0.9951739019001037,3.6404482152219934e-14,1.9567803838665374e-16,16.37617095992342
22,,g02_t07_003,False,clearance,-4.692927492004506,0.05441084379939805,1.264761743393221,5.73838185695132e-14,3.1217311733394683e-16,583.9451781011957
23,,g02_t07_018,True,,8.97126666492109,0.04416055608455615,1.0246719760592948,5.859285502108464e-14,3.841541122891592e-16,16.859438725159706
24,,g02_t08_000,False,clearance;input,-4.286133150535577,0.07045923104584423,1.6403242899780817,2.2948070900221695e-14,5.421225963871015e-16,541.2894961739696
25,,g02_t08_058,False,clearance;input,-4.2042511697522675,0.060299235512173234,1.4033465845683932,1.9131948672901813e-14,8.746860410500613e-16,527.5771427875948
26,,g02_t08_038,False,clearance,-4.350516304617477,0.05499723044793652,1.280264467161419,2.864289338439558e-14,5.790547498447947e-16,543.1018323230203
27,,g02_t09_000,False,clearance;input,-3.401175679183295,0.061330483520784095,1.4273493126130201,2.161031364628563e-14,1.6711069443220838e-16,431.59931515764055
28,,g02_t10_000,True,,4.231862649895539,0.042213176354642425,0.9799339484100671,4.500458532312671e-14,6.077773962014973e-16,16.12021916320034
29,,g02_t11_000,False,clearance;input,-2.4534360931300983,0.06281200316823812,1.4620445037444747,3.03543989777123e-14,5.716907481869143e-16,318.44150764395977
30,,g02_t12_000,True,,2.00987852461877,0.05281971586382095,1.229705664397684,2.3364326363345898e-14,4.241815708566056e-16,20.202326272168232
31,,g02_t13_000,False,clearance,-2.3122881156006714,0.04468490211048837,1.0382307836873192,2.2539441496237913e-14,1.7534442107697455e-16,294.55000195698807
32,,g02_t14_000,False,input,3.5076832747842954,0.06275374728554557,1.4601476271891716,4.8841738066824975e-14,7.049041960805077e-16,23.99360437191949
33,g02_t00_001,g02_t00_056,False,clearance,-3.603523186641953,0.023067750462644792,0.5368749196305538,1.1783018260144473e-14,2.8838179972229753e-16,441.2434085053876
34,g02_t00_001,g02_t00_021,True,,5.076243332340786,0.01632443395951811,0.37806816305395796,1.1374233532693354e-14,2.1978337156769243e-16,6.210541278110693
35,g02_t00_001,g02_t01_000,True,,4.87661221649195,0.053332608277133396,1.2411976368312523,1.0658141036401503e-14,1.7510613605507073e-16,20.40331979006311
36,g02_t00_001,g02_t01_053,False,input,4.7060190939907445,0.06443978158168526,1.4990758840449265,2.4613922385709617e-14,2.804892836245595e-16,24.64003932357403
37,g02_t00_001,g02_t01_026,False,input,4.549424979973307,0.06330285358069661,1.4726192202988186,2.4521607308753564e-14,3.2987837733819733e-16,24.209542098063086
38,g02_t00_001,g02_t02_000,True,,5.066722031527112,0.028104592623016792,0.6479393138640438,3.117493601007525e-14,1.2398116134574891e-16,10.66554193973623
39,g02_t00_001,g02_t02_059,True,,5.049405172534149,0.028396031849014295,0.6588075827099195,3.03543989777123e-14,2.233418580553798e-16,10.829569573448467
40,g02_t00_001,g02_t02_043,True,,5.113921508306179,0.014593818162596138,0.33608146752392826,3.197442310920451e-14,1.6230560840763224e-16,5.53491502496194
41,g02_t00_001,g02_t03_001,False,clearance;input,-4.9487201721087,0.06525764498243711,1.5167157041461568,5.51815466814143e-14,6.680104550937227e-16,618.7850679832842
42,g02_t00_001,g02_t03_004,False,clearance,-3.1654667006307013,0.05334959139831909,1.2384040659202247,8.8234167268843e-14,8.230124916676483e-16,400.23154473459124
43,g02_t00_001,g02_t03_038,False,clearance,-4.575153131919519,0.05889414691648499,1.3689713234258298,6.168845116215968e-14,6.497784176611992e-16,571.5245789416769
44,g02_t00_001,g02_t04_000,False,clearance,-2.9330807484039854,0.058353029541993715,1.356248868192045,2.864289338439558e-14,8.226101889854075e-16,374.26796338161205
45,g02_t00_001,g02_t04_011,False,clearance;input,-4.840889955157951,0.0676080375520221,1.5739741915635135,2.9564469942565876e-14,2.38182018474016e-16,606.7614623085034
46,g02_t00_001,g02_t04_035,False,clearance;input,-4.761803632154182,0.07511879853285693,1.7463264202992443,5.706503147070311e-14,7.072227418270464e-16,600.1228987903565
47,g02_t00_001,g02_t05_007,True,,4.396479162561108,0.0075804523995564145,0.1750320269091657,1.3293037379376718e-14,4.9918533077877177e-17,2.8731643946765324
48,g02_t00_001,g02_t05_034,False,clearance,-3.574199293625541,0.022921347985910608,0.5314754569937433,3.098457231678326e-14,3.614599312066376e-16,437.651933027108
49,g02_t00_001,g02_t05_058,True,,4.05401279568248,0.009620279048259102,0.2218309886076562,1.432144669219779e-14,3.069039122309917e-17,3.6514341460458937
50,g02_t00_001,g02_t06_000,False,clearance;input,-4.73081586968949,0.07960853063664002,1.8545606412930176,3.275440170573378e-14,6.11292530184799e-16,598.1505878129124
51,g02_t00_001,g02_t06_024,False,input,3.696145231682757,0.06294852853577637,1.4659253581326217,3.1225503660520366e-14,3.5208049549948316e-16,24.07798857550267
52,g02_t00_001,g02_t06_001,False,clearance;input,-4.521925361247023,0.0758610625250014,1.7665191811825012,1.589442370446406e-14,3.7470027081099033e-16,571.6491255936111
53,g02_t00_001,g02_t07_000,False,input,4.799420180606532,0.06637213333459754,1.5453508506705145,2.774758085844075e-14,3.779985939322608e-16,25.371550771945394
54,g02_t00_001,g02_t07_003,False,input,4.726896815815542,0.08096166384069454,1.8860445077975614,4.5723939179186944e-14,2.886112785300463e-16,30.964329299898367
55,g02_t00_001,g02_t07_018,True,,4.858890038575343,0.05926781926883713,1.3797832119190083,4.1895292266754166e-14,7.996604840713163e-16,22.656124259495208
56,g02_t00_001,g02_t08_000,False,clearance;speed;input,-4.3433333443886255,0.0913289082141506,2.1269249860560913,2.714762053482276e-14,5.782226546457897e-16,556.1344537095135
57,g02_t00_001,g02_t08_058,False,input,1.4308353940576386,0.06938717738994211,1.6160079481054945,3.5704330589399866e-14,5.621039445146053e-16,26.545033554387125
58,g02_t00_001,g02_t08_038,False,clearance;input,-3.784105372678357,0.07689052892957492,1.7912665472583587,1.0658141036401503e-14,3.8384064498906774e-16,483.5077039164099
59,g02_t00_001,g02_t09_000,True,,4.936261948264133,0.04412098430217451,1.0268605497619514,1.0048591735576161e-14,1.670635584719597e-16,16.87750950537999
60,g02_t00_001,g02_t10_000,False,input,4.817323824373434,0.06346657772789885,1.4781014973260356,1.5892636344032718e-14,4.2144856046866837e-16,24.267337959418374
61,g02_t00_001,g02_t11_000,False,clearance;input,-0.3262950146437351,0.0824675938801468,1.9212899821914222,6.473352399285872e-14,6.485501286733295e-16,70.70612452945758
62,g02_t00_001,g02_t12_000,False,clearance,-4.26401871384326,0.046249383988269985,1.0738042926292644,4.266955553143359e-14,3.908174531057438e-16,529.3547549964237
63,g02_t00_001,g02_t13_000,True,,3.412268355588487,0.054729988425541484,1.2743826089237809,4.1583447479068616e-14,8.224272590745015e-16,20.927714532623426
64,g02_t00_001,g02_t14_000,True,,5.082328452360574,0.021514032815651313,0.49916698412945726,3.337471495267141e-14,1.8860082443294432e-16,8.212631381170798
65,g02_t00_056,g02_t00_001,False,clearance,-3.582045510650223,0.023071111127825936,0.5368749529820069,2.864289338439558e-14,2.944741002975224e-16,438.6686953633389
66,g02_t00_056,g02_t00_021,False,clearance,-2.1955168905858415,0.02146907365470655,0.4969203432791373,1.464821375527116e-14,2.573069200465649e-16,271.64188346661115
67,g02_t00_056,g02_t01_000,False,clearance;input,-4.825027779719608,0.063809208259266,1.4853869651829368,7.105427357601002e-15,2.082824332422744e-16,603.415807625672
68,g02_t00_056,g02_t01_053,False,clearance;input,-5.350932913688542,0.07736169773971098,1.8006908174918321,2.1972320632906738e-14,3.526270853182424e-16,671.6998315821522
69,g02_t00_056,g02_t01_026,False,clearance;input,-5.274256545507409,0.07102617518277565,1.6531796966829773,2.7836282513175837e-14,4.746553405439039e-16,660.0797595968958
70,g02_t00_056,g02_t02_000,False,clearance,-2.957374646756746,0.039441255143613387,0.9119481732362598,4.3800795900274466e-14,5.177532070397406e-16,369.90118627564055
71,g02_t00_056,g02_t02_059,False,clearance,-0.6044548390240583,0.03528379650013336,0.818328266726122,2.1683198553528097e-14,2.1943094886899178e-16,85.99885963894381
72,g02_t00_056,g02_t02_043,False,clearance,-3.9767160981160368,0.0357773579465972,0.8306079628536297,8.881784197001252e-15,3.648697129192387e-16,490.8660243311192
73,g02_t00_056,g02_t03_001,False,clearance,-2.331843369582056,0.052555838601330576,1.2214186965992302,5.789533648130978e-14,6.4796043696850615e-16,299.9049196526895
74,g02_t00_056,g02_t03_004,True,,5.139734159261165,0.03895929565158584,0.903737731974572,3.899902338861976e-14,2.0086869426297516e-16,14.872444268406838
75,g02_t00_056,g02_t03_038,True,,4.3312326327374855,0.040691565636052696,0.9453087875541866,3.128859829681214e-14,8.469999434971913e-17,15.544290883273922
76,g02_t00_056,g02_t04_000,True,,9.240225324618072,0.03650371251762572,0.847441823944214,4.852576431221584e-14,5.12448589794857e-16,13.938598133875953
77,g02_t00_056,g02_t04_011,True,,9.163994450078595,0.04547652833483978,1.0589148188733901,2.5121479338940402e-14,2.2399480439492726e-16,17.391974999717373
78,g02_t00_056,g02_t04_035,True,,9.167839547661709,0.053834484250856504,1.2507536969846813,5.099103395312214e-14,4.81853600026018e-16,20.563778912104077
79,g02_t00_056,g02_t05_007,False,clearance,-3.011169593273818,0.017972355445571485,0.4170433692911471,2.409567650518791e-14,1.5187501555415642e-16,368.19966505596955
80,g02_t00_056,g02_t05_034,True,,9.223134584516181,0.01482003782153741,0.3437280999540591,1.1901673676157817e-14,1.4654050252376534e-16,5.651623264357699
81,g02_t00_056,g02_t05_058,False,clearance,-3.359669296970461,0.027290012873722402,0.6349411020044406,1.7404671430534633e-14,1.9993769881687536e-16,413.5907108073041
82,g02_t00_056,g02_t06_000,False,clearance;input,-2.960133267172224,0.06854371124467723,1.596534724668562,4.507888299247583e-14,5.662005619084176e-16,381.4371841129997
83,g02_t00_056,g02_t06_024,False,clearance,-4.838310597710523,0.058512485698321494,1.3619002089059418,1.5987211554602254e-14,4.563344992840996e-16,602.9767015448108
84,g02_t00_056,g02_t06_001,False,clearance;input,-5.135826399518143,0.06702182091260378,1.5606859385991545,2.1900397950137233e-14,5.1273918757104e-16,641.9394366338892
85,g02_t00_056,g02_t07_000,True,,7.839828997523038,0.05487524960472012,1.2759818462835044,3.5704330589399866e-14,8.068310593086003e-16,20.963991928118215
86,g02_t00_056,g02_t07_003,False,input,7.887955321004748,0.06961269846774068,1.6205763842797536,6.377745716588145e-14,8.537941695458975e-16,26.617900656661032
87,g02_t00_056,g02_t07_018,True,,7.029742508806007,0.051223267790452255,1.190959590399719,4.649170765099484e-14,5.311767472816653e-16,19.57127295511097
88,g02_t00_056,g02_t08_000,False,clearance;input,-5.672948896599025,0.0824301524546541,1.9195660701643424,3.061317943962309e-14,2.3552025743848555e-16,712.2867980696659
89,g02_t00_056,g02_t08_058,False,clearance;input,-3.96819010437277,0.06471528365623466,1.5067505071955027,7.944109290391274e-15,3.57874756446653e-16,500.9407615747853
90,g02_t00_056,g02_t08_038,False,clearance;input,-4.103622578149738,0.06716410678980766,1.5643771841345901,2.2748467065386707e-14,7.843175768140323e-16,518.1303827836147
91,g02_t00_056,g02_t09_000,False,clearance,-1.5646840546516287,0.050029178975165955,1.1641371866348154,1.507288760336424e-14,6.966941095726942e-16,206.8987785353773
92,g02_t00_056,g02_t10_000,True,,7.65902752048778,0.053107686415211415,1.2355614635420586,3.595820250601822e-14,7.490149483154537e-16,20.298320077893372
93,g02_t00_056,g02_t11_000,False,clearance;input,-5.385196581211773,0.07416412008625242,1.7273029663822512,4.1583447479068616e-14,1.7785780651003303e-16,674.5974062258521
94,g02_t00_056,g02_t12_000,False,clearance,-1.0276968277582712,0.042672029104669405,0.991912093639345,4.7697744712485075e-14,4.907029562749894e-16,139.63703766473088
95,g02_t00_056,g02_t13_000,False,clearance,-1.7085503377032147,0.04846760899532086,1.1274754017899322,3.197442310920451e-14,4.0656234143982707e-16,223.55403329115074
96,g02_t00_056,g02_t14_000,False,clearance,-4.1159824123781865,0.039964153017577254,0.9289222438451671,2.5680492922932105e-14,2.737127597257086e-16,509.1917271644099
97,g02_t00_021,g02_t00_001,True,,5.07661319769195,0.016320123623894844,0.37806812854021876,1.0048591735576161e-14,4.291468873614597e-17,6.207807922451812
98,g02_t00_021,g02_t00_056,False,clearance,-2.195458897687462,0.021458769858632723,0.49692028093466883,2.6407442894293542e-14,5.647850449853784e-17,271.63015275499674
99,g02_t00_021,g02_t01_000,True,,12.583022114759139,0.05235838338931297,1.2177409251638063,3.014577520672848e-14,1.0093884727048637e-15,20.01816029546685
100,g02_t00_021,g02_t01_053,False,input,13.536423336168697,0.06789260398166211,1.579011876727622,5.840406282250966e-14,9.943703703592575e-16,25.95117976256993
101,g02_t00_021,g02_t01_026,False,input,9.45982241985218,0.06354521098843648,1.4774243250450299,5.2562230787042216e-14,5.110814501696563e-16,24.29055747556611
102,g02_t00_021,g02_t02_000,True,,14.687351405156944,0.022887023552304802,0.5274964991109371,4.4938668397781776e-14,2.929166759036627e-16,8.681120792465375
103,g02_t00_021,g02_t02_059,True,,14.71451869263659,0.01600921235174236,0.37084088942093335,8.140289677804162e-15,7.424940717479475e-17,6.103139074157037
104,g02_t00_021,g02_t02_043,True,,14.662534013129942,0.020746186886298326,0.4830002622407793,1.5987211554602254e-14,2.5033568429418485e-17,7.933343087865328
105,g02_t00_021,g02_t03_001,False,clearance;input,-4.685924703723687,0.060114826672946556,1.396186743337127,5.784080825025105e-14,4.679511028695506e-16,585.2840773454949
106,g02_t00_021,g02_t03_004,False,clearance,-0.5261729944681379,0.05205860126091105,1.20775779490854,7.944605781707055e-14,6.371042087773101e-16,83.02620911819433
107,g02_t00_021,g02_t03_038,True,,0.6810096186289489,0.053514700779597794,1.2426643583810555,2.2696391147257767e-14,4.726604209672303e-16,20.446933571936583
108,g02_t00_021,g02_t04_000,True,,2.692540289616158,0.05481324536157099,1.2730176852963737,6.287901762088615e-14,1.4505441958944427e-16,20.94562169424109
109,g02_t00_021,g02_t04_011,True,,7.997868629703468,0.05923384491048494,1.3773661260909806,4.832213032818602e-14,9.126689985681991e-17,22.63821393840479
110,g02_t00_021,g02_t04_035,False,input,5.188630142652866,0.06945591802950772,1.6135407534605013,1.002973292933483e-13,1.04747424279426e-15,26.54063969969325
111,g02_t00_021,g02_t05_007,True,,4.396648716972505,0.01193337673924359,0.2761190375707448,1.2809491335957507e-14,1.0822227808683791e-16,4.533813111107079
112,g02_t00_021,g02_t05_034,False,clearance,-3.6183350394202294,0.027470197151494437,0.6356567050324988,6.047608098935409e-14,6.318681148258918e-16,444.66577829737093
113,g02_t00_021,g02_t05_058,True,,4.170645334767528,0.02145322342131899,0.4969400711579216,2.9134418374455476e-14,1.467559656580198e-16,8.165016961507737
114,g02_t00_021,g02_t06_000,False,input,0.4276281142286269,0.06594305956801635,1.535257889777765,3.863320893581265e-14,7.496574936410597e-16,25.21452943235128
115,g02_t00_021,g02_t06_024,True,,6.18541306425593,0.0498932664736355,1.1617281072050953,3.351623381340333e-14,5.611528803925461e-16,19.08696356635309
116,g02_t00_021,g02_t06_001,False,clearance;input,-2.622112431598606,0.06486804569737094,1.509207321605208,3.7776307092472793e-14,4.1748851477261605e-16,339.45433150399833
117,g02_t00_021,g02_t07_000,True,,14.355132975961194,0.05081434278515475,1.183317875340173,2.0097183471152322e-14,7.577227662847011e-16,19.426585325303414
118,g02_t00_021,g02_t07_003,False,input,12.53841805755375,0.06508071082893663,1.516500123484972,2.7114910356960115e-14,1.041412166211372e-16,24.896683700315798
119,g02_t00_021,g02_t07_018,True,,12.560031856605287,0.043266413443451605,1.0074432875540362,2.563437407172453e-14,3.818914047719894e-16,16.542689453808237
120,g02_t00_021,g02_t08_000,False,clearance;input,-1.0579490683534525,0.0793639721435223,1.8471829026612272,4.47060220460735e-14,4.75098925995612e-16,157.30137278143945
121,g02_t00_021,g02_t08_058,True,,4.511899772169632,0.05742727500222378,1.336747378782256,1.7404671430534633e-14,1.09768388958628e-16,21.964543212240297
122,g02_t00_021,g02_t08_038,False,input,2.560983508592785,0.06335164889052815,1.4749287392314516,2.864289338439558e-14,4.3227693999815856e-16,24.225488637996456
123,g02_t00_021,g02_t09_000,True,,10.218294517230728,0.03758162980503336,0.8741347382011728,1.5888218580782548e-14,5.452836354360845e-16,14.37256418528474
124,g02_t00_021,g02_t10_000,True,,12.23897155458113,0.047629640237519096,1.109626367856365,5.692460997136072e-14,8.069149739682942e-16,18.217476474117298
125,g02_t00_021,g02_t11_000,False,input,5.647528958008143,0.06842595225894697,1.5934541963312903,3.1776437161565096e-14,2.7161582047477197e-16,26.17109037756241
126,g02_t00_021,g02_t12_000,False,clearance,-4.49410478306531,0.04879678172364345,1.1319204493204456,4.6728652726691796e-14,1.193812447098184e-16,557.9268169465865
127,g02_t00_021,g02_t13_000,True,,8.064037548856176,0.03993408983886374,0.9301622354710197,7.32410687763558e-15,2.8610698447703904e-16,15.278134352454316
128,g02_t00_021,g02_t14_000,True,,14.661650670393461,0.02299797556454941,0.5351110486138361,2.1316282072803006e-14,5.532109048322206e-17,8.794797273228872
129,g02_t01_000,g02_t00_001,True,,4.905064866936832,0.053318397942053515,1.2411975307238923,2.9724135207732e-14,3.612270076792009e-16,20.39520513532249
130,g02_t01_000,g02_t00_056,False,clearance;input,-4.607117574607441,0.06380325023363703,1.485386898058718,1.3873790429220374e-14,2.1288386271359823e-16,577.2614340704779
131,g02_t01_000,g02_t00_021,True,,13.629001926194015,0.05234146195007172,1.2177408088894057,3.907985046680551e-14,2.886112785300463e-16,20.009249375443844
132,g02_t01_000,g02_t01_053,True,,29.82447965426325,0.021137398091058975,0.49015119188521517,4.507888299247583e-14,1.7457904046571e-16,8.05119253446854
133,g02_t01_000,g02_t01_026,True,,22.42033970878761,0.015999332866462542,0.3704808196524183,1.158894167359027e-14,9.064760135211514e-17,6.099752524838193
134,g02_t01_000,g02_t02_000,False,input,29.29398864646489,0.06575777719518766,1.5278121531983595,4.819135301037582e-14,3.2385015444498e-16,25.115317281470475
135,g02_t01_000,g02_t02_059,True,,20.552821601706512,0.04270316109224448,0.9922795708679428,3.5704330589399866e-14,5.876796638282127e-16,16.306017400071653
136,g02_t01_000,g02_t02_043,True,,23.49682665928175,0.05329962547188172,1.2395767716967354,3.275440170573378e-14,4.442653577685687e-16,20.372461922844742
137,g02_t01_000,g02_t03_001,False,input,2.8895515875082296,0.060162275108326536,1.3982631868239466,3.668778978806643e-14,6.344441333773465e-16,22.987217992067837
138,g02_t01_000,g02_t03_004,False,clearance;input,-4.990547718475695,0.06298208607434491,1.4636201462825045,4.4550802883181196e-14,6.662783593823664e-16,622.9335048617704
139,g02_t01_000,g02_t03_038,False,clearance;input,-4.377008318363595,0.07009372265603056,1.6303605511633708,3.168942934712375e-14,2.4708698718685164e-16,552.0372969666112
140,g02_t01_000,g02_t04_000,False,clearance;input,-4.0915145828458455,0.08315249003536618,1.9345587552966008,3.66205343881779e-14,5.980344393700999e-16,522.7779688603456
141,g02_t01_000,g02_t04_011,False,clearance;speed;input,-5.83683813042824,0.08954281364349392,2.084806501598366,3.370400129833633e-14,1.0363836789455734e-15,734.6710110480826
142,g02_t01_000,g02_t04_035,False,clearance;speed;input,-5.800313900544125,0.09104625911943734,2.117887809950911,6.444038954788686e-14,8.563843312570936e-16,730.8458780663998
143,g02_t01_000,g02_t05_007,True,,4.232744276424463,0.057195739580238054,1.3312680275809925,1.2809491335957507e-14,1.40726601985088e-16,21.875294367826704
144,g02_t01_000,g02_t05_034,False,clearance,-4.583429996645568,0.05620102474058461,1.30817216414951,1.1633526939496029e-14,1.821377042022605e-16,571.511553172763
145,g02_t01_000,g02_t05_058,True,,4.085758147006878,0.045910952326809064,1.0688979309913489,2.161031364628563e-14,1.7161711493268588e-16,17.563350547590126
146,g02_t01_000,g02_t06_000,False,input,11.065376642436567,0.07173699970809072,1.6717613839250756,2.9777166713245526e-14,1.7264638761042925e-16,27.4429633093782
147,g02_t01_000,g02_t06_024,True,,16.82399288289387,0.0492910557470688,1.147870155730934,1.5987211554602254e-14,2.9114944778048493e-16,18.843446302582944
148,g02_t01_000,g02_t06_001,True,,11.346634085104096,0.058541498025422585,1.3637727517631228,1.9459014222361976e-14,2.837532532633571e-16,22.390695221584103
149,g02_t01_000,g02_t07_000,False,input,14.104138738709418,0.08511221982443451,1.981361225358011,5.51529477954916e-14,4.107450098641758e-16,32.54217681908263
150,g02_t01_000,g02_t07_003,False,speed;input,15.383796816823157,0.08771477133509192,2.0429405339970734,4.9021092730879706e-14,5.426552206482569e-16,33.54451342947107
151,g02_t01_000,g02_t07_018,False,input,19.44147458440538,0.06751958968607882,1.5716223303554195,4.38817669384961e-14,4.484050470211362e-16,25.809888254011035
152,g02_t01_000,g02_t08_000,False,input,19.47161404399856,0.07086928398370854,1.6512827005312658,3.229661486794681e-14,2.243165822284537e-16,27.108130302949178
153,g02_t01_000,g02_t08_058,True,,22.504646571180192,0.04944243054146208,1.1517846826482787,2.3024216127992717e-14,6.223820996237903e-17,18.906203784206287
154,g02_t01_000,g02_t08_038,False,input,13.169263299719471,0.06684799836899906,1.5577459671215876,1.0658141036401503e-14,4.44522679167363e-16,25.570875571931605
155,g02_t01_000,g02_t09_000,True,,26.712872887626894,0.020744069200330766,0.48188809640364644,2.07157025572446e-14,1.771202790048198e-16,7.912709069924885
156,g02_t01_000,g02_t10_000,False,input,15.790257652684208,0.07336881895579113,1.7083337497108122,5.5370982078778163e-14,5.899692273325645e-16,28.05307736273251
157,g02_t01_000,g02_t11_000,False,input,20.538774483696344,0.0697193237981919,1.6245929233329155,5.5948190961969225e-14,4.834621731590755e-16,26.667704185082627
158,g02_t01_000,g02_t12_000,False,clearance,-3.4190707896363746,0.04457575239890085,1.0352102930799747,4.6321719119665155e-14,1.4817422638912102e-16,427.3197172713206
159,g02_t01_000,g02_t13_000,True,,14.80998977160627,0.054806728984500196,1.27593310380129,3.8796218980226547e-14,8.239479992065644e-16,20.950527927193434
160,g02_t01_000,g02_t14_000,True,,26.893453946567192,0.03710345454329105,0.8624571729103858,2.929642751054232e-14,3.1039918610316875e-16,14.174834390724673
161,g02_t01_053,g02_t00_001,False,input,4.818689796252939,0.0644264912676183,1.499075805550535,2.864289338439558e-14,1.066785828617168e-15,24.634022227322607
162,g02_t01_053,g02_t00_056,False,clearance;input,-4.990711951069508,0.07735632657157697,1.8006907761214301,5.126874814344906e-14,2.399584112351277e-16,628.4701270757378
163,g02_t01_053,g02_t00_021,False,input,14.298274170207812,0.06787767473136799,1.5790117926959104,7.914262813082993e-14,6.23767582529608e-16,25.94470505296765
164,g02_t01_053,g02_t01_000,True,,30.189078841205326,0.021133970018056104,0.4901511693498648,5.23347404973728e-14,6.406745034707793e-17,8.049413997249996
165,g02_t01_053,g02_t01_026,True,,22.484175371393427,0.018631425803228643,0.43227525201482364,4.1645648079180745e-14,2.755414020247775e-16,7.099046880619534
166,g02_t01_053,g02_t02_000,False,input,28.48783990667974,0.0800177313972415,1.8594445907433375,4.9227844771419234e-14,2.8202997483103253e-16,30.56611179407888
167,g02_t01_053,g02_t02_059,False,input,20.42179407106686,0.06076762074665665,1.4126504235836645,7.176679489978625e-14,3.9496876521487887e-16,23.21180723843527
168,g02_t01_053,g02_t02_043,False,input,23.389346912577075,0.06425033928000148,1.4936740724754003,8.846185720293486e-14,1.3947004136484323e-16,24.55173376107974
169,g02_t01_053,g02_t03_001,False,clearance;input,-5.316261037943836,0.07292418519956573,1.6963613085826224,1.0989121872265115e-13,8.150173236313187e-16,665.8205216916423
170,g02_t01_053,g02_t03_004,False,clearance;input,-5.3684143616273285,0.07379171958514834,1.716091884440598,7.494457715654686e-14,4.355503409735122e-16,672.412148658299
171,g02_t01_053,g02_t03_038,False,clearance;input,-5.332654983297241,0.08393350584665446,1.9532762970639792,7.396985357977219e-14,5.504078308419241e-16,672.0080406600207
172,g02_t01_053,g02_t04_000,False,clearance;speed;input,-5.334006936663288,0.09630790283844065,2.241398448776797,9.5498800648281e-14,4.949528148480988e-16,676.9082463262579
173,g02_t01_053,g02_t04_011,False,clearance;speed;input,-6.386113726592892,0.1057235792981492,2.461889132707006,7.496562604817282e-14,1.4561099806593965e-15,806.7708788850096
174,g02_t01_053,g02_t04_035,False,clearance;speed;input,-6.41801505750626,0.10480827205306284,2.439112174792961,5.07429009285179e-14,7.485005149111434e-16,810.2351348019699
175,g02_t01_053,g02_t05_007,False,input,4.140510542619563,0.06991065652652435,1.6267134696470869,5.783398860650275e-14,1.139331726283876e-15,26.730220077895815
176,g02_t01_053,g02_t05_034,False,clearance;input,-5.012255555135196,0.06709489340651631,1.5616206383789657,4.8334882586167544e-14,3.66186936383538e-16,627.130380597833
177,g02_t01_053,g02_t05_058,True,,4.012487148223746,0.05571774210480766,1.2965747135379042,8.740325512336642e-14,3.2738051469986674e-16,21.30579762511106
178,g02_t01_053,g02_t06_000,False,speed;input,11.398928120642058,0.0912986353679392,2.1271158632177034,5.989774116730248e-14,5.633018688056605e-16,34.918870854282304
179,g02_t01_053,g02_t06_024,False,input,16.651657051551247,0.06981200558106218,1.625455354365995,4.716553564546101e-14,1.3877787807814457e-16,26.686432903787328
180,g02_t01_053,g02_t06_001,False,input,11.237425431919842,0.07628426895581548,1.7770132975368125,5.789533648130978e-14,1.4703252574089423e-16,29.17128567647805
181,g02_t01_053,g02_t07_000,False,speed;input,11.262946635780946,0.10544049430791555,2.4545499421964125,1.0073681891326079e-13,7.63656720759043e-16,40.314204840687886
182,g02_t01_053,g02_t07_003,False,speed;input,13.21315960936445,0.10859303652870102,2.5288951923219347,1.12854593680511e-13,1.2685846686484803e-15,41.52584191018066
183,g02_t01_053,g02_t07_018,False,speed;input,17.268248749905027,0.08827355425129788,2.054712927028606,6.98957479825041e-14,3.905555678715502e-16,33.744509843911345
184,g02_t01_053,g02_t08_000,False,speed;input,19.162368207713577,0.08828741682047561,2.0571198837621614,4.0194980254992147e-14,2.782487803465936e-16,33.76749866616971
185,g02_t01_053,g02_t08_058,False,input,22.501751933846162,0.06899504947351826,1.6068482087498575,1.0382194088409205e-13,1.0975961590962433e-15,26.377653177612878
186,g02_t01_053,g02_t08_038,False,speed;input,13.42604743274117,0.08650520310023642,2.0152935639923193,6.550880341146756e-14,2.9061148863546053e-16,33.0830547952577
187,g02_t01_053,g02_t09_000,True,,26.577435163117936,0.04139331952123267,0.9624056827262478,6.335396030055665e-14,2.4532694666933986e-16,15.805068735199585
188,g02_t01_053,g02_t10_000,False,speed;input,14.195470045924287,0.0940259657398389,2.189143072014373,6.19162693779998e-14,8.886119947416683e-16,35.95000751467803
189,g02_t01_053,g02_t11_000,False,speed;input,21.15050848989137,0.08956218138833137,2.086415525720923,5.5948190961969225e-14,2.1854762094519229e-16,34.25080367334752
190,g02_t01_053,g02_t12_000,False,clearance,-4.556452754243285,0.051881702602514096,1.2058101727478887,6.591696189872022e-14,5.732047178037375e-16,566.5956520257785
191,g02_t01_053,g02_t13_000,False,input,14.231223185927073,0.07555554298611333,1.7588494775647874,4.6728652726691796e-14,3.6142246537544436e-16,28.881932709581655
192,g02_t01_053,g02_t14_000,True,,26.740545418638504,0.04959843962186976,1.1524628301541402,5.4693331884225857e-14,4.2931514727279127e-16,18.943056027206513
193,g02_t01_026,g02_t00_001,False,input,4.749142993514411,0.06328966064194844,1.4726191622801486,4.081757258616412e-14,2.359537869167337e-16,24.20510699491271
194,g02_t01_026,g02_t00_056,False,clearance;input,-4.94355077628285,0.07102054881676427,1.6531796733102417,3.351623381340333e-14,5.555016879717332e-16,620.3932751808868
195,g02_t01_026,g02_t00_021,False,input,10.379772278481596,0.06352963391732157,1.4774242559314268,1.5987211554602254e-14,5.127744003530864e-16,24.285266486566695
196,g02_t01_026,g02_t01_000,True,,22.491386317481258,0.01599536455730747,0.3704808024630793,7.944109290391274e-15,1.602114805073694e-16,6.098446244323045
197,g02_t01_026,g02_t01_053,True,,22.496036972967477,0.01863140760498639,0.4322752527721149,3.4809342861069267e-14,2.2682836157951527e-16,7.099110308248006
198,g02_t01_026,g02_t02_000,False,input,19.74481211068577,0.07941170388579648,1.8448279397416103,6.444038954788686e-14,3.93273710787344e-16,30.336154716237118
199,g02_t01_026,g02_t02_059,True,,19.173824043782847,0.05564805932907966,1.292774188874172,2.2748467065386707e-14,6.549448426116867e-16,21.255265056668748
200,g02_t01_026,g02_t02_043,False,input,18.941611668893135,0.06577047257622064,1.5289464918021365,4.7432386632872754e-14,6.018865528812212e-16,25.138161133418365
201,g02_t01_026,g02_t03_001,False,clearance,-1.8409480379170822,0.05679774022856081,1.3209244543525818,5.856760564618691e-14,5.476013991409195e-16,242.61891709630538
202,g02_t01_026,g02_t03_004,False,clearance;input,-3.668886472413414,0.061293777827418044,1.4252996943455964,5.161378960056466e-14,3.3537189618722464e-16,463.6946200655389
203,g02_t01_026,g02_t03_038,False,clearance;input,-4.549210857198508,0.06997734928596831,1.628433302499996,3.9958159018745195e-14,5.856689535013502e-16,572.6622771387613
204,g02_t01_026,g02_t04_000,False,clearance;input,-5.668766824565687,0.08462092566972301,1.969414115001373,8.69916241013189e-14,1.0701205282269144e-15,712.6151398170551
205,g02_t01_026,g02_t04_011,False,clearance;speed;input,-5.850590215720329,0.09247419346737419,2.1534000081459332,5.07429009285179e-14,4.3643381113279665e-16,737.4455393557525
206,g02_t01_026,g02_t04_035,False,clearance;speed;input,-5.674565535323988,0.09060782304629908,2.1085354720479876,4.713207304057789e-14,4.526797389797801e-16,715.594399411442
207,g02_t01_026,g02_t05_007,False,input,4.0734200301260985,0.06729001900317569,1.5655888905737734,4.739911241858271e-14,8.331586284770563e-16,25.732856477125132
208,g02_t01_026,g02_t05_034,False,clearance;input,-3.1044136952172123,0.061212743168290236,1.42495863800374,2.8491879111055443e-14,3.37036727275218e-16,395.9476709026391
209,g02_t01_026,g02_t05_058,True,,3.975413065067645,0.054901867426548255,1.2777694580662864,3.256115871121665e-14,2.567449349299636e-16,21.001410171645702
210,g02_t01_026,g02_t06_000,False,input,13.352569670056361,0.07538784864560645,1.7564325612295832,2.4613922385709617e-14,4.959367812134955e-16,28.836635928234735
211,g02_t01_026,g02_t06_024,True,,16.64167427923819,0.05589152211763357,1.3007329554489726,2.847716647714797e-14,1.2178500113612555e-15,21.362796675918442
212,g02_t01_026,g02_t06_001,True,,11.30811243258908,0.05902415485484456,1.3751402883224983,4.673076289638407e-14,2.1043892163250156e-16,22.574264035157704
213,g02_t01_026,g02_t07_000,False,speed;input,10.47648027861548,0.09477831734467891,2.2055421556238475,3.332740845837229e-14,1.3847918419843362e-15,36.235642317597936
214,g02_t01_026,g02_t07_003,False,speed;input,8.683003955573025,0.09570890347786647,2.2282086220309925,6.475789196812153e-14,6.38529066861312e-16,36.597704277799835
215,g02_t01_026,g02_t07_018,False,input,15.040769176710873,0.07703943474936867,1.7923472003146688,2.8876045034225334e-14,3.1031676915590914e-16,29.446999486600703
216,g02_t01_026,g02_t08_000,False,input,18.837562907310808,0.07096332460716703,1.6537325055647936,2.019629648737212e-14,6.110469566427015e-16,27.145757052324086
217,g02_t01_026,g02_t08_058,True,,21.074842911529192,0.05361115213365689,1.2482592217865716,2.864289338439558e-14,8.886119947416683e-17,20.495617029781886
218,g02_t01_026,g02_t08_038,False,input,14.789603474817936,0.07075569132371562,1.6483175812308015,3.972054645195637e-14,1.0949389893418967e-16,27.062148438844368
219,g02_t01_026,g02_t09_000,True,,21.408679068298532,0.03191504149611558,0.7410447004838588,2.2748467065386707e-14,1.5265566588595902e-16,12.182275929895129
220,g02_t01_026,g02_t10_000,False,input,10.407056515224756,0.08214339883401121,1.9117793781422903,5.6201415146817535e-14,6.63961869590595e-16,31.40521428781592
221,g02_t01_026,g02_t11_000,False,input,20.604034069448947,0.0742261011406886,1.728918260578875,3.256115871121665e-14,3.009432764406106e-16,28.386834267977036
222,g02_t01_026,g02_t12_000,False,clearance,-3.3740376126859655,0.04158963169048852,0.96670158502812,1.4210854715202004e-14,1.2197462367390768e-16,420.7790103620752
223,g02_t01_026,g02_t13_000,False,input,12.853964026517861,0.06339923359636364,1.4751255948963162,4.483321967585128e-14,9.079085946270895e-16,24.23275349913943
224,g02_t01_026,g02_t14_000,True,,20.077289778167803,0.050318031085517044,1.1690900621742781,4.865564280294996e-14,3.164919667507367e-16,19.224863303984517
225,g02_t02_000,g02_t00_001,True,,5.0574453665518515,0.028108559507842044,0.647939339790653,1.9131948672901813e-14,4.0448454701718295e-16,10.667523024137202
226,g02_t02_000,g02_t00_056,False,clearance,-3.8038046516454194,0.039437138349678304,0.911948150958985,4.423092860146743e-14,2.41849321405184e-16,471.47106823534443
227,g02_t02_000,g02_t00_021,True,,14.677683687991625,0.022897421183788,0.5274965723360405,2.5184204728315197e-14,4.953539259732239e-16,8.686729906730251
228,g02_t02_000,g02_t01_000,False,input,27.29890250348774,0.06578550411975014,1.5278123157757588,2.6822400070865448e-14,2.4788949612298064e-16,25.127740342168707
229,g02_t02_000,g02_t01_053,False,input,25.882740131473582,0.08004345654871882,1.859444723622248,5.200206902708419e-14,7.424292222721482e-16,30.576298466228273
230,g02_t02_000,g02_t01_026,False,input,18.610931615358115,0.07943716261669158,1.8448280543887317,6.296403563142035e-14,9.015489918911913e-16,30.34491037903705
231,g02_t02_000,g02_t02_059,True,,20.810916559276734,0.02815575689581051,0.6523004476416798,2.3448583132868502e-14,4.193871149322119e-16,10.733535695201201
232,g02_t02_000,g02_t02_043,True,,23.65255891131197,0.02020732933833927,0.46560369950646985,1.6758116906701664e-14,2.836683988196944e-16,7.658808658598685
233,g02_t02_000,g02_t03_001,False,clearance;input,-4.671963088817613,0.0825759288726122,1.9163533188722404,8.862222730433033e-14,5.650833432153205e-16,592.1727366155591
234,g02_t02_000,g02_t03_004,False,clearance;input,-2.161783174241974,0.07448865023597066,1.7271935710825426,5.811293776132086e-14,3.0126308872686096e-16,287.8509574862325
235,g02_t02_000,g02_t03_038,False,input,1.3845082650166929,0.07518690668128597,1.7443359092514938,7.652779469160725e-14,5.11975649256e-16,28.70729994518326
236,g02_t02_000,g02_t04_000,False,input,3.1937069864356076,0.07405587683930681,1.717984007962458,2.9737401950283994e-14,1.172161009243778e-15,28.274570946376343
237,g02_t02_000,g02_t04_011,False,input,13.720086773844423,0.07639788407704252,1.7741363106343928,6.194367960490402e-14,2.2634651706230995e-16,29.175185119356122
238,g02_t02_000,g02_t04_035,False,speed;input,7.714695917240905,0.08923703862840864,2.0717156146720925,1.4444304490450665e-13,1.2788527475450674e-15,34.086585908960814
239,g02_t02_000,g02_t05_007,True,,4.336154944863353,0.025334821863386703,0.5833250071013987,2.161031364628563e-14,4.33293852972861e-16,9.606147220568975
240,g02_t02_000,g02_t05_034,False,clearance,-4.292961374211986,0.04733317619329514,1.0949855698688837,5.870718265178972e-14,8.049416127319888e-16,533.1881162541058
241,g02_t02_000,g02_t05_058,True,,4.137523993015895,0.03560777684204069,0.822648919422891,2.95110562224397e-14,1.6537292768255252e-16,13.541984471999882
242,g02_t02_000,g02_t06_000,False,input,10.035934973510575,0.08130226914479267,1.8907128046590822,3.014577520672848e-14,7.613835520029035e-16,31.067663233567433
243,g02_t02_000,g02_t06_024,False,input,14.824404519355104,0.06467135542554499,1.5034912310961528,7.793734002518812e-14,7.245747048027281e-16,24.712771613051324
244,g02_t02_000,g02_t06_001,False,clearance;input,-0.18346106813384733,0.0832049526579644,1.9337066650792154,8.699729156655793e-14,5.728686258851893e-16,53.80651371243185
245,g02_t02_000,g02_t07_000,True,,22.52434218431827,0.05647082791558099,1.3149039130854736,2.5864145986817697e-14,4.0088630066703516e-16,21.58783110206234
246,g02_t02_000,g02_t07_003,False,input,28.127278318207196,0.07324053067228217,1.7052267750851695,4.3366397107056194e-14,1.0054454872387961e-15,27.99951889542659
247,g02_t02_000,g02_t07_018,True,,23.771906747337738,0.05284395149407461,1.2296010838976377,4.0351070721557915e-14,2.0642480475845822e-16,20.196850003480833
248,g02_t02_000,g02_t08_000,False,speed;input,4.251903690676826,0.09603742792005406,2.233272593247278,3.6404482152219934e-14,6.961062950497062e-16,36.70491380796218
249,g02_t02_000,g02_t08_058,False,input,13.721712251397086,0.0732386651380112,1.7026108428102538,5.955433342649105e-14,5.669547669066992e-16,27.987839060742786
250,g02_t02_000,g02_t08_038,False,input,9.254063174065909,0.07873404452879951,1.8309058249572854,8.225126821621292e-14,7.265654807080648e-16,30.0868441659076
251,g02_t02_000,g02_t09_000,True,,20.346055901299145,0.05300113040024158,1.2303455783234951,1.464821375527116e-14,3.927683650008203e-16,20.238230736776156
252,g02_t02_000,g02_t10_000,True,,23.557478065478545,0.05750589472822644,1.3380934527916535,5.2212127574065643e-14,3.428263042070008e-16,21.97652547117431
253,g02_t02_000,g02_t11_000,False,input,16.650990689630046,0.08207017022460412,1.9092606397762826,4.081757258616412e-14,6.78877776696119e-16,31.369485574559416
254,g02_t02_000,g02_t12_000,False,clearance;input,-5.113969436132838,0.07045727311259944,1.633309618669342,7.213408716298969e-14,3.1646410950135734e-16,640.5674788753456
255,g02_t02_000,g02_t13_000,True,,15.21746220650614,0.05371244177843201,1.2485967485471947,5.653728316744217e-14,3.276010472373047e-16,20.519816389503685
256,g02_t02_000,g02_t14_000,True,,29.031294569733177,0.030717306353616004,0.7109487412235087,2.0116800053149086e-14,1.4304896245381993e-16,11.697570628156699
257,g02_t02_059,g02_t00_001,True,,5.055350874557567,0.028381776315230783,0.6588074774004876,1.0048591735576161e-14,1.1338246063119639e-16,10.821388064998903
258,g02_t02_059,g02_t00_056,False,clearance,-0.5810777240418525,0.03526721664033508,0.8183281709378354,2.847716647714797e-14,2.551930945580846e-16,83.18628141607641
259,g02_t02_059,g02_t00_021,True,,14.720108516085432,0.01598915147539505,0.3708407264183465,3.972054645195637e-15,8.19553578544471e-17,6.090704738613938
260,g02_t02_059,g02_t01_000,True,,20.33219395072795,0.04272099221302373,0.9922796862167276,1.7763568394002505e-14,3.747645143212457e-16,16.31488173683746
261,g02_t02_059,g02_t01_053,False,input,20.137375222058974,0.060782784156406644,1.4126505061084376,3.019806626980426e-14,4.514015818715853e-16,23.21819105708851
262,g02_t02_059,g02_t01_026,True,,18.124447244444458,0.055664173838065635,1.2927742608518051,3.1301989522889324e-14,6.018865528812212e-16,21.26078085199243
263,g02_t02_059,g02_t02_000,True,,20.84001425626496,0.02813047822576219,0.6523002574547095,4.451537480371452e-14,2.745032041236506e-16,10.718989029462845
264,g02_t02_059,g02_t02_043,True,,20.77083213031975,0.027223701717335142,0.6336347098282834,3.03543989777123e-14,1.1672462380691906e-16,10.40159188453328
265,g02_t02_059,g02_t03_001,False,clearance,-2.1274555824222876,0.05998047238620453,1.391775380584857,6.50495956605843e-14,5.60162597992128e-16,278.20454075835215
266,g02_t02_059,g02_t03_004,False,clearance,-3.3707767358665595,0.057156124834209766,1.3256090164702155,3.62742331401871e-14,2.329508219531506e-16,426.32097468812157
267,g02_t02_059,g02_t03_038,False,clearance,-4.80779402047537,0.05780467517130384,1.3415104670980709,4.086586027912397e-14,2.1228933251263786e-16,599.013607611038
268,g02_t02_059,g02_t04_000,False,clearance;input,-0.33997979828950564,0.06368491006122186,1.4788667649507774,4.6762404015112875e-14,4.1725779438208954e-16,65.13041024876411
269,g02_t02_059,g02_t04_011,False,input,2.820842385108406,0.06538242339997205,1.5196622927708296,3.197442310920451e-14,8.370503651322759e-16,24.983480772026176
270,g02_t02_059,g02_t04_035,False,clearance;input,-2.8062235032674057,0.07529283871480345,1.7490492317930872,4.451537480371452e-14,3.6638411145107034e-16,365.52118499637817
271,g02_t02_059,g02_t05_007,True,,4.3661824384440155,0.026841606624500566,0.6232331008774067,1.9131948672901813e-14,1.1274368112207335e-16,10.238292815867077
272,g02_t02_059,g02_t05_034,False,clearance,-4.019739774925956,0.038598783491292275,0.8946376107413996,1.111332693092688e-14,2.98775589569075e-16,497.0897324794402
273,g02_t02_059,g02_t05_058,True,,4.174191702230072,0.029605855099986884,0.6864296266505663,3.9879112138130155e-14,4.789973295199901e-16,11.278809392638209
274,g02_t02_059,g02_t06_000,True,,6.6821284391801985,0.05879221713665539,1.3679376980166431,4.081757258616412e-14,2.5608185138034553e-16,22.46771867900506
275,g02_t02_059,g02_t06_024,True,,15.347429585433796,0.038938286585902246,0.905787785929357,1.9214237003936263e-14,5.917619556360557e-16,14.882442726055789
276,g02_t02_059,g02_t06_001,True,,4.6354814371521735,0.05714876086964733,1.3283259053208913,4.426658433365955e-14,3.356589068483857e-16,21.834455071361454
277,g02_t02_059,g02_t07_000,True,,18.604386140226307,0.04937053138763006,1.1502545975216076,3.552713678800501e-14,1.4752290795525882e-16,18.88222273661381
278,g02_t02_059,g02_t07_003,True,,17.878284837185337,0.05986960803274492,1.3949258940907956,3.832826921148187e-14,2.224930794838633e-16,22.89756196521899
279,g02_t02_059,g02_t07_018,True,,18.35300978206638,0.03691745275604811,0.8602942640613145,1.2932072993408848e-14,2.3594919731163734e-16,14.122056433380349
280,g02_t02_059,g02_t08_000,False,input,7.499541492082726,0.07046089605436463,1.6389933788395048,2.025480127084693e-14,1.576213700060856e-16,26.930539905659643
281,g02_t02_059,g02_t08_058,True,,15.44783665181315,0.046621355433901196,1.0841914164445325,1.3293037379376718e-14,3.898151775035868e-16,17.81725810030119
282,g02_t02_059,g02_t08_038,True,,6.9656308732628425,0.055301535835857285,1.2866600022711228,4.081757258616412e-14,7.933738425700448e-16,21.134140261574384
283,g02_t02_059,g02_t09_000,True,,19.771026607751168,0.02603605190955365,0.6037375899723182,2.4868995751603507e-14,1.5158743895511333e-16,9.932945303978771
284,g02_t02_059,g02_t10_000,True,,16.272866679837787,0.04291683841211584,0.9999325999023687,2.5619166852195042e-14,2.2471365789775076e-16,16.413735564790272
285,g02_t02_059,g02_t11_000,True,,13.679961462062302,0.058936106737687115,1.371869885624581,5.2214014291603906e-14,4.736779903279368e-16,22.53051651971729
286,g02_t02_059,g02_t12_000,False,clearance,-3.235898097158076,0.05127364755683087,1.188479579717969,9.298341530198968e-14,1.4998487791624373e-15,407.87754418158346
287,g02_t02_059,g02_t13_000,True,,15.946047188533212,0.03122618147627519,0.7267974176699951,1.464821375527116e-14,1.467457126824487e-16,11.935640584857055
288,g02_t02_059,g02_t14_000,True,,20.83849038583011,0.020483082615913962,0.47571290557106516,2.61673702486864e-14,1.469839093725593e-16,7.810618255789144
289,g02_t02_043,g02_t00_001,True,,5.111999124956113,0.014587658071836828,0.33608142276337327,1.9131948672901813e-14,7.244417918960238e-17,5.531470650782396
290,g02_t02_043,g02_t00_056,False,clearance,-3.5223642384969485,0.035769351019259585,0.8306079172376969,3.813999881000976e-14,4.906538933386797e-16,436.3402616371168
291,g02_t02_043,g02_t00_021,True,,14.66023719042936,0.020746252270723,0.4830002627554097,3.780761775436894e-14,3.433309314236183e-16,7.9333752765931305
292,g02_t02_043,g02_t01_000,True,,23.04252473660537,0.05332123943926055,1.2395769088287982,6.674942990534282e-14,7.024494920022095e-16,20.38294265083689
293,g02_t02_043,g02_t01_053,False,input,22.713402153856048,0.06427089550129103,1.493674183221755,5.0274350720104997e-14,5.353751245373942e-16,24.560206306003344
294,g02_t02_043,g02_t01_026,False,input,16.788182924698138,0.06579012477857657,1.5289465796646533,2.3313626137889344e-14,2.545791662610446e-16,25.14487194624559
295,g02_t02_043,g02_t02_000,True,,23.671532908316607,0.020195574807001185,0.46560360826636915,2.864289338439558e-14,9.916793725054143e-17,7.651662155120826
296,g02_t02_043,g02_t02_059,True,,20.716046191390618,0.027235630920880095,0.6336348187338374,1.9479273482635503e-14,1.7041450981233662e-16,10.410104467678693
297,g02_t02_043,g02_t03_001,False,clearance;input,-5.423037713137136,0.07609436497246079,1.7683311466716347,6.699126577250452e-14,4.972820174300706e-16,679.8487971619321
298,g02_t02_043,g02_t03_004,False,clearance;input,-5.1058654378991974,0.06635196808419642,1.5406684082333495,8.977195000520963e-14,3.624202287500099e-16,638.0569383158862
299,g02_t02_043,g02_t03_038,False,clearance;input,-5.275444231712835,0.07116978523701468,1.653972356714452,6.829739769985269e-14,4.751115937801734e-16,660.2533194961898
300,g02_t02_043,g02_t04_000,False,clearance;input,-4.96601557288587,0.07162422721342097,1.6646001760008582,9.308940349928564e-14,7.414233300731282e-16,623.2969415566315
301,g02_t02_043,g02_t04_011,False,clearance;input,-0.05533755223145498,0.07879376957256591,1.8330633547614987,4.8093036648853925e-14,5.703416235967739e-16,36.761455579772914
302,g02_t02_043,g02_t04_035,False,clearance;speed;input,-5.771567196434793,0.08775560758522878,2.039959179588642,6.444038954788686e-14,5.209256464834128e-16,726.1298037172168
303,g02_t02_043,g02_t05_007,True,,4.376944339658578,0.017933342912546092,0.4156632394218729,4.0351070721557915e-14,1.6584537080750915e-16,6.833023315642334
304,g02_t02_043,g02_t05_034,False,clearance,-4.020321250247507,0.03716895045167302,0.8613704842735604,3.0250470674156757e-14,2.245126946959664e-16,496.61688167721536
305,g02_t02_043,g02_t05_058,True,,4.216648924055148,0.018964205850924155,0.43698917486287514,4.451537480371452e-14,1.5987008641866298e-16,7.1973860950251805
306,g02_t02_043,g02_t06_000,False,input,3.7705600416758296,0.0846631000760448,1.9714211851689332,2.774758085844075e-14,4.771214933605184e-16,32.37589152742345
307,g02_t02_043,g02_t06_024,False,input,12.89915570500393,0.06564465829844321,1.528719975094286,2.1972320632906738e-14,3.775166431889533e-16,25.110521428788942
308,g02_t02_043,g02_t06_001,False,input,3.0915575170952834,0.08180740618225359,1.9037918605201198,3.3681319533450454e-14,6.770312598131361e-16,31.279980777188328
309,g02_t02_043,g02_t07_000,False,input,21.481777451712333,0.06894457831503067,1.6063036270191855,3.5704330589399866e-14,2.8176977305632027e-16,26.36726820098383
310,g02_t02_043,g02_t07_003,False,input,18.37515755758588,0.08362683641018352,1.9488562508901517,1.5888218580782548e-14,3.8893628296956176e-16,31.992304920054984
311,g02_t02_043,g02_t07_018,False,input,17.731474971005163,0.06136439579044533,1.4296036338482914,2.864289338439558e-14,6.398666926546545e-16,23.470232278992462
312,g02_t02_043,g02_t08_000,False,speed;input,4.704098553223645,0.09630649066218083,2.2418747515717556,7.253521290503057e-14,1.1531932303822228e-15,36.827961436997875
313,g02_t02_043,g02_t08_058,False,input,12.177426726904411,0.0726938353633001,1.6924113120692943,4.6321719119665155e-14,5.125396027766235e-16,27.803033225912813
314,g02_t02_043,g02_t08_038,False,input,3.8792996951942182,0.081498404322446,1.8977332416980532,2.864289338439558e-14,7.6708522750663775e-16,31.167126124125947
315,g02_t02_043,g02_t09_000,True,,21.302614853326556,0.045314048683377704,1.0540702240850566,3.8428474007872526e-14,3.3515647689756127e-16,17.328028776186034
316,g02_t02_043,g02_t10_000,False,input,15.91414815683866,0.06648156994318648,1.5491357721136787,3.177753113056279e-14,5.003827833094311e-16,25.4312346737917
317,g02_t02_043,g02_t11_000,False,input,11.063351822362549,0.08579235507914795,1.9981308373263182,6.245100732104073e-14,9.363393930267377e-16,32.81390569506362
318,g02_t02_043,g02_t12_000,False,clearance,-4.7732162320872416,0.05733943871424178,1.3302463965440912,7.298211309665042e-14,7.861494254617655e-16,594.6844036460675
319,g02_t02_043,g02_t13_000,True,,12.314223586889957,0.0576062673921009,1.3420577442637591,3.552713678800501e-14,4.502401178359265e-16,22.038655088917707
320,g02_t02_043,g02_t14_000,True,,23.686390189695103,0.016448291953669217,0.3818213202956838,2.262677015149172e-14,7.913457894496326e-17,6.284622975574203
321,g02_t03_001,g02_t00_001,False,clearance;input,-5.049793731159175,0.0652641641395825,1.5167157088342245,1.5888218580782548e-14,2.237726045655905e-16,630.9142571749597
322,g02_t03_001,g02_t00_056,False,clearance,-2.5779825746256453,0.05256669950048969,1.2214187290109393,2.8030438127152556e-14,4.184101240945297e-16,329.44411281876296
323,g02_t03_001,g02_t00_021,False,clearance;input,-4.871025413096327,0.060120824359669936,1.396186741245509,2.5680492922932105e-14,2.5172027167143304e-16,607.4960022647555
324,g02_t03_001,g02_t01_000,False,input,2.8165338917661766,0.06015514672262538,1.39826317245802,3.5704330589399866e-14,2.7962967607555853e-16,22.98610357253235
325,g02_t03_001,g02_t01_053,False,clearance;input,-5.338885303086544,0.0729165340278242,1.6963612824111935,3.9918655144511616e-14,6.463236069784172e-16,668.5333868014922
326,g02_t03_001,g02_t01_026,False,clearance,-1.3614487582001669,0.0567880614566206,1.3209244086616592,2.6586074758753436e-14,3.3851562990656803e-16,185.07544546940773
327,g02_t03_001,g02_t02_000,False,clearance;input,-5.668143276763754,0.0825645177162643,1.9163532931063596,6.245100732104073e-14,5.69665863141938e-16,711.7123894003136
328,g02_t03_001,g02_t02_059,False,clearance,-1.6676634389640514,0.059977583887607926,1.3917753773615762,3.6067043581494844e-14,4.912423251631731e-16,223.02923873007973
329,g02_t03_001,g02_t02_043,False,clearance;input,-5.446602976511446,0.07609554487709005,1.7683311376460882,1.1269720748118957e-13,1.0681389886409907e-15,682.6759335902439
330,g02_t03_001,g02_t03_004,True,,0.7789563493959392,0.02079093813547264,0.4840319332021962,1.0986160316453369e-14,6.941061969544858e-17,7.9566447355033425
331,g02_t03_001,g02_t03_038,False,clearance,-1.432869806849241,0.01981265603245614,0.46045595559020364,2.1701381532449587e-14,9.915655716781289e-17,179.51795236315562
332,g02_t03_001,g02_t04_000,False,clearance,-2.875225345544715,0.038956491712384134,0.9064547454643467,2.3848872356242537e-14,1.567480392924176e-16,359.93002221421364
333,g02_t03_001,g02_t04_011,False,clearance,-4.293520780385466,0.044090456787109406,1.0253097414894654,2.2748467065386707e-14,2.549512416582222e-16,532.0759748598822
334,g02_t03_001,g02_t04_035,True,,3.597999169071473,0.03634754067764875,0.845826962203439,3.776586443654626e-14,1.9170068010139909e-16,13.904226945918733
335,g02_t03_001,g02_t05_007,False,clearance;input,-5.021437225305689,0.06387858326915992,1.4842586393761734,5.4693331884225857e-14,7.626472600127435e-16,626.9830098514199
336,g02_t03_001,g02_t05_034,False,clearance,-4.447530711777865,0.047357167416757606,1.1007995707559082,3.600016924427737e-14,4.867128343896738e-16,551.7964200410271
337,g02_t03_001,g02_t05_058,False,clearance;input,-4.89958189881988,0.061449365693911684,1.4282089301967678,7.588599744428076e-14,7.243088545993919e-16,611.4275147738183
338,g02_t03_001,g02_t06_000,False,clearance,-1.9992967867698455,0.04694504807868339,1.0901579457472432,4.5496934130773415e-14,4.531581184534698e-16,257.84189943096305
339,g02_t03_001,g02_t06_024,True,,6.263891600401967,0.04651655647973681,1.0791701613869178,6.081266252743834e-14,5.842800011165794e-16,17.766723250976817
340,g02_t03_001,g02_t06_001,True,,5.66606373782801,0.034369742361072944,0.7978549953647855,2.3935543286434086e-14,3.8239538573000705e-16,13.118859696205028
341,g02_t03_001,g02_t07_000,False,clearance;input,-5.206549974541532,0.06988637914314288,1.6223894496138163,5.695433295429594e-14,5.748822300757345e-16,651.48519990245
342,g02_t03_001,g02_t07_003,False,clearance;input,-5.215345935797476,0.06947475095971872,1.6138169632010535,3.8263897345803626e-14,4.152335225764742e-16,652.390422324886
343,g02_t03_001,g02_t07_018,False,clearance,-3.4560508392122324,0.05882594120710091,1.3646495747980159,5.388689072602486e-14,3.6743392481035993e-16,437.1931148221172
344,g02_t03_001,g02_t08_000,False,clearance,-1.7253561357218266,0.04863165121516604,1.1304568702296374,1.0518447697129405e-14,4.535298425247855e-16,225.62069555943683
345,g02_t03_001,g02_t08_058,True,,8.89600325173927,0.044301133460187464,1.0281143944916113,2.2748467065386707e-14,2.063081476116683e-16,16.919842536745342
346,g02_t03_001,g02_t08_038,True,,2.0993483301938936,0.04606369364697507,1.0694247764606628,3.6230712748823524e-14,3.656112350607221e-16,17.59004568970068
347,g02_t03_001,g02_t09_000,True,,8.79415793955378,0.05005882920631208,1.1621431007322622,3.692088357856443e-14,2.1821690556639832e-16,19.122186451045074
348,g02_t03_001,g02_t10_000,False,clearance,-4.850410865994318,0.05902342039861956,1.3699865599008163,5.798224115000464e-14,9.064224811177153e-16,604.598811537646
349,g02_t03_001,g02_t11_000,True,,2.861593852640242,0.05445832948051761,1.2647922958962574,2.1316282072803006e-14,4.0436549343196473e-16,20.80369915606612
350,g02_t03_001,g02_t12_000,True,,5.045788195709751,0.031555488035503905,0.7343015452201959,1.475552811121985e-14,9.000523778413571e-17,12.05554079739709
351,g02_t03_001,g02_t13_000,False,clearance,-3.9951737891263694,0.04887202421426762,1.1336331458373108,4.266955553143359e-14,4.473568992942198e-16,498.0882047371232
352,g02_t03_001,g02_t14_000,False,clearance;input,-5.14326745782608,0.0679942963032034,1.5797239521934316,6.196914463356652e-14,6.150616142519893e-16,643.1749949076765
353,g02_t03_004,g02_t00_001,False,clearance,-3.0878196001947806,0.05335267686519738,1.2384040683716364,5.148371239083871e-14,2.1588771306901906e-16,390.9140807549243
354,g02_t03_004,g02_t00_056,True,,4.817479912284679,0.0389672073996383,0.9037377558690398,3.467310224881561e-14,3.4275607450141766e-16,14.874267053702273
355,g02_t03_004,g02_t00_021,False,clearance,-0.4154294871093367,0.05206053280191643,1.2077577944194506,7.149698361352147e-14,8.141380886698642e-16,69.73695137553764
356,g02_t03_004,g02_t01_000,False,clearance;input,-4.971030546276031,0.06297082932187062,1.4636201230435624,2.3566036520288945e-14,3.5706660767766427e-16,620.5896577919547
357,g02_t03_004,g02_t01_053,False,clearance;input,-5.299754729941236,0.07378029196236327,1.7160918450932154,5.753312400962914e-14,6.20167888473864e-16,664.1699457086032
358,g02_t03_004,g02_t01_026,False,clearance;input,-4.819147468965337,0.061280115384172204,1.4252996298797516,5.0867118742119833e-14,7.752952570751715e-16,601.7209749887347
359,g02_t03_004,g02_t02_000,False,clearance;input,-2.003950028451743,0.07448295224758204,1.7271935584633091,1.4233041855511978e-13,1.3895124214083888e-15,268.910022078345
360,g02_t03_004,g02_t02_059,False,clearance,-3.178843330421987,0.05715916549265658,1.3256090196580639,4.41684618094355e-14,3.1309716410295113e-16,403.2892113039759
361,g02_t03_004,g02_t02_043,False,clearance;input,-5.0442821708569685,0.06635329264271077,1.5406684055177198,7.850211074605921e-14,8.763427425308906e-16,630.6667402747122
362,g02_t03_004,g02_t03_001,True,,0.643832013938022,0.020777425261175517,0.4840318126639265,1.3000517256771047e-14,1.5230289256641943e-16,7.9473333432994995
363,g02_t03_004,g02_t03_038,True,,2.9631070127759243,0.015915875261628302,0.3700878028143627,1.8630587706705476e-14,1.5930202849568468e-16,6.078419342097071
364,g02_t03_004,g02_t04_000,True,,5.86982855278331,0.026294802096541874,0.6117103331903295,7.160723346098895e-15,1.3420303366749487e-16,10.055777228763116
365,g02_t03_004,g02_t04_011,True,,5.611128415116764,0.04059817792356897,0.9443492958830674,2.6586074758753436e-14,5.441172490382269e-16,15.514439989328451
366,g02_t03_004,g02_t04_035,True,,5.834543839198215,0.03326014209415336,0.7744305326005415,1.464821375527116e-14,8.7289520232855e-17,12.720081518674345
367,g02_t03_004,g02_t05_007,False,clearance,-4.030802030285291,0.05215547541001061,1.2103489585016185,5.0867118742119833e-14,1.8619006149354548e-16,503.61575467561556
368,g02_t03_004,g02_t05_034,True,,4.569041016449092,0.031855999854152266,0.73864647096812,4.311326371230795e-15,2.914335439641036e-16,12.149635683396266
369,g02_t03_004,g02_t05_058,False,clearance,-3.9823327813721328,0.05009092367325333,1.1627773739348288,4.2780337774645346e-14,3.290126136437858e-16,497.00553995382074
370,g02_t03_004,g02_t06_000,False,clearance;input,-4.738798356690813,0.0611575776014374,1.4220864985793085,5.870046366090628e-14,1.0112708838237271e-15,592.0276401575678
371,g02_t03_004,g02_t06_024,False,clearance,-4.424644727054628,0.057475172845825886,1.3351959791015173,4.5531598466568455e-14,3.9350319887992495e-16,552.9231289450379
372,g02_t03_004,g02_t06_001,False,clearance,-1.8949663788031574,0.05180902325552051,1.2049738374056425,2.5437436142574095e-14,2.486410087150353e-16,247.19739156851747
373,g02_t03_004,g02_t07_000,False,clearance;input,-3.3547924192173846,0.07174651266125126,1.6659363197030252,5.136098584586421e-14,3.95029712482461e-16,429.98494141604135
374,g02_t03_004,g02_t07_003,False,clearance;input,-5.458476068875198,0.07710759242476965,1.7922266780030298,1.2081267186692572e-13,1.420839397731985e-15,684.4894087931682
375,g02_t03_004,g02_t07_018,False,clearance;input,-5.007332327548399,0.06354018804309196,1.4748326457066026,5.173591645476953e-14,2.3720083845962734e-16,625.1515861451498
376,g02_t03_004,g02_t08_000,False,clearance;input,-1.4849916787595963,0.0672401377268532,1.5645483898737567,5.063590778483776e-14,5.474255194514172e-16,203.9042383315456
377,g02_t03_004,g02_t08_058,False,clearance,-3.0981073136201607,0.05812476618452102,1.3509246407802455,5.6509370411770256e-14,3.546311116759026e-16,393.98908774791465
378,g02_t03_004,g02_t08_038,False,clearance;input,-4.786559452979337,0.06031428629040939,1.4022609726392208,6.434238129413513e-14,8.156078731788648e-16,597.4373558582147
379,g02_t03_004,g02_t09_000,False,clearance,-4.311030076648515,0.05347889975298273,1.2418025203266239,4.507888299247583e-14,4.310080976017751e-16,537.7573587775971
380,g02_t03_004,g02_t10_000,False,clearance;input,-4.562938528905136,0.06399256990936862,1.4861253927703317,6.57218404799198e-14,1.2373535372426116e-16,572.0038465485519
381,g02_t03_004,g02_t11_000,False,clearance;input,-4.987200586947378,0.06899768339526438,1.6042719783576367,6.740800259667266e-14,9.172997289342144e-16,624.8372851228886
382,g02_t03_004,g02_t12_000,True,,2.383629338951808,0.023207579956234833,0.5393301275802218,1.0048591735576161e-14,8.858986693396703e-17,8.855659951431942
383,g02_t03_004,g02_t13_000,False,clearance,-4.2368065482873885,0.05531314503267348,1.2841491884132725,4.483321967585128e-14,5.252059751039223e-16,529.5511004791806
384,g02_t03_004,g02_t14_000,False,clearance;input,-4.945387856331488,0.061740891176307704,1.433444196563913,8.673279421411239e-14,1.0533928870658177e-15,617.0349870416877
385,g02_t03_038,g02_t00_001,False,clearance,-4.33790910252829,0.05889578534331099,1.368971323341928,6.122635887924618e-14,6.379255420885912e-16,543.0552894187573
386,g02_t03_038,g02_t00_056,True,,3.8963799655461577,0.04069682617643053,0.9453088016176124,2.929642751054232e-14,2.4912465244908755e-16,15.545376261652686
387,g02_t03_038,g02_t00_021,False,clearance,-0.311039029734004,0.05351362128637753,1.2426643572687743,8.75475445408228e-14,1.30488109183663e-15,57.771533087702636
388,g02_t03_038,g02_t01_000,False,clearance;input,-4.3630149348669445,0.07008488786084206,1.630360537836122,6.712654832942343e-14,8.913170603437e-16,550.3570600393806
389,g02_t03_038,g02_t01_053,False,clearance;input,-5.697347865751671,0.08392479296348321,1.9532762692293275,5.1728291973635394e-14,8.804469334467935e-16,715.7690193764912
390,g02_t03_038,g02_t01_026,False,clearance;input,-4.781183438711305,0.06996694049376773,1.6284332530968875,2.868503491286165e-14,4.3643381113279665e-16,600.495158386182
391,g02_t03_038,g02_t02_000,False,clearance;input,-0.08331471204863306,0.07518243837144747,1.7443358974529561,1.0054870144020999e-13,1.0284789126210025e-15,38.70416612589601
392,g02_t03_038,g02_t02_059,False,clearance,-4.807793864370996,0.05780873910136655,1.3415104739617085,6.179705205084558e-14,4.552252871008668e-16,599.014118519302
393,g02_t03_038,g02_t02_043,False,clearance;input,-3.9755077950490496,0.07116870157575712,1.653972354683236,3.222019477394343e-14,5.855456244815921e-16,504.2607931397805
394,g02_t03_038,g02_t03_001,False,clearance,-0.7969007404717934,0.0197961178904687,0.4604558202736166,3.1086244689504383e-15,3.0849314845320695e-17,103.19133742686856
395,g02_t03_038,g02_t03_004,True,,3.0778843949527643,0.015912783420171373,0.37008777772542284,1.551136925266137e-14,1.2307982254951806e-16,6.0764494161438005
396,g02_t03_038,g02_t04_000,True,,6.549909961903845,0.019566689126069434,0.4553742450175085,7.588599744428075e-15,2.182238005821375e-17,7.489061147716689
397,g02_t03_038,g02_t04_011,True,,6.50935042501613,0.026526724729462332,0.6164049826258631,1.1234667099445444e-14,6.664589960562512e-17,10.13075283609745
398,g02_t03_038,g02_t04_035,True,,6.582997552229013,0.021072713871504924,0.4893000225092722,1.464821375527116e-14,2.1934479119236827e-16,8.044706676394494
399,g02_t03_038,g02_t05_007,False,clearance,-4.25720521992893,0.05582028627647141,1.2970904418775118,2.1900397950137233e-14,3.775804075071496e-16,532.1954353790388
400,g02_t03_038,g02_t05_034,True,,2.7969105226895907,0.039225588214570804,0.9119616422288425,3.9276797272260694e-14,5.080578321377393e-16,14.982953340085569
401,g02_t03_038,g02_t05_058,False,clearance,-3.516897817712274,0.0576146539397451,1.3395462029115186,5.136098584586421e-14,9.189778455511335e-16,444.0427445170375
402,g02_t03_038,g02_t06_000,False,clearance,-4.455865017251162,0.050288927144162145,1.168845583063442,3.28025345777039e-14,2.665835984225005e-16,553.9195430890901
403,g02_t03_038,g02_t06_024,False,clearance,-1.8348874502352452,0.05203778594861949,1.2088395459127887,5.728578676879116e-14,6.024562515917044e-16,240.076442753733
404,g02_t03_038,g02_t06_001,False,clearance,-3.2798033909459092,0.04500217394021406,1.0465296571639706,5.595524044110789e-14,2.7088361131887196e-16,410.77755618931144
405,g02_t03_038,g02_t07_000,False,input,0.4901239732744189,0.06085826713152326,1.4118447839074286,2.5864145986817697e-14,6.696302257977594e-16,23.2397764457435
406,g02_t03_038,g02_t07_003,False,clearance;input,-5.0325127043105375,0.06479618896753325,1.5050595349373965,6.197073585041726e-14,3.056265732929336e-16,628.6614152542344
407,g02_t03_038,g02_t07_018,False,clearance,-3.129720993113531,0.054712897084751244,1.2688775945785682,5.406227569982463e-14,3.445075221571561e-16,396.45751684060144
408,g02_t03_038,g02_t08_000,False,clearance,-4.747070295831312,0.0590783434845019,1.3744224526963784,4.097730762958323e-14,4.2480540932182583e-16,592.234083985835
409,g02_t03_038,g02_t08_058,False,clearance,-1.328074130684881,0.0530886944697176,1.2339419242919505,3.692088357856443e-14,5.061588988174682e-16,179.6636767111958
410,g02_t03_038,g02_t08_038,False,clearance,-3.956423668214802,0.05057841905392545,1.1754799119697383,1.464821375527116e-14,2.9796874070320123e-16,494.09921553504273
411,g02_t03_038,g02_t09_000,False,clearance,-4.597264443172655,0.05671383533838721,1.3182427982146407,3.117493601007525e-14,3.4943376836555273e-16,573.3514444811485
412,g02_t03_038,g02_t10_000,False,clearance,-1.7258188196565563,0.05366620272459744,1.245172659388607,7.959629847114336e-14,7.109932991376064e-16,227.59518787569795
413,g02_t03_038,g02_t11_000,False,clearance,-4.686956036157525,0.05954162621601615,1.384037334547356,5.728578676879116e-14,4.1748851477261605e-16,585.1936195656382
414,g02_t03_038,g02_t12_000,False,clearance,-4.085310026347052,0.036876556304666866,0.8587818956335376,2.6881156767937775e-14,3.230174360660994e-16,504.33534393764785
415,g02_t03_038,g02_t13_000,False,clearance,-4.472981759427747,0.04860776216935879,1.1278491646036544,4.9896342720459114e-14,6.793740583599002e-16,555.3249720881283
416,g02_t03_038,g02_t14_000,False,clearance;input,-4.2432351280167495,0.06722057149661186,1.5624742033892964,6.998597974249744e-14,4.0035674044735114e-16,534.8821397185661
417,g02_t04_000,g02_t00_001,False,clearance,-2.898585006769948,0.05835022573190541,1.3562488684009006,1.5888218580782548e-14,4.486734084354408e-16,370.12849185751315
418,g02_t04_000,g02_t00_056,True,,9.234101728834565,0.036502291915307884,0.8474418201574848,1.8460441789282214e-14,2.846863041816903e-16,13.93830307528141
419,g02_t04_000,g02_t00_021,True,,2.79274495484177,0.054818335917089095,1.2730176906307473,1.0048591735576161e-14,6.143958570009227e-16,20.946033677771698
420,g02_t04_000,g02_t01_000,False,clearance;input,-3.996567909381573,0.08314192119849703,1.9345587395183308,4.14314051144892e-14,5.856689535013502e-16,511.3831524770139
421,g02_t04_000,g02_t01_053,False,clearance;speed;input,-4.219378357097703,0.09629758523764613,2.241398415887578,4.6897166265737003e-14,8.163159687020606e-16,543.1502695668773
422,g02_t04_000,g02_t01_026,False,clearance;input,-5.721294445292809,0.0846091801099362,1.9694140592492961,5.6118891194218946e-14,5.209256464834128e-16,718.9141549058824
423,g02_t04_000,g02_t02_000,False,input,3.349608371856088,0.07405965201182357,1.717984017967995,9.979268544091823e-14,1.4714545836446126e-15,28.275345883326047
424,g02_t04_000,g02_t02_059,False,clearance;input,-1.9352424102525356,0.06369508918755029,1.478866782278408,6.456269064396113e-14,7.580880525408319e-16,256.5632543255654
425,g02_t04_000,g02_t02_043,False,clearance;input,-5.158223181596767,0.0716293225921751,1.6646001856196215,7.358492544969401e-14,8.078970591311953e-16,646.362603270543
426,g02_t04_000,g02_t03_001,False,clearance,-3.218674166694412,0.03893958437229483,0.9064546075518206,5.0242958677880805e-15,7.222088696280752e-17,401.1333371310484
427,g02_t04_000,g02_t03_004,True,,5.880665466345793,0.02628010392398943,0.6117102142430769,2.2275401441590598e-14,9.106885210113025e-17,10.046615440287468
428,g02_t04_000,g02_t03_038,True,,6.557291234437797,0.019552493670681775,0.4553741191883437,8.926082647349967e-15,3.00494216338293e-17,7.479454627835443
429,g02_t04_000,g02_t04_011,True,,28.99056889210086,0.021026339786404356,0.4882702610725722,0.0,2.0551897988468746e-16,8.019932456027837
430,g02_t04_000,g02_t04_035,True,,28.7832861786746,0.019510395624398942,0.4531248434460864,1.1234667099445444e-14,8.384297404680616e-17,7.4431839058738225
431,g02_t04_000,g02_t05_007,False,clearance,-3.911560709194151,0.05421989809441853,1.259767801456951,5.2814885788587084e-14,6.291476391278812e-16,490.10614982420316
432,g02_t04_000,g02_t05_034,True,,14.264354702415723,0.038452349771042955,0.893948246851331,1.9648438397088375e-14,5.319127239431647e-16,14.686876555883988
433,g02_t04_000,g02_t05_058,False,clearance,-4.037850030182338,0.05937015625614346,1.3804646618265763,3.8428474007872526e-14,3.917864425521418e-16,507.2304807074388
434,g02_t04_000,g02_t06_000,False,clearance;input,-4.732810817558343,0.06408763439056311,1.4906213428011288,4.703154237572607e-14,5.149762648337517e-16,592.4386567369701
435,g02_t04_000,g02_t06_024,False,clearance;input,-4.64621776898202,0.06627698803428636,1.5409055309977115,8.987733679556355e-14,1.060198502070721e-15,582.8880779115733
436,g02_t04_000,g02_t06_001,False,clearance;input,-4.96392574150944,0.06269375751269296,1.4588331443971365,5.038455811861202e-14,6.510738673604022e-16,619.6463871822672
437,g02_t04_000,g02_t07_000,False,clearance;input,-0.42387256898735526,0.06247995434889452,1.4496918283970266,7.824040276299101e-14,8.045527044939629e-16,74.72533164939298
438,g02_t04_000,g02_t07_003,False,clearance;input,-4.902191378040051,0.07106065748560453,1.65120503799416,2.416106516409301e-14,5.164700352369266e-16,615.4218692876524
439,g02_t04_000,g02_t07_018,False,input,3.7223337276139405,0.06170711696381666,1.4322313286480266,1.0775914125888947e-13,1.778199027863575e-15,23.57125193379273
440,g02_t04_000,g02_t08_000,False,clearance;input,-5.218046827120946,0.07621383419503046,1.7736733286473458,5.1399848982188117e-14,1.136030657919885e-15,655.311955877006
441,g02_t04_000,g02_t08_058,False,clearance;input,-0.6629662865529791,0.06919605744628228,1.6094887104106457,4.2036275140586214e-14,3.976416080268664e-16,106.01847619209956
442,g02_t04_000,g02_t08_038,False,clearance;input,-4.290690299185466,0.06499739785465154,1.5117258946395407,4.3366397107056194e-14,3.77006140395323e-16,539.7339750042686
443,g02_t04_000,g02_t09_000,False,clearance;input,-5.082004999469271,0.06926362163549138,1.610833494102806,6.365209823104904e-14,9.575673587391975e-16,636.3265777797926
444,g02_t04_000,g02_t10_000,True,,2.5368169883335776,0.05988418230128934,1.3903506779613788,4.475790319429612e-14,4.0221650305342743e-16,22.879051967912545
445,g02_t04_000,g02_t11_000,False,clearance;input,-5.08644722538002,0.07372126469967846,1.7146682048460609,3.426112997215453e-14,5.894385141534759e-16,638.5629778358852
446,g02_t04_000,g02_t12_000,True,,4.40167230364154,0.04733425120491496,1.1022090518156138,1.7495085916501026e-14,8.32847949227958e-17,18.101445842800985
447,g02_t04_000,g02_t13_000,False,clearance,-3.0793019886139534,0.059162858905594855,1.3742336562773985,5.731332139511976e-14,7.235190363401665e-16,392.12678750055903
448,g02_t04_000,g02_t14_000,False,clearance;input,-5.264402492571534,0.07212980750848379,1.6768640862586777,7.824040276299101e-14,1.0981005136966509e-15,659.3023180843683
449,g02_t04_011,g02_t00_001,False,clearance;input,-4.1430458984375385,0.06760744038141268,1.573974196454071,6.750155989720952e-14,1.0028562294561541e-15,523.0205620785441
450,g02_t04_011,g02_t00_056,True,,9.159818652482933,0.045476140317597315,1.0589148185035762,1.9539925233402755e-14,1.8489255396817212e-16,17.39194550955598
451,g02_t04_011,g02_t00_021,True,,8.073281816451354,0.059238212325423145,1.3773661379245674,4.162137128766112e-14,2.5476231888929306e-16,22.6391392926214
452,g02_t04_011,g02_t01_000,False,clearance;speed;input,-5.8924600486447325,0.08953777417967634,2.0848065081415523,2.3566036520288945e-14,5.635475559608569e-16,741.3461500862718
453,g02_t04_011,g02_t01_053,False,clearance;speed;input,-6.484627402530179,0.10571868796330525,2.461889123108872,1.1752181384155657e-13,1.3084185597758136e-15,818.5917725079277
454,g02_t04_011,g02_t01_026,False,clearance;speed;input,-5.994201632227138,0.09246854369596252,2.153399980478967,2.2470431307565592e-14,2.323234527365937e-16,754.6767614116524
455,g02_t04_011,g02_t02_000,False,input,13.788601407213521,0.07640100268364376,1.774136321714974,9.638270602075164e-14,3.657634727901851e-16,29.176051867979048
456,g02_t04_011,g02_t02_059,False,input,1.8066353727345845,0.0653919926698415,1.5196623219850625,5.3879570629444733e-14,4.477603233993732e-16,24.9857468889929
457,g02_t04_011,g02_t02_043,False,input,0.19787778299894532,0.07879804998337556,1.8330633682362678,3.197442310920451e-14,1.2794688166302258e-16,30.122008333444082
458,g02_t04_011,g02_t03_001,False,clearance,-3.5415297023187406,0.0440762232216074,1.0253096487092563,2.612211099846594e-14,3.242773118236043e-16,441.82990632277705
459,g02_t04_011,g02_t03_004,True,,5.690319175269608,0.04058934889494932,0.9443492386615183,2.6001034513542094e-14,1.3092278833360675e-16,15.509967226636695
460,g02_t04_011,g02_t03_038,True,,6.519506527645924,0.02651708691739281,0.6164049161992238,1.2080532582046505e-14,3.0064314344838043e-16,10.125602458303275
461,g02_t04_011,g02_t04_000,True,,29.022143011073776,0.021027246533284832,0.48827026733756057,2.4501492788668817e-14,8.82665762231321e-17,8.02042944371912
462,g02_t04_011,g02_t04_035,True,,28.70913203581239,0.019645985316850564,0.4534209332440157,2.95110562224397e-14,2.0622790754415068e-16,7.464164448059019
463,g02_t04_011,g02_t05_007,False,clearance;input,-4.268102908485503,0.06205206143119964,1.4440587160265392,4.3800795900274466e-14,6.481183209360838e-16,535.8974966645818
464,g02_t04_011,g02_t05_034,True,,14.033163056397761,0.05189654085006036,1.2089515886516944,5.3254147801613667e-14,1.1145513959121702e-16,19.847642269620273
465,g02_t04_011,g02_t05_058,False,clearance;input,-4.456260557770907,0.06996835088708779,1.6292318740222456,3.62742331401871e-14,7.546505711621145e-16,561.5087722806018
466,g02_t04_011,g02_t06_000,False,clearance,-3.900677957557125,0.05210857954338178,1.2122990285916675,3.8428474007872526e-14,7.428182342046694e-16,488.01027231421983
467,g02_t04_011,g02_t06_024,False,clearance;input,-4.903345100432716,0.06044151520485411,1.405355673352392,1.9131948672901813e-14,4.344434768182728e-16,611.5095958660081
468,g02_t04_011,g02_t06_001,False,clearance,-2.926963093591625,0.05675261439858991,1.32113325396301,2.1651341596482797e-14,2.167849162386227e-16,372.9476131340894
469,g02_t04_011,g02_t07_000,False,clearance,-4.440756478570686,0.04861355190066622,1.1263537311832836,5.695433295429594e-14,7.221785298249066e-16,551.4377188856245
470,g02_t04_011,g02_t07_003,False,clearance,-2.5951982934237354,0.054817505856180386,1.272568678227725,4.980931184949339e-14,2.992586547019258e-16,332.3633118037458
471,g02_t04_011,g02_t07_018,False,clearance,-1.4926623510281583,0.05134130723342728,1.1908884135456077,3.83051078018465e-14,1.7392279088443822e-16,198.72021709971912
472,g02_t04_011,g02_t08_000,False,clearance;input,-5.018822860329347,0.06728950015351569,1.5662551551033959,2.5928877848349073e-14,3.946028839272567e-16,627.9988510519311
473,g02_t04_011,g02_t08_058,False,clearance;input,-4.561186963913253,0.06378229211806509,1.4839009905051,5.826883674891095e-14,5.174014517469252e-16,571.7365602425862
474,g02_t04_011,g02_t08_038,False,clearance,-4.64336963379003,0.054391304329228944,1.2654809402551048,2.864289338439558e-14,1.9675159943996247e-16,578.0088925903215
475,g02_t04_011,g02_t09_000,False,clearance;input,-5.324378798322391,0.07247829927121566,1.686666679689775,4.2036275140586214e-14,6.873358824899141e-16,666.6435178110803
476,g02_t04_011,g02_t10_000,False,clearance,-4.40336622848914,0.04745350292809072,1.1006973992535474,3.3348159508782973e-14,6.359601310784502e-17,546.5213454446568
477,g02_t04_011,g02_t11_000,False,clearance;input,-4.954715486513711,0.06244726014218388,1.4526233292872182,3.275440170573378e-14,3.065703529144609e-16,618.4491621581894
478,g02_t04_011,g02_t12_000,False,clearance;input,-1.9809473511086568,0.061085194281100215,1.423009435940419,1.1916163935586911e-14,5.721958498152797e-16,261.08016442064564
479,g02_t04_011,g02_t13_000,True,,0.38094204555864897,0.05228399803632325,1.2144163234875132,4.3944641265813476e-14,7.983045901144101e-16,19.976608930591773
480,g02_t04_011,g02_t14_000,False,clearance;input,-1.0039892362201388,0.07885768450742765,1.8348724831627257,4.5496934130773415e-14,2.7336071744532853e-16,150.62913474289118
481,g02_t04_035,g02_t00_001,False,clearance;input,-4.527339240997204,0.0751173206038725,1.7463264181807343,6.444038954788686e-14,6.361138974910832e-16,571.9870055738356
482,g02_t04_035,g02_t00_056,True,,9.155916637794867,0.053835536555398536,1.2507537004321707,5.390884505194122e-14,4.355503409735122e-16,20.564042969885634
483,g02_t04_035,g02_t00_021,False,input,5.387898783359969,0.06945323967459247,1.6135407519336755,1.0764194803089649e-13,9.174309423307194e-16,26.540521022256193
484,g02_t04_035,g02_t01_000,False,clearance;speed;input,-5.885064360023586,0.09103347820311797,2.1178877782033525,7.8482010346102e-14,1.1514383065176238e-15,741.0134730633181
485,g02_t04_035,g02_t01_053,False,clearance;speed;input,-6.2553835922684,0.10479562057216493,2.4391121288815585,7.280896430443987e-14,2.1544120232613906e-16,790.7157842615643
486,g02_t04_035,g02_t01_026,False,clearance;speed;input,-5.871424603889431,0.09059325601562161,2.1085354037110107,6.192178722899803e-14,7.255044133573769e-16,739.2121871659825
487,g02_t04_035,g02_t02_000,False,speed;input,8.491576666084521,0.08923781262228299,2.071715616013086,4.618527782440651e-14,4.579801393138379e-17,34.08669348358059
488,g02_t04_035,g02_t02_059,False,clearance;input,-4.988230646721501,0.07529950808389432,1.749049233958014,2.3448583132868502e-14,2.951273991599437e-16,627.3622093629963
489,g02_t04_035,g02_t02_043,False,clearance;speed;input,-5.581214074312958,0.08775351982816422,2.039959181046856,5.2214014291603906e-14,3.1080126089379416e-16,703.2875438500583
490,g02_t04_035,g02_t03_001,True,,3.7858830333633233,0.036329218562992656,0.8458268139340661,2.5757174171303632e-14,2.136739964154036e-16,13.892817418490246
491,g02_t04_035,g02_t03_004,True,,5.838891289355593,0.03325036192416383,0.7744304528529441,1.0087767680389479e-14,1.9506192212679625e-16,12.713815485099907
492,g02_t04_035,g02_t03_038,True,,6.584579055081885,0.021060135017380906,0.4892999275206811,1.2047838252593955e-14,1.9592394239619642e-16,8.037344851807626
493,g02_t04_035,g02_t04_000,True,,28.542156726925107,0.019517428784143927,0.4531248964713194,1.5306589719811546e-14,1.37076088432403e-16,7.447314884857224
494,g02_t04_035,g02_t04_011,True,,28.323483427707618,0.019651485712857686,0.45342096745249844,1.9131948672901813e-14,4.810535519880077e-17,7.466774941966895
495,g02_t04_035,g02_t05_007,False,clearance;input,-4.279519409100034,0.07098787955289816,1.649825478995626,7.469152777740589e-14,9.157910666048587e-16,540.6688776079609
496,g02_t04_035,g02_t05_034,True,,14.16291960338456,0.05522856748962324,1.2843373897070598,3.8947313631090105e-14,4.613223039484734e-16,21.1004529960763
497,g02_t04_035,g02_t05_058,False,clearance;input,-4.371045441865728,0.07534176563484771,1.7520535942867577,4.1583447479068616e-14,3.251669631848525e-16,553.3181218896394
498,g02_t04_035,g02_t06_000,False,clearance,-4.57228793764023,0.05884163553233499,1.3667699279629597,3.197442310920451e-14,2.23449622528746e-16,571.1543237210269
499,g02_t04_035,g02_t06_024,False,clearance;input,-1.8671003127948738,0.06749729919987871,1.5681429621779845,5.434606912323529e-14,3.7702210407074333e-16,249.85011526704767
500,g02_t04_035,g02_t06_001,False,clearance,-1.340345368205142,0.05805099675584818,1.3495714819705753,5.173019819927213e-14,3.066074670596413e-16,183.02865038161173
501,g02_t04_035,g02_t07_000,False,clearance;input,-4.895316380029131,0.06626559053944214,1.5367782810691808,6.56050691554078e-14,2.904820230039473e-16,612.7443271456149
502,g02_t04_035,g02_t07_003,False,clearance;input,-3.2624613741553574,0.0695395906568906,1.6141410723465421,3.182604911552452e-14,3.67237313403358e-16,418.0634224120149
503,g02_t04_035,g02_t07_018,False,input,0.13803447794611312,0.06542485911405721,1.5178925939397074,5.956095609355922e-14,3.549714339604237e-16,24.99079382484555
504,g02_t04_035,g02_t08_000,False,clearance;input,-4.874234873489506,0.06879244803161187,1.5996950524990865,6.998175272768143e-14,1.2202987474385978e-15,611.2044075834781
505,g02_t04_035,g02_t08_058,False,input,0.5160711923553616,0.06846526160993788,1.5912522362258716,2.040878629308206e-14,3.544273982392691e-16,26.170723372040847
506,g02_t04_035,g02_t08_038,False,clearance;input,-4.360447284071006,0.0609095652891347,1.4149335341093425,2.929642751054232e-14,3.3853340862194527e-16,546.526858968207
507,g02_t04_035,g02_t09_000,False,clearance;input,-5.384061817533443,0.07692610181082139,1.788547509681251,8.293893593196879e-14,6.389813363550566e-16,675.4943835255019
508,g02_t04_035,g02_t10_000,False,clearance;input,-4.769991623272743,0.062272121032513734,1.4448813968452157,4.688312127266288e-14,2.224846260672635e-16,596.1882995217676
509,g02_t04_035,g02_t11_000,False,clearance;input,-4.429853540935545,0.06959078730763295,1.6168963288153027,7.45223508268219e-14,5.809226062955834e-16,558.1781606429728
510,g02_t04_035,g02_t12_000,False,clearance,-0.5226923251056266,0.056234620487008107,1.3093804749591407,3.294651128092491e-14,2.0455030687293702e-16,84.22275111266192
511,g02_t04_035,g02_t13_000,False,clearance;input,-3.6225508529914725,0.06285423396879793,1.4592925728892066,9.723018609551565e-14,1.271560590991123e-15,458.72364052220195
512,g02_t04_035,g02_t14_000,False,clearance;speed;input,-1.5900505385636943,0.08604152679810959,2.000384028587369,8.109706139452635e-14,6.50333926369705e-16,223.69471244035324
513,g02_t05_007,g02_t00_001,True,,4.389789236987312,0.00758751259928509,0.17503208830583886,8.702335715267317e-15,2.2028256127515866e-17,2.8779606786844942
514,g02_t05_007,g02_t00_056,False,clearance,-3.418617499232185,0.01796821737782993,0.41704334313526553,2.1972320632906738e-14,2.0296264668928643e-16,417.0913844430972
515,g02_t05_007,g02_t00_021,True,,4.395930804292922,0.01194463439177496,0.2761191299836811,7.944109290391274e-15,8.335702806293285e-17,4.541001383096474
516,g02_t05_007,g02_t01_000,True,,4.2021436575600095,0.05721065114923591,1.331268136660392,1.2306961192854808e-14,1.7225376107857806e-16,21.883639276228543
517,g02_t05_007,g02_t01_053,False,input,4.027748468927994,0.0699243443722316,1.6267135495128553,2.3632890658920172e-14,1.4752290795525882e-16,26.736352029372213
518,g02_t05_007,g02_t01_026,False,input,3.8648601448310753,0.06730390559039948,1.5655889517777188,7.944109290391274e-15,6.10780345318845e-16,25.737536727352506
519,g02_t05_007,g02_t02_000,True,,4.34736160138001,0.025334921544876307,0.5833250077644514,4.2780337774645346e-14,1.3309410802156274e-16,9.60621693866693
520,g02_t05_007,g02_t02_059,True,,4.362897245442859,0.026859591588940388,0.6232332365176025,1.854570987253821e-14,3.4915808093142e-16,10.248732739829508
521,g02_t05_007,g02_t02_043,True,,4.379773571258942,0.01794298025492851,0.4156633104460532,8.881784197001252e-15,2.527939140232592e-16,6.83850137614194
522,g02_t05_007,g02_t03_001,False,clearance;input,-4.724653497589793,0.06387105312320984,1.484258635665358,2.2748467065386707e-14,5.540697006111464e-16,591.3686770791257
523,g02_t05_007,g02_t03_004,False,clearance,-4.272769839437341,0.05215122453819755,1.2103489560682652,3.739853452953543e-14,2.745032041236506e-16,532.6517058423876
524,g02_t05_007,g02_t03_038,False,clearance,-4.378228024455123,0.05581772138670758,1.2970904427098155,2.5324768823124182e-14,2.586076513153599e-16,546.7182358811224
525,g02_t05_007,g02_t04_000,False,clearance,-4.0712202255413175,0.05422204949561601,1.259767800705558,4.935587579328812e-14,2.3472033033298877e-16,509.26523249883377
526,g02_t05_007,g02_t04_011,False,clearance;input,-4.5569272242290655,0.062050321963907945,1.4440587119721306,6.56050691554078e-14,5.526013298434493e-16,570.5560943863009
527,g02_t05_007,g02_t04_035,False,clearance;input,-4.65344313556472,0.07098846861702172,1.6498254797322014,1.0875018478638741e-13,1.752416118529977e-15,585.5397832970201
528,g02_t05_007,g02_t05_034,False,clearance,-3.537100477585034,0.022479025903875828,0.5202800686161281,3.3410335329645765e-14,2.227212004505268e-16,433.01998702884725
529,g02_t05_007,g02_t05_058,True,,3.214585321896265,0.016034841817621687,0.3712765151988882,1.475552811121985e-14,4.563344992840996e-17,6.104373341544422
530,g02_t05_007,g02_t06_000,False,clearance;input,-3.4325853447875856,0.07577224842065151,1.764824132099681,2.5680492922932105e-14,1.1476896955253368e-15,440.89270473729647
531,g02_t05_007,g02_t06_024,False,input,1.1605955487834576,0.06056724262816472,1.410457701535438,5.18501491318319e-14,4.654381809316593e-16,23.17077145785565
532,g02_t05_007,g02_t06_001,False,clearance;input,-5.366717030051608,0.07366597696935324,1.7149553097886165,2.7974095480984613e-14,2.996606141238032e-16,672.1814464108447
533,g02_t05_007,g02_t07_000,True,,4.02924452243601,0.05987998036389125,1.3941358815272682,3.197442310920451e-14,9.800558206115222e-16,22.889793546351996
534,g02_t05_007,g02_t07_003,False,input,4.0285040499397144,0.07528614708389345,1.7538671221645188,2.6001034513542094e-14,4.186977109895015e-16,28.79576008051241
535,g02_t05_007,g02_t07_018,True,,4.180434963787286,0.05419001902803276,1.2615094180162139,2.0175535360778957e-14,2.871059066264115e-16,20.716430744056716
536,g02_t05_007,g02_t08_000,False,clearance;speed;input,-5.868967970377165,0.088857688111772,2.068975822980502,7.415226041474904e-14,4.2689708477294875e-16,738.2628589921445
537,g02_t05_007,g02_t08_058,False,clearance;input,-0.7117220327080651,0.06752693245482827,1.5725873768912513,1.2809491335957507e-14,5.87805104850756e-16,111.24241474082058
538,g02_t05_007,g02_t08_038,False,clearance;input,-2.441427621520345,0.07340266215041005,1.709644366716966,5.07429009285179e-14,2.776424787817943e-16,321.04951594773706
539,g02_t05_007,g02_t09_000,True,,4.273667674937431,0.04546587059562323,1.058334253510176,3.6404482152219934e-14,9.716594706420326e-16,17.39711690096683
540,g02_t05_007,g02_t10_000,True,,4.137156694376651,0.05795407874532337,1.3497258854875944,2.2506212258164498e-14,2.0633731808160716e-16,22.16142664743041
541,g02_t05_007,g02_t11_000,False,input,0.15482601611014468,0.07906158251258785,1.8416405059398904,5.18501491318319e-14,4.1645310520718276e-16,30.246121330592423
542,g02_t05_007,g02_t12_000,False,clearance,-4.328090079902872,0.048274541208071974,1.1208012847774365,7.809911983607026e-14,8.38517670483281e-16,537.8169130151023
543,g02_t05_007,g02_t13_000,True,,4.2085670418766385,0.050989150291485104,1.1872718661002137,2.3832327871173822e-14,1.5012124971125429e-16,19.50053820487024
544,g02_t05_007,g02_t14_000,True,,4.36814832802662,0.025616800776377284,0.5955372908885533,6.217248937900877e-15,3.8919710960650274e-16,9.794230541654205
545,g02_t05_034,g02_t00_001,False,clearance,-3.5246282595896603,0.02292188916790261,0.5314754594003306,2.1900397950137233e-14,3.0815642670637774e-16,431.7035992661261
546,g02_t05_034,g02_t00_056,True,,9.168501379623699,0.014817038072610924,0.3437280872039072,1.9131948672901813e-14,1.5550709907979195e-16,5.650637660653244
547,g02_t05_034,g02_t00_021,False,clearance,-3.551208466627292,0.027473262787457372,0.6356567187845207,3.197442310920451e-14,2.854713996837915e-16,436.61164654932037
548,g02_t05_034,g02_t01_000,False,clearance,-4.705565495550351,0.05620656551017144,1.3081722032862126,3.5704330589399866e-14,2.9895683046506926e-16,586.1708101709664
549,g02_t05_034,g02_t01_053,False,clearance;input,-5.012263567808279,0.0670946171505467,1.561620654386824,4.266955553143359e-14,6.516652152274091e-16,627.1325749266548
550,g02_t05_034,g02_t01_026,False,clearance;input,-3.4432183078174976,0.06121228587226911,1.424958633502413,2.2601697722453982e-14,3.9626567482417643e-16,436.6038800413159
551,g02_t05_034,g02_t02_000,False,clearance,-4.395067634856925,0.04733145543025055,1.0949855620627649,7.426786282979547e-14,3.1388467907045983e-16,545.4402850092223
552,g02_t05_034,g02_t02_059,False,clearance,-4.103215687710868,0.038609536834218305,0.8946376591209485,1.6110097386971715e-14,3.938089749761706e-16,507.11054888465736
553,g02_t05_034,g02_t02_043,False,clearance,-4.07770839724362,0.03717187110291531,0.8613704974311867,4.8841738066824975e-14,4.555424804644729e-16,503.50435658264377
554,g02_t05_034,g02_t03_001,False,clearance,-4.432855801554718,0.04734760444705945,1.1007995258646106,4.591976915943464e-14,6.576958761535404e-16,550.0319499943267
555,g02_t05_034,g02_t03_004,True,,4.946369081003511,0.031850211197462605,0.7386464437396649,1.8396231362423503e-14,8.993834424997155e-17,12.147536829053607
556,g02_t05_034,g02_t03_038,True,,3.1775268123342206,0.039222726387159776,0.9119616287309221,1.9214237003936263e-14,1.9540102647498285e-16,14.981896101860702
557,g02_t05_034,g02_t04_000,True,,14.264237700011995,0.03845643938232847,0.893948266145463,4.0672365535440174e-14,2.725890398876852e-16,14.688389979552458
558,g02_t05_034,g02_t04_011,True,,14.025195944516287,0.051897970510447755,1.2089515955585148,2.6407442894293542e-14,1.3092278833360675e-16,19.84819023290947
559,g02_t05_034,g02_t04_035,True,,14.16878114440613,0.055230302334407025,1.2843373978110375,3.972054645195637e-14,4.680057608523387e-16,21.101093441058566
560,g02_t05_034,g02_t05_007,False,clearance,-3.485651355194813,0.022477302054650868,0.5202800609237731,2.5121479338940402e-14,8.478876912972011e-17,426.84551176137603
561,g02_t05_034,g02_t05_058,False,clearance,-3.12104973480531,0.021698800434856263,0.504169907168109,2.07157025572446e-14,8.002322828458972e-17,382.81822442213706
562,g02_t05_034,g02_t06_000,False,clearance;input,-5.316627618664882,0.07217867763142115,1.6814883151321347,6.052660608233687e-14,3.260541871072589e-16,665.607562496048
563,g02_t05_034,g02_t06_024,False,clearance;input,-2.6430880263576606,0.06035920836478923,1.4045308139815715,4.577351378545247e-14,5.383794727051534e-16,340.2485391452833
564,g02_t05_034,g02_t06_001,False,clearance;input,-5.055453802388467,0.06647624366255583,1.548381925226298,4.3949689762730106e-14,5.662749647834299e-16,632.085202499915
565,g02_t05_034,g02_t07_000,False,input,5.656515284882371,0.06644413096273726,1.544976084890148,5.4577823134626213e-14,1.0678378474966264e-15,25.38590091777046
566,g02_t05_034,g02_t07_003,False,input,1.5861282803000862,0.07875455368985271,1.8330357993533486,7.450250025577225e-14,5.933464366067994e-16,30.109192685865448
567,g02_t05_034,g02_t07_018,True,,0.3430882804604374,0.05951524510118255,1.383578814530168,1.2080532582046505e-14,5.211566658954003e-16,22.73712466252779
568,g02_t05_034,g02_t08_000,False,clearance;input,-5.686237913039052,0.08278757025156566,1.928444509735089,3.626403773451052e-14,7.351626287044711e-16,714.0204996191238
569,g02_t05_034,g02_t08_058,False,clearance;input,-5.064289884197563,0.06498726118922163,1.5128884307854318,3.117493601007525e-14,1.3947004136484323e-16,632.5700583531577
570,g02_t05_034,g02_t08_038,False,clearance;input,-5.249245102126853,0.0702583392249025,1.636467474315616,4.2780337774645346e-14,5.757609674836016e-16,656.7851024351575
571,g02_t05_034,g02_t09_000,False,clearance,-4.103221748075093,0.046305292984598734,1.0766628176030315,3.4809342861069267e-14,3.0938441821792777e-16,510.08834346324375
572,g02_t05_034,g02_t10_000,False,input,2.118775226288289,0.06202160082029064,1.44268711057491,2.4071177972125475e-14,5.340694943204953e-16,23.70222780805409
573,g02_t05_034,g02_t11_000,False,clearance;input,-3.9212042592983085,0.07760883323432474,1.8073296959352876,3.117493601007525e-14,6.243462346678937e-16,500.22984885401314
574,g02_t05_034,g02_t12_000,True,,3.097112265278895,0.030098989065988766,0.6992112557245168,2.2817716744798718e-14,1.8319225624830465e-16,11.497886999074524
575,g02_t05_034,g02_t13_000,False,clearance,-4.659840553388252,0.053435377581366135,1.2426563458158495,3.6792462724847006e-14,3.191891195797325e-16,579.601020863233
576,g02_t05_034,g02_t14_000,False,clearance,-2.4255045980333394,0.037823189626054445,0.8774384567933744,4.322062729257126e-14,3.714091171023347e-16,305.4999545412452
577,g02_t05_058,g02_t00_001,True,,4.199042545753777,0.009609498410071303,0.2218309040946964,3.552713678800501e-15,8.101362933856949e-17,3.644944277091785
578,g02_t05_058,g02_t00_056,False,clearance,-3.0596295120648036,0.027286433678729148,0.6349410592277517,3.1225503660520366e-14,9.106885210113025e-17,377.5825883130946
579,g02_t05_058,g02_t00_021,True,,4.175416381902647,0.021450391004732082,0.496940050925722,1.2809491335957507e-14,2.2570745733045795e-16,8.16342566288129
580,g02_t05_058,g02_t01_000,True,,4.062392510073583,0.04592064064874633,1.0688980209714936,3.972054645195637e-14,7.240512191304963e-16,17.570234497315653
581,g02_t05_058,g02_t01_053,True,,3.9674868897991193,0.05572782311155474,1.2965747776770435,1.2434497875801753e-14,2.5485679777957566e-16,21.31071327529564
582,g02_t05_058,g02_t01_026,True,,3.8561032713756154,0.054911786286395904,1.2777695010739278,3.499298987124872e-14,6.563768190296064e-16,21.004698669325286
583,g02_t05_058,g02_t02_000,True,,4.151963030151575,0.035598085120330206,0.8226488609636736,4.263256414560601e-14,1.4254318964189535e-16,13.537506474298352
584,g02_t05_058,g02_t02_059,True,,4.173372461704186,0.029614078104690758,0.6864296816049098,2.842170943040401e-14,1.0614466625631893e-16,11.283107943970883
585,g02_t05_058,g02_t02_043,True,,4.223717214845822,0.018959973670823818,0.4369891469708855,2.2469334198890888e-14,4.511248375743757e-16,7.195264506845351
586,g02_t05_058,g02_t03_001,False,clearance;input,-4.937550734718982,0.06144429258077368,1.428208921398001,4.705040823708615e-14,1.760893866893587e-16,615.9830920690285
587,g02_t05_058,g02_t03_004,False,clearance,-4.2148318221503445,0.050089992540587366,1.1627773722670958,2.9790409838967274e-14,8.210209988395745e-17,524.9052970996993
588,g02_t05_058,g02_t03_038,False,clearance,-3.3837407525878964,0.057614657815466944,1.33954620291606,5.841081590836475e-14,1.2238102215273765e-16,428.06389701634333
589,g02_t05_058,g02_t04_000,False,clearance,-4.350764095009265,0.05937457208371437,1.3804646669248526,5.043883840194739e-14,2.566452884781707e-16,544.7805650999467
590,g02_t05_058,g02_t04_011,False,clearance;input,-4.782154172404416,0.06997017486645107,1.629231870448614,4.4550802883181196e-14,4.696457461544267e-16,600.6157231802616
591,g02_t05_058,g02_t04_035,False,clearance;input,-4.768179771341226,0.07534514981356788,1.7520536019237494,4.081757258616412e-14,4.80740671595891e-16,600.9748401383488
592,g02_t05_058,g02_t05_007,True,,3.5920628144575275,0.01602470200864713,0.37127643773569274,1.5888218580782548e-14,1.3329179921125024e-16,6.098361939161771
593,g02_t05_058,g02_t05_034,False,clearance,-3.095747577701803,0.021698837159507444,0.504169890140187,3.111814723132526e-14,1.0794385653450953e-16,379.780646094178
594,g02_t05_058,g02_t06_000,False,clearance;input,-4.747333047857756,0.07931666683963043,1.8481520429484901,1.5888218580782548e-14,9.537777227281754e-16,600.0229964414852
595,g02_t05_058,g02_t06_024,False,input,3.7919481261909747,0.061598102053517095,1.4343394467191124,8.379058453350833e-14,8.925046918636119e-16,23.55532650713542
596,g02_t05_058,g02_t06_001,False,clearance;input,-0.6859643342746731,0.07323173911636421,1.7056758443424378,3.895917973278959e-14,5.164700352369266e-16,110.32818369139524
597,g02_t05_058,g02_t07_000,False,input,3.4967226358123593,0.07134504490151031,1.660824332101969,5.0368409456630393e-14,1.0126982252310917e-16,27.269598487147036
598,g02_t05_058,g02_t07_003,False,input,1.5205012483200964,0.08413469547713481,1.9596832444002745,7.229248575812844e-15,4.720615760976057e-16,32.173565429619266
599,g02_t05_058,g02_t07_018,False,input,3.8190693325285907,0.06207587627755661,1.444855609814483,2.563437407172453e-14,6.157364262529705e-16,23.72452642835716
600,g02_t05_058,g02_t08_000,False,speed;input,0.9883420228605826,0.08902484975798487,2.073828881900688,6.212528698203636e-14,2.755536028751335e-16,34.056655979926866
601,g02_t05_058,g02_t08_058,False,input,3.670568571049836,0.06703666862846847,1.5612436045392664,2.95110562224397e-14,8.72377931052115e-17,25.640756505891225
602,g02_t05_058,g02_t08_038,False,clearance;input,-2.43443437630054,0.0762596058217552,1.776750525074657,2.2469334198890888e-14,3.1688512388723394e-16,321.3043282428472
603,g02_t05_058,g02_t09_000,True,,4.100145656853482,0.039340447087121054,0.91517961093284,2.3832327871173822e-14,1.151208296956492e-16,15.039468490078681
604,g02_t05_058,g02_t10_000,False,input,2.1030649787009272,0.06656669021973191,1.5500125799439108,2.2489729091031095e-14,1.1977584128588085e-15,25.448007750280258
605,g02_t05_058,g02_t11_000,False,clearance;input,-0.5136826109085604,0.08195798331728837,1.9093770719035785,7.184918763469982e-14,4.2515945519639396e-16,92.99324120734613
606,g02_t05_058,g02_t12_000,False,clearance,-4.1549380041637285,0.03936463605257383,0.9134338314835687,2.5433559371059917e-14,4.928568902184894e-16,513.6251492066507
607,g02_t05_058,g02_t13_000,True,,3.03095098487766,0.0554395456758755,1.2906549572978774,4.4550802883181196e-14,7.078437059792874e-16,21.192499010574974
608,g02_t05_058,g02_t14_000,True,,4.237713685496265,0.018900906993783783,0.4367113301742206,1.020439314654103e-14,4.6027415078689346e-17,7.189446880849626
609,g02_t06_000,g02_t00_001,False,clearance;input,-3.711109944539182,0.07960220413233714,1.8545605984474305,3.5704330589399866e-14,6.099224588589496e-16,475.78250118046896
610,g02_t06_000,g02_t00_056,False,clearance;input,-3.7864265603455296,0.06853979994363944,1.5965346867094101,2.5864145986817697e-14,6.964174812892879e-16,480.5894106071484
611,g02_t06_000,g02_t00_021,False,input,1.6134714357536195,0.0659344709155389,1.535257835519456,5.750569462832774e-14,2.992586547019258e-16,25.21026874103871
612,g02_t06_000,g02_t01_000,False,input,11.098354318233874,0.07173935621681266,1.6717614023737408,8.132533325706673e-14,4.698539444773504e-16,27.444427280543675
613,g02_t06_000,g02_t01_053,False,speed;input,11.28279489335684,0.09130063702371909,2.12711587755223,7.105427357601002e-15,6.4142617399519005e-16,34.92000774455024
614,g02_t06_000,g02_t01_026,False,input,13.126381050283733,0.07539014130900003,1.7564325709108881,3.014577520672848e-14,1.90314266455861e-16,28.837401544581148
615,g02_t06_000,g02_t02_000,False,input,10.826115341787762,0.08128686428851532,1.890712719183134,5.90221124448794e-14,9.079085946270895e-16,31.060997231107926
616,g02_t06_000,g02_t02_059,True,,7.1966236798884,0.05878585228513209,1.3679376597791186,3.117493601007525e-14,6.207886773064453e-16,22.46471074033868
617,g02_t06_000,g02_t02_043,False,input,4.3653461542317835,0.08465438465901547,1.971421133639617,8.333745502213149e-14,6.203231439246562e-16,32.371835471677656
618,g02_t06_000,g02_t03_001,False,clearance,-2.2744089116076514,0.046948129083518024,1.0901579538984718,3.7524881289878936e-14,6.527080057426973e-16,290.8559881933345
619,g02_t06_000,g02_t03_004,False,clearance;input,-4.928387400074971,0.06116445138952601,1.4220865169938828,2.9417348844303596e-14,4.849289084079041e-16,614.7797599153324
620,g02_t06_000,g02_t03_038,False,clearance,-4.533794054221637,0.05029655154423263,1.1688456003236416,2.5864145986817697e-14,4.3753564023070306e-16,563.2723614551285
621,g02_t06_000,g02_t04_000,False,clearance;input,-4.971346329698704,0.06409770796685123,1.4906213654745348,3.42726405150535e-14,7.929792726436376e-16,621.0646651991525
622,g02_t06_000,g02_t04_011,False,clearance,-4.598246731590971,0.05211492333436608,1.2122990296471334,3.517007107451656e-14,1.816082330116986e-16,571.7186051754007
623,g02_t06_000,g02_t04_035,False,clearance,-4.736303114583127,0.05885552941614242,1.366769969638164,5.3879570629444733e-14,5.414560792754543e-16,590.8393370780286
624,g02_t06_000,g02_t05_007,False,clearance;input,-2.860741730852654,0.07576453323442368,1.7648240807420459,4.0351070721557915e-14,2.8609792490763985e-16,372.26743687655636
625,g02_t06_000,g02_t05_034,False,clearance;input,-5.316626475992414,0.07217653298338049,1.681488299824431,2.998835493907516e-14,2.2247786310271853e-16,665.606221364853
626,g02_t06_000,g02_t05_058,False,clearance;input,-4.1736233194145615,0.07931401854431011,1.8481520145818293,4.999111268755843e-14,3.265383680544699e-16,531.1755858509257
627,g02_t06_000,g02_t06_024,True,,15.208722353688469,0.024673103648113696,0.5730344502617057,8.881784197001252e-15,2.9342989891328704e-16,9.411901320917542
628,g02_t06_000,g02_t06_001,True,,11.397106596430453,0.01992027444647138,0.46302577493870134,3.4148698849926343e-14,2.72831802307881e-16,7.611138041077185
629,g02_t06_000,g02_t07_000,True,,15.79607341159683,0.04375476844256447,1.015707314170081,2.774758085844075e-14,3.1966016425556574e-16,16.699959885974824
630,g02_t06_000,g02_t07_003,True,,18.016380858108402,0.03078865085804018,0.7139620735031897,3.62742331401871e-14,3.1126566348511744e-16,11.742875301487018
631,g02_t06_000,g02_t07_018,True,,18.008526724269682,0.03213094262068221,0.7448059661402913,2.5879391579645743e-14,3.134813796900204e-16,12.245948826437346
632,g02_t06_000,g02_t08_000,True,,17.704129816006894,0.02109193981684262,0.49029366030074034,1.4210854715202004e-14,1.6333655961592464e-16,8.062317805120868
633,g02_t06_000,g02_t08_058,True,,18.048784429312605,0.023933652638694753,0.5565052459039954,1.0048591735576161e-14,4.0980983445508607e-16,9.13990879332208
634,g02_t06_000,g02_t08_038,True,,18.1438839128901,0.005403406778439301,0.12433180140924094,1.464821375527116e-14,2.4670305127455307e-17,2.0440084712762587
635,g02_t06_000,g02_t09_000,True,,7.901475262831808,0.054365546116315305,1.266329658513487,2.3832327871173822e-14,2.536495558929408e-16,20.7885400342486
636,g02_t06_000,g02_t10_000,True,,17.167002399163316,0.030404020975522045,0.705065572311843,1.235522231722544e-14,3.967324346521807e-16,11.592467556179455
637,g02_t06_000,g02_t11_000,True,,18.140469390192674,0.011244444529732882,0.2599285522501541,2.4868995751603507e-14,7.934848985251286e-17,4.278920740839456
638,g02_t06_000,g02_t12_000,False,input,0.2143060584484462,0.06916830028704118,1.6102570736587953,5.2214014291603906e-14,4.759089844286815e-16,26.448175513057564
639,g02_t06_000,g02_t13_000,True,,12.602725793376337,0.028286904949468512,0.6566707873673177,2.842170943040401e-14,2.669671234524584e-16,10.78773001358771
640,g02_t06_000,g02_t14_000,False,input,3.0505817912252917,0.07649365770853217,1.781666129262353,5.560876503273892e-14,5.596896510161537e-16,29.25202629566239
641,g02_t06_024,g02_t00_001,False,input,4.848052625027868,0.0629395782205384,1.4659252776845388,2.2748467065386707e-14,4.4171881471818716e-16,24.07170037742388
642,g02_t06_024,g02_t00_056,False,clearance,-4.700301700439505,0.058501057579298604,1.3619001350423585,2.0175535360778957e-14,1.8875832159447664e-16,586.4099279876029
643,g02_t06_024,g02_t00_021,True,,7.299849273014964,0.04987998852890592,1.16172800297009,2.6407442894293542e-14,5.558076756804018e-16,19.078863488576133
644,g02_t06_024,g02_t01_000,True,,16.766973127065466,0.04929460698701958,1.1478701825939006,3.197442310920451e-14,1.1123893155135927e-16,18.845574663810318
645,g02_t06_024,g02_t01_053,False,input,16.561334145647145,0.06981597032024364,1.6254553779517265,1.5888218580782548e-14,2.276126435504334e-16,26.688298765750858
646,g02_t06_024,g02_t01_026,True,,16.51421018874969,0.055896216239750274,1.3007329760578217,2.5224306211813286e-14,2.871897454095173e-16,21.36441601700882
647,g02_t06_024,g02_t02_000,False,input,15.374373277380888,0.06464939120232586,1.5034910901943435,5.0368409456630393e-14,8.519876736429637e-16,24.701867705281632
648,g02_t06_024,g02_t02_059,True,,15.73357363734134,0.03892579101572532,0.9057876950359058,3.168942934712375e-14,2.3795449221434073e-16,14.87535096275918
649,g02_t06_024,g02_t02_043,False,input,14.18963785021039,0.06563154923071529,1.5287198820490377,4.5496934130773415e-14,6.283818797896651e-16,25.103238333863292
650,g02_t06_024,g02_t03_001,True,,4.886690686625381,0.04652132319974446,1.079170165473296,5.887658305954441e-14,5.117992863406674e-16,17.767036126736933
651,g02_t06_024,g02_t03_004,False,clearance,-4.1576256810493355,0.057483794411704696,1.3351959871013237,7.33702038788784e-14,9.351816870246358e-16,520.8814579585062
652,g02_t06_024,g02_t03_038,False,clearance,-3.2611744741704065,0.05204318724359482,1.2088395468804827,2.8435583831733384e-14,1.249000902703301e-16,411.2309594644172
653,g02_t06_024,g02_t04_000,False,clearance;input,-5.106223688601541,0.06628132265651716,1.540905531961095,1.0395861869767154e-14,3.7612709484613696e-16,638.088861827776
654,g02_t06_024,g02_t04_011,False,clearance;input,-4.884602383010383,0.06043026751516786,1.4053556495456168,3.102273850532274e-14,4.2440852730454916e-16,609.2586472806597
655,g02_t06_024,g02_t04_035,False,clearance;input,-2.9525893054500854,0.06751071836112059,1.568142982914327,2.5121479338940402e-14,4.629989631440353e-16,380.11038059252394
656,g02_t06_024,g02_t05_007,False,input,2.5874632443758845,0.060557111138175385,1.410457608009896,1.1234667099445444e-14,5.2222092010065116e-17,23.163493656895987
657,g02_t06_024,g02_t05_034,False,clearance;input,-3.1059384085168587,0.06034999595366547,1.4045307732099606,4.151759123208483e-14,5.718591649671733e-16,395.78741792102886
658,g02_t06_024,g02_t05_058,False,input,3.96197828052525,0.06159066032040876,1.4343393880920576,2.95110562224397e-14,6.122861265267472e-16,23.550721738746127
659,g02_t06_024,g02_t06_000,True,,15.098584213584573,0.024670364081403266,0.5730344314393205,1.8202241076109967e-14,2.779024842816778e-16,9.41041354264992
660,g02_t06_024,g02_t06_001,True,,11.532956795291227,0.022914889101390022,0.5306329467187066,2.660183331633036e-14,1.0488982222938547e-16,8.7339793888031
661,g02_t06_024,g02_t07_000,True,,14.476014775899607,0.04583370113291018,1.0659690868336882,3.014577520672848e-14,3.1378841343618384e-16,17.515343853088922
662,g02_t06_024,g02_t07_003,True,,15.987158143632488,0.0407715464626316,0.9492471128374828,3.5001442624672365e-14,2.2041230194153869e-16,15.590385237100019
663,g02_t06_024,g02_t07_018,True,,15.416796900196196,0.027079764294415807,0.62891224765293,3.552713678800501e-14,1.8580176062982074e-16,10.334697254041423
664,g02_t06_024,g02_t08_000,True,,16.702405079947273,0.03241652605251392,0.7527007598239875,1.7404671430534633e-14,3.296522366252803e-16,12.372531622173378
665,g02_t06_024,g02_t08_058,True,,17.162628630611422,0.009542879745594262,0.22032753734423088,1.3293037379376718e-14,1.0822575382361355e-16,3.62722769691677
666,g02_t06_024,g02_t08_038,True,,15.643363333341659,0.019696788363937557,0.4571875507839201,1.9131948672901813e-14,2.3747502710911156e-16,7.508246794197268
667,g02_t06_024,g02_t09_000,True,,16.669398549164207,0.03129606538659352,0.7290577462497413,1.464821375527116e-14,4.55927317696593e-17,11.967712074435514
668,g02_t06_024,g02_t10_000,True,,14.594149192210272,0.03095303630560051,0.7199889705089004,3.200314156974869e-14,2.4728177396301317e-16,11.828190219304172
669,g02_t06_024,g02_t11_000,True,,17.027000407274286,0.02203050182344835,0.5123135992514614,1.6280579355608324e-14,6.059128614320848e-17,8.410945388392761
670,g02_t06_024,g02_t12_000,True,,4.983837484093695,0.05749231015860391,1.3366707722649527,2.9724135207732e-14,3.243515426387745e-16,21.97503206249545
671,g02_t06_024,g02_t13_000,True,,13.834608393147946,0.014762220414263677,0.3428692660448818,1.2932072993408848e-14,9.913403023604266e-17,5.6317670851226795
672,g02_t06_024,g02_t14_000,True,,15.79149822652201,0.05511520441359138,1.2841632653580686,3.168942934712375e-14,6.23265649448857e-16,21.082954996485302
673,g02_t06_001,g02_t00_001,False,clearance;input,-4.766291828182523,0.0758527669640217,1.7665191448948596,4.507888299247583e-14,5.926969055564841e-16,600.9702690079956
674,g02_t06_001,g02_t00_056,False,clearance;input,-5.135826386995028,0.06701714635568112,1.5606859194037506,3.9879112138130155e-14,4.572436249149755e-16,641.9379485975487
675,g02_t06_001,g02_t00_021,False,clearance;input,-1.2697052607595136,0.06485680684007471,1.5092072719423018,2.5121479338940402e-14,3.477763656540197e-16,177.16161750412988
676,g02_t06_001,g02_t01_000,True,,11.346846565018431,0.0585414573303963,1.3637727571914113,4.2780337774645346e-14,5.012360334665844e-16,22.39112688345659
677,g02_t06_001,g02_t01_053,False,input,11.231797120770752,0.07628417316210459,1.7770133009380444,3.03543989777123e-14,2.9537201370600734e-16,29.171556953126213
678,g02_t06_001,g02_t01_026,True,,11.300902027170181,0.05902399772860923,1.3751402869985236,3.177954017774959e-14,5.058258525538649e-16,22.574159517793305
679,g02_t06_001,g02_t02_000,False,input,1.4459801050222425,0.08318631078322707,1.93370658134235,4.713207304057789e-14,3.4219371797089426e-16,31.784717387168573
680,g02_t06_001,g02_t02_059,True,,5.724000872813182,0.057138639268331515,1.3283258602710915,4.720733054568282e-14,4.648541058872642e-16,21.83095967125571
681,g02_t06_001,g02_t02_043,False,input,4.668103207027304,0.08179576182316001,1.903791808662148,3.552713678800501e-14,7.205766531097152e-16,31.27593646117381
682,g02_t06_001,g02_t03_001,True,,5.72967326964097,0.03437865509708655,0.7978550376707781,1.7404671430534633e-14,2.238801616996866e-16,13.122124895488444
683,g02_t06_001,g02_t03_004,False,clearance,-2.603992028873086,0.05182039838427182,1.2049738912615044,3.899902338861976e-14,3.705655205693184e-16,332.2846395126394
684,g02_t06_001,g02_t03_038,False,clearance,-3.2166701720910558,0.04501382451740023,1.0465297127349786,1.9720761300567452e-14,1.9129210371407775e-16,403.20583731484123
685,g02_t06_001,g02_t04_000,False,clearance;input,-4.98338400100079,0.06270637184909059,1.4588332045388324,2.984332357487219e-14,8.623233451136017e-16,621.9859914310078
686,g02_t06_001,g02_t04_011,False,clearance,-3.202280173641762,0.05675990460823963,1.321133289942108,2.5680492922932105e-14,2.332799991235679e-16,405.98841612543697
687,g02_t06_001,g02_t04_035,False,clearance,-1.5344779943835751,0.05806861316762857,1.3495715649478153,3.5704330589399866e-14,8.908975741647363e-16,206.33091228283635
688,g02_t06_001,g02_t05_007,False,clearance;input,-5.298108904923561,0.07365624317979894,1.7149552670974602,2.6822400070865448e-14,1.4304896245381993e-16,663.9451513613943
689,g02_t06_001,g02_t05_034,False,clearance;input,-4.910892261950956,0.0664766764593695,1.5483819285548002,3.5011477618803004e-14,1.7557595556438868e-16,614.7380774407491
690,g02_t06_001,g02_t05_058,False,input,0.5295520408836896,0.07323187678305908,1.7056758212957268,3.83051078018465e-14,3.360173254308499e-16,28.01065597281887
691,g02_t06_001,g02_t06_000,True,,11.459758835740182,0.019920456180973413,0.46302576053697075,1.9131948672901813e-14,1.2667045373399496e-16,7.610021664195324
692,g02_t06_001,g02_t06_024,True,,11.541121348443593,0.0229121064465388,0.5306329344977174,2.1683198553528097e-14,1.765331524462642e-16,8.733046161244948
693,g02_t06_001,g02_t07_000,True,,9.17534037948105,0.05823179407643613,1.3526236634338489,5.826883674891095e-14,6.487123630013255e-16,22.244603719071634
694,g02_t06_001,g02_t07_003,True,,11.328936737819907,0.04927379672148529,1.1446681411547308,4.3800795900274466e-14,3.0054303251241967e-16,18.824018913956913
695,g02_t06_001,g02_t07_018,True,,9.052115121123633,0.043087673722890504,0.9995963663348341,2.2486881514489034e-14,3.631543228538717e-17,16.44515935809538
696,g02_t06_001,g02_t08_000,True,,11.497290750437417,0.01662087140827712,0.3863022013628544,1.5987211554602254e-14,1.018032932337349e-16,6.343813772089739
697,g02_t06_001,g02_t08_058,True,,11.572846471623613,0.016380397193781,0.3792799104410632,2.040878629308206e-14,1.665695898455916e-16,6.242262763974569
698,g02_t06_001,g02_t08_038,True,,11.529373895994135,0.017114652596666422,0.39770392095584967,2.4868995751603507e-14,1.2911750880923164e-16,6.541006922256284
699,g02_t06_001,g02_t09_000,True,,11.418388520214773,0.04474147185995245,1.0413509407044292,3.351623381340333e-14,2.420669712248692e-16,17.10371084198882
700,g02_t06_001,g02_t10_000,True,,9.821627989247562,0.04373818375269867,1.015432542561782,4.6272007624848815e-14,2.3795449221434073e-16,16.70227296735362
701,g02_t06_001,g02_t11_000,True,,11.523239348405326,0.02289314696556956,0.5315184368775905,4.507888299247583e-14,4.0730553623808457e-16,8.744257630477069
702,g02_t06_001,g02_t12_000,True,,5.852400841030217,0.055866525066585,1.3008680244321729,3.696359138182859e-14,2.8609792490763985e-16,21.365311112050783
703,g02_t06_001,g02_t13_000,True,,6.21424648276952,0.03277628248912802,0.7602670455570143,6.094224431197561e-14,6.803655356743697e-16,12.50689201699188
704,g02_t06_001,g02_t14_000,False,input,9.663003814964744,0.07106233355703784,1.6541538192595666,5.07429009285179e-14,3.1676639673831405e-16,27.171493849872945
705,g02_t07_000,g02_t00_001,False,input,4.795184789304579,0.06637188705197634,1.5453508489450263,6.122635887924618e-14,9.501994354840853e-16,25.37141051127402
706,g02_t07_000,g02_t00_056,True,,7.87739740354372,0.054871081787041004,1.2759818229011883,5.717551566217722e-14,1.722188176232883e-16,20.962149862521585
707,g02_t07_000,g02_t00_021,True,,14.318660785805505,0.050815958558725,1.1833178876854191,2.3832327871173822e-14,4.1807915460507487e-16,19.427560356336343
708,g02_t07_000,g02_t01_000,False,input,12.203800463701644,0.08512771271442925,1.9813613216301746,5.783398860650275e-14,4.1777673608052093e-16,32.549686605322215
709,g02_t07_000,g02_t01_053,False,speed;input,9.009568047747173,0.10545472267345508,2.4545500179290873,6.780472959630513e-14,3.6188843062238402e-16,40.32012299933474
710,g02_t07_000,g02_t01_026,False,speed;input,8.227010810213333,0.09479382754949042,2.2055422250082724,3.8938926072008726e-14,9.302259532034058e-16,36.24103297747535
711,g02_t07_000,g02_t02_000,True,,22.56176602646859,0.056468456476629535,1.314903894316183,2.1316282072803006e-14,1.8851105203537166e-16,21.58634778408903
712,g02_t07_000,g02_t02_059,True,,18.21177441939882,0.04937968752988887,1.1502546735009402,1.3322676295501878e-14,2.1457344368072988e-16,18.888218756947964
713,g02_t07_000,g02_t02_043,False,input,21.42425930876135,0.068945756295862,1.6063036370836083,3.299436390059666e-14,6.954488890524196e-16,26.368067727640813
714,g02_t07_000,g02_t03_001,False,clearance;input,-5.098477164609085,0.06989538642645046,1.6223894638146426,1.1588601317882371e-13,9.931106305546747e-16,638.5175477097407
715,g02_t07_000,g02_t03_004,False,clearance;input,-1.619554162375096,0.07174970495560583,1.6659363245471006,1.0050161705390533e-13,1.3256738189514616e-16,221.75672074886052
716,g02_t07_000,g02_t03_038,False,input,0.24782431222293644,0.06086090360050156,1.411844789373572,7.141418453118289e-14,9.367506770274758e-17,23.240190753355762
717,g02_t07_000,g02_t04_000,False,clearance;input,-0.7948779691652517,0.06247489596024527,1.4496918178492504,7.160723346098895e-14,3.908174531057438e-16,119.24516646956329
718,g02_t07_000,g02_t04_011,False,clearance,-4.485776321125924,0.048607683305580185,1.1263537120343643,2.3566036520288945e-14,8.950971421735424e-16,556.8386324973094
719,g02_t07_000,g02_t04_035,False,clearance;input,-5.038633563414887,0.06626329510808791,1.53677827901529,3.370400129833633e-14,1.6445517076036484e-15,629.942230412678
720,g02_t07_000,g02_t05_007,True,,4.010432324531548,0.0598782193034534,1.3941358689489902,4.0351070721557915e-14,7.221806132856251e-16,22.888792867362096
721,g02_t07_000,g02_t05_034,False,input,5.992259213788916,0.06644355737058166,1.5449760823114043,6.404899626360718e-14,4.699998285127399e-16,25.38569324640802
722,g02_t07_000,g02_t05_058,False,input,3.422995712655671,0.0713473738199765,1.6608243469786776,7.00929790900377e-14,6.101493737192989e-16,27.27077244478581
723,g02_t07_000,g02_t06_000,True,,14.648650099740285,0.04377471799090456,1.0157074306287948,4.6762404015112875e-14,1.2836953722228372e-16,16.708856388760562
724,g02_t07_000,g02_t06_024,True,,13.714004792201761,0.0458556241115543,1.0659692388258357,3.9241005173051e-14,1.9391694656259618e-16,17.52700222106138
725,g02_t07_000,g02_t06_001,True,,7.375617385774048,0.05825074930945904,1.352623748185711,6.217922965343617e-14,3.2398021848425308e-16,22.25107469277264
726,g02_t07_000,g02_t07_003,True,,22.892247050068722,0.02105858541767062,0.4886279523219429,4.507888299247583e-14,5.680391688284486e-17,8.034129078069007
727,g02_t07_000,g02_t07_018,True,,22.908732688062372,0.019371143406814353,0.4502606276858664,2.2061894264123476e-14,7.475430492126248e-17,7.407247536095918
728,g02_t07_000,g02_t08_000,False,input,15.821939144800648,0.06446440998348615,1.4975455070501957,7.095567286938235e-14,4.613190423717512e-16,24.62988686497102
729,g02_t07_000,g02_t08_058,True,,12.173295437894307,0.05380089110045877,1.2504991053201016,5.18501491318319e-14,2.152175995649822e-16,20.562466787410855
730,g02_t07_000,g02_t08_038,True,,17.351156665044904,0.04466830786684766,1.0368746273276686,5.560876503273892e-14,2.967188599471554e-16,17.05589751270638
731,g02_t07_000,g02_t09_000,False,input,12.904283873247877,0.06447139479345103,1.500365877627318,4.1583447479068616e-14,4.0839384567343154e-16,24.65014847718861
732,g02_t07_000,g02_t10_000,True,,22.713386131001645,0.015217257995001275,0.35223411780513336,2.9196019275152085e-14,7.069929319867702e-17,5.799273291608929
733,g02_t07_000,g02_t11_000,True,,22.442602220380426,0.04686924481831315,1.0888666950945787,3.972054645195637e-14,6.290424024948637e-16,17.906467680553888
734,g02_t07_000,g02_t12_000,False,clearance;input,-5.438078624059562,0.08114921907025754,1.8860960861984364,8.79072319410925e-14,8.627699134216878e-16,683.5787085658139
735,g02_t07_000,g02_t13_000,True,,16.462583952659216,0.032810651703905014,0.7624950430167696,3.197442310920451e-14,2.7973727147608323e-16,12.537196522778908
736,g02_t07_000,g02_t14_000,False,input,16.314510350800873,0.06912190837080266,1.609983266135245,4.9259883723571986e-14,5.815852873680767e-17,26.433253754824623
737,g02_t07_003,g02_t00_001,False,input,4.731264306312645,0.08095707756968322,1.8860444746203309,3.8428474007872526e-14,2.6202939246848806e-16,30.961696052679347
738,g02_t07_003,g02_t00_056,False,input,7.83366971337791,0.06960464142091749,1.6205763383298188,3.275440170573378e-14,3.263493924073004e-16,26.614281640636687
739,g02_t07_003,g02_t00_021,False,input,12.844432983005653,0.06507635795032968,1.516500088984675,3.50352332448907e-14,3.5430851131124485e-16,24.893944574462836
740,g02_t07_003,g02_t01_000,False,speed;input,14.017866939075146,0.08772445513009869,2.042940595664771,5.51529477954916e-14,3.8012220939804657e-16,33.5493669923824
741,g02_t07_003,g02_t01_053,False,speed;input,11.656813484294213,0.10860240046873684,2.5288952428230305,6.176513043496964e-14,5.132905769563414e-16,41.52981641887478
742,g02_t07_003,g02_t01_026,False,speed;input,6.841309124532249,0.09571925718431092,2.228208668227191,4.2863236558381085e-14,2.8202997483103253e-16,36.60132257518815
743,g02_t07_003,g02_t02_000,False,input,28.717372437703904,0.0732318178507535,1.7052267086435549,4.507888299247583e-14,4.482439530525742e-16,27.99426680308344
744,g02_t07_003,g02_t02_059,True,,17.8004411703967,0.05987045390057108,1.3949259017327036,7.105427357601002e-15,3.611236404276314e-16,22.89816805364333
745,g02_t07_003,g02_t02_043,False,input,18.795840065803414,0.08362334474818342,1.9488562203150057,1.5987211554602254e-14,5.08957346404214e-16,31.989876408342163
746,g02_t07_003,g02_t03_001,False,clearance;input,-5.193841163454355,0.06947237573804685,1.6138169674600948,3.684602580856396e-14,3.316907416150183e-16,649.8101756976965
747,g02_t07_003,g02_t03_004,False,clearance;input,-4.4491131699041055,0.07710883910121628,1.7922266759248087,1.148191771789606e-13,1.478347030308027e-15,563.3656971794557
748,g02_t07_003,g02_t03_038,False,clearance;input,-5.052570599891825,0.06479316165728781,1.5050595294217102,2.961778733473797e-14,1.1491151892306092e-16,631.067933137698
749,g02_t07_003,g02_t04_000,False,clearance;input,-4.871643630752555,0.07105179532306495,1.6512050217337955,3.730349362740526e-14,6.220283963191678e-16,611.7548814707052
750,g02_t07_003,g02_t04_011,False,clearance,-2.565527573197861,0.054806464047258405,1.2725686437066042,3.696359138182859e-14,3.47291466591465e-16,328.80017334285344
751,g02_t07_003,g02_t04_035,False,clearance;input,-3.6381881660970827,0.06954564020702522,1.614141068744616,8.71682754165114e-14,8.717637042543142e-16,463.15035964361493
752,g02_t07_003,g02_t05_007,False,input,4.035052470344476,0.07528012872260087,1.7538670777339886,4.40880173115618e-14,1.338990789168726e-15,28.792238737889342
753,g02_t07_003,g02_t05_034,False,input,2.89920023406988,0.07874968107653571,1.833035777506697,1.1374233532693354e-14,4.865149434140654e-16,30.10746884434618
754,g02_t07_003,g02_t05_058,False,input,1.9748640800496773,0.08413228410277718,1.959683228587079,7.890304343942777e-14,4.762755885643932e-16,32.17230820870537
755,g02_t07_003,g02_t06_000,True,,17.360610071834184,0.03080305799161038,0.7139621594351945,3.102273850532274e-14,1.1897724610717036e-16,11.749437529574447
756,g02_t07_003,g02_t06_024,True,,15.60641324149502,0.040785317011737425,0.949247211289267,2.3898437090739062e-14,2.4444217419384483e-16,15.598048657736019
757,g02_t07_003,g02_t06_001,True,,11.238507498073094,0.04928713421787938,1.1446682006395665,2.9727452448432886e-14,1.3808224523606804e-16,18.82858352178599
758,g02_t07_003,g02_t07_000,True,,22.929922154351928,0.021039832566336233,0.4886277928959558,1.9131948672901813e-14,2.030608497950799e-16,8.021811442489943
759,g02_t07_003,g02_t07_018,True,,26.83719472412169,0.022997385058640168,0.5348720217696549,1.5987211554602254e-14,2.1457344368072987e-17,8.78163108816528
760,g02_t07_003,g02_t08_000,True,,19.20963217541369,0.05039938650193052,1.170320458636017,3.178884740892812e-14,4.0915945597756933e-16,19.252198725293873
761,g02_t07_003,g02_t08_058,True,,17.76786852044373,0.046323112236708756,1.077461245247285,3.351623381340333e-14,2.0253964504621835e-16,17.71022152333747
762,g02_t07_003,g02_t08_038,True,,20.418943339229674,0.03280057133725543,0.7611254672567815,1.6280579355608324e-14,1.8888581794241076e-16,12.521349152742578
763,g02_t07_003,g02_t09_000,False,input,14.836284874884976,0.06758744222789628,1.5741785659439465,3.972054645195637e-14,5.681424633657484e-16,25.85038742576294
764,g02_t07_003,g02_t10_000,True,,24.595791860791884,0.017614367035807203,0.409866782178863,7.189511166444964e-15,1.3594079472146377e-16,6.729556859945364
765,g02_t07_003,g02_t11_000,True,,26.96169871127532,0.03233396375443925,0.7509248453682207,1.464821375527116e-14,2.721249829796765e-16,12.351289881000131
766,g02_t07_003,g02_t12_000,False,clearance;speed;input,-5.792301332868562,0.08672095554889649,2.017280168278814,3.351623381340333e-14,8.098019177946258e-16,728.2278632956225
767,g02_t07_003,g02_t13_000,True,,16.435881889089266,0.03334839180116133,0.7767495305690258,2.1972320632906738e-14,2.6595070446912006e-16,12.757339954240784
768,g02_t07_003,g02_t14_000,False,input,15.763134126857732,0.0802226878850162,1.8694426482833697,3.62742331401871e-14,1.3050886297986102e-15,30.687273965348744
769,g02_t07_018,g02_t00_001,True,,4.864164793826798,0.059261255234725585,1.3797831638938882,1.464821375527116e-14,5.606780851545801e-16,22.652324657604623
770,g02_t07_018,g02_t00_056,True,,6.940901990680015,0.05121208700461798,1.1909595261822243,2.842170943040401e-14,3.7853558335037716e-16,19.566262147245034
771,g02_t07_018,g02_t00_021,True,,13.009770784719166,0.04325939390250313,1.0074432311946693,4.354792321283889e-14,2.9618593647713695e-16,16.538233742028947
772,g02_t07_018,g02_t01_000,False,input,18.21996039479349,0.06753139515834944,1.5716224062074124,5.5948190961969225e-14,7.185692855182568e-16,25.81582669235403
773,g02_t07_018,g02_t01_053,False,speed;input,15.849968413258864,0.08828442697268196,2.054712985961758,5.052478490102847e-14,3.3103687685155823e-16,33.74912934043659
774,g02_t07_018,g02_t01_026,False,input,13.66697146799675,0.07705156615768442,1.7923472544417978,5.884977985639833e-14,5.79553433516819e-16,29.451212717818343
775,g02_t07_018,g02_t02_000,True,,24.253634632195862,0.052831104896266794,1.2296009869914735,2.5618982671915014e-14,1.7291634505335761e-16,20.18923779599364
776,g02_t07_018,g02_t02_059,True,,18.31373372442504,0.03691807199557087,0.8602942694887802,1.467511591522657e-14,3.091326394032967e-17,14.1224867032332
777,g02_t07_018,g02_t02_043,False,input,18.143104166281454,0.06135938620307553,1.429603588547264,1.6758116906701664e-14,3.5158013488137135e-16,23.466641178049766
778,g02_t07_018,g02_t03_001,False,clearance,-3.9464954868578173,0.05882930596940532,1.3646495787594044,1.2878587085651816e-14,4.274043228900818e-16,496.04677302274825
779,g02_t07_018,g02_t03_004,False,clearance;input,-5.007331014229976,0.06353774328868966,1.4748326429933971,6.801382468451552e-14,5.639318948835421e-16,625.1512181604755
780,g02_t07_018,g02_t03_038,False,clearance,-1.2920396844419784,0.054708922753286336,1.2688775876602354,5.3820974015448244e-14,9.206855890235192e-16,175.93522790582017
781,g02_t07_018,g02_t04_000,False,input,5.195329212565461,0.061696773696126896,1.4322313105129532,1.2840246461466052e-14,2.898597830398228e-16,23.569862294617245
782,g02_t07_018,g02_t04_011,False,clearance,-1.4571840067978696,0.05132932969158548,1.1908883765942593,3.3937249765157416e-14,5.339004296977699e-16,194.45999109682998
783,g02_t07_018,g02_t04_035,False,input,0.040893384551217604,0.06541737276416032,1.5178925909421106,5.136098584586421e-14,7.076332346676627e-16,24.99056461555992
784,g02_t07_018,g02_t05_007,True,,4.18311797392892,0.05418137240142894,1.2615093534292057,3.6404482152219934e-14,1.8463195827281384e-16,20.711335495766047
785,g02_t07_018,g02_t05_034,True,,1.5552452407485675,0.059508519437962454,1.383578784357271,5.202529259523552e-14,3.472221400179444e-16,22.734762332666858
786,g02_t07_018,g02_t05_058,False,input,3.820280524064066,0.062072248602660564,1.4448555857964887,2.847716647714797e-14,4.451720917549152e-16,23.722622369511846
787,g02_t07_018,g02_t06_000,True,,17.88743295772909,0.03214348336760765,0.7448060414745944,3.337471495267141e-14,3.6215442729969596e-16,12.251746073194711
788,g02_t07_018,g02_t06_024,True,,14.77447961476437,0.027098863794220773,0.6289123860104567,2.5864145986817697e-14,1.6258348159242626e-16,10.345278844655263
789,g02_t07_018,g02_t06_001,True,,7.866897307763326,0.04310184287271658,0.9995964295662929,1.5765166949677223e-14,1.316562550716263e-16,16.44998038311743
790,g02_t07_018,g02_t07_000,True,,22.94735734505339,0.019349110466740038,0.4502604431471107,1.464821375527116e-14,1.1058777123560701e-16,7.393148039146151
791,g02_t07_018,g02_t07_003,True,,26.837891969904906,0.02299614133963886,0.5348720106061866,2.010208941128915e-14,3.332320378774252e-16,8.780751999206702
792,g02_t07_018,g02_t08_000,True,,17.073362430814136,0.05070442525415311,1.1771651994918464,1.1901673676157817e-14,5.052067555762872e-16,19.361742423784577
793,g02_t07_018,g02_t08_058,True,,13.44451136816471,0.03568878380206929,0.8284911813599556,1.0048591735576161e-14,3.316952778359363e-16,13.627819153450156
794,g02_t07_018,g02_t08_038,True,,17.840761052137147,0.03095469443485518,0.7173227344993895,3.332740845837229e-14,4.304911252263649e-16,11.801116056829773
795,g02_t07_018,g02_t09_000,True,,17.661752443515187,0.04695085099668223,1.0923962974474717,1.6663704229186144e-14,4.266150252213274e-16,17.945166598072845
796,g02_t07_018,g02_t10_000,True,,24.739776054433694,0.007143365207855031,0.16444825250728298,1.5975256767596614e-14,7.321375717547647e-17,2.7005149523668206
797,g02_t07_018,g02_t11_000,True,,23.806195759585552,0.033149042275660213,0.7694109463319481,1.4210854715202004e-14,2.6595070446912006e-16,12.65171474535335
798,g02_t07_018,g02_t12_000,False,clearance;input,-5.07066962853118,0.06898573083389535,1.6027952547316238,2.1972320632906738e-14,6.197892903803571e-16,634.8364097716695
799,g02_t07_018,g02_t13_000,True,,16.5578467438117,0.014183554266811227,0.3281567044011925,1.020439314654103e-14,7.88106850030428e-17,5.400116771824456
800,g02_t07_018,g02_t14_000,True,,16.653398701129632,0.05729505570398523,1.3346322653339773,2.2486881514489034e-14,3.6758131435223557e-17,21.908525348579893
801,g02_t08_000,g02_t00_001,False,clearance;speed;input,-2.9074236213492615,0.09132056397028371,2.1269249459881436,5.2455188851160274e-14,3.428263042070008e-16,383.82215425667937
802,g02_t08_000,g02_t00_056,False,clearance;input,-5.596144495494192,0.08242565493138498,1.9195660471141875,4.222352005457961e-14,3.29158922762143e-16,703.0684799499455
803,g02_t08_000,g02_t00_021,False,input,0.3167582983820516,0.07935267663760537,1.8471828489487134,5.794300658941186e-14,2.3592239273284576e-16,30.343303493704646
804,g02_t08_000,g02_t01_000,False,input,19.538377773273524,0.07086909976338888,1.6512826996258796,6.404745667978754e-14,1.665695898455916e-16,27.108059197506115
805,g02_t08_000,g02_t01_053,False,speed;input,19.149883136738918,0.08828747929498916,2.0571198853742914,5.695433295429594e-14,1.4563414267459548e-16,33.76762766337964
806,g02_t08_000,g02_t01_026,False,input,18.73095433291256,0.07096337982016356,1.6537325056319956,9.97333803394417e-14,4.173019655782224e-16,27.14576251505312
807,g02_t08_000,g02_t02_000,False,speed;input,6.619489639591089,0.09601814237752704,2.233272503057463,1.0592807708942739e-13,1.056171682913856e-15,36.6979223623985
808,g02_t08_000,g02_t02_059,False,input,9.050585136948731,0.07044980038782739,1.6389933264189638,5.1552617680284565e-14,4.072131729349396e-16,26.926454067497552
809,g02_t08_000,g02_t02_043,False,speed;input,6.285956152900193,0.0962943382362626,2.2418746943183123,3.351623381340333e-14,5.149762648337517e-16,36.823486497413256
810,g02_t08_000,g02_t03_001,False,clearance,-1.2354013161619382,0.04864109517442543,1.1304569115620164,5.1054810214871315e-14,3.15548059928785e-16,166.82932493746478
811,g02_t08_000,g02_t03_004,False,clearance;input,-2.312898481534862,0.06725120986197083,1.5645484383253576,3.2378945984060766e-14,4.880958247318871e-16,303.2568181347733
812,g02_t08_000,g02_t03_038,False,clearance,-4.85705301930123,0.05908937081039273,1.3744225004930117,6.187359673590643e-14,6.093597404471837e-16,605.4356972595396
813,g02_t08_000,g02_t04_000,False,clearance;input,-5.383643616610497,0.07622585972384796,1.7736733807381255,3.97304753476125e-14,4.571251458474092e-16,675.1875781742559
814,g02_t08_000,g02_t04_011,False,clearance;input,-5.1441616281387645,0.06729662970983528,1.5662551844933768,5.1514348342607263e-14,7.73834457722452e-16,643.0417540873073
815,g02_t08_000,g02_t04_035,False,clearance;input,-5.066244442618205,0.06881001090035677,1.5996951299742324,4.507888299247583e-14,2.5776846797341143e-16,634.2514912109328
816,g02_t08_000,g02_t05_007,False,clearance;speed;input,-4.670373752653372,0.08884803900041954,2.0689757767600208,7.734805172204503e-14,4.899173596835075e-16,594.4279502784199
817,g02_t08_000,g02_t05_034,False,clearance;input,-5.3004259810539285,0.08278784956772302,1.9284445088162236,4.5083804476868555e-15,9.453463082089479e-16,667.7229958968367
818,g02_t08_000,g02_t05_058,False,speed;input,1.9957243983489086,0.08901933738014135,2.0738288549899395,8.346987189945828e-14,5.599906634890011e-16,34.054543782238255
819,g02_t08_000,g02_t06_000,True,,17.970083111531043,0.021085519555725848,0.49029362796327164,1.1234667099445444e-14,2.003087207525597e-16,8.059848992340754
820,g02_t08_000,g02_t06_024,True,,16.87326931029887,0.03241065787502784,0.7527007315141869,4.070144838902081e-14,2.55987824628e-16,12.370332170291118
821,g02_t08_000,g02_t06_001,True,,11.512527496123106,0.01662120078400707,0.38630220102122914,3.854696899615263e-14,7.502052300964704e-17,6.34378520556519
822,g02_t08_000,g02_t07_000,False,input,18.09207745084236,0.06444364589693269,1.497545409241821,4.3944641265813476e-14,3.276010472373047e-16,24.622415529264757
823,g02_t08_000,g02_t07_003,True,,19.583621876965044,0.0503821136616045,1.1703203770182609,4.969237213665768e-14,3.332294980281256e-16,19.245966482032866
824,g02_t08_000,g02_t07_018,True,,18.23851306602626,0.05068829881199292,1.177165123204979,5.0250808526952667e-14,6.794449261490003e-16,19.355900741824016
825,g02_t08_000,g02_t08_058,True,,20.034414304562727,0.025172362810383625,0.5846851588261822,1.9131948672901813e-14,2.49920618414945e-16,9.605669597414629
826,g02_t08_000,g02_t08_038,True,,19.606983811387998,0.020082897152742862,0.4664173177542229,3.351623381340333e-14,2.0177302462178463e-16,7.66831529081975
827,g02_t08_000,g02_t09_000,True,,19.524742903026347,0.058094036761356,1.3526853711808193,6.204547701064548e-14,3.771338308783732e-16,22.211230766239616
828,g02_t08_000,g02_t10_000,True,,19.07038439414056,0.05041037374485537,1.1711379765681351,3.386603357445494e-14,2.5372072913174313e-16,19.255996892033266
829,g02_t08_000,g02_t11_000,True,,20.096333833263444,0.02018426578781179,0.4676889377922756,3.256115871121665e-14,1.9479610335381925e-16,7.696344346596756
830,g02_t08_000,g02_t12_000,False,input,6.253360593832924,0.07199832046245715,1.6765727603339937,3.692088357856443e-14,8.694409141350492e-16,27.534358014340352
831,g02_t08_000,g02_t13_000,True,,10.886867049314056,0.04309167783905103,1.0012341468374695,5.662093887263079e-14,3.521787733787174e-16,16.45693678056616
832,g02_t08_000,g02_t14_000,False,input,12.246997776662507,0.0853571188847725,1.9874749980905408,9.216964298685916e-14,3.449963341299892e-16,32.64057884335058
833,g02_t08_058,g02_t00_001,False,input,2.8772507132361675,0.06938042922154468,1.616007875040185,5.3290705182007514e-14,9.006957588942292e-16,26.5393374423751
834,g02_t08_058,g02_t00_056,False,clearance;input,-4.994811459049135,0.06470698916538083,1.5067504468822435,1.7404671430534633e-14,4.0247080066151254e-16,624.1306684196948
835,g02_t08_058,g02_t00_021,True,,5.764555205975735,0.057413584657327196,1.3367472847038602,2.1900397950137233e-14,5.166564528698649e-16,21.957251691376232
836,g02_t08_058,g02_t01_000,True,,22.496551569852073,0.04944351730523839,1.151784692242132,2.6586074758753436e-14,1.1452547176008719e-16,18.906967172887903
837,g02_t08_058,g02_t01_053,False,input,22.45765470696792,0.06899686746967094,1.6068482206412498,2.929642751054232e-14,1.0632821947178073e-15,26.378597791108824
838,g02_t08_058,g02_t01_026,True,,20.60286406075009,0.053613307548764054,1.2482592310747338,1.1201704679945691e-14,2.486410087150353e-16,20.49635130697813
839,g02_t08_058,g02_t02_000,False,input,14.916600058279469,0.07321620251182656,1.7026107111499782,4.3800795900274466e-14,3.8783389312519236e-16,27.977669694001868
840,g02_t08_058,g02_t02_059,True,,16.2544800750422,0.046607622434860774,1.0841913276421131,3.41804476365117e-14,2.9414690675170555e-16,17.81036053817547
841,g02_t08_058,g02_t02_043,False,input,13.668828235821994,0.0726797658770025,1.692411222860885,4.05460987825042e-14,4.3994995102956563e-16,27.796072685588115
842,g02_t08_058,g02_t03_001,True,,8.876714488308822,0.044308789598171666,1.0281144098937687,4.4938668397781776e-14,6.568626133777923e-16,16.92102196094558
843,g02_t08_058,g02_t03_004,False,clearance,-4.011429589132627,0.05813538928498869,1.3509246626410156,8.792517768629141e-14,1.2515425776896841e-15,503.58944165940335
844,g02_t08_058,g02_t03_038,False,clearance,-0.38940531757232355,0.05309894715295203,1.2339419396876201,2.416106516409301e-14,5.656901071453271e-16,67.0245970628687
845,g02_t08_058,g02_t04_000,False,clearance;input,-1.280630209287208,0.06920767928797845,1.6094887276718373,5.143005556292986e-14,2.0657053354805883e-16,180.13946806563737
846,g02_t08_058,g02_t04_011,False,clearance;input,-5.0209060115337305,0.06377390913490091,1.483900982005316,2.998835493907516e-14,3.8760104840461514e-16,626.9021955609367
847,g02_t08_058,g02_t04_035,False,input,0.12250396276026887,0.06848065062755693,1.5912522744062931,8.702335715267317e-15,5.991705756259508e-16,26.17364379725952
848,g02_t08_058,g02_t05_007,False,input,0.6069988176920655,0.06751670174177525,1.5725872935074936,6.091635000687123e-14,8.289074403830013e-16,25.82929666228297
849,g02_t08_058,g02_t05_034,False,clearance;input,-4.0714024769872745,0.06498027806770176,1.5128884003360898,4.59288946564966e-14,5.283137298900343e-16,513.4212061013243
850,g02_t08_058,g02_t05_058,False,input,3.8304383591492854,0.06703082008377675,1.5612435503157012,5.3791651771912257e-14,3.5933594034746407e-16,25.636509290570515
851,g02_t08_058,g02_t06_000,True,,18.053864143689495,0.023928798478012166,0.5565052078614801,1.7404671430534633e-14,2.1026680500221495e-16,9.136918452665515
852,g02_t08_058,g02_t06_024,True,,17.187158004722175,0.009532540859543387,0.22032745842712687,1.1916163935586911e-14,1.1309346070101054e-16,3.621188341768468
853,g02_t08_058,g02_t06_001,True,,11.569896401112944,0.016379018139851327,0.37927990450534416,3.247625332886312e-14,6.935098158120334e-17,6.241804117722975
854,g02_t08_058,g02_t07_000,True,,13.429531890105448,0.053778964766344535,1.2504989688050587,2.6586074758753436e-14,2.1420849872268348e-16,20.552013348645055
855,g02_t08_058,g02_t07_003,True,,18.47143383444798,0.04630751714602298,1.077461145752942,1.699765591301329e-14,1.8567214655012615e-16,17.702525030065367
856,g02_t08_058,g02_t07_018,True,,14.578318148176248,0.03566990363621821,0.8284910596792604,2.5137175360052498e-14,3.315637022323974e-16,13.61852222813657
857,g02_t08_058,g02_t08_000,True,,20.004952558063373,0.02517495423823336,0.5846851716006732,3.744135591006707e-14,3.3110959225646636e-16,9.606670283836323
858,g02_t08_058,g02_t08_038,True,,20.445439637485148,0.01867527566523971,0.43426403354783566,2.2748467065386707e-14,4.9946782990389795e-17,7.1293447600365365
859,g02_t08_058,g02_t09_000,True,,21.08821176511154,0.03413589173311684,0.795359471969186,2.2748467065386707e-14,1.8241011226033387e-16,13.056410614094414
860,g02_t08_058,g02_t10_000,True,,13.8670674890356,0.03866296654886673,0.8989397731818554,2.7954384551963874e-14,3.571340232560386e-16,14.773136359730286
861,g02_t08_058,g02_t11_000,True,,22.85133338379133,0.020689928858692412,0.4815936054916075,2.3566036520288945e-14,9.62263480588828e-17,7.9063734368129115
862,g02_t08_058,g02_t12_000,True,,5.932960264295674,0.05769135119215991,1.3422445624662815,4.5496934130773415e-14,6.014063880238743e-16,22.059977879921867
863,g02_t08_058,g02_t13_000,True,,12.121629835630483,0.023770899370350415,0.552088327822094,1.0048591735576161e-14,2.0175251667524128e-16,9.073123538714098
864,g02_t08_058,g02_t14_000,False,input,18.097948275882633,0.06106511051944566,1.4222857559358368,4.469223435922176e-14,3.424750116624316e-16,23.355118331501842
865,g02_t08_038,g02_t00_001,False,clearance;input,-2.637395321413168,0.0768834619910331,1.7912664970564836,3.197442310920451e-14,2.5136137180969904e-16,345.89854963584537
866,g02_t08_038,g02_t00_056,False,clearance;input,-5.120483910706277,0.06715984476989488,1.564377139565589,1.0658141036401503e-14,4.799387683327045e-16,640.1502671081598
867,g02_t08_038,g02_t00_021,False,input,3.7073018582160504,0.06334192491483967,1.4749286752363604,2.95110562224397e-14,5.743794908190346e-16,24.22047459183448
868,g02_t08_038,g02_t01_000,False,input,13.144445241001538,0.06684989420545205,1.55774598499246,4.2036275140586214e-14,1.8348750050158558e-16,25.57229441840078
869,g02_t08_038,g02_t01_053,False,speed;input,13.278929973655643,0.08650737292961325,2.01529357879688,4.207379078851762e-14,3.479320825490087e-16,33.08422924283924
870,g02_t08_038,g02_t01_026,False,input,14.484851893875666,0.0707581974241713,1.648317591929044,3.0787427327232494e-14,9.79932992745665e-16,27.0629944044151
871,g02_t08_038,g02_t02_000,False,input,10.122327262908325,0.07871701353924514,1.8309057279334167,5.376231353587555e-14,1.1438025228256184e-15,30.07929031632235
872,g02_t08_038,g02_t02_059,True,,7.7310839527823925,0.05529368926284277,1.2866599534259746,4.7407433161632606e-14,2.238801616996866e-16,21.130303542902126
873,g02_t08_038,g02_t02_043,False,input,4.845987562113303,0.08148856249117188,1.8977331815062792,3.8263897345803626e-14,2.8609792490763985e-16,31.162394310866958
874,g02_t08_038,g02_t03_001,True,,1.921650888109091,0.04606777693712188,1.0694247860355237,1.882016329483446e-14,6.285829819150323e-16,17.590786795721762
875,g02_t08_038,g02_t03_004,False,clearance;input,-4.618279750831061,0.06032198083093882,1.4022609909844739,6.000300968642071e-14,2.194270917860438e-16,577.2452159517356
876,g02_t08_038,g02_t03_038,False,clearance,-4.32422854645054,0.050586702739402224,1.175479927730116,4.4061169840903114e-14,3.002224531865041e-16,538.2370147290454
877,g02_t08_038,g02_t04_000,False,clearance;input,-5.002091366992805,0.06500786380039439,1.5117259143981265,3.6447795055286734e-14,3.0467987022359185e-16,625.1036220836799
878,g02_t08_038,g02_t04_011,False,clearance,-4.694004024856429,0.054397702892769656,1.265480936836056,2.9134418374455476e-14,3.8884127571099037e-16,584.0847572862499
879,g02_t08_038,g02_t04_035,False,clearance;input,-4.341243593381316,0.06092384325392688,1.4149335734294346,2.864289338439558e-14,3.158721389762181e-16,544.22542455435
880,g02_t08_038,g02_t05_007,False,clearance;input,-1.469775716548074,0.07339412553384977,1.7096443072089118,4.686351203372723e-14,5.70942799367583e-16,204.44662281516065
881,g02_t08_038,g02_t05_034,False,clearance;input,-5.249245040899956,0.07025379688795838,1.636467454658154,4.822868112286225e-14,5.059210310009495e-16,656.7835532037673
882,g02_t08_038,g02_t05_058,False,clearance;input,-1.9952286318327976,0.07625614685958468,1.77675049073141,3.014577520672848e-14,2.501165822531427e-16,268.59692716552894
883,g02_t08_038,g02_t06_000,True,,18.14477795639473,0.005399195634485708,0.1243317660921166,1.0658141036401503e-14,7.027771385307666e-17,2.041192841156045
884,g02_t08_038,g02_t06_024,True,,15.777744154370362,0.019698342675144306,0.4571875620052468,1.464821375527116e-14,2.2374738838319483e-16,7.509135839466483
885,g02_t08_038,g02_t06_001,True,,11.521259996038035,0.017114518023826443,0.3977039350606785,2.8100707573408768e-14,8.763358747217932e-17,6.5420908861215485
886,g02_t08_038,g02_t07_000,True,,18.64550908591387,0.044647210404024314,1.0368745002124453,2.864289338439558e-14,1.325787313563968e-16,17.046191532151052
887,g02_t08_038,g02_t07_003,True,,21.40415198949706,0.032785133108868186,0.7611253720671025,3.730349362740526e-14,2.9796874070320123e-16,12.51405866143341
888,g02_t08_038,g02_t07_018,True,,18.414867205044807,0.030939707821456143,0.717322641270942,1.6663704229186144e-14,2.396682302503803e-16,11.793967434928845
889,g02_t08_038,g02_t08_000,True,,19.221001930315378,0.0200895627038449,0.4664173509602395,2.969841402909703e-14,2.2000233388507887e-16,7.670854225451162
890,g02_t08_038,g02_t08_058,True,,20.442840136409714,0.018680122114525223,0.43426407389063265,2.1900397950137233e-14,2.7758963540648016e-16,7.132515924749584
891,g02_t08_038,g02_t09_000,True,,10.279355193072329,0.0496645497951027,1.1569322424178894,2.886238236725078e-14,3.989713146375376e-16,18.99208377233803
892,g02_t08_038,g02_t10_000,True,,18.716550747389164,0.030406913821905544,0.7055316731012616,2.3426511506686616e-14,2.0508657787893964e-16,11.599050798020201
893,g02_t08_038,g02_t11_000,True,,21.700144015763858,0.00902906724172157,0.2090532971852864,1.6280579355608324e-14,8.110643911735771e-17,3.441268845032979
894,g02_t08_038,g02_t12_000,False,input,1.6920765634469381,0.06659970426910435,1.5502551634874993,5.6201415146817535e-14,3.869016734617439e-16,25.466148827560325
895,g02_t08_038,g02_t13_000,True,,12.400936873250192,0.02520261778245206,0.584937562175668,1.854570987253821e-14,2.6567900267388875e-16,9.609785955666178
896,g02_t08_038,g02_t14_000,False,input,5.300833091863858,0.07264972634996965,1.6922002241029297,2.8546336281444334e-14,3.044427344733911e-16,27.78320823951215
897,g02_t09_000,g02_t00_001,True,,4.957195628600553,0.04410895968495357,1.0268604378342547,1.9459014222361976e-14,1.274640014278668e-16,16.868906303919143
898,g02_t09_000,g02_t00_056,False,clearance,-1.5050226900231058,0.05001662972551718,1.1641371037764534,1.0658141036401503e-14,9.649569882270178e-17,199.7330750877854
899,g02_t09_000,g02_t00_021,True,,11.406983020319151,0.03756386129524004,0.8741346025044403,1.6280579355608324e-14,4.0049201387917773e-17,14.362192449863569
900,g02_t09_000,g02_t01_000,True,,26.70639640963414,0.02075172162082466,0.4818881560986325,7.944109290391274e-15,2.2315314500262475e-16,7.917375759084219
901,g02_t09_000,g02_t01_053,True,,26.530439589745782,0.04139944328703697,0.9624057198275515,2.1972320632906738e-14,2.983724378680108e-16,15.807980106699137
902,g02_t09_000,g02_t01_026,True,,20.823562558288174,0.03192255763092932,0.7410447334598007,5.054088359845139e-14,5.614933052995294e-16,12.184818432661334
903,g02_t09_000,g02_t02_000,True,,21.980823677844683,0.05297413906865506,1.230345408306998,3.256115871121665e-14,1.3847396870461038e-16,20.22524068131593
904,g02_t09_000,g02_t02_059,True,,20.320482737112652,0.026017089908931652,0.603737455100213,3.794299872214038e-14,1.5608655866697342e-16,9.922649808901657
905,g02_t09_000,g02_t02_043,True,,22.334934083101018,0.0452948991403757,1.0540700913047678,2.5864145986817697e-14,2.0455030687293702e-16,17.317808037414473
906,g02_t09_000,g02_t03_001,True,,8.729227543608488,0.05006337960131131,1.1621431058269343,4.431111365216517e-14,2.4047046924773687e-16,19.122578817779534
907,g02_t09_000,g02_t03_004,False,clearance,-4.062693202958666,0.05348829023139591,1.241802531463773,4.2045657190728834e-14,2.737127597257086e-16,507.9577857737664
908,g02_t09_000,g02_t03_038,False,clearance,-4.509364085631203,0.05672175229997516,1.3182428016198222,5.1888170805293504e-14,4.0053709487069576e-16,562.8036632156142
909,g02_t09_000,g02_t04_000,False,clearance;input,-5.21088240504424,0.0692738329782814,1.6108334982803112,3.117493601007525e-14,5.843521020239911e-16,651.7921867296781
910,g02_t09_000,g02_t04_011,False,clearance;input,-5.3243745810560394,0.07246951745152945,1.6866666627422466,1.7495085916501026e-14,3.6215442729969596e-16,666.6416994821027
911,g02_t09_000,g02_t04_035,False,clearance;input,-5.45300644069763,0.07693798465051092,1.788547530559642,5.706503147070311e-14,5.721958498152797e-16,683.7693496572423
912,g02_t09_000,g02_t05_007,True,,4.292861621294706,0.045453168558119324,1.058334131998761,1.6663704229186144e-14,6.429979974492596e-16,17.387808115928266
913,g02_t09_000,g02_t05_034,False,clearance,-3.3615166919514983,0.046294016110026134,1.0766627677791478,2.6055020874089834e-14,3.850929832103114e-16,421.0799219450038
914,g02_t09_000,g02_t05_058,True,,4.115990581883205,0.039329460858649974,0.9151795216881394,1.2932072993408848e-14,1.5974533408876415e-16,15.032577650793446
915,g02_t09_000,g02_t06_000,True,,7.709180436130243,0.054364304461846105,1.266329649801409,5.0649537646248364e-14,7.532615984774377e-16,20.787847316082043
916,g02_t09_000,g02_t06_024,True,,16.683144077908203,0.03129590974998256,0.729057744918509,1.7404671430534633e-14,4.338759814948096e-17,11.967606485650617
917,g02_t09_000,g02_t06_001,True,,11.410794776218724,0.04474270057086768,1.0413509460555255,4.423984522863219e-14,2.77382229564675e-16,17.104130567405267
918,g02_t09_000,g02_t07_000,False,input,14.406025591385156,0.06445568550505532,1.5003657713257528,7.693901632317944e-14,5.389157964038493e-16,24.64186379480808
919,g02_t09_000,g02_t07_003,False,input,15.700217354067654,0.06757902488584697,1.574178507267453,3.014904605523881e-14,2.615696107623295e-16,25.84576241877396
920,g02_t09_000,g02_t07_018,True,,18.532909403513628,0.046939677741804284,1.0923962186970662,5.945490489686577e-14,5.279490611805676e-16,17.939000315380785
921,g02_t09_000,g02_t08_000,True,,19.330815342157305,0.05809701013452594,1.3526853855402863,2.7605958383111312e-14,1.684022518587624e-16,22.21236427522244
922,g02_t09_000,g02_t08_058,True,,20.931710903707042,0.03413845405127069,0.7953594919156154,2.3566036520288945e-14,3.0570533288019466e-16,13.057990594515289
923,g02_t09_000,g02_t08_038,True,,10.114832188753905,0.04966388439498355,1.1569322375051212,2.929642751054232e-14,3.0979388124627474e-16,18.991692593282544
924,g02_t09_000,g02_t10_000,True,,15.924181764642622,0.05275867164799473,1.2285064251259945,5.725568251926597e-14,3.9057097774619853e-16,20.172173655664665
925,g02_t09_000,g02_t11_000,True,,16.493087456545464,0.05303445774110148,1.2357090482447242,3.014577520672848e-14,1.403319523819354e-16,20.284274825791073
926,g02_t09_000,g02_t12_000,False,clearance,-4.207093556789562,0.041617303070207716,0.9659551468794509,2.6822400070865448e-14,2.0563608472603306e-16,520.7511565105127
927,g02_t09_000,g02_t13_000,True,,15.276392513699655,0.03442088838788584,0.8013699825942363,2.2539441496237913e-14,3.056314963617445e-16,13.156469555203234
928,g02_t09_000,g02_t14_000,True,,24.777739525422497,0.030427214702740516,0.7081780864759194,5.2814885788587084e-14,2.271096900687433e-16,11.632868079911585
929,g02_t10_000,g02_t00_001,False,input,4.821607244665678,0.06346199390485852,1.478101462816063,3.097183980245201e-14,8.362734666696147e-17,24.26460090714875
930,g02_t10_000,g02_t00_056,True,,7.585946704784625,0.05309899353965008,1.2355614128393841,6.824540119616012e-14,9.771776022950954e-16,20.294342835816458
931,g02_t10_000,g02_t00_021,True,,12.538501180112512,0.0476251999800919,1.1096263310286718,3.726117541341095e-14,2.568621165585796e-16,18.21455577593174
932,g02_t10_000,g02_t01_000,False,input,14.625302930864766,0.07337983484482286,1.7083338220756583,2.6586074758753436e-14,3.8283582482295026e-16,28.058749391659177
933,g02_t10_000,g02_t01_053,False,speed;input,12.89889141861816,0.0940361533751349,2.1891431279085363,8.28628102289784e-14,1.1809173860735548e-15,35.95439285240394
934,g02_t10_000,g02_t01_026,False,input,8.834816876815884,0.08215476363362445,1.9117794287296,4.546441231232794e-14,6.080941944488118e-16,31.409158843741167
935,g02_t10_000,g02_t02_000,True,,23.87383682825089,0.057496014045557035,1.3380933803879185,5.728578676879116e-14,9.441231521952114e-16,21.970825239919012
936,g02_t10_000,g02_t02_059,True,,16.133464594555257,0.04291910382689506,0.9999326193790765,2.780438251636946e-14,1.9445352607416137e-16,16.415281732776506
937,g02_t10_000,g02_t02_043,False,input,16.21428994775195,0.06647834346737193,1.5491357418286458,1.7404671430534633e-14,1.3092278833360675e-16,25.42883189433195
938,g02_t10_000,g02_t03_001,False,clearance,-4.850413196601226,0.05902764531581508,1.369986563688572,4.2281864037162767e-14,3.030954607830199e-16,604.5993798279304
939,g02_t10_000,g02_t03_004,False,clearance;input,-4.129050089381536,0.06399136534868698,1.486125391778255,1.1436827649951536e-13,1.0168827833389255e-15,519.937155868324
940,g02_t10_000,g02_t03_038,False,clearance,-0.6194678741101467,0.05366370190718441,1.2451726556196652,7.916256079154917e-14,3.6688068667333943e-16,94.83278288558793
941,g02_t10_000,g02_t04_000,True,,2.5016659868019095,0.05987544613191894,1.3903506646715595,7.513380489341373e-14,4.486197489951442e-16,22.87803079831382
942,g02_t10_000,g02_t04_011,False,clearance,-4.447378287999474,0.04744293775617636,1.1006973679428829,9.231930036567549e-14,7.114613632649939e-16,551.8003991275177
943,g02_t10_000,g02_t04_035,False,clearance;input,-4.904766924474229,0.062276564998339445,1.4448813965092318,7.140866117879973e-14,2.3144747966613957e-16,612.3613097259607
944,g02_t10_000,g02_t05_007,True,,4.139717023709035,0.05794778722655306,1.3497258370861132,2.5864145986817697e-14,1.8463195827281384e-16,22.15759565218562
945,g02_t10_000,g02_t05_034,False,input,3.2726682476186895,0.062016726371153075,1.442687088754127,5.0258779774973884e-14,1.5654858205147556e-16,23.70051161638472
946,g02_t10_000,g02_t05_058,False,input,2.5150345176182736,0.06656459781694538,1.5500125657584498,3.8428474007872526e-14,2.0074880843059296e-16,25.446880465261906
947,g02_t10_000,g02_t06_000,True,,16.279539929669234,0.030418574301829867,0.7050656613353733,5.2934241614903995e-14,4.126162952233366e-16,11.599286942419202
948,g02_t10_000,g02_t06_024,True,,13.914869160288287,0.0309707884069445,0.7199891025919675,2.3632890658920172e-14,7.64066433232334e-17,11.838332765584578
949,g02_t10_000,g02_t06_001,True,,8.985876919425554,0.04375266699618745,1.0154326070047042,6.137796474867441e-14,3.7818961085756335e-16,16.70718971819812
950,g02_t10_000,g02_t07_000,True,,22.883321052516315,0.01519489678940355,0.3522339359218829,3.351623381340333e-14,1.5709546994741626e-16,5.785469455778727
951,g02_t10_000,g02_t07_003,True,,24.595096293305406,0.017616881261547927,0.40986680559183547,2.9299793175153404e-14,1.4947841523253463e-16,6.731396983529893
952,g02_t10_000,g02_t07_018,True,,24.73878871173503,0.007154004194639668,0.16444834442321404,2.5618982671915014e-14,5.321389735169618e-17,2.707531433992913
953,g02_t10_000,g02_t08_000,True,,17.601569777732124,0.050426745451667615,1.1711380541828955,7.251039879422843e-14,6.52043765621323e-16,19.261930268936748
954,g02_t10_000,g02_t08_058,True,,12.833547207847321,0.03868090659454879,0.8989398913133352,3.972054645195637e-14,3.0922875309198896e-16,14.782183583872357
955,g02_t10_000,g02_t08_038,True,,17.861848364780926,0.030423322626574777,0.7055317772113407,4.2780337774645346e-14,2.0230178278559179e-16,11.607006551001014
956,g02_t10_000,g02_t09_000,True,,14.982676759562052,0.052769211114193575,1.228506501412455,4.3800795900274466e-14,3.1966016425556574e-16,20.178157052447013
957,g02_t10_000,g02_t11_000,True,,24.304587085981986,0.032983791324670206,0.7660344419217143,4.0971892881709936e-14,7.277573322931826e-17,12.597046575136128
958,g02_t10_000,g02_t12_000,False,clearance;input,-5.2724379482898165,0.07170135066924259,1.6668081727715753,6.357769481785624e-14,6.367167763562643e-16,660.0938999911555
959,g02_t10_000,g02_t13_000,True,,16.516962316687838,0.01899712400943714,0.44175312714860776,2.9777166713245526e-14,7.757919228897728e-17,7.262191046930286
960,g02_t10_000,g02_t14_000,False,input,13.922874341450608,0.0631701140474129,1.47182743350986,3.2085253330984006e-14,6.672831342796167e-16,24.160852983725363
961,g02_t11_000,g02_t00_001,False,input,0.7982620892972037,0.08246079840069535,1.921289918589353,3.426112997215453e-14,7.948640691589047e-16,31.545724098458127
962,g02_t11_000,g02_t00_056,False,clearance;input,-5.3621553816323235,0.07415579470860884,1.727302907836432,8.219370287505451e-14,7.182006595343055e-16,671.8279007943969
963,g02_t11_000,g02_t00_021,False,input,6.636997983042011,0.06841544572584254,1.593454116583275,3.275440170573378e-14,4.419154855409185e-16,26.164842196523217
964,g02_t11_000,g02_t01_000,False,input,20.31491464004303,0.06972105439306714,1.6245929368601677,6.081266252743834e-14,1.038779301225102e-15,26.66877864931584
965,g02_t11_000,g02_t01_053,False,speed;input,20.75908427776229,0.08956457778670142,2.0864155402564926,3.449061096984636e-14,1.1126706235453171e-15,34.25195693156952
966,g02_t11_000,g02_t01_026,False,input,20.06616222212706,0.07422881742320717,1.7289182724505723,4.993585206445984e-14,2.766000127273731e-16,28.387772718204808
967,g02_t11_000,g02_t02_000,False,input,17.960500315044296,0.08205162355860371,1.9092605235941633,4.451537480371452e-14,4.107450098641758e-16,31.360427481212138
968,g02_t11_000,g02_t02_059,True,,14.634247681701412,0.05892667240732424,1.3718698190591545,5.0867118742119833e-14,2.6522554782438245e-16,22.525280493872835
969,g02_t11_000,g02_t02_043,False,input,12.340331274891668,0.08578146620597166,1.9981307622336792,5.126874814344906e-14,6.81037501799318e-16,32.80799995608378
970,g02_t11_000,g02_t03_001,True,,2.7226357386467415,0.05446335228485649,1.2647923017484568,3.827420411968639e-14,4.563344992840996e-16,20.804150839752396
971,g02_t11_000,g02_t03_004,False,clearance;input,-4.742859628376406,0.06900563927986955,1.6042719881387273,4.387277753618146e-14,7.338187872020388e-16,595.5171279178568
972,g02_t11_000,g02_t03_038,False,clearance,-4.483956655942291,0.059549809979842855,1.3840373385200309,3.0263303041168436e-14,5.057306561942087e-16,560.8339987301063
973,g02_t11_000,g02_t04_000,False,clearance;input,-5.314241264929535,0.07373137666339921,1.7146682095446641,1.0249132555452189e-13,1.3332791675674748e-15,665.8986229119837
974,g02_t11_000,g02_t04_011,False,clearance;input,-4.713154921022991,0.062444060230382445,1.4526233091766125,2.4420869033412487e-14,5.973900055198068e-16,589.4603535514842
975,g02_t11_000,g02_t04_035,False,clearance;input,-4.775269524548346,0.06960473094307247,1.6168963538517314,8.132533325706673e-14,9.142502916948183e-16,599.6299945951083
976,g02_t11_000,g02_t05_007,False,input,1.4905586290451178,0.07905254341036602,1.8416404320692616,3.6230712748823524e-14,4.710757004943634e-16,30.24033372739661
977,g02_t11_000,g02_t05_034,False,clearance;input,-3.36708743296997,0.07760173927899297,1.80732966465349,7.59119813510324e-14,9.32603861714756e-16,433.7333803934214
978,g02_t11_000,g02_t05_058,False,input,0.23041604645388736,0.08195233512025626,1.9093770258277807,5.552358433678174e-14,7.575877246164623e-16,31.347693783341633
979,g02_t11_000,g02_t06_000,True,,18.141832300654777,0.011235321773036516,0.25992848748656666,2.1316282072803006e-14,6.851608744991126e-17,4.27397555207579
980,g02_t11_000,g02_t06_024,True,,17.041725448347126,0.022028488088693184,0.5123135820986712,2.040878629308206e-14,3.151281687781447e-17,8.409583973277392
981,g02_t11_000,g02_t06_001,True,,11.51708993923219,0.022893981074532905,0.531518440516822,1.4943123501601754e-14,7.913457894496326e-17,8.744533446149775
982,g02_t11_000,g02_t07_000,True,,22.67689714879628,0.04684610611394766,1.0888665389195136,3.8428474007872526e-14,2.418928670360387e-16,17.89453081294096
983,g02_t11_000,g02_t07_003,True,,28.064722210817713,0.03231434202926222,0.7509247088272696,2.1316282072803006e-14,4.443195430789018e-16,12.34085028519235
984,g02_t11_000,g02_t07_018,True,,24.597002942255855,0.03313129761491614,0.769410821541545,3.332740845837229e-14,3.5988718893570193e-16,12.642116518408603
985,g02_t11_000,g02_t08_000,True,,20.059238029237562,0.020190963607196317,0.4676889703243319,1.8536402780214043e-14,9.859350893676448e-17,7.6988212043727255
986,g02_t11_000,g02_t08_058,True,,22.79375679794343,0.020691801668201917,0.48159362451804844,3.8428474007872526e-14,9.570895620573757e-17,7.9078748080053
987,g02_t11_000,g02_t08_038,True,,21.701077609890163,0.009021463624644517,0.20905324045003287,2.1316282072803006e-14,3.141717836627692e-17,3.4369405618464532
988,g02_t11_000,g02_t09_000,True,,16.550038917540693,0.0530337627844012,1.2357090421407746,3.5704330589399866e-14,1.4008378776202871e-16,20.283789144666585
989,g02_t11_000,g02_t10_000,True,,24.510525675287113,0.03296514098507858,0.7660343072589798,1.6024007989438694e-14,1.2162873585351636e-16,12.58673450613191
990,g02_t11_000,g02_t12_000,False,input,2.969866988841343,0.07404569139733455,1.7233726773366054,4.263256414560601e-14,8.753188448364699e-16,28.313839166677173
991,g02_t11_000,g02_t13_000,True,,14.888084399176929,0.02882492527917078,0.6702387530135913,7.944109290391274e-15,3.3866227639611415e-16,11.005460613254819
992,g02_t11_000,g02_t14_000,False,input,13.162652071524395,0.07655044727574012,1.7834423774849606,5.673923998615904e-14,7.266980051926523e-16,29.27859612279233
993,g02_t12_000,g02_t00_001,False,clearance,-4.192497803883433,0.04625560441275493,1.0738042899883462,8.209767094265419e-14,7.63412364475275e-16,520.7720442365368
994,g02_t12_000,g02_t00_056,False,clearance,-2.3635305984711725,0.04268142905914162,0.9919121173433156,7.588599744428076e-14,6.17454346129012e-16,299.93890181550677
995,g02_t12_000,g02_t00_021,False,clearance,-4.4790313463315705,0.048789913355243845,1.1319204404341456,4.322062729257126e-14,2.9901721968504993e-16,556.117328518446
996,g02_t12_000,g02_t01_000,False,clearance,-3.423276662542877,0.04456739034998474,1.0352102824890774,2.3832327871173822e-14,3.730421900323477e-16,427.823612635708
997,g02_t12_000,g02_t01_053,False,clearance,-4.604696817174171,0.05187255721752558,1.205810144483953,6.970927611273432e-14,4.875035949994471e-16,572.3827609632602
998,g02_t12_000,g02_t01_026,False,clearance,-3.074371597184046,0.0415783350776465,0.9667015311980045,4.311326371230795e-14,2.3263411494723067e-16,384.81496556000326
999,g02_t12_000,g02_t02_000,False,clearance;input,-5.222750650484498,0.0704453133219403,1.63330958536673,7.553172887309252e-14,4.275193743558511e-16,653.6186924852115
1000,g02_t12_000,g02_t02_059,False,clearance,-4.578756083065377,0.05127160249882211,1.1884795758243223,7.123168776872796e-14,3.363037852658522e-16,569.0202087089374
1001,g02_t12_000,g02_t02_043,False,clearance,-4.790932287106376,0.05733174729041744,1.3302463805744666,5.411332257568737e-14,3.947248820392849e-16,596.8091141264932
1002,g02_t12_000,g02_t03_001,True,,5.078742726557426,0.03155373267582906,0.7343015313147786,2.823024494225169e-14,1.7125507856519722e-16,12.054439119680435
1003,g02_t12_000,g02_t03_004,True,,2.1891254542180634,0.023217378429708137,0.5393302047205787,9.272854936269104e-15,1.829619355108615e-16,8.861690730051075
1004,g02_t12_000,g02_t03_038,False,clearance,-4.073854989823205,0.03688275719350071,0.8587819486100672,2.1390168887322673e-14,5.217568376544152e-16,502.964915522634
1005,g02_t12_000,g02_t04_000,True,,4.268778997844187,0.0473449108790531,1.1022091430968637,5.161378960056466e-14,2.2063745967066764e-16,18.108537767977694
1006,g02_t12_000,g02_t04_011,False,clearance;input,-2.4380612101960626,0.061092516410728805,1.4230094875814805,3.8428474007872526e-14,2.0842686321125833e-16,315.9378765646047
1007,g02_t12_000,g02_t04_035,False,clearance,-1.1123683170988332,0.056245192248617897,1.309380552389233,6.787449953031483e-14,9.147767819726591e-16,154.98995018644177
1008,g02_t12_000,g02_t05_007,False,clearance,-4.253440675012394,0.04826689534903594,1.1208012798423528,2.040878629308206e-14,6.703151984634395e-16,528.8586084912397
1009,g02_t12_000,g02_t05_034,True,,2.472109255308987,0.03010929559740168,0.6992113044982561,3.873071539597907e-14,2.387649510464486e-16,11.50160921851305
1010,g02_t12_000,g02_t05_058,False,clearance,-4.1549379832159055,0.03936971956251885,0.9134338360678386,6.589302256184982e-14,2.432574717070327e-16,513.6254964570085
1011,g02_t12_000,g02_t06_000,False,input,1.0185078419113043,0.0691660843886732,1.6102570690557834,4.703154237572607e-14,2.823925224926892e-16,26.44781203413325
1012,g02_t12_000,g02_t06_024,True,,4.8987600340560284,0.05749619520782541,1.3366707731687293,8.103380883964237e-14,9.126689985681992e-16,21.9751017792564
1013,g02_t12_000,g02_t06_001,True,,6.348243468382671,0.05586150479552327,1.3008680004458164,3.128859829681214e-14,2.0513792746554963e-16,21.363422384192724
1014,g02_t12_000,g02_t07_000,False,clearance;input,-5.59771886664006,0.08114240787097525,1.8860960708522037,3.5704330589399866e-14,6.766044248900874e-16,702.7343490085573
1015,g02_t12_000,g02_t07_003,False,clearance;speed;input,-5.792298760314063,0.08671910732155806,2.0172801645425595,7.25484662803742e-14,6.532886618304434e-16,728.2272649220777
1016,g02_t12_000,g02_t07_018,False,clearance;input,-5.177484520196108,0.06898386907501658,1.6027952511079573,6.395501382668091e-14,6.390661012520268e-16,647.6539181237232
1017,g02_t12_000,g02_t08_000,False,input,6.697672178231377,0.07199277790442081,1.6765727364388032,5.924930659543687e-14,3.930134622883246e-16,27.53247773048222
1018,g02_t12_000,g02_t08_058,True,,6.0274265540376675,0.05769511753447639,1.342244555864243,4.507888299247583e-14,1.6939998869943826e-16,22.059462451816792
1019,g02_t12_000,g02_t08_038,False,input,2.4647795602476097,0.0665969006405622,1.5502551587562228,5.07429009285179e-14,4.1080361655775567e-16,25.465776088512417
1020,g02_t12_000,g02_t09_000,False,clearance,-4.245713563480255,0.041622390819900545,0.9659551463726481,4.819135301037582e-14,1.2118257228641695e-16,525.3855177976652
1021,g02_t12_000,g02_t10_000,False,clearance;input,-5.294656170422452,0.07169876188901578,1.6668081682922837,1.1609399169080775e-13,1.4752290795525882e-15,662.759739870643
1022,g02_t12_000,g02_t11_000,False,input,3.9622106933660963,0.0740422898254114,1.7233726768025783,5.2214014291603906e-14,4.815412394636862e-16,28.313797381895217
1023,g02_t12_000,g02_t13_000,False,clearance,-0.644361186576772,0.05794338568204189,1.3463218801963635,6.943715037867571e-14,2.226468755882386e-16,99.46243127651621
1024,g02_t12_000,g02_t14_000,False,clearance,-3.0527888659638975,0.049298776646586016,1.1433853921124553,6.761832448871374e-14,4.228172738757786e-16,385.16105231382187
1025,g02_t13_000,g02_t00_001,True,,4.318743423658264,0.05472173983865582,1.274382541539827,2.7974095480984613e-14,1.8253379971363983e-16,20.922410632616398
1026,g02_t13_000,g02_t00_056,False,clearance,-0.5501682983406222,0.048455487871927216,1.127475327734028,3.674955604818067e-14,5.129152273069073e-16,84.54244526780607
1027,g02_t13_000,g02_t00_021,True,,8.808051352172807,0.03992437672228243,0.9301621471386837,2.3832327871173822e-14,3.445100854882561e-16,15.271211208656448
1028,g02_t13_000,g02_t01_000,True,,14.481735763216204,0.054815002456170686,1.2759331617644534,1.5888218580782548e-14,7.152448122690996e-17,20.955081963629347
1029,g02_t13_000,g02_t01_053,False,input,13.884570193206416,0.07556318019539264,1.758849521013898,8.038873388460929e-14,1.9401127501540765e-15,28.885348471902148
1030,g02_t13_000,g02_t01_026,False,input,12.304916782725165,0.06340803062003889,1.4751256338311816,2.2822037872901997e-14,4.3132914650856485e-16,24.235790774117042
1031,g02_t13_000,g02_t02_000,True,,16.1178826773796,0.053694403102523366,1.248596625128081,4.5635433489597437e-14,8.091178754333828e-16,20.51021560267997
1032,g02_t13_000,g02_t02_059,True,,16.297241732174044,0.031220484972965028,0.7267973727199072,2.61673702486864e-14,4.726604209672303e-16,11.932097450657134
1033,g02_t13_000,g02_t02_043,True,,13.14534879566412,0.057599151891180846,1.3420576732605352,3.6404482152219934e-14,4.2685478772198975e-16,22.033059180811932
1034,g02_t13_000,g02_t03_001,False,clearance,-2.569716024805842,0.04887195886385317,1.133633145840676,7.827190431548656e-14,1.1139477871221048e-15,327.0332731389544
1035,g02_t13_000,g02_t03_004,False,clearance,-4.721943682403875,0.055314165104612296,1.2841491885969263,2.3914935841127267e-14,3.8590482369328192e-16,587.7675706946699
1036,g02_t13_000,g02_t03_038,False,clearance,-4.48801136836077,0.04860138442678221,1.1278491594699005,2.6407442894293542e-14,3.6123924315387947e-16,557.1281323355728
1037,g02_t13_000,g02_t04_000,False,clearance,-4.74689319086232,0.05915226527240906,1.3742336475605417,3.552713678800501e-14,6.162054248366335e-16,592.2370649182589
1038,g02_t13_000,g02_t04_011,True,,2.12906322090051,0.052272281117194876,1.2144162930841311,4.5392782294515533e-14,3.810710141257107e-16,19.974281175772852
1039,g02_t13_000,g02_t04_035,False,clearance;input,-3.5083991902643517,0.0628641991823224,1.4592925809701875,3.8428474007872526e-14,7.5834999733380435e-16,445.02605934188284
1040,g02_t13_000,g02_t05_007,True,,4.217899697615454,0.050979099544046697,1.1872717819935321,1.0658141036401503e-14,5.996525307869962e-16,19.49394815764269
1041,g02_t13_000,g02_t05_034,False,clearance,-4.659843072593555,0.05342688825748812,1.2426563079862811,2.9417348844303596e-14,5.034405433428661e-16,579.5983730323586
1042,g02_t13_000,g02_t05_058,True,,3.3038711365630924,0.05543368171676232,1.2906549147173652,1.0658141036401503e-14,2.4951089245224825e-16,21.189133457873886
1043,g02_t13_000,g02_t06_000,True,,12.324034466880637,0.028292342380371486,0.6566708224047398,3.197442310920451e-14,3.5546172988657314e-16,10.790472509834778
1044,g02_t13_000,g02_t06_024,True,,13.316787748647021,0.014778471795193,0.3428693972547845,1.7852165294699933e-14,2.365787772018278e-16,5.641758807883569
1045,g02_t13_000,g02_t06_001,True,,5.340489830388451,0.032785808480621716,0.7602670876976778,2.2071948549698802e-14,2.6912265413954374e-16,12.510113821145595
1046,g02_t13_000,g02_t07_000,True,,16.4758738987253,0.032790744443307346,0.7624948941458323,2.5618982671915014e-14,2.0419692283671577e-16,12.525738030836393
1047,g02_t13_000,g02_t07_003,True,,16.440788236096207,0.0333430182878719,0.7767494751857943,1.117305858980544e-14,3.7116596871810523e-16,12.752984483850245
1048,g02_t13_000,g02_t07_018,True,,16.562143384571076,0.014169193150944693,0.32815659125068464,1.1269720748118957e-14,8.283191067987946e-17,5.391437499248903
1049,g02_t13_000,g02_t08_000,True,,10.12619167230321,0.04310256106893442,1.0012341988134523,2.1614876153176178e-14,2.833924464077117e-16,16.46094620438783
1050,g02_t13_000,g02_t08_058,True,,11.353102327203436,0.02378601568348024,0.5520884340977052,7.944109290391274e-15,6.606199623563352e-17,9.081241519089087
1051,g02_t13_000,g02_t08_038,True,,12.046319912072804,0.025210547562883105,0.58493761551285,1.6280579355608324e-14,1.689731085869606e-16,9.6139429801155
1052,g02_t13_000,g02_t09_000,True,,15.048717420926389,0.03442802255898231,0.8013700383643121,1.2809491335957507e-14,4.3885418357208765e-17,13.160859981797127
1053,g02_t13_000,g02_t10_000,True,,16.523415795371708,0.01898348295606113,0.4417530167246851,1.493056492002081e-14,6.555326985295257e-17,7.253649296414409
1054,g02_t13_000,g02_t11_000,True,,14.528286515896196,0.028835124124779246,0.670238832428835,2.040878629308206e-14,1.669034783527249e-16,11.011664273772961
1055,g02_t13_000,g02_t12_000,False,clearance,-2.0917793316410735,0.05794252398105504,1.3463218792631613,5.0274350720104997e-14,7.170021359536289e-16,273.1525355588956
1056,g02_t13_000,g02_t14_000,True,,13.777377704820571,0.05028492939121684,1.1715973864773075,5.0274350720104997e-14,1.8094421531119201e-16,19.23198844893096
1057,g02_t14_000,g02_t00_001,True,,5.089473649896909,0.021495372340402684,0.4991668425613878,1.5888218580782548e-14,3.496446946337351e-17,8.201831735241578
1058,g02_t14_000,g02_t00_056,False,clearance,-4.033718416949902,0.039949922614481576,0.9289221605768697,3.972054645195637e-14,2.861820589853026e-16,499.31362583702213
1059,g02_t14_000,g02_t00_021,True,,14.668436869106378,0.022985510501955984,0.5351109312554517,2.4868995751603507e-14,1.5524563663653608e-16,8.78568863251433
1060,g02_t14_000,g02_t01_000,True,,25.84209624675261,0.03712196028576406,0.8624572951134923,2.0097183471152322e-14,3.4359788356585895e-16,14.18416735983068
1061,g02_t14_000,g02_t01_053,True,,25.60387702045248,0.04961528581642248,1.1524629229477907,1.5888218580782548e-14,1.3110653970590514e-16,18.950167632290263
1062,g02_t14_000,g02_t01_026,True,,19.166840974860392,0.05033417395935448,1.1690901341374902,3.6448471411003785e-14,3.3423151799601486e-16,19.23035607222827
1063,g02_t14_000,g02_t02_000,True,,29.236854695272434,0.030692950773116342,0.7109485625816983,4.507888299247583e-14,2.7106129819355075e-16,11.683864424187977
1064,g02_t14_000,g02_t02_059,True,,20.842328659017465,0.020481832770199528,0.4757128948459329,2.2748467065386707e-14,1.456987008252908e-16,7.809770006775754
1065,g02_t14_000,g02_t02_043,True,,23.695128009636665,0.016425657498963304,0.38182113170591286,3.66205343881779e-14,1.0655495706568689e-16,6.270334584470644
1066,g02_t14_000,g02_t03_001,False,clearance;input,-5.164319754312544,0.06799265046382381,1.5797239539327528,2.8033955782700967e-14,4.901752723510847e-16,645.7014033751417
1067,g02_t14_000,g02_t03_004,False,clearance;input,-4.7496236988930285,0.0617433479663831,1.4334441942363119,2.940393769756406e-14,3.4389553013601194e-16,593.5431069683939
1068,g02_t14_000,g02_t03_038,False,clearance;input,-4.4003096400307555,0.06722296858347677,1.5624741981189827,7.503399416639342e-14,1.2215262017149545e-15,553.730669620156
1069,g02_t14_000,g02_t04_000,False,clearance;input,-5.309707779660823,0.07213227860617193,1.6768640733831786,5.84378204479065e-14,9.375470263503235e-16,664.7379541062519
1070,g02_t14_000,g02_t04_011,False,input,0.3685491303833084,0.07885000819568777,1.8348724606237239,1.432144669219779e-14,9.522225673746189e-16,30.14866219804068
1071,g02_t14_000,g02_t04_035,False,clearance;speed;input,-1.3577612065507543,0.08604720910899928,2.0003840285773427,7.6610215603693e-14,9.915579844919225e-16,195.81999104521657
1072,g02_t14_000,g02_t05_007,True,,4.372801851778339,0.025598277631400632,0.595537147543011,1.4210854715202004e-14,8.645817252667881e-17,9.783254190096953
1073,g02_t14_000,g02_t05_034,False,clearance,-2.4171445342591893,0.037812352143724894,0.8774384081644884,3.6683925943736416e-14,5.053496914273793e-16,304.4930183395105
1074,g02_t14_000,g02_t05_058,True,,4.237771775412723,0.01888764198748367,0.4367112392496557,3.056159864571351e-14,1.8875832159447664e-16,7.182487119166925
1075,g02_t14_000,g02_t06_000,False,input,2.439849976131069,0.07649791258715173,1.781666155242028,3.182604911552452e-14,2.716822870903453e-16,29.254079809156014
1076,g02_t14_000,g02_t06_024,True,,15.561378348675497,0.05512173681051763,1.2841633235721017,1.9131948672901813e-14,4.5109481895347e-16,21.087544441664868
1077,g02_t14_000,g02_t06_001,False,input,9.051719330953489,0.07106959029552952,1.6541538514487324,4.112563410810646e-14,2.0253964504621835e-16,27.174015299855668
1078,g02_t14_000,g02_t07_000,False,input,16.929543206227944,0.06911495609596148,1.6099832101633809,5.136098584586421e-14,3.471701360027727e-16,26.428822362472296
1079,g02_t14_000,g02_t07_003,False,input,15.908603414881016,0.08022169591548596,1.869442639974799,7.94721185223203e-14,5.578154324147574e-17,30.68661430309717
1080,g02_t14_000,g02_t07_018,True,,16.758270816901273,0.05729420317742284,1.3346322580965841,5.179687190030554e-14,4.193027956394029e-16,21.907950414410347
1081,g02_t14_000,g02_t08_000,False,input,11.090192062902203,0.08536538045160569,1.9874750371795509,6.960877024552122e-14,5.601196193141968e-16,32.6436475019628
1082,g02_t14_000,g02_t08_058,False,input,17.54818968039675,0.06107450197133579,1.4222858178665,6.444038954788686e-14,3.1039433865322265e-16,23.35998059622905
1083,g02_t14_000,g02_t08_038,False,input,4.5998178704778505,0.07265497275079338,1.6922002573557755,3.014577520672848e-14,1.184194975819842e-15,27.78583519115825
1084,g02_t14_000,g02_t09_000,True,,24.19909652464345,0.03044156725142314,0.7081781908449104,3.014577520672848e-14,2.8643431294259467e-16,11.64093799637251
1085,g02_t14_000,g02_t10_000,False,input,14.108870970332065,0.06316827937806643,1.4718274173808759,5.0263287952393626e-14,3.3314823054461086e-16,24.159570915817817
1086,g02_t14_000,g02_t11_000,False,input,12.359119064962101,0.07655691440120796,1.783442424235554,5.739584601870544e-14,1.0103182026100663e-16,29.28229224157702
1087,g02_t14_000,g02_t12_000,False,clearance,-4.199461312294752,0.04930029593496601,1.1433853946978925,2.2539441496237913e-14,8.652497429250865e-16,522.7619399780054
1088,g02_t14_000,g02_t13_000,True,,13.50557980500328,0.05028729912287297,1.1715974094472843,3.275440170573378e-14,2.8394408304613544e-16,19.233809076551918
