method,final_coverage_ratio,final_inspectable_coverage_ratio,inspectable_area_ratio,coverage_success,feasible,total_delta_v,min_clearance,max_speed,rms_tracking_error,delta_v_per_raw_coverage,coverage_per_delta_v,total_dynamic_cost,selected_viewpoint_count,mission_duration,planning_time
set_cover_cw_tour,0.9833333333333333,0.9833333333333333,1.0,True,True,8.769658116325507,7.532344058274379,0.5640573645100144,28.67472638401556,8.918296389483567,0.11212903858849067,152.82628243315946,23,1840.0,5.859110995996161
proposed_safe_cw_nbv,0.9833333333333333,0.9833333333333333,1.0,True,True,13.168943752809831,2.5121812914028574,0.6898600461569446,48.39018765297855,13.392146189298133,0.0746706305221724,224.61010151230425,20,1600.0,30.36078458299744
coverage_greedy,0.9833333333333333,0.9833333333333333,1.0,True,False,15.664952076395467,-2.932556822431405,0.7144673717680993,58.52226845932192,15.930459738707256,0.06277282742633197,855.7477947027154,18,1440.0,4.654671673997655
safe_coverage_greedy,0.9833333333333333,0.9833333333333333,1.0,True,True,14.864973019558597,1.3069161690440825,0.7242972432033475,59.364405727251714,15.116921714805354,0.06615103384577367,250.98770872370173,17,1360.0,4.181848407999496
distance_greedy,0.9833333333333333,0.9833333333333333,1.0,True,True,9.935898847165156,9.75954277232145,0.5474356173770645,25.74051597752215,10.104303912371345,0.09896772787837825,175.5087602498815,30,2400.0,7.420141376998799
fuel_greedy,0.9833333333333333,0.9833333333333333,1.0,True,True,11.362434047332137,2.5824872958811103,0.7320075903856474,38.135006035488985,11.555017675253021,0.0865424898606313,199.38722957960218,25,2000.0,6.356837554005324
random_safe,0.9833333333333333,0.9833333333333333,1.0,True,True,24.56531598828323,2.1232273801996104,0.8225414688272095,51.4579034117031,24.981677276220235,0.040029337860027846,409.08653108172734,33,2640.0,7.753143485002511
