method,time,rx,ry,rz,vx,vy,vz,ax,ay,az
safe_graph_adp,2.0,18.045236344545565,-41.93581442324367,11.986709684966396,0.04528478827928129,0.06415142097122528,-0.013290309363110217,0.02250059936009096,0.032126889377362744,-0.006629800465991043
safe_graph_adp,4.0,18.179356342525626,-41.74650827677288,11.947441915661399,0.08888136795498167,0.12512184303586862,-0.02597744318776503,0.021514592375976575,0.030636949925618693,-0.006328246462364233
safe_graph_adp,6.0,18.398957076049943,-41.43842692522725,11.883403173434978,0.13076324654886107,0.18292791934926497,-0.0380612717156687,0.020522183292601942,0.02915148710371611,-0.006026660058369711
safe_graph_adp,8.0,18.70058270179562,-41.01788224921265,11.795800192976685,0.1709039911727831,0.23758648074489183,-0.04954167136564229,0.019523377191061675,0.027670529872656648,-0.005725042798117748
safe_graph_adp,10.0,19.08072457065028,-40.49115229026141,11.685839949960464,0.20927722899157503,0.2891145354175118,-0.060418524734572376,0.018518179185202918,0.026194107170373522,-0.005423396225876606
safe_graph_adp,12.0,19.535821348280347,-39.86448089642866,11.55472964868762,0.24585664768531817,0.3375292686039255,-0.07069172059831226,0.017506594421599072,0.024722247911583346,-0.005121721886064617
safe_graph_adp,14.0,20.06225913662338,-39.14407736852952,11.40367670972802,0.28061599591106523,0.3828480422613376,-0.08036115391253582,0.01648862807952351,0.02325498098763809,-0.004820021323242284
safe_graph_adp,16.0,20.656371596303224,-38.336116107022,11.233888757559646,0.3135290837639798,0.4250883947433387,-0.08942672581354381,0.015464285370923009,0.021792335266377128,-0.0045182960821043726
safe_graph_adp,18.0,21.314440069966892,-37.446736259540224,11.046573608206572,0.34456978323789506,0.4642680404735061,-0.09788834361902277,0.014433571540391097,0.020334339591979497,-0.004216547707471995
safe_graph_adp,20.0,22.032693706541963,-36.48204136908294,10.842939256875482,0.37371202868528647,0.5004048696166267,-0.10574592082875643,0.013396491865141188,0.018881022784816157,-0.003914777744284716
safe_graph_adp,22.0,22.807309586413336,-35.44809902286188,10.624193865590799,0.4009298172766555,0.5335169477475435,-0.11299937712528967,0.012353051654979564,0.017432413641302456,-0.003612987737592623
safe_graph_adp,24.0,23.634412847518163,-34.35094050181483,10.391545750828545,0.4261972094593195,0.5636225155176311,-0.11964863837454492,0.011303256252278189,0.01598854093375071,-0.0033111792325484276
safe_graph_adp,26.0,24.510076812357767,-33.196560430788125,10.146203371149012,0.44948832941560407,0.5907399883189002,-0.12569363662639127,0.010247111031947365,0.01454943341022286,-0.003009353774399555
safe_graph_adp,28.0,25.43032311592534,-31.990916429393277,9.889375314828342,0.4707773655204343,0.6148879559457364,-0.13113431011516583,0.009184621401408202,0.013115119794383304,-0.002707512908480228
safe_graph_adp,30.0,26.391121834548215,-30.739928763542522,9.622270287489108,0.4900385707983201,0.6360851822542758,-0.13597060326014782,0.00811579280056492,0.011685628785351808,-0.002405658180203556
safe_graph_adp,32.0,27.38839161564351,-29.449479997667954,9.346097099730004,0.507246263379732,0.6543506048194186,-0.1402024666659851,0.007040630701777047,0.010260989057556609,-0.0021037911350536235
safe_graph_adp,34.0,28.4179998083859,-28.125414647628993,9.06206465475472,0.5223748269568639,0.6697033345894868,-0.14382985712307317,0.005959140609831327,0.008841229260587563,-0.0018019133185775797
safe_graph_adp,36.0,29.475762595286312,-26.773538834312898,8.771381936000104,0.5353987112387776,0.6821626555385263,-0.1468527376078867,0.004871328061913596,0.007426378019049486,-0.0015000262763777182
safe_graph_adp,38.0,30.557445124680264,-25.39961993793303,8.475257994763728,0.5462924324059264,0.6917480243162576,-0.14927107728326353,0.0037771986275804102,0.006016463932415573,-0.0011981315541035684
safe_graph_adp,40.0,31.658761644124652,-24.009386253029543,8.17490193783091,0.5550305735640532,0.6984790698956789,-0.15108485149864126,0.002676757908730534,0.0046115155748810005,-0.0008962306974439858
safe_graph_adp,42.0,32.77537563470169,-22.608526644177253,7.8715229151013215,0.5615877851974582,0.7023755932183233,-0.15229404179024625,0.001570011539576245,0.0032115614952165925,-0.0005943252521192306
safe_graph_adp,44.0,33.90289994622875,-21.202690202405293,7.566330107215263,0.565938785621635,0.7034575668371739,-0.15289863588123512,0.0004569651866144892,0.0018166302166226997,-0.00029241676387305356
safe_graph_adp,46.0,35.036896933372866,-19.7974859023333,7.260532713179708,0.5680583614352671,0.7017451345572396,-0.1528986276817888,-0.0006623754514020941,0.00042675023658310406,9.493221535208755e-06
safe_graph_adp,48.0,36.17287859266853,-18.398482260028782,6.955339937994197,0.5679213679715848,0.6972586110737963,-0.152294017289159,-0.0017880046434944087,-0.0009580499732808393,0.0003114031583385593
safe_graph_adp,50.0,37.30630670043763,-17.011206991590342,6.651960980276698,0.5655027297490757,0.6900184816082935,-0.1510848109876673,-0.002919916626486198,-0.002337741967356012,0.0006133115007702465
safe_graph_adp,52.0,38.4325929516101,-15.641146672461412,6.3516050198895035,0.5607774409215464,0.680045401541933,-0.14927102124865646,-0.004058105605033568,-0.003712297326183139,0.0009152167030716824
safe_graph_adp,54.0,39.54709909944407,-14.293746397479152,6.055481205565283,0.5537205657275308,0.6673601960469208,-0.14685266673039468,-0.005202565751654668,-0.005081687656602317,0.0012171172195003582
safe_graph_adp,56.0,40.6451370961442,-12.974409441663179,5.76479864253337,0.5443072389390412,0.6519838597153952,-0.14382977227793184,-0.00635329120675952,-0.006445884591898385,0.0015190115043377563
safe_graph_adp,58.0,41.721969234376786,-11.688496921748753,5.480766380146383,0.5325126663096582,0.6339375561860369,-0.14020236892290866,-0.007510276078680002,-0.007804859791946146,0.0018208980118972632
safe_graph_adp,60.0,42.77280828968045,-10.441327458469065,5.204593399507277,0.5183121250219557,0.6132426177683605,-0.13597049388331806,-0.008673514443700044,-0.00915858494335549,0.0021227751965320844
safe_graph_adp,62.0,43.79281766377096,-9.23817683959125,4.937488601096922,0.5016809641342567,0.5899205450646946,-0.13113419056321923,-0.009843000346085937,-0.010507031759616335,0.0024246415126431614
safe_graph_adp,64.0,44.77711152873895,-8.084277683710752,4.6806607924022945,0.4825946050267163,0.5639930065898503,-0.12569350855240405,-0.011018727798116837,-0.011850171981243472,0.002726495414687078
safe_graph_adp,66.0,45.72075497213905,-6.984819104808671,4.435318675545394,0.4610285418467279,0.5354818383884847,-0.11964850362601608,-0.012200690780115408,-0.013187977375921237,0.003028335357183981
safe_graph_adp,68.0,46.618764142969226,-5.94494637757666,4.202670834912959,0.43695834195364847,0.5044090436501603,-0.11299923774412209,-0.013388883240478662,-0.014520419738648064,0.003330159794725488
safe_graph_adp,70.0,47.46610639853885,-4.969760603514029,3.9839257247870883,0.4103596463628391,0.4707967923221044,-0.105745779051236,-0.014583299095708914,-0.01584747089188091,0.0036319671819826016
safe_graph_adp,72.0,48.25770045222413,-4.0643183778016185,3.7802916569768725,0.3812081701890172,0.43466742071967285,-0.09788820187579546,-0.015783932230444973,-0.01716910268567948,0.003933755973713621
safe_graph_adp,74.0,48.98841652210962,-3.233631456957035,3.592976788451106,0.34947970308891607,0.39604343113451973,-0.08942658672959079,-0.016990776497493407,-0.018485286997850417,0.004235524624772054
safe_graph_adp,76.0,49.653076480514315,-2.48266642727584,3.423189108972197,0.31515010970324797,0.35494749144047816,-0.0803610203071466,-0.01820382571786004,-0.019795995734091215,0.004537271590114527
safe_graph_adp,78.0,50.24645400440098,-1.8163443740632683,3.27213642873136,0.27819533009796726,0.3114024346971546,-0.07069159548505581,-0.01942307368078158,-0.021101200828134124,0.004838995324808699
safe_graph_adp,80.0,50.7632747266673,-1.2395405516610343,3.141026365985187,0.238591380204829,0.26543125875124046,-0.060418411321266255,-0.02064851414375744,-0.02240087424188981,0.005140694284041164
safe_graph_adp,82.0,51.19821638831741,-0.7570840542737998,3.0310663346936932,0.19631435226123964,0.21705712583554443,-0.049541573054319846,-0.021880140832581663,-0.023694987965590924,0.005442366923125372
safe_graph_adp,84.0,51.5459089915125,-0.3737574875998508,2.9434635321599307,0.15134041524939587,0.16630336216574917,-0.03806119210254418,-0.023117947441375068,-0.0249835140179355,0.005744011697509524
safe_graph_adp,86.0,51.800934953498874,-0.09429664127053455,2.87942492667127,0.10364581533470764,0.11319345753489582,-0.025977386063196814,-0.024361927632617533,-0.026266424446230223,0.006045627062784493
safe_graph_adp,88.0,51.95782926141223,0.07660983789700321,2.8401572451424366,0.05320687630350147,0.05775106490559958,-0.013290278711561961,-0.025612075037180455,-0.02754369132653357,0.006347211474691724
safe_graph_adp,90.0,52.011079627956555,0.13432077182924665,2.8268669607604027,2.983724378680108e-16,5.065392549852277e-16,1.3530843112619095e-16,-0.026868383254359324,-0.028815286763798725,0.006648763389131137
safe_graph_adp,92.0,51.93810904848752,0.2016640308686361,2.7668122565032838,-0.07291983813090533,0.06739825839804485,-0.06005467863394688,-0.036735736613152936,0.03361657271871652,-0.030023746577266384
safe_graph_adp,94.0,51.72302515615502,0.40117620999128595,2.5893736935418934,-0.1421154787350964,0.13216611112914672,-0.11738380862089651,-0.03502261391467079,0.03214058762203709,-0.02866112482977708
safe_graph_adp,96.0,51.37324885110989,0.7275642129722103,2.3000029585064583,-0.20761443155150255,0.19427129405131857,-0.1719868029506405,-0.03331672620764555,0.030656866213334587,-0.02729835633847983
safe_graph_adp,98.0,50.89614590768461,1.1754706054803552,1.9041528841357886,-0.26944431258663715,0.2536817332805769,-0.2238631025253035,-0.03161808222615373,0.029165441254098142,-0.02593544808069455
safe_graph_adp,100.0,50.299026762370225,1.7394739961535737,1.407277393448284,-0.327632843602329,0.31036554574957737,-0.273012176163637,-0.029926690667184345,0.027666345545258805,-0.024572407034456803
safe_graph_adp,102.0,49.58914630281882,2.4140894187882695,0.8148314439045762,-0.3822078516024674,0.3642910397635935,-0.31943352060509855,-0.028242560190594172,0.02615961192702155,-0.023209240178481978
safe_graph_adp,104.0,48.77370365787349,3.193768715638339,0.13227097156222778,-0.43319726831876465,0.4154267155538347,-0.3631266605137169,-0.026565699419063653,0.024645273278697095,-0.021845954492129643
safe_graph_adp,106.0,47.859841988627764,4.072900921818084,-0.6349471647770835,-0.4806291296955412,0.4637412658280978,-0.40409114848174243,-0.02489611693805257,0.02312336251853364,-0.02048255695536774
safe_graph_adp,108.0,46.85464828051643,5.045812650803754,-1.4813652394274683,-0.5245315753735375,0.5092035763187479,-0.4423265650330832,-0.02323382129575617,0.021593912603548295,-0.019119054548736907
safe_graph_adp,110.0,45.76515313643969,6.10676848102838,-2.4015247156853876,-0.564932848172757,0.5517827263280237,-0.47783251862652654,-0.0215788210030614,0.02005695652935833,-0.017755454253314703
safe_graph_adp,112.0,44.59833057092264,7.24997134356454,-3.38996630170244,-0.601861293574346,0.5914479892706619,-0.510608645658746,-0.01993112453350325,0.018512527330012244,-0.016391763050679877
safe_graph_adp,114.0,43.361097805311886,8.46956291088968,-4.441230006363953,-0.6353453592015128,0.6281688332138371,-0.5406546104670938,-0.01829074032322149,0.016960658077820663,-0.015027987922876594
safe_graph_adp,116.0,42.06031506401132,9.759623986728636,-5.549855195172939,-0.6654135942994928,0.6619149214144114,-0.5679701053321794,-0.016657676770917368,0.01540138188318696,-0.013664135852378748
safe_graph_adp,118.0,40.70278537175893,11.114174896967954,-6.710380646139001,-0.6920946492145631,0.6926561128534893,-0.5925548504802319,-0.015031942237810701,0.013834731894437746,-0.012300213822054158
safe_graph_adp,120.0,39.295254351946475,12.52717588163663,-7.91734460567174,-0.7154172748721115,0.7203624627682735,-0.6144085940852497,-0.013413545047596983,0.012260741297653198,-0.010936228815128832
safe_graph_adp,122.0,37.84441002598401,13.992527487947847,-9.165284844478256,-0.7354103222537641,0.7450042231812171,-0.6335311122709343,-0.01180249348640483,0.010679443316497086,-0.00957218781515122
safe_graph_adp,124.0,36.35688261371108,15.504070964396313,-10.448738713464294,-0.7521027418735766,0.7665518434264662,-0.6499222091124099,-0.010198795802753551,0.009090871212046697,-0.008208097805956466
safe_graph_adp,126.0,34.83924433485643,17.05558865590578,-11.762243199638622,-0.7655235832532933,0.7849759706735908,-0.6635817166377287,-0.008602460207510843,0.007495058282622543,-0.006843965771630621
safe_graph_adp,128.0,33.298009211548205,18.640804400021292,-13.100334982020197,-0.7757019943966793,0.8002474504485966,-0.6745094948291607,-0.007013494873850847,0.0058920378636178605,-0.005479798696474917
safe_graph_adp,130.0,31.739632871876317,20.25338392414075,-14.457550487547703,-0.7826672212629299,0.8123373271522148,-0.68270543162427,-0.005431907937212254,0.004281843327327953,-0.0041156035649699794
safe_graph_adp,132.0,30.17051235450898,21.886935243780325,-15.828425946991025,-0.7864486072391613,0.8212168445754661,-0.6881694429167755,-0.0038577074952566557,0.0026645080827793163,-0.002751387361740097
safe_graph_adp,134.0,28.59698591436514,23.53500906186826,-17.207497450864224,-0.7870755926119891,0.8268574464124913,-0.6909014725571972,-0.0022909016078270874,0.001040065575558572,-0.001387157071517424
safe_graph_adp,136.0,27.025332829344666,25.19109916906161,-18.5893010053396,-0.7845777140381969,0.8292307767706478,-0.6909014923532883,-0.0007314982969067489,-0.0005914507123587454,-2.2919679106263996e-05
safe_graph_adp,138.0,25.461773208118135,26.84864284508043,-19.9683725881624,-0.7789846040145011,0.8283086806778653,-0.688169502070252,0.0008204944534220238,-0.0022300072627796296,0.0013413178306527392
safe_graph_adp,140.0,23.91246779897794,28.501021261053936,-21.339248204565735,-0.7703259903464166,0.8240632045872557,-0.6827055294307438,0.00236506869701869,-0.003875570521465214,0.002705548472918321
safe_graph_adp,142.0,22.383517799752596,30.141559882873118,-22.696463943185307,-0.7586316956162271,0.8164665968789748,-0.6745096301146597,0.0039022165257251613,-0.005528106898302585,0.004069765262884384
safe_graph_adp,144.0,20.880964668785992,31.763528875544353,-24.034556031973484,-0.743931636650066,0.8054913083593302,-0.6635818877587087,0.0054319300694062956,-0.007187582767476711,0.005433961215815762
safe_graph_adp,146.0,19.41078993698336,33.36014350853845,-25.348060894112304,-0.7262558239841107,0.791109992757131,-0.6499224139557717,0.006954201495990188,-0.008853964467642667,0.00679812934708398
safe_graph_adp,148.0,17.978915020925736,34.92456456212965,-26.63151520392499,-0.7056343613298973,0.7732955072172745,-0.6335313482540448,0.008469023011508276,-0.010527218302097928,0.00816226267220298
safe_graph_adp,150.0,16.591201037054677,36.449898734719035,-27.879455942785537,-0.6820974450387585,0.7520209127915675,-0.614408858155969,0.009976386860135241,-0.012207310538954935,0.009526354206864936
safe_graph_adp,152.0,15.253448616928965,37.92919905113677,-29.086420455025927,-0.6556753635653902,0.7272594749267752,-0.5925551391169441,0.011476285324228726,-0.013894207411313773,0.010890396966975975
safe_graph_adp,154.0,13.971397723555055,39.35546527191773,-30.246946503840586,-0.6263984969305518,0.698984663949896,-0.5679704145438288,0.012968710724368837,-0.015587875117435084,0.012254383968691957
safe_graph_adp,156.0,12.750727468792979,40.72164430354486,-31.355572327187605,-0.5942973161829037,0.6671701555506552,-0.5406549357932257,0.014453655419397459,-0.017288279820913084,0.013618308228454213
safe_graph_adp,158.0,11.597055931839428,42.020630609654745,-32.406836693686316,-0.5594023828599882,0.6317898312612164,-0.5106089821695522,0.015931111806457406,-0.018995387650848853,0.014982162763025317
safe_graph_adp,160.0,10.515939978789737,43.245266623199804,-33.39527895851081,-0.5217443484483577,0.5928177789331035,-0.4778328609228965,0.017401072321031316,-0.02070916470202373,0.016345940589524835
safe_graph_adp,162.0,9.512875083280454,44.388343159561565,-34.31543911927894,-0.48135395384285484,0.5502282932113317,-0.4423269072466586,0.018863529436980397,-0.022429577035072912,0.017709634725465065
safe_graph_adp,164.0,8.593295148214198,45.44259983060938,-35.1618578719364,-0.43826202880504983,0.5039958760057408,-0.4040914842749774,0.02031847566658295,-0.024156590676659213,0.019073238188786805
safe_graph_adp,166.0,7.762572328568475,46.40072545969904,-35.929076666635424,-0.3924994914208391,0.4540952369595286,-0.36312698307994307,0.021765903560572734,-0.025890171619647007,0.020436743997895093
safe_graph_adp,168.0,7.026016855290137,47.25535849760558,-36.61163776360773,-0.3440973475572108,0.40050129391497946,-0.3194338226685947,0.02320580570817704,-0.027630285823276365,0.021800145171694957
safe_graph_adp,170.0,6.388876860277133,47.99908743938482,-37.204084289031215,-0.2930866903181807,0.34318917337638405,-0.27301244997970353,0.02463817473715472,-0.029376899213337315,0.023163434729627137
safe_graph_adp,172.0,5.856338202449223,48.62445124215792,-37.70096029089001,-0.23949869949990488,0.28213421097014596,-0.2238633398803417,0.026063003313833884,-0.03112997768234431,0.024526605691703857
safe_graph_adp,174.0,5.433524294909276,49.12393974381322,-38.09681079482746,-0.1833646410449723,0.2173119519020716,-0.17198699516223664,0.027480284143149437,-0.03288948708971086,0.025889651078544546
safe_graph_adp,176.0,5.125495933196806,49.48999408262002,-38.38618185999161,-0.12471586649588327,0.14869815141183876,-0.11738394653791079,0.02889000996868046,-0.034655393261924336,0.02725256391141157
safe_graph_adp,178.0,4.937251124635357,49.715007117748335,-38.56362063487272,-0.06358381244771799,0.07626877522464054,-0.06005475263660709,0.030292173572687348,-0.036427661992720926,0.02861533721224596
safe_graph_adp,180.0,4.873724918775358,49.791323850689146,-38.623675413132474,-2.7755575615628914e-17,-1.249000902703301e-16,-6.938893903907228e-17,0.03168676777614876,-0.03820625904326077,0.029977964003703162
safe_graph_adp,182.0,4.859996990386627,49.78575054911586,-38.521248882071006,-0.013732141778239663,-0.005562944186188965,0.10242648735979216,-0.006878462837502718,-0.0027970034134966472,0.05116384944378386
safe_graph_adp,184.0,4.8193983413420804,49.7693855548152,-38.218617867167914,-0.0268705033227676,-0.01079214058260038,0.20020439842171367,-0.006569258673087826,-0.0026605301559163644,0.048839821521443415
safe_graph_adp,186.0,4.753118857938062,49.74289087181223,-37.72508052572052,-0.039412761424910445,-0.015693082496014567,0.2933327324513648,-0.006259540973890738,-0.0025254573540489664,0.04651554354117844
safe_graph_adp,188.0,4.662353053984307,49.70691750239254,-37.04993696888974,-0.05135661178542879,-0.02027127834483531,0.381810536320393,-0.005949311325653637,-0.0023917873282918445,0.04419102740319883
safe_graph_adp,190.0,4.5483000329470356,49.66210541697903,-36.20248916648061,-0.06269976905252664,-0.024532251559065445,0.4656369045138116,-0.005638571316739864,-0.0022595223918602325,0.04186628500893384
safe_graph_adp,192.0,4.412163450016204,49.60908352420889,-35.19204085170858,-0.07343996685968261,-0.028481540480087185,0.5448109791369528,-0.005327322538125776,-0.002128664850775363,0.039541328260971155
safe_graph_adp,194.0,4.25515147409728,49.54846964121124,-34.02789742595225,-0.08357495786330237,-0.03212469826024801,0.6193319499220548,-0.005015566583392625,-0.0019992170038526597,0.03721616906299594
safe_graph_adp,196.0,4.0784767497278835,49.48087046408576,-32.719365863493266,-0.09310251378019216,-0.03546729276225304,0.689199054234484,-0.0047033050487183745,-0.0018711811426899703,0.03489081931972992
safe_graph_adp,198.0,3.883356358919668,49.40688153858277,-31.2757546162442,-0.10202042542485298,-0.03851490645836478,0.7544115770785904,-0.004390539532869542,-0.0017445595516558318,0.032565290936870356
safe_graph_adp,200.0,3.671011782925787,49.327087230985065,-29.706373518465043,-0.11032650274659517,-0.04127313632941103,0.8149688511031975,-0.004077271637193007,-0.001619354507877774,0.030239595821029183
safe_graph_adp,202.0,3.4426688639343146,49.242060699191924,-28.02053369146908,-0.11801857486647294,-0.043747593763602044,0.8708702566067268,-0.00376350296560781,-0.0014955682812306625,0.027913745879671978
safe_graph_adp,204.0,3.1995577666879753,49.152363864005736,-26.227547448318916,-0.12509449011403873,-0.04594390445515761,0.9221152215419558,-0.0034492351245969497,-0.0013732031343250762,0.02558775302105703
safe_graph_adp,206.0,2.942912940030547,49.05854738062147,-24.336728198513313,-0.13155211606391692,-0.04786770830274506,0.9687032215204104,-0.0031344697231991485,-0.0012522613224957234,0.02326162915417434
safe_graph_adp,208.0,2.673973078380296,48.96115061031952,-22.35739035266564,-0.13738933957219668,-0.04952465930772913,1.0106337798163914,-0.0028192083730006175,-0.0011327450937898913,0.020935386188684672
safe_graph_adp,210.0,2.393981083130811,48.860701592362226,-20.29884922717461,-0.14260406681264345,-0.05092042547223445,1.0479064673706342,-0.0025034526881268114,-0.0010146566889559431,0.01860903603485859
safe_graph_adp,212.0,2.104184023979588,48.757717016094446,-18.170420948888086,-0.14719422331272902,-0.052060688697021656,1.0805209027936042,-0.002187204285234148,-0.0008979983414318371,0.01628259060351543
safe_graph_adp,214.0,1.8058331001847479,48.65270219324856,-15.981422359760643,-0.15115775398947964,-0.052951144679178004,1.1084767523684247,-0.0018704647835017542,-0.0007827722773336979,0.013956061805962393
safe_graph_adp,216.0,1.5001836017502292,48.5461510304543,-13.741170921505656,-0.1544926231851421,-0.05359750280962334,1.1317737300534385,-0.0015532358046231552,-0.0006689807154444156,0.011629461553933435
safe_graph_adp,218.0,1.1884948705398384,48.4385460019537,-11.458984620242623,-0.1571968147026671,-0.05400548607043238,1.1504115974844051,-0.0012355189727979799,-0.0005566258672022868,0.009302801759528412
safe_graph_adp,220.0,0.8720302613205122,48.33035812252169,-9.144181871140457,-0.15926833184101014,-0.054180830931974185,1.1643901639763308,-0.0009173159147236473,-0.000445709936689692,0.00697609433515204
safe_graph_adp,222.0,0.552057102735164,48.22204692059243,-6.806081423057493,-0.16070519743024883,-0.0541292872498697,1.1737092865249314,-0.0005986282595870361,-0.00033623512062181066,0.004649351193452868
safe_graph_adp,224.0,0.22984665820547634,48.114060411592085,-4.454002263178925,-0.16150545386651735,-0.0538566181617683,1.1783688698077321,-0.00027945763905613504,-0.00022820360833537406,0.0023225842472623173
safe_graph_adp,226.0,-0.09332591323498951,48.0068350714781,-2.0972635216524202,-0.16166716314675678,-0.053368599983944276,1.1783688661847977,4.0194312728292415e-05,-0.00012161758177745707,-4.194590466286008e-06
safe_graph_adp,228.0,-0.4161815961770025,47.90079581048552,0.2548156237773709,-0.16118840690328157,-0.05267102210771407,1.173709275699099,0.0003603259591610955,-1.6479215494303245e-05,-0.00233097340671877
safe_graph_adp,230.0,-0.7374375581408181,47.79635594708064,2.5929160431346645,-0.16006728643816165,-0.05176968689567528,1.164390146076512,0.000680935661181102,8.720932337980323e-05,-0.004657740288481024
safe_graph_adp,232.0,-1.055807188949915,47.69391718212236,4.907718749578031,-0.15830192275741992,-0.05067040957776827,1.150411572725452,0.0010020217772795132,0.00018944587513363868,-0.006984483322800085
safe_graph_adp,234.0,-1.3700001401729414,47.593869573231586,7.189904994764776,-0.15589045660504486,-0.04937901814716135,1.13177369873614,0.0013235826635083112,0.00029022828749009414,-0.009311190596845056
safe_graph_adp,236.0,-1.678722364633502,47.496591509369026,9.430156364213499,-0.15283104849681778,-0.047901353255960365,1.1084767148795047,0.0016456166734886758,0.00038955441561719573,-0.011637850197968161
safe_graph_adp,238.0,-1.9806761559874135,47.40244968562177,11.61915487266408,-0.1491218787539547,-0.04624326811074372,1.0805208596057174,0.001968122158419409,0.000487422122139087,-0.013964450213765689
safe_graph_adp,240.0,-2.274560188367057,47.31179907819896,13.747583059434382,-0.14476114753656227,-0.04441062836792363,1.0479064190423606,0.002291097467085382,0.0005838292771469709,-0.016290978732138993
safe_graph_adp,242.0,-2.5590695560924606,47.22498291963689,15.806124083772907,-0.1397470748769078,-0.042409312028934644,1.010633726992231,0.002614540945865987,0.0006787737582100165,-0.018617423841355507
safe_graph_adp,244.0,-2.8328958134487277,47.142332674213954,17.78546182020671,-0.1340779007125025,-0.04024520933525022,0.968703164930777,0.002938450938743602,0.0007722534503862232,-0.020943773630109734
safe_graph_adp,246.0,-3.094727014529454,47.06416801357565,19.676280953883808,-0.12775188491899842,-0.0379242226632284,0.9221151620031687,0.0032628257873120736,0.0008642662462332519,-0.02327001618758417
safe_graph_adp,248.0,-3.343247753145745,46.990796792570166,21.46926707590937,-0.12076730734289813,-0.03545226641878747,0.870870195021003,0.0035876638307852063,0.0009548100458192132,-0.02559613960351037
safe_graph_adp,250.0,-3.57713920280047,46.92251502529467,23.15510677867496,-0.11312246783407726,-0.03283526693191244,0.8149687884586425,0.003912963406005266,0.00104388275673342,-0.02792213196822986
safe_graph_adp,252.0,-3.7950791567273683,46.859606861352866,24.724487751180064,-0.10481568627811938,-0.030079162350993408,0.7544115144491879,0.004238722847451491,0.0011314822940970996,-0.03024798137275517
safe_graph_adp,254.0,-3.9957420679946445,46.802344562323945,26.168098874345226,-0.0958453026284631,-0.027189902536996664,0.6891989927800848,0.004564940487248627,0.001217606580574069,-0.03257367590883075
safe_graph_adp,256.0,-4.1777990896726624,46.750988478443446,27.47663031631602,-0.08620967693836096,-0.024173448957469423,0.619331890888365,0.004891614655175459,0.0013022535463813707,-0.034899203668994
safe_graph_adp,258.0,-4.339918115065375,46.70578702549619,28.640773627757127,-0.07590718939264995,-0.021035774580379217,0.5448109238555212,0.005218743678673369,0.0013854211292998687,-0.03722455274663619
safe_graph_adp,260.0,-4.480763818005102,46.66697666192178,29.65122183713582,-0.06493624033933332,-0.017782863767788776,0.46563685440201613,0.005546325882854896,0.0014671072746848094,-0.039549711236063434
safe_graph_adp,262.0,-4.598997693210285,46.63478186613283,30.498669545994087,-0.05329525032097333,-0.014420712169367397,0.38181049288142577,0.005874359590512311,0.0015473099354763387,-0.04187466723255766
safe_graph_adp,264.0,-4.693278096705836,46.60941511404643,31.173813024208656,-0.04098266010589482,-0.010955326615739712,0.29333269727421707,0.006202843122126207,0.001626027072209985,-0.044199408832437545
safe_graph_adp,266.0,-4.762260286305705,46.59107685682898,31.66735030523825,-0.027996930719199196,-0.0073927250116727836,0.2002043731811595,0.006531774795874095,0.0017032566530270992,-0.04652392413311947
safe_graph_adp,268.0,-4.80459646215729,46.57995549885488,31.969981281357285,-0.014336543473588604,-0.0037389362291024722,0.10242647381637122,0.006861152927639018,0.0017789966536852597,-0.04884820123317847
safe_graph_adp,270.0,-4.818935807347299,46.57622737587931,32.072407798875254,1.9081958235744878e-17,-1.6046192152785466e-17,-3.885780586188048e-16,0.007190975831018171,0.0018532450575686346,-0.051172228232409134
safe_graph_adp,272.0,-4.8182898300366075,46.51715251092854,32.09856370224384,0.0006014209262257707,-0.059075318568878696,0.026155892208784302,0.0003860495162552515,-0.029536928447251042,0.013119009641618171
safe_graph_adp,274.0,-4.8168185081808605,46.342606203848305,32.17584434728387,0.0008273665821560235,-0.11547115892945552,0.05112471985842405,0.000328948114690615,-0.02819625557580409,0.012525543814184258
safe_graph_adp,276.0,-4.815248513134893,46.057949562970585,32.30187534776418,0.0007021168326714339,-0.16918538747930043,0.07490622684907151,0.00027791950781121946,-0.026855338034881115,0.011932013856469102
safe_graph_adp,278.0,-4.814257952050853,45.66854779898204,32.474281817410386,0.0002499559534009973,-0.22021603546948743,0.09750016923760695,0.00023296395688148386,-0.025514203307314645,0.011338422807322251
safe_graph_adp,280.0,-4.8144763594919695,45.179769895195484,32.69068839422026,-0.0005048278045502491,-0.2685612990257942,0.11890631523951316,0.00019408169207202342,-0.024172878877049157,0.010744773705906038
safe_graph_adp,282.0,-4.816484689916903,44.59698827778118,32.948719264782746,-0.0015379426499056434,-0.31421953916765055,0.13912444523065665,0.0001612729124584717,-0.022831392229000404,0.010151069591680007
safe_graph_adp,284.0,-4.820815311034731,43.92557848596254,33.245998188600396,-0.0028250936865496274,-0.3571892818248357,0.15815435174897544,0.00013453778602046367,-0.021489770848914715,0.009557313504385382
safe_graph_adp,286.0,-4.8279519980306205,43.17091884218062,33.58014852241514,-0.004341983348884984,-0.3974692178519233,0.17599583949607345,0.00011387644964077053,-0.020148042223228194,0.008963508484029485
safe_graph_adp,288.0,-4.838329928662243,42.33839012223204,33.94879324453713,-0.006064311837210736,-0.43505820304047527,0.1926487253387215,9.928900910460663e-05,-0.01880623383892609,0.008369657570870168
safe_graph_adp,290.0,-4.852335679226957,41.43337522538472,34.34955497917645,-0.007967777553116907,-0.46995525812898375,0.20811283831026486,9.077553909908175e-05,-0.017464373183401962,0.007775763805400255
safe_graph_adp,292.0,-4.870307221399799,40.461258844476,34.780056020777664,-0.010028077534892323,-0.5021595688105612,0.22238801961193747,8.83360832128182e-05,-0.016122487744317036,0.0071818302283319715
safe_graph_adp,294.0,-4.892533919942293,39.427427135997625,35.23791835835675,-0.01222090789294161,-0.5316704857383784,0.23547412261408254,9.19706539357348e-05,-0.014780605009459408,0.006587859880581378
safe_graph_adp,296.0,-4.919256531282108,38.33726739017215,35.72076369984051,-0.01452196424520759,-0.5584875245288505,0.24737101285727991,0.00010167923265897447,-0.013438752466603338,0.005993855803252799
safe_graph_adp,298.0,-4.9506672029635554,37.196167701025146,36.226213496408064,-0.016906942152595257,-0.5826103657625717,0.25807856805337975,0.00011746176967500355,-0.012096957603368506,0.005399821037623244
safe_graph_adp,300.0,-4.986909473968937,36.00951663645785,36.75188896683433,-0.01935153755439347,-0.604038854982997,0.2675966780864431,0.00013931818417786766,-0.010755247907079256,0.00480575862512686
safe_graph_adp,302.0,-5.028078275910729,34.7827029083247,37.29541112183533,-0.021831447203690606,-0.6227730026928727,0.2759252450135886,0.0001672483642636011,-0.009413650864623903,0.0042116716073393404
safe_graph_adp,304.0,-5.074219935094589,33.52111504252021,37.854400788415056,-0.02432236910278029,-0.6388129843484148,0.283064183065746,0.0002012521669308054,-0.008072193962313965,0.0036175630259623528
safe_graph_adp,306.0,-5.12533217545316,32.2301410490798,38.42647863421375,-0.026800002938553436,-0.6521591403512357,0.2890134186483159,0.00024132941808137354,-0.006730904685743452,0.0030234359228079686
safe_graph_adp,308.0,-5.181364122350644,30.915168092299005,39.00926519185745,-0.029240050517872707,-0.6628119760380186,0.29377289034173665,0.000287479912521392,-0.005389810519648147,0.0024292933397831
safe_graph_adp,310.0,-5.2422163072581,29.581582160875563,39.60038088330853,-0.03161821620292565,-0.670772161667941,0.2973425489019568,0.00033970341396218203,-0.004048938947764851,0.001835138318873903
safe_graph_adp,312.0,-5.307740673299428,28.23476773807894,40.19744604421711,-0.033910207346552666,-0.6760405324078461,0.2997223572608151,0.0003979996550215134,-0.002708317452690717,0.0012409739021302206
safe_graph_adp,314.0,-5.377740581667976,26.88010747195174,40.79808094827313,-0.03609173472754589,-0.6786180883151631,0.30091229052632595,0.00046236833722497483,-0.0013679735157425032,0.0006468031316500013
safe_graph_adp,316.0,-5.451970818913717,25.522981845547545,41.39990583155893,-0.03813851298591538,-0.678505994318576,0.3009123359828725,0.0005328091310074967,-2.7934616815883303e-05,5.262904956372834e-05
safe_graph_adp,318.0,-5.530137605100918,24.16876884720966,42.00054091690207,-0.040026261058118545,-0.6757055801964411,0.2997224930913051,0.0006093216757150465,0.0013117717657552587,-0.0005415453019811667
safe_graph_adp,320.0,-5.6118986028362325,22.82284364089526,42.597606438228276,-0.041730702612249176,-0.6702183405529547,0.29734277348894733,0.0006919055796064659,0.0026511181553394965,-0.0011357168808358662
safe_graph_adp,322.0,-5.696862927167124,21.490578236549485,43.188722664914344,-0.043227566483182184,-0.6620459347920684,0.29377320098950765,0.0007805604198554857,0.003990077077148567,-0.0017298826448657514
safe_graph_adp,324.0,-5.7845911563505314,20.177341160533917,43.771509926140695,-0.044492587107670206,-0.6511901870891554,0.28901381158289813,0.0008752857425528837,0.0053286210583780155,-0.0023240395519659746
safe_graph_adp,326.0,-5.874595343491679,18.888497126114004,44.34358863524355,-0.04550150495938834,-0.637653086360426,0.28306465343495935,0.0009760810627088129,0.006666722628347868,-0.0029181845600770393
safe_graph_adp,328.0,-5.966339029052917,17.62940670400989,44.902579314066415,-0.04623006698392309,-0.6214367862300927,0.275925786887092,0.0010829458642552824,0.00800435431864328,-0.003512314627200362
safe_graph_adp,330.0,-6.059237254232486,16.405425993015168,45.44610261731076,-0.046654027033701785,-0.6025436049952867,0.2675972844557951,0.001195879600048801,0.009341488663255171,-0.004106426711413865
safe_graph_adp,332.0,-6.152656575213073,15.22190629068804,45.97177935688564,-0.04674914630285861,-0.5809760255887241,0.2580792308321104,0.0013148816918731763,0.010678098198720865,-0.004700517770887541
safe_graph_adp,334.0,-6.245915078280033,14.084193764119412,46.47723052625619,-0.04649119376203345,-0.5567366955391235,0.24737172288097334,0.0014399515304424778,0.01201415546426466,-0.005294584763899025
safe_graph_adp,336.0,-6.338282395809142,12.997629120782392,46.96007732479065,-0.045855946593099696,-0.5298284269293747,0.23547486964047104,0.0015710884754041566,0.01334963300193848,-0.005888624648849174
safe_graph_adp,338.0,-6.428979723123727,11.967547279467688,47.41794118210584,-0.04481919062381728,-0.5002541963524592,0.2223887923210062,0.001708291855342321,0.014684503356762411,-0.006482634384277637
safe_graph_adp,340.0,-6.517179836221026,10.999277041309437,47.84844378241088,-0.043356720762407,-0.4680171448651225,0.20811362430436775,0.0018515609677811765,0.016018739076865306,-0.007076610928878426
safe_graph_adp,342.0,-6.602007110367616,10.098140760905919,48.249207088848955,-0.041444341432042446,-0.43312057793929953,0.1926495111427082,0.002000895079188622,0.01735231271362532,-0.007670551241515492
safe_graph_adp,344.0,-6.682537539563734,9.26945401753967,48.61785336783693,-0.039057867005255625,-0.3955679654112917,0.17599661055742735,0.002156293424980005,0.018685196821810447,-0.008264452281238288
safe_graph_adp,346.0,-6.757798756876328,8.5185252865015,48.95200521340265,-0.03617312223825248,-0.35536294142869834,0.1581550924379626,0.0023177552095220368,0.020017363959719023,-0.008858311007297344
safe_graph_adp,348.0,-6.826770055640637,7.850655610522871,49.249285571519714,-0.03276594270513456,-0.31250930439510144,0.13912513884048583,0.0024852796061368646,0.021348786689320273,-0.009452124379159836
safe_graph_adp,350.0,-6.888382411530124,7.271138271321176,49.50731776443957,-0.028812175232022924,-0.2670110169125044,0.11890694398650689,0.0026588657571063076,0.02267943757639474,-0.010045889356525152
safe_graph_adp,352.0,-6.941518505494551,6.785258461262371,49.7237255150207,-0.024287678331080555,-0.21887220572152585,0.09750071426138363,0.0028385127736762442,0.02400928919067478,-0.010639602899340453
safe_graph_adp,354.0,-6.985012747566,6.398292955145472,49.896132971054755,-0.019168322634429438,-0.16809716163934843,0.07490666821273848,0.003024219736061166,0.025338314105984992,-0.011233261967816249
safe_graph_adp,356.0,-7.017651301532611,6.1155097821133895,50.02216472958939,-0.013429991327958463,-0.11469033949542334,0.05112503654878177,0.0032159856934488827,0.026666484900382637,-0.01182686352244195
safe_graph_adp,358.0,-7.03817211047983,5.942167897694608,50.09944586124773,-0.007048580585018401,-0.05865635806493124,0.026156062136541505,0.003413809664005396,0.027993774156298046,-0.012420404524001444
safe_graph_adp,360.0,-7.045264923198932,5.88351685598018,50.1256019345441,-1.0495077029659683e-16,1.3183898417423734e-16,-1.3183898417423734e-16,0.0036176906348799223,0.02932015446067499,-0.013013881933588638
safe_graph_adp,362.0,-7.019507524452653,5.9464393398691096,50.12324511249542,0.025804875948599357,0.06290302071306621,-0.0023568210431216233,0.012858270252036393,0.0314806514185584,-0.0011142512326024249
safe_graph_adp,364.0,-6.942944981374,6.132157993172619,50.11628161882787,0.05080293964318694,0.12279677794795468,-0.0046066696533598964,0.012315739664576917,0.03003349892559909,-0.0010607710039391657
safe_graph_adp,366.0,-6.817216846378899,6.4346629184179704,50.10492542087986,0.07496826760072997,0.17968992074094065,-0.006749523449379697,0.011766854774212649,0.028588816015847146,-0.0010072853441709716
safe_graph_adp,368.0,-6.6440144865485875,6.847961690971859,50.08939052965697,0.09827496870443114,0.23359127287074635,-0.008785361145343451,0.011211618391212187,0.027146631439141602,-0.0009537945271422732
safe_graph_adp,370.0,-6.425081018439336,7.366079708352537,50.06989099764081,0.12069718466148369,0.28450983268545016,-0.010714162551072921,0.010650033358363507,0.02570697393253013,-0.0009002988267239054
safe_graph_adp,372.0,-6.162211241976976,7.983060539193416,50.04664091659758,0.14220909046051286,0.3324547729270305,-0.012535908572202579,0.010082102550959423,0.02426987222012189,-0.0008467985168117045
safe_graph_adp,374.0,-5.8572515734368675,8.692966271853393,50.019854415386234,0.16278489482869976,0.37743544055354644,-0.014250581210324577,0.00950782887678285,0.022835355012940508,-0.0007932938713251093
safe_graph_adp,376.0,-5.5120999775099335,9.489877862669173,49.989745657766484,0.18239884068858364,0.4194613565589557,-0.015858163563125294,0.00892721527609195,0.021403451008777007,-0.0007397851642057553
safe_graph_adp,378.0,-5.128705898455419,10.367895483844869,49.956528840206445,0.20102520561453838,0.45854221579057325,-0.01735863982451346,0.008340264721605019,0.01997418889204294,-0.0006862726694160739
safe_graph_adp,380.0,-4.709070190341023,11.32113887097416,49.9204181896901,0.21863830228891962,0.49468788676417014,-0.01875199528473987,0.00774698021848534,0.01854759733362351,-0.0006327566609378894
safe_graph_adp,382.0,-4.255245046371073,12.343747670190291,49.88162796152449,0.2352124789578781,0.527908411476716,-0.02003821633050869,0.007147364804325732,0.01712370499073073,-0.0005792374127710157
safe_graph_adp,384.0,-3.7693339273034043,13.429881784939198,49.84037243714668,0.25072211988683546,0.5582140052167656,-0.021217290445080306,0.006541421549133031,0.015702540506756794,-0.0005257151989318534
safe_graph_adp,386.0,-3.2534914889556363,14.573721722371054,49.796865921930596,0.26514164581561833,0.5856150563724921,-0.022289206208365796,0.005929153555312365,0.01428413251112732,-0.0004721902934519881
safe_graph_adp,388.0,-2.709923508801518,15.769468939345533,49.751322742993615,0.27844551441324705,0.6101221262373676,-0.023253953297012957,0.005310563957651271,0.01286850961915484,-0.00041866297037678564
safe_graph_adp,390.0,-2.1408868116580493,17.011346188046076,49.703957247003,0.29060822073237447,0.631745948813494,-0.024111522484483918,0.0046856559233036405,0.011455700431892264,-0.0003651335037639903
safe_graph_adp,392.0,-1.5486891944640773,18.293597861198485,49.65498379798221,0.3016042976633717,0.6504974306125846,-0.024861905641124327,0.004054432651773519,0.010045733535986444,-0.00031160216768232117
safe_graph_adp,394.0,-0.9356893501510767,19.61049033688911,49.6046167751171,0.3114083163880557,0.6663876504545992,-0.025505095734224117,0.003416897374898693,0.008638637503531811,-0.0002580692362100694
safe_graph_adp,396.0,-0.3042967906068371,20.956312322977983,49.553070570561935,0.319994886833056,0.6794278592640345,-0.026041086828069854,0.0027730533568341826,0.007234440891924102,-0.00020453498343369313
safe_graph_adp,398.0,0.3430282312672187,22.325375201102172,49.50055958724537,0.3273386581228152,0.68962947986387,-0.026469874083988647,0.0021229038940354956,0.005833172243714129,-0.00015099968344641683
safe_graph_adp,400.0,1.0037748004043487,23.712013370264707,49.44729823667633,0.3334143190322208,0.6970041067671741,-0.026791453760383666,0.0014664523152417754,0.004434860086461637,-9.746361034682635e-05
safe_graph_adp,402.0,1.6753814193256966,25.11058459000435,49.39350093674985,0.3381965984388629,0.7015635059663685,-0.02700582321276119,0.0008037019814587292,0.0030395329325892777,-4.392703823746574e-05
safe_graph_adp,404.0,2.3552360887976342,26.51547032314158,49.33938210955282,0.34166026577491493,0.7033196147201571,-0.027112980893749274,0.00013465628594144774,0.0016472192792366012,9.609758776566585e-06
safe_graph_adp,406.0,3.0406763893924866,27.921076078096085,49.285156179169746,0.34378013147863284,0.7022845413381171,-0.027112926353107972,-0.0005406813458229745,0.0002579476081141319,6.314650658902012e-05
safe_graph_adp,408.0,3.728989563951868,29.321831750771103,49.23103756948848,0.34453104744546886,0.6984705649629571,-0.02700566023773113,-0.0012223074561329942,-0.0011282536146424056,0.00011668293109389611
safe_graph_adp,410.0,4.417412600951861,30.71219196599996,49.17724070200596,0.34388790747879633,0.6918901353504425,-0.026791184291639774,-0.0019102185550902962,-0.0025113559386178656,0.00017021875818685138
safe_graph_adp,412.0,5.103132318769246,32.086636418550114,49.12397999363397,0.34182564774024077,0.6825558726469916,-0.026469501355967054,-0.002604411120617688,-0.003891330929263345,0.00022375371376660174
safe_graph_adp,414.0,5.783285450848004,33.43967021368006,49.07146985450491,0.3383192471996142,0.6704805671649421,-0.02604061536893478,-0.0033048815984771155,-0.005268150168041757,0.00027728752373632425
safe_graph_adp,416.0,6.454958731765281,34.76582420724447,49.019924685777724,0.333343728084448,0.6556771791554927,-0.02550453136582153,-0.0040116264022878705,-0.006641785252573341,0.00033081991400506303
safe_graph_adp,418.0,7.115188984196019,36.05965534534285,48.96955887744374,0.3268741563291209,0.63815883857932,-0.024861255478922317,-0.0047246419135449375,-0.008012207796781072,0.0003843506104891292
safe_graph_adp,420.0,7.760963206775429,37.31574700350712,48.92058680613273,0.31888564202357783,0.6179388448748722,-0.024110794937499867,-0.005443924481637538,-0.009379389431036013,0.00043787933911350677
safe_graph_adp,422.0,8.389218662858495,38.528709325423506,48.87322283291903,0.30935333986163566,0.5950306667243439,-0.02325315806772744,-0.006169470423867818,-0.01074330180230255,0.0004914058258132558
safe_graph_adp,424.0,8.996842970175667,39.693179561183996,48.82768130112778,0.2982524495888722,0.5694479418173325,-0.022288354292623252,-0.00690127602546969,-0.012103916574283561,0.0005449297965349136
safe_graph_adp,426.0,9.580674191383917,40.80382240506284,48.784176534141295,0.2855582164500944,0.5412044766121774,-0.021216394131976457,-0.007639337539627867,-0.013461205427565504,0.0005984509772379003
safe_graph_adp,428.0,10.137500925512304,41.85533033281338,48.74292283320561,0.27124593163638133,0.5103142460949867,-0.02003728920226473,-0.008383651187497045,-0.014815140059763405,0.0006519690938959204
safe_graph_adp,430.0,10.664062400301203,42.84242393848066,48.70413447523721,0.2552909327316991,0.4767913935363503,-0.0187510522165634,-0.009134213158221233,-0.01616569218566577,0.0007054838724983659
safe_graph_adp,432.0,11.15704856543432,43.7598522707251,48.66802571062992,0.23766860415908264,0.4406502302457451,-0.017357696984446197,-0.009891019608953302,-0.0175128335373794,0.00075899503905172
safe_graph_adp,434.0,11.613100186662644,44.60239316865274,48.634810761062,0.21835437762638094,0.4019052353236309,-0.015857238411877538,-0.010654066664874609,-0.01885653586447412,0.000812502319580959
safe_graph_adp,436.0,12.02880894081945,45.36485359714731,48.604703817303495,0.1973237325715621,0.3605710554112417,-0.014249692501096436,-0.011423350419214879,-0.02019677093412743,0.0008660054401309559
safe_graph_adp,438.0,12.400717511725464,46.0420699816996,48.577919037023825,0.17455219660757376,0.3166625044380732,-0.012535076350491961,-0.012198866933272188,-0.02153351053126904,0.0009195041267678823
safe_graph_adp,440.0,12.725319686983298,46.628908542729505,48.55467054259958,0.15001534596675525,0.2701945633670699,-0.010713408154470297,-0.01298061223643313,-0.022866726458725346,0.0009729981055806114
safe_graph_adp,442.0,12.999060455660269,47.120265629396165,48.53517241892266,0.12368880594479748,0.22118237993751239,-0.008784707203313378,-0.013768582326193159,-0.02419639053736378,0.0010264871026821204
safe_graph_adp,444.0,13.21833610685867,47.51106805289154,48.51963871120866,0.0955482513442468,0.16964126840560873,-0.006748993883029112,-0.014562773168177057,-0.02552247460623712,0.0010799708442108926
safe_graph_adp,446.0,13.379494329172598,47.79627341921291,48.50828342280555,0.0655694069175488,0.11558670928279105,-0.00460628967519319,-0.015363180696159615,-0.026844950522727628,0.0011334490563323187
safe_graph_adp,448.0,13.478834311030402,47.97087046140965,48.50132051300275,0.0337280478096281,0.05903434907172023,-0.0023566171567824773,-0.016169800812086434,-0.028163790162691167,0.001186921465240102
safe_graph_adp,450.0,13.512606841921825,48.02987937129976,48.498963894840486,4.0245584642661925e-16,6.314393452555578e-16,2.168404344971009e-18,-0.016982629386094922,-0.029478965420601196,0.0012403877971576553
safe_graph_adp,452.0,13.56488037898191,47.946795757704066,48.47478975166418,0.05221090894120743,-0.08312299336633333,-0.02417413286203887,0.026147497525397856,-0.041502356146470576,-0.01202499853196539
safe_graph_adp,454.0,13.718701132458198,47.70093086816948,48.4033644612666,0.10154996126708059,-0.1627791098579414,-0.047251127060984874,0.02489533698908386,-0.03965403057468764,-0.01147649061765699
safe_graph_adp,456.0,13.968359399612513,47.29924269522486,48.286882537581725,0.14805117842436816,-0.23894413635589873,-0.06923074692531288,0.0236519361813241,-0.037800058210721965,-0.010927923944177588
safe_graph_adp,458.0,14.308213598880245,46.74873742424328,48.12753895465106,0.19174866005098862,-0.31159409319389014,-0.09011276801928408,0.022417301468280755,-0.03594047871085451,-0.010379301320166501
safe_graph_adp,460.0,14.732690425629382,46.05646896612647,47.92752912415024,0.23267658335262126,-0.38070523456806854,-0.1098969771446682,0.021191439171233985,-0.0340753317600746,-0.009830625554549548
safe_graph_adp,462.0,15.236285006672006,45.22953848917279,47.68904887291241,0.27086920247857643,-0.4462540489436835,-0.128583172342379,0.019974355566549508,-0.03220465707187662,-0.009281899456524594
safe_graph_adp,464.0,15.813561053526813,44.275093950135194,47.41429442044835,0.3063608478969505,-0.5082172594584768,-0.14617116289402393,0.018766056885646483,-0.03032849438805676,-0.008733125835547232
safe_graph_adp,466.0,16.45915101443125,43.200329624475565,47.10546235646364,0.33918592576907114,-0.5665718243228426,-0.16266076932336704,0.01756654931496564,-0.028446883478509558,-0.008184307501316357
safe_graph_adp,468.0,17.16775622510181,42.01248563582206,46.76474961837293,0.36937891732323813,-0.6212949372167464,-0.17805182339770587,0.01637583899593755,-0.026559864141024216,-0.007635447263759794
safe_graph_adp,470.0,17.934147058241145,40.718847484635795,46.39435346881161,0.39697437822776566,-0.6723640276834022,-0.19234416812916183,0.015193932024951241,-0.02466747620108087,-0.007086547933019922
safe_graph_adp,472.0,18.753163071790517,39.32674557609346,45.99647147314491,0.422006937963331,-0.719756761519702,-0.2055376577758843,0.014020834453322929,-0.022769759511646708,-0.006537612319439263
safe_graph_adp,474.0,19.61971315592632,37.84355474719229,45.573301476974734,0.4445112991946357,-0.763451041163396,-0.21763215784316836,0.012856552287265044,-0.020866753952971905,-0.005988643233546111
safe_graph_adp,476.0,20.528775678799192,36.276693793083986,45.12704158364435,0.46452223714138463,-0.8034250060770186,-0.2286275450844861,0.01170109148785553,-0.018958499432385402,-0.005439643486040136
safe_graph_adp,478.0,21.475398631014436,34.63362499264394,44.65989013174104,0.4820745989485879,-0.8396570331285582,-0.23852370750243165,0.010554457971007267,-0.017045035884090627,-0.004890615887777994
safe_graph_adp,480.0,22.454699768852358,32.921853633282495,44.17404567259701,0.4972033030561922,-0.8721257369688666,-0.24732054434957984,0.009416657607437805,-0.015126403268961034,-0.004341563249758937
safe_graph_adp,482.0,23.461866756227202,31.14892753500458,43.671706947788664,0.5099433385680462,-0.9008099704058051,-0.25501796612925837,0.008287696222639307,-0.013202641574335486,-0.0037924883831104202
safe_graph_adp,484.0,24.49215730538337,29.32243657372433,43.155072866634356,0.5203297646202061,-0.9256888247751239,-0.26161589459623363,0.007167579596848722,-0.011273790813813514,-0.0032433940990737094
safe_graph_adp,486.0,25.540899316327575,27.450012203841233,42.62634248369095,0.5283977097485861,-0.9467416303080713,-0.26711426275731015,0.0060563134650181765,-0.009339891027050485,-0.0026942832089894807
safe_graph_adp,488.0,26.60349101499567,25.5393269800843,42.087714976249195,0.5341823712559611,-0.9639479564957304,-0.2715130148718437,0.004953903516785641,-0.007400982279552554,-0.0021451585242834355
safe_graph_adp,490.0,27.675401090152807,23.598094078630883,41.541389621828195,0.5377190145783246,-0.9772876124500784,-0.27481210645216797,0.0038603553964457675,-0.005457104662471563,-0.0015960228564519084
safe_graph_adp,492.0,28.752168829025713,21.634066817506607,40.9895657756691,0.5390429726506095,-0.9867406472617679,-0.2770115042639346,0.0027756747029210097,-0.003508298292399776,-0.0010468790170474595
safe_graph_adp,494.0,29.829404251665736,19.655038176273056,40.43444284822821,0.538189645271777,-0.9922873503546238,-0.27811118632636733,0.0016998669897329514,-0.0015546033111644589,-0.0004977298176644905
safe_graph_adp,496.0,30.90278824404146,17.66884031500973,39.878220282669645,0.5351944984692782,-0.993908251836856,-0.2781111419124291,0.0006329377649738747,0.00040394011437761457,5.142193007515172e-05
safe_graph_adp,498.0,31.96807268985963,15.683344092596874,39.3230975323578,0.5300930638628947,-0.9915841228489827,-0.27701137154890326,-0.00042510750872143963,0.0023672917925458394,0.0006005734145365822
safe_graph_adp,500.0,33.02108060111311,13.706458584305746,38.77127403834967,0.5229209380279638,-0.9852959759084611,-0.27481188701638826,-0.0014742634142036947,0.004335411507041562,0.0011497218240862483
safe_graph_adp,502.0,34.057706247354744,11.746130598702932,38.22494920688731,0.513713781857994,-0.9750250652510247,-0.2715127113492056,-0.002514524579836778,0.006308259017153948,0.0016988643471063537
safe_graph_adp,504.0,35.07391528369573,9.81034419387526,37.68632238689057,0.5025073199266757,-0.9607528871687214,-0.2671138788352218,-0.0035458856795253174,0.008285794057966067,0.002247998172009236
safe_graph_adp,506.0,36.06574487752757,7.907120192981962,37.15759284745027,0.4893373398492937,-0.9424611803446512,-0.2616154350155837,-0.004568341432741906,0.010267976340560989,0.002797120487251772
safe_graph_adp,508.0,37.0293038339661,6.044515699140652,36.64095975532193,0.4742396916435456,-0.9201319261844005,-0.25501743668436744,-0.005581886604554146,0.012254765552228116,0.0033462284813497566
safe_graph_adp,510.0,37.96077272001666,4.230623609653739,36.138622152420396,0.45725028708977433,-0.8937473491441691,-0.2473199518881411,-0.006586516005651473,0.014246121356669542,0.0038953193428923182
safe_graph_adp,512.0,38.85640398745913,2.473572129581904,35.65277893331534,0.438405099090617,-0.8632899170555874,-0.23852305992544082,-0.007582224492371701,0.016242003394206624,0.0044443902605562965
safe_graph_adp,514.0,39.712522094451685,0.78152428467125,35.18562882272793,0.41774016103007855,-0.8287423414472223,-0.22862685134616048,-0.00856900696672737,0.018242371281986542,0.004993438423120653
safe_graph_adp,516.0,40.52552362585209,-0.8373225663592481,34.7393703530288,0.3952915661320345,-0.7900875778627662,-0.21763142795085527,-0.00954685837643185,0.020247184614189128,0.005542461019480841
safe_graph_adp,518.0,41.29187741225547,-2.3747372201633468,34.3162018417375,0.37109546681816824,-0.7473088261759094,-0.2055369027899585,-0.010515773714925195,0.022256402962233704,0.006091455238663222
safe_graph_adp,520.0,42.008124647747415,-3.8224551177395676,33.91832136902363,0.34518807406534957,-0.7003895309018906,-0.19234340016291235,-0.011475748021399786,0.024269985874986116,0.0066404182698394446
safe_graph_adp,522.0,42.670879006371244,-5.172178834023004,33.547926755209716,0.31760565676245883,-0.6493133815057237,-0.17805105561721196,-0.012426776380825738,0.026287892878965786,0.007189347302340838
safe_graph_adp,524.0,43.27682675730838,-6.415578568090261,33.20721553827617,0.2883845410666634,-0.5940643127070995,-0.1626600159473634,-0.013368853923976045,0.02831008347855296,0.007738239525672802
safe_graph_adp,526.0,43.82272687877074,-7.544292633970864,32.89838495136837,0.25756110975915114,-0.5346265047819567,-0.1461704391937551,-0.014301975827451525,0.030336517156196063,0.008287092129529201
safe_graph_adp,528.0,44.30541117060405,-8.549927952058482,32.62363190030613,0.22517180160032743,-0.4709843838607226,-0.12858249464144306,-0.01522613731370551,0.032367153372619126,0.008835902303806745
safe_graph_adp,530.0,44.72178436560107,-9.4240605411153,32.38515294109562,0.1912531106844808,-0.4031226222232181,-0.10989636281884951,-0.016141333651068308,0.034401951567029354,0.00938466723861939
safe_graph_adp,532.0,45.06882423952349,-10.158236010862852,32.18514425744403,0.15584158579392293,-0.33102613859022695,-0.09011223549637556,-0.017047560153771433,0.03644087115732478,0.009933384124312702
safe_graph_adp,534.0,45.34358171983176,-10.74397005515268,32.02580163827708,0.11897382975260887,-0.2546800984117248,-0.06923031568492716,-0.01794481218197159,0.03848387154030206,0.010482050151478274
safe_graph_adp,536.0,45.54318099312153,-11.172748945710078,31.909320455259557,0.08068649877924292,-0.17406991415176615,-0.04725081763435494,-0.018833085141774435,0.04053091209186437,0.01103066251096808
safe_graph_adp,538.0,45.664819611265806,-11.436030026444287,31.837895640319054,0.041016301839875986,-0.08918124557002693,-0.024173966831807753,-0.01971237448525808,0.04258195216722937,0.011579218393908878
safe_graph_adp,540.0,45.705768596261834,-11.525242208318422,31.813721663173105,-6.938893903907228e-18,2.3592239273284576e-16,1.4224732503009818e-16,-0.020582675710496417,0.044636951101137315,0.012127714991716575
safe_graph_adp,542.0,45.689646741205095,-11.550438211596424,31.72974122863005,-0.01614087044738291,-0.025183829121421367,-0.08398039871163794,-0.008217417531589957,-0.012610154289916072,-0.04194951392556631
safe_graph_adp,544.0,45.64183041008063,-11.624762331119168,31.48161133619328,-0.03169358205372286,-0.049128559860103574,-0.16414938785718153,-0.007867633061768933,-0.012026463171873352,-0.04004402250464575
safe_graph_adp,546.0,45.56350631293914,-11.745742224761381,31.07695562875692,-0.046647745353116554,-0.07184005469242881,-0.24050614692740196,-0.007515331550365021,-0.011444360687842693,-0.03813832605993834
safe_graph_adp,548.0,45.455881917686995,-11.910917345109366,30.523399351201636,-0.06099299198188443,-0.09332424583769246,-0.31304989444569775,-0.007160514801147811,-0.010863858224535157,-0.03623243434853332
safe_graph_adp,550.0,45.32018540769983,-12.117839078834693,29.82856927232331,-0.07471897486043537,-0.11358713514581023,-0.3817798879740947,-0.006803184630764809,-0.010284967160469762,-0.03432635712851971
safe_graph_adp,552.0,45.1576656390727,-12.36407088584234,29.000093606750067,-0.08781536837492937,-0.13263479398408604,-0.4466954241189468,-0.006443342868732127,-0.00970769886591522,-0.0324201041589363
safe_graph_adp,554.0,44.969592097507046,-12.647188438191439,28.045601936848175,-0.10027186855873664,-0.15047336312304171,-0.5077958385363374,-0.006080991357425147,-0.00913206470283175,-0.030513685199721766
safe_graph_adp,556.0,44.75725485483504,-12.964779758786738,26.97272513461746,-0.11207819327369156,-0.16710905262130976,-0.56508050593718,-0.005716131952069043,-0.008558076024812847,-0.028607110011664577
safe_graph_adp,558.0,44.52196452518153,-13.314445359838922,25.7890952835768,-0.12322408239113988,-0.18254814170958997,-0.6185488400920198,-0.005348766520729317,-0.00798574417702723,-0.026700388356353126
safe_graph_adp,560.0,44.26505222076419,-13.693798381091899,24.502345600640336,-0.13369929797277755,-0.19679697867367102,-0.668200293835535,-0.004978896944302227,-0.007415080496160674,-0.02479352999612572
safe_graph_adp,562.0,43.98786950733212,-14.100464727815204,23.12011035798497,-0.14349362445127967,-0.20986198073651818,-0.7140343590707378,-0.004606525116505147,-0.0068460963103580364,-0.022886544694020565
safe_graph_adp,564.0,43.691788359243475,-14.532083208559644,21.65002480490976,-0.15259686881071796,-0.2217496339394279,-0.7560505667728757,-0.004231652943866876,-0.006278802939165216,-0.020979442213725816
safe_graph_adp,566.0,43.378201114182396,-14.986305672674318,20.099725089687812,-0.16099886076676515,-0.23246649302225061,-0.7942484869930335,-0.0038542823457178837,-0.005713211693471205,-0.019072232319529564
safe_graph_adp,568.0,43.04852042751582,-15.46079714758315,18.476848181411285,-0.1686894529466846,-0.24201918130268268,-0.8286277288614334,-0.003474415254180475,-0.00514933387545019,-0.017164924776269866
safe_graph_adp,570.0,42.70417922629047,-15.953235975819085,16.78903179183006,-0.175658521069104,-0.2504143905546286,-0.8591879405904371,-0.003092053614158899,-0.00458718077850367,-0.015257529349284746
safe_graph_adp,572.0,42.34663066287055,-16.46131395181407,15.043914297184742,-0.1818959641235708,-0.25765888088563427,-0.8859288094772464,-0.002707199383329398,-0.004026763687202642,-0.013350055804362167
safe_graph_adp,574.0,41.97734806821654,-16.982736458442975,13.249134660034544,-0.1873917045498887,-0.26375948061339294,-0.9088500619063042,-0.002319854532130175,-0.003468093877229829,-0.011442513907690084
safe_graph_adp,576.0,41.59782490480551,-17.51522260331961,11.412332351080666,-0.19213568841723294,-0.2687230861413244,-0.9279514633513956,-0.0019300210437513112,-0.002911182615321941,-0.009534913425806368
safe_graph_adp,578.0,41.209574719193476,-18.056505354842958,9.541147270985778,-0.19611788560304314,-0.27255666183322885,-0.9432328183774479,-0.0015377009141246097,-0.0023560411592119875,-0.007627264125548892
safe_graph_adp,580.0,40.81413109422015,-18.604331677991805,7.643219672190204,-0.19932828997169202,-0.2752672398870164,-0.9546939706420321,-0.0011428961519133777,-0.0018026807575716505,-0.005719575774005441
safe_graph_adp,582.0,40.41304760085662,-19.156462669865906,5.726190080725398,-0.2017569195529286,-0.2768619202075131,-0.9623348028965624,-0.0007456087785021349,-0.0012511126499536811,-0.0038118581384637487
safe_graph_adp,584.0,40.00789774969632,-19.71067369497182,3.7976992180253246,-0.20339381672009396,-0.27734787027834534,-0.9661552369871966,-0.00034584082798628374,-0.0007013480667343578,-0.0019041209863614877
safe_graph_adp,586.0,39.60027494208984,-20.26475452025162,1.8653879227363397,-0.20422904836810837,-0.2767323250329028,-0.9661552338554364,5.6405652838332045e-05,-0.00015339822905598643,3.625914763737137e-06
safe_graph_adp,588.0,39.191792420923974,-20.816509449852603,-0.0631029274738304,-0.20425270609122806,-0.2750225867243816,-0.9623347935384269,0.00046112860448588376,0.00039272565123055144,0.001911372797324437
safe_graph_adp,590.0,38.784083221045485,-21.36375745963614,-1.9801324941074092,-0.20345490636057,-0.2722260247949093,-0.9546939551689562,0.0008683259547911156,0.0009370123716232,0.003819109893733172
safe_graph_adp,592.0,38.37880011933005,-21.9043323314239,-3.87806005602759,-0.2018257907014034,-0.26835007574375136,-0.9432327969751549,0.0012779956189199473,0.001479450739026094,0.005726827436452656
safe_graph_adp,594.0,37.977615584396894,-22.436082786979537,-5.749245087648652,-0.19935552587020594,-0.263402242994602,-0.9279514362798958,0.0016901354993801535,0.002020029569806859,0.007634515658045668
safe_graph_adp,596.0,37.58222172596947,-22.956872621724067,-7.586047337124578,-0.1960343040314836,-0.2573900967619595,-0.9088500294998921,0.002104743486032102,0.002558737689853869,0.00954216479122516
safe_graph_adp,598.0,37.19433024388281,-23.46458083818306,-9.380826904535567,-0.1918523429343524,-0.2503212739165874,-0.8859287721444968,0.0025218174560995518,0.0030955639346334704,0.011449765068904182
safe_graph_adp,600.0,36.81567237673794,-23.957101779163864,-11.125944320071845,-0.1867998860888803,-0.24220347785006277,-0.8591878988142014,0.0029413552741805278,0.003630497149247123,0.013357306724245926
safe_graph_adp,602.0,36.44799885020383,-24.432345260660984,-12.813760622214176,-0.1808672029421879,-0.23304447833841316,-0.8286276831988346,0.003363354792258253,0.00416352618848854,0.01526477999071374
safe_graph_adp,604.0,36.09307982496736,-24.88823670448786,-14.436637435910466,-0.1740445890543066,-0.22285211140484237,-0.7942484380754603,0.003787813849712143,0.0046946399169007225,0.017172175102121105
safe_graph_adp,606.0,35.752704844331895,-25.322717270633156,-15.98693705074787,-0.1663223662737921,-0.21163427918154745,-0.7560505153059763,0.004214730273328874,0.0052238272088329955,0.019079482292681672
safe_graph_adp,608.0,35.42868278146481,-25.733743989339793,-17.45702249911978,-0.15769088291309233,-0.1993989497706274,-0.7140343058344123,0.004644101877313503,0.005751076948497956,0.020986691797059216
safe_graph_adp,610.0,35.12284178629454,-26.11928989290489,-18.839257634387135,-0.14814051392366773,-0.1861541571040849,-0.6682002396839279,0.005075926463300661,0.0062763780300283956,0.02289379385041769
safe_graph_adp,612.0,34.83702923205768,-26.477344147198796,-20.1260072090334,-0.13766166107086272,-0.17190800080292262,-0.6185487859535109,0.005510201820365817,0.0067997193575341525,0.02480077868847118
safe_graph_adp,614.0,34.573111661496505,-26.8059121829014,-21.30963695281266,-0.12624475310852676,-0.15666864603533487,-0.5650804528143749,0.0059469257250365825,0.007321089845158929,0.026707636547533904
safe_graph_adp,616.0,34.332974732707584,-27.103015826453966,-22.382513650890203,-0.11388024595338318,-0.1404443233739961,-0.5077957875060575,0.006386095941304107,0.007840478417137047,0.02861435766457022
safe_graph_adp,618.0,34.11852316464189,-27.366693430724577,-23.337005221974998,-0.10055862285914462,-0.12324332865244754,-0.44669537633221806,0.006827710220634522,0.008357874007850158,0.030520932277244575
safe_graph_adp,620.0,33.9316806822569,-27.59500000538551,-24.165480796443468,-0.0862703945903733,-0.10507402282058317,-0.3817798446561359,0.007271766301980454,0.008873265561883899,0.03242735062397155
safe_graph_adp,622.0,33.77438996132126,-27.786007347000652,-24.86031079445396,-0.07100609959608477,-0.08594483179923615,-0.3130498568959079,0.007718261911792604,0.009386642034084493,0.034333602943965764
safe_graph_adp,624.0,33.648612572872494,-27.937804168821184,-25.41386700405132,-0.054756304183093324,-0.06586424633386712,-0.2405061165193471,0.00816719476403138,0.0098979923896153,0.03623967947729192
safe_graph_adp,626.0,33.55632892732827,-28.04849623028778,-25.818522659260942,-0.03751160268909798,-0.044840821847355716,-0.16414936603858055,0.008618562560178615,0.010407305604013314,0.03814557046491471
safe_graph_adp,628.0,33.49953821825181,-28.11620646623745,-26.06665251817175,-0.01926261765550705,-0.022883178291896396,-0.08398038700434783,0.009072362989249317,0.01091457066324562,0.04005126614874883
safe_graph_adp,630.0,33.48025836577179,-28.139075115813327,-26.150632941007434,-1.214306433183765e-16,-1.734723475976807e-17,2.914335439641036e-16,0.009528593727803519,0.01141977656376576,0.041956756771708924
safe_graph_adp,632.0,33.435880295606275,-28.092542502431744,-26.185325249415587,-0.04434300479321016,0.046566058831879566,-0.034692293606164104,-0.022352654256157775,0.0232328215472029,-0.017379634166891846
safe_graph_adp,634.0,33.30511531232671,-27.95472906633072,-26.287827688476433,-0.08638842132379795,0.09127908977701533,-0.06781010172063819,-0.02130679446117247,0.02220857233102538,-0.01659247956092148
safe_graph_adp,636.0,33.092539578688466,-27.72936067577277,-26.454990946395576,-0.12615527243684266,0.1341192946942562,-0.09935308487606204,-0.0202659078406751,0.021179601362215222,-0.015805240002122203
safe_graph_adp,638.0,32.80269114674741,-27.42020266408134,-26.683665048567878,-0.16366264593651847,0.17506700671280717,-0.12932091972937892,-0.019229999723963376,0.020145931158775925,-0.01501791952112893
safe_graph_adp,640.0,32.44006982829427,-27.03105956675855,-26.970699389828614,-0.19892969423346837,0.21410269057352163,-0.1577132990643198,-0.018199075414845233,0.019107584262770892,-0.014230522148990898
safe_graph_adp,642.0,32.00913706599485,-26.56577485792216,-27.3129427667094,-0.23197563399157597,0.25120694296836565,-0.18452993179376348,-0.017173140191611723,0.018064583240207974,-0.01344305191715103
safe_graph_adp,644.0,31.514315805237267,-26.028230686065456,-27.70724340969877,-0.2628197457741379,0.28636049287805143,-0.2097705429619732,-0.01615219930700999,0.017016950680924004,-0.012655512857425288
safe_graph_adp,646.0,30.95999036668746,-25.42234760914367,-28.150449015507036,-0.29148137368944027,0.31954420190783667,-0.23343487374670913,-0.01513625798821636,0.015964709198469058,-0.011867909001982022
safe_graph_adp,648.0,30.350506319554142,-24.752084328990684,-28.639406779335314,-0.31797992503574196,0.35073906462148724,-0.2555226814612169,-0.014125321436809574,0.01490788142999075,-0.01108024438332134
safe_graph_adp,650.0,29.690170355564373,-24.0214374250696,-29.170963427148354,-0.34233486994566825,0.37992620887339995,-0.2760337395560927,-0.013119394828744177,0.013846490036118249,-0.010292523034254451
safe_graph_adp,652.0,28.983250163650926,-23.234441087560942,-29.74196524795101,-0.3645657410300176,0.407086896138883,-0.29496783762102374,-0.012118483314323986,0.01278055770084635,-0.00950474898788303
safe_graph_adp,654.0,28.233974305352636,-22.395166849792126,-30.34925812606804,-0.384692133020985,0.43220252184259045,-0.31232478138640535,-0.011122592018175776,0.01171010713141926,-0.008716926277578543
safe_graph_adp,656.0,27.446532090928873,-21.507723320011916,-30.98968757342704,-0.4027337024148046,0.4552546156851085,-0.3281043927248338,-0.010131726039222966,0.01063516105821436,-0.007929058936961633
safe_graph_adp,658.0,26.62507345618931,-20.57625591251355,-31.660098761844218,-0.4187101671138156,0.47622484196769055,-0.3423065096524757,-0.009145890450659576,0.009555742234625852,-0.0071411509998814335
safe_graph_adp,660.0,25.773708840040136,-19.60494657811025,-32.3573365553128,-0.43264130606795315,0.49509499991513806,-0.3549309863303125,-0.008165090299924219,0.008471873436948217,-0.006353206500394937
safe_graph_adp,662.0,24.896509062747857,-18.59801353396685,-33.0782455422938,-0.4445469589156691,0.5118470239968244,-0.365977693065262,-0.007189330608674274,0.007383577464259633,-0.0055652294727463365
safe_graph_adp,664.0,23.997505204921822,-17.55971099279119,-33.81967006800889,-0.4544470256242844,0.5264629842458589,-0.3754465163111753,-0.006218616372760178,0.006290877138305241,-0.004777223951346363
safe_graph_adp,666.0,23.08068848721662,-16.49432889138909,-34.578454266735164,-0.4623614661297772,0.538925086576389,-0.3833373586697099,-0.005252952562199819,0.005193795303380288,-0.003989193970751634
safe_graph_adp,668.0,22.150010150755442,-15.406192618586568,-35.35144209410151,-0.4683102999760089,0.5492156730990361,-0.38965013889107897,-0.004292344121153124,0.004092354826213177,-0.0032011435656440004
safe_graph_adp,670.0,21.209381338275573,-14.299662742523028,-36.13547735938636,-0.4723136059533927,0.5573172224344637,-0.3943847918746763,-0.0033367959678967363,0.002986578595848371,-0.0024130767708098848
safe_graph_adp,672.0,20.262672975997084,-13.179134737319231,-36.927403757816556,-0.47439152173700605,0.5632123500250753,-0.3975412686695775,-0.0023863129947988126,0.001876489523529233,-0.001624997621119624
safe_graph_adp,674.0,19.313715656215866,-12.049038709123707,-37.72406490286714,-0.4745642435241518,0.5668838084448378,-0.3991195364749174,-0.0014409000682939995,0.0007621105425806897,-0.0008369101515068068
safe_graph_adp,676.0,18.36629952062207,-10.913839121541404,-38.5223043585617,-0.47285202567137036,0.5683144877072291,-0.3991195786401427,-0.00050056202885851,-0.00035653539170816336,-4.881839694763357e-05
safe_graph_adp,678.0,17.42417414434511,-9.778034520448326,-39.31896567177314,-0.46927518033090637,0.5674874155713069,-0.3975413946651415,0.0004346963090146637,-0.0014794253022016046,0.0007392736075597789
safe_graph_adp,680.0,16.491048420726212,-8.646157258195919,-40.11089240452462,-0.46385407708663257,0.5643857578458952,-0.3943850002002483,0.0013648701568403955,-0.0026065361900349275,0.0015273618270160057
safe_graph_adp,682.0,15.570590446819725,-7.522773217208946,-40.89492816629029,-0.4566091425894349,0.5589928186918871,-0.389650427046125,0.002289954752165939,-0.0037378450347321907,0.0023154422264410265
safe_graph_adp,684.0,14.666427409624147,-6.412481532980673,-41.667916646295765,-0.44756086019206137,0.5512920409226605,-0.3833377231535182,0.0032099453585953323,-0.004873328794324077,0.0031035107708948483
safe_graph_adp,686.0,13.782145473044006,-5.319914316469086,-42.4267016458179,-0.4367297695834381,0.5412670063026034,-0.3754469526228922,0.004124837265813619,-0.006012964405465877,0.003891563425498179
safe_graph_adp,688.0,12.92128966558364,-4.249736375897971,-43.16812711048377,-0.42413646642245595,0.5289014358437484,-0.3659781957039379,0.005034625789610975,-0.0071567287835555635,0.00467959615545307
safe_graph_adp,690.0,12.087363768773928,-3.206644937966599,-43.88903716256854,-0.40980160197123044,0.5141791901005107,-0.35493154879495836,0.005939306271906704,-0.008304598822851991,0.005467604926063602
safe_graph_adp,692.0,11.283830206333025,-2.1953693684718507,-44.58627613329192,-0.39374588272783884,0.49708426946253015,-0.3423071244421295,0.006838874080773073,-0.009456551396593203,0.006255585702756517
safe_graph_adp,694.0,10.514109934062141,-1.2206708923465452,-45.25668859511308,-0.3759900700585369,0.47760081444561187,-0.3281050513386374,0.0077333246104590294,-0.010612563357114814,0.0070435344511018926
safe_graph_adp,696.0,9.781582330477406,-0.28734231311779257,-45.89711939402373,-0.3565549798294594,0.4557131059807655,-0.3123254743236913,0.008622653281413786,-0.011772611535968553,0.007831447136833777
safe_graph_adp,698.0,9.089585088178849,0.5997922682108258,-46.504413681839026,-0.33546148203780646,0.4314055657013385,-0.2949685543814129,0.009506855540310276,-0.01293667274404086,0.00861931972587087
safe_graph_adp,700.0,8.441414105957515,1.4358777348494383,-47.07541694848618,-0.3127305004425204,0.4046627562282422,-0.27603446863960146,0.010385926860068435,-0.014104723771671651,0.009407148184337164
safe_graph_adp,702.0,7.8403233816417295,2.216028236480604,-47.606975054290494,-0.2883830121944547,0.3754693814532676,-0.255523410368375,0.011259862739878427,-0.015276741388773104,0.010194928478582587
safe_graph_adp,704.0,7.289524905683542,2.9353274720827565,-48.09593426225851,-0.26244004746604016,0.3438102868204881,-0.23343558897868766,0.012128658705223637,-0.01645270234494862,0.01098265657520368
safe_graph_adp,706.0,6.792188555486324,3.5888289733145347,-48.53914127035809,-0.2349226890804493,0.30967045960574785,-0.20977123002072293,0.012992310307903628,-0.017632583369611876,0.011770328441064227
safe_graph_adp,708.0,6.351441990474548,4.1715563884561755,-48.93344324379515,-0.2058520721402645,0.27303502919423184,-0.18453057518216304,0.013850813126056872,-0.018816361172105937,0.01255794004331591
safe_graph_adp,710.0,5.9703705479067155,4.678503766904125,-49.27568784728686,-0.17524938365565146,0.23388926735611615,-0.15771388228633457,0.01470416276418343,-0.020004012441822545,0.013345487349418955
safe_graph_adp,712.0,5.652017139432435,5.104635844215032,-49.5627232773309,-0.14313586217204216,0.19221858852029572,-0.1293214252902298,0.015552354853167426,-0.02119551384832142,0.014132966327162797
safe_graph_adp,714.0,5.399382148394623,5.444888327695266,-49.79139829447077,-0.10953279739733,0.1480085500461872,-0.09935349428240461,0.016395385050299433,-0.022390842041449758,0.014920372944686688
safe_graph_adp,716.0,5.215423327877793,5.694168182532121,-49.95856225555664,-0.07446152982858092,0.10124485249360443,-0.06781039548075213,0.017233249039298702,-0.023589973651461753,0.015707703170500378
safe_graph_adp,718.0,5.10305569950341,5.847353918462836,-50.06106514600176,-0.037943450378263285,0.051913339890704194,-0.03469245123015269,0.01806594253033526,-0.024792885289138252,0.01649495297350474
safe_graph_adp,720.0,5.065151452973263,5.8992958769775745,-50.0957576120339,-6.938893903907228e-17,9.020562075079397e-17,2.7755575615628914e-17,0.018893461260051883,-0.025999553545906513,0.017282118323012387
safe_graph_adp,722.0,5.04439103887222,5.959193233557538,-50.09594250732433,-0.020715251660938433,0.05991298093649886,-0.00018489521152766176,-0.010444815137597922,0.029933002828020354,-0.00015656977873126235
safe_graph_adp,724.0,4.98350025991744,6.136318790273336,-50.0964888112438,-0.04013237630518483,0.11722722103118852,-0.00036140847485375085,-0.009928222105825932,0.02858823025052299,-0.00015237927438263387
safe_graph_adp,726.0,4.885050805220309,6.4254645804670485,-50.097379757424676,-0.05827594345725333,0.171932253841175,-0.0005295373258872511,-0.009417872570374033,0.027241133974882724,-0.00014818798985824082
safe_graph_adp,728.0,4.751565192129344,6.821401872354233,-50.09859857465697,-0.0751705552918902,0.2240177807074673,-0.0006892793863833807,-0.008913769144211346,0.025891742261758215,-0.0001439959466172917
safe_graph_adp,730.0,4.585516701375439,7.318881504762332,-50.100128487060076,-0.09084084618831373,0.2734736709252315,-0.000840632363963538,-0.00841591440832717,0.02454008338356069,-0.00013980316612287948
safe_graph_adp,732.0,4.389329313108937,7.912634223207268,-50.1019527142545,-0.10531148228415695,0.3202899619117373,-0.0009835940521345878,-0.007924310911717757,0.023186185624309148,-0.00013560966984187185
safe_graph_adp,734.0,4.165377643829106,8.597371016303631,-50.104054471533686,-0.1186071610291174,0.3644568593719959,-0.0011181623303074878,-0.007438961171373256,0.02183007727948558,-0.00013141547924480138
safe_graph_adp,736.0,3.9159868842066032,9.36778345250382,-50.1064169700358,-0.13075261073831765,0.4059647374620873,-0.0012443351638152561,-0.006959867672264849,0.020471786655890077,-0.00012722061580575547
safe_graph_adp,738.0,3.6434327377995106,10.218544017161536,-50.109023416915626,-0.1417725901453805,0.4448041389501759,-0.0013621106039302785,-0.006487032867332007,0.01911134207149591,-0.00012302510100226644
safe_graph_adp,740.0,3.349941360663496,11.144306449914989,-50.11185701551643,-0.15169188795522293,0.4809657753752131,-0.001471486787880955,-0.006020459177469944,0.01774877185530456,-0.00011882895631520157
safe_graph_adp,742.0,3.0376893018566653,12.139706082385201,-50.11490096554192,-0.16053532239657264,0.5144405272033252,-0.0015724619388676885,-0.005560148991517208,0.016384104347200633,-0.00011463220322865314
safe_graph_adp,744.0,2.70880344483966,13.199360176184761,-50.118138463228185,-0.16832774077421112,0.5452194439818855,-0.0016650343660782102,-0.005106104666243467,0.01501736789780681,-0.00011043486322982836
safe_graph_adp,746.0,2.3653609497715324,14.317868261232416,-50.1215527015157,-0.1750940190209471,0.5732937444912689,-0.0017492024647022479,-0.004658328526337425,0.01364859086833865,-0.00010623695780893945
safe_graph_adp,748.0,2.009389196701945,15.489812474368842,-50.12512687022131,-0.18085906124932452,0.5986548168942885,-0.0018249647159455313,-0.004216822864394936,0.01227780163045941,-0.00010203850845909353
safe_graph_adp,750.0,1.6428657296602143,16.709757898268983,-50.12884415621033,-0.1856477993030688,0.6212942188833118,-0.001892319687043139,-0.0037815899409072546,0.01090502856613476,-9.78395366761827e-05
safe_graph_adp,752.0,1.2677182016417192,17.972252900646293,-50.13268774356856,-0.18948519230827537,0.6412036778250563,-0.0019512660312721829,-0.0033526319842494684,0.009530300067487485,-9.364006395877376e-05
safe_graph_adp,754.0,0.8858243204921896,19.271829473744237,-50.13664081377443,-0.1923962262243445,0.6583750909030619,-0.0020018024879638334,-0.0029299511906690887,0.008153644536652143,-8.944011180799842e-05
safe_graph_adp,756.0,0.49901179569037296,20.603003574110442,-50.14068654587107,-0.1944059133946661,0.6728005252578408,-0.002043927882514684,-0.0025135497242748,0.006775090385629585,-8.523970172744297e-05
safe_graph_adp,758.0,0.10905828602957984,21.960275462648784,-50.14480811663851,-0.1955392920970589,0.6844722181247015,-0.002077641126397452,-0.0021034297170253835,0.00539466603614153,-8.103885522303832e-05
safe_graph_adp,760.0,-0.2823086518014076,23.33813004494484,-50.14898870076578,-0.19582142609396752,0.6933825769692472,-0.002102941217171024,-0.0016995932687188086,0.004012399919485044,-7.683759380294985e-05
safe_graph_adp,762.0,-0.6734116137375822,24.731037211859967,-50.15321147102314,-0.1952774041824216,0.6995241796205474,-0.002119827238489834,-0.0013020424469814668,0.0026283204763869763,-7.26359389774673e-05
safe_graph_adp,764.0,-1.0626233979566422,26.133452180389433,-50.157459598434265,-0.19393233974376084,0.7028897744019797,-0.0021282983601125863,-0.0009107792872575988,0.0012424561568583018,-6.843391225889458e-05
safe_graph_adp,766.0,-1.448367053597141,27.53981583477988,-50.16171625244844,-0.19181137029313006,0.7034722802597442,-0.0021283538379103114,-0.0005258057927988663,-0.00014516457995147295,-6.423153516143973e-05
safe_graph_adp,768.0,-1.8291159285753997,28.94455506790149,-50.16596460111284,-0.18893965702874804,0.7012647868890447,-0.0021199930138737664,-0.00014712393465409986,-0.0015345132659000727,-6.00288292011047e-05
safe_graph_adp,770.0,-2.2033937165007362,30.34208312287019,-50.17018781124472,-0.18534238438095427,0.6962605548579404,-0.0021032153161201703,0.00022526434834079672,-0.002925561423998197,-5.582581589557521e-05
safe_graph_adp,772.0,-2.5697745026885666,31.726799934915206,-50.17436904860372,-0.18104475956103733,0.6884530157288632,-0.002078020258899279,0.0005913571495727713,-0.004318280568555295,-5.1622516764110576e-05
safe_graph_adp,774.0,-2.9268828092709502,33.09309247348735,-50.17849147806411,-0.1760720121098492,0.6778357721778019,-0.0020444074425988003,0.0009511525946613861,-0.0057126422053254584,-4.7418953327433534e-05
safe_graph_adp,776.0,-3.2733936394041523,34.43533508460332,-50.18253826378707,-0.17044939344620924,0.6644025981111509,-0.0020023765537491444,0.0013046488414684132,-0.0071086178316532725,-4.321514710762003e-05
safe_graph_adp,778.0,-3.6080325205728068,35.74788983342134,-50.18649256939301,-0.16420217641510162,0.6481474387802232,-0.001951927365027517,0.0016518440801072667,-0.00850617893661976,-3.901111962798904e-05
safe_graph_adp,780.0,-3.929575546990272,37.02510684704356,-50.19033755813381,-0.1573556548356707,0.6290644108934262,-0.0018930597352613474,0.00199273653295227,-0.009905297001188348,-3.480689241299247e-05
safe_graph_adp,782.0,-4.236849421094777,38.26132465754039,-50.194056393065196,-0.1499351430490179,0.6071478027260998,-0.0018257736094310579,0.0023273244546477565,-0.011305943498350911,-3.060248698810475e-05
safe_graph_adp,784.0,-4.528731494140968,39.45087054519221,-50.19763223721898,-0.1419659754658039,0.5823920742280149,-0.0017500690186721688,0.002655606132117006,-0.012708089893273797,-2.6397924879712792e-05
safe_graph_adp,786.0,-4.804149805886465,40.58806088194374,-50.20104825377542,-0.13347350611366082,0.5547918571285324,-0.0016659460802767449,0.0029775798845710156,-0.014111707643443954,-2.2193227615005724e-05
safe_graph_adp,788.0,-5.062083123373063,41.66720147506637,-50.2042876062355,-0.12448310818441753,0.5243419550394216,-0.0015734049976941777,0.0032932440635171033,-0.015516768198815022,-1.7988416721864655e-05
safe_graph_adp,790.0,-5.301560978802191,42.6825879110238,-50.20733345859328,-0.11502017358114258,0.49103734355533607,-0.0014724460605313081,0.003602597052767353,-0.01692324300195357,-1.3783513728752474e-05
safe_graph_adp,792.0,-5.521663706504283,43.6285058995363,-50.210168975508175,-0.1051101124650086,0.4548731703519475,-0.0013630696445518864,0.0039056372684468845,-0.018331103488185247,-9.578540164603614e-06
safe_graph_adp,794.0,-5.721522479001705,44.49923161783884,-50.21277732247729,-0.09477835280198213,0.4158447552817358,-0.0012452762116753715,0.004202363159001965,-0.019740321085741072,-5.37351755871383e-06
safe_graph_adp,796.0,-5.9003193421648845,45.28903205512852,-50.21514166600772,-0.08405033990934271,0.37394759046743453,-0.001119066309975067,0.004492773205207954,-0.021150867215903712,-1.1684674406299718e-06
safe_graph_adp,798.0,-6.057287249461316,45.99216535719654,-50.21724517378886,-0.07295153600203562,0.3291773403931315,-0.000984440573675598,0.004776865920177077,-0.02256271329315379,3.0365886599602502e-06
safe_graph_adp,800.0,-6.191710095297104,46.60288117123996,-50.2190710148647,-0.061507419738861674,0.28152984199302317,-0.0008413997231497245,0.005054639849366046,-0.023975830725316265,7.241629213338503e-06
safe_graph_adp,802.0,-6.302922747450733,47.11542099084868,-50.220602359806136,-0.049743485768508566,0.2310011047378221,-0.0006899445649144942,0.005326093570583498,-0.025390190913706794,1.1446632689866035e-05
safe_graph_adp,804.0,-6.390311078598737,47.524018501162914,-50.22182238088322,-0.03768524427542745,0.17758731071881684,-0.0005300759916267333,0.005591225693997285,-0.026805765253278192,1.565157756009395e-05
safe_graph_adp,806.0,-6.453311996932976,47.822899924196335,-50.22271425223745,-0.02535822052555882,0.12128481472958358,-0.00036179498207787597,0.0058500348621415834,-0.028222525132766855,1.9856442294873402e-05
safe_graph_adp,808.0,-6.491413475869218,48.00628436432041,-50.22326115005406,-0.012787954411911667,0.06209014434534851,-0.00018510260118813278,0.006102519749923848,-0.029640441934839265,2.406120536546584e-05
safe_graph_adp,810.0,-6.504154582846731,48.06838415390501,-50.22344625273422,6.418476861114186e-17,3.8163916471489756e-16,3.1170812458958252e-18,0.006348679064631594,-0.03105948703623851,2.8265845243653214e-05
safe_graph_adp,812.0,-6.449931288705493,48.06983825907494,-50.19964687553938,0.05422442944933137,0.0014132067131894838,0.02379936704049663,0.027135475962301113,0.0007679497834350759,0.011835408140251254
safe_graph_adp,814.0,-6.2897247182551,48.07373251325251,-50.129328874865145,0.1059831220317429,0.0024420087751472544,0.0465186036316184,0.025899433545278946,0.000695653402475844,0.011295403380664855
safe_graph_adp,816.0,-6.0284670832217895,48.07932045383153,-50.014652744517555,0.15527535029693185,0.0031087534308365888,0.06815747778786194,0.024663474422554822,0.0006289505041226343,0.010755340789066835
safe_graph_adp,818.0,-5.671091974323647,48.08590031509077,-49.857779431212265,0.20210046270335028,0.0034357902629826545,0.08871576858532895,0.023427604922189798,0.0005678406971109991,0.010215223130555957
safe_graph_adp,820.0,-5.222534209454245,48.092815032468664,-49.66087031244961,0.24645788361695248,0.0034454707912797656,0.10819326616342127,0.022191831371786083,0.0005123235615400912,0.009675053170512945
safe_graph_adp,822.0,-4.687729681869491,48.099452246036485,-49.42608717438638,0.2883471133092294,0.003160148071610207,0.12658977172645086,0.020956160098454604,0.00046239864887480755,0.009134833674586297
safe_graph_adp,824.0,-4.071615208379128,48.10524430316994,-49.15559218970447,0.32776772795453096,0.002602176295278163,0.14390509754516495,0.01972059742878266,0.00041806548194808714,0.008594567408678136
safe_graph_adp,826.0,-3.379128377544295,48.109668260419255,-48.851547895476564,0.3647193796266753,0.0017939103882622658,0.16013906695818603,0.0184851496888015,0.000379323554963358,0.008054257138930038
safe_graph_adp,828.0,-2.6152073978825903,48.11224588457782,-48.516117171029016,0.39920179629484587,0.0007577056104902768,0.175291514373367,0.017249823203953928,0.00034617233349712256,0.007513905631708888
safe_graph_adp,830.0,-1.7847909460820435,48.11254365294935,-48.15146321580212,0.4312147818187762,-0.00048408284486057326,0.18936228526906132,0.016014624299061926,0.0003186112545016987,0.006973515653592702
safe_graph_adp,832.0,-0.8928180152254381,48.110172752813746,-47.75974952720788,0.46075821594322186,-0.0019091002520340889,0.20235123619530795,0.014779559298294278,0.0002966397263080957,0.0064330899713564635
safe_graph_adp,834.0,0.055772236973600675,48.10478908009159,-47.34313987848558,0.4878320542917204,-0.0034949927533329166,0.21425823477493153,0.013544634525134184,0.0002802571286290483,0.005892631351957951
safe_graph_adp,836.0,1.0560406399213256,48.096093237207434,-46.90379829655515,0.512436328359639,-0.005219407759720152,0.22508315970455736,0.012309856302346872,0.00026946281256219184,0.005352142562523593
safe_graph_adp,838.0,2.1030481618799706,48.08383053015188,-46.44388903986864,0.5345711455065099,-0.007059994351381227,0.23482590075554144,0.011075230951947254,0.0002642561005933839,0.004811626370334287
safe_graph_adp,840.0,3.191856061687811,48.06779096474264,-45.96557657625989,0.5542366889476535,-0.00899440367824256,0.24348635877481545,0.009840764795167536,0.00026463628660017453,0.004271085542811222
safe_graph_adp,842.0,4.31752604046176,48.04780924208458,-45.47102556079265,0.5714332177450904,-0.01100028936044347,0.2510644456856466,0.00860646415242486,0.00027060263585541974,0.0037305228475017233
safe_graph_adp,844.0,5.475120393281077,48.02376475322884,-44.96240081360716,0.5861610667977395,-0.013055307888757799,0.2575600844883127,0.007372335343288945,0.0002821543850310426,0.003189941052065083
safe_graph_adp,846.0,6.659702160850755,47.995581573031195,-44.4418672977656,0.5984206468309069,-0.01513711902496178,0.26297320926069156,0.0061383846864497115,0.00029929074220194684,0.002649342924258379
safe_graph_adp,848.0,7.866335281143186,47.96322845320976,-43.91159009709631,0.6082124443850606,-0.017223386202144603,0.2673037651587663,0.004904618499684969,0.00032201088685006253,0.002108731231922314
safe_graph_adp,850.0,9.090084741016653,47.92671881460206,-43.3737343940372,0.6155370218038955,-0.019291776924958166,0.2705517084170447,0.003671043099828048,0.00035031396986855774,0.001568108742967039
safe_graph_adp,852.0,10.32601672780924,47.88611073862175,-42.83046544747833,0.6203950172216851,-0.021319963169802517,0.27271700634889373,0.002437664802735433,0.0003841991135661751,0.0010274782253579823
safe_graph_adp,854.0,11.569198780906746,47.841506957914966,-42.28394857060395,0.6227871445499237,-0.023285621784943457,0.2737996373467896,0.0012044899232544792,0.00042366541167173396,0.00048684244710168155
safe_graph_adp,856.0,12.814699943283157,47.793054846216535,-41.736349108734075,0.6227141934632555,-0.025166434890558805,0.2737995908824816,-2.8475224808968642e-05,0.000468711929338766,-5.3795823768397824e-05
safe_graph_adp,858.0,14.057590913012282,47.74094640740619,-41.189832417165896,0.620177029384694,-0.026940090278709795,0.27271686750707225,-0.0012612243287228734,0.0005193377031503031,-0.0005944338192060174
safe_graph_adp,860.0,15.292944194749094,47.685418263764895,-40.64656383901504,0.615176593470129,-0.02858428181323412,0.270551478851011,-0.0024937510768613335,0.0005755417411238094,-0.0011350687711663594
safe_graph_adp,862.0,16.5158342511794,47.62675164343143,-40.10870868305696,0.607713902592124,-0.03007670982955709,0.26730344762400393,-0.0037260491587368955,0.000637323022716262,-0.0016756979116201824
safe_graph_adp,864.0,17.72133765443637,47.56527236705954,-39.578432201568596,0.597790049323002,-0.03139508153441742,0.2629728076148379,-0.0049581122650328895,0.0007046804988293737,-0.002216318472568002
safe_graph_adp,866.0,18.904533237482546,47.50135083367561,-39.05789956817046,0.5854062019172207,-0.03251711140550408,0.25755960369111947,-0.0061899340876356915,0.0007776130918149645,-0.0027569276860542613
safe_graph_adp,868.0,20.060502245455893,47.43540200573721,-38.549275855669336,0.5705636042930382,-0.03342052159100083,0.25106389179892935,-0.007421508319667042,0.000856119695480482,-0.003297522784181498
safe_graph_adp,870.0,21.18432848697844,47.367885393392676,-38.05472601390174,0.5532635760134668,-0.03408304230903474,0.24348573896239106,-0.008652828655516339,0.0009401991750946603,-0.0038381009991245267
safe_graph_adp,872.0,22.271098485426158,47.29930503794182,-37.57641484757837,0.5335075122665179,-0.034482412247025376,0.2348252232831552,-0.009883888790872927,0.0010298503673933348,-0.0043786595631445935
safe_graph_adp,874.0,23.315901630158592,47.23020949449811,-37.11650699412961,0.5112968838447368,-0.034596378960931005,0.22508243393979807,-0.011114682422758345,0.0011250720805853953,-0.004919195708603568
safe_graph_adp,876.0,24.31383032770687,47.161191813852426,-36.677166901552376,0.4866332371240269,-0.03440269927438844,0.21425747118713573,-0.012345203249558645,0.001225863094358887,-0.005459706667978091
safe_graph_adp,878.0,25.259980152918633,47.09288952353865,-36.2605588062584,0.4595181940417652,-0.033879139677742885,0.20235044635545268,-0.013575444971056611,0.0013322221598872615,-0.006000189673873764
safe_graph_adp,880.0,26.149450000058497,47.02598460810134,-35.868846710924124,0.42995345207420793,-0.033003476726964416,0.18936148184964566,-0.014805401288464044,0.0014441479998357676,-0.006540641959039303
safe_graph_adp,882.0,26.977342233862615,46.96120348856562,-35.50419436234242,0.3979407842131869,-0.031753497442447466,0.17529071114828232,-0.016035065904454,0.0015616393083679946,-0.007081060756380716
safe_graph_adp,884.0,27.73876284054593,46.899317001109694,-35.16876522927626,0.36348203894209685,-0.030106999707689912,0.16013827880257497,-0.01726443252319303,0.0016846947511525538,-0.007621443298975466
safe_graph_adp,886.0,28.42882157876068,46.841140374940004,-34.86472248031453,0.326579140211174,-0.02804179266784821,0.14390434043526917,-0.018493494850373434,0.001813312965369914,-0.008161786820086642
safe_graph_adp,888.0,29.042632130504753,46.787533209369506,-34.59422896173016,0.287234087412066,-0.02553569712816511,0.12658906273944742,-0.01972224659324545,0.0019474925597193782,-0.008702088553177114
safe_graph_adp,890.0,29.57531225197849,46.73939945009917,-34.3594471753407,0.2454489553516932,-0.022566545952266415,0.10819262347724776,-0.020950681460649517,0.002087232114426205,-0.009242345731923712
safe_graph_adp,892.0,30.021983924388493,46.697687364703036,-34.16253925637157,0.20122589422540188,-0.019112184460323336,0.08871521147849742,-0.022178793163048445,0.0022325301812488804,-0.009782555590231381
safe_graph_adp,894.0,30.377773504697007,46.66338951731705,-34.00566695132216,0.15456712958940955,-0.015150470827076904,0.06815702663926146,-0.02340657541255965,0.0023833852834865307,-0.010322715362247345
safe_graph_adp,896.0,30.637811876315535,46.63754274253206,-33.890991595834834,0.10547496233254217,-0.01065927647972096,0.04651827992030643,-0.024634021922987324,0.002539795915986486,-0.010862822282375263
safe_graph_adp,898.0,30.797234599741174,46.62122811849114,-33.82067409256716,0.05395176864726413,-0.005616486495640237,0.02379919334547906,-0.02586112640985464,0.0027017605451519822,-0.011402873585289401
safe_graph_adp,900.0,30.851182063134328,46.61557093919157,-33.79687488906744,7.077671781985373e-16,-3.382710778154774e-17,-2.0816681711721685e-17,-0.027087882590435913,0.0028692776089500162,-0.011942866505948778
safe_graph_adp,902.0,30.804569247805272,46.59466278668077,-33.79708070088879,-0.04662861831761728,-0.020872983149870575,-0.00020581173356762594,-0.02340906237872694,-0.010489227759829467,-0.00014616563354964387
safe_graph_adp,904.0,30.666702958194723,46.53323353565218,-33.797688802051894,-0.09125266837611695,-0.040522610451598835,-0.0004022891700785964,-0.02236057854936979,-0.009980790973586588,-0.00014149900791306317
safe_graph_adp,906.0,30.441601041936543,46.433711314477044,-33.79868052149974,-0.13386344793833993,-0.05896747179383687,-0.0005894298546390899,-0.021310148002801996,-0.009477103472837464,-0.00013683165780724527
safe_graph_adp,908.0,30.133298687070184,46.298487014868975,-33.80003718336117,-0.1744523188565674,-0.07622621389722628,-0.0007672314279523293,-0.020257776117185756,-0.00897817405522025,-0.0001321636071288352
safe_graph_adp,910.0,29.74584829371805,46.12991417855895,-33.80174010714204,-0.21301070721614346,-0.09231753997531593,-0.0009356916263378351,-0.019203468280622867,-0.008484011494011904,-0.00012749487977806496
safe_graph_adp,912.0,29.28331934547627,45.93030888464919,-33.80377060791647,-0.24953010347849303,-0.1072602093947414,-0.0010948082817499444,-0.018147229891127083,-0.00799462453808327,-0.00012282549965863106
safe_graph_adp,914.0,28.749798280520004,45.70194963764748,-33.806109996518146,-0.2840020626235339,-0.12107303733466886,-0.001244579321795596,-0.017089066356596558,-0.007510021911854282,-0.00011815549067757223
safe_graph_adp,916.0,28.149388362424606,45.447077256183235,-33.808739579731636,-0.3164182042914813,-0.13377489444550653,-0.0013850027697513796,-0.016028983094786082,-0.0070302123152493,-0.00011348487674514679
safe_graph_adp,918.0,27.486209550703702,45.167894762406966,-33.811640660483754,-0.3467702129240444,-0.14538470650688684,-0.0015160767445798514,-0.014966985533279362,-0.006555204423652569,-0.00010881368177471052
safe_graph_adp,920.0,26.76439837106554,44.866567272074455,-33.814794538034924,-0.37504983790501273,-0.15592145408492192,-0.0016377994609451155,-0.013903079109461283,-0.006085006887863788,-0.00010414192968259406
safe_graph_adp,922.0,25.988107785388753,44.545221885317154,-33.81818250817062,-0.4012488937002319,-0.16540417218873582,-0.0017501692292276692,-0.01283726927048999,-0.005619628334053838,-9.946964438798052e-05
safe_graph_adp,924.0,25.161507061418806,44.205947578100265,-33.821785863392805,-0.4253592599969675,-0.17385194992627637,-0.0018531844555385126,-0.01176956147326905,-0.005159077363720596,-9.479684981278287e-05
safe_graph_adp,926.0,24.288781642186294,43.850795094369865,-33.82558589311141,-0.447372881842655,-0.18128393015940947,-0.0019468436417325262,-0.0106999611844195,-0.0047033625536449155,-9.012356988152168e-05
safe_graph_adp,928.0,23.374133015148384,43.4817768388906,-33.829563883835824,-0.46728176978303576,-0.18771930915829926,-0.0020311453854211102,-0.009628473880251858,-0.004252492455846693,-8.54498285212025e-05
safe_graph_adp,930.0,22.42177858105459,43.100866770775326,-33.83370111936644,-0.48507799999967705,-0.19317733625507683,-0.002106088379984089,-0.008555105046738091,-0.003806475597541103,-8.077564966119338e-05
safe_graph_adp,932.0,21.435951522538115,42.710000297708085,-33.837978880986164,-0.500753714446875,-0.1976773134968007,-0.002171671414580883,-0.007479860179483506,-0.0033653204810949215,-7.610105723310231e-05
safe_graph_adp,934.0,20.420900672434026,42.31107417086192,-33.84237844765204,-0.5143011209879398,-0.20123859529771215,-0.0022278933741609413,-0.0064027447836986435,-0.002929035583983005,-7.142607517065483e-05
safe_graph_adp,936.0,19.380890381825463,41.905946380512844,-33.846881096186785,-0.525712493530861,-0.20388058809078824,-0.0022747532394734407,-0.005323764374171064,-0.0024976293587448814,-6.67507274095713e-05
safe_graph_adp,938.0,18.320200387819135,41.4964360523514,-33.85146810147044,-0.5349801721633531,-0.20562274997859592,-0.00231225008707625,-0.004242924475237131,-0.0020711102329414735,-6.207503788744446e-05
safe_graph_adp,940.0,17.243125681051364,41.08432334449323,-33.856120736631965,-0.5420965632872787,-0.20648459038344996,-0.0023403830893441563,-0.0031602306207537158,-0.001649486609111955,-5.7399030543616895e-05
safe_graph_adp,942.0,16.15397637292588,40.67134934519003,-33.860820273240904,-0.5470541397524493,-0.206485669696878,-0.0023591515144763577,-0.0020756883540698607,-0.0012327668647307195,-5.272272931905835e-05
safe_graph_adp,944.0,15.057077562584658,40.25921597124223,-33.86554798149902,-0.5498454409898017,-0.2056455989283957,-0.002368554726503219,-0.000989303227998414,-0.0008209593521645022,-4.8046158156243304e-05
safe_graph_adp,946.0,13.956769203613028,39.84958586711482,-33.87028513043198,-0.5504630731439495,-0.203984039353595,-0.0023685921852922916,9.891919521241431e-05,-0.0004140723986296069,-4.336934099902825e-05
safe_graph_adp,948.0,12.857405970480293,39.44408230475772,-33.87501298808103,-0.5488997092051082,-0.20152070216154877,-0.0023592634465535996,0.0011889733439075295,-1.2114306149265796e-05,-3.86923017925292e-05
safe_graph_adp,950.0,11.763357124717134,39.04428908413199,-33.879712821694675,-0.5451480891403928,-0.19827534810153494,-0.002340568161844186,0.002280853637053464,0.00038490664848884895,-3.401506448299905e-05
safe_graph_adp,952.0,10.679006380831046,38.65175043444325,-33.88436589792039,-0.5392010200244862,-0.19426778712908285,-0.0023125060785719274,0.003374554484266976,0.0007769822137750201,-2.9337653017704967e-05
safe_graph_adp,954.0,9.608751771961073,38.26797091608373,-33.888953482996314,-0.5310513761696789,-0.1895178780513454,-0.002275077039998609,0.004470070285843651,0.0011641041635197251,-2.466009134480578e-05
safe_graph_adp,956.0,8.557005515273083,37.89441532328423,-33.893456842942975,-0.5206920992552766,-0.1840455281717999,-0.002228280985242266,0.0055673954327866,0.001546264296895747,-1.9982403413229362e-05
safe_graph_adp,958.0,7.528193877096869,37.53250858747731,-33.897857243754984,-0.5081161984563763,-0.17787069293428054,-0.002172117949278788,0.006666524306835128,0.0019234544384801777,-1.5304613172550062e-05
safe_graph_adp,960.0,6.526757037806325,37.18363568137315,-33.902135951592776,-0.4933167505720093,-0.17101337556634613,-0.0021065880629427877,0.007767451280493557,0.0022956664382962617,-1.062674457286604e-05
safe_graph_adp,962.0,5.557148956443977,36.84914152374926,-33.9062742329743,-0.47628690015264924,-0.1634936267219856,-0.0020316915529277335,0.008870170717059995,0.0026628921718551335,-5.948821564676632e-06
safe_graph_adp,964.0,4.623837235091124,36.53033088495553,-33.910253354966756,-0.4570198596270854,-0.15533154412366496,-0.0019474287417853451,0.009974676970655221,0.0030251235401974083,-1.270868098759726e-06
safe_graph_adp,966.0,3.731302982984878,36.228468293135734,-33.91405458537831,-0.4355089094286588,-0.14654727220371833,-0.0018538000479242551,0.011080964386251578,0.0033823524699346497,3.4070918739507856e-06
safe_graph_adp,968.0,2.884040680383362,35.94477794116698,-33.9176591929498,-0.4117473981208607,-0.13716100174508683,-0.001750805985607933,0.012189027299701932,0.0037345709132907082,8.08503440248775e-06
safe_graph_adp,970.0,2.086558042180355,35.68044359431834,-33.92104844754643,-0.38572874252229283,-0.12719296952140774,-0.001638447164951873,0.01329886003776867,0.004081770848142923,1.2762935535973313e-05
safe_graph_adp,972.0,1.3433758812706538,35.43660849862987,-33.9242036203495,-0.3574464278309868,-0.11666345793645772,-0.0015167242919200473,0.014410456918152749,0.004423944278063194,1.7440771323741554e-05
safe_graph_adp,974.0,0.6590279716674363,35.21437529001349,-33.927105984048076,-0.326894007748083,-0.10559279466295288,-0.0013856381683206216,0.015523812249522793,0.004761083232358927,2.211851781546111e-05
safe_graph_adp,976.0,0.03806091137291068,35.01480590407681,-33.92973681303067,-0.29406510460086766,-0.09400135228070902,-0.001245189691800936,0.016638920331544217,0.005093179766113836,2.6796151061257855e-05
safe_graph_adp,978.0,-0.5149660149964677,34.83892148667134,-33.93207738357695,-0.2589534094651659,-0.08190954791416513,-0.0010953798558417497,0.017755775454908435,0.00542022596022863,3.147364711183744e-05
safe_graph_adp,980.0,-0.9954809738289208,34.68770230516625,-33.93410897404935,-0.22155268228709096,-0.0693378428692734,-0.0009362097497507486,0.018874371901362076,0.005742213921461554,3.615098201860793e-05
safe_graph_adp,982.0,-1.3988997203791262,34.562087660448995,-33.93581286508474,-0.1818567520041484,-0.05630674226975889,-0.0007676805586553189,0.01999470394373625,0.006059135782468799,4.082813183380249e-05
safe_graph_adp,984.0,-1.7206257368715565,34.46297579965406,-33.93717033978608,-0.13985951666569285,-0.04283679469275202,-0.0005897935634945836,0.021116765845975913,0.006370983701844789,4.550507261060192e-05
safe_graph_adp,986.0,-1.956050370844086,34.39122382962102,-33.93816268391398,-0.09555494355273825,-0.028948591803797174,-0.00040255014101070355,0.02224055186316918,0.0066777498641623235,5.0181780403257275e-05
safe_graph_adp,988.0,-2.1005529737305686,34.34764763108326,-33.938771186078355,-0.048937069297118795,-0.014662767991240461,-0.00020595176373944298,0.02336605624157679,0.006979426480012593,5.4858231267212536e-05
safe_graph_adp,990.0,-2.1495010396810885,34.33302177358851,-33.93897713792997,-6.314393452555578e-16,1.3877787807814457e-17,7.860465750519907e-19,0.024493273218661522,0.007276005786045066,5.9534401259227074e-05
safe_graph_adp,992.0,-2.1304444188447564,34.35211519152269,-33.962570455878726,0.01907103547745919,0.019079033717886145,-0.02359330788234324,0.009522145722065058,0.009561076884287811,-0.011840105576066243
safe_graph_adp,994.0,-2.0740027786796245,34.4083869673619,-34.03227964652117,0.037384328672200554,0.037178929427693574,-0.0461158530177344,0.009101066785799252,0.009113804044461656,-0.011304784144180331
safe_graph_adp,996.0,-1.9816995006563978,34.49988608580934,-34.14596295237507,0.05493198620985662,0.05430695380230917,-0.06756740433166425,0.008678107838406937,0.008668441038082262,-0.010769404832253655
safe_graph_adp,998.0,-1.8550737274387643,34.62467611760271,-34.301478164774686,0.07170614029139352,0.07047042618405855,-0.08794774171530537,0.008253271045420929,0.008224996368180833,-0.010233970381406788
safe_graph_adp,1000.0,-1.6956803115962336,34.78083532471751,-34.496682645803794,0.08769894882953866,0.08567671844901324,-0.10725665602720375,0.00782655858198855,0.007783478527966743,-0.00969848353304262
safe_graph_adp,1002.0,-1.5050897640443923,34.96645676529821,-34.72943335023208,0.10290259558496528,0.0999332548705942,-0.1254939490948861,0.007397972632860469,0.0073438960007840975,-0.009162947028832297
safe_graph_adp,1004.0,-1.2848882022130348,35.17964839831599,-34.99758684745461,0.11730929030223304,0.1132475119824726,-0.14265943371638296,0.006967515392379536,0.006906257260068268,-0.008627363610701218
safe_graph_adp,1006.0,-1.0366772979426586,35.4185331879515,-35.298999343434325,0.130911268845483,0.12562701844076934,-0.15875293366166757,0.006535189064469527,0.0064705707693025125,-0.008091736020814966
safe_graph_adp,1008.0,-0.7620742251098149,35.68124920770141,-35.631526702647236,0.14370079333388616,0.13707935488555426,-0.17377428367401046,0.0061009958626238835,0.006036844981974655,-0.007556067001565291
safe_graph_adp,1010.0,-0.46271160698181113,35.96594974420716,-35.993024470030335,0.15567015227684428,0.1476121538016464,-0.1877233294712498,0.0056649380098943575,0.00560508834153379,-0.007020359295556059
safe_graph_adp,1012.0,-0.14023746330125908,36.27080340080469,-36.38134789293193,0.16681166070894157,0.15723309937871666,-0.2005999277469775,0.00522701773887964,0.005175309281347065,-0.006484615645589208
safe_graph_adp,1014.0,0.2036848428990291,36.59399420079366,-36.79435194306423,0.17711766032464651,0.16594992737069364,-0.21240394617164088,0.0047872372917139305,0.004747516224656495,-0.005948838794650704
safe_graph_adp,1016.0,0.5673766587502982,36.93372169042476,-37.22989133845812,0.18658051961276217,0.1737704249544746,-0.22313526339356035,0.004345598920055453,0.004321717584535837,-0.005413031485896506
safe_graph_adp,1018.0,0.9491440952707555,37.28820104160377,-37.68582056541982,0.1951926339906242,0.180702430587942,-0.23279376903986243,0.0039021048850749317,0.00389792176384751,-0.004877196462638511
safe_graph_adp,1020.0,1.3472780813566185,37.65566315431094,-38.15999390048938,0.20294642593804507,0.1867538338672876,-0.2413793637173288,0.003456757457444014,0.003476137155199586,-0.004341336468330521
safe_graph_adp,1022.0,1.7600544180407973,38.034354758734395,-38.65026543240075,0.20983434513100366,0.19193257538364483,-0.24889195901316077,0.0030095589173236405,0.003056372140902805,-0.003805454246554183
safe_graph_adp,1024.0,2.185733833018699,38.42253851711598,-39.15448908404331,0.2158488685750786,0.19624664657903088,-0.25533147749565965,0.0025605115543523797,0.0026386350929276693,-0.0032695525410049494
safe_graph_adp,1026.0,2.6225620354406423,38.818493125308464,-39.67051863442468,0.2209825007386247,0.19970408960159997,-0.2606978527148226,0.002109617667634688,0.0022229343728615764,-0.002733634095478025
safe_graph_adp,1028.0,3.0687697709703685,39.22051341404241,-40.19620774063462,0.22522777368569094,0.20231299716020873,-0.26499102920285444,0.0016568795657291588,0.001809278331866002,-0.002197701653854328
safe_graph_adp,1030.0,3.522572877109127,39.62691044990161,-40.7294099598099,0.22857724720867906,0.20408151237829525,-0.26821096247459475,0.0012022995666366911,0.001397675310633748,-0.0016617579600864373
safe_graph_adp,1032.0,3.982172338784818,40.036011636005504,-41.26797877109991,0.23102350896074134,0.20501782864707283,-0.27035761902786104,0.0007458799977886178,0.0009881336393462402,-0.001125805758184533
safe_graph_adp,1034.0,4.445754344205669,40.44616081239738,-41.8097675976329,0.23255917458791667,0.20513018947804001,-0.2714309763437072,0.0002876231960348,0.0005806616376308741,-0.0005898477922023637
safe_graph_adp,1036.0,4.911490340977923,40.855718356136826,-42.352629828482605,0.23317688786100377,0.20442688835480802,-0.27143102288659815,-0.00017246849236833962,0.00017526761451842334,-5.3886806223190156e-05
safe_graph_adp,1038.0,5.377537092487005,41.26306128109524,-42.894418840635204,0.23286932080717004,0.20291626858424675,-0.2703577581044994,-0.0006343927117698394,-0.00022804013159951253,0.00048207445565426853
safe_graph_adp,1040.0,5.842036734541644,41.666583337452884,-43.4329880209563,0.23162917384129536,0.20060672314695102,-0.2682111924288831,-0.0010981470971362485,-0.0006292533130129831,0.0010180332493298777
safe_graph_adp,1042.0,6.303116832280416,42.064695110896245,-43.966190788157895,0.22944917589704925,0.19750669454702804,-0.264991347274649,-0.001563729274063739,-0.001028363652736128,0.001553986830716135
safe_graph_adp,1044.0,6.758890437340176,42.45582412151424,-44.49188061476507,0.22632208455770064,0.19362467466120756,-0.2606982550399618,-0.002031136858790263,-0.0014253628845495505,0.0020899324557522372
safe_graph_adp,1046.0,7.207456145285833,42.83841492239202,-45.007911049082296,0.2222406861866588,0.188969204587276,-0.2553319591060034,-0.0025003674582077676,-0.0018202427530426362,0.0026258673804181107
safe_graph_adp,1048.0,7.646898153300946,43.210929197900924,-45.51213573715912,0.21719779605774434,0.183548874491836,-0.24889251383664165,-0.002971418669874425,-0.002212995013655836,0.003161788860748459
safe_graph_adp,1050.0,8.075286318138591,43.571845861683315,-46.002408444755154,0.21118625848518938,0.1773723234573924,-0.24137998457801393,-0.0034442880820269497,-0.00260361143272286,0.0036976941528468373
safe_graph_adp,1052.0,8.490676214331945,43.91966115433087,-46.47658307930411,0.20419894695336532,0.1704482393287665,-0.23279444765802712,-0.003918973273592945,-0.002992083787512846,0.004233580512899667
safe_graph_adp,1054.0,8.89110919266407,44.25288874075507,-46.93251371187679,0.19622876424623747,0.16278535855883935,-0.22313599038577278,-0.004395471814203301,-0.0033784038662724534,0.004769445197190313
safe_graph_adp,1056.0,9.274612438896316,44.57005980724849,-47.36805459914274,0.18726864257654516,0.15439246605362605,-0.21240471105085823,-0.004873781264204623,-0.003762563468267903,0.005305285462113115
safe_graph_adp,1058.0,9.639199032754819,44.86972315823558,-47.78106020533059,0.17731154371470623,0.14527839501668183,-0.20060071892265324,-0.005353899174671738,-0.004144554403826978,0.005841098564187434
safe_graph_adp,1060.0,9.982868007174524,45.15044531271155,-48.16938522418673,0.16635045911744495,0.13545202679284163,-0.18772413424945245,-0.005835823087420232,-0.004524368494380943,0.006376881760071713
safe_graph_adp,1062.0,10.303604407800195,45.41081060036813,-48.53088460093226,0.15437841005614195,0.12492229071129457,-0.17377508825755345,-0.006319550535019025,-0.0049019975725064216,0.006912632306577509
safe_graph_adp,1064.0,10.599379352743838,45.64942125740479,-48.86341355421796,0.14138844774490517,0.1136981639279944,-0.15875372315025058,-0.0068050790408030176,-0.005277433481967213,0.007448347460683539
safe_graph_adp,1066.0,10.86815009259799,45.86489752202408,-49.16482759807727,0.12737365346836077,0.1017886712674076,-0.14266019210674447,-0.007292406118885758,-0.005650668077756052,0.007984024479549733
safe_graph_adp,1068.0,11.107860070704307,46.055877729609875,-49.43298256387686,0.11232713870916285,0.08920288506360034,-0.12549465928096717,-0.0077815292741721795,-0.006021693226136312,0.008519660620531267
safe_graph_adp,1070.0,11.316438983676889,46.22101840758708,-49.665734622264914,0.0962420452752206,0.07594992500066582,-0.10725729980032327,-0.008272446002371377,-0.0063905008046836465,0.00905525314119262
safe_graph_adp,1072.0,11.491802842179784,46.35899436996154,-49.86094030511668,0.07911154542664219,0.06203895795249319,-0.08794829976434643,-0.008765153790009413,-0.006757082702327581,0.009590799299321589
safe_graph_adp,1074.0,11.631854031958076,46.468498811538865,-50.01645652747736,0.06092884200239395,0.047479197821879704,-0.06756785624327187,-0.009259650114442212,-0.007121430819393032,0.010126296352943358
safe_graph_adp,1076.0,11.734481375122028,46.54824340182076,-50.13014060950198,0.04168716854667386,0.03227990537898734,-0.04611617727652459,-0.009755932443868447,-0.00748353706764179,0.010661741560334524
safe_graph_adp,1078.0,11.797560191683676,46.59695837857771,-50.199850298392185,0.021379789434998162,0.016450388099145313,-0.023593481871123236,-0.010253998237342531,-0.007843393370313919,0.01119713218003713
safe_graph_adp,1080.0,11.8189523613453,46.613392641096496,-50.223443790329775,8.326672684688674e-17,-1.734723475976807e-17,1.1796119636642288e-16,-0.0107538449447876,-0.008200991662169114,0.011732465470872705
safe_graph_adp,1082.0,11.783148022256103,46.55233623164141,-50.288005087501666,-0.035850415961083466,-0.061029369489791326,-0.06456126962591308,-0.01790146943556148,-0.03055519258019575,-0.03234494789009257
safe_graph_adp,1084.0,11.676916888755185,46.37220553727348,-50.47875890997324,-0.07042463427641608,-0.11907524747739724,-0.12619247145797974,-0.017128380414588598,-0.029143125355821198,-0.030880078018710032
safe_graph_adp,1086.0,11.502836542653094,46.07895470273629,-50.78984448789772,-0.10369747482517058,-0.1741504912155716,-0.18489297373767352,-0.01634917214993653,-0.027734570567716152,-0.029415050042568343
safe_graph_adp,1088.0,11.263534879507151,45.67851198901937,-51.21539981791755,-0.1356438040446377,-0.22626812717049408,-0.24066217471328794,-0.01556384863112029,-0.026329555899298213,-0.027949871462551887
safe_graph_adp,1090.0,10.961690015063358,45.17677943517896,-51.74956172318271,-0.1662385353720073,-0.27544135077382254,-0.29349950264455965,-0.014772413878964753,-0.024928109015859685,-0.026484549780316155
safe_graph_adp,1092.0,10.60003019081519,44.57963252065694,-52.386465913378004,-0.1954566296857031,-0.32168352617246404,-0.34340441580706105,-0.013974871945584054,-0.023530257564425956,-0.02501909249824929
safe_graph_adp,1094.0,10.181333678680186,43.89291982810255,-53.12024704475894,-0.22327309574626675,-0.3650081859760664,-0.3903764024963623,-0.013171226914360862,-0.02213602917361395,-0.02355350711943372
safe_graph_adp,1096.0,9.708428684795207,43.1224627067013,-53.94503878019566,-0.24966299063678804,-0.40542903100223254,-0.4344149810319632,-0.012361482899925466,-0.020745451453490677,-0.02208780114760773
safe_graph_adp,1098.0,9.184193252431296,42.27405493601584,-54.85497384922455,-0.27460142020287676,-0.44295993001946043,-0.47551969976099395,-0.011545644048134686,-0.019358551995431846,-0.020621982087127004
safe_graph_adp,1100.0,8.611555164029067,41.35346239034314,-55.84418410810697,-0.29806353949217274,-0.47761491948781,-0.5136901370616859,-0.010723714536050687,-0.017975358371980613,-0.01915605744292629
safe_graph_adp,1102.0,7.9934918423555175,40.36642270359266,-56.906800599894765,-0.3200245531933901,-0.5094082032972997,-0.548925901346611,-0.009895698571919546,-0.0165958981367064,-0.017690034720480863
safe_graph_adp,1104.0,7.333030250783245,39.318644934689964,-58.03695361450192,-0.340459716074892,-0.5383541525040361,-0.5812266310656916,-0.009061600395149753,-0.015220198824063865,-0.016223921425768187
safe_graph_adp,1106.0,6.633246792692969,38.215809233510335,-59.228772748782106,-0.35934433342279154,-0.5644673050640759,-0.6105919947089785,-0.008221424276290466,-0.013848287949251857,-0.014757725065229446
safe_graph_adp,1108.0,5.897267210000337,37.06356650734697,-60.476386966611514,-0.3766537614785759,-0.5877623655650271,-0.637021690809199,-0.007375174517009669,-0.012480193008072602,-0.01329145314573111
safe_graph_adp,1110.0,5.128266480807962,35.8675380879182,-61.77392465897653,-0.3923634078762489,-0.6082542049553873,-0.6605154479440742,-0.0065228554500721325,-0.01111594147679088,-0.01182511317452651
safe_graph_adp,1112.0,4.329468716183655,34.633315398918285,-63.115513704065854,-0.40644873207898896,-0.6259578602716241,-0.6810730247384057,-0.005664471439317258,-0.00975556081199338,-0.010358712659217423
safe_graph_adp,1114.0,3.5041470560658317,33.36645962411635,-64.49528152736652,-0.41888524581531794,-0.640888534363,-0.6986942098659308,-0.004800026879636695,-0.0083990784504481,-0.008892259107715572
safe_graph_adp,1116.0,2.6556235642970787,32.07250137600788,-65.90735516176342,-0.42964851351477745,-0.6530615956141422,-0.7133788220509483,-0.003929526196951878,-0.007046521808963887,-0.007425760028204241
safe_graph_adp,1118.0,1.7872691227868556,30.75694036502333,-67.3458613076419,-0.43871415274310904,-0.662492577665363,-0.7251267100697122,-0.0030529738481913254,-0.005697918284250057,-0.005959222929099825
safe_graph_adp,1120.0,0.902503324804339,29.42524506929838,-68.80492639299275,-0.4460578346369336,-0.6691971791307293,-0.7339377527515958,-0.0021703743212678705,-0.0043532952527761334,-0.0044926553190133695
safe_graph_adp,1122.0,0.004794367402413124,28.082852405010264,-70.27867663351955,-0.4516552843379273,-0.6731912633138877,-0.7398118589800241,-0.0012817321350556327,-0.0030126800706316613,-0.0030260647067121213
safe_graph_adp,1124.0,-0.9023410570261865,26.735167397284698,-71.76123809274735,-0.455482281426489,-0.6744908579216444,-0.742748967693176,-0.0003870518393669167,-0.001676100073386167,-0.0015594586010811151
safe_graph_adp,1126.0,-1.8153378700595528,25.387562851677906,-73.24673674213277,-0.45751466035489663,-0.6731121547753046,-0.7427490478844557,0.0005136619850711029,-0.00034358257594920504,-9.284451108471092e-05
safe_graph_adp,1128.0,-2.7305827174230832,24.04537902623818,-74.72929852117468,-0.4577283108799477,-0.6690715095197727,-0.7398120986027332,0.0014204047266398222,0.0009848451275695433,0.001373770054271868
safe_graph_adp,1130.0,-3.64441408003072,22.71392330415151,-76.2030493975252,-0.45609917849508064,-0.6623854413304164,-0.7339381489523539,0.002333171742852816,0.002309155763999932,0.002840377585980939
safe_graph_adp,1132.0,-4.5531223858899095,21.398469866975688,-77.66211542710043,-0.4526032648619731,-0.6530706326176974,-0.7251272580929173,0.003251958360379627,0.0036293220812510718,0.004306970575070856
safe_graph_adp,1134.0,-5.4529501228692325,20.1042593684674,-79.1006228141905,-0.44721662824161346,-0.6411439287295704,-0.713379515238826,0.004176759875069677,0.004945316848450796,0.00577354151264442
safe_graph_adp,1136.0,-6.340091952327646,18.836498609006743,-80.5126979715686,-0.4399153839248415,-0.6266223376516546,-0.6986950396586025,0.005107571551976351,0.006257112856085116,0.007240082889917333
safe_graph_adp,1138.0,-7.2106948236042765,17.60036021062363,-81.89246758059825,-0.4306757046623547,-0.6095230297051788,-0.6810739806739756,0.006044388625381259,0.007564682916137524,0.008706587198256649
safe_graph_adp,1140.0,-8.060858089367683,16.400982292630523,-83.23405865133866,-0.41947382109417686,-0.5898633372427029,-0.6605165176587373,0.006987206298818602,0.008867999862228193,0.0101730469292192
safe_graph_adp,1142.0,-8.886633621823517,15.243468147865938,-84.53159858264745,-0.4062860221785838,-0.5676607543416199,-0.6370228600373669,0.007936019745099764,0.010167036549753069,0.01163945457459008
safe_graph_adp,1144.0,-9.684025929779493,14.132885919553186,-85.77921522228048,-0.39108865562048406,-0.5429329364954395,-0.6105932472834259,0.008890824106338008,0.01146176585602285,0.01310580262642103
safe_graph_adp,1146.0,-10.448992276566567,13.074268278778739,-86.97103692698822,-0.37385812829925,-0.5156977003028567,-0.5812279489177217,0.009851614493973357,0.012752160680401848,0.014572083577068927
safe_graph_adp,1148.0,-11.17744279881523,12.072612102594684,-88.10119262260815,-0.35457090669599534,-0.48597302315460783,-0.5489272645062404,0.010818385988797611,0.01403819394444675,0.016038289919234193
safe_graph_adp,1150.0,-11.865240626085786,11.13287815274967,-89.16381186415288,-0.33320351732029585,-0.45377704291811727,-0.5136915236578491,0.011791133640979555,0.015319838592045273,0.017504414145999257
safe_graph_adp,1152.0,-12.508202001351533,10.259990755052774,-90.1530248958934,-0.30973254713634946,-0.4191280576199369,-0.47552108602176746,0.012769852470090272,0.016597067589554648,0.01897044875086695
safe_graph_adp,1154.0,-13.102096402333682,9.458837479374687,-91.06296271143705,-0.2841346439885714,-0.38204452512598175,-0.43441634128480866,0.013754537465128672,0.017869853925940076,0.02043638622779899
safe_graph_adp,1156.0,-13.642646663686907,8.73426882029063,-91.88775711379975,-0.2563865170266216,-0.3425450628195642,-0.3903777091683895,0.01474518358454713,0.019138170612912998,0.021902219071254357
safe_graph_adp,1158.0,-14.125529100034374,8.091097878369412,-92.621540775472,-0.22646493712985952,-0.3006484472772297,-0.3434056394253101,0.015741785756277302,0.020401990685069267,0.023367939776227795
safe_graph_adp,1160.0,-14.54637362985111,7.534100042112998,-93.25844729847825,-0.19434673733122393,-0.25637361394239666,-0.29350061183630294,0.016744338877756094,0.021661287200027256,0.024833540838288138
safe_graph_adp,1162.0,-14.900763900194553,7.068012670550995,-93.79261127442905,-0.1600088132405325,-0.20973965679680368,-0.24066313620635116,0.017752837815951803,0.022916033238565735,0.026299014753616828
safe_graph_adp,1164.0,-15.184237412281107,6.69753477649444,-94.21816834456575,-0.12342812346719864,-0.16076582802976672,-0.18489375236077643,0.01876727740739036,0.024166201904761753,0.027764354019046283
safe_graph_adp,1166.0,-15.392285647907556,6.427326710453256,-94.52925525979698,-0.0845816900423613,-0.10947153770524935,-0.12619303014109634,0.019787652458181804,0.02541176632612831,0.029229551132098304
safe_graph_adp,1168.0,-15.520354196716147,6.262009845221751,-94.72000994072674,-0.04344659884042408,-0.05587635342674863,-0.0645615694006511,0.020813957744046863,0.026652699653751964,0.03069459859102254
safe_graph_adp,1170.0,-15.563842884302153,6.20616626113653,-94.78457153767343,-1.1102230246251565e-16,1.3877787807814457e-16,4.163336342344337e-17,0.021846188010343687,0.027888975062430276,0.03215948889483483
safe_graph_adp,1172.0,-15.655038615988682,6.200245185231882,-94.72000359860382,-0.0912002624703939,-0.005852288643483348,0.06456791152087349,-0.045533550887233945,-0.003029320131523488,0.03216265995765196
safe_graph_adp,1174.0,-15.924508638606557,6.183427017854399,-94.52923017913896,-0.17827391242677754,-0.01090020394603394,0.12620542654794986,-0.043457220910192385,-0.0028288270490129676,0.03069762575315696
safe_graph_adp,1176.0,-16.36399705436371,6.15728303307249,-94.2181127046899,-0.2612182948026594,-0.015181220523676748,0.18491191515867428,-0.041380672368297705,-0.0026377308270573844,0.029232434378051078
safe_graph_adp,1178.0,-16.96524278279148,6.123309541969261,-93.79251383050313,-0.34003088199159265,-0.01873282664955439,0.24068677744065867,-0.039303915893395006,-0.00245603243070807,0.027767093334055297
safe_graph_adp,1180.0,-17.71997981568846,6.082927866001364,-93.2582973816356,-0.4147092738707625,-0.021592523580824176,0.2935294434962858,-0.03722696211839407,-0.0022837327768998623,0.02630161012365692
safe_graph_adp,1182.0,-18.619937472110333,6.037484311704166,-92.62132829292086,-0.48525119782337656,-0.023797824885441732,0.3434393734470827,-0.035149821677214775,-0.0021208327344464113,0.02483599225007109
safe_graph_adp,1184.0,-19.656840653403286,5.988250146743463,-91.88747254892657,-0.5516545087598574,-0.02538625576883715,0.39041605743786423,-0.033072505204732754,-0.001967333124035741,0.023370247217202482
safe_graph_adp,1186.0,-20.822410098278624,5.936421577313939,-91.06259712390396,-0.6139171891378387,-0.026395352400489486,0.43445901564064515,-0.030995023336724905,-0.0018232347182260361,0.021904382529606796
safe_graph_adp,1188.0,-22.108362637926167,5.883119726884577,-90.15256992172975,-0.6720373489809621,-0.026862661240405608,0.4755677982583223,-0.028917386709814967,-0.0016885382414416955,0.020438405692452324
safe_graph_adp,1190.0,-23.506411451164045,5.829390616291201,-89.16325971584091,-0.7260132258964788,-0.026825738365509236,0.5137419855281259,-0.02683960596141903,-0.0015632443699696147,0.01897232421148163
safe_graph_adp,1192.0,-25.00826631962251,5.7762051451763226,-88.10053608916274,-0.7758431850916505,-0.026322148795946146,0.5489811877248403,-0.02476169172969106,-0.0014473537319557304,0.017506145592972998
safe_graph_adp,1194.0,-26.605633882959335,5.724459074776459,-86.97026937403075,-0.8215257193889548,-0.025389465821311397,0.5812850451637941,-0.022683654653468444,-0.0013408669074018017,0.016039877343702054
safe_graph_adp,1196.0,-28.290217894104433,5.674973012057071,-85.77833059210677,-0.8630594492400908,-0.024065270326804545,0.6106532282036192,-0.020605505372217576,-0.0012437844281624388,0.014573526970903354
safe_graph_adp,1198.0,-30.0537194745313,5.628492395195253,-84.53059139428981,-0.9004431227387877,-0.022387150119318727,0.63708543724878,-0.018527254525979288,-0.0011561067779423833,0.013107101982231903
safe_graph_adp,1200.0,-31.887837369552848,5.585687480410307,-83.23292400062208,-0.9336756156324141,-0.020392699253469534,0.6605814027518707,-0.01644891275531446,-0.0010778343922940284,0.011640609885724754
safe_graph_adp,1202.0,-33.7842682036393,5.547153330142319,-81.89120114019059,-0.9627559313323898,-0.018119517357569618,0.6811408852156835,-0.014370490701249461,-0.0010089676586151934,0.010174058189762525
safe_graph_adp,1204.0,-35.73470673575567,5.513409802578828,-80.51129599102494,-0.9876832009233987,-0.015605208959554896,0.6987636751950441,-0.012291999005221741,-0.0009495069161471329,0.008707454403031008
safe_graph_adp,1206.0,-37.73084611471649,5.484901542529692,-79.0990821199916,-1.0084566831714028,-0.012887382812868333,0.7134495932984182,-0.0102134483090253,-0.0008994524559728077,0.007240806034482683
safe_graph_adp,1208.0,-39.76437813455537,5.461997973650222,-77.66043342268527,-1.025075764530459,-0.01000365122230716,0.725198490189286,-0.00813484925475621,-0.0008588045210153899,0.005774120593298286
safe_graph_adp,1210.0,-41.82699348990698,5.444993292012649,-76.20122406331758,-1.0375399591483352,-0.006991629369839485,0.7340102465872866,-0.0060562124847581555,-0.0008275633060370213,0.00430740558884838
safe_graph_adp,1212.0,-43.910382031399074,5.4341064610259915,-74.72732841460395,-1.0458489088709302,-0.003888934640396197,0.7398847732691319,-0.003977548641567899,-0.000805728957637813,0.002840668530654851
safe_graph_adp,1214.0,-46.006233021052154,5.4294812077043515,-73.24462099764865,-1.050002383245492,-0.0007331859476440894,0.7428220110692884,-0.0018988683678608361,-0.000793301574255099,0.0013739169283525504
safe_graph_adp,1216.0,-48.10623538768437,5.431186020283682,-71.75897642182889,-1.0500002795226404,0.0024379969402538904,0.7428219308804294,0.0001798176936035304,-0.0007902812061629293,-9.28417083492436e-05
safe_graph_adp,1218.0,-50.202077982319274,5.439214147187039,-70.27626932467807,-1.0458426226571884,0.005586994074885332,0.7398845336536564,0.0022584989000360572,-0.0007966678554718134,-0.0015595998697052332
safe_graph_adp,1220.0,-52.285449833594,5.453483597338335,-68.80237431176899,-1.0375295653077665,0.008676186001836093,0.7340098503984889,0.0043371646086724485,-0.0008124614761287114,-0.0030263500459725215
safe_graph_adp,1222.0,-54.34804040316552,5.473837141824573,-67.34316589659717,-1.025061387835247,0.011667954434933136,0.7251979421826242,0.006415804176827763,-0.0008376619739172641,-0.00449308472744912
safe_graph_adp,1224.0,-56.38153984111252,5.50004231690657,-65.90451844046498,-1.008438498299971,0.01452468293047656,0.7134489001314659,0.008494406961950907,-0.0008722692064582841,-0.005959796404512385
safe_graph_adp,1226.0,-58.37763924133056,5.531791428378117,-64.49230609236689,-0.987661432457775,0.01720875756145492,0.6987628454274217,0.010572962321679109,-0.0009162829832104751,-0.007426477567657439
safe_graph_adp,1228.0,-60.328030896918065,5.5687015572735525,-63.112402728876354,-0.9627308537548204,0.019682567591737886,0.6811399293089707,0.01265145961389241,-0.0009697030654714157,-0.008893120707535621
safe_graph_adp,1230.0,-62.224408555550795,5.610314566923695,-61.77068189403482,-0.9336475533212231,0.021908506150240363,0.6605803330694995,0.01472988819676815,-0.0010325291663787763,-0.010359718314992973
safe_graph_adp,1232.0,-64.05846767484235,5.6560971113600695,-60.4730167392433,-0.9004124499634854,0.023848970905052124,0.6370842680559079,0.016808237428835467,-0.0011047609509117907,-0.011826262881108652
safe_graph_adp,1234.0,-65.82190567768839,5.705440645067351,-59.2252799631569,-0.8630265901557289,0.025466364737527048,0.6106519756669837,0.01888649666902978,-0.0011863980358929693,-0.013292746897233376
safe_graph_adp,1236.0,-67.50642220759207,5.7576614340839445,-58.03334375158292,-0.8214911480297292,0.02672309641632606,0.5812837273515464,0.020964655276747245,-0.001277439989990063,-0.014759162855027898
safe_graph_adp,1238.0,-69.10371938396834,5.812000568450599,-56.903079717382816,-0.7758074253637519,0.027581581271407824,0.5489798246063611,0.02304270261189925,-0.0013778863337182696,-0.016225503246501388
safe_graph_adp,1240.0,-70.60550205742479,5.867623976006943,-55.84035884037863,-0.7259768515701903,0.028004241867961317,0.5137405989738202,0.02512062803496692,-0.0014877365394426907,-0.01769176056404996
safe_graph_adp,1242.0,-72.00347806501651,5.923622437535824,-54.85105140726423,-0.6720009836820054,0.02795350868027433,0.4755664120393961,0.02719842090705554,-0.001606990031381031,-0.019157927300495026
safe_graph_adp,1244.0,-73.28935848547263,5.979011603255318,-53.941026951521934,-0.6138815063379671,0.027391820765531986,0.43445765542886183,0.02927607058994906,-0.0017356461856065483,-0.0206239959491218
safe_graph_adp,1246.0,-74.45485789439219,6.032732010658257,-53.116154193344855,-0.5516202317666978,0.026281626437539396,0.3904147508052817,0.031353566446164556,-0.0018737043300512469,-0.022089959003717668
safe_graph_adp,1248.0,-75.49169461940687,6.083649103699121,-52.38230097956557,-0.485219099769518,0.024585383940362488,0.3434381498657711,0.03343089783900668,-0.0020211637445093195,-0.023555808958610678
safe_graph_adp,1250.0,-76.39159099530818,6.130553253328131,-51.74533422359144,-0.4146801777020941,0.022265562121881126,0.29352833433802566,0.03550805413262215,-0.0021780236606408323,-0.025021538308707937
safe_graph_adp,1252.0,-77.14627361913682,6.172159779372349,-51.211119845347135,-0.3400056604548887,0.019284641107248604,0.24068581597662,0.037585024692054145,-0.0023442832619756625,-0.026487139549534043
safe_graph_adp,1254.0,-77.7474736052317,6.2071089737635985,-50.78552271122477,-0.2611978704324134,0.015605112972251594,0.1849111365590755,0.039661798883296843,-0.002519941683917674,-0.02795260517726951
safe_graph_adp,1256.0,-78.18692684023628,6.233966125113006,-50.47440657404218,-0.1782592575312839,0.011189482416564641,0.126204867881698,0.0417383660733498,-0.0027049980137491504,-0.02941792768878918
safe_graph_adp,1258.0,-78.4563742380598,6.2512215446319335,-50.28363401300966,-0.0911923991170787,0.006000267436893291,0.06456761175518444,0.0438147156302724,-0.0028994512906354614,-0.03088309958170065
safe_graph_adp,1260.0,-78.54756199479102,6.257290593399087,-50.21906637370586,-1.3877787807814457e-17,-5.0306980803327406e-17,-3.7470027081099033e-16,0.04589083692323831,-0.003103300505629985,-0.03234811335438268
safe_graph_adp,1262.0,-78.48967581517381,6.239313589781733,-50.146908050129134,0.05787266173892592,-0.018020653731799206,0.07215829278938543,0.029258215750069837,-0.008944836372575739,0.03601489725390542
safe_graph_adp,1264.0,-78.31879161884233,6.185769883852429,-49.933707954134874,0.11299852088134521,-0.035564630552263374,0.14104171224018813,0.027924612438987778,-0.008578655728873522,0.034377643911282
safe_graph_adp,1266.0,-78.04039576369004,6.09763730993095,-49.58601653989943,0.16538483616445646,-0.05260745543914472,0.2066495536480555,0.026593108836572035,-0.008206444656417861,0.03274021455650253
safe_graph_adp,1268.0,-77.65996000791672,5.9759426003731715,-49.1103856374705,0.21503894852420427,-0.06912470544059099,0.26898114584659377,0.025263711760067566,-0.007828212672799893,0.031102617573139542
safe_graph_adp,1270.0,-77.1829413457762,5.821761280996853,-48.513368385686,0.26196828094984076,-0.08509201010845802,0.32803585121252066,0.02393642801593402,-0.007443969326437583,0.029464861345623816
safe_graph_adp,1272.0,-76.61478184361589,5.636217565641559,-47.80151916508295,0.30618033833771846,-0.10048505193086449,0.38381306567056084,0.022611264399810843,-0.007053724196526825,0.027826954259201446
safe_graph_adp,1274.0,-75.96090847620945,5.420484249864226,-46.981393530796765,0.34768270734431594,-0.11527956676398529,0.4363122186980834,0.02128822769648252,-0.006657486892992411,0.026188904699890936
safe_graph_adp,1276.0,-75.22673296338415,5.175782603771914,-46.05954814545157,0.3864830562384975,-0.12945134426307955,0.48553277332948197,0.01996732467984385,-0.0062552670564388095,0.02455072105444024
safe_graph_adp,1278.0,-74.41765160694446,4.903382263993264,-45.04254071204201,0.422589134753008,-0.1429762283127497,0.5314742261602968,0.01864856211286521,-0.005847074358100833,0.02291241171028381
safe_graph_adp,1280.0,-73.53904512789347,4.604601124790213,-43.936929906807045,0.4560087739352047,-0.15583011745642764,0.5741361073510796,0.01733194674755799,-0.005432918499794092,0.021273985055499718
safe_graph_adp,1282.0,-72.59627850395361,4.2808052283115146,-42.7492753120963,0.4867498859970267,-0.16798896532508434,0.6135179806309998,0.016017485324939965,-0.005012809213865342,0.019635449478766602
safe_graph_adp,1284.0,-71.59470080738808,3.933408653989614,-41.48613734922946,0.5148204641642036,-0.1794287810651592,0.6496194433011945,0.014705184575000831,-0.004586756263142653,0.017996813369320817
safe_graph_adp,1286.0,-70.53964504312478,3.5638734070824563,-40.1540772113492,0.5402285825247055,-0.1901256297657052,0.6824401262378587,0.01339505121666772,-0.004154769440885418,0.01635808511691341
safe_graph_adp,1288.0,-69.43642798718398,3.173709306361783,-38.7596567962682,0.5629823958764343,-0.20005563288474632,0.7119796938950793,0.0120870919577708,-0.003716858570734209,0.014719273111767232
safe_graph_adp,1290.0,-68.29035002541143,2.764473870949512,-37.30943863931081,0.5830901395741582,-0.2091949686748432,0.7382378443074109,0.010781313495008939,-0.00327303350666049,0.013080385744533914
safe_graph_adp,1292.0,-67.10669499251834,2.3377722063037742,-35.809985846149694,0.6005601293756919,-0.2175198726078637,0.7612143090921929,0.009477722513915418,-0.0028233041329161607,0.011441431406250965
safe_graph_adp,1294.0,-65.89073001142971,1.8952568893562147,-34.267862025638216,0.6154007612873216,-0.22500663779895447,0.78090885345161,0.008176325688823724,-0.0023676803639829454,0.009802418488298749
safe_graph_adp,1296.0,-64.64770533294264,1.438627852802147,-32.689631222638916,0.6276205114084781,-0.23163161542970945,0.7973212761744939,0.006877129682833308,-0.0019061721445216393,0.008163355382357594
safe_graph_adp,1298.0,-63.382854175695954,0.9696322685451791,-31.081857850848625,0.6372279357756587,-0.23737121517053222,0.8104514096378673,0.005580141147775541,-0.0014387894493211868,0.006524250480364757
safe_graph_adp,1300.0,-62.10139256645286,0.4900644302979243,-29.451106625620792,0.6442316702055991,-0.24220190560218816,0.8202991198082306,0.004285366724179649,-0.0009655422832476088,0.004885112174471518
safe_graph_adp,1302.0,-60.80851918069787,0.001765635340419791,-27.803942496785453,0.6486404301376968,-0.24610021463654247,0.8268643062425896,0.002992813041238648,-0.00048644068119278305,0.00324594885700015
safe_graph_adp,1304.0,-59.50941518354971,-0.4933759345621126,-26.14693058146743,0.6504630104756872,-0.24904272993648102,0.8301469020892261,0.0017024867167755027,-1.4947080230684473e-06,0.001606768920401
safe_graph_adp,1306.0,-58.20924407099161,-0.9934253330805274,-24.486636096903236,0.6497082854285748,-0.2510060993350097,0.830146874088211,0.0004143943572091507,0.0004892855414722343,-3.241924279048097e-05
safe_graph_adp,1308.0,-56.91315151142044,-1.4964009700803902,-22.82962429325721,0.6463852083508193,-0.251967031253529,0.8268642225716574,-0.0008714574424792547,0.0009858899426325644,-0.0016716072399967502
safe_graph_adp,1310.0,-55.62626518751626,-2.0002747332163344,-21.182460386437416,0.6405028115817789,-0.25190229511927964,0.8202989814637186,-0.0021550620987801443,0.0014883083409779373,-0.003310786678641084
safe_graph_adp,1312.0,-54.35369463843373,-2.5029721103604765,-19.551709490911783,0.6320702062844128,-0.25078872178195666,0.8104512182803262,-0.0034364130396892316,0.001996530552260938,-0.004949949166190605
safe_graph_adp,1314.0,-53.10053110231679,-3.0023723128632254,-17.943936552525052,0.6210965822832429,-0.24860320392948687,0.7973210341286706,-0.0047155037047411676,0.00251054636251886,-0.006589086310199194
safe_graph_adp,1316.0,-51.87184735913825,-3.4963083996448057,-16.365706281316996,0.6075912079015774,-0.24532269650296723,0.7809085637064244,-0.005992327545043127,0.003030345528126002,-0.008228189718350546
safe_graph_adp,1318.0,-50.672697573865555,-3.9825674021158175,-14.82358308434247,0.5915634297979965,-0.24092421711075968,0.7612139753007066,-0.007266878023308323,0.003555917775846122,-0.009867250998501012
safe_graph_adp,1320.0,-49.50811713995444,-4.458890449925137,-13.324130998493777,0.5730226728021032,-0.2353848464417394,0.7382374707867903,-0.0085391486138895,0.004087252802885019,-0.011506261758722682
safe_graph_adp,1322.0,-48.38312252317174,-4.922972897533469,-11.873913623325885,0.551978439749539,-0.22868172867769251,0.7119792856265512,-0.009809132802812337,0.004624340276943305,-0.013145213607346298
safe_graph_adp,1324.0,-47.30271110574889,-5.37246445161083,-10.479494053885002,0.5284403113162673,-0.2207920719048596,0.6824396888666594,-0.011076824087808796,0.005167169836269285,-0.01478409815300422
safe_graph_adp,1326.0,-46.271861030867655,-5.804969299256278,-9.147434813541025,0.502417945852125,-0.21169314852462168,0.649618983136512,-0.012342215978350413,0.0057157310897120225,-0.016422907004673398
safe_graph_adp,1328.0,-45.295531047479436,-6.218046237038135,-7.88429778682438,0.4739210792136437,-0.20136229566332467,0.6135175046459092,-0.013605301995681534,0.006270013616774536,-0.018061631771718337
safe_graph_adp,1330.0,-44.37866035545967,-6.6092088008530085,-6.696644152267772,0.4429595245961436,-0.18977691558123921,0.5741356231824714,-0.01486607567285248,0.0068300069676671534,-0.019700264063934044
safe_graph_adp,1332.0,-43.526168451098805,-6.975925396601858,-5.591034315253354,0.40954317236509896,-0.17691447608065167,0.5314737421087993,-0.016124530554752665,0.007395700663361015,-0.021338795491589013
safe_graph_adp,1334.0,-42.742954972931194,-7.315619431681373,-4.574027840865837,0.37368198988677886,-0.1627525109130833,0.4855322983593757,-0.017380660198143636,0.007967084195641724,-0.022977217665468126
safe_graph_adp,1336.0,-42.03389954790353,-7.6256694472889155,-3.6521833867520543,0.3353860213581633,-0.14726862018563358,0.4363117624372098,-0.018634458171692077,0.008544147027163145,-0.02461552219691568
safe_graph_adp,1338.0,-41.40386163788409,-7.9034092515392675,-2.832058635987492,0.294665387636137,-0.1304404707664444,0.3838126384102234,-0.01988591805600272,0.009126878591501365,-0.026253700697878253
safe_graph_adp,1340.0,-40.85768038651435,-8.146128053391429,-2.120210229950305,0.25153028606596173,-0.11224579668928136,0.3280354639073796,-0.02113503344365122,0.009715268293208781,-0.02789174478094774
safe_graph_adp,1342.0,-40.40017446640438,-8.351070597383687,-1.5231937012033392,0.2059909903090294,-0.09266239955722876,0.26898081011455394,-0.02238179793921696,0.010309305507868358,-0.029529646059404217
safe_graph_adp,1344.0,-40.036141926673416,-8.515437299175192,-1.04756340638466,0.1580578501698964,-0.07166814894549459,0.2066492817701474,-0.023626205159315808,0.010908979582148022,-0.03116739614725892
safe_graph_adp,1346.0,-39.77036004083713,-8.636384381892244,-0.6998724591071206,0.10774129142260175,-0.04924098280332223,0.14104151716044216,-0.02486824873263277,0.011514279833855197,-0.03280498665929719
safe_graph_adp,1348.0,-39.607585155042955,-8.711024013277514,-0.48667266286747135,0.05505181563626981,-0.025358907855004942,0.07215818811469937,-0.02610792229995464,0.012125195551991515,-0.034442409211121364
safe_graph_adp,1350.0,-39.55255253665489,-8.736424443640388,-0.4145144439655334,-5.204170427930421e-16,1.734723475976807e-17,-3.191891195797325e-16,-0.02734521951420255,0.012741715996807639,-0.03607965541919376
safe_graph_adp,1352.0,-39.52876862903154,-8.770458161278011,-0.43033057227141464,0.023758254819596165,-0.03405163716143321,-0.01581612155776458,0.012069482238506358,-0.016998910260738985,-0.007908598101602242
safe_graph_adp,1354.0,-39.458754001983195,-8.87118990090224,-0.4770611510998128,0.046231839233993655,-0.06669705303151091,-0.03091443733240418,0.011502426039811244,-0.01624349572073134,-0.007549735392766108
safe_graph_adp,1356.0,-39.345064065402994,-9.035796311114817,-0.5532704136604497,0.06743468910952546,-0.09792534930573901,-0.04529479271253055,0.010938970919283005,-0.015485523134016061,-0.007190834029587999
safe_graph_adp,1358.0,-39.190226322060155,-9.261432339634407,-0.6575222912912392,0.08738077566728562,-0.1277257234321896,-0.05895704043780173,0.01037911976178922,-0.01472500880368683,-0.006831895849628476
safe_graph_adp,1360.0,-38.99674029714645,-9.545231424987351,-0.7883804281614658,0.10608410522707581,-0.15608746879694566,-0.0719010406000531,0.00982287543374534,-0.013961969045850916,-0.006472922690636608
safe_graph_adp,1362.0,-38.76707746833513,-9.884305688568011,-0.9444081959772206,0.1235587189510255,-0.1829999749082193,-0.08412666064437192,0.009270240783099973,-0.013196420189545713,-0.006113916390540547
safe_graph_adp,1364.0,-38.50368119635291,-10.275746127066,-1.1241687086889292,0.1398186925868879,-0.2084527275791417,-0.09563377537011532,0.008721218639320336,-0.012428378576655066,-0.00575487878743813
safe_graph_adp,1366.0,-38.2089666560657,-10.716622805257687,-1.3262248372008587,0.1548781362110139,-0.23243530910922353,-0.10642226693187186,0.008175811813377754,-0.01165786056182565,-0.005395811719587465
safe_graph_adp,1368.0,-37.885320768078714,-11.203985049159268,-1.5491392240824933,0.1687511939710065,-0.25493739846448354,-0.11649202484036665,0.007634023097733272,-0.010884882512383218,-0.005036717025397519
safe_graph_adp,1370.0,-37.53510213085158,-11.73486163953878,-1.7914742982816605,0.18145204382805757,-0.27594877145624486,-0.12584294596330992,0.007095855266323352,-0.010109460808248793,-0.004677596543418703
safe_graph_adp,1372.0,-37.160640953329086,-12.30626100578436,-2.051792289839301,0.1929948972989697,-0.29545930091859623,-0.1344749345261891,0.006561311074545678,-0.009331611841854817,-0.004318452112333459
safe_graph_adp,1374.0,-36.764238988088216,-12.915171420126102,-2.3286552446057645,0.20339399919786505,-0.31345895688451747,-0.1423879021130045,0.006030393259245037,-0.008551352018061224,-0.0039592855709468504
safe_graph_adp,1376.0,-36.34816946500205,-13.558561192208817,-2.6206250389585217,0.21266362737758354,-0.32993780676066736,-0.14958176766694828,0.005503104538699321,-0.007768697754071432,-0.003600098758177144
safe_graph_adp,1378.0,-35.914677025421206,-14.233378864013039,-2.926263394521175,0.2208180924707729,-0.3448860155008325,-0.15605645749102712,0.004979447612605601,-0.006983665479348299,-0.0032408935130463935
safe_graph_adp,1380.0,-35.46597765687338,-14.93655340512158,-3.244131892883661,0.2278717376306724,-0.35829384577803514,-0.16181190524862823,0.004459425162066306,-0.0061962716355300025,-0.0028816716746710228
safe_graph_adp,1382.0,-35.00425862828164,-15.66499440832897,-3.5727919903235286,0.2338389382715931,-0.3701516581552996,-0.166848051964029,0.003943039849575496,-0.005406532676345856,-0.002522435082252422
safe_graph_adp,1384.0,-34.531678425702076,-16.415592285591075,-3.9108050325281756,0.2387341018090964,-0.38044991125507427,-0.17116484602284993,0.0034302943190052306,-0.004614465067532082,-0.002163185575067516
safe_graph_adp,1386.0,-34.050366688581356,-17.18521846431221,-4.256732269317942,0.2425716673998734,-0.38917916192730917,-0.17476224317245123,0.002921191195592034,-0.0038200852867474764,-0.0018039249924593458
safe_graph_adp,1388.0,-33.562424146534845,-17.97072558396709,-4.60913486936993,0.24536610568132738,-0.3963300654161866,-0.17764020652227272,0.002415733085923444,-0.0030234098234890802,-0.0014446551738276688
safe_graph_adp,1390.0,-33.06992255664584,-18.768947693054855,-4.966573934942459,0.24713191851086175,-0.4018933755255037,-0.17979870654411734,0.0019139225779246877,-0.0022244551790077246,-0.0010853779586195295
safe_graph_adp,1392.0,-32.57490464128655,-19.57670044638254,-5.327610516600021,0.24788363870487534,-0.40585994478270593,-0.18123772107237804,0.0014157622408454058,-0.0014232378662235633,-0.0007260951863198341
safe_graph_adp,1394.0,-32.079384026461334,-20.39078130267524,-5.69080562793864,0.24763582977746806,-0.4082207246015691,-0.18195723530420818,0.0009212546252465163,-0.0006197744096415173,-0.00036680869644194897
safe_graph_adp,1396.0,-31.585345180672856,-21.20796972251032,-6.054720260311509,0.24640308567885838,-0.4089667654435296,-0.18195724179963543,0.00043040226298715135,0.0001859186547333233,-7.520328518270322e-06
safe_graph_adp,1398.0,-31.09474335431166,-22.025027366572886,-6.417915397554806,0.2442000305335157,-0.4080892169776603,-0.18123774048161906,-5.679233278831357e-05,0.0009938247794803704,0.0003517680779091892
safe_graph_adp,1400.0,-30.60950451956978,-22.838698294229882,-6.778952030713564,0.2410413183780093,-0.4055793282392919,-0.17979873863605067,-0.0005403266676631101,0.001803927405848249,0.0007110546832982184
safe_graph_adp,1402.0,-30.13152531087893,-23.645709162420086,-7.136391172767483,0.23694163289857662,-0.4014284477872771,-0.17764025091169855,-0.0010201982659608687,0.00261620996383959,0.0010703376481158286
safe_graph_adp,1404.0,-29.662672965873842,-24.442769424857236,-7.488793873356582,0.23191568716841285,-0.39562802385989754,-0.17476229932009535,-0.0014964046707582781,0.0034306558722958583,0.0014296151328476682
safe_graph_adp,1406.0,-29.204785266881284,-25.22657153154364,-7.834721233506561,0.22597822338468426,-0.38816960452941074,-0.17116491323536923,-0.001968943443897676,0.004247248538982254,0.00178888529800745
safe_graph_adp,1408.0,-28.759670482935345,-25.99379112859153,-8.172734420353775,0.21914401260526772,-0.37904483785523685,-0.16684812939401858,-0.0024378121659995207,0.005065971360672661,0.0021481463041463566
safe_graph_adp,1410.0,-28.3291073123195,-26.741087258349374,-8.5013946818697,0.2114278544852185,-0.3682454720357832,-0.16181199189463014,-0.0029030084364747863,0.005886807723234649,0.002507396311862466
safe_graph_adp,1412.0,-27.91484482563602,-27.465102559830555,-8.819263361584774,0.20284457701296865,-0.3557633555589054,-0.1560565521975405,-0.003364529873537254,0.006709741001714554,0.002866633481810167
safe_graph_adp,1414.0,-27.518602409403247,-28.16246346944153,-9.124901913311513,0.19340903624625855,-0.3415904373510043,-0.1495818691244413,-0.003822374114215703,0.00753475456042258,0.0032258559747095784
safe_graph_adp,1416.0,-27.14206971018126,-28.82978042200686,-9.41687191586677,0.18313611604780367,-0.32571876692475615,-0.14238800885792766,-0.0042765388143660085,0.008361831753017981,0.0035850619513559667
safe_graph_adp,1418.0,-26.786906579226493,-29.463648052088327,-9.693735087793044,0.17204072782069885,-0.3081404945254762,-0.13447504494099027,-0.004727021648683149,0.009190955922594288,0.003944249572629157
safe_graph_adp,1420.0,-26.45474301767579,-30.060645395595408,-9.954053302078716,0.16013781024356277,-0.28884787127611333,-0.1258430582764509,-0.005173820310713106,0.010022110401764591,0.004303416999502957
safe_graph_adp,1422.0,-26.14717912226042,-30.61733609168436,-10.196388600877087,0.14744232900542448,-0.2678332493208749,-0.11649213712634132,-0.005616932512864678,0.010855278512746883,0.004662562393054565
safe_graph_adp,1424.0,-25.86578503155061,-31.130268584943202,-10.419303210224138,0.13396927654035448,-0.24508908196748058,-0.10642237711122589,-0.006056355986421183,0.011690443567449428,0.00502168391447399
safe_graph_adp,1426.0,-25.612100872731023,-31.595976327859802,-10.621359554754857,0.11973367176184294,-0.22060792382804378,-0.09563388120946743,-0.006492088481552089,0.012527588867556238,0.005380779725073472
safe_graph_adp,1428.0,-25.387636708907767,-32.01097798357039,-10.801120272418062,0.10475055979692692,-0.19438243095857935,-0.08412675975643678,-0.006924127767324519,0.013366697704612532,0.005739847986296877
safe_graph_adp,1430.0,-25.193872486947377,-32.3717776288857,-10.957148229189567,0.0890350117200693,-0.16640536099713646,-0.07190113044366575,-0.007352471631714687,0.01420775336011031,0.006098886859729133
safe_graph_adp,1432.0,-25.032257985848304,-32.67486495759197,-11.08800653378361,0.07260212428679148,-0.13666957330055554,-0.05895711831794359,-0.007777117881619209,0.015050739105573934,0.006457894507105629
safe_graph_adp,1434.0,-24.90421276564536,-32.91671548402413,-11.192258552362418,0.055467019667062516,-0.10516802907984776,-0.04529485578035705,-0.008198064342866341,0.01589563820264578,0.00681686909032163
safe_graph_adp,1436.0,-24.81112611684765,-33.09379074690833,-11.268467923243787,0.037644845178446545,-0.07189379153419614,-0.03091448258527392,-0.008615308860227109,0.016742433903171944,0.007175808771441686
safe_graph_adp,1438.0,-24.754357010410423,-33.202538513471126,-11.315198571606578,0.019150773019011337,-0.03684002598357691,-0.015816145839270043,-0.009028849297426344,0.017591109449287993,0.007534711712709048
safe_graph_adp,1440.0,-24.735234048241374,-33.23939298381248,-11.331014724194015,-3.8163916471489756e-17,-5.551115123125783e-17,2.42861286636753e-17,-0.009438683537153617,0.018441648073504756,0.007893576076555074
safe_graph_adp,1442.0,-24.748256587245752,-33.23609730929554,-11.299811076407098,-0.013020062523088289,0.003305494822454896,0.0312036344734605,-0.006418760613324087,0.0016380141448525353,0.015587326958935676
safe_graph_adp,1444.0,-24.786705676583768,-33.226263420142864,-11.207616295338575,-0.025426638118484342,0.006537751916833614,0.06099110725891996,-0.006119315050069116,0.0015726285296506156,0.014879325391455905
safe_graph_adp,1446.0,-24.849355660157276,-33.21004327462396,-11.057263010446665,-0.03722104710923621,0.009691289465623072,0.08936211348274739,-0.005820262444677558,0.0015058886721303825,0.014171247642427762
safe_graph_adp,1448.0,-24.934983540963685,-33.18759978507689,-10.851584446434192,-0.048404628264020595,0.012760635231700262,0.11631636277421678,-0.0055216043282867435,0.0014377963540748424,0.013463097337180874
safe_graph_adp,1450.0,-25.042369017960187,-33.1591067986502,-10.593414394240538,-0.05897873877009073,0.015740326655595268,0.14185357926773678,-0.005223342230014231,0.0013683533641915481,0.012754878101416366
safe_graph_adp,1452.0,-25.1702945228737,-33.12474907785047,-10.285587182029243,-0.0689447542060517,0.01862491095261314,0.16597350160496893,-0.004925477676949984,0.0012975614981034353,0.012046593561188274
safe_graph_adp,1454.0,-25.31754525695621,-33.08472228089576,-9.930937646171483,-0.07830406851446339,0.021408945209813793,0.18867588293683454,-0.004628012194148551,0.0012254225583396329,0.011338247342884997
safe_graph_adp,1456.0,-25.482909227685134,-33.03923294187527,-9.53230110222564,-0.08705809397427133,0.024086996482849087,0.2099604909254101,-0.004330947304621256,0.0011519383543262315,0.010629843073210726
safe_graph_adp,1458.0,-25.665177285408383,-32.9884984507154,-9.092513315913195,-0.09520826117306572,0.0266536418926562,0.22982710774571133,-0.0040342845293284005,0.0010771107023770236,0.009921384379166866
safe_graph_adp,1460.0,-25.863143159933756,-32.93274703295263,-8.614410474091166,-0.10275601897916874,0.029103468722006493,0.24827553008736564,-0.003738025387171484,0.001000941425684197,0.00921287488803348
safe_graph_adp,1462.0,-26.075603497062346,-32.87221772931344,-8.10082915572131,-0.10970283451355063,0.031431074511909,0.26530556915617337,-0.0034421713949854098,0.000923432354309008,0.008504318227350698
safe_graph_adp,1464.0,-26.301357895065614,-32.80716037510153,-7.554606302836318,-0.11605019312157458,0.03363106715786767,0.28091705067555733,-0.003146724067530734,0.000844585325172406,0.007795718024900169
safe_graph_adp,1466.0,-26.53920894110577,-32.737835579392716,-6.978579191503216,-0.12179959834457073,0.035698065005991604,0.2951098148879009,-0.0028516849174859108,0.0007644021820456312,0.007087077908686467
safe_graph_adp,1468.0,-26.78796224759914,-32.66451470403773,-6.375585402784204,-0.12695257189123965,0.03762669694895731,0.30788371655577484,-0.0025570554554395363,0.000682884775540773,0.006378401506918523
safe_graph_adp,1470.0,-27.046426488522155,-32.58747984247325,-5.7484627936951584,-0.13151065360888536,0.03941160252182227,0.31923862496305233,-0.002262837189882622,0.0006000349631012958,0.005669692447991051
safe_graph_adp,1472.0,-27.313413435659662,-32.507023798341464,-5.100049468162008,-0.13547540145447837,0.0410474319976889,0.32917442391591273,-0.0019690316272008702,0.000515854608992529,0.00496095436046597
safe_graph_adp,1474.0,-27.587737994795166,-32.423450063918416,-4.4331837479752165,-0.13884839146554867,0.04252884648321805,0.33769101174373367,-0.001675640271666963,0.0004303455842921233,0.004252190873053816
safe_graph_adp,1476.0,-27.868218241842698,-32.337072798351535,-3.750704143742595,-0.1416312177309094,0.0438505180139913,0.34478830129987176,-0.0013826646254328544,0.000343509766880467,0.0035434056145951832
safe_graph_adp,1478.0,-28.153675458919967,-32.24821680570655,-3.055449325840661,-0.14382549236121098,0.045007129649721096,0.3504662199623316,-0.0010901061885220866,0.0002553490414310753,0.002834602214042123
safe_graph_adp,1480.0,-28.442934170362438,-32.15721751282413,-2.350258095364773,-0.14543284545932622,0.045993375569307986,0.35472470963432357,-0.0007979664588221077,0.00016586529940093982,0.002125784300439578
safe_graph_adp,1482.0,-28.734822178678026,-32.06442094698662,-1.6379693550782606,-0.14645492509056668,0.046803961165744055,0.3575637267447096,-0.0005062469320765972,7.50604390208416e-05,0.0014169555029068005
safe_graph_adp,1484.0,-29.028170600442042,-31.970183713395063,-0.9214220803607737,-0.14689339725273043,0.04743360314086179,0.358983242248338,-0.00021494910187781625,-1.7063634714362553e-05,0.0007081194506187577
safe_graph_adp,1486.0,-29.321813902132075,-31.874872972456895,-0.20345529015607533,-0.1467499458459815,0.04787702959992748,0.3589832416262663,7.592554034104361e-05,-0.00011050501005549815,-7.202272124320896e-07
safe_graph_adp,1488.0,-29.61458993590245,-31.778866416884636,0.513091982080501,-0.14602627264256135,0.04812898014607835,0.3575637248858728,0.00036637550531349884,-0.00020526176850885924,-0.0007095599013560872
safe_graph_adp,1490.0,-29.90533997529797,-31.682552248605834,1.2253807174347053,-0.14472409725633265,0.048184205974602656,0.3547247065608563,0.0006563993059473937,-0.0003013319848460299,-0.0014183959425815486
safe_graph_adp,1492.0,-30.192908750906543,-31.586329155484627,1.930571940585913,-0.14284515711215537,0.04803746996706174,0.3504662157111248,0.0009459954573325172,-0.0003987137271137453,-0.00212722472167675
safe_graph_adp,1494.0,-30.47614448595042,-31.490606287855197,2.625826748859332,-0.1403912074150959,0.04768354678525349,0.344788295922572,0.0012351624767482064,-0.0004974050566437781,-0.0028360426094668195
safe_graph_adp,1496.0,-30.753898931815677,-31.395803234867483,3.3083063412776523,-0.13736402111946905,0.04711722296501607,0.33769100530674295,0.0015238988836709373,-0.0005974040280628669,-0.0035448459768326387
safe_graph_adp,1498.0,-31.025027403519598,-31.302350000645426,3.975172047611916,-0.13376538889771347,0.046333297009871384,0.3291744165003876,0.0018122031997819014,-0.0006987086893026777,-0.0042536311947294295
safe_graph_adp,1500.0,-31.28838881511568,-31.210686980258096,4.623585357431378,-0.12959711910910057,0.04532657948450726,0.3192386166649031,0.002100073948974581,-0.0008013170816097959,-0.004962394634205355
safe_graph_adp,1502.0,-31.54284571503585,-31.12126493550402,5.250707949152148,-0.12486103776827735,0.04409189310809757,0.3078837074856647,0.002387509657362302,-0.0009052272395557572,-0.005671132666420064
safe_graph_adp,1504.0,-31.787264321369616,-31.03454497050902,5.853701719084376,-0.11955898851364347,0.04262407284745956,0.29510980517124463,0.002674508853285784,-0.0010104371910471086,-0.006379841662663303
safe_graph_adp,1506.0,-32.02051455707982,-30.95099850713793,6.429728810477767,-0.11369283257556254,0.04091796601004742,0.2809170404525201,0.0029610700673206687,-0.0011169449573355068,-0.007088517994373473
safe_graph_adp,1508.0,-32.24147008515463,-30.871107260220437,6.975951642565197,-0.10726444874440832,0.03896843233678144,0.2653055585816693,0.0032471918322850507,-0.0012247485530278478,-0.007797158033156223
safe_graph_adp,1510.0,-32.449008343695475,-30.79536321259149,7.489532939604217,-0.10027573333844574,0.036770344094711804,0.2482755193310562,0.003532872683246988,-0.0013338459860964358,-0.008505758150803011
safe_graph_adp,1512.0,-32.64201058094056,-30.724268589946497,7.967635759916207,-0.09272860017154719,0.03431858616951627,0.2298270969920036,0.0038181111575319943,-0.001444235257889177,-0.009214314719309707
safe_graph_adp,1514.0,-32.81936189022365,-30.658335835511732,8.407423524922965,-0.08462498052074448,0.03160805615783091,0.20996048037345494,0.00410290579473054,-0.001555914363139816,-0.009922824110895127
safe_graph_adp,1516.0,-32.97995124486781,-30.598087584530216,8.80606004818052,-0.07596682309361641,0.028633664459413153,0.18867587280052445,0.004387255136705521,-0.001668881289978202,-0.010631282698019651
safe_graph_adp,1518.0,-33.12267153301377,-30.544056638563465,9.160709564409911,-0.06675609399551265,0.025390334369136167,0.1659734921129359,0.0046711577275997266,-0.0017831340199405893,-0.011339686853403762
safe_graph_adp,1520.0,-33.246419592382516,-30.496785939609403,9.468536758524762,-0.056994776696613805,0.021873002168813962,0.14185357066335003,0.004954612113843296,-0.0018986705279799721,-0.012048032950046646
safe_graph_adp,1522.0,-33.35009624497188,-30.456828544036807,9.726706794655367,-0.04668487199882833,0.018076617218856294,0.11631635531558013,0.005237616844161153,-0.002015488782476452,-0.012756317361244732
safe_graph_adp,1524.0,-33.43260633168677,-30.424747596336594,9.932385345169127,-0.035828398002526254,0.013996142049752571,0.08936210744269671,0.00552017046958045,-0.002133586745247641,-0.013464536460610282
safe_graph_adp,1526.0,-33.492858746902684,-30.40111630269034,10.082738619687062,-0.02442739007311029,0.009626552453383999,0.06099110292502036,0.00580227154343797,-0.002252962371559095,-0.014172686622089956
safe_graph_adp,1528.0,-33.5297664729622,-30.38651790435632,10.174933394096204,-0.012483900807424338,0.004962837574163119,0.03120363214800337,0.006083918621387546,-0.0023736136101347853,-0.014880764219983371
safe_graph_adp,1530.0,-33.54224661460414,-30.381545650873463,10.206137039557646,6.938893903907228e-17,-2.2551405187698492e-17,-6.245004513516506e-17,0.006365110261407454,-0.002495538403167598,-0.015588765628961661
safe_graph_adp,1532.0,-33.4867693370078,-30.3460152206308,10.2739854637128,0.0555041156491296,0.0354885665900988,0.06784839520668308,0.02784059015891178,0.01780704843695504,0.03393729031030244
safe_graph_adp,1534.0,-33.32260592796133,-30.241448977106604,10.474451475185084,0.10868480765995295,0.06903756571012401,0.13261753073408494,0.02660035032873745,0.016960228566750894,0.03239783284753043
safe_graph_adp,1536.0,-33.054417978496616,-30.071704277647324,10.801375888621758,0.15952734274438943,0.10066878606628327,0.19430674321591046,0.025356699529106005,0.01611902908100432,0.030858209509155493
safe_graph_adp,1538.0,-32.686896470611906,-29.840594804782356,11.248598223471609,0.20801706325999508,0.130404113712357,0.25291540082055264,0.024109644127459563,0.01528346540154247,0.029318428177987292
safe_graph_adp,1540.0,-32.22476162573101,-29.551890371929318,11.809956767059226,0.25413938745932335,0.15826553164909193,0.30844290325594526,0.02285919050867172,0.014453552921337407,0.027778496737644397
safe_graph_adp,1542.0,-31.672762752664603,-29.209316729901833,12.479288637668722,0.29787980973857,0.18427511942231006,0.3608886817741737,0.021605345075014756,0.013629307004427268,0.026238423072513915
safe_graph_adp,1544.0,-31.035678095074847,-28.816555374222354,13.250429847636426,0.3392239008855008,0.2084550527197368,0.4102521991758432,0.020348114246126942,0.012810742985837622,0.024698215067711166
safe_graph_adp,1546.0,-30.31831467844498,-28.377243353242633,14.117215366452077,0.3781573083266593,0.2308276029665517,0.4565329498142049,0.019087504458979627,0.011997876171502945,0.02315788060903927
safe_graph_adp,1548.0,-29.525508156555148,-27.894973077074336,15.073479183868033,0.41466575637385233,0.2514151369196652,0.49973045959903944,0.017823522167844278,0.011190721838188256,0.021617427582948788
safe_graph_adp,1550.0,-28.662122657466004,-27.373292127332395,16.113054373015988,0.4487350464699121,0.27024011626072547,0.5398442860002989,0.016556173844259472,0.010389295233410891,0.020076863876497354
safe_graph_adp,1552.0,-27.73305062901152,-26.815703067693608,17.229773153530747,0.4803510574337311,0.2873250971878581,0.5768740180515052,0.015285465976997719,0.009593611575362463,0.01853619737730925
safe_graph_adp,1554.0,-26.743212683802437,-26.225663255273027,18.417466954680553,0.5094997457045694,0.3026927300061431,0.6108192763529074,0.014011405072032253,0.008803686052830915,0.016995435973535082
safe_graph_adp,1556.0,-25.697557443741857,-25.606584652820636,19.669966478503472,0.536167145585631,0.3163657587168323,0.641679713074396,0.012733997652503746,0.008019533825122774,0.015454587553811357
safe_graph_adp,1558.0,-24.601061384054393,-24.961833641740874,20.981101762949386,0.5603393694869082,0.3283670206053108,0.6694550119581741,0.011453250258686872,0.007241170021985531,0.013913660007220073
safe_graph_adp,1560.0,-23.458728676830372,-24.294730835937475,22.344702245027065,0.5820026081672899,0.3387194458278062,0.694144888321188,0.01016916944795685,0.006468609743530172,0.012372661223248399
safe_graph_adp,1562.0,-22.275591034086553,-23.60855089648614,23.754596823955875,0.6011431309759342,0.34744605699684933,0.7157490890573135,0.00888176179475585,0.0057018680601538625,0.01083159909174821
safe_graph_adp,1564.0,-21.05670755034485,-22.906522347137525,25.204613924321606,0.6177472860929019,0.35456996876548974,0.7342673926393005,0.007591033890559349,0.004940960012462813,0.009290481502895721
safe_graph_adp,1566.0,-19.807164544730522,-22.191827390653057,26.688581559235946,0.6318015007690482,0.36011438741027035,0.7496996091204754,0.006296992343842388,0.0041859006111952335,0.007749316347151085
safe_graph_adp,1568.0,-18.53207540259132,-21.467601725976035,28.200327393499123,0.6432922815651719,0.3641026104129638,0.7620455801362004,0.004999643780045691,0.0034367048371445196,0.006208111515218009
safe_graph_adp,1570.0,-17.236580416639086,-20.736934366240472,29.733678806765223,0.6522062145904192,0.36655802604107557,0.7713051789050909,0.003698994841541815,0.002693387641082513,0.004666874898003319
safe_graph_adp,1572.0,-15.925846627615279,-20.002867457620194,31.282462956709693,0.6585299657399394,0.367504112927116,0.7774783102299897,0.0023950521876010687,0.0019559639436829805,0.003125614386576596
safe_graph_adp,1574.0,-14.605067664481961,-19.268396099020595,32.84050684219856,0.6622502809317925,0.36696443964664643,0.7805649104986996,0.0010878224943574762,0.001224448635445209,0.0015843378721297555
safe_graph_adp,1576.0,-13.2794635841397,-18.536468162615538,34.401637366458864,0.663353986343104,0.3649626642951021,0.7805649476844724,-0.0002226875452254367,0.0004988565766177798,4.305324593664034e-05
safe_graph_adp,1578.0,-11.954280710673922,-17.809984115231824,35.959681400249835,0.661827988645467,0.3615225340633958,0.7774784213462562,-0.0015364712213889117,-0.00022079740287753603,-0.0014982316006873705
safe_graph_adp,1580.0,-10.63479147413122,-17.091796840583676,37.5084658450343,0.6576592752395878,0.35666788481230627,0.7713053626287002,-0.002853521807613287,-0.0009344985035216918,-0.0030395087764257533
safe_graph_adp,1582.0,-9.326294248827116,-16.384711462359647,39.041817696149906,0.6508349144891745,0.35042264064565476,0.7620458342619162,-0.004173832560652462,-0.0016422319562741394,-0.004580770390001283
safe_graph_adp,1584.0,-8.034113191186824,-15.691485168164402,40.55356410597956,0.6413420559540656,0.34281081348227377,0.7496999305609983,-0.005497396720568411,-0.002343983022648452,-0.006122008550216405
safe_graph_adp,1586.0,-6.763598077120498,-15.01482703431774,42.03753244712071,0.6291679306225966,0.33385650262677136,0.7342677774252998,-0.006824207510765802,-0.003039736994787774,-0.007663215365993639
safe_graph_adp,1588.0,-5.5201241389345235,-14.35739785151332,43.487550375552935,0.6142998511432027,0.3235838943390951,0.7157495323374679,-0.008154258138026673,-0.0037294791955401374,-0.009204382946415995
safe_graph_adp,1590.0,-4.309091901780364,-13.721809951339425,44.89744589380333,0.5967252120552564,0.3120172614028996,0.6941453843622349,-0.009487541792545233,-0.004413194978533602,-0.01074550340076735
safe_graph_adp,1592.0,-3.1359270196425015,-13.110627033664217,46.26104741410928,0.5764314900191355,0.29918096269272054,0.6694555541449688,-0.010824051647962726,-0.00509086972825124,-0.01228656883857289
safe_graph_adp,1594.0,-2.00608011086701,-12.526363994887802,47.57218382157803,0.553406244045523,0.2850994427399604,0.6416802939099792,-0.012163780861402376,-0.005762488860105979,-0.013827571369639462
safe_graph_adp,1596.0,-0.9250265932322999,-11.97148675706353,48.82468453734269,0.5276371157239337,0.2697972312976883,0.6108198874585818,-0.013506722573504408,-0.006428037820515258,-0.015368503104096001
safe_graph_adp,1598.0,0.10173348143641592,-11.448412097890875,50.01237958171409,0.49911182945046756,0.2532989429042585,0.5768746501669215,-0.014852869908461208,-0.007087502086975552,-0.016909356152433927
safe_graph_adp,1600.0,1.0686755931073861,-10.959507481582245,51.12909963732804,0.46781819265478647,0.2356292764457515,0.5398449289835505,-0.016202215974052483,-0.007740867168136735,-0.018450122625547512
safe_graph_adp,1602.0,1.9702509198357632,-10.507090890606097,52.16867611228749,0.4337440960263135,0.2168130147172411,0.49973110242676644,-0.01755475386168058,-0.00838811860387625,-0.019990794634774302
safe_graph_adp,1604.0,2.800886504508662,-10.093430658308682,53.12494120329919,0.3968775137396518,0.19687502398289153,0.45653358058170657,-0.01891047664640583,-0.009029241965373167,-0.02153136429193549
safe_graph_adp,1606.0,3.5549854220402772,-9.720745302416763,53.99172795880419,0.35720650367922196,0.17584025353488855,0.4102528050972003,-0.02026937738698204,-0.009664222855182049,-0.023071823709376313
safe_graph_adp,1608.0,4.226926947015489,-9.391203359423633,54.76287034210192,0.3147192076631147,0.15373373525120823,0.36088924918237913,-0.021631449125891978,-0.010293046907306664,-0.024612165000006417
safe_graph_adp,1610.0,4.811066721780389,-9.10692321986076,55.43220329446714,0.2694038516661582,0.13058058315222743,0.3084434176030441,-0.022996684889383067,-0.01091569978727355,-0.02615238027734027
safe_graph_adp,1612.0,5.301736924978155,-8.86997296445736,55.99356279825947,0.22124874604219733,0.10640599295617967,0.2529158466777911,-0.024365077687503026,-0.011532167192205386,-0.027692461655537508
safe_graph_adp,1614.0,5.693246440528696,-8.682370201190208,56.440785940024846,0.17024228574558276,0.0812352416334606,0.1943071042738939,-0.025736620514135687,-0.012142434850894248,-0.029232401249443332
safe_graph_adp,1616.0,5.979881027050477,-8.54608190322599,56.767710973588585,0.11637295055186854,0.05509368695978664,0.13261778980294467,-0.027111306347036866,-0.012746488523874654,-0.030772191174628878
safe_graph_adp,1618.0,6.155903487722951,-8.463024247758481,56.96817738313942,0.05962930527771562,0.028006767068210883,0.06784853421625262,-0.02848912814787032,-0.013344314003496486,-0.03231182354743157
safe_graph_adp,1620.0,6.2155538405880035,-8.435062455742834,57.03602594630414,-2.5673907444456745e-16,1.3530843112619095e-16,5.551115123125783e-17,-0.029870078862243764,-0.013935897113997722,-0.0338512904849955
safe_graph_adp,1622.0,6.258702436594133,-8.459097880888619,56.978448939288576,0.04313049812168683,-0.024067956070096586,-0.05757698244954239,0.021568519148275178,-0.01198516115237682,-0.028715510219140435
safe_graph_adp,1624.0,6.38600163109966,-8.530432417812369,56.80833102933481,0.0841513385632141,-0.04729752058107223,-0.11254085492113236,0.020566874338505924,-0.011470760191792724,-0.027409101511289176
safe_graph_adp,1626.0,6.593241874503605,-8.64737069712218,56.530899000708395,0.12307229570877197,-0.06967011463154259,-0.16489105533519227,0.019567883589065853,-0.010951832324561726,-0.02610255246993908
safe_graph_adp,1628.0,6.876233227899078,-8.80818025999535,56.15138073507367,0.15990320584175016,-0.09116722773877393,-0.21462704837298624,0.018571552014747462,-0.010428389573123784,-0.02479586978456873
safe_graph_adp,1630.0,7.230805486685245,-9.011091695341742,55.67500515796795,0.19465396695822812,-0.11177041816461608,-0.26174832548072946,0.017577884716728404,-0.009900443983034869,-0.023489060145341013
safe_graph_adp,1632.0,7.652808303805713,-9.254298777618066,55.10700218526768,0.22733453857988778,-0.13146131324046673,-0.30625440487349204,0.016586886782545322,-0.00936800762290532,-0.02218213024306879
safe_graph_adp,1634.0,8.138111312612159,-9.535958605291105,54.45260266964701,0.25795494156635107,-0.1502216096912642,-0.3481448315388971,0.015598563286067851,-0.008831092584338032,-0.020875086769180658
safe_graph_adp,1636.0,8.682604249352057,-9.854191739947952,53.71703834702917,0.28652525792694344,-0.1680330739585058,-0.3874191772406133,0.014612919287472588,-0.008289710981866549,-0.019567936415686715
safe_graph_adp,1638.0,9.282197075279365,-10.207082346051317,52.90554178303108,0.31305563063188535,-0.184877542522289,-0.4240770405216422,0.013629959833217213,-0.007743874952893045,-0.01826068587514427
safe_graph_adp,1640.0,9.932820098387026,-10.59267833133793,52.02334631940158,0.33755626342291317,-0.20073692222237258,-0.4581180467073992,0.012649689956014669,-0.00719359665762619,-0.016953341840623578
safe_graph_adp,1642.0,10.63042409476013,-11.008991487858085,51.075686020453695,0.3600374206233312,-0.21559319057825493,-0.48954184790858946,0.011672114674807338,-0.006638888279018857,-0.0156459110056736
safe_graph_adp,1644.0,11.370980429548629,-11.453997633654355,50.067795619491356,0.38050942694749673,-0.22942839610826674,-0.5183481230238778,0.010697238994741398,-0.006079762022705789,-0.014338400064287684
safe_graph_adp,1646.0,12.150481177558442,-11.925636755077505,49.004910465231006,0.39898266730973947,-0.2422246586476752,-0.544536577742353,0.009725067907141186,-0.005516230116941078,-0.013030815710869347
safe_graph_adp,1648.0,12.964939243459844,-12.421813149737625,47.89226646821848,0.4154675866327174,-0.25396416966579705,-0.5681069445457866,0.008755606389483608,-0.0049483048125355585,-0.011723164640197944
safe_graph_adp,1650.0,13.810388481612,-12.940395570088489,46.73510004724153,0.4299746896552102,-0.26462919258211764,-0.5890589827106854,0.007788859405372706,-0.004375998382794092,-0.010415453547394444
safe_graph_adp,1652.0,14.682883815502528,-13.479217367643162,45.53864807573853,0.4425145407393527,-0.27420206308141304,-0.6073924783101389,0.006824831904514207,-0.0037993231234527353,-0.009107689127887116
safe_graph_adp,1654.0,15.578501356800967,-14.036076637818852,44.3081478282036,0.4530977636773094,-0.28266518942787283,-0.6231072442154606,0.005863528822690195,-0.0032182913526157637,-0.007799878077377264
safe_graph_adp,1656.0,16.493338524025035,-14.608736365408998,43.04883692658874,0.461735041497392,-0.29000105277822064,-0.6362031200976235,0.004904955081733843,-0.0026329154106926253,-0.006492027091804936
safe_graph_adp,1658.0,17.423514160818577,-15.194924570680607,41.76595328670323,0.46843711626962153,-0.29619220749382935,-0.6466799724284897,0.003949115589504193,-0.0020432076603347487,-0.005184142867314653
safe_graph_adp,1660.0,18.365168653840072,-15.792334456094803,40.464735064610814,0.4732147889107375,-0.30122128145182886,-0.6545376944818351,0.002996015239861064,-0.0014491804863722417,-0.003876232100221113
safe_graph_adp,1662.0,19.31446405026061,-16.398624553648585,39.15042060302504,0.4760789189886543,-0.30507097635520314,-0.6597762063341667,0.002045658912639964,-0.0008508462957504941,-0.0025683014869749
safe_graph_adp,1664.0,20.267584174870233,-17.011418872835772,37.82824837770315,0.47704042452636813,-0.30772406804187424,-0.6623954548653358,0.001098051473627111,-0.0002482175174666455,-0.0012603577241282332
safe_graph_adp,1666.0,21.220734746791535,-17.62830704922509,36.503456943838955,0.47611028180531534,-0.3091634067927702,-0.6623954137589444,0.0001531977745345333,0.00035869339749404743,4.759249169936086e-05
safe_graph_adp,1668.0,22.170143495799447,-18.24684449365338,35.181284882455145,0.4732995251681839,-0.3093719176388745,-0.6597760835025457,-0.0007888973470247713,0.0009698739762219626,0.001355542463855313
safe_graph_adp,1670.0,23.112060278246076,-18.864552542031902,33.86697074679533,0.4686192468211803,-0.308332600667254,-0.6545374913876395,-0.0017282290675616331,0.0015853117239469677,0.0026634854956882927
safe_graph_adp,1672.0,24.042757192589562,-19.478918605763628,32.56575300871636,0.4620805966357528,-0.306028531326063,-0.6466796915094614,-0.0026647925777353552,0.0022049941241023985,0.00397141489058251
safe_graph_adp,1674.0,24.958528694525814,-20.08739632276957,31.28287000508121,0.4536947819497734,-0.30244286072852067,-0.6362027647665658,-0.0035985830823783965,0.002828908638389139,0.005279323951991998
safe_graph_adp,1676.0,25.855691711722088,-20.687405709122,30.02355988415301,0.4434730673681803,-0.29755881595585887,-0.6231068188602039,-0.0045295958005208735,0.0034570427068398206,0.0065872059834749044
safe_graph_adp,1678.0,26.7305857581513,-21.276333311282528,28.793060551990386,0.43142677456308187,-0.29135970035923825,-0.6073919882934954,-0.00545782596541506,0.004089383747883127,0.007895054288727742
safe_graph_adp,1680.0,27.57957304802602,-21.851532358943015,27.596609618844777,0.4175672820733247,-0.28382889386062954,-0.5890584343703943,-0.0063832688245597955,0.004725919158408206,0.009202862171619725
safe_graph_adp,1682.0,28.39903860933106,-22.410322918467173,26.439444345559963,0.4019060251035274,-0.2749498532526574,-0.5681063451944492,-0.007305919639724813,0.005366636313829212,0.01051062293622702
safe_graph_adp,1684.0,29.1853903969536,-22.949992046930834,25.326801589974313,0.38445449532258097,-0.26470611249740467,-0.5445359356673579,-0.008225773686974996,0.006011522568149923,0.011818329886867044
safe_graph_adp,1686.0,29.935059405409785,-23.467793946758782,24.2639177533261,0.36522424066161896,-0.2530812830241736,-0.5183474474873159,-0.009142826256694572,0.006660565254028506,0.013125976328132727
safe_graph_adp,1688.0,30.644499781166726,-23.960950120956053,23.256028726662358,0.34422686511145806,-0.24005905402620223,-0.48954114914715924,-0.01005707265361121,0.007313751682842362,0.014433555564926813
safe_graph_adp,1690.0,31.310188934558862,-24.42664952893164,22.30836983725162,0.32147402851951135,-0.22562319275633289,-0.458117335932302,-0.010968508196820088,0.007971069144753092,0.015741060902496128
safe_graph_adp,1692.0,31.928627651297624,-24.862048742912464,21.426175795001026,0.2969774463861757,-0.20975754482163017,-0.42407632991846717,-0.011877128219807825,0.008632504908771581,0.017048485646465862
safe_graph_adp,1694.0,32.49634020357334,-25.26427210494554,20.61468063887814,0.27074888966069577,-0.19244603447694614,-0.3874184799692129,-0.012782928070476401,0.009298046222823165,0.018355823102873835
safe_graph_adp,1696.0,33.00987446074835,-25.630411884486218,19.87911768333796,0.24280018453650548,-0.1736726649174297,-0.34814416173325224,-0.013685903111166962,0.009967680313812932,0.019663066578204783
safe_graph_adp,1698.0,33.46580199964029,-25.95752843657038,19.224719464755438,0.21314321224604946,-0.15342151856997804,-0.3062537776415675,-0.014586048718683567,0.010641394387691116,0.020970209379424613
safe_graph_adp,1700.0,33.860718214394495,-26.24265036056849,18.656717687864045,0.18178990885508584,-0.13167675738362722,-0.261747756904319,-0.015483360284316856,0.011319175629518601,0.02227724481401469
safe_graph_adp,1702.0,34.19124242594447,-26.482774659519336,18.180343172200665,0.14875226505647238,-0.10842262311887958,-0.21462655550754806,-0.01637783321386766,0.01200101120353254,0.02358416619000608
safe_graph_adp,1704.0,34.45401799105949,-26.6748669000414,17.80082579855732,0.11404232596343772,-0.0836434376359653,-0.16489065620967436,-0.017269462927670502,0.012686888253212061,0.024890966816013833
safe_graph_adp,1706.0,34.6457124109781,-26.815861372819654,17.523394455440098,0.07767219090233954,-0.057323603182035554,-0.11254056853778793,-0.01815824486061706,0.013376793901344103,0.02619764000127123
safe_graph_adp,1708.0,34.76301743962678,-26.902661253665684,17.35327698553571,0.03965401320491134,-0.029447602677284867,-0.057576828783735254,-0.019044174462179538,0.014070715250089343,0.027504179055664046
safe_graph_adp,1710.0,34.80264919142244,-26.93213876514898,17.295700132186067,-2.220446049250313e-16,-1.734723475976807e-17,-3.469446951953614e-17,-0.019927247196433958,0.01476863938104823,0.028810577289764803
safe_graph_adp,1712.0,34.80818842184142,-26.93309109309323,17.27390007271117,0.005538516070615208,-0.0009565053373963921,-0.021800050173601693,0.002636687195234526,-0.00047198576811549587,-0.010877896056149678
safe_graph_adp,1714.0,34.824546385049054,-26.93594589056288,17.20948928108606,0.010818754734054071,-0.001902274721186391,-0.04261071396977886,0.0025096586746307693,-0.000454377837800887,-0.01038325825304027
safe_graph_adp,1716.0,34.851206899142966,-26.940679368200442,17.10444674378335,0.015841089989297154,-0.0028349909831795967,-0.06243177851512905,0.002382749686707045,-0.0004361953143826227,-0.009888567288065656
safe_graph_adp,1718.0,34.88765453803803,-26.947263105101186,16.96075186289033,0.02060590365346377,-0.003752339750221728,-0.08126304106854962,0.002255960881232273,-0.00041743874027233997,-0.009393825694023694
safe_graph_adp,1720.0,34.93337464709452,-26.955664054444455,16.780384435842816,0.02511358535370383,-0.004652009485435263,-0.09910430902279423,0.0021292929073600483,-0.0003981086608207943,-0.008899036003971489
safe_graph_adp,1722.0,34.98785335873004,-26.965844549207432,16.565324635155935,0.029364532519016412,-0.005531691529417631,-0.11595539990595147,0.0020027464136253047,-0.00037820562431506406,-0.008404200751212365
safe_graph_adp,1724.0,35.05057760801496,-26.977762307961246,16.31755298815206,0.03335915037199522,-0.006389080141396604,-0.1318161413828457,0.0018763220479410122,-0.0003577301819757451,-0.007909322469282953
safe_graph_adp,1726.0,35.12103514825128,-26.99137044074935,16.03905035668599,0.03709785192050098,-0.007221872540342516,-0.14668637125636,0.0017500204575948417,-0.0003366828879541284,-0.007414403691940172
safe_graph_adp,1728.0,35.19871456653479,-27.006617455048087,15.731797916867599,0.04058105794926078,-0.008027768946036969,-0.16056593746868122,0.0016238422892458646,-0.00031506429932936245,-0.006919446953148289
safe_graph_adp,1730.0,35.28310529930033,-27.023447261809334,15.397777138782033,0.04380919701139453,-0.008804472620097634,-0.17345469810246736,0.0014977881889212345,-0.00029287497610560096,-0.0064244547870659224
safe_graph_adp,1732.0,35.37369764785005,-27.041799181585176,15.03896976620768,0.04678270541986859,-0.009549689906958826,-0.18535252138193684,0.0013718588020128826,-0.0002701154812091359,-0.005929429728033089
safe_graph_adp,1734.0,35.46998279386449,-27.06160795073447,14.657357796332029,0.04950202723887655,-0.01026113027480746,-0.19625928567388004,0.001246054773274211,-0.00024678638048551585,-0.005434374310558198
safe_graph_adp,1736.0,35.57145281489634,-27.08280372771124,14.254923459465582,0.05196761427514737,-0.010936506356474047,-0.20617487948859295,0.001120376746816795,-0.00022288824269664774,-0.004939291069305112
safe_graph_adp,1738.0,35.677600699846785,-27.105312099434844,13.833649198753978,0.054179926069180914,-0.011573533990278363,-0.21509920148073286,0.000994825366107081,-0.00019842163951788543,-0.004444182539080134
safe_graph_adp,1740.0,35.7879203644242,-27.129054087741732,13.395517649888484,0.056139429886410866,-0.01216993226082945,-0.22303216045009627,0.0008694012739630966,-0.00017338714553510312,-0.003949051254819057
safe_graph_adp,1742.0,35.90190666658513,-27.1539461559188,12.94251162081501,0.05784660070829527,-0.012723423539779554,-0.22997367534231875,0.000744105112551155,-0.00014778533824175296,-0.0034538997515741673
safe_graph_adp,1744.0,36.01905542195734,-27.179900215318177,12.476614071441796,0.059301921223334636,-0.01323173352653169,-0.23592367524949703,0.0006189375233825712,-0.00012161679803590833,-0.0029587305645012787
safe_graph_adp,1746.0,36.13886341924491,-27.206823632053418,11.999808093345942,0.06050588181801776,-0.013692591288900437,-0.24088209941073313,0.0004938991473103737,-9.488210821729257e-05,-0.0024635462288467337
safe_graph_adp,1748.0,36.26082843561506,-27.23461923377692,11.51407688947892,0.061458980567695304,-0.01410372930372563,-0.24484889721260053,0.0003689906245260256,-6.758185498429199e-05,-0.0019683492799344466
safe_graph_adp,1750.0,36.38444925206667,-27.26318531653857,11.02140375387123,0.06216172322738123,-0.014462883497438581,-0.2478240281895325,0.000244212594556147,-3.971662743095517e-05,-0.0014731422531529034
safe_graph_adp,1752.0,36.50922566878039,-27.292415651725435,10.523772051336369,0.0626146232224822,-0.014767793286580478,-0.24980746202413248,0.00011956569625923978,-1.1287017543976297e-05,-0.0009779276839421945
safe_graph_adp,1754.0,36.63465852045006,-27.322199493082465,10.023165197174247,0.06281820163945495,-0.015016201618272608,-0.2507991785474065,-4.94943217758404e-06,1.7706379800335424e-05,-0.00048270810778102205
safe_graph_adp,1756.0,36.760249691595426,-27.35242158381409,9.521566636874216,0.06277298721639184,-0.015205855010638043,-0.2507991677389178,-0.00012933215324186686,4.726296683910144e-05,1.2513939826276285e-05
safe_graph_adp,1758.0,36.88550213185592,-27.382962163766585,9.02095982581787,0.06247951633353446,-0.015334503593174438,-0.24980742972686332,-0.0002535818300990737,7.7382142925935e-05,0.0005077359233627045
safe_graph_adp,1760.0,37.00991987126544,-27.413696976691178,8.523328208981777,0.061938333003715665,-0.015399901147077583,-0.24782397478807247,-0.00037769782659584876,0.00010806330453401583,0.0010029553073115996
safe_graph_adp,1762.0,37.133008035507864,-27.444497277587697,8.030655200640277,0.061149988862729814,-0.01539980514551537,-0.2448488233479279,-0.0005016795072632746,0.00013930584525918051,0.001498169556169604
safe_graph_adp,1764.0,37.25427286115333,-27.47522984012877,7.544924164068526,0.06011504315963154,-0.015331976793851787,-0.2408820059802083,-0.0006255262373201271,0.00017110915582302692,0.0019933761344596533
safe_graph_adp,1766.0,37.37322171087498,-27.505756964164377,7.068118391245932,0.05883406274696298,-0.01519418106982064,-0.2359235634068534,-0.0007492373826761227,0.0002034726240760338,0.002488572506743959
safe_graph_adp,1768.0,37.48936308864609,-27.53593648330674,6.6022210825601375,0.05730762207090966,-0.014984186763648587,-0.22997354649765073,-0.0008728123099351653,0.00023639563500069512,0.0029837561376369823
safe_graph_adp,1770.0,37.60220665491745,-27.565621772595378,6.149215326511705,0.055536303161385046,-0.014699766518127188,-0.22303201626984503,-0.0009962503863985904,0.00026987757071466885,0.003478924491818425
safe_graph_adp,1772.0,37.71126324177489,-27.59466175624226,5.711084079419661,0.053520695622043854,-0.014338696868633576,-0.2150990438876692,-0.001119550980068405,0.0003039178104739408,0.003974075034046199
safe_graph_adp,1774.0,37.81604486807664,-27.622900915456967,5.289810145128062,0.05126139662022426,-0.013898758283099433,-0.2061747106617976,-0.0012427134596505222,0.00033851573067600186,0.004469205229169418
safe_graph_adp,1776.0,37.91606475457064,-27.65017929635171,4.887376154713724,0.04875901087681906,-0.013377735201927891,-0.19625910804872138,-0.0013657371945579924,0.00037367070486304195,0.004964312542141366
safe_graph_adp,1778.0,38.010837338991436,-27.67633251792616,4.5057645461952855,0.04601415065607582,-0.012773416077858025,-0.1853523376500459,-0.0014886215549142342,0.0004093821037251567,0.005459394438032491
safe_graph_adp,1780.0,38.09987829113663,-27.701191780131925,4.146957544243747,0.043027435755326235,-0.012083593415776578,-0.17345451121171038,-0.0016113659115562595,0.00044564929510357005,0.00595444838204337
safe_graph_adp,1782.0,38.18270452792272,-27.724583872016627,3.812937139894658,0.039799493494644636,-0.011306063812476588,-0.16056575062312933,-0.0017339696360378911,0.0004824716439938702,0.0064494718395176915
safe_graph_adp,1784.0,38.25883422842019,-27.74633117994741,3.505685070262089,0.036330958706435844,-0.010438627996362526,-0.14668618791625654,-0.0018564321006329845,0.0005198485125492614,0.006944462275955237
safe_graph_adp,1786.0,38.32778684886768,-27.766251695913844,3.2271827982545633,0.0326224737249524,-0.00947909086710165,-0.13181596526457073,-0.0019787526783386395,0.0005577792600838297,0.007439417157024855
safe_graph_adp,1788.0,38.38908313766517,-27.78415902591003,2.9794114922930865,0.028674688375741324,-0.008425261535221181,-0.11595523498198373,-0.002100930742878411,0.0005962632430758225,0.00793433394857743
safe_graph_adp,1790.0,38.44224515034592,-27.799862398395888,2.7643520060314444,0.024488259965020374,-0.007274953361650984,-0.09910415952167045,-0.0022229656687055162,0.0006352998151709442,0.008429210116658871
safe_graph_adp,1792.0,38.48679626452715,-27.813166672837458,2.583984858078913,0.020063853268984064,-0.0060259839972113816,-0.08126291147482127,-0.0023448568310060363,0.000674888327185665,0.008924043127523075
safe_graph_adp,1794.0,38.522261194839245,-27.823872348326113,2.4402902117255474,0.015402140523039402,-0.004676175422045775,-0.06243167356931638,-0.002466603605702116,0.0007150281271105454,0.009418830447644896
safe_graph_adp,1796.0,38.54816600783334,-27.831775572276598,2.335247854670195,0.01050380141097148,-0.003223353984997717,-0.04261063866832236,-0.002588205369455159,0.0007557185601135733,0.009913569543733132
safe_graph_adp,1798.0,38.56403813686718,-27.836668149203756,2.2708371787513966,0.005369523054039031,-0.0016653504429320818,-0.021800009768810944,-0.0027096614996690188,0.0007969589685435177,0.010408257882743483
safe_graph_adp,1800.0,38.56940639696913,-27.838337549577844,2.249037159681325,2.688821387764051e-17,-1.951563910473908e-18,8.326672684688674e-17,-0.002830971374493187,0.0008387486919332954,0.010902892931891521
safe_graph_adp,1802.0,38.57868392721752,-27.790744293703504,2.2278902943880783,0.00931343375839386,0.047586231271704,-0.021146856270643603,0.00445475418248522,0.023803611924202894,-0.01057055841171169
safe_graph_adp,1804.0,38.606445443625184,-27.65019491151337,2.165409437625331,0.018482338242239764,0.09295623532612553,-0.041333973833806645,0.004277250876708713,0.022716410481128074,-0.01009074278405914
safe_graph_adp,1806.0,38.652382297712784,-27.421119545296005,2.063514274312638,0.027487124881309298,0.13611233908385578,-0.060561146003950656,0.004094895003157728,0.021630023303751644,-0.009610875492208834
safe_graph_adp,1808.0,38.71614667398752,-27.107943550950523,1.924124892912127,0.03630821528219025,0.17705700200605234,-0.07882817592421737,0.00390768749548701,0.020544472350103826,-0.009130958993062028
safe_graph_adp,1810.0,38.7973516106454,-26.715087232960624,1.7491617657696144,0.044926041576928775,0.21579281603903244,-0.09613487656794045,0.0037156293121914773,0.019459779573933387,-0.008650995743771922
safe_graph_adp,1812.0,38.89557102097074,-26.24696557948122,1.5405457294527756,0.053321046771568556,0.25232250555706415,-0.11248107074008186,0.003518721436601313,0.018375966924595293,-0.008170988201731072
safe_graph_adp,1814.0,39.010339715432565,-25.70798799754128,1.3001979650865205,0.061473685094583896,0.2866489273033555,-0.12786659107859255,0.0033169648768769365,0.017293056346938267,-0.007690938824558815
safe_graph_adp,1816.0,39.14115342447784,-25.10255804836651,1.0300399786857217,0.06936442234520376,0.31877507032924246,-0.1422912800556978,0.0031103606660038284,0.01621106978119248,-0.007210850070088684
safe_graph_adp,1818.0,39.287468822021204,-24.43507318282543,0.7319935814854469,0.07697373624162367,0.34870405593157605,-0.15575498997910694,0.0028989098617872473,0.015130029162857188,-0.006730724396355817
safe_graph_adp,1820.0,39.44870354963101,-23.70992447700251,0.4079808702688488,0.0842821167691024,0.3764391375883094,-0.1682575829931476,0.002682613546846821,0.014049956422588447,-0.006250564261584376
safe_graph_adp,1822.0,39.62423624141146,-22.931496367901904,0.0599242076928615,0.09127006652794052,0.40198370089228497,-0.17979893107982442,0.0024614728286109938,0.012970873486086786,-0.005770372124174977
safe_graph_adp,1824.0,39.81340654958054,-22.10416638928543,-0.3102537973881454,0.09791810108133754,0.4253412634832234,-0.19037891605980214,0.0022354888393113603,0.011892802273985023,-0.005290150442692064
safe_graph_adp,1826.0,40.01551517074361,-21.23230490764836,-0.7006303096006029,0.10420674930312479,0.4465154749779129,-0.1999974295933133,0.0020046627359768692,0.010815764701735944,-0.004809901675851363
safe_graph_adp,1828.0,40.229823872862255,-20.320274858336617,-1.1092822867317187,0.11011655372537088,0.46551011689860183,-0.20865437318099012,0.001768995700427899,0.009739782679500179,-0.004329628282507271
safe_graph_adp,1830.0,40.455555522918274,-19.37243148180902,-1.534286499411041,0.1156280708858567,0.48232910259959383,-0.21634965816462118,0.0015284889392702052,0.008664878112033958,-0.0038493327216402706
safe_graph_adp,1832.0,40.691894115272454,-18.393122060048096,-1.9737195507934613,0.12072187167541704,0.4969764771920461,-0.22308320572783222,0.0012831436838887443,0.007591072898576998,-0.0033690174523443445
safe_graph_adp,1834.0,40.93798480071792,-17.386685653123113,-2.425657896243502,0.12537854168514548,0.5094564174669722,-0.22885494689669153,0.0010329611904413716,0.006518388932740355,-0.0028886849338143773
safe_graph_adp,1836.0,41.19293391622772,-16.3574528359089,-2.888177863020739,0.12957868155345992,0.5197732318164501,-0.2336648225402397,0.0007779427398524044,0.005446848102394361,-0.002408337625333573
safe_graph_adp,1838.0,41.45580901539645,-15.309745434964046,-3.3593556699662113,0.13330290731302535,0.5279313601530348,-0.2375127833709439,0.0005180896378060666,0.004376472289556526,-0.0019279779862608586
safe_graph_adp,1840.0,41.725638899575486,-14.247876265572053,-3.837267447189658,0.136531850737531,0.533935373827378,-0.2403987899450763,0.00025340321473980355,0.003307283370279519,-0.001447608476018292
safe_graph_adp,1842.0,42.00141364970177,-13.176148868949065,-4.3199892557574415,0.1392461596883187,0.5377899755440547,-0.24232281266301733,-1.611517416252764e-05,0.0022393032145391696,-0.0009672315540784713
safe_graph_adp,1844.0,42.28208465881954,-12.098857249621725,-4.805597107381,0.14142649846085964,0.5394999992755973,-0.24328483176948298,-0.0002904641489776057,0.0011725536861224809,-0.000486849679951943
safe_graph_adp,1846.0,42.566564665294976,-11.020285612978753,-5.292166984105679,0.14305354813107618,0.539070410174738,-0.24328483735367673,-0.0005696423050496936,0.0001070566425156865,-6.465313174604942e-06
safe_graph_adp,1848.0,42.85372778672327,-9.944708102999837,-5.7777748579997885,0.14410800690150596,0.536506304484861,-0.24232282934936572,-0.0008536482129978503,-0.0009571660652076392,0.0004739190867048774
safe_graph_adp,1850.0,43.142409554527894,-8.8763885401654,-6.260496710843743,0.144570590447305,0.5318129094486648,-0.24039881753488154,-0.00114248041872323,-0.0020200925924984763,0.0009543010601376686
safe_graph_adp,1852.0,43.43140694925171,-7.819580159550847,-6.738408553819122,0.14442203226208702,0.5249955832150344,-0.2375128215330453,-0.001436137443416541,-0.003081701101444196,0.0014346781475873607
safe_graph_adp,1854.0,43.71947843653955,-6.778525349108838,-7.209586447197506,0.14364308400359574,0.5160598147441264,-0.233664870811017,-0.0017346177835656134,-0.004141969760880377,0.0019150478895425607
safe_graph_adp,1856.0,44.005344003812056,-5.757455388143191,-7.672106520028941,0.14221451583920722,0.5050112237106659,-0.22885500468006964,-0.002037919910963093,-0.005200876746502554,0.0023954078265294877
safe_graph_adp,1858.0,44.28768519763024,-4.760590185977973,-8.124044989829864,0.1401171167912592,0.49185556040545664,-0.2230832722952874,-0.00234604227271427,-0.006258400240978001,0.0028757554991245514
safe_graph_adp,1860.0,44.56514516175064,-3.792138020825361,-8.563478182270362,0.1373316950822044,0.476598705635106,-0.21634973265518848,-0.002658983291245029,-0.0073145184340573976,0.003356088447966964
safe_graph_adp,1862.0,44.83632867587053,-2.8562952788558302,-8.988482550860596,0.13383907847958473,0.4592466706199644,-0.2086544546012721,-0.002976741364309921,-0.008369209522686515,0.003836404213771321
safe_graph_adp,1864.0,45.09980219506291,-1.9572461934742547,-9.397134696636236,0.12962011464082332,0.4398055968902811,-0.19999751681749034,-0.0032993148650003776,-0.009422451711117835,0.004316700337340191
safe_graph_adp,1866.0,45.35409388990091,-1.0991625848054771,-9.787511387842782,0.12465567145783157,0.4182817561805769,-0.19037900782964387,-0.0036267021417530298,-0.01047422321102216,0.004796974359576713
safe_graph_adp,1868.0,45.59769368727123,-0.2862035993929153,-10.15768957961858,0.118926637401428,0.39468155032223423,-0.1797990260047026,-0.00395890151835817,-0.01152450224160015,0.005277223821497184
safe_graph_adp,1870.0,45.82905331187619,0.4774845498862299,-10.505746433676421,0.1124139218655658,0.3690115111343065,-0.16825767955005042,-0.004295911293968335,-0.012573267029693852,0.005757446264243648
safe_graph_adp,1872.0,46.04658632842406,1.1877688436856049,-10.829759337983543,0.10509845551136629,0.3412783003125468,-0.15575508651265457,-0.0046377297431070075,-0.01362049580989818,0.006237639229096487
safe_graph_adp,1874.0,46.2486681845073,1.8405297158306115,-11.127805926439898,0.09696119061095511,0.31148870931665734,-0.14229137477815937,-0.0049843551156774565,-0.014666166824672328,0.006717800257487008
safe_graph_adp,1876.0,46.433636254168185,2.431661312732035,-11.397964098554539,0.08798310139109815,0.2796496592557607,-0.12786668206990442,-0.005335785636971699,-0.015710258324451207,0.00719792689101003
safe_graph_adp,1878.0,46.59978988215157,2.9570717525688384,-11.638312039119954,0.07814518437663423,0.24576820077209335,-0.11248115594786728,-0.005692019507679581,-0.01675274856775677,0.0076780166714364734
safe_graph_adp,1880.0,46.74539042884431,3.4126833842365665,-11.846928237884226,0.0674284587337015,0.20985151392292328,-0.0961349538075306,-0.006053054903897989,-0.017793615821309342,0.008158067140725946
safe_graph_adp,1882.0,46.868661315900894,3.794433046057808,-12.021891509220834,0.05581396661275448,0.17190690806069178,-0.07882824287867367,-0.0064188899771402,-0.01883283836013889,0.008638075841039325
safe_graph_adp,1884.0,46.9677880725549,4.0982723242511705,-12.161281011795978,0.04328277349136882,0.13194182171138136,-0.060561200224088584,-0.006789522854345329,-0.019870394467696256,0.009118040314751347
safe_graph_adp,1886.0,47.04091838261589,4.3201678111552155,-12.263176268233249,0.029815968516830733,0.0899638224511102,-0.04133401273822074,-0.007164951637887934,-0.02090626243596434,0.009597958104463181
safe_graph_adp,1888.0,47.08616213215121,4.45610136320381,-12.325657184775512,0.015394664848508073,0.045980606780954544,-0.02114687714573392,-0.007545174405587719,-0.021940420565569243,0.010077826753015022
safe_graph_adp,1890.0,47.10159145785235,4.502070358649349,-12.346804070943838,4.163336342344337e-17,-1.6653345369377348e-16,1.1449174941446927e-16,-0.007930189210719389,-0.022972847165891385,0.010557643803498662
safe_graph_adp,1892.0,47.06362481205094,4.5607558174692375,-12.386512178885805,-0.03792240966294908,0.05871406157404854,-0.03970809099994611,-0.019208419746863332,0.02931407659001512,-0.01986986623395737
safe_graph_adp,1894.0,46.95189151472552,4.734428294464916,-12.503834374687019,-0.07376858831480469,0.1149854521908035,-0.07761405474417651,-0.018300107968742783,0.028009283981685486,-0.018968903489199194
safe_graph_adp,1896.0,46.77052000091484,5.018184895009445,-12.695166013981197,-0.10756257087996954,0.16879663726608407,-0.11371750291579708,-0.01739799136141458,0.02670039485499993,-0.018067843624417032
safe_graph_adp,1898.0,46.52359057905092,5.407087820255413,-12.956901694223514,-0.13932844897797636,0.22013024720638885,-0.14801806565349385,-0.016502074543679506,0.02538743725646011,-0.017166691253001215
safe_graph_adp,1900.0,46.215135318009416,5.896164697413889,-13.28543529160463,-0.16909037048271344,0.26896907770613154,-0.18051539155437382,-0.015612362102595694,0.024070439253398114,-0.016265450988815676
safe_graph_adp,1902.0,45.84913793504217,6.480408910625543,-13.677159997970243,-0.19687253908112706,0.3152960900425931,-0.21120914767666424,-0.0147288585934551,0.022749428933832742,-0.01536412744617437
safe_graph_adp,1904.0,45.4295336845928,7.154779932419374,-14.128468357745911,-0.2226992138314051,0.3590944113685883,-0.24009901954226998,-0.013851568539760207,0.021424434406325698,-0.014462725239817644
safe_graph_adp,1906.0,44.960209247996474,7.914203655754495,-14.635752304866832,-0.2465947087206454,0.40034733500284325,-0.2671847111391891,-0.012980496433200855,0.02009548379983763,-0.013561248984888578
safe_graph_adp,1908.0,44.44500262406488,8.753572726640373,-15.195403199712326,-0.26858339222201316,0.43903832071808313,-0.2924659449237869,-0.012115646733631247,0.018762605263584215,-0.012659703296909398
safe_graph_adp,1910.0,43.887703020557325,9.667746877330956,-15.80381186604471,-0.2886896868513907,0.4751509950268251,-0.31594246182292757,-0.011257023869047101,0.017425826966891912,-0.01175809279175782
safe_graph_adp,1912.0,43.29205074653913,10.651553260088088,-16.457368627952306,-0.306938068723524,0.5086691514648762,-0.33761402123596457,-0.010404632235563004,0.016085177099053827,-0.010856422085643407
safe_graph_adp,1914.0,42.661737105628134,11.699786781509628,-17.15246334679629,-0.3233530671076699,0.5395767508725327,-0.35748040103658896,-0.009558476197389877,0.014740683869185365,-0.00995469579508396
safe_graph_adp,1916.0,42.00040429013046,12.807210437417659,-17.885485458161067,-0.3379592639827473,0.5678579216734777,-0.3755413975745358,-0.008718560086812653,0.013392375506079763,-0.009052918536881876
safe_graph_adp,1918.0,41.31164527606648,13.968555648302187,-18.652824008807972,-0.3507812935919969,0.5934969601513769,-0.3917968256771488,-0.007884888204168081,0.01204028025806361,-0.00815109492810049
safe_graph_adp,1920.0,40.599003719087875,15.178522595315744,-19.450867693631896,-0.36184384199715347,0.6164783307241672,-0.4062465186508028,-0.007057464817822722,0.01068442639285218,-0.007249229586040462
safe_graph_adp,1922.0,39.865973851286945,16.431780556814235,-20.276004892620666,-0.3711716466321336,0.6367866662160384,-0.4188903282821849,-0.006236294164151069,0.009324842197404723,-0.006347327128216115
safe_graph_adp,1924.0,39.116000378898924,17.72296824543946,-21.12462370781681,-0.37878949585624416,0.654406768127103,-0.42972812483943323,-0.005421380447513901,0.007961555977779611,-0.005445392172331809
safe_graph_adp,1926.0,38.35247838089841,19.046694145738655,-21.993112000281478,-0.38472222850691445,0.6693236069007544,-0.4387597970731338,-0.004612727840236702,0.0065945960589894725,-0.004543429336258297
safe_graph_adp,1928.0,37.57875320849079,20.397536852316428,-22.87785742706021,-0.38899473345195623,0.6815223221887095,-0.44598525221717583,-0.003810340482588349,0.005223990784856105,-0.003641443238009072
safe_graph_adp,1930.0,36.798120385499594,21.77004540851447,-23.77524747815027,-0.39163194914135585,0.6909882231137331,-0.4514044159894648,-0.003014222482759888,0.00384976851786535,-0.002739438495716725
safe_graph_adp,1932.0,36.01382550965078,23.158739645614403,-24.681669513469263,-0.392658863158602,0.6977067885300436,-0.4550172325924936,-0.0022243779168434966,0.0024719576390219416,-0.001837419727609313
safe_graph_adp,1934.0,35.229064154754774,24.558110522559094,-25.59351079982476,-0.3921005117715533,0.7016636672813958,-0.456823664713772,-0.001440810828811632,0.001090586547704172,-0.0009353915519866862
safe_graph_adp,1936.0,34.446981773787236,25.962620466187836,-26.507158547884625,-0.3899819794828495,0.7028446784568395,-0.4568236935261139,-0.0006635252304963105,-0.0002943163384815569,-3.33585871968925e-05
safe_graph_adp,1938.0,33.670673602869506,27.366703711980712,-27.4189999491478,-0.3863283985798704,0.7012358116441514,-0.45501731868778283,0.00010747489843142841,-0.001682722583846166,0.0008686745483875366
safe_graph_adp,1940.0,32.90318456614951,28.764766645307486,-28.325422212915207,-0.3811649486842463,0.6968232271809385,-0.45140455834249543,0.0008721856104818822,-0.003074603734763526,0.0017707032363931605
safe_graph_adp,1942.0,32.147509181584155,30.15118814317637,-29.222812603260547,-0.37451685630092396,0.6895932564034101,-0.445985449119283,0.0016306029903669212,-0.004469931319816151,0.0026727228584693397
safe_graph_adp,1944.0,31.406591467623972,31.520319916478023,-30.107558476000648,-0.3664093943667922,0.6795324018928167,-0.4387600461322111,0.0023827231550200257,-0.005868676849940927,0.0035747287963118317
safe_graph_adp,1946.0,30.68332485080101,32.866486852720065,-30.976047315665145,-0.3568678817988708,0.6666273377195538,-0.4297284229799573,0.0031285422536161656,-0.007270811818574991,0.0044767164316864665
safe_graph_adp,1948.0,29.98055207422074,34.18398735924748,-31.82466677246514,-0.3459176830420668,0.6508649096849275,-0.41889067174524686,0.0038680564675915015,-0.008676307701801727,0.005378681146452777
safe_graph_adp,1950.0,29.30106510695888,35.467093706944205,-32.64980469926061,-0.33358420761650254,0.6322321355605808,-0.4062469029941468,0.004601262010662967,-0.010085135958496727,0.0062806183225876475
safe_graph_adp,1952.0,28.647605054364007,36.71005237441123,-33.447849188526284,-0.3198929096644184,0.6107162053255782,-0.3917972457752174,0.00532815512884763,-0.011497268030474002,0.007182523342208971
safe_graph_adp,1954.0,28.02286206926677,37.907084392616504,-34.215188609315604,-0.3048692874966557,0.5863044814011468,-0.3755418476185226,0.006048732100481919,-0.012912675342632145,0.008084391587599264
safe_graph_adp,1956.0,27.429475264096556,39.052385690012045,-34.94821164422266,-0.2885388831387222,0.5589844988830702,-0.35748087453449784,0.006762989236240683,-0.014331329303100653,0.008986218441229342
safe_graph_adp,1958.0,26.870032623906457,40.140127438113396,-35.643307326341656,-0.27092728187644527,0.528743965771736,-0.33761451101267637,0.007470922879156075,-0.015753201303386307,0.009887999285781926
safe_graph_adp,1960.0,26.347070920307313,41.16445639753689,-36.29686507622372,-0.2520601118012161,0.49557076319983207,-0.31594296002027344,0.008172529404636277,-0.017178262718519664,0.01078972950417532
safe_graph_adp,1962.0,25.86307562631168,42.11949526448994,-36.9052747388307,-0.23196304335482965,0.4594529456576915,-0.29246644300062885,0.008867805220484058,-0.0186064849072016,0.011691404479587022
safe_graph_adp,1964.0,25.420480832088533,42.99934301770967,-37.464926620485755,-0.21066178887392306,0.4203787412162834,-0.26718519987150735,0.009556746766915165,-0.020037839211949966,0.01259301959547737
safe_graph_adp,1966.0,25.021669161629475,43.79807526584514,-37.97221152582037,-0.1881821021340181,0.3783365517478474,-0.24009948902325734,0.010239350516576557,-0.02147229695924628,0.01349457023561319
safe_graph_adp,1968.0,24.668971690327265,44.50974459527855,-38.423520794717554,-0.16454977789317032,0.33331495314417076,-0.21120958731682776,0.010915612974564446,-0.02290982945968259,0.014396051784091408
safe_graph_adp,1970.0,24.364667863467417,45.12838091838055,-38.81524633925093,-0.13979065143522967,0.28530269553250504,-0.18051579008164303,0.011585530678442216,-0.024350408008108313,0.015297459625362709
safe_graph_adp,1972.0,24.110985415633692,45.64799182219511,-39.14378068061945,-0.11393059811271629,0.2342887034891216,-0.14801841111333625,0.012249100198258122,-0.02579400388377722,0.016198789144255148
safe_graph_adp,1974.0,23.910100291028204,46.06256291754906,-39.405516986077394,-0.08699553288931554,0.1802620762505029,-0.1137177826713405,0.01290631813656288,-0.027240588350494505,0.017100035725997793
safe_graph_adp,1976.0,23.764136564706902,46.36605818858171,-39.596849105859455,-0.059011409881996296,0.12321208792216859,-0.07761425547633852,0.013557181128427043,-0.028690132656763873,0.01800119475624434
safe_graph_adp,1978.0,23.67516636473122,46.55242034268972,-39.71417161010056,-0.03000422190275649,0.0631281876851342,-0.039708198707570405,0.014201685841458233,-0.03014260803593479,0.01890226162109675
safe_graph_adp,1980.0,23.645209795236568,46.615571160882524,-39.753879825750154,1.0408340855860843e-16,3.885780586188048e-16,2.498001805406602e-16,0.014839828975818209,-0.031597985706349745,0.019803231707128874
set_cover_cw_tour,2.0,18.006307448317422,-41.995546153228496,11.992243662704468,0.006310812088480288,0.0044490868786284735,-0.007756333986185291,0.003081239551934929,0.0022316794760099427,-0.003862810416381252
set_cover_cw_tour,4.0,18.024974988488324,-41.98243366211766,11.96932667011866,0.012359927159497368,0.008658841722765178,-0.015160648821779997,0.002940546822625365,0.0021259972545226566,-0.0036868205469682896
set_cover_cw_tour,6.0,18.055477377378136,-41.96113872829064,11.931953136506685,0.018145497299432288,0.012631728372020605,-0.02221286884427553,0.0027994224400191975,0.00202095271027312,-0.00351081180118221
set_cover_cw_tour,8.0,18.097285684595366,-41.932132613438036,11.88082732385271,0.02366568316951109,0.016370222912881226,-0.028912921996188487,0.002657867126667595,0.0019165477950598086,-0.003334785080180718
set_cover_cw_tour,10.0,18.149867309672803,-41.89588161486951,11.816653634650347,0.028918654037285624,0.019876813633283297,-0.03526073982561363,0.0025158816073280778,0.0018127844574063233,-0.003158741285213558
set_cover_cw_tour,12.0,18.212685999311567,-41.85284704115649,11.740136604690973,0.03390258780803319,0.02315400097702444,-0.04125625748674922,0.002373466608960801,0.001709664642551411,-0.002982681317617887
set_cover_cw_tour,14.0,18.2852018646879,-41.803485187866144,11.65198089585102,0.038615671056074684,0.026204297498013406,-0.046899413740394615,0.002230622860724836,0.0016071902924390115,-0.0028066060788136706
set_cover_cw_tour,16.0,18.366871398822497,-41.74824731338708,11.552891288878303,0.04305609905601112,0.02903022781435836,-0.05219015095442017,0.002087351093974436,0.001505363345708307,-0.002630516470299056
set_cover_cw_tour,18.0,18.45714749401223,-41.687579614846975,11.44357267617743,0.04722207581387808,0.03163432856229421,-0.057128415104209504,0.0019436520422552942,0.0014041857376838039,-0.0024544133936457687
set_cover_cw_tour,20.0,18.55547945932411,-41.621923204122524,11.324730054594358,0.051111814098217925,0.03401914834994925,-0.06171415577307396,0.0017995264413007822,0.0013036594003654185,-0.002278297750494487
set_cover_cw_tour,22.0,18.6613130381513,-41.55171408394203,11.197068518200147,0.0547235354710695,0.03618724771095163,-0.06594732615263946,0.00165497502902819,0.001203786262418587,-0.0021021704425502313
set_cover_cw_tour,24.0,18.77409042583102,-41.47738312408095,11.061293251073975,0.058055470318875,0.038141199057876024,-0.0698278830432056,0.0015099985455349395,0.0011045682491643931,-0.0019260323715777428
set_cover_cw_tour,26.0,18.8932502873242,-41.399356037650676,10.918109520085444,0.06110585788330379,0.039883586635530856,-0.07335578685407701,0.001364597733094806,0.0010060072825697059,-0.0017498844393968706
set_cover_cw_tour,28.0,19.01822777495668,-41.31805335748091,10.768222667676277,0.06387294629199285,0.041417006474086596,-0.07653100160386708,0.001218773336154108,0.000908105281237344,-0.0015737275478779518
set_cover_cw_tour,30.0,19.148454546221824,-41.23389041259597,10.61233810464141,0.06635499258920363,0.042744066342045466,-0.07935349492077391,0.0010725261013279006,0.0008108641603962488,-0.0013975625989371973
set_cover_cw_tour,32.0,19.283358781644345,-41.147277304785256,10.451161302909577,0.06855026276639507,0.04386738569905297,-0.08182323804282854,0.000925856777396152,0.000714285831891682,-0.001221390494532069
set_cover_cw_tour,34.0,19.422365202705205,-41.05861888526834,10.28539778832342,0.07045703179271239,0.0447895956485517,-0.08394020581811551,0.0007787661152999109,0.0006183722041754326,-0.0010452121366566662
set_cover_cw_tour,36.0,19.564895089827406,-40.96831473145479,10.115753133419187,0.07207358364539146,0.0455133388902778,-0.08570437670496565,0.0006312548681374577,0.0005231251822960507,-0.0008690284273371041
set_cover_cw_tour,38.0,19.710366300422503,-40.87675912379927,9.942932950206066,0.07339821134007864,0.04604126967260055,-0.08711573277212119,0.000483323791160455,0.00042854666788909,-0.0006928402686268978
set_cover_cw_tour,40.0,19.858193286997672,-40.78434102275204,9.767642882945228,0.07442921696106547,0.04637605374470539,-0.08817425969887309,0.0003349736417700732,0.0003346385591673726,-0.0005166485626023455
set_cover_cw_tour,42.0,20.00778711532317,-40.69144404580529,9.590588600928617,0.07516491169143835,0.046520368308620975,-0.08887994677517076,0.00018620517951312078,0.00024140275091127106,-0.000340454211357903
set_cover_cw_tour,44.0,20.15855548265998,-40.598446444635556,9.41247579125754,0.07560361584314255,0.046476901971090494,-0.0892327869017039,3.7019166078147375e-05,0.00014884113445900695,-0.00016425811700157208
set_cover_cw_tour,46.0,20.309902736047558,-40.50572108234254,9.234010151621137,0.07574365888696065,0.046248354695287784,-0.08923277658995675,-0.00011258363470844893,5.6955597696965515e-05,1.1938818349719986e-05
set_cover_cw_tour,48.0,20.46122989065137,-40.41363541078467,9.055897383074761,0.07558337948240484,0.04583743775237866,-0.08887991596223455,-0.0002626024568863381,-3.425197494996772e-05,0.00018813569257474178
set_cover_cw_tour,50.0,20.6119346481702,-40.32255144801171,8.878843182818331,0.07512112550752313,0.045246873672927866,-0.08817420875166226,-0.0004130365323651746,-0.00012477970252805702,0.00036433160355257453
set_cover_cw_tour,52.0,20.761411415302952,-40.232825755794636,8.703553236974724,0.07435525408861884,0.044479396198152034,-0.08711566230215564,-0.0005638850909285352,-0.0002146257075643453,0.0005405256491672296
set_cover_cw_tour,54.0,20.909051322274784,-40.14480941725328,8.530733213368238,0.07328413162988343,0.04353775023101917,-0.0857042875683645,-0.0007151473602378583,-0.0003037881160762682,0.0007167169273122704
set_cover_cw_tour,56.0,21.05424224142247,-40.058848014581784,8.361088754303218,0.07190613384294224,0.04242469178719502,-0.08394009911558827,-0.000866822565836401,-0.00039226505758124754,0.0008929045358954326
set_cover_cw_tour,58.0,21.19636880583873,-39.97528160687245,8.195325469342853,0.07021964577631297,0.041142987945836776,-0.08182311511966389,-0.0010189099311532026,-0.0004800546651062695,0.0010690875728432327
set_cover_cw_tour,60.0,21.334812428075388,-39.89444470803806,8.034148928088246,0.06822306184477651,0.03969541680023454,-0.07935335736682593,-0.0011714086775070603,-0.0005671550751974411,0.0012452651361055996
set_cover_cw_tour,62.0,21.468951318905212,-39.8166662648331,7.87826465295778,0.06591478585866004,0.038084767408301,-0.07653085125353896,-0.0013243180241105192,-0.0006535644279295346,0.0014214363236604859
set_cover_cw_tour,64.0,21.598160506142207,-39.74226963497418,7.728378111966851,0.06329323105303197,0.03631383974290975,-0.07335562578630227,-0.0014776371880738655,-0.0007392808669155066,0.0015976002335184873
set_cover_cw_tour,66.0,21.72181185352022,-39.67157256535985,7.585194711508018,0.06035682011680863,0.03438544464208263,-0.06982771358142681,-0.0016313653844091374,-0.0008243025393160049,0.0017737559637274595
set_cover_cw_tour,68.0,21.839274079629654,-39.60488717039032,7.449419789131629,0.057103985221772256,0.032302403759026654,-0.06594715086478445,-0.0017855018260341453,-0.0009086275958488544,0.0019499026123771406
set_cover_cw_tour,70.0,21.949912776912164,-39.54251991038711,7.321758606326973,0.05353316805150023,0.03006754951202081,-0.06171397747152953,-0.0019400457237764978,-0.0009922541907985247,0.0021260392776037635
set_cover_cw_tour,72.0,22.053090430713087,-39.48477157011318,7.202916341304017,0.049642819830205125,0.02768372503415327,-0.05712823684579262,-0.002094996286377647,-0.0010751804820255811,0.0023021650575946783
set_cover_cw_tour,74.0,22.14816643839148,-39.43193723739372,7.093598081775788,0.045431401351485504,0.025153784122909435,-0.0521899760403467,-0.002250352720496934,-0.0011574046309761159,0.0024782790505929637
set_cover_cw_tour,76.0,22.234497128487572,-39.38430628183785,6.994508817741443,0.040897383006986955,0.022480591189611224,-0.04689924571624547,-0.0024061142307156584,-0.0012389248026911613,0.00265438035490205
set_cover_cw_tour,78.0,22.311435779947427,-39.34216233366167,6.906353434270097,0.03603924481497339,0.019667021208708092,-0.041256100142434124,-0.002562280019541142,-0.001319739165816085,0.002830468068890332
set_cover_cw_tour,80.0,22.378332641404693,-39.30578326261282,6.8298367042854515,0.03085547644880817,0.016715959666920185,-0.035260597195332255,-0.0027188492874108197,-0.0013998458926099658,0.003006541290995787
set_cover_cw_tour,82.0,22.4345349505192,-39.27544115699694,6.765663281351287,0.025344577265344854,0.013630302512234096,-0.028912798358389176,-0.0028758212326963272,-0.001479243158954953,0.0031825991197305895
set_cover_cw_tour,84.0,22.47938695337225,-39.25140230280625,6.714537692457875,0.019505056333227334,0.010412956102751676,-0.022212768721611494,-0.0030331950517076115,-0.0015579291443656043,0.0033586406536857275
set_cover_cw_tour,86.0,22.512229923918422,-39.2339271629506,6.677164330809361,0.01333543246109911,0.007066837155392325,-0.015160576981062992,-0.0031909699386970377,-0.001635902031998207,0.0035346649915356182
set_cover_cw_tour,88.0,22.53240218349371,-39.223270356591264,6.65424744861217,0.006834234225721422,0.0035948726944492323,-0.007756295438336818,-0.0033491450858635237,-0.0017131600086600814,0.0037106712320427214
set_cover_cw_tour,90.0,22.539239120379786,-39.219680638577756,6.6464911498645085,3.122502256758253e-17,4.336808689942018e-18,5.204170427930421e-18,-0.003507719683356668,-0.0017897012648188616,0.0038866584740621557
set_cover_cw_tour,92.0,22.561365825659745,-39.20169146104836,6.640119982502545,0.02214028923791669,0.017972478346529677,-0.006371164643617007,0.010963213913905192,0.00901127258977286,-0.003177077594591494
set_cover_cw_tour,94.0,22.626869510346094,-39.14870501444089,6.621295633545649,0.043376320655099776,0.03499795110921329,-0.012453176281617934,0.010471321432514906,0.008586845065884594,-0.0030325172784797694
set_cover_cw_tour,96.0,22.73393420485509,-39.06260674645771,6.590596471444182,0.06370064444803282,0.05108498737235205,-0.018245972721640642,0.009977674097526555,0.008164647556715907,-0.002887941436001381
set_cover_cw_tour,98.0,22.88072906992007,-38.94526491709224,6.548600986072069,0.0831058407556295,0.06624220573800556,-0.023749494732536944,0.009482274436394673,0.007744687998082599,-0.0027433508073788334
set_cover_cw_tour,100.0,23.065408456604068,-38.79853049975203,6.495887782803912,0.10158451978694136,0.08047827416728286,-0.02896368604482727,0.008985124985545623,0.007326974314342259,-0.0025987461329103393
set_cover_cw_tour,102.0,23.286111966567553,-38.62423708269999,6.4330355765912195,0.11912932194858158,0.09380190982097503,-0.03388849335113259,0.008486228290364623,0.006911514418353679,-0.0024541281529660217
set_cover_cw_tour,104.0,23.540964512590733,-38.4242007708149,6.360623186037791,0.13573291797186413,0.10622187889953075,-0.038523866306583596,0.00798558690518272,0.006498316211436353,-0.002309497607984132
set_cover_cw_tour,106.0,23.828076379349852,-38.20022008767268,6.27922952747431,0.1513880090396565,0.11774699648237621,-0.04286975752920714,0.007483203393263695,0.006087387583330016,-0.0021648552384672497
set_cover_cw_tour,108.0,24.145543284446916,-37.95407587794973,6.1894336090321875,0.16608732691294553,0.1283861263665809,-0.04692612260028988,0.006979080326790949,0.005678736412154252,-0.002020201784978497
set_cover_cw_tour,110.0,24.49144643969224,-37.68753121014945,6.091814524716694,0.179823634057115,0.1381481809048704,-0.05069292006471924,0.006473220286854339,0.005272370564368156,-0.0018755379881377466
set_cover_cw_tour,112.0,24.863852612639285,-37.40233127965356,5.986951448479444,0.1925897237679336,0.14704212084298815,-0.05417011143130154,0.005965625863436951,0.004868297894730056,-0.0017308645886178293
set_cover_cw_tour,114.0,25.260814188371157,-37.10020331209918,5.875423628290254,0.2043784202972528,0.1550769551564069,-0.057357661173057434,0.005456299655401838,0.004466526246257308,-0.0015861823271407362
set_cover_cw_tour,116.0,25.680369231538236,-36.78285646708328,5.757810380208443,0.21518257897841297,0.16226174088639203,-0.06025553672749451,0.004945244270478738,0.0040670634501861255,-0.0014414919444738386
set_cover_cw_tour,118.0,26.120541548646308,-36.45198174219553,5.634691082453601,0.22499508635135676,0.16860558297541747,-0.0628637084968572,0.004432462325250689,0.0036699173259314936,-0.0012967941814260825
set_cover_cw_tour,120.0,26.57934075059463,-36.109251877381055,5.506645169475895,0.23380886028744893,0.17411763410193637,-0.06518214984835388,0.0039179564451406555,0.003275095681047126,-0.0011520897788442025
set_cover_cw_tour,122.0,27.05476231546334,-35.756321259634234,5.374252126025924,0.2416168501140013,0.17880709451450733,-0.06721083711436125,0.0034017292643980807,0.002882606311185502,-0.0010073794776089278
set_cover_cw_tour,124.0,27.544787651549637,-35.39482582802493,5.238091481224203,0.24841203673850168,0.18268321186527806,-0.06894974959260586,0.002883783426085396,0.0024924570000579398,-0.0008626640186311903
set_cover_cw_tour,126.0,28.047384160652108,-35.026382979058354,5.098742802630304,0.25418743277254585,0.18575528104282787,-0.07039886954632292,0.0023641215820644906,0.002104655519394758,-0.0007179441428483246
set_cover_cw_tour,128.0,28.56050530160261,-34.65259147236993,4.956785690311696,0.2589360826554714,0.18803264400437034,-0.07155818220439243,0.001842746392983127,0.0017192096289054732,-0.0005732205912202851
set_cover_cw_tour,130.0,29.08209065404515,-34.27503133675634,4.81279977091234,0.2626510627776925,0.1895246896073176,-0.07242767576145233,0.0013196605282613405,0.0013361270762390733,-0.00042849410472584146
set_cover_cw_tour,132.0,29.6100659824611,-33.895263776544155,4.667364691721085,0.26532548160373437,0.19024085344020805,-0.07300734137798906,0.0007948666660777485,0.0009554155969443556,-0.0002837654243587925
set_cover_cw_tour,134.0,30.142343300440228,-33.514831078297135,4.521060114739894,0.26695247979496617,0.1901906176529985,-0.07329717318040528,0.0002683674933558399,0.0005770829144303146,-0.00013903529112416777
set_cover_cw_tour,136.0,30.676820935196822,-33.135256517863695,4.374465710751969,0.2675252303320319,0.1893835107867227,-0.0732971682610648,-0.00025983429424976265,0.0002011367399266011,5.695553965563531e-06
set_cover_cw_tour,138.0,31.21138359233045,-32.75804426776559,4.228161153389801,0.26703693863697747,0.1878291076025174,-0.07300732667831478,-0.0007897359923671231,-0.0001724152275559592,0.00015042636989428702
set_cover_cw_tour,140.0,31.743902420830608,-32.384679304929264,4.082726113203204,0.2654808426950734,0.18553702891001764,-0.07242765145648511,-0.001321334887920828,-0.0005435653012647837,0.00029515641564603883
set_cover_cw_tour,142.0,32.27223507832475,-32.01662731876096,3.938740251727369,0.26285021317633167,0.18251694139512273,-0.07155814858586504,-0.0018546282591458845,-0.0009123058067448898,0.0004398849502087968
set_cover_cw_tour,144.0,32.794225796569,-31.65533461956698,3.796783215550987,0.2591383535567163,0.1787785574471343,-0.07039882702265707,-0.0023896133756016544,-0.0012786290818781899,0.0005846112325782779
set_cover_cw_tour,146.0,33.30770544718106,-31.30222804732027,3.6574346303844925,0.25433860023904564,0.17433163498526824,-0.06894969868890798,-0.0029262874981858273,-0.001642527476922713,0.0007293345217617296
set_cover_cw_tour,148.0,33.81049160761448,-30.958714880774625,3.521274095128462,0.24844432267358604,0.16918597728454168,-0.06721077847241717,-0.003464647879148451,-0.002003993354551783,0.0008740540767817229
set_cover_cw_tour,150.0,34.30038862737397,-30.62618274692772,3.388881175942221,0.2414489234783359,0.16335143280103687,-0.06518208422662224,-0.004004691762105998,-0.0023630190898931104,0.001018769156679949
set_cover_cw_tour,152.0,34.775187694470816,-30.305999530834256,3.2608354003127022,0.23334583855899846,0.15683789499654321,-0.06286363677046163,-0.0045464163820554794,-0.0027195970705678396,0.0011634790205210122
set_cover_cw_tour,154.0,35.23266690211803,-29.99951328577042,3.137716251123602,0.2241285372286426,0.14965530216257927,-0.06025545988821475,-0.0050898189653885975,-0.0030737196967295204,0.0013081829273962212
set_cover_cw_tour,156.0,35.670591315664474,-29.708052143750944,3.0201031607248776,0.21379052232705076,0.14181363724379603,-0.05735758032931914,-0.005634896729905951,-0.003425379381103015,0.001452880136427385
set_cover_cw_tour,158.0,36.08671303976737,-29.43292422639997,2.9085755050026347,0.2023253303397527,0.13332292766076304,-0.05417002780816494,-0.006181646884831282,-0.0037745685490233527,0.0015975699067706046
set_cover_cw_tour,160.0,36.47877128580255,-29.175417556176935,2.803712597449448,0.18972653151674396,0.12419324513213915,-0.050692835003866586,-0.0067300666308257534,-0.004121279638474508,0.0017422514976200682
set_cover_cw_tour,162.0,36.84449243951185,-28.936799967958763,2.706093683235161,0.17598772999088835,0.11443470549622921,-0.046926037560011735,-0.007280153160002295,-0.004465505100128114,0.0018869241682118415
set_cover_cw_tour,164.0,37.18159012888698,-28.718319020979532,2.6162979332782106,0.16110256389600303,0.10405746853192827,-0.04286967408438742,-0.007831903655939974,-0.0048072373973821235,0.0020315871778276615
set_cover_cw_tour,166.0,37.487765292289225,-28.52120191112887,2.5349044383175228,0.1450647054846254,0.09307173777905509,-0.03852378614868346,-0.008385315293698408,-0.005146469006399385,0.00217623978579873
set_cover_cw_tour,168.0,37.76070624680441,-28.3466553836103,2.462492202985023,0.12786786124546062,0.08148776035807626,-0.033888418288173114,-0.008940385239832241,-0.005483192416146175,0.002320881251509503
set_cover_cw_tour,170.0,37.998088756832395,-28.195865645960737,2.399640139878811,0.10950577202050879,0.06931582678922267,-0.028963618001370952,-0.009497110652405645,-0.005817400128430647,0.002465510834401486
set_cover_cw_tour,172.0,38.19757610291052,-28.069998281432355,2.346927063637038,0.0899722131218707,0.05656627081099992,-0.02374943574966798,-0.010055488681006863,-0.006149084657941226,0.0026101277939770237
set_cover_cw_tour,174.0,38.35681915077034,-27.970198162738058,2.3049316850125403,0.06926099444823124,0.04324946919809408,-0.018245924956944035,-0.010615516466762823,-0.00647823853228493,0.0027547313898030924
set_cover_cw_tour,176.0,38.47345642062702,-27.89758936616171,2.2742326049482697,0.04736596060101926,0.029375841578674664,-0.012453142009157396,-0.01117719114235375,-0.006804854292025632,0.0028993208815150887
set_cover_cw_tour,178.0,38.54511415670068,-27.8532750860344,2.2554083086535663,0.024280991000243023,0.014955850251096189,-0.006371146253911683,-0.011740509832027866,-0.007128924490722248,0.0030438955288206223
set_cover_cw_tour,180.0,38.56940639696911,-27.83833754957787,2.2490371596813215,8.673617379884035e-17,4.5102810375396984e-17,1.9081958235744878e-17,-0.012305469651616108,-0.007450441694966862,0.0031884545915033067
set_cover_cw_tour,182.0,38.56386580422074,-27.837385274475054,2.270837178751409,-0.005539878440827398,0.0009564535235187128,0.021800009768811045,-0.002919114922248951,0.0004719583198825928,0.01090289293189152
set_cover_cw_tour,184.0,38.54750393954976,-27.83453061920601,2.335247854670223,-0.010821293860601475,0.001902185222016295,0.04261063866832246,-0.0027919934833834765,0.0004543545811691534,0.01040825788274348
set_cover_cw_tour,186.0,38.520837347491984,-27.829797346519538,2.44029021172559,-0.015844628853398848,0.0028348762853060098,0.062431673569316476,-0.002664995895801841,0.00043617583862524034,0.009913569543733129
set_cover_cw_tour,188.0,38.4843817995703,-27.82321385391767,2.5839848580789697,-0.020610273836877566,0.0037522107762358783,0.08126291147482137,-0.0025381228097265895,0.00041742265420722347,0.009418830447644891
set_cover_cw_tour,190.0,38.438652278655894,-27.814813167868348,2.764352006031514,-0.02511862704390369,0.0046518756719574,0.09910415952167054,-0.002411374874742829,0.00039809559281259253,0.00892404312752307
set_cover_cw_tour,192.0,38.38416296334625,-27.804632937935555,2.9794114922931687,-0.029370094514104658,0.0055315609051503805,0.1159552349819838,-0.002284752739794895,0.00037819522227706395,0.008429210116658868
set_cover_cw_tour,194.0,38.321427212360156,-27.792715430827094,3.227182798254657,-0.033365090085349484,0.006388959405203557,0.1318159652645708,-0.002158257053183033,0.00035772211337167423,0.007934333948577427
set_cover_cw_tour,196.0,38.25095754894978,-27.779107524360025,3.5056850702621936,-0.037104035385155824,0.0072217671393506565,0.1466861879162566,-0.002031888462560076,0.000336676839799857,0.00743941715702485
set_cover_cw_tour,198.0,38.17326564533004,-27.763860701343866,3.8129371398947725,-0.04058735982202401,0.008027683153761527,0.1605657506231294,-0.0019056476149281344,0.00031505997819450583,0.006944462275955229
set_cover_cw_tour,200.0,38.08886230712538,-27.74703104338168,4.146957544243872,-0.04381550057669809,0.008804409614587982,0.1734545112117104,-0.001779535156635277,0.00029287210811502286,0.0064494718395176846
set_cover_cw_tour,202.0,37.99825745783406,-27.728679224589094,4.505764546195419,-0.04678890259335404,0.009549651848963996,0.18535233765004594,-0.0016535517333722263,0.0002701138120443499,0.005954448382043365
set_cover_cw_tour,204.0,37.90196012331016,-27.70887050523139,4.887376154713865,-0.04950801857071509,0.010261118385959896,0.1962591080487214,-0.0015276979901690465,0.0002467856753859875,0.005459394438032485
set_cover_cw_tour,206.0,37.80047841626347,-27.687674725278697,5.28981014512821,-0.05197330895309438,0.01093652099749018,0.20617471066179763,-0.0014019745713918501,0.0002228882864609964,0.0049643125421413616
set_cover_cw_tour,208.0,37.6943195207773,-27.665166297879452,5.711084079419815,-0.054185241921364966,0.011573574739174626,0.21509904388766923,-0.0012763821207394902,0.000198422236504987,0.004469205229169413
set_cover_cw_tour,210.0,37.58398967684444,-27.64142420275216,6.1492153265118645,-0.05614429338385722,0.012169997991152294,0.22303201626984506,-0.001150921281240271,0.0001733881196650904,0.003974075034046195
set_cover_cw_tour,212.0,37.469994164921445,-27.616531979495576,6.602221082560303,-0.05785094696718379,0.012723512498848108,0.22997354649765075,-0.0010255926952486506,0.00014778653299691826,0.0034789244918184206
set_cover_cw_tour,214.0,37.35283729050129,-27.59057772081743,7.068118391246101,-0.0593056940069921,0.01323184341369163,0.23592356340685341,-0.000900397004441956,0.00012161807646150419,0.002983756137636979
set_cover_cw_tour,216.0,37.2330223687046,-27.563654065681707,7.544924164068699,-0.060509033538644584,0.013692719333787672,0.24088200598020834,-0.0007753348498170958,9.488335292223308e-05,0.0024885725067439555
set_cover_cw_tour,218.0,37.11105170888961,-27.5358581923747,8.030655200640453,-0.06146147228782664,0.014103872344538408,0.2448488233479279,-0.0006504068716872779,6.758296814175446e-05,0.00199337613445965
set_cover_cw_tour,220.0,36.98742659928097,-27.507291811489814,8.523328208981956,-0.062163524661082444,0.014463038059216607,0.24782397478807247,-0.0005256137096787334,3.971753077887982e-05,0.0014981695561696023
set_cover_cw_tour,222.0,36.86264729161757,-27.478061158831302,9.02095982581805,-0.06261571273627867,0.014767955659489638,0.24980742972686332,-0.00040095600272743894,1.1287652385468037e-05,0.0010029553073115979
set_cover_cw_tour,224.0,36.73721298581945,-27.44827698823699,9.521566636874395,-0.06281856625299624,0.015016367935893907,0.2507991677389178,-0.00027643438907584743,-1.770605259670692e-05,0.0005077359233627045
set_cover_cw_tour,226.0,36.61162181467408,-27.41805456432011,10.023165197174427,-0.06277262260285019,0.015206021328259342,0.2507991785474065,-0.00015204950626961875,-4.726296683910163e-05,1.2513939826276285e-05
set_cover_cw_tour,228.0,36.486370828542036,-27.387513655130327,10.523772051336547,-0.06247842681973763,0.015334665966083596,0.24980746202413248,-2.7801991154357936e-05,-7.738247012956391e-05,-0.00048270810778102205
set_cover_cw_tour,230.0,36.361955980082215,-27.356778524734086,11.021403753871406,-0.061936531570014094,0.015400055708855605,0.2478240281895325,9.630752012764856e-05,-0.00010806393937550814,-0.0009779276839421962
set_cover_cw_tour,232.0,36.23887210899682,-27.32597792571433,11.514076889479092,-0.06114749714259812,0.01539994818632814,0.24484889721260053,0.00022027839214068718,-0.0001393067486071058,-0.001473142253152905
set_cover_cw_tour,234.0,36.117612926796205,-27.295245091589756,11.999808093346113,-0.06011189143900436,0.015332104838739011,0.24088209941073313,0.000344109990158873,-0.00017111026898048983,-0.0019683492799344466
set_cover_cw_tour,236.0,35.99867100158367,-27.264717729153666,12.476614071441963,-0.05883028996330516,0.015194290956980567,0.235923675249497,0.0004678016801693985,-0.0002034738687809748,-0.002463546228846737
set_cover_cw_tour,238.0,35.88253774286051,-27.234538010732535,12.942511620815171,-0.057303275812020785,0.014984275722717127,0.22997367534231872,0.0005913528288757782,-0.0002363969134262913,-0.0029587305645012805
set_cover_cw_tour,240.0,35.76970338635121,-27.204852566364384,13.39551764988864,-0.05553143966393834,0.014699832248450015,0.22303216045009622,0.0007147628037010925,-0.0002698787654698345,-0.0034538997515741717
set_cover_cw_tour,242.0,35.66065697884922,-27.175812475897096,13.833649198754127,-0.053515379769859456,0.01433873761752982,0.2150992014807328,0.0008380309727912282,-0.00030391878460392846,-0.003949051254819059
set_cover_cw_tour,244.0,35.5558863630832,-27.14757326100675,14.254923459465724,-0.05125570194227692,0.013898772924115546,0.2061748794885929,0.0009611567050181097,-0.0003385163276631038,-0.004444182539080137
set_cover_cw_tour,246.0,35.45587816260404,-27.12029487713609,14.657357796332164,-0.04875301954498019,0.013377723313080302,0.19625928567387999,0.0010841393699829339,-0.00037367074862739114,-0.004939291069305113
set_cover_cw_tour,248.0,35.3611177666927,-27.094141705353227,15.038969766207806,-0.04600795348259005,0.012773378019863169,0.18535252138193678,0.0012069783380193953,-0.00040938139862562866,-0.0054343743105581994
set_cover_cw_tour,250.0,35.272089315289115,-27.06928254413072,15.397777138782152,-0.04302113219002236,0.012083530410266899,0.1734546981024673,0.0013296729801969118,-0.00044564762593878444,-0.005929429728033089
set_cover_cw_tour,252.0,35.18927568394214,-27.045890601045077,15.73179791686771,-0.03979319162188111,0.011305978020201115,0.16056593746868117,0.0014522226683238437,-0.0004824687760032926,-0.006424454787065925
set_cover_cw_tour,254.0,35.1131584687809,-27.024143484396866,16.03905035668609,-0.03632477524178072,0.010438522595370632,0.14668637125635994,0.001574626774950709,-0.0005198441914144054,-0.006919446953148289
set_cover_cw_tour,256.0,35.044217971507464,-27.004223194751468,16.317552988152148,-0.03261653401159788,0.009478970130908565,0.13181614138284564,0.0016968846733733992,-0.0005577732119295584,-0.007414403691940173
set_cover_cw_tour,258.0,34.98293318441116,-26.986316116400637,16.565324635156013,-0.028669126380652825,0.008425130910953892,0.11595539990595141,0.0018189957376363842,-0.0005962551744717517,-0.007909322469282951
set_cover_cw_tour,260.0,34.929781775404535,-26.970613008744962,16.78038443584288,-0.024483218274820272,0.00727481954817308,0.09910430902279417,0.0019409593425359203,-0.0006352894131329443,-0.008404200751212364
set_cover_cw_tour,262.0,34.88524007308122,-26.957308997597337,16.960751862890383,-0.02005948308557004,0.006025855023225489,0.08126304106854958,0.002062774863623248,-0.0006748752591774634,-0.008899036003971485
set_cover_cw_tour,264.0,34.849783051795754,-26.94660356640756,17.10444674378339,-0.015398601658937493,0.004676060724172145,0.062431778515129016,0.002184441677207793,-0.0007150120410454288,-0.009393825694023694
set_cover_cw_tour,266.0,34.82388431676553,-26.938700547408168,17.20948928108609,-0.010501262284423878,0.0032232644858275765,0.042610713969778835,0.0023059591603603554,-0.0007556990843561911,-0.009888567288065652
set_cover_cw_tour,268.0,34.80801608919503,-26.933808112681618,17.273900072711186,-0.00536816068382666,0.0016652986290543567,0.021800050173601666,0.0024273266909163034,-0.0007969357119117841,-0.010383258253040269
set_cover_cw_tour,270.0,34.80264919142247,-26.932138765148967,17.295700132186067,5.117434254131581e-17,0.0,-1.734723475976807e-17,0.002548543647478754,-0.0008387212437003926,-0.010877896056149673
set_cover_cw_tour,272.0,34.81696968636396,-26.90881455190686,17.31673420972972,0.014338097265412703,0.023313398816603288,0.021034068569177607,0.0070090008952549895,0.011672901138741656,0.010539181591010667
set_cover_cw_tour,274.0,34.85945041366053,-26.8400074293543,17.378881825727227,0.028159405922848706,0.04548329909522321,0.04111352091221425,0.006699039356083787,0.011133011417594443,0.010061926917479
set_cover_cw_tour,276.0,34.929048168279856,-26.72799922531305,17.48023354107239,0.041454300725002384,0.06651487734984726,0.060238151189884966,0.00638674063945518,0.010594529706054534,0.00958462072728565
set_cover_cw_tour,278.0,35.02470051335562,-26.575061349899883,17.61887951475662,0.05421317510934108,0.08641337475738439,0.07840776333918831,0.006072106344326054,0.01005746657732698,0.009107265464219146
set_cover_cw_tour,280.0,35.14532581772585,-26.383454666300086,17.79290952342289,0.06642644136687094,0.10518409705819959,0.09562217107485267,0.005755138081611363,0.009521832597353754,0.008629863572319256
set_cover_cw_tour,282.0,35.28982329380861,-26.15542936174074,18.00041298092263,0.07808453081072368,0.12283241445577686,0.11188119789076752,0.005435837474175878,0.008987638324759632,0.008152417495864492
set_cover_cw_tour,284.0,35.457073035814695,-25.89322481866558,18.239478957875424,0.08917789394456294,0.13936376151551172,0.12718467706133954,0.00511420615682589,0.008454894310798163,0.007674929679359588
set_cover_cw_tour,286.0,35.645936058296925,-25.59906948611311,18.508196201231332,0.09969700063080854,0.15478363706263376,0.14153245164277373,0.004790245776300817,0.007923611099297609,0.007197402567522991
set_cover_cw_tour,288.0,35.85525433503575,-25.27518075129976,18.804653153835698,0.1096323402586775,0.1690976040792605,0.15492437447427929,0.004463957991264805,0.007393799226606999,0.006719838605274331
set_cover_cw_tour,290.0,36.083850838260716,-24.9237648114098,19.126937973996295,0.11897442191204005,0.18231128960058318,0.1673603081792004,0.004135344472298206,0.006865469221542154,0.006242240237721913
set_cover_cw_tour,292.0,36.33052957820746,-24.547016545593735,19.47313855505266,0.12771377453708918,0.19443038461018572,0.1788401251660719,0.0038044069018890337,0.006338631605331803,0.0057646099101502
set_cover_cw_tour,294.0,36.59407564300989,-24.14711938717696,19.841342544947473,0.13584094710982256,0.20546064393449737,0.1893637076295999,0.0034711469744243603,0.005813296891563699,0.005286950068007279
set_cover_cw_tour,296.0,36.87325523892709,-23.726245196080338,20.2296373657998,0.143346508803335,0.21540788613638032,0.19893094755156704,0.003135566396181627,0.00528947558613079,0.004809263156892361
set_cover_cw_tour,298.0,37.16681573090466,-23.286554131454494,20.636110233480096,0.15022104915492018,0.22427799340785307,0.20754174670166284,0.002797666885319919,0.004767178187177448,0.004331551622543242
set_cover_cw_tour,300.0,37.47348568347007,-22.830194524529517,21.058848177186775,0.15645517823298025,0.2320769114619505,0.21519601663823867,0.0024574501718711552,0.0042464151850456905,0.003853817910823792
set_cover_cw_tour,302.0,37.79197490196157,-22.359302751681795,21.495938059024223,0.1620395268037415,0.23881064942372165,0.22189367870898774,0.002114917997731246,0.003727197062221492,0.0033760644677114284
set_cover_cw_tour,304.0,38.12097447409044,-21.876003107719736,21.9454665935821,0.16696474649777518,0.24448527972036607,0.2276346640515498,0.0017700721166511672,0.0032095342932811047,0.002898293739284588
set_cover_cw_tour,306.0,38.45915681183601,-21.382407679390056,22.405520367515763,0.17122150997632135,0.24910693797050984,0.23241891359404074,0.0014229142942279774,0.0026934373448374354,0.002420508171710212
set_cover_cw_tour,308.0,38.805175693673156,-20.88061621910639,22.874185859127685,0.174800511097415,0.2526818228726221,0.23624637805550697,0.0010734463078957846,0.002178916675486448,0.0019427102112312168
set_cover_cw_tour,310.0,39.157666307131855,-20.37271601890192,23.34954945794971,0.17769246508181247,0.2552161960925732,0.23911701794630463,0.0007216699469166426,0.0016659827357536196,0.0014649023041539682
set_cover_cw_tour,312.0,39.51524529168837,-19.86078178460775,23.82969748432597,0.1798881086787168,0.2567163821503354,0.2410308035684037,0.00036758701237138934,0.0011546459680404453,0.0009870868968357618
set_cover_cw_tour,314.0,39.87651078198771,-19.346875510258727,24.312716208996363,0.18137820033130087,0.25718876830582704,0.24198771501561672,1.1199317150427488e-05,0.0006449168065709493,0.0005092664356722877
set_cover_cw_tour,316.0,40.24004245139692,-18.833046352728445,24.796691872680395,0.1821535203420264,0.2566398044439014,0.2419877421737526,-0.00034749131405555566,0.0001368056773382902,3.1443367085120036e-05
set_cover_cw_tour,318.0,40.60440155588877,-18.321330506595103,25.27971070566126,0.18220487103775784,0.25507600295848076,0.24103088472069498,-0.0007084830447649361,-0.00036967700194864606,-0.000446379862490829
set_cover_cw_tour,320.0,40.968130978255566,-17.813751079239978,25.759858947370002,0.18152307693466926,0.25250393863583764,0.23911715212640564,-0.0010717740267145528,-0.0008745208219185596,-0.0009242008066198074
set_cover_cw_tour,322.0,41.329755272652434,-17.312317966180153,26.235222865969607,0.18009898490294318,0.24893024853702306,0.23624656365285254,-0.0014373623998691683,-0.0013777153815910555,-0.0014020170188777763
set_cover_cw_tour,324.0,41.6877807094699,-16.819027726637277,26.703888777938875,0.17792346433125958,0.2443616318794437,0.2324191483538628,-0.0018052462924309934,-0.0018792502884298797,-0.0018798260528649201
set_cover_cw_tour,326.0,42.04069532053516,-16.335863459343994,27.16394306765593,0.17498740729107382,0.23880484991758877,0.2276349450749003,-0.00217542382084928,-0.0023791151583961298,-0.002357625462218179
set_cover_cw_tour,328.0,42.386968944641765,-15.86479467858977,27.61347220698119,0.17128172870068206,0.2322667258229074,0.2218940024527685,-0.0025478930898299476,-0.0028772996160014346,-0.0028354128006237624
set_cover_cw_tour,330.0,42.72505327340717,-15.407777190507838,28.050562774839705,0.16679736648907262,0.224754144562838,0.2151963789152375,-0.002922652192345299,-0.003373793294361059,-0.0033131856218296916
set_cover_cw_tour,332.0,43.053381897457776,-14.966752969604897,28.473301476802632,0.16152528175956177,0.2162740527789903,0.2075421426805965,-0.0032996992096437795,-0.0038685858352469965,-0.0037909414796583113
set_cover_cw_tour,334.0,43.37037035294105,-14.543650035535318,28.87977516466777,0.15545645895321283,0.20683345866448147,0.19893137175713071,-0.0036790322112598083,-0.004361666889140988,-0.004268677928018817
set_cover_cw_tour,336.0,43.67441616836426,-14.140382330121517,29.26807085603895,0.14858190601203686,0.19643943184042684,0.18936415394252318,-0.004060649255023652,-0.004853026115287528,-0.004746392520919782
set_cover_cw_tour,338.0,43.963898911759365,-13.75884959462218,29.636275753904176,0.14089265454197347,0.18509910323158713,0.1788405868231815,-0.004444548387071373,-0.0053426531817467905,-0.005224082812481677
set_cover_cw_tour,340.0,44.237180238173686,-13.400937247250058,29.982477266212328,0.13237975997565066,0.17281966494117254,0.16736077777348934,-0.004830727641854835,-0.005830537765447548,-0.0057017463569493994
set_cover_cw_tour,342.0,44.49260393748584,-13.068516260940969,30.304763025448306,0.12303430173492186,0.15960837012480505,0.15492484395498285,-0.005219185042151765,-0.006316669552240003,-0.006179380708704783
set_cover_cw_tour,344.0,44.728495982546534,-12.763443041375742,30.60122090820644,0.11284738339317896,0.14547253286364026,0.14153291231545173,-0.005609918599075877,-0.00680103823694862,-0.006656983422279132
set_cover_cw_tour,346.0,44.94316457764379,-12.48755930525674,30.86993905476203,0.10181013283743989,0.1304195280366494,0.1271851195879654,-0.006002926312087049,-0.0072836335234248645,-0.007134552052365736
set_cover_cw_tour,348.0,45.13490020729206,-12.24269195884066,31.109005888640862,0.08991370243020924,0.11445679119206321,0.11188161228982393,-0.00639820616900158,-0.007764445124599934,-0.007612084153832391
set_cover_cw_tour,350.0,45.30197568534489,-12.030652976729296,31.316510136186565,0.07714926917111058,0.09759181841797818,0.09562254672143376,-0.006795756146002476,-0.008243462762537427,-0.008089577281733916
set_cover_cw_tour,352.0,45.442646204430574,-11.853239280919905,31.490540846125622,0.06350803485828896,0.07983216621212688,0.0784080889651084,-0.007195574207649825,-0.008720676168485956,-0.008567028991324676
set_cover_cw_tour,354.0,45.55514938571043,-11.712232620116879,31.62918740912992,0.048981226249582364,0.061185451350813054,0.06023841488379396,-0.007597658306891208,-0.009196075082931734,-0.009044436838071096
set_cover_cw_tour,356.0,45.63770532895913,-11.609399449306387,31.73053957737668,0.03356009522346039,0.04165935075701291,0.04111371011971962,-0.008002006385072185,-0.00966964925565109,-0.00952179837766417
set_cover_cw_tour,358.0,45.68851666296673,-11.546490809595637,31.792687484105596,0.01723591893972902,0.021261601367643598,0.021034170092972936,-0.00840861637194684,-0.010141388445762964,-0.009999111166031995
set_cover_cw_tour,360.0,45.705768596261834,-11.525242208318433,31.813721663173073,-5.898059818321144e-17,1.214306433183765e-16,7.632783294297951e-17,-0.008817486185688372,-0.010611282421781335,-0.010476372759352265
set_cover_cw_tour,362.0,45.64627417561631,-11.50509958283273,31.827247405181154,-0.05947927050423403,0.02018748737535368,0.013525736237138469,-0.02993785663436941,0.010026433684082528,0.006803595151166595
set_cover_cw_tour,364.0,45.47065460508923,-11.44514544808567,31.867210778924473,-0.11612572512266076,0.039809372626648326,0.026437620455271815,-0.028566036876971655,0.009612252499831492,0.006496703505398281
set_cover_cw_tour,366.0,45.184567387105936,-11.346536221607696,31.932383947207157,-0.16994750497233957,0.058840448611951035,0.03873552002040628,-0.027196544296138644,0.009191868454200707,0.006189778596768963
set_cover_cw_tour,368.0,44.79365365725513,-11.210478677148263,32.021538813851684,-0.22095283574996138,0.07725556631797532,0.05041930858500852,-0.02582938590361738,0.008765292094620233,0.005882821996721838
set_cover_cw_tour,370.0,44.30353801529111,-11.038229827972614,32.133447036272806,-0.2691500275702241,0.09502963530588691,0.06148886608897707,-0.024464568699203913,0.008332534000224545,0.0055758352768623745
set_cover_cw_tour,372.0,43.71982835646006,-10.8310968092678,32.26688003805332,-0.3145474748034174,0.1121376241562678,0.07194407876056552,-0.023102099670707518,0.007893604781798328,0.005268820008950246
set_cover_cw_tour,374.0,43.04811570315194,-10.590436759659593,32.42060902152167,-0.35715365591221826,0.12855456091323494,0.08178483911725731,-0.0217419857939149,0.007448515081722192,0.004961777764891295
set_cover_cw_tour,376.0,42.2939740368796,-10.317656701842033,32.59340498033122,-0.3969771332876989,0.14425553352770962,0.09101104596659229,-0.020384234032554478,0.006997275573918153,0.004654710116729474
set_cover_cw_tour,378.0,41.4629601305866,-10.014213422321276,32.78403871204118,-0.43402655308454835,0.15921569029983348,0.09962260440694495,-0.019028851338260724,0.006539896963795003,0.00434761863663881
set_cover_cw_tour,380.0,40.560613381285506,-9.681613350275468,32.99128083069899,-0.4683106450555094,0.1734102403205276,0.10761942582825436,-0.01767584465053862,0.006076389988193494,0.004040504896915353
set_cover_cw_tour,382.0,39.59245564302793,-9.321412435532359,33.21390177942415,-0.49983822238503217,0.18681445391219048,0.11500142791270576,-0.016325220896728054,0.005606765415331352,0.0037333704699691085
set_cover_cw_tour,384.0,38.56399106020818,-8.9352160256664,33.45067184299332,-0.5286181815221457,0.1994036630685313,0.1217685346353639,-0.01497698699196838,0.005131034044748165,0.0034262169283160084
set_cover_cw_tour,386.0,37.48070590120185,-8.524678742217018,33.70036116042672,-0.5546595020125492,0.21115326189353442,0.12792067626475795,-0.013631149839163062,0.004649206707250081,0.003119045844569848
set_cover_cw_tour,388.0,36.34806839234108,-8.091504356029857,33.961739737575556,-0.5779712463299248,0.2220387070395514,0.13345778936341826,-0.01228771632894425,0.004161294264854341,0.0028118587914342406
set_cover_cw_tour,390.0,35.17152855222792,-7.63744566172269,34.233577459710524,-0.5985625597064724,0.23203551814451653,0.13837981678836456,-0.010946693339637565,0.003667307610733697,0.0025046573416945585
set_cover_cw_tour,392.0,33.956518026387435,-7.1643043512777975,34.51464410411126,-0.6164426699626688,0.24111927826828236,0.14268670769154604,-0.009608087737226849,0.0031672576691606047,0.002197443068209885
set_cover_cw_tour,394.0,32.70844992226204,-6.673930886762549,34.80370935265658,-0.6316208873362528,0.249265634328071,0.14637841752023295,-0.008271906375319021,0.002661155395451317,0.001890217543904964
set_cover_cw_tour,396.0,31.43271864454864,-6.168224372179969,35.09954280441546,-0.6441066043104365,0.2564502975330376,0.14945490801735997,-0.006938156095108987,0.002149011775909784,0.0015829823417621378
set_cover_cw_tour,398.0,30.13469973088013,-5.64913242445107,35.40091398823867,-0.6539092954413468,0.2626490438179423,0.15191614722182115,-0.005606843725344615,0.0016308378277714005,0.001275739034813302
set_cover_cw_tour,400.0,28.819749687852784,-5.1186510435307335,35.706592375350965,-0.6610385171846952,0.26783771427592656,0.1537621094687165,-0.004277976082291763,0.001106644599146604,0.0009684891961318489
set_cover_cw_tour,402.0,27.493205827401066,-4.578824481658943,36.01534739194367,-0.6655039077216808,0.27199221559039016,0.15499277538955036,-0.0029515599696993892,0.0005764431689643022,0.0006612343988246097
set_cover_cw_tour,404.0,26.160386103521397,-4.031745111749157,36.32594843176767,-0.6673151867841257,0.2750885204659655,0.15560813191238132,-0.0016276021787647117,4.024464691515799e-05,0.000353976216023808
set_cover_cw_tour,406.0,24.826588949346423,-3.479553294915649,36.637164868726614,-0.6664821554788455,0.2771026680585846,0.15560817226192372,-0.00030610948809844485,-0.000501939826605296,4.671622087899698e-05
set_cover_cw_tour,408.0,23.497093114571317,-2.9244372471416122,36.947766069470276,-0.6630146961112557,0.2780107644046358,0.15499289595960108,0.00101291133630991,-0.0010500990805536975,-0.00026054401345099003
set_cover_cw_tour,410.0,22.17715750323361,-2.3686329050898767,37.256521405988,-0.6569227720082168,0.277788982849206,0.15376230882355083,0.0023294535411267107,-0.001604221913296051,-0.0005678029138060916
set_cover_cw_tour,412.0,20.872021011848094,-1.8144237910580514,37.56220026820209,-0.6482164273401176,0.27641356447340476,0.15191642296858093,0.003643510385708747,-0.0021642970926650743,-0.0008750589070330795
set_cover_cw_tour,414.0,19.58690236789835,-1.2641408770799423,37.86357207656104,-0.6369057869422008,0.27386081852076644,0.1494552568060781,0.004955075142137749,-0.00273031335601771,-0.0011823104199936109
set_cover_cw_tour,416.0,18.32699996868633,-0.7201624481750905,38.159406294632596,-0.6230010561351296,0.27010712282272686,0.14637883504386764,0.006264141095254858,-0.0033022594102927894,-0.0014895558795722796
set_cover_cw_tour,418.0,17.097491720541612,-0.18491396474828703,38.44847244169641,-0.6065125205448,0.26512892422317047,0.14268718868602495,0.007570701542694958,-0.00388012393206885,-0.0017967937126846722
set_cover_cw_tour,420.0,15.903534878391746,0.33913207585907534,38.72954010533633,-0.5874505459213978,0.2589027390020444,0.13838035503263868,0.008874749794921038,-0.004463895567622118,-0.0021040223462854245
set_cover_cw_tour,422.0,14.750265885695269,0.8494562786639425,39.00137895403216,-0.5658255779577029,0.25140515329803587,0.13345837767952556,0.010176279175258427,-0.005053562932984633,-0.002411240207376271
set_cover_cw_tour,424.0,13.642800214738845,1.3434924911809523,39.26275874975075,-0.5416481421066431,0.2426128235303089,0.12792130651789693,0.011475283019928974,-0.005649114614002533,-0.0027184457230141016
set_cover_cw_tour,426.0,12.586232207300052,1.81862794440432,39.51244936053645,-0.5149288433980973,0.23250247681929692,0.12176919773397682,0.012771754678085164,-0.006250539166394495,-0.003025637320319018
set_cover_cw_tour,428.0,11.585634915677307,2.2722033946303597,39.749220773100674,-0.4856783662549517,0.2210509114065472,0.11500211380857177,0.014065687511844182,-0.006857825115810336,-0.003332813426482378
set_cover_cw_tour,430.0,10.646059944088437,2.701513266118745,39.97184310541062,-0.4539074743084094,0.20823499707361404,0.10762012351659231,0.015357074896321892,-0.00747096095788975,-0.0036399724687748575
set_cover_cw_tour,432.0,9.772537290439361,3.1038057945906,40.179086619276944,-0.41962701021255494,0.19403167555999634,0.09962330192652613,0.016645910219666753,-0.008089935158321218,-0.003947112874554496
set_cover_cw_tour,434.0,8.970075188464396,3.4762831715615072,40.36972173294034,-0.3828478954581761,0.1784179609801164,0.09101173039986285,0.017932186883093677,-0.00871473615290106,-0.004254233071274751
set_cover_cw_tour,436.0,8.243659950239655,3.8161016895075126,40.542519033656944,-0.3435811301858441,0.16137094023933585,0.08178549659047053,0.01921589830091781,-0.009345352347592647,-0.004561331486492552
set_cover_cw_tour,438.0,7.598255809071033,4.120371887862195,40.696249290282395,-0.3018377929982536,0.14286777344900561,0.07194469444392387,0.02049703790058825,-0.009981772118585754,-0.004868406547876348
set_cover_cw_tour,440.0,7.038804762758244,4.386158699842866,40.829683465854565,-0.25762904077182514,0.12288569434054562,0.061489424196784034,0.0217755991227217,-0.01062398381235608,-0.005175456683214158
set_cover_cw_tour,442.0,6.57022641723639,4.6104816001039595,40.941592730174754,-0.21096610846757036,0.10140201067855109,0.05041979237583022,0.023051575421136065,-0.011271975745724914,-0.005482480320421621
set_cover_cw_tour,444.0,6.1974178305965415,4.79031475321565,41.03074847238731,-0.16186030894122252,0.07839410467292156,0.0387359117972429,0.024324960262883943,-0.01192573620591895,-0.005789475887550048
set_cover_cw_tour,446.0,5.925253357486781,4.922587162965757,41.09592231355757,-0.1103230327526338,0.053839433390009045,0.026437901565738803,0.02559574712828609,-0.012585253450630256,-0.006096441812794463
set_cover_cw_tour,448.0,5.758584493895194,5.004182822482957,41.135886119248056,-0.05636574797444077,0.027715529162781787,0.013525887073657521,0.02686392951096479,-0.013250515708076394,-0.006403376524501661
set_cover_cw_tour,450.0,5.702239722316251,5.031940865179336,41.14941201209271,-2.0816681711721685e-17,-1.0061396160665481e-16,-7.28583859910259e-17,0.02812950091787719,-0.013921511177060688,-0.006710278451178243
set_cover_cw_tour,452.0,5.672432570464788,5.029596558227634,41.17391962205788,-0.02980894122620431,-0.002321823733237156,0.024507599508688055,-0.01492367662876053,-0.0011946346842625307,0.012306481067509171
set_cover_cw_tour,454.0,5.584353796582644,5.022891105839183,41.24633019547165,-0.0582714843082108,-0.00436216094962308,0.04790294301013437,-0.014245316301156566,-0.0011198179958541643,0.011750415328344782
set_cover_cw_tour,456.0,5.440697237387233,5.012375246086754,41.36441897926386,-0.08538659459766744,-0.006133247390468995,0.07018579039791316,-0.013566843146164154,-0.001048071461069144,0.01119428942752587
set_cover_cw_tour,458.0,5.244158757257955,4.9985752399355565,41.525960751541945,-0.11115327908254719,-0.007647324390617848,0.09135591295621409,-0.012888260637538592,-0.0009793955826440835,0.010638106212394704
set_cover_cw_tour,460.0,4.997436164952823,4.981992860276063,41.7287298443739,-0.1355705863978312,-0.008916638658552776,0.11141309336159988,-0.012209572249595072,-0.0009137908475939567,0.01008186853058701
set_cover_cw_tour,462.0,4.703229130304093,4.963105381396663,41.970500166574716,-0.15863760683580078,-0.009953442056453281,0.13035712568467664,-0.011530781457190878,-0.0008512577272096085,0.009525579230017376
set_cover_cw_tour,464.0,4.364239100893702,4.9423655688962596,42.24904522649604,-0.18035347235593804,-0.010769991380200886,0.14818781539167689,-0.010851891735707607,-0.0007917966770553395,0.00896924115886468
set_cover_cw_tour,466.0,3.983169218709297,4.920201670036897,42.562138154818946,-0.2007173565944355,-0.011378548139336201,0.16490497934595488,-0.010172906561033363,-0.0007354081369665744,0.008412857165557498
set_cover_cw_tour,468.0,3.5627242367816425,4.897017404536529,42.907551727349606,-0.21972847487331396,-0.011791378336969345,0.18050844580939454,-0.009493829409544966,-0.0006820925310476091,0.007856430098759526
set_cover_cw_tour,470.0,3.1056104358041714,4.873191955802005,43.283058387817654,-0.23738608420914947,-0.012020752249645633,0.19499805444372986,-0.008814663758090164,-0.0006318502676694402,0.007299962807355009
set_cover_cw_tour,472.0,2.6145355407354836,4.849079962602372,43.68643027067715,-0.2536894833214084,-0.012078944207168492,0.20837365631177765,-0.008135413083969811,-0.0005846817394676747,0.0067434581404341165
set_cover_cw_tour,474.0,2.0922086373855615,4.82501151118257,44.115439223909895,-0.26863801264039094,-0.011978232372381511,0.2206351138785828,-0.007456080864920076,-0.0005405873233405186,0.006186918947278394
set_cover_cw_tour,476.0,1.541340088986491,4.801292127817603,44.56785683183096,-0.28223105431478346,-0.011730898520911567,0.23178230101247616,-0.00677667057909463,-0.0004995673804468459,0.005630348077346163
set_cover_cw_tour,478.0,0.9646414527484692,4.778202771807259,45.041454437896206,-0.29446803221881857,-0.011349227820874972,0.24181510298604442,-0.006097185705046857,-0.0004616222562043538,0.005073748380257913
set_cover_cw_tour,480.0,0.36482539640188416,4.755999828911459,45.53400316751174,-0.30534841195904394,-0.010845508612548559,0.25073341647701297,-0.005417629721712014,-0.00042675228028779007,0.004517122705781746
set_cover_cw_tour,482.0,-0.2553943852737518,4.734915105226287,46.04327395084496,-0.3148717008806991,-0.010232032188007646,0.2585371495690408,-0.004738006108389445,-0.0003949577666272668,0.003960473903818755
set_cover_cw_tour,484.0,-0.8933032539332294,4.71515582150079,46.56703754563715,-0.3230374480737003,-0.009521092570732817,0.2652262217524278,-0.004058318344724752,-0.00036623901340665196,0.0034038048243884463
set_cover_cw_tour,486.0,-1.5461857111606487,4.696904607894578,47.10306456001738,-0.32984524437823376,-0.008724986295187455,0.27080056392473495,-0.0033785699106919824,-0.00034059630306204565,0.002847118317614151
set_cover_cw_tour,488.0,-2.21132548197522,4.680319499176308,47.6491254753176,-0.33529472238995683,-0.007856012186367948,0.27526011839131614,-0.002698764286575822,-0.00031802990228033037,0.0022904172337084253
set_cover_cw_tour,490.0,-2.8860055983470745,4.66553393036309,48.20299066888864,-0.33938555646480717,-0.006926471139328522,0.27860483886576315,-0.0020189049529537604,-0.0002985400619978073,0.0017337044229584573
set_cover_cw_tour,492.0,-3.567508482722301,4.652656732800863,48.76243043691709,-0.34211746272342,-0.005948665898682627,0.28083469047026266,-0.0013389953906782766,-0.00028212701739891224,0.0011769827357114761
set_cover_cw_tour,494.0,-4.253116031556426,4.6417721306857995,49.32521501724276,-0.343490199055153,-0.004934900838082807,0.2819496497358656,-0.0006590390808590196,-0.0002687909879150098,0.0006202550223601624
set_cover_cw_tour,496.0,-4.940109698855552,4.632939738026758,49.88911461217657,-0.3435035651217197,-0.003897481739680999,0.28194970460266916,2.0960495155007954e-05,-0.00025853217722327166,6.352413332804709e-05
set_cover_cw_tour,498.0,-5.6257705797243664,4.626194556048845,50.45189941131878,-0.3421574023604302,-0.0028487155735711896,0.2808348544199109,0.0007009998557932963,-0.00025135077324563176,-0.0004932070809450812
set_cover_cw_tour,500.0,-6.307379493920247,4.6215469710380965,51.01133961437728,-0.33945159398704,-0.0018009102772163703,0.2786051099459756,0.0013810755192816308,-0.0002472469481478262,-0.0010499357700177667
set_cover_cw_tour,502.0,-6.982217069412666,4.618982752627328,51.565205453985804,-0.33538606499820667,-0.0007663745348617241,0.27526049334831415,0.002061184003659924,-0.00024622085833851096,-0.0016066590834614772
set_cover_cw_tour,504.0,-7.6475638259471195,4.618463052523167,52.11126721852192,-0.3299607821735542,0.00024258244306401893,0.27080103820327517,0.0027413218268000556,-0.0002482726444684604,-0.002163374170875209
set_cover_cw_tour,506.0,-8.30070025861279,4.619924403674292,52.647295274924545,-0.32317575407734517,0.0012136511405571259,0.26522678949584866,0.0034214855064236935,-0.00025340243142984726,-0.0027200781819000826
set_cover_cw_tour,508.0,-8.938906921413167,4.623278719880901,53.17106009151095,-0.31503103105976105,0.002134521956655355,0.25853780361932244,0.00410167156012011,-0.00026161032835560487,-0.0032767682662339145
set_cover_cw_tour,510.0,-9.559464510838826,4.62841329584541,53.68033226079288,-0.3055267052577896,0.0029928854260604823,0.2507341483748507,0.0047818765053640345,-0.0002728964286188663,-0.003833441573645834
set_cover_cw_tour,512.0,-10.1596539494416,4.635190807664413,54.17288252229179,-0.2946629105957204,0.0037764324397649056,0.24181590297093516,0.005462096859533464,-0.00028726080983248743,-0.004390095253990865
set_cover_cw_tour,514.0,-10.736756469409347,4.643449313761893,54.646481785352975,-0.2824398227852485,0.004472854465680405,0.2317831580228185,0.006142329139927506,-0.0003047035338486491,-0.004946726457224527
set_cover_cw_tour,516.0,-11.288053696140528,4.653002256263685,55.09890115195833,-0.26885765932518474,0.005069843769267112,0.22063601555179016,0.006822569863784212,-0.00032522464675854124,-0.005503332333417409
set_cover_cw_tour,518.0,-11.81082773181782,4.663638462813201,55.52791193953769,-0.253916679500775,0.005555093634160756,0.20837458898440483,0.007502815548298393,-0.00034882417889212547,-0.006059910032769784
set_cover_cw_tour,520.0,-12.30236123897997,4.67512214882841,55.93128570377849,-0.23761718438262652,0.005916298582796253,0.19499900315161306,0.008183062710639465,-0.00037550214481798117,-0.006616456705626189
set_cover_cw_tour,522.0,-12.759937524091107,4.687192920200052,56.30679426143363,-0.21995951682524198,0.006141154597025692,0.1805093942878044,0.008863307867969282,-0.00040525854334323046,-0.00717296950249001
set_cover_cw_tour,524.0,-13.180840621106745,4.6995657764310845,56.6522097131273,-0.2009440614651615,0.006217359338728797,0.16490591002976313,0.009543547537459961,-0.00043809335751354364,-0.00772944557403808
set_cover_cw_tour,526.0,-13.562355375035654,4.711931114217341,56.965304466158635,-0.1805712447187124,0.006132612370413911,0.1481887094155361,0.010223778236311714,-0.00047400655461322694,-0.008285882071135266
set_cover_cw_tour,528.0,-13.901767525496867,4.723954731469381,57.24385125730308,-0.15884153477936658,0.005874615375807577,0.1303579628832135,0.010903996481770683,-0.0005129980861653896,-0.008842276144849046
set_cover_cw_tour,530.0,-14.196363790270977,4.735277831775501,57.48562317561112,-0.1357554416147059,0.005431072380430775,0.1114138522696215,0.011584198791146775,-0.000555067887932192,-0.009398624946464113
set_cover_cw_tour,532.0,-14.443431948845001,4.7455170293058915,57.688393685204396,-0.1113135169629951,0.004789689972159887,0.09135657080892792,0.012264381681831487,-0.0006002158799151748,-0.00995492562749695
set_cover_cw_tour,534.0,-14.640260925949981,4.754264354157892,57.84993664806893,-0.0855163543293628,0.003938177521770435,0.07018632313116002,0.012944541671315736,-0.0006484419663556682,-0.010511175339710412
set_cover_cw_tour,536.0,-14.784140875090564,4.761087258142319,57.968026346845264,-0.058364588981590235,0.0028642474034616798,0.04790332526063485,0.013624675277207692,-0.0006997460357352827,-0.011067371235128316
set_cover_cw_tour,538.0,-14.872363262065758,4.765528621010816,58.04043750761538,-0.02985889794550782,0.0015556152153601227,0.024507804614302228,0.014304779017250614,-0.0007541279607764794,-0.011623510466050015
set_cover_cw_tour,540.0,-14.902220948480096,4.767106757124197,58.064945322686256,2.5326962749261384e-16,-7.806255641895632e-18,7.632783294297951e-17,0.01498484940934067,-0.0008115875984432224,-0.012179590185064985
set_cover_cw_tour,542.0,-14.939291761137305,4.764667224906272,58.03842199474317,-0.03707267902021914,-0.0024115703679835703,-0.026523316626551215,-0.018476307951655994,-0.001247725865254409,-0.0131873470511357
set_cover_cw_tour,544.0,-15.048830835821711,4.7577342742722335,57.96005576828472,-0.07246810704888745,-0.004494683472800709,-0.05184287639589581,-0.01763231618979595,-0.0011654854087739138,-0.012585536008148648
set_cover_cw_tour,546.0,-15.227482569659854,4.746949588403074,57.83225441656253,-0.10618519038928359,-0.006264571484707176,-0.07595842079813689,-0.016788231724476365,-0.0010870646202275,-0.01198366052772273
set_cover_cw_tour,548.0,-15.471889224193108,4.73292438044844,57.657426217520566,-0.13822288715449255,-0.007736472225713964,-0.09886970365103925,-0.015944058877375798,-0.0010124639093629468,-0.011381723691436234
set_cover_cw_tour,550.0,-15.778691029007227,4.716239382496723,57.43797992913792,-0.16858020727726492,-0.008925628895984,-0.12057649110191809,-0.015099801970625309,-0.0009416836663693909,-0.010779728581181586
set_cover_cw_tour,552.0,-16.144526285381126,4.697444835092391,57.1763247647679,-0.19725621251938993,-0.009847289800181316,-0.14107856162943294,-0.014255465326786359,-0.0008747242618753258,-0.010177678279149562
set_cover_cw_tour,554.0,-16.56603146995391,4.677060477300682,56.87487036847364,-0.22425001648058157,-0.01051670807377511,-0.16037570604528711,-0.013411053268828653,-0.0008115860469467057,-0.00957557586781354
set_cover_cw_tour,556.0,-17.039841338409207,4.655575537319725,56.53602679036039,-0.24956078460687814,-0.010949141409301108,-0.17846772749583223,-0.012566570120108003,-0.0007522693530851469,-0.008973424429913673
set_cover_cw_tour,558.0,-17.562589029175797,4.63344872364018,56.16220446190469,-0.27318773419855497,-0.011159851782582605,-0.19535444146357822,-0.011722020204344227,-0.0006967744922262323,-0.008371227048441144
set_cover_cw_tour,560.0,-18.130906167143582,4.611108216752472,55.75581417128067,-0.29513013441755026,-0.011164105178913619,-0.21103567576860846,-0.010877407845598963,-0.0006451017567379128,-0.007768986806622356
set_cover_cw_tour,562.0,-18.741422967393934,4.588951661401698,55.319267038683506,-0.3153873062944039,-0.010977171319206544,-0.2255112705699002,-0.010032737368253566,-0.0005972514194190114,-0.007166706787903163
set_cover_cw_tour,564.0,-19.390768338943417,4.56734615939027,54.85497449165045,-0.33395862273470955,-0.010614323386106706,-0.23878107836655027,-0.009188013096986955,-0.0005532237334978253,-0.006564390075933062
set_cover_cw_tour,566.0,-20.075569988499936,4.5466282629283645,54.36534824037943,-0.3508435085250794,-0.010090837750076232,-0.25084496399890605,-0.008343239356753466,-0.0005130189326308312,-0.0059620397545494305
set_cover_cw_tour,568.0,-20.792454524230326,4.527103968532224,53.852800253045494,-0.3660414403386222,-0.009421993695449635,-0.2617028046496016,-0.00749842047276072,-0.000476637230901486,-0.0053596589077617215
set_cover_cw_tour,570.0,-21.53804755953841,4.50904871147038,53.3197427311153,-0.37955194673993387,-0.00862307314646352,-0.271354489844499,-0.006653560770447476,-0.00044407882281913475,-0.00475725061973567
set_cover_cw_tour,572.0,-22.308973816852546,4.492707360757844,52.76858808465979,-0.3913746081896013,-0.007709360393262811,-0.27979992145353516,-0.005808664575461472,-0.0004153438833180109,-0.004154817974777526
set_cover_cw_tour,574.0,-23.101857231421707,4.478294214698296,52.20174890766529,-0.40150905704821854,-0.006696141817885913,-0.2870390136914734,-0.00496373621363729,-0.0003904325677563435,-0.0035523640573182236
set_cover_cw_tour,576.0,-23.91332105511909,4.465992996974331,51.62163795334319,-0.40995497757991617,-0.005598705620231205,-0.29307169311856063,-0.00411878001097421,-0.00036934501191556005,-0.0029498919518976333
set_cover_cw_tour,578.0,-24.739987960252314,4.455956853285787,51.03066810943838,-0.4167121059554033,-0.004432341544007277,-0.29789789864108973,-0.003273800293614046,-0.0003520813319995916,-0.0023474047431487274
set_cover_cw_tour,580.0,-25.578480143379196,4.448308348536189,50.431252373536715,-0.42178023025452227,-0.003212340602669312,-0.3015175815118667,-0.0024288013878190234,-0.00033864162463427815,-0.0017449055157818215
set_cover_cw_tour,582.0,-26.425419429128166,4.443139464567323,49.825803828371576,-0.425159190468316,-0.0019539948053440203,-0.3039307053305836,-0.0015837876199495885,-0.00032902596686687464,-0.0011423973545687614
set_cover_cw_tour,584.0,-27.277427374022317,4.44051159844198,49.21673561712983,-0.4268488785006085,-0.0006725968827455287,-0.3051372460440962,-0.0007387633164422993,-0.00032323441616565493,-0.0005398833443271255
set_cover_cw_tour,586.0,-28.13112537030614,4.440455561274872,48.60646091875729,-0.4268492381690973,0.0006165599869153637,-0.3051371919466072,0.00010626719621235359,-0.0003212670104196183,6.263343009554716e-05
set_cover_cw_tour,588.0,-28.983134749773946,4.442971577611729,47.99739292326396,-0.42516026520595945,0.0018981824520261654,-0.30393054367975436,0.0009512995914920849,-0.0003231237679382949,0.0006651498838375729
set_cover_cw_tour,590.0,-29.830076887599017,4.448029285356597,47.3919448070291,-0.4217820072579693,0.0031569772616694895,-0.3015173142326038,0.0017963295428649706,-0.00032880468745165423,0.0012676629320389106
set_cover_cw_tour,592.0,-30.668573306162507,4.455567736247321,46.792529708106514,-0.4167145638861299,0.004377651539719279,-0.297897528941549,0.002641352723811599,-0.00033830974811010887,0.0018701694898569498
set_cover_cw_tour,594.0,-31.495245778881117,4.465495396879224,46.201560701530056,-0.409958086564816,0.00554491305893404,-0.2930712254901141,0.003486364807847223,-0.00035163890948462193,0.0024726664724823173
set_cover_cw_tour,596.0,-32.306716434032566,4.477690150276965,45.62145077461965,-0.40151277868043117,0.006643470515044687,-0.2870384539086635,0.004331361468543919,-0.00036879211156691516,0.0030751507951546613
set_cover_cw_tour,598.0,-33.0996078585779,4.491999298014561,45.054612802288005,-0.39137889552957605,0.007658033800834584,-0.2797992765740156,0.005176338379552718,-0.0003897692747697758,0.0036776193731784465
set_cover_cw_tour,600.0,-33.870543201979615,4.508239562883571,44.503459522348145,-0.3795567443167304,0.008573314280209392,-0.2713537682089624,0.006021291214625771,-0.00041457029992746243,0.004280069121938752
set_cover_cw_tour,602.0,-34.61614628001473,4.526197092109393,43.970403510822045,-0.36604668415144764,0.009374025062254293,-0.2617020158816941,0.0068662156476385055,-0.0004431950682962151,0.0048824969569170595
set_cover_cw_tour,604.0,-35.33304167858167,4.545627461115671,43.457857157250494,-0.3508491260450618,0.010044881275276212,-0.250844119005129,0.007711107352611762,-0.00047564344155486216,0.005484899793707055
set_cover_cw_tour,606.0,-36.017854857500154,4.566255677836765,42.9682326400044,-0.3339645329069077,0.010570600340828613,-0.23878018933614828,0.008555962003733939,-0.000511915261805528,0.006087274548030406
set_cover_cw_tour,608.0,-36.667212254302974,4.587776187578256,42.50394190159769,-0.31539341954005357,0.010935902247716473,-0.22551035097473654,0.009400775275383163,-0.0005520103515744418,0.006689618135752563
set_cover_cw_tour,610.0,-37.2777413880188,4.609852878425428,42.06739662400208,-0.2951363526365468,0.011125509825979013,-0.21103474036302705,0.010245542842149409,-0.0005959285138128475,0.007291927472898557
set_cover_cw_tour,612.0,-37.846070962944985,4.632119087199705,41.661008203963775,-0.27319395077217246,0.011124149020847811,-0.1953535062842526,0.011090260378856671,-0.0006436695318980109,0.007894199475668766
set_cover_cw_tour,614.0,-38.36883097240934,4.6541776059629685,41.28718772832244,-0.24956688440072447,0.010916549166677867,-0.17846680986160135,0.011934923560585087,-0.0006952331696343288,0.008496431060454734
set_cover_cw_tour,616.0,-38.84265280252006,4.675600689069713,40.94834594933251,-0.22425587584779022,0.010487443260849213,-0.16037482455697802,0.01277952806269309,-0.0007506191712545394,0.009098619143854927
set_cover_cw_tour,618.0,-39.264169335902636,4.695930060766965,40.64689325998707,-0.19726169930404774,0.009821568237636687,-0.14107773616967034,0.01362406956083956,-0.000809827261421032,0.00970076064269055
set_cover_cw_tour,620.0,-39.63001505542297,4.714676923341921,40.38523966934449,-0.16858518081807622,0.008903665242045453,-0.12057574283492077,0.014468543731005937,-0.0008728571452272551,0.010302852474021311
set_cover_cw_tour,622.0,-39.93682614789554,4.731321965817208,40.16579477785809,-0.1382271982886794,0.007718479903609845,-0.0988690550224034,0.015312946249518393,-0.0009397085081992275,0.010904891555161219
set_cover_cw_tour,624.0,-40.18124060777574,4.745315373193708,39.99096775270881,-0.10618868145672235,0.006250762610153177,-0.07595789553460622,0.01615727279306995,-0.0010103810162971486,0.011506874803694358
set_cover_cw_tour,626.0,-40.3598983408355,4.7560768362408625,39.86316730314133,-0.07247061189648124,0.004485268781506063,-0.051842499505118676,0.017001519038742613,-0.0010848743159171076,0.012108799137490675
set_cover_cw_tour,628.0,-40.46944126782097,4.762995561834369,39.78480165580365,-0.03707402300650658,0.002406759143180883,-0.02652311439682452,0.017845680664029518,-0.0011631880338928953,0.012710661474721757
set_cover_cw_tour,630.0,-40.50651342809155,4.765430283841179,39.75827853009039,3.0531133177191805e-16,-2.2551405187698492e-17,5.204170427930421e-17,0.018689753346857046,-0.0012453217774979132,0.01331245873387661
set_cover_cw_tour,632.0,-40.46609466384722,4.7237110644258316,39.73630642595004,0.04038732652853494,-0.04174968131859833,-0.021972094765646318,0.020396355099887048,-0.020829112217252956,-0.010935166538512273
set_cover_cw_tour,634.0,-40.34699134089485,4.600148548668687,39.671387312702755,0.07868590968999559,-0.08184172091940939,-0.04294699078303027,0.019444270575732104,-0.019911270272482955,-0.010436622987081734
set_cover_cw_tour,636.0,-40.1533638994181,4.398076043899587,39.56551580295679,0.11491280429426168,-0.12025810777165696,-0.06292447379143683,0.018496648116194458,-0.01898912979561297,-0.009938026000560691
set_cover_cw_tour,638.0,-39.88933861081101,4.1208627618318365,39.420686927629724,0.14908512427602272,-0.15698094856724587,-0.0819043397424543,0.017553492573063028,-0.01806271099055437,-0.009439378131745684
set_cover_cw_tour,640.0,-39.559007459744606,3.771913582805947,39.23889611552225,0.18122004237845163,-0.19199246803142364,-0.09988639480154002,0.01661480877525633,-0.017132034083123415,-0.008940681933693774
set_cover_cw_tour,642.0,-39.16642802686675,3.3546688194136864,39.02213917288896,0.21133478983632945,-0.22527500923180202,-0.11687045534950764,0.0156806015287977,-0.01619711932093766,-0.008441939959709465
set_cover_cw_tour,644.0,-38.71562337213624,2.872603979505733,38.7724122630062,0.2394466560586248,-0.2568110338857361,-0.13285634798393606,0.014750875616790712,-0.015257986973312331,-0.00794315476333163
set_cover_cw_tour,646.0,-38.21058191879234,2.3292295285862163,38.4917118857372,0.26557298831053044,-0.2865831226660582,-0.14784390952049975,0.013825635799394694,-0.014314657331156493,-0.007444328898320446
set_cover_cw_tour,648.0,-37.655257337960734,1.728090651597435,38.18203485709465,0.28973119139495984,-0.3145739755051634,-0.16183298699422075,0.012904886813800354,-0.013367150706869209,-0.006945464918644298
set_cover_cw_tour,650.0,-37.053568433897034,1.0727670140980563,37.845378288800774,0.3119387273335069,-0.3407664118974453,-0.1748234376606421,0.011988633374205518,-0.012415487434235508,-0.006446565378466735
set_cover_cw_tour,652.0,-36.40939902986895,0.366872522838096,37.48373956784523,0.33221311504687095,-0.3651433712000776,-0.18681512899692287,0.011076880171790995,-0.011459687868322296,-0.00594763283213336
set_cover_cw_tour,654.0,-35.72659785467807,-0.3859449142660101,37.09911633604082,0.35057193003475046,-0.38768791293214067,-0.19780793870285462,0.010169631874696551,-0.010499772385374157,-0.00544866983415877
set_cover_cw_tour,656.0,-35.00897842982243,-1.1820036287529279,36.693506469577315,0.3670328040552082,-0.40838321707208897,-0.20780175470179937,0.009266893127997045,-0.009535761382708969,-0.004949678939213475
set_cover_cw_tour,658.0,-34.26031895730087,-2.0175884328312232,36.268908058573395,0.38161342480351024,-0.42721258435355786,-0.21679647514154912,0.008368668553678578,-0.008567675278613539,-0.004450662702110813
set_cover_cw_tour,660.0,-33.48436220806023,-2.888950861184109,35.827319386627046,0.39433153559044204,-0.4441594365595064,-0.22479200839510682,0.007474962750614917,-0.007595534512239011,-0.003951623677793878
set_cover_cw_tour,662.0,-32.68481541108645,-3.792309413360811,35.37073891036441,0.40520493502010435,-0.4592073168146942,-0.23178827306138886,0.006585780294543861,-0.006619359543496232,-0.0034525644213224283
set_cover_cw_tour,664.0,-31.865350143140528,-4.723849796751223,34.90116523898731,0.4142514766671918,-0.47233988987648906,-0.237785197965849,0.005701125738043884,-0.0056391708529510195,-0.0029534874878598145
set_cover_cw_tour,666.0,-31.029602219140575,-5.679725170140499,34.420597113819646,0.4214890687537568,-0.48354094242400397,-0.24278272216102376,0.004821003610510772,-0.004654988941719272,-0.002454395432659887
set_cover_cw_tour,668.0,-30.1811715831907,-6.656056387840258,33.931033387852736,0.4269356738254618,-0.4927943833455594,-0.2467807949269994,0.003945418418134473,-0.0036668343313620306,-0.0019552908110539256
set_cover_cw_tour,670.0,-29.323622200258004,-7.648932244393021,33.43447300528983,0.4306093084273228,-0.5000842440244697,-0.24977937577180015,0.0030743746438760093,-0.0026747275637803844,-0.0014561761784375477
set_cover_cw_tour,672.0,-28.46048194849855,-8.654409719846555,32.93291498108992,0.4325280427789467,-0.5053946786231505,-0.2517784344316982,0.002207876747444516,-0.0016786892011103134,-0.0009570540902576231
set_cover_cw_tour,674.0,-27.595242512233373,-9.66851422559475,32.428358380510986,0.43271000044926555,-0.5087099643655445,-0.2527779508714448,0.001345929165274416,-0.0006787398256174093,-0.00045792710199919415
set_cover_cw_tour,676.0,-26.73135927557551,-10.687239850781658,31.922802298652883,0.43117335803077067,-0.510014501817864,-0.2527779152844232,0.0004885363105027079,0.000325099960408507,4.120223082760416e-05
set_cover_cw_tour,678.0,-25.87225121670909,-11.70654960926533,31.418245840000004,0.42793634481324916,-0.5092928151676461,-0.2517783280927228,-0.00036429742705362095,0.0013328095347588855,0.0005403313527006359
set_cover_cw_tour,680.0,-25.0213008028214,-12.722375687138088,30.916688097963856,0.4230172424570258,-0.5065295525011202,-0.24977919994713485,-0.0012125676809200917,0.002344368255411993,0.0010394577080988423
set_cover_cw_tour,682.0,-24.181853885689016,-13.730619690799823,30.42012813442573,0.41643438466571353,-0.5017094860788832,-0.24678055172706942,-0.0020562701079870718,0.003359755460638629,0.001538578741515334
set_cover_cw_tour,684.0,-23.35721959791886,-14.727152895580968,29.930564959279618,0.40820615685847467,-0.49481751260988227,-0.24278241454039426,-0.0028954003885320297,0.004378950469107915,0.002037691897470467
set_cover_cw_tour,686.0,-22.550670249845275,-15.707816494911723,29.44999750997553,0.3983509958417968,-0.48583865352370026,-0.23778482972319473,-0.003729954226241627,0.005401932579993161,0.0025367946205249268
set_cover_cw_tour,688.0,-21.765441227083997,-16.66842185003417,28.980424631063357,0.3868873894807848,-0.4747580552411439,-0.23178784883945533,-0.0045599273482337345,0.006428681073077867,0.003035884355292822
set_cover_cw_tour,690.0,-21.00473088874404,-17.604750740253856,28.523845053737485,0.37383387636997356,-0.46156098944313023,-0.2247915336806627,-0.0053853155050793,0.007459175208861816,0.0035349585464547525
set_cover_cw_tour,692.0,-20.271700466298423,-18.51255561372743,28.08225737538223,0.35920904550366256,-0.4462328533378705,-0.21679595626533013,-0.006206114470824121,0.00849339422866724,0.004034014638770905
set_cover_cw_tour,694.0,-19.569473963114724,-19.387559838782984,27.65766003911835,0.3430315359457767,-0.42875916992634805,-0.20780119883844345,-0.007022320043010455,0.009531317354745123,0.004533050077094135
set_cover_cw_tour,696.0,-18.901138054646353,-20.225457955769595,27.252051313350716,0.3253200364992551,-0.4091255882660888,-0.19780735387082843,-0.007833928042698552,0.010572923790381567,0.005032062306383037
set_cover_cw_tour,698.0,-18.26974198928554,-21.021915929432737,26.867429271317334,0.30609328537497177,-0.3873178837332211,-0.18681452405843973,-0.008640934314488057,0.011618192720004278,0.0055310487717150445
set_cover_cw_tour,700.0,-17.678297489878933,-21.77257140181207,26.50579177063987,0.2853700698601901,-0.36332195828282343,-0.17482282232157126,-0.00944333472653927,0.012667103309289147,0.006030006918299494
set_cover_cw_tour,702.0,-17.129778655906772,-22.473033945658226,26.16913643287583,0.2631692259865548,-0.337123840707557,-0.16183237180398802,-0.010241125170594311,0.013719634705266904,0.006528934191490717
set_cover_cw_tour,704.0,-16.62712186632651,-23.11888531836515,25.85946062307256,0.23950963819762394,-0.3087096868945818,-0.14784330587197952,-0.011034301561998146,0.014775766036429902,0.007027828036801112
set_cover_cw_tour,706.0,-16.173225683081853,-23.705679716414537,25.5787614293232,0.21441023901594383,-0.2780657800807525,-0.1328557681133346,-0.011822859839719514,0.015835476412838962,0.0075266858999142325
set_cover_cw_tour,708.0,-15.77095075527808,-24.228944030328943,25.3290356423248,0.18789000870966988,-0.24517853110609375,-0.11686991233623784,-0.012606795966371702,0.016898744926230346,0.008025505226697854
set_cover_cw_tour,710.0,-15.423119724024604,-24.68417810013014,25.112279734938685,0.15996797495873638,-0.2100344786655508,-0.09988590256808745,-0.013386105928233229,0.01796555065012279,0.008524283463217057
set_cover_cw_tour,712.0,-15.132517127945617,-25.06685497129923,24.93048984175329,0.130663212520578,-0.1726202895590146,-0.08190391305423472,-0.014160785735268388,0.019035872639924664,0.009023018055747307
set_cover_cw_tour,714.0,-14.901889309359744,-25.372421151235077,24.785661738649576,0.0999948428954058,-0.13292275893961844,-0.06292412825664492,-0.014930831421147688,0.020109689933041186,0.00952170645078752
set_cover_cw_tour,716.0,-14.733944321129593,-25.596296866207624,24.679790822369224,0.06798203399104111,-0.09092881056030427,-0.0429467428524799,-0.015696239043268143,0.02118698154898177,0.010020346095073141
set_cover_cw_tour,718.0,-14.631351834182075,-25.733876318802587,24.614872090085708,0.0346439997873097,-0.0466254970186563,-0.021971961732602054,-0.01645700468277347,0.022267726489467433,0.010518934435589223
set_cover_cw_tour,720.0,-14.596743045700366,-25.780527945854097,24.59290011897848,-3.7470027081099033e-16,1.5265566588595902e-16,1.3877787807814457e-17,-0.01721312444457415,0.02335190373853831,0.011017468919583486
set_cover_cw_tour,722.0,-14.62373558683669,-25.788986723084296,24.572056125733095,-0.0269989403101798,-0.008438413438350426,-0.020843984351970213,-0.013433814552989896,-0.0042497451801129715,-0.010390522390719723
set_cover_cw_tour,724.0,-14.703544230172069,-25.813778746650392,24.510470143635576,-0.05281576048318485,-0.016334137943078593,-0.040741971469062506,-0.012824069780849,-0.0040381550901036675,-0.009917576729884806
set_cover_cw_tour,726.0,-14.833801186840699,-25.853829515862532,24.410034371394968,-0.07744691710289428,-0.023698053364151574,-0.059693757919279666,-0.012213570686422488,-0.0038293260877122334,-0.009444580291455371
set_cover_cw_tour,728.0,-15.012131618464235,-25.908086312523274,24.272641404896568,-0.10088890408101844,-0.03054106231588121,-0.0776991499585753,-0.011602320395441207,-0.003623261579527747,-0.008971535497154185
set_cover_cw_tour,730.0,-15.236153711863903,-25.97551824625897,24.10018421782449,-0.12313825271351117,-0.03687408997956255,-0.09475796353234092,-0.010990322037482094,-0.0034199649579851887,-0.008498444768951598
set_cover_cw_tour,732.0,-15.503478753885103,-26.05511629945615,23.894556142281367,-0.1441915317366301,-0.042708083905822786,-0.11087002427681872,-0.010377578745952151,-0.0032194396013480683,-0.008025310529053128
set_cover_cw_tour,734.0,-15.811711206333772,-26.145893371802252,23.657650849405304,-0.16404534738264487,-0.048054013816682714,-0.12603516752043978,-0.009764093658072433,-0.0030216888736911323,-0.007552135199887086
set_cover_cw_tour,736.0,-16.15844878102382,-26.246884324430265,23.391362329984226,-0.1826963434351927,-0.052922871407332414,-0.14025323828508804,-0.009149869914861941,-0.0028267161248831355,-0.007078921204092153
set_cover_cw_tour,738.0,-16.54128251493493,-26.35714602366658,23.097584875067778,-0.20014120128428098,-0.05732567014762296,-0.15352409128728958,-0.008534910661121576,-0.002634524690569696,-0.006605670964504975
set_cover_cw_tour,740.0,-16.957796845479987,-26.47575738438156,22.778213056576917,-0.21637663998093615,-0.06127344508327579,-0.16584759093932777,-0.007919219045418011,-0.0024451178921562114,-0.006132386904147779
set_cover_cw_tour,742.0,-17.405569685881463,-26.60181941294226,22.43514170791134,-0.2313994162914987,-0.06477725263681165,-0.17722361135028364,-0.007302798220067597,-0.002258499036790854,-0.005659071446215941
set_cover_cw_tour,744.0,-17.88217250065606,-26.734455249766715,22.07026590455493,-0.24520632475156356,-0.06784817040820068,-0.18765203632700203,-0.006685651341120195,-0.0020746714173476444,-0.0051857270140655935
set_cover_cw_tour,746.0,-18.385170381206837,-26.872810211479248,21.685480944679313,-0.2577941977195656,-0.0704972969752355,-0.1971327593749832,-0.006067781568343042,-0.0018936383124095804,-0.00471235603120122
set_cover_cw_tour,748.0,-18.912122121522184,-27.016051832666257,21.282682329745732,-0.2691599054300095,-0.07273575169362907,-0.20566568369919988,-0.005449192065204553,-0.0017154029862518645,-0.004238960921263236
set_cover_cw_tour,750.0,-19.46058029398089,-27.163369907231917,20.86376574510535,-0.2793003560463443,-0.074574674496839,-0.21325072220483998,-0.004829885998858139,-0.0015399686888251825,-0.003765544108015592
set_cover_cw_tour,752.0,-20.028091325262594,-27.313976529353265,20.430627040598136,-0.28821249571348073,-0.07602522569562008,-0.2198877974979747,-0.00420986654012599,-0.0013673386557390616,-0.003292108015333358
set_cover_cw_tour,754.0,-20.612195572362936,-27.46710613403411,19.985162211150502,-0.2958933086099526,-0.07709858577730691,-0.2255768418861523,-0.0035891368634828284,-0.0011975161082453127,-0.002818655067190312
set_cover_cw_tour,756.0,-21.210427398712653,-27.62201553725726,19.529267377371827,-0.3023398169997202,-0.07780595520482819,-0.23031779737891714,-0.0029677001470396667,-0.0010305042532215319,-0.0023451876876465338
set_cover_cw_tour,758.0,-21.820315250399936,-27.777983975734468,19.06483876615,-0.3075490812836164,-0.07815855421545465,-0.2341106156882545,-0.0023455595725275346,-0.0008663062831546821,-0.0018717083008359878
set_cover_cw_tour,760.0,-22.439381732495317,-27.934313146253675,18.59377269124617,-0.3115182000504348,-0.07816762261928215,-0.23695525822896069,-0.0017227183252811879,-0.0007049253761247483,-0.001398219330954121
set_cover_cw_tour,762.0,-23.065143685478372,-28.09032724462289,18.117965533888807,-0.31424431012765847,-0.077844419597452,-0.2388516961189387,-0.0010991795942227897,-0.0005463646957884665,-0.000924723202245438
set_cover_cw_tour,764.0,-23.695112261765523,-28.245373004210293,17.639313723367277,-0.3157245866318305,-0.07720022350011006,-0.2397999101794195,-0.0004749465718456026,-0.00039062739136312566,-0.0004512223389911002
set_cover_cw_tour,766.0,-24.32679300233823,-28.398819734079975,17.159713717625017,-0.31595624301856456,-0.0762463316441064,-0.23979989093510864,0.0001499775458023696,-0.0002377165976104427,2.2280834503488403e-05
set_cover_cw_tour,768.0,-24.957685913470833,-28.55005935672283,16.681061983852512,-0.3149365311321957,-0.0749940601104374,-0.2388516386142584,0.0007755895591347514,-8.763543482051257e-05,0.0004957838939211034
set_cover_cw_tour,770.0,-25.585285543557337,-28.69850644538207,16.20525497908019,-0.31266274125507076,-0.07345474354143211,-0.2369551631486655,0.0014018862650431565,5.961299120416433e-05,0.0009692844149450913
set_cover_cw_tour,772.0,-26.207081060036423,-28.84359826097285,15.734189130771414,-0.3091322021564779,-0.07163973493768437,-0.2341104841735942,0.002028864456913603,0.00020402558916458825,0.0014427799732718068
set_cover_cw_tour,774.0,-26.820556326413957,-28.984794788595533,15.269760817415671,-0.3043422811412151,-0.06956040545473284,-0.23031763102762504,0.0026565209246429363,0.00034559928228108456,0.0019162681446230068
set_cover_cw_tour,776.0,-27.423189979382265,-29.12157877364203,14.813866349122172,-0.2982903840977967,-0.06722814419949044,-0.2255766427524289,0.00328485245465525,0.00048433100830905555,0.0023897465047582767
set_cover_cw_tour,778.0,-28.012455506035472,-29.253455757494773,14.36840194821396,-0.2909739555462982,-0.06465435802642516,-0.21988756809246668,0.003913855829918346,0.0006202177195546638,0.0028632126294874227
set_cover_cw_tour,780.0,-28.585821321180156,-29.379954112817792,13.93526372982269,-0.2823904786858383,-0.06185047133349391,-0.21325046549461446,0.00454352782996021,0.0007532563828904317,0.003336664094682907
set_cover_cw_tour,782.0,-29.140750844740605,-29.500625078439413,13.516347682484254,-0.27253747544169815,-0.058827925857831274,-0.2056654031077141,0.0051738652308854875,0.000883443979770773,0.003810098476292243
set_cover_cw_tour,784.0,-29.674702579257964,-29.615042793826102,13.113549648735347,-0.2614125065120772,-0.05559818047119497,-0.19713245878204944,0.005804864805392007,0.0010107775062474472,0.004283513350350412
set_cover_cw_tour,786.0,-30.185130187482514,-29.72280433314695,12.728765305711189,-0.24901317141448537,-0.05217271097516972,-0.18765172006874783,0.0064365233227872895,0.0011352539729849388,0.0047569062929922745
set_cover_cw_tour,788.0,-30.66948257005837,-29.823529738928315,12.36389014574449,-0.2353371085317709,-0.048563009896131444,-0.1772232842191075,0.007068837549005097,0.001256870405275765,0.005230274880464979
set_cover_cw_tour,790.0,-31.125203943299887,-29.91686205529818,12.020819456965857,-0.2203819951577838,-0.04478058627997349,-0.16584725818385002,0.007701804246621989,0.0013756238430557024,0.005703616689140367
set_cover_cw_tour,792.0,-31.549733917059008,-30.0024673608197,11.701448303905757,-0.20414554754267433,-0.04083696548659674,-0.15352375861229867,0.008335420174873898,0.0014915113409189468,0.006176929295527393
set_cover_cw_tour,794.0,-31.940507572682854,-30.080034800913516,11.407671508098197,-0.18662552093782586,-0.036743688984165364,-0.14025291185148211,0.008969682089672713,0.0016045299681331892,0.006650210276284521
set_cover_cw_tour,796.0,-32.29495554106082,-30.149276619868328,11.141383628686286,-0.16781970964042228,-0.0325123141431301,-0.12603485394516367,0.009604586743622915,0.0017146768086546244,0.00712345720823214
set_cover_cw_tour,798.0,-32.610504080760435,-30.209928192439303,10.904478943029792,-0.14772594703764896,-0.028154414030020752,-0.11086973063279608,0.01024013088603817,0.00182194896114288,0.0075966676683649655
set_cover_cw_tour,800.0,-32.88457515625123,-30.261748055033827,10.698851427314882,-0.12634210565052728,-0.023681577201009826,-0.09475769734840189,0.010876311262957999,0.001926343538975869,0.008069839233864447
set_cover_cw_tour,802.0,-33.114586516215965,-30.30451793648416,10.526394737166163,-0.10366609717738216,-0.019105407495249034,-0.0776989192193794,0.011513124617164422,0.002027857670264573,0.008542969482111178
set_cover_cw_tour,804.0,-33.29795177194838,-30.33804278840654,10.389002188261195,-0.07969587253694227,-0.014437523827980536,-0.059693571065234034,0.012150567688198645,0.0021264884978677433,0.009016055990697287
set_cover_cw_tour,806.0,-33.43208047583677,-30.362150815146276,10.288566736947608,-0.05442942191107239,-0.009689559983424682,-0.04074183739623548,0.012788637212377746,0.0022222331794065305,0.009489096337438852
set_cover_cw_tour,808.0,-33.51437819993272,-30.376693503308406,10.226980960862988,-0.0278647747871378,-0.004873164407446123,-0.02084391241200024,0.01342732992281139,0.0023150888872790374,0.009962088100388298
set_cover_cw_tour,810.0,-33.54224661460413,-30.381545650873477,10.206137039557658,-4.163336342344337e-17,-6.331740687315346e-17,1.1102230246251565e-16,0.01406664254941855,0.0024050528086747955,0.010435028857846796
set_cover_cw_tour,812.0,-33.52922299353759,-30.38484128341986,10.174933394096193,0.013021144617668633,-0.003305453668064008,-0.031203632148003355,0.006643085477439518,-0.0016379923434480207,-0.015588765628961675
set_cover_cw_tour,814.0,-33.49077080537056,-30.39467505962636,10.08273861968703,0.02542865487945808,-0.006537680830012922,-0.06099110292502036,0.006343566111669991,-0.0015726100575239052,-0.01488076421998338
set_cover_cw_tour,816.0,-33.42811599423131,-30.41089504235804,9.932385345169076,0.037223857935273594,-0.009691198364139484,-0.08936210744269674,0.006044443133916513,-0.0015058732030520422,-0.014172686622089967
set_cover_cw_tour,818.0,-33.3424818314945,-30.433338337864978,9.726706794655296,0.04840809938497202,-0.012760532791078734,-0.11631635531558017,0.005745718075676715,-0.0014377835773393024,-0.013464536460610289
set_cover_cw_tour,820.0,-33.23508887890851,-30.461831115164262,9.468536758524673,0.058982743251099035,-0.015740220371093357,-0.14185357066335008,0.005447392466410898,-0.0013683429846186902,-0.012756317361244742
set_cover_cw_tour,822.0,-33.10715495177746,-30.49618862561639,9.160709564409805,0.0689491719514538,-0.01862480720121672,-0.165973492112936,0.005149467833534195,-0.001297553236040107,-0.012048032950046653
set_cover_cw_tour,824.0,-32.9598950821983,-30.536215222695855,8.806060048180397,0.0783087862714812,-0.021408849312252818,-0.18867587280052453,0.0048519457024087664,-0.0012254161496610804,-0.011339686853403773
set_cover_cw_tour,826.0,-32.794521482353275,-30.581704381955543,8.407423524922827,0.08706300533649203,-0.024086912765632268,-0.20996048037345505,0.004554827596335968,-0.001151933550437449,-0.010631282698019655
set_cover_cw_tour,828.0,-32.6122435078581,-30.63243872118473,7.967635759916053,0.09521326658371115,-0.026653573750123512,-0.2298270969920037,0.00425811503654857,-0.001077107270214027,-0.00992282411089513
set_cover_cw_tour,830.0,-32.41426762116627,-30.68819002076034,7.48953293960405,0.10276102573415416,-0.029103418678398392,-0.24827551933105632,0.003961809542202967,-0.0010009391477152196,-0.00921431471930971
set_cover_cw_tour,832.0,-32.201797355029676,-30.748719244191204,6.975951642565017,0.10970775676433249,-0.03143104428345121,-0.26530555858166943,0.0036659126303713826,-0.0009234310285356098,-0.008505758150803018
set_cover_cw_tour,834.0,-31.976033276016125,-30.813776558854972,6.429728810477576,0.11605495187778755,-0.0336310577148705,-0.2809170404525202,0.0033704258160341238,-0.0008445847651305121,-0.007797158033156223
set_cover_cw_tour,836.0,-31.738172948083857,-30.883101356927476,5.8537017190841745,0.12180412147645388,-0.035698076634962564,-0.29510980517124474,0.00307535061207181,-0.0007644022168064836,-0.007088517994373475
set_cover_cw_tour,838.0,-31.489410896213545,-30.956422276504146,5.250707949151937,0.12695679413185162,-0.03762672931472603,-0.3078837074856648,0.002780688529257634,-0.0006828852497118077,-0.006379841662663303
set_cover_cw_tour,840.0,-31.23093857009808,-31.03345722291324,4.623585357431158,0.1315145165561088,-0.03941165472967653,-0.3192386166649032,0.002486441076249626,-0.0006000357368269385,-0.005671132666420067
set_cover_cw_tour,842.0,-30.96394430789046,-31.113913390220578,3.975172047611688,0.1354788535728132,-0.04104750265552071,-0.3291744165003877,0.0021926097595829246,-0.0005158555579549093,-0.004962394634205353
set_cover_cw_tour,844.0,-30.689613300010194,-31.197487282925472,3.3083063412774183,0.13885138808769465,-0.042528933763678604,-0.33769100530674306,0.0018991960836620733,-0.00043034659971171124,-0.004253631194729431
set_cover_cw_tour,846.0,-30.40912755300845,-31.28386473784754,2.625826748859092,0.14163372105913757,-0.04385061971665377,-0.3447882959225721,0.001606201550753306,-0.00034351075551663265,-0.003544845976832637
set_cover_cw_tour,848.0,-30.123665853492394,-31.37272094620411,1.9305719405856685,0.1438274714685242,-0.04500724326325009,-0.3504662157111249,0.0013136276609768609,-0.000255349925582564,-0.002836042609466821
set_cover_cw_tour,850.0,-29.83440373210899,-31.463720475877917,1.2253807174344575,0.14543427629040867,-0.045993498333634565,-0.3547247065608564,0.0010214759122993049,-0.00016586601690626965,-0.0021272247216767536
set_cover_cw_tour,852.0,-29.54251342758862,-31.556517293874744,0.5130919820802509,0.14645579046252238,-0.04680409013424523,-0.3575637248858729,0.000729747800525858,-7.506094325862431e-05,-0.0014183959425815504
set_cover_cw_tour,854.0,-29.249163850848884,-31.650754788970755,-0.2034552901563268,0.14689368685561077,-0.04743373524254335,-0.35898324162626644,0.00043844481929273074,1.7063374825187214e-05,-0.0007095599013560924
set_cover_cw_tour,856.0,-28.95552054915885,-31.74606579454915,-0.9214220803610255,0.14674965624310177,-0.04787716170160904,-0.3589832422483381,0.0001475684600594917,0.00011050501005549843,-7.202272124355591e-07
set_cover_cw_tour,858.0,-28.662745670364195,-31.842072611625863,-1.6379693550785115,0.14602540727060626,-0.04812910911457954,-0.3575637267447097,-0.0001428797878985852,0.0002052620283980355,0.000708119450618756
set_cover_cw_tour,860.0,-28.371997927173453,-31.938387032063986,-2.350258095365022,0.14472266642525078,-0.04818432873892924,-0.3547247096343237,-0.00043289843749813627,0.0003013324890838134,0.0014169555029068005
set_cover_cw_tour,862.0,-28.084432561505814,-32.03461036197658,-3.055449325840907,0.14284317800484272,-0.048037583580590744,-0.35046621996233174,-0.0007224860038553225,0.00039871444461907625,0.0021257843004395816
set_cover_cw_tour,864.0,-27.801201308900723,-32.130333445317596,-3.750704143742837,0.1403887040868683,-0.04768364848791597,-0.34478830129987187,-0.0010116410042934375,0.0004974059407952676,0.0028346022140421246
set_cover_cw_tour,866.0,-27.52345236298968,-32.225136687660495,-4.433183747975454,0.13736102449732365,-0.04711731024547663,-0.3376910117437338,-0.0013003619583504915,0.0005974050166990337,0.0035434056145951884
set_cover_cw_tour,868.0,-27.25233034003052,-32.3185900801644,-5.100049468162239,0.13376193677937923,-0.046333367667703206,-0.32917442391591284,-0.0015886473877867974,0.0006987097047222666,0.00425219087305382
set_cover_cw_tour,870.0,-26.98897624350455,-32.41025322372728,-5.748462793695382,0.1295932561618777,-0.04532663169236154,-0.31923862496305244,-0.0018764958165925336,0.000801318030572177,0.004960954360465975
set_cover_cw_tour,872.0,-26.734527428776833,-32.499675353325976,-6.37558540278442,0.12485681552766591,-0.04409192547386632,-0.30788371655577496,-0.002163905770995308,0.0009052280132814008,0.005669692447991058
set_cover_cw_tour,874.0,-26.490117567820008,-32.58639536254266,-6.978579191503423,0.11955446538176083,-0.04262408447643054,-0.295109814887901,-0.002450875779467696,0.001010437665218145,0.0063784015069185285
set_cover_cw_tour,876.0,-26.25687661400191,-32.669941828277445,-7.554606302836516,0.11368807381935006,-0.040917956567050266,-0.2809170506755574,-0.0027374043727347807,0.0011169449920963603,0.007087077908686474
set_cover_cw_tour,878.0,-26.035930766937376,-32.749833035646795,-8.100829155721497,0.10725952649362694,-0.03896840210832367,-0.2653055691561734,-0.003023490083781674,0.0012247479929859547,0.0077957180249001775
set_cover_cw_tour,880.0,-25.828402437404534,-32.825577003067416,-8.61441047409134,0.10027072658346077,-0.03677029405110371,-0.24827553008736566,-0.003309131447861025,0.0013338446603230383,0.008504318227350708
set_cover_cw_tour,882.0,-25.63541021232592,-32.896671507525255,-9.092513315913356,0.09272359476090218,-0.03431851802698358,-0.22982710774571133,-0.0035943270025005246,0.0014442329799202,0.009212874888033486
set_cover_cw_tour,884.0,-25.458068819814752,-32.96260411002934,-9.532301102225787,0.08462006915852419,-0.0316079724406141,-0.20996049092541008,-0.0038790752875103845,0.001555910930976821,0.009921384379166877
set_cover_cw_tour,886.0,-25.297489094286686,-33.02285218125005,-9.930937646171616,0.07596210533659897,-0.028633568561852184,-0.18867588293683452,-0.004163374844990824,0.0016688764860894208,0.010629843073210733
set_cover_cw_tour,888.0,-25.154777941637377,-33.076882927341565,-10.28558718202936,0.06675167625011089,-0.02539023061773975,-0.16597350160496888,-0.004447224219339529,0.0017831276112620384,0.011338247342885004
set_cover_cw_tour,890.0,-25.031038304486177,-33.12415341594802,-10.593414394240638,0.05699077221560579,-0.02187289588431205,-0.1418535792677367,-0.004730621957259101,0.0018986622659166459,0.01204659356118828
set_cover_cw_tour,892.0,-24.92736912748631,-33.164110602393215,-10.851584446434273,0.04668140087787715,-0.018076514778234763,-0.11631636277421667,-0.005013566607764506,0.002015478402903596,0.01275487810141637
set_cover_cw_tour,894.0,-24.844865322701814,-33.1961913560533,-11.057263010446727,0.03582558717648908,-0.01399605094826898,-0.08936211348274725,-0.005296056722190498,0.0021335739685121027,0.01346309733718088
set_cover_cw_tour,896.0,-24.784617735051636,-33.21982248691233,-11.207616295338616,0.024425373312136713,-0.0096264813665633,-0.060991107258919805,-0.005578090854199036,0.0022529469024807577,0.014171247642427767
set_cover_cw_tour,898.0,-24.74771310782113,-33.23442077230017,-11.299811076407115,0.012482818712844108,-0.004962796419772221,-0.03120363447346033,-0.005859667559786694,0.0023735951380080772,0.014879325391455915
set_cover_cw_tour,900.0,-24.73523404824135,-33.23939298381247,-11.331014724194016,3.642919299551295e-17,-2.7755575615628914e-17,1.8388068845354155e-16,-0.0061407853972920475,0.0024955166017630852,0.015587326958935681
set_cover_cw_tour,902.0,-24.75901676220669,-33.20535921987576,-11.315198571606569,-0.02375706112582878,0.03405168256018189,0.015816145839270244,-0.011822022176302086,0.016998934310578202,0.00789357607655507
set_cover_cw_tour,904.0,-24.82902797083585,-33.10462735565692,-11.268467923243765,-0.04622961447929265,0.06669713144969755,0.030914482585274117,-0.011255047391563976,0.016243516097935798,0.007534711712709046
set_cover_cw_tour,906.0,-24.94271258197109,-32.94002076586846,-11.192258552362386,-0.06743158839579602,0.097925449802752,0.045294855780357246,-0.010691669901079674,0.01548554019846008,0.007175808771441684
set_cover_cw_tour,908.0,-25.097543395511956,-32.714384523296886,-11.088006533783567,-0.08737694656073566,0.12772583643777485,0.05895711831794377,-0.010131892589319302,0.014725022898119833,0.006816869090321627
set_cover_cw_tour,910.0,-25.291021173859466,-32.43058520724869,-10.957148229189514,-0.1060796877536796,0.1560875860428405,0.07190113044366593,-0.009575718322320216,0.013961980495895714,0.006457894507105625
set_cover_cw_tour,912.0,-25.52067471184837,-32.091510711626746,-10.801120272418,-0.1235538455922196,0.18300008935976295,0.08412675975643696,-0.009023149947672318,0.013196429303696787,0.0060988868597291294
set_cover_cw_tour,914.0,-25.78406090616676,-31.700070052639873,-10.621359554754786,-0.1398134882754996,0.20845283336686374,0.09563388120946761,-0.008474190294503501,0.01242838564627705,0.005739847986296873
set_cover_cw_tour,916.0,-26.078764824262453,-31.25919317614819,-10.419303210224058,-0.15487271832742208,0.23243540146041125,0.10642237711122607,-0.007928842173465128,0.011657865861151782,0.005380779725073467
set_cover_cw_tour,918.0,-26.40239977273542,-30.771830764646925,-10.196388600877,-0.1687456723395349,0.25493747363473007,0.11649213712634149,-0.007387108376717685,0.010884886298513969,0.005021683914473985
set_cover_cw_tour,920.0,-26.752607365215706,-30.240954043891314,-9.954053302078622,-0.18144652071360085,0.2759488266609783,0.12584305827645104,-0.006848991677916454,0.01010946332115054,0.00466256239305456
set_cover_cw_tour,922.0,-27.127057589726157,-29.669554589165315,-9.693735087792943,-0.19298946740385167,0.2954593342645921,0.1344750449409904,-0.006314494832197311,0.009331613304358615,0.004303416999502952
set_cover_cw_tour,924.0,-27.523448875529347,-29.06064413119673,-9.416871915866661,-0.2033887496589298,0.3134589673013949,0.1423880088579278,-0.005783620576162644,0.008551352635861669,0.003944249572629153
set_cover_cw_tour,926.0,-27.939508159458086,-28.417254361721483,-9.1249019133114,-0.21265863776351912,0.3299377939323706,0.14958186912444144,-0.00525637162786732,0.007768697715725597,0.0035850619513559633
set_cover_cw_tour,928.0,-28.372990951728855,-27.74243673869964,-8.819263361584657,-0.22081343477966753,0.34488597979709884,0.15605655219754064,-0.004732750686804778,0.006983664956274784,0.003225855974709575
set_cover_cw_tour,930.0,-28.821681401237615,-27.03926229118596,-8.501394681869577,-0.2278674762878035,0.35829378818585084,0.16181199189463025,-0.0042127604338932,0.006196270782008045,0.0028666334818101616
set_cover_cw_tour,932.0,-29.283392360337317,-26.310821423857533,-8.172734420353649,-0.2338351301274489,0.3701515802103443,0.1668481293940187,-0.0036964035314618025,0.0054065316295145525,0.0025073963118624615
set_cover_cw_tour,934.0,-29.755965449096543,-25.56022372120129,-7.834721233506431,-0.23873079613763026,0.3804498149731559,0.1711649132353693,-0.0031836826232371843,0.0046144639473896685,0.0021481463041463523
set_cover_cw_tour,936.0,-30.23727111903868,-24.790597751364025,-7.48879387335645,-0.24256890589699093,0.38917904973579026,0.1747622993200954,-0.0026746003343298005,0.003820084196150728,0.0017888852980074473
set_cover_cw_tour,938.0,-30.72520871636101,-24.005090869667615,-7.136391172767349,-0.24536392246360622,0.39632994008540295,0.1776402509116986,-0.0021691592712205234,0.003023408848152784,0.0014296151328476656
set_cover_cw_tour,940.0,-31.217706544633135,-23.206869021792144,-6.778952030713428,-0.24713034011450408,0.4018932401001773,0.17979873863605073,-0.0016673620217472964,0.002224454387504233,0.0010703376481158242
set_cover_cw_tour,942.0,-31.712721926974165,-22.39911654662962,-6.417915397554669,-0.24788268408489325,0.4058598025133525,0.18123774048161911,-0.0011692111550918828,0.0014232373099824453,0.0007110546832982175
set_cover_cw_tour,944.0,-32.208241267708054,-21.585035978810996,-6.054720260311371,-0.24763551030710154,0.4082205788759024,0.1819572417996355,-0.0006747092217667084,0.0006197741229493053,0.00035176807790918835
set_cover_cw_tour,946.0,-32.702280113496535,-20.767847850909167,-5.690805627938502,-0.24640340514922623,0.4089666197178629,0.18195723530420824,-0.0001838587536018148,-0.0001859186547333218,-7.520328518270322e-06
set_cover_cw_tour,948.0,-33.19288321394906,-19.950790495320682,-5.327610516599885,-0.2442009851534991,0.4080890747083069,0.1812377210723781,0.0003033377362681225,-0.0009938244927881557,-0.00036680869644194897
set_cover_cw_tour,950.0,-33.6781245817092,-19.137119845828842,-4.966573934942323,-0.24104289677436827,0.4055791928139655,0.1797987065441174,0.0007868777534166377,-0.0018039268496071292,-0.0007260951863198358
set_cover_cw_tour,952.0,-34.15610755201693,-18.33010923885093,-4.609134869369796,-0.23694381611629908,0.4014283224564935,0.17764020652227278,0.001266758822138265,-0.0026162091723360903,-0.0010853779586195303
set_cover_cw_tour,954.0,-34.624964841746205,-17.53304921437225,-4.256732269317809,-0.23191844867129657,0.3956279116683787,0.1747622431724513,0.0017429784854612095,-0.003430654896959555,-0.0014446551738276714
set_cover_cw_tour,956.0,-35.08285860791735,-16.74924731656972,-3.9108050325280463,-0.22598152905615163,0.38816950824749247,0.17116484602284998,0.0022155343051599207,-0.004247247448385503,-0.0018039249924593484
set_cover_cw_tour,958.0,-35.52798050568363,-15.982027894127691,-3.5727919903234024,-0.21914782074941314,0.37904475991028164,0.16684805196402905,0.0026844238617675827,-0.005065970240530242,-0.002163185575067516
set_cover_cw_tour,960.0,-35.95855174579151,-15.234731900248805,-3.244131892883539,-0.21143211582808857,0.368245414443599,0.16181190524862826,0.003149644754588496,-0.005886806676403341,-0.0025224350822524253
set_cover_cw_tour,962.0,-36.372823151514055,-14.510716692362486,-2.926263394521057,-0.20284923470407518,0.3557633198551719,0.15605645749102715,0.0036111946017103776,-0.006709740148192596,-0.0028816716746710262
set_cover_cw_tour,964.0,-36.76907521505691,-13.813355831533894,-2.620625038958409,-0.1934140258603241,0.34159042452270766,0.1495817676669483,0.004069071040016548,-0.007534754037349063,-0.0032408935130463935
set_cover_cw_tour,966.0,-37.145618153436324,-13.14603888157603,-2.328655244605657,-0.18314136558674,0.32571877734163374,0.14238790211300453,0.0045232717251980315,-0.008361831714672145,-0.0036000987581771456
set_cover_cw_tour,968.0,-37.50079196382877,-12.512171207867722,-2.0517922898391987,-0.1720461577158179,0.3081405278714722,0.13447493452618914,0.0049737943317655665,-0.009190956540394726,-0.003959285570946852
set_cover_cw_tour,970.0,-37.83296647839152,-11.91517377588022,-1.7914742982815643,-0.16014333335802047,0.2888479264808469,0.12584294596330992,0.0054206365530615,-0.010022111864268386,-0.004318452112333461
set_cover_cw_tour,972.0,-38.14054141855374,-11.358482949415167,-1.549139224082404,-0.14744785063689697,0.2678333244911215,0.11649202484036664,0.005863796101271607,-0.010855281025648623,-0.004677596543418703
set_cover_cw_tour,974.0,-38.42194644877757,-10.845550288556641,-1.326224837200777,-0.13397469442394716,0.24508917431866845,0.10642226693187185,0.006303270707436799,-0.011690447353580179,-0.00503671702539752
set_cover_cw_tour,976.0,-38.675641229788674,-10.379842347340045,-1.1241687086888552,-0.11973887607323203,0.22060802961576595,0.0956337753701153,0.006739058121464748,-0.01252759416688237,-0.005395811719587465
set_cover_cw_tour,978.0,-38.90011547127576,-9.964840471140567,-0.9444081959771551,-0.10475543315573355,0.19438254541012318,0.08412666064437191,0.007171156112141392,-0.013366704774234513,-0.005754878787438129
set_cover_cw_tour,980.0,-39.093888984058566,-9.60404059378397,-0.7883804281614092,-0.08903942919346616,0.16640547824303148,0.07190104060005309,0.007599562467142377,-0.014207762474261388,-0.006113916390540545
set_cover_cw_tour,982.0,-39.255511731723836,-9.300953034382449,-0.657522291291192,-0.07260595339334203,0.13666968630614096,0.058957040437801714,0.008024274993044372,-0.015050750555618725,-0.006472922690636605
set_cover_cw_tour,984.0,-39.383563881728755,-9.059102293898306,-0.5532704136604125,-0.055470120380792465,0.10516812957686092,0.04529479271253054,0.008445291515336302,-0.01589565229707878,-0.006831895849628474
set_cover_cw_tour,986.0,-39.47665585597143,-8.882026851438217,-0.4770611510997861,-0.03764706993314797,0.07189386995238296,0.030914437332404184,0.008862609878430483,-0.01674245096761596,-0.007190834029587995
set_cover_cw_tour,988.0,-39.53342838082784,-8.77327896028082,-0.4303305722713989,-0.01915196671277903,0.03684007138232577,0.015816121557764594,0.009276227945673662,-0.01759112982649245,-0.007549735392766104
set_cover_cw_tour,990.0,-39.55255253665489,-8.736424443640384,-0.4145144439654782,-2.1510571102112408e-16,2.0122792321330962e-16,9.367506770274758e-17,0.00968614359935794,-0.018441672123343966,-0.007908598101602236
set_cover_cw_tour,992.0,-39.502492964075266,-8.670563283298497,-0.4630856168796426,0.05010928354150542,0.06582336570962738,-0.048571152190608965,0.025131945281272258,0.0329683185859242,-0.02428612739341251
set_cover_cw_tour,994.0,-39.354111051206985,-8.476342251152225,-0.6065947600907073,0.09831998812581888,0.12836130379639277,-0.09493792979035146,0.02403705150414818,0.0314368433916009,-0.023184063498732525
set_cover_cw_tour,996.0,-39.111231151117856,-8.160313630003667,-0.8406326477369,0.1446049277280027,0.18763240720881888,-0.13909985800044314,0.022935607519141213,0.02991033792600628,-0.02208188090257863
set_cover_cw_tour,998.0,-38.77773192274015,-7.728992334568223,-1.1607891269334765,0.18893698257640024,0.24365545103511524,-0.18105648459709167,0.021827618965600315,0.028388831819139725,-0.020979585248081422
set_cover_cw_tour,1000.0,-38.35754619789002,-7.188855547546946,-1.562653162926196,0.2312890996265669,0.29644939215108584,-0.22080737993496974,0.02071309151638239,0.02687235467540413,-0.019877182178950393
set_cover_cw_tour,1002.0,-37.854660847339645,-6.546342356405543,-2.0418128842515713,0.2716342930345691,0.34603336886559005,-0.2583521369505147,0.019592030877823192,0.02536093607345427,-0.018774677339444965
set_cover_cw_tour,1004.0,-37.27311664594351,-5.807853390864887,-2.593855627903543,0.3099456446296472,0.39242670056356,-0.29369037116505486,0.018464442789708185,0.023854605566045406,-0.01767207637434565
set_cover_cw_tour,1006.0,-36.61700813681989,-4.979750461107937,-3.214367984506234,0.34619630438623783,0.4356488873465781,-0.3268217206877624,0.01733033302524308,0.02235339267988195,-0.016569384928925093
set_cover_cw_tour,1008.0,-35.89048349458899,-4.068356196707944,-3.8989358434924353,0.38035949089535204,0.47571960967101723,-0.35774584621843253,0.016189707391024315,0.020857326915466292,-0.015466608648919196
set_cover_cw_tour,1010.0,-35.09774438766898,-3.079953686282807,-4.643144438287478,0.41240849183530454,0.5126587279837475,-0.38646243105008965,0.01504257172700934,0.019366437746947796,-0.014363753180498248
set_cover_cw_tour,1012.0,-34.24304583963121,-2.0207861178804496,-5.442578391498141,0.4423166644417903,0.5464862823554117,-0.41297118107141956,0.013888931906486665,0.017880754621971817,-0.013260824170237929
set_cover_cw_tour,1014.0,-33.33069608961591,-0.8970564201000699,-6.292821760106256,0.47005743597730454,0.5772224921112745,-0.43727182476902854,0.012728793836045846,0.016400306961529026,-0.01215782726509048
set_cover_cw_tour,1016.0,-32.36505645180978,0.2850730960458796,-7.18945808066665,0.4956043041999013,0.6048877554596461,-0.4593641132295285,0.011562163455547197,0.014925124159804685,-0.01105476811235575
set_cover_cw_tour,1018.0,-31.350541173986606,1.5194810945241402,-8.12807041450909,0.5189308378312876,0.6295026491178864,-0.4792478201414491,0.010389046738091413,0.013455235584028216,-0.009951652359652296
set_cover_cw_tour,1020.0,-30.29161729511249,2.8000875709226856,-9.104241392943871,0.5400106770242477,0.6510879279359908,-0.4969227417969757,0.009209449689988972,0.011990670574322808,-0.008848485654888466
set_cover_cw_tour,1022.0,-29.192804502016813,4.120854208337515,-10.11355326247072,0.5588175338293948,0.6696645245177619,-0.5123886970935144,0.008023378350729374,0.010531458443555202,-0.007745273646233484
set_cover_cw_tour,1024.0,-28.0586749851304,5.475784732499381,-11.15158792999064,0.575325192661245,0.6852535488395706,-0.525645527535083,0.006830838792950246,0.009077628477185616,-0.0066420219820885265
set_cover_cw_tour,1026.0,-26.89385329329222,6.858925266135633,-12.213927008020374,0.58950751076361,0.6978762878667092,-0.5366930972335285,0.005631837122406221,0.007629209933117812,-0.00553873631105779
set_cover_cw_tour,1028.0,-25.703016187625998,8.264364682562354,-13.296151859909125,0.6013384186743038,0.7075542051673409,-0.5455312929095714,0.004426379477937694,0.006186232041549275,-0.004435422281919604
set_cover_cw_tour,1030.0,-24.49089249448807,9.686234958502006,-14.393843645057196,0.6107919206891613,0.7143089405240479,-0.5521600238936756,0.0032144720314393944,0.004748724004821573,-0.003332085543597485
set_cover_cw_tour,1032.0,-23.262262957487916,11.118711526121766,-15.502583364136187,0.6178420953253614,0.7181623095429825,-0.5565792221267455,0.0019961209878287603,0.003316714997270824,-0.0022287317451312183
set_cover_cw_tour,1034.0,-22.021960088582745,12.556013624287774,-16.617951904310427,0.6224630957840533,0.7191363032606245,-0.5587888421606492,0.0007713325850142126,0.001890234165078364,-0.001125366535647928
set_cover_cw_tour,1036.0,-20.77486801824752,13.9924046490305,-17.73553008445926,0.6246291504122815,0.7172530877481474,-0.5587888611585676,-0.0004598869061368284,0.0004693106261214764,-2.1995564333181228e-05
set_cover_cw_tour,1038.0,-19.525922344721845,15.422192503216461,-18.850898700399874,0.6243145631642041,0.7125350037133986,-0.556579278895171,-0.0016975311818300189,-0.0009460265301756781,0.0010813755195979817
set_cover_cw_tour,1040.0,-18.28010998233511,16.839729945421514,-19.959638570110297,0.6214937140616015,0.7050045661004952,-0.5521601177566208,-0.002941593905376377,-0.0023557482429909828,0.00218474106692991
set_cover_cw_tour,1042.0,-17.042469008911354,18.239414938000955,-21.05733057895223,0.6161410596536718,0.6946844636870403,-0.5455314227403985,-0.004192068707224718,-0.0037598254802531693,0.003288095428475326
set_cover_cw_tour,1044.0,-15.818088512255247,19.61569099435168,-22.13955572489336,0.6082311334761076,0.6815975586789625,-0.5366932614549604,-0.005448949184994287,-0.005158229238790461,0.004391432955104215
set_cover_cw_tour,1046.0,-14.612108435720621,20.963047525361645,-23.201895163728807,0.5977385465094507,0.6657668863029833,-0.5256457241192201,-0.006712228903507528,-0.006550930544479062,0.005494747997772758
set_cover_cw_tour,1048.0,-13.429719422863046,22.2760201850419,-24.239930254301374,0.5846379876367216,0.647215654396714,-0.5123889235618547,-0.00798190139482301,-0.007937900452391506,0.006598034907552244
set_cover_cw_tour,1050.0,-12.276162661177855,23.54919121533644,-25.24924260372022,0.5689042241003183,0.6259672429963881,-0.4969229952204406,-0.00925796015826858,-0.009319110046944846,0.007701288035658015
set_cover_cw_tour,1052.0,-11.156729724925116,24.777189790105158,-26.225414112577642,0.5505121019581812,0.6020452039222302,-0.47924809714041317,-0.010540398660474619,-0.010694530442048725,0.008804501733478368
set_cover_cw_tour,1054.0,-10.076762417043005,25.954692358275196,-27.1640270201636,0.5294365465392205,0.5754732603614678,-0.45936440997385425,-0.01182921033540751,-0.012064132781253241,0.009907670352603473
set_cover_cw_tour,1056.0,-9.041652610151075,27.076422986155944,-28.060663949677643,0.5056525628980003,0.5462753064489879,-0.4372721369781055,-0.013124388584403231,-0.013427888237896703,0.011010788244854311
set_cover_cw_tour,1058.0,-8.056842086644888,28.137153698913,-28.910907953437878,0.47913523626867854,0.5144754068456412,-0.41297150401420823,-0.01442592677620118,-0.014785768015253234,0.012113849762311585
set_cover_cw_tour,1060.0,-7.12782237788353,29.131704821196408,-29.71034255808667,0.44985973251819483,0.48009779631420074,-0.3864627595451698,-0.015733818246978084,-0.016137743346680195,0.013216849257344626
set_cover_cw_tour,1062.0,-6.260134602471496,30.054945316918445,-30.454551809792676,0.41780129859870585,0.4431668792929756,-0.35774617463405634,-0.01704805630038215,-0.017483785495765475,0.014319781082640324
set_cover_cw_tour,1064.0,-5.459369303636463,30.901793128176323,-31.139120319448907,0.38293526299926206,0.40370722946708476,-0.326822042941912,-0.018368634207567323,-0.018823865756474607,0.015422639591232032
set_cover_cw_tour,1066.0,-4.731166285704476,31.66721551331507,-31.759633307866444,0.3452370361967225,0.3617435893373949,-0.29369068072550486,-0.019695545207227765,-0.020157955453297766,0.016525419136528482
set_cover_cw_tour,1068.0,-4.081214449674061,32.34622938412599,-32.31167665096348,0.3046821111059036,0.31730086978712563,-0.2583524268348988,-0.021028782505632452,-0.021486025941396564,0.01762811407234269
set_cover_cw_tour,1070.0,-3.5152516278908146,32.93390164217596,-32.790836924949325,0.2612460635289583,0.27040414964612586,-0.2208076427108523,-0.02236833927665996,-0.022808048606750727,0.018730718752920886
set_cover_cw_tour,1072.0,-3.0390644178240116,33.425349514263,-33.19270145150306,0.214904552603981,0.22107867525282537,-0.1810567123820439,-0.023714208661833436,-0.02412399486630459,0.019833227532971377
set_cover_cw_tour,1074.0,-2.6584880149467733,33.81574088699338,-33.512858342946416,0.16563332125283495,0.1693498600138654,-0.1391000424621237,-0.025066383770355673,-0.025433836168113445,0.020935634767693508
set_cover_cw_tour,1076.0,-2.3794060447213665,34.10029464047573,-33.746896547410635,0.11340819662819765,0.11524328396141181,-0.09493806214659184,-0.026424857679144435,-0.026737543991489705,0.022037934812806498
set_cover_cw_tour,1078.0,-2.207750393691197,34.27428098112739,-33.890405893996885,0.058205090559820705,0.05878469330815503,-0.04857122320950337,-0.027789623432867862,-0.028035089847148968,0.0231401220245784
set_cover_cw_tour,1080.0,-2.1495010396810685,34.333021773588506,-33.93897713792994,-1.1102230246251565e-16,4.579669976578771e-16,1.6653345369377348e-16,-0.02916067404398012,-0.029326445277355846,0.024242190759854957
set_cover_cw_tour,1082.0,-2.165028985527716,34.35195727221453,-33.94740188806722,-0.015513674908399744,0.018947199723961233,-0.008424746542706453,-0.007769986538390747,0.009456032061850668,-0.00425581843437083
set_cover_cw_tour,1084.0,-2.2107642146759314,34.408018876715964,-33.97229379227035,-0.030207901913652947,0.03712548781168032,-0.016467147039961594,-0.007402147676117429,0.009037400730705995,-0.004064666815712292
set_cover_cw_tour,1086.0,-2.285075573318454,34.4996617469312,-34.01288807532358,-0.04409042621498309,0.05452785321577087,-0.024127118693171738,-0.007036320774453325,0.008617109308892595,-0.0038734943861229165
set_cover_cw_tour,1088.0,-2.3863474209529003,34.625327073907634,-34.06841980032946,-0.057169015897673245,0.07114733820992336,-0.03140458261935217,-0.006672507706417476,0.008195166905713057,-0.003682302124397862
set_cover_cw_tour,1090.0,-2.5129796760110255,34.78344218666412,-34.13812387654072,-0.06945146179018655,0.08697703850905789,-0.03829946385173409,-0.006310710334718181,0.007771582638922939,-0.0034910910094338296
set_cover_cw_tour,1092.0,-2.663387861202024,34.97242065919295,-34.22123506719329,-0.08094557732107464,0.10201010338873652,-0.04481169134034155,-0.005950930511743449,0.00734636563468407,-0.003299862020224048
set_cover_cw_tour,1094.0,-2.836003148569436,35.19066241769992,-34.31698799734043,-0.09165919837567568,0.11623973580383415,-0.05094119795253818,-0.005593170079551525,0.006919525027517836,-0.0031086161358532616
set_cover_cw_tour,1096.0,-3.029272404261242,35.43655384808098,-34.424617161687934,-0.101600183152603,0.1296591925064668,-0.05668792047354397,-0.005237430869861449,0.006491069960258394,-0.0029173543354927165
set_cover_cw_tour,1098.0,-3.241658233012723,35.70846790363403,-34.54335693243031,-0.11077641202002574,0.14226178416317647,-0.06205179960692188,-0.0048837147040436905,0.0060610095840058715,-0.002726077598395149
set_cover_cw_tour,1100.0,-3.47163902234168,36.00476421300429,-34.672441567087944,-0.11919578737174275,0.15404087547137138,-0.06703277997503437,-0.004532023393110808,0.0056293530580795266,-0.002534786903889771
set_cover_cw_tour,1102.0,-3.7177089864555914,36.32378918836187,-34.81110521634514,-0.12686623348305098,0.1649898852750205,-0.07163081011946991,-0.004182358737708194,0.005196109549970828,-0.0023434832313772545
set_cover_cw_tour,1104.0,-3.978378209870303,36.663876133809914,-34.95858193188896,-0.13379569636640967,0.17510228667960176,-0.07584584250143926,-0.0038347225281048325,0.004761288235296532,-0.002152167560324719
set_cover_cw_tour,1106.0,-4.252172690739847,37.023345354021956,-35.11410567424882,-0.13999214362690152,0.18437160716630227,-0.0796778335021418,-0.003489116544184159,0.004324898297751706,-0.001960840870260716
set_cover_cw_tour,1108.0,-4.537634383896979,37.40050426310689,-35.27691032063684,-0.14546356431749222,0.1927914287054703,-0.08312674342310165,-0.0031455425554349267,0.0038869489290626943,-0.0017695041407702148
set_cover_cw_tour,1110.0,-4.833321243604028,37.79364749370009,-35.44622967278877,-0.15021796879408963,0.2003553878693175,-0.08619253648647376,-0.0028040023209421595,0.0034474493289400766,-0.0015781583514895845
set_cover_cw_tour,1112.0,-5.13780726601368,38.201057006279235,-35.621297464805565,-0.15426338857040375,0.20705717594387046,-0.08887518083531981,-0.002464497589378141,0.0030064087050315482,-0.001386804482101581
set_cover_cw_tour,1114.0,-5.449682531339265,38.621002198703195,-35.80134737099543,-0.15760787617260877,0.21289053904017094,-0.09117464853385411,-0.0021270300989934604,0.002563836272874784,-0.00119544351233033
set_cover_cw_tour,1116.0,-5.767553245734188,39.05174001597266,-35.98561301371633,-0.16025950499380873,0.21784927820472333,-0.0930909155676593,-0.0017916015776081127,0.002119741255850262,-0.001004076421936311
set_cover_cw_tour,1118.0,-6.090041782880084,39.491515060210865,-36.17332797121895,-0.16222636914830768,0.2219272495291887,-0.09462396184387202,-0.0014582137426026555,0.0016741328851340252,-0.0008127041907113391
set_cover_cw_tour,1120.0,-6.415786725283325,39.93855970086293,-36.363725785489926,-0.16351658332568597,0.22511836425932452,-0.09577377119133837,-0.0011268683009094146,0.001227020399650437,-0.0006213277984735543
set_cover_cw_tour,1122.0,-6.743442905279484,40.39109418511237,-36.55603997009541,-0.1641382826446837,0.22741658890316868,-0.09654033136073936,-0.0007975669490037419,0.0007784130460248527,-0.0004299482250623961
set_cover_cw_tour,1124.0,-7.071681445745379,40.84732674851319,-36.74950401802485,-0.16409962250689272,0.22881594533846744,-0.09692363402468619,-0.00047031137289533305,0.00032832007853630875,-0.00023856645033359589
set_cover_cw_tour,1126.0,-7.399189800518303,41.30545372583607,-36.94335140953489,-0.1634087784502586,0.22931051091934587,-0.09692367477778542,-0.00014510324811959371,-0.0001232492409298831,-4.718345415415017e-05
set_cover_cw_tour,1128.0,-7.724671794522075,41.76365966212715,-37.136815619993435,-0.16207394600239353,0.22889441858222015,-0.096540453136674,0.0001780557602709399,-0.0005762856429295505,0.00014419978360268558
set_cover_cw_tour,1130.0,-8.046847663599525,42.22011742397789,-37.32913012772368,-0.16010334053370165,0.22756185695095069,-0.0957739725400243,0.0004991639977151237,-0.0010307798505071112,0.0003355822830624208
set_cover_cw_tour,1132.0,-8.36445409405105,42.67298831100445,-37.51952842184819,-0.15750519711031824,0.22530707044123507,-0.09462424034851888,0.0008182198201516793,-0.0014867225792430828,0.0005269630643543449
set_cover_cw_tour,1134.0,-8.67624426187885,43.12042216753512,-37.70724401013286,-0.15428777034686372,0.2221243593642402,-0.09309126784479521,0.0011352215940276097,-0.0019441045373016087,0.0007183411476165444
set_cover_cw_tour,1136.0,-8.980987871736506,43.56055749450421,-37.891510426830735,-0.15045933425901398,0.2180080800294721,-0.09117507023336033,0.0014501676963065673,-0.002402916425478036,0.0009097155530009217
set_cover_cw_tour,1138.0,-9.2774711955835,43.99152156155098,-38.07156124052565,-0.14602818211588828,0.21295264484688353,-0.08887566664047526,0.0017630565144771564,-0.0028631489372465306,0.0011010853006782058
set_cover_cw_tour,1140.0,-9.564497111044336,44.411430519321975,-38.24663006197557,-0.14100262629225604,0.20695252242821724,-0.08619308011400947,0.002073886446561196,-0.003324792758807717,0.0012924494108429753
set_cover_cw_tour,1142.0,-9.840885139471897,44.81838951197528,-38.41595055195569,-0.13539099812056377,0.20000223768758496,-0.08312733762326507,0.0023826559011219163,-0.0037878385691363786,0.0014838069037186722
set_cover_cw_tour,1144.0,-10.105471483714673,45.21049278988523,-38.57875642910102,-0.12920164774278334,0.19209637194128087,-0.07967847005877102,0.002689363297272115,-0.004252277040029164,0.0016751567995626185
set_cover_cw_tour,1146.0,-10.357109065587512,45.58582382254587,-38.73428147774867,-0.12244294396208329,0.18322956300682863,-0.07584651223204714,0.0029940070646822404,-0.004718098836152362,0.0018664981186710338
set_cover_cw_tour,1148.0,-10.594667563045528,45.94245541167186,-38.88175955577954,-0.11512327409432391,0.17339650530126113,-0.07163150287533808,0.0032965856435884394,-0.005185294615089685,0.0020578298813840492
set_cover_cw_tour,1150.0,-10.817033447060842,46.27844980449508,-39.02042460245948,-0.10725104381937782,0.16259194993863224,-0.06703348464131716,0.0035970974848005413,-0.005653855027390116,0.0022491511080907243
set_cover_cw_tour,1152.0,-11.023110018201772,46.59185880725557,-39.149510646279836,-0.09883467703227716,0.1508107048267594,-0.06205250410276007,0.00389554104970999,-0.006123770716615769,0.0024404608192340636
set_cover_cw_tour,1154.0,-11.211817442914155,46.88072389888508,-39.26825181279728,-0.08988261569418879,0.13804763476319662,-0.05668861175218854,0.004191914810297719,-0.006595032319389787,0.0026317580353160284
set_cover_cw_tour,1156.0,-11.382092789504448,47.14307634488191,-39.37588233247295,-0.08040331968321868,0.12429766153043666,-0.05094186200148383,0.004486217249141979,-0.007067630465444297,0.002823041776902558
set_cover_cw_tour,1158.0,-11.532890063824265,47.37693731137532,-39.47163654851071,-0.07040526664504698,0.10955576399034166,-0.04481231318147021,0.004778446859426103,-0.007541555777668375,0.0030143110646285755
set_cover_cw_tour,1160.0,-11.66318024465602,47.58031797937803,-39.55474892469465,-0.059896951843394886,0.09381697817780153,-0.03830002754146827,0.005068602144946224,-0.008016798872156063,0.003205564919203013
set_cover_cw_tour,1162.0,-11.771951318799333,47.751219659225264,-39.624454053225556,-0.04888688801032472,0.07707639739361911,-0.03140507124881818,0.005356681620118934,-0.008493350358254407,0.0033968023614138142
set_cover_cw_tour,1164.0,-11.85820831585787,47.88763390519883,-39.67998666255647,-0.03738360519637453,0.05932917229662134,-0.024127514388372854,0.00564268380998889,-0.008971200838611542,0.0035880224121329577
set_cover_cw_tour,1166.0,-11.920973342726294,47.9875426303346,-39.72058162522718,-0.02539565062052849,0.040570510994995604,-0.016467430961961037,0.005926607250236369,-0.009450340909224803,0.0037792240923214633
set_cover_cw_tour,1168.0,-11.959285617776981,48.048918221411896,-39.74547396569761,-0.012931588520024432,0.02079567913685049,-0.008424898887820309,0.0062084504871847595,-0.009930761159488878,0.003970406423034409
set_cover_cw_tour,1170.0,-11.972201504746211,48.069723654123244,-39.75389886818003,1.9081958235744878e-16,1.1449174941446927e-16,1.734723475976807e-18,0.006488212077808008,-0.010412452172243984,0.0041615684254259384
set_cover_cw_tour,1172.0,-11.93802200018149,48.06985836804046,-39.74276961937228,0.03417963047705805,0.0001089341321096457,0.011129244059302821,0.017135591991071748,9.313661775623566e-05,0.005513742165013558
set_cover_cw_tour,1174.0,-11.837042027248392,48.070002979709535,-39.709886975176445,0.06680039789858452,1.1073515149354727e-05,0.021753386106710078,0.016355888763383356,6.531506557890454e-05,0.0052612194342226
set_cover_cw_tour,1176.0,-11.672379454966045,48.06975801087725,-39.65626124831698,0.09786216600907435,-0.0002794705031985768,0.031872317872622805,0.015576318838598072,4.1021734204095984e-05,0.0050086697661994575
set_cover_cw_tour,1178.0,-11.447152376968113,48.06875220530553,-39.58290296288488,0.1273648464486691,-0.0007485872915881729,0.04148593626018449,0.014796886208082609,2.0256011342311385e-05,0.004756094453988283
set_cover_cw_tour,1180.0,-11.16447901571801,48.06664252708592,-39.49082284399141,0.15530839874658012,-0.0013821671878675094,0.05059414334607154,0.014017594862500713,3.01726664284031e-06,0.004503494790764534
set_cover_cw_tour,1182.0,-10.827477626737721,48.06311415844836,-39.381031807420285,0.1816928303140621,-0.0021661017518993294,0.05919684638124395,0.013238448791792786,-1.0695148303014636e-05,0.004250872069828338
set_cover_cw_tour,1184.0,-10.439266402851123,48.05788049706439,-39.25454094927837,0.2065181964369371,-0.003086284018342206,0.06729395779165633,0.012459451985155412,-2.0881899958618633e-05,0.00399822758459788
set_cover_cw_tour,1186.0,-10.002963378442706,48.0506831528448,-39.11236153564504,0.22978460026766923,-0.004128608749390028,0.07488539517892912,0.011680608431020948,-2.754367283859093e-05,0.0037455626286027758
set_cover_cw_tour,1188.0,-9.521686333732594,48.041291944231844,-38.9555049922202,0.2514921928169899,-0.005278972687467589,0.0819710813209801,0.010901922117037112,-3.068116950529897e-05,0.0034928784954774547
set_cover_cw_tour,1190.0,-8.998552699068771,48.02950489398616,-38.784982893971076,0.27164117294507445,-0.006523274807880078,0.08855094417261614,0.010123397030046562,-3.0295110565264254e-05,0.003240176478954528
set_cover_cw_tour,1192.0,-8.436679459237395,48.015148224468355,-38.60180695477792,0.2902317873522687,-0.007847416571414235,0.09462491686608515,0.009345037156066473,-2.6386234665471504e-05,0.002987457872858171
set_cover_cw_tour,1194.0,-7.83918305779211,47.99807635241552,-38.40698901707858,0.30726433056936736,-0.009237302176888968,0.10019293771158838,0.008566846480268129,-1.8955298489586533e-05,0.0027347239710974946
set_cover_cw_tour,1196.0,-7.209179301403253,47.97817188321263,-38.20154104151212,0.32273914494744316,-0.010678838813653202,0.10525495019775286,0.0077888289869565384,-8.00307675408174e-06,0.0024819760676599275
set_cover_cw_tour,1198.0,-6.549783264227848,47.95534560465908,-37.986475096561556,0.336656620647227,-0.01215793691402876,0.10981090299206409,0.007010988659550016,6.469637795727956e-06,0.00222921545660458
set_cover_cw_tour,1200.0,-5.864109192301292,47.929536480230276,-37.7628033481957,0.34901719562803973,-0.013660510405696043,0.11386074994125904,0.006233329480559799,2.446203438974913e-05,0.001976443432055633
set_cover_cw_tour,1202.0,-5.1552704079516225,47.900711641834654,-37.531538049510345,0.3598213556362749,-0.015172476964020316,0.11740445007167928,0.005455855431569646,4.597328423725476e-05,0.001723661288195696
set_cover_cw_tour,1204.0,-4.426379214237271,47.86886638206598,-37.2936915303687,0.3690696341934333,-0.016679758264316353,0.12044196758958442,0.004678570493215467,7.100254053113105e-05,0.0014708703192591963
set_cover_cw_tour,1206.0,-3.680546799409194,47.83402414595128,-37.05027618704129,0.37676261258370897,-0.018168280234049265,0.12297327188142569,0.0039014786451649205,9.954893845221403e-05,0.0012180718195257375
set_cover_cw_tour,1208.0,-2.9208831413982796,47.796236522194384,-36.802304471845346,0.38290091984112684,-0.019623973304969268,0.12499833751407985,0.003124583866097057,0.00013161159517371393,0.0009652670833134869
set_cover_cw_tour,1210.0,-2.1504969123289315,47.75558323391525,-36.55078888278375,0.3874852327362324,-0.0210327726651782,0.12651714423504323,0.002347890133681946,0.00016718960986573765,0.0007124574049725396
set_cover_cw_tour,1212.0,-1.3724953830597146,47.712172128885314,-36.29674195318361,0.390516275762333,-0.02238061851112554,0.12752967697258608,0.0015714014245603034,0.00020628206369990203,0.0004596440788782949
set_cover_cw_tour,1214.0,-0.5899843277519732,47.66613916925879,-36.04117624133465,0.39199482112129136,-0.023653456299531767,0.12803592583586698,0.0007951217143231219,0.0002488880198540344,0.00020682839942482746
set_cover_cw_tour,1216.0,0.19393207153269498,47.61764842080033,-35.785104320127274,0.3919216887088715,-0.024837236999236817,0.12803588611500774,1.905497749134571e-05,0.0002950065235169727,-4.5988338981737056e-05
set_cover_cw_tour,1218.0,0.9761513202052069,47.566892041608966,-35.52953876669069,0.3902977460996365,-0.025917917342971407,0.1275295582811282,-0.0007567948125045072,0.00034463660189345256,-0.00029880484192985456
set_cover_cw_tour,1220.0,1.7535727064911106,47.51409027033864,-35.27549215203085,0.3871239085313993,-0.026881460079049083,0.12651694798634147,-0.0015324236833446675,0.000397777264209087,-0.0005516198150091823
set_cover_cw_tour,1222.0,2.5230973967411554,47.459491413915416,-35.023977030668526,0.38240113888922517,-0.0277138342229767,0.12499806606370942,-0.0023078276638404723,0.0004544275017154427,-0.0008044319638172122
set_cover_cw_tour,1224.0,3.281628530709421,47.40337183475153,-34.776005930277485,0.37613044768898823,-0.0284010153089812,0.12297292852715812,-0.003083002783954687,0.0005145862876951997,-0.001057239993965898
set_cover_cw_tour,1226.0,4.02607131679811,47.346035937456534,-34.5325913413229,0.3683128930604796,-0.02892898564145043,0.12044155657135379,-0.0038579450748218325,0.0005782525774674122,-0.001310042611088279
set_cover_cw_tour,1228.0,4.753333127268115,47.28781615504559,-34.2947457067,0.3589495807300692,-0.0292837345462858,0.11740397657153884,-0.004632650568768503,0.0006454253083928562,-0.001562838520845108
set_cover_cw_tour,1230.0,5.460323593414451,47.22907293464515,-34.06348141137314,0.34804166400292064,-0.02945125862216462,0.1138602200833281,-0.005407115299333685,0.0007161033998794679,-0.0018156264289314822
set_cover_cw_tour,1232.0,6.143954700705688,47.170194722696266,-33.83981077201529,0.33559034374475916,-0.029417561991709827,0.10981032384246539,-0.006181335301289063,0.0007902857533878805,-0.0020684050410834645
set_cover_cw_tour,1234.0,6.8011408838864575,47.111597949655554,-33.62474602664805,0.32159686836319357,-0.029168656552564995,0.10525432976454019,-0.0069553066106593266,0.0008679712524370446,-0.0023211730630847134
set_cover_cw_tour,1236.0,7.4287991220421645,47.0537270141942,-33.41929932428227,0.3060625337885912,-0.028690562228372324,0.1001922849446646,-0.007729025264742457,0.0009491587626099482,-0.002573929200773108
set_cover_cw_tour,1238.0,8.023849033625,46.99705426689506,-33.22448271455939,0.2889886834545072,-0.027969307219651497,0.09462424165711056,-0.00850248730213002,0.0010338471315594214,-0.002826672160047378
set_cover_cw_tour,1240.0,8.583212971440368,46.94207999344811,-33.04130813739351,0.2703767082776673,-0.026990928254577135,0.0885502573549072,-0.009275688762727453,0.001122035189014038,-0.0030794006468737203
set_cover_cw_tour,1242.0,9.103816117592833,46.88933239734444,-32.87078741261426,0.25022804663750525,-0.025741470839652683,0.08197039466939854,-0.010048625687774333,0.001213721746784109,-0.003332113367292435
set_cover_cw_tour,1244.0,9.582586578390691,46.839367582069016,-32.713932229610755,0.228544184355254,-0.02420698951027852,0.07488472140976135,-0.010821294119864648,0.0013089055987677621,-0.0035848090274245427
set_cover_cw_tour,1246.0,10.016455479208286,46.79276953279243,-32.57175413697634,0.20532665467259179,-0.02237354808121207,0.06729331056248328,-0.01159369010296706,0.00140758552095712,-0.0038374863334784143
set_cover_cw_tour,1248.0,10.402357059305164,46.75015009756178,-32.44526453215458,0.1805770382298427,-0.020227219896917756,0.05919624029080121,-0.012365809682445158,0.001509760271444567,-0.00409014399175639
set_cover_cw_tour,1250.0,10.737228766601191,46.71214896799104,-32.33547465108637,0.15429696304373208,-0.017754088081804578,0.05059359393409989,-0.013137648905077706,0.0016154285904291057,-0.004342780708661408
set_cover_cw_tour,1252.0,11.018011352406734,46.67943365945101,-32.243395557858236,0.1264881044846971,-0.014940245790349093,0.04148546000727079,-0.013909203819078887,0.0017245892002228094,-0.004595395190703626
set_cover_cw_tour,1254.0,11.241648966107013,46.652699490759154,-32.17003813435201,0.09715218525375233,-0.01177179645710165,0.03187193220003125,-0.014680470474118532,0.0018372408052573614,-0.00484798614450704
set_cover_cw_tour,1256.0,11.405089249799747,46.632669563369575,-32.116413069895934,0.06629097535891093,-0.008234854046573639,0.02175310937620383,-0.015451444921342341,0.0019533820920906914,-0.005100552276816114
set_cover_cw_tour,1258.0,11.5052834328852,46.620094740063266,-32.08353085091714,0.033906292091161354,-0.004315543303003604,0.011129095572955997,-0.016222123213392114,0.002073011729413697,-0.005353092294502392
set_cover_cw_tour,1260.0,11.539186426607722,46.615753623139035,-32.07240175059581,-1.1796119636642288e-16,2.862293735361732e-17,8.673617379884035e-18,-0.01699250140442595,0.002196128368057062,-0.005605604904571131
set_cover_cw_tour,1262.0,11.566717769622349,46.617560147595,-32.09869940598114,0.027532725151961923,0.0017857580600646379,-0.02629764416517586,0.013719973348290867,0.0009240270734481906,-0.013189885672552828
set_cover_cw_tour,1264.0,11.648069005661444,46.62269355166044,-32.176398873735515,0.053819778106390534,0.0033278191504082988,-0.05140179043767755,0.013093163478648508,0.0008630686208565031,-0.012593203538491523
set_cover_cw_tour,1266.0,11.780747974831275,46.63067775340402,-32.30311289956943,0.07886034870715128,0.004637495890185703,-0.07531218133200152,0.012466285271697235,0.0008049469312429334,-0.01199645692773391
set_cover_cw_tour,1268.0,11.962260935402528,46.641059300345,-32.476453726444866,0.10265366527593417,0.005726105081815393,-0.09802857158525627,0.011839341937028286,0.0007496623066033718,-0.01139964889559866
set_cover_cw_tour,1270.0,12.190112640773302,46.65340737761655,-32.69403311902232,0.12519899461953934,0.006604967507781695,-0.1195507281590468,0.011212336684566363,0.0006972150344080492,-0.010802782497718934
set_cover_cw_tour,1272.0,12.461806416446315,46.6673138157227,-32.953462388111596,0.14649564203680104,0.0072854077274015884,-0.13987843024126528,0.010585272724553164,0.0006476053876000673,-0.01020586079002671
set_cover_cw_tour,1274.0,12.774844237019579,46.68239309788869,-33.25235241512607,0.16654295132515037,0.007778753873558258,-0.15901146924778803,0.009958153267530984,0.0006008336245939973,-0.00960888682873716
set_cover_cw_tour,1276.0,13.12672680318986,46.69828236700486,-33.58831367654029,0.18534030478681637,0.008096337449403124,-0.17694964882407851,0.009330981524326251,0.0005568999892745613,-0.009011863670332982
set_cover_cw_tour,1278.0,13.514953618768155,46.71464143216382,-33.95895626835067,0.20288712323466565,0.008249493125028125,-0.19369278484669647,0.008703760706033101,0.0005158047109953809,-0.008414794371548772
set_cover_cw_tour,1280.0,13.937023067706516,46.73115277479102,-34.3618899305391,0.21918286599768044,0.008249558534110048,-0.2092407054247131,0.008076494023996938,0.00047754800457780385,-0.007817681989355363
set_cover_cw_tour,1282.0,14.39043249113544,46.747521554368504,-34.7947240715393,0.23422703092607505,0.008107874070528685,-0.22359325090103221,0.007449184689797976,0.00044213007030980377,-0.007220529580944169
set_cover_cw_tour,1284.0,14.87267826441115,46.76347561375194,-35.25506779270573,0.2480191543960505,0.007835782684960598,-0.2367502738536177,0.006821835915234807,0.00040955109394495557,-0.006623340203711527
set_cover_cw_tour,1286.0,15.381255874172009,46.77876548408078,-35.74052991278486,0.2605588113141877,0.007444629681450291,-0.2487116390966267,0.006194450912307962,0.00037981124670148246,-0.00602611691524307
set_cover_cw_tour,1288.0,15.913659995403375,46.79316438928153,-36.248718992388575,0.2718456151214787,0.0069457625139605576,-0.2594772236814491,0.005567032893203455,0.00035291068526138123,-0.005428862773298045
set_cover_cw_tour,1290.0,16.46738456851014,46.80646825016415,-36.77724335846964,0.28187921779699643,0.006350530582903813,-0.26904691689765303,0.004939585070276347,0.00032884955176962097,-0.004831580835793671
set_cover_cw_tour,1292.0,17.03992287639626,46.81849568811147,-37.323711128798884,0.2906593098612023,0.005670285031656161,-0.2774206202738361,0.004312110656034286,0.00030762797383341044,-0.004234274160789477
set_cover_cw_tour,1294.0,17.62876762155053,46.82908802836159,-37.88573023644405,0.2981856203788923,0.004916378543056024,-0.28459824757838315,0.0036846128631210727,0.00028924606452155076,-0.003636945806471647
set_cover_cw_tour,1296.0,18.231411003137886,46.83810930288331,-38.46090845425001,0.30445791696178115,0.004100165135889092,-0.29057972482012945,0.003057094904300204,0.00027370392236385243,-0.0030395988311373683
set_cover_cw_tour,1298.0,18.845344794095535,46.84544625284451,-39.04685341932029,0.30947600577072454,0.0032329999613613905,-0.29536499024893054,0.002429559992438424,0.0002610016313506329,-0.002442236293179155
set_cover_cw_tour,1300.0,19.468060418233136,46.85100833067342,-39.64117265749958,0.3132397315175796,0.0023262390995622446,-0.2989539943561375,0.001802011340489277,0.0002511392609322852,-0.0018448612510692172
set_cover_cw_tour,1302.0,20.09704902733637,46.85472770171289,-40.241473607857095,0.31574897746670355,0.0013912393559189376,-0.30134669987497853,0.001174452161476655,0.00024411686601892322,-0.0012474767633437727
set_cover_cw_tour,1304.0,20.729801578273122,46.856559245467466,-40.84536364717065,0.3170036654360902,0.0004393580576448435,-0.30254308178084655,0.0005468856684783509,0.0002399344869801007,-0.0006500858885874015
set_cover_cw_tour,1306.0,21.363808910101582,46.85648055644345,-41.45045011441119,0.3170037557981448,-0.0005180471498171834,-0.3025431272914927,-8.068492539040149e-05,0.0002385921496446033,-5.2691685417393525e-05
set_cover_cw_tour,1308.0,21.996561821179547,46.85449194458177,-42.054340335227614,0.3157492474800969,-0.001469618506354364,-0.3013468358671257,-0.0007082564069933662,0.00024008986530031797,0.0005447027875319296
set_cover_cw_tour,1310.0,22.625551146274166,46.850616435283754,-42.654641646431706,0.3132401779640513,-0.0024039983407447207,-0.2989542192104177,-0.0013358255631897619,0.0002444276306941742,0.001142094471624857
set_cover_cw_tour,1312.0,23.248267833671434,46.84489976902983,-43.248961420482985,0.3094766232866769,-0.0033098292742171787,-0.2953653012664155,-0.0019633891808507166,0.00025160542803216105,0.001739480308239963
set_cover_cw_tour,1314.0,23.862203022284714,46.83741040059102,-43.83490708997328,0.30445869803853426,-0.00417575442400926,-0.29058011822235835,-0.0025909440468757103,0.0002616232249794176,0.0023368572387857545
set_cover_cw_tour,1316.0,24.464848118761523,46.828239497833394,-44.41008617211085,0.29818655536304034,-0.004990417606920583,-0.2845987185074011,-0.003218486948209045,0.0002744809746603997,0.002934222204716345
set_cover_cw_tour,1318.0,25.05369487458792,46.817500940115394,-44.972106293203865,0.2906603869550721,-0.005742463542860378,-0.2774211627922441,-0.003846014671856259,0.0002901786156591187,0.0035315721475471015
set_cover_cw_tour,1320.0,25.626235463189705,46.80533131627806,-45.518575213143016,0.2818804230592079,-0.006420538058387237,-0.26904752398866866,-0.004473524004900617,0.00030871607201945665,0.004128904008870305
set_cover_cw_tour,1322.0,26.179962557029768,46.79188992222821,-46.047100849883165,0.271846932467607,-0.007013288290239308,-0.25947788724897836,-0.005101011734519538,0.0003300932532455551,0.0047262147303708205
set_cover_cw_tour,1324.0,26.712369404700826,46.77735875811457,-46.55529130392371,0.26056022251752725,-0.007509362888853146,-0.2487123499653468,-0.0057284746480010485,0.0003543100543022782,0.005323501253841744
set_cover_cw_tour,1326.0,27.22094990801282,46.761942525096856,-47.040754882787624,0.2480206390884811,-0.007897412221869439,-0.23675102176907123,-0.006355909532760234,0.0003813663556157509,0.005920760521200066
set_cover_cw_tour,1328.0,27.703198699074274,46.74586862170787,-47.50110012549885,0.23422856659902955,-0.008166088577623819,-0.22359402452973193,-0.006983313176355683,0.0004112620230739703,0.006517989474502326
set_cover_cw_tour,1330.0,28.156611217366894,46.729387139808644,-47.93393582705795,0.21918442800321442,-0.008304046368620968,-0.209241492354258,-0.007610682366505944,0.0004439969080274936,0.007115185055960271
set_cover_cw_tour,1332.0,28.578683786812636,46.71277086013663,-48.33687106291579,0.20288868478662886,-0.008299942334990245,-0.19369357158589898,-0.00823801389110596,0.0004795708472901979,0.00771234420795651
set_cover_cw_tour,1334.0,28.966913692832588,46.69631524744703,-48.70751521344505,0.18534183696212608,-0.00814243574792104,-0.17695042080310247,-0.00886530453824352,0.0005179836631401167,0.008309463873060169
set_cover_cw_tour,1336.0,29.318799259396876,46.680338445247244,-49.043477988409435,0.16654442306516642,-0.00782018861307606,-0.15901221081829794,-0.009492551096215709,0.0005592351633203489,0.008906540994042549
set_cover_cw_tour,1338.0,29.631839926064934,46.66518127012454,-49.342369451430336,0.1464970201488027,-0.007321865873980781,-0.13987912467658653,-0.01011975035354534,0.0006033251410400443,0.009503572513892769
set_cover_cw_tour,1340.0,29.90353632501536,46.65120720566695,-49.60180004445077,0.12520024377830397,-0.006636135615387275,-0.11955135765433687,-0.01074689909899741,0.000650253374975461,0.010100555375833428
set_cover_cw_tour,1342.0,30.13139035806466,46.638802395977486,-49.81938061219643,0.10265474802541766,-0.005751669266610603,-0.09802911725768709,-0.011373994121595529,0.0007000196292710997,0.010697486523336248
set_cover_cw_tour,1344.0,30.312905273674176,46.6283756387817,-49.992722426633655,0.07886122546227019,-0.004657141804836028,-0.07531262322095278,-0.01200103221063837,0.0007526236535409108,0.011294362900137734
set_cover_cw_tour,1346.0,30.445585743944417,46.62035837812865,-50.11943721142409,0.05382040715490601,-0.0033412319583952343,-0.051402107504941105,-0.0126280101557161,0.0008080651828695764,0.011891181450254808
set_cover_cw_tour,1348.0,30.526937941596145,46.61520469668539,-50.19713716637592,0.02753306265646527,-0.0017926224100097794,-0.02629781429517112,-0.013254924746726827,0.0008663439378138666,0.012487939118000465
set_cover_cw_tour,1350.0,30.554469616937432,46.61339130762494,-50.223434991891395,1.734723475976807e-17,8.890457814381136e-18,-3.122502256758253e-17,-0.013881772773893021,0.0009274596244040702,0.013084632847999416
set_cover_cw_tour,1352.0,30.520307361743157,46.55614365084056,-50.232942733512466,-0.03420545817082954,-0.05722185751880501,-0.0095077375644609,-0.0171552455887858,-0.02864957879574146,-0.004818158358751732
set_cover_cw_tour,1354.0,30.41895577080584,46.38725405394587,-50.261034464263695,-0.06718730921855981,-0.11164286300878656,-0.01858398120105246,-0.016416873091294,-0.027325168555267686,-0.004602435550352207
set_cover_cw_tour,1356.0,30.252885672984913,46.11231193906699,-50.306847102322564,-0.09892194464432813,-0.16327531620803776,-0.02722863731124173,-0.015672766753888862,-0.02600411277046211,-0.00438668917766752
set_cover_cw_tour,1358.0,30.024615069713178,45.73688197020198,-50.36951738308835,-0.12938580043287876,-0.2121316754729878,-0.035441616715430176,-0.01492293038636493,-0.024686437381016342,-0.004170920345310434
set_cover_cw_tour,1360.0,29.73670904561552,45.266503736220685,-50.448181868020676,-0.15855535746658475,-0.2582245575415412,-0.043222834653640275,-0.0141673678278543,-0.023372168309314524,-0.003955130158008705
set_cover_cw_tour,1362.0,29.391779678299972,44.7066914343405,-50.54197695347941,-0.18640714193904334,-0.30156673729407846,-0.05057221078616818,-0.013406082946806924,-0.022061331460300565,-0.003739319720599426
set_cover_cw_tour,1364.0,28.992485947322052,44.06293355408223,-50.65003887956585,-0.21291772576824122,-0.34217114751232086,-0.057489669194202384,-0.012639079640970812,-0.020753952721345562,-0.003523490138023365
set_cover_cw_tour,1366.0,28.541533642323174,43.34069256171036,-50.77150373896506,-0.23806372700928619,-0.38005087863606174,-0.0639751383804085,-0.011866361837372084,-0.01945005796211519,-0.003307642515319318
set_cover_cw_tour,1368.0,28.041675270344058,42.545404585162025,-50.905507485789435,-0.2618218102667015,-0.41521917851776546,-0.07002855126948002,-0.011087933492294857,-0.018149673034437316,-0.0030917779576184433
set_cover_cw_tour,1370.0,27.495709962313963,41.68247909946885,-51.051185944423224,-0.2841686871062793,-0.4476894521750372,-0.07564984520865518,-0.010303798591261,-0.016852823772169595,-0.002875897570138607
set_cover_cw_tour,1372.0,26.90648337871669,40.75729861267605,-51.20767481836814,-0.3050811164664898,-0.4774752615409654,-0.08083896196819984,-0.009513961149009705,-0.015559535991067217,-0.0026600024581787222
set_cover_cw_tour,1374.0,26.27688761443418,39.77521835226292,-51.37410969908986,-0.32453590506944174,-0.504590325212339,-0.08559584774185634,-0.008718425209476955,-0.014269835488650759,-0.0024440937271130907
set_cover_cw_tour,1376.0,25.609861102768672,38.74156595206901,-51.54962607486537,-0.34250990783139207,-0.5290485181957414,-0.08992045314725852,-0.007917194845774808,-0.012983748044074036,-0.002228172482385743
set_cover_cw_tour,1378.0,24.908388518644276,37.661641139730314,-51.73335933963119,-0.3589800282727994,-0.5508638716515243,-0.09381273322631263,-0.0071102741601705415,-0.011701299417992164,-0.00201223982950478
set_cover_cw_tour,1380.0,24.175500680988907,36.540715424629504,-51.92444480183221,-0.37392321892791924,-0.5700505726356629,-0.09727264744554437,-0.006297667284065657,-0.010422515352429678,-0.0017962968740367104
set_cover_cw_tour,1382.0,23.41427445429749,35.384031786364666,-52.122017693271275,-0.3873164817539364,-0.5866229638394946,-0.1003001596964119,-0.005479378377974722,-0.009147421570648684,-0.001580344721600794
set_cover_cw_tour,1384.0,22.627832649377368,34.19680436374065,-52.325213177959334,-0.3991368685396316,-0.6005955433273444,-0.10289523829558492,-0.0046554116315040694,-0.007876043777017177,-0.001364384477863377
set_cover_cw_tour,1386.0,21.819343923276826,32.98421814428724,-52.533166360966106,-0.409361481313578,-0.6119829642720381,-0.10505785598518969,-0.003825771263330349,-0.006608407656877482,-0.0011484172485322344
set_cover_cw_tour,1388.0,20.992022678397728,31.751428654308494,-52.74501229727121,-0.4179674727518652,-0.6208000346883071,-0.10678798993302016,-0.0029904615211789193,-0.005344538876414676,-0.0009324441393509051
set_cover_cw_tour,1390.0,20.14912896079316,30.503561649467272,-52.959886000615676,-0.42493204658534567,-0.6270617171640854,-0.10808562173271509,-0.00214948668180212,-0.004084463082525193,-0.0007164662560930337
set_cover_cw_tour,1392.0,19.29396835765106,29.24571280590936,-53.176922452353786,-0.4302324580064014,-0.6307831285897029,-0.10895073740390113,-0.001302851050957338,-0.0028282059026855638,-0.0005004847045567088
set_cover_cw_tour,1394.0,18.429891893964804,27.98294741193128,-53.39525661030517,-0.43384601407522644,-0.6319795398849757,-0.10938332739230197,-0.00045055896338500197,-0.0015757929448211466,-0.0002845005905587972
set_cover_cw_tour,1396.0,17.56029592839172,26.720300060196024,-53.61402341760706,-0.4357500741256216,-0.6306663757241977,-0.10938338656981357,0.00040738521721363045,-0.0003272497971750477,-6.851501992928988e-05
set_cover_cw_tour,1398.0,16.688622048300488,25.462774340500875,-53.832357811566695,-0.43592205017029884,-0.626859214259034,-0.10895091423454523,0.001270977098198812,0.0009173979718229085,0.00014747090149436898
set_cover_cw_tour,1400.0,15.818356964008434,24.215342533101595,-54.04939473251376,-0.43433940730569026,-0.6205737868393199,-0.10808591411082681,0.002140212258014805,0.0021581248136870734,0.0003634560678729337
set_cover_cw_tour,1402.0,14.953032402209706,22.982945302597045,-54.26426913265279,-0.4309796641162594,-0.611825977731767,-0.106788394349182,0.0030150862462124915,0.0033949052000067878,0.0005794393733710304
set_cover_cw_tour,1404.0,14.096224998595325,21.770491392378524,-54.47611598491552,-0.42582039307831065,-0.6006318238365801,-0.10505836752626742,0.0038955945834722016,0.004627713622577094,0.0007954197121628074
set_cover_cw_tour,1406.0,13.25155618966612,20.582857319647953,-54.68407029181304,-0.41883922096329346,-0.5870075144019857,-0.10289585064477792,0.004781732761626613,0.005856524593529314,0.0010113959784376074
set_cover_cw_tour,1408.0,12.422692103739566,19.424887071009074,-54.88726709428776,-0.41001382924059776,-0.5709693907366764,-0.10030086513331782,0.005673496243683842,0.007081312645461575,0.0012273670664056193
set_cover_cw_tour,1410.0,11.613343451151543,18.301391798635855,-55.08484148056505,-0.39932195447983687,-0.5525339459201718,-0.09727343684623814,0.006570880463850678,0.008302052331569186,0.0014433318703035492
set_cover_cw_tour,1412.0,10.827265413654043,17.21714951702226,-55.27592859500459,-0.3867413887526147,-0.5317178245111006,-0.09381359606343992,0.007473880827555958,0.009518718225774927,0.0016592892844002737
set_cover_cw_tour,1414.0,10.068257533009863,16.176904800317516,-55.459663646951185,-0.3722499800337737,-0.5085378222534046,-0.08992137749014349,0.008382492711474092,0.010731284922859219,0.0018752382030025076
set_cover_cw_tour,1416.0,9.340163598785319,15.185368480251054,-55.63518191958516,-0.3558256326021193,-0.48301088578046797,-0.0855968202566238,0.009296711463548721,0.011939727038590217,0.00209117752046046
set_cover_cw_tour,1418.0,8.646871535342049,14.24721734465127,-55.801618778772195,-0.3374463074406186,-0.4551541123171747,-0.08083996791791172,0.01021653240301656,0.013144019209853764,0.0023071061311734998
set_cover_cw_tour,1420.0,7.992313288028937,13.367093836562237,-55.9581096819125,-0.31709002263606856,-0.4249847493798959,-0.07565086845346147,0.011141950820431342,0.014344136094783256,0.0025230229295958133
set_cover_cw_tour,1422.0,7.380464708575235,12.549605753962503,-56.10379018678927,-0.29473485377823105,-0.3925201944744107,-0.07002957426678398,0.012072961977687938,0.015540052372889386,0.002738926810242064
set_cover_cw_tour,1424.0,6.815345439685956,11.799325950090124,-56.23779596041644,-0.2703589343584305,-0.3577779947917624,-0.06397614218504628,0.013009561108046618,0.016731742745189775,0.002954816667693055
set_cover_cw_tour,1426.0,6.301018798840611,11.120792034378034,-56.35926278788556,-0.24394045616761154,-0.32077584690205296,-0.057490633458636996,0.013951743416157457,0.01791918193433853,0.0031706913966013865
set_cover_cw_tour,1428.0,5.841591661296368,10.518506074003906,-56.46732658121175,-0.2154576696938522,-0.28153159644617864,-0.050573113760697806,0.014899504078084873,0.019102344684755624,0.003386549891697119
set_cover_cw_tour,1430.0,5.441214342296741,9.996934296058566,-56.56112338817872,-0.18488888451932983,-0.24006323782550942,-0.04322365318662098,0.015852838241332348,0.020281205762756244,0.003602391047793426
set_cover_cw_tour,1432.0,5.104080478486889,9.560506790337135,-56.63978940118275,-0.15221246971673597,-0.19638891388951452,-0.03544232625351295,0.016811741024867252,0.021455739956679955,0.0038182137597922577
set_cover_cw_tour,1434.0,4.834426908536644,9.213617212756951,-56.70246096607554,-0.11740685424513665,-0.15052691562133716,-0.027229211899623892,0.017776207519145857,0.022625922077019803,0.004034016922689998
set_cover_cw_tour,1436.0,4.6365335529723755,8.960622489406399,-56.7482745910059,-0.08045052734527483,-0.10249568182132143,-0.018584393483743404,0.01874623278613844,0.023791726956551264,0.004249799431583119
set_cover_cw_tour,1438.0,4.514723293218809,8.805842521228728,-56.77636695526019,-0.04132203893431126,-0.052313798788493425,-0.009507958784562221,0.019721811859354597,0.024953129450461124,0.004465560181673844
set_cover_cw_tour,1440.0,4.473361849851931,8.753559889344952,-56.78587491810144,-4.510281037539698e-16,-1.3877787807814457e-17,3.122502256758253e-17,0.02070293974386866,0.026110104436476197,0.004681298068275797
set_cover_cw_tour,1442.0,4.51886743859231,8.702954817848639,-56.741489610252636,0.045467452544001946,-0.0506393650546418,0.044385288911227616,0.022773743309176128,-0.025268199021666868,0.022119978012504878
set_cover_cw_tour,1444.0,4.652933461639525,8.553100613769782,-56.610348099838355,0.08856207982518521,-0.09924734289311253,0.08675616554976698,0.02169927154323718,-0.024152311091377502,0.021112884642229133
set_cover_cw_tour,1446.0,4.870834948661895,8.308080459058433,-56.39647964625438,0.1293045713700416,-0.145803541602604,0.12711219678437347,0.02063019398021709,-0.023031572878556374,0.02010568317483201
set_cover_cw_tour,1448.0,5.167888375214355,7.972018176912329,-56.10391435452973,0.16771568348419863,-0.19028771189865773,0.1654529701133831,0.019566516093750035,-0.021906008806884515,0.019098378767144583
set_cover_cw_tour,1450.0,5.539451795914118,7.549077946169096,-55.736683134064364,0.20381623886968703,-0.23267974747592274,0.20177809366787888,0.01850824332982408,-0.020775643324751153,0.018090976576524948
set_cover_cw_tour,1452.0,5.980924976850225,7.043464014998974,-55.29881765736064,0.23762712624158933,-0.27295968535692916,0.23608719621469837,0.017455381106753258,-0.019640500905128516,0.01708348176083186
set_cover_cw_tour,1454.0,6.4877495272257715,6.459420413901971,-54.79435031874893,0.2691692999440733,-0.31110770623887496,0.2683799271592829,0.01640793481514987,-0.018500606045446608,0.01607589947839832
set_cover_cw_tour,1456.0,7.055409030231599,5.8012306680134476,-54.22731419310775,0.29846377956581316,-0.34710413483842273,0.29865595654836824,0.01536590981789686,-0.01735598326746768,0.015068234888005134
set_cover_cw_tour,1458.0,7.679429173150204,5.073217508722089,-53.60174299457857,0.3255316495548025,-0.3809294402345037,0.3269149750725168,0.014329311450120362,-0.01620665711716078,0.01406049314885453
set_cover_cw_tour,1460.0,8.355377876688683,4.279742584604271,-52.92167103527579,0.3503940588325615,-0.4125642362091258,0.3531566940684913,0.013298145019162383,-0.015052652164576004,0.013052679420543747
set_cover_cw_tour,1462.0,9.078865423539478,3.4252061716788047,-52.19113318399212,0.37307222040774257,-0.44198928158618295,0.3773808455214698,0.01227241580455363,-0.013893993003718746,0.012044798863038598
set_cover_cw_tour,1464.0,9.845544586167739,2.514046882986064,-51.41416482489964,0.3935874109891378,-0.46918548056826254,0.39958718206710214,0.011252129057986487,-0.012730704252423746,0.011036856636647042
set_cover_cw_tour,1466.0,10.651110753824108,1.5507413774955061,-50.594801816246985,0.4119609705980908,-0.494133883071448,0.4197754769934083,0.01023729000328812,-0.01156281055222908,0.010028857901992799
set_cover_cw_tour,1468.0,11.49130205878173,0.5398040683455909,-49.737080449052804,0.4282143021803174,-0.5168156850581139,0.43794552424251737,0.009227903836393719,-0.010390336568249958,0.009020807819988905
set_cover_cw_tour,1470.0,12.36189950179632,-0.5142131695798795,-48.845037405795985,0.44236887121713814,-0.5372122288677104,0.45409713841224875,0.00822397572531992,-0.009213306989052466,0.008012711551811297
set_cover_cw_tour,1472.0,13.258727076788102,-1.6067212927349763,-47.922709719102805,0.4544462053361255,-0.5553050035455337,0.4682301547575339,0.007225510810138331,-0.00803174652652715,0.007004574258872371
set_cover_cw_tour,1474.0,14.177651894744479,-2.733094382650385,-46.97413473043143,0.46446789392117044,-0.5710756451694816,0.48034442919168024,0.006232514202949216,-0.006845679915762509,0.005996401102794577
set_cover_cw_tour,1476.0,15.114584306842236,-3.8886699403236387,-46.00335004875406,0.4724555877219705,-0.5845059371747877,0.49043983828747606,0.005244990987855313,-0.005655131914918329,0.00498819724538398
set_cover_cw_tour,1478.0,16.065478026788156,-5.068749181256796,-45.01439350923696,0.4784309984629436,-0.5955778106767355,0.4985162792781368,0.004262946220935825,-0.0044601273050989465,0.003979967848603837
set_cover_cw_tour,1480.0,17.026330252376894,-6.268597331137527,-44.01130313191886,0.482415898451571,-0.6042733447913463,0.5045736700580926,0.003286384930220517,-0.0032606908902263294,0.002971718074548168
set_cover_cw_tour,1482.0,17.99318178626496,-7.483443922159544,-42.99811708038782,0.4844321201861721,-0.6105747669540398,0.5086119491836177,0.0023153121156639722,-0.0020568474969131344,0.0019634530854153176
set_cover_cw_tour,1484.0,18.962117155959685,-8.708483089978325,-41.97887362045711,0.48450155596311556,-0.6144644532362646,0.5106310758733004,0.001349732749119994,-0.0008486219743355731,0.0009551780434815284
set_cover_cw_tour,1486.0,19.929264733022073,-9.938873871298066,-40.95761107884019,0.4826461574834695,-0.6159249286600952,0.510631030008355,0.00038965177431615804,0.00036396080589383645,-5.310188892548168e-05
set_cover_cw_tour,1488.0,20.89079685148236,-11.16974050208579,-39.938367801825336,0.4788879354590946,-0.6149388675107919,0.508611812132775,-0.0005649258931715003,0.001580875949853583,-0.001061381549452952
set_cover_cw_tour,1490.0,21.84292992546723,-12.396172716408538,-38.925182113950065,0.4732489592181829,-0.6114890936473238,0.5045734434533272,-0.0015139953659436746,0.0028020985414406235,-0.0020696557757495203
set_cover_cw_tour,1492.0,22.78192456603755,-13.613226045889562,-37.92209227667571,0.46575135631024694,-0.6055585808108493,0.4985159658393881,-0.0024575517848027745,0.004027603642497959,-0.003077919405491642
set_cover_cw_tour,1494.0,23.70408569723552,-14.815922119779446,-36.93313644706253,0.45641731211056175,-0.597130452931152,0.4904394418226202,-0.0033955903187778322,0.005257366292942311,-0.0040861672764100285
set_cover_cw_tour,1496.0,24.60576267134021,-15.999248965638037,-35.96235263644558,0.4452690694240629,-0.5861879844310299,0.4803439545964911,-0.00432810616514924,0.006491361510891928,-0.0050943942263160895
set_cover_cw_tour,1498.0,25.48334938333029,-17.158161310623118,-35.013778669111744,0.4323289280887057,-0.5727146005286364,0.468229608015633,-0.005255094549473307,0.007729564292794469,-0.00610259509312832
set_cover_cw_tour,1500.0,26.333284384552993,-18.2875808833817,-34.09145214097818,0.4176192445782868,-0.5566938775377668,0.45409652659504407,-0.006176550725606745,0.008971949613555047,-0.007110764714898786
set_cover_cw_tour,1502.0,27.152050995598156,-19.382396716539848,-33.19941037827251,0.4011624316047337,-0.5381095431660913,0.4379448555091308,-0.007092469975730944,0.01021849242666434,-0.008118897929839514
set_cover_cw_tour,1504.0,27.936177418376325,-20.4374654497869,-32.34169039621514,0.3829809577198642,-0.5169454768113306,0.41977476059059216,-0.008002847610376125,0.011469167664326832,-0.009126989576348938
set_cover_cw_tour,1506.0,28.68223684739985,-21.447611633549975,-31.522328857703897,0.36309734691662016,-0.4931857098553709,0.39958642832914465,-0.008907678968445368,0.012723950237589158,-0.010135034493038311
set_cover_cw_tour,1508.0,29.38684758026592,-22.40762803325468,-30.745362032001427,0.34153417822977883,-0.466814425956316,0.3773800658700891,-0.009806959417238456,0.013982815036468551,-0.011143027518758156
set_cover_cw_tour,1510.0,30.046673127340508,-23.31227593416782,-30.014825753425594,0.3183140853361447,-0.4378159613384748,0.35315590101271865,-0.010700684352475618,0.015245736930081443,-0.01215096349262466
set_cover_cw_tour,1512.0,30.65842232064218,-24.156285446818018,-29.334755380043234,0.2934597561542263,-0.40617480508028053,0.3269141822085684,-0.011588849198321085,0.01651269076677207,-0.013158837254046126
set_cover_cw_tour,1514.0,31.21884942192474,-24.93435581299014,-28.709185752367556,0.2669939324434011,-0.3718755994001399,0.29865517855950596,-0.012471449407406509,0.017783651374241292,-0.014166643642749376
set_cover_cw_tour,1516.0,31.724754229957703,-25.641155712289308,-28.142151152059533,0.2389394094025712,-0.3349031399402089,0.26837917981566417,-0.013348480460854278,0.019058593559675475,-0.015174377498806174
set_cover_cw_tour,1518.0,32.172982187003576,-26.271323569270393,-27.637685260633575,0.209319035268315,-0.29524237604809384,0.23608649637321463,-0.014219937868300614,0.020337492109875444,-0.016182033662659658
set_cover_cw_tour,1520.0,32.56042448449093,-26.819467861128864,-27.199821118167822,0.17815571091253676,-0.25287841105647385,0.20177745927198293,-0.015085817167918602,0.021620321791385625,-0.01718960697515074
set_cover_cw_tour,1522.0,32.88401816788228,-27.28016742594876,-26.832591082019363,0.14547238943961838,-0.20779650256064378,0.16545242019290538,-0.015946113926441005,0.022907057350623178,-0.018197092277544524
set_cover_cw_tour,1524.0,33.14074624073578,-27.647971771503695,-26.54002678554469,0.1112920757830769,-0.1599820626939736,0.12711175145532722,-0.01680082373918297,0.02419767351400735,-0.019204484411556734
set_cover_cw_tour,1526.0,33.327637767959715,-27.917401384606684,-26.326159096825737,0.07563782630173098,-0.10942065840128314,0.08675584601414231,-0.017649942230064584,0.02549214498808884,-0.0202117782193801
set_cover_cw_tour,1528.0,33.44176797825888,-28.08294804100464,-26.195018077401773,0.03853274837538008,-0.056098011710128716,0.04438511745677437,-0.01849346505163328,0.026790446459679308,-0.02121896854371079
set_cover_cw_tour,1530.0,33.4802583657718,-28.139075115813345,-26.150632941007505,-1.5959455978986625e-16,-1.1102230246251565e-16,-2.3592239273284576e-16,-0.019331387885086097,0.02809255259598099,-0.022226050227774793
set_cover_cw_tour,1532.0,33.49687573240875,-28.09056242709882,-26.130633515834123,0.016653968842739685,0.048500127556480435,0.019999416640354352,0.008143514298000875,0.02426886411272415,0.009966244291344016
set_cover_cw_tour,1534.0,33.54632865611614,-27.947350924126248,-26.071542907994154,0.0328338635210939,0.09469917182570035,0.03909116598781284,0.007799210977798467,0.02315547152341606,0.009512461455775785
set_cover_cw_tour,1536.0,33.62764900223708,-27.714037459400405,-25.975176648003757,0.04851970048722345,0.13860246194987455,0.057275052886627355,0.0074499923677235754,0.02204364818994843,0.009058629916786971
set_cover_cw_tour,1538.0,33.73982868937781,-27.395208092257548,-25.84335064739534,0.06369151660268223,0.18021546193991794,0.0745508914764638,0.007095860255761454,0.020933416352265238,0.008604751997976818
set_cover_cw_tour,1540.0,33.8818197305803,-26.995437819237203,-25.67788118012529,0.07832936949219671,0.2195437705659861,0.09091850519382842,0.006736816455054301,0.01982479824216208,0.008150830023182048
set_cover_cw_tour,1542.0,34.05253427520216,-26.519290304674705,-25.480584863978933,0.09241333789724628,0.25659312124618755,0.10637772677342294,0.006372862803891939,0.0187178160831723,0.007696866316464931
set_cover_cw_tour,1544.0,34.250844651503634,-25.97131761151814,-25.253278641972848,0.10592352202944152,0.291369381933469,0.12092839824942825,0.006004001165702457,0.017612492090453267,0.007242863202101421
set_cover_cw_tour,1546.0,34.47558340994099,-25.356059932373338,-24.9977797637547,0.11884004392369708,0.3238785550006742,0.1345703709567167,0.005630233429042619,0.01650884847067257,0.006788823004569223
set_cover_cw_tour,1548.0,34.72554336716616,-24.67804532078059,-24.71590576700069,0.13114304779119604,0.35412677712377777,0.1473035055319931,0.005251561507588232,0.015406907421894385,0.006334748048535914
set_cover_cw_tour,1550.0,34.99947765073206,-23.941789422726707,-24.40947445881083,0.14281270037214291,0.3821203191632948,0.15912767191486402,0.004867987340124321,0.014306691133465796,0.005880640658847034
set_cover_cw_tour,1552.0,35.2960997445032,-23.151795208396077,-24.080303897102123,0.1538291912883019,0.40786558604386725,0.17004274934883595,0.004479512890535218,0.013208221785903161,0.005426503160514176
set_cover_cw_tour,1554.0,35.61408353477116,-22.312552704164396,-23.73021237199983,0.16417273339531746,0.43136911663202837,0.1800486263822418,0.004086140147794501,0.012111521550778579,0.0049723378787030915
set_cover_cw_tour,1556.0,35.952063357074486,-21.428538724838663,-23.361018387226956,0.17382356313481426,0.4526375836121464,0.18914520086909603,0.0036878711259548105,0.011016612590606375,0.004518147138721779
set_cover_cw_tour,1558.0,36.30863404372255,-20.504216606147132,-22.9745406414921,0.18276194088627298,0.471677793360548,0.19733237996987835,0.0032847078641375454,0.009923517058729608,0.004063933266008587
set_cover_cw_tour,1560.0,36.68235097202295,-19.544035937482818,-22.572598009875797,0.1909681513186793,0.4884966858178233,0.2046100801522459,0.0028766524265224115,0.008832257099206662,0.003609698586120303
set_cover_cw_tour,1562.0,37.07173011321199,-18.55243229490422,-22.157009525215514,0.19842250374194287,0.503101334359313,0.2109782271916741,0.0024637069023368593,0.0077428548466978555,0.0031554454247202397
set_cover_cw_tour,1564.0,37.47524808208772,-17.533826974396888,-21.72959435948944,0.20510533245808307,0.5154989456637796,0.21643675617202573,0.0020458734058453882,0.006655332426352131,0.002701176107566339
set_cover_cw_tour,1566.0,37.89134218734516,-16.492626725399443,-21.292171805199203,0.21099699711217865,0.5256968595802624,0.22098561148604892,0.0016231540763387198,0.005569711953693765,0.002246892960499262
set_cover_cw_tour,1568.0,38.318410482613174,-15.433223484597741,-20.846561256751674,0.21607788304307798,0.5337025489931192,0.22462474683580338,0.0011955510781228383,0.004486015534509138,0.001792598309430472
set_cover_cw_tour,1570.0,38.754811818192486,-14.35999410999073,-20.394582191839966,0.220328401633867,0.5395236196852548,0.22735412523301524,0.0007630666005079255,0.0034042652647335503,0.0013382944803303383
set_cover_cw_tour,1572.0,39.19886589349444,-13.277300115231673,-19.93805415282382,0.22372899066209173,0.5431678101995375,0.22917371899936045,0.00032570285779713213,0.0023244832303380876,0.0008839837992162172
set_cover_cw_tour,1574.0,39.64885331017993,-12.189487404248357,-19.478796728109486,0.22626011464973228,0.5446429916984056,0.23008350976667669,-0.00011653791072474703,0.0012466915072165694,0.0004296685921405495
set_cover_cw_tour,1576.0,40.103015625998005,-11.100886006145892,-19.018629533529243,0.22790226521292523,0.5439571678216639,0.2300834884771036,-0.0005636534408027401,0.00017091216107249004,-2.4648814821053022e-05
set_cover_cw_tour,1578.0,40.55955540932372,-10.01580981039572,-18.559372193720726,0.22863596141143142,0.541118474542473,0.22917365538315188,-0.0010156414432232863,-0.0009028327526939481,-0.0004789660955817135
set_cover_cw_tour,1580.0,41.016636294394615,-8.938556302314462,-18.10284432350618,0.22844175009784598,0.536135180021531,0.22735402004770056,-0.001472499603825971,-0.0019745211890987453,-0.0009332809240552038
set_cover_cw_tour,1582.0,41.47238303724538,-7.873406298836205,-17.650865509271775,0.22730020626654762,0.5290156844594507,0.22462460134392304,-0.0019342255835153592,-0.0030441311136869976,-0.0013875909741678447
set_cover_cw_tour,1584.0,41.924881572340134,-6.824623684581834,-17.205255290347175,0.225191933402384,0.5197685199473312,0.2209854274551414,-0.0024008170182729834,-0.004111640502645683,-0.001841893919870434
set_cover_cw_tour,1586.0,42.37217906990185,-5.796455148229027,-16.767833140385438,0.22209756382909027,0.5084023503155284,0.21643653587460954,-0.0028722715191694358,-0.005177027342916449,-0.002296187435150131
set_cover_cw_tour,1588.0,42.81228399393828,-4.793129919186512,-16.340418448743435,0.21799775905743762,0.49492597098062213,0.2109779734052244,-0.003348586672376608,-0.006240269632308295,-0.0027504691940423865
set_cover_cw_tour,1590.0,43.243166160963995,-3.81885950457619,-15.924830501862914,0.21287321013310884,0.47934830879058454,0.2046097961591662,-0.0038297600391800483,-0.007301345379610243,-0.0032047368706428414
set_cover_cw_tour,1592.0,43.6627567994178,-2.877837426526716,-15.52288846465236,0.2067046379842976,0.46167842186814867,0.19733206955746674,-0.004315789155991441,-0.008360232604703931,-0.0036589881391192345
set_cover_cw_tour,1594.0,44.06894860977515,-1.9742389597821475,-15.136411361869785,0.19947279376902902,0.44192549945238,0.18914486832950655,-0.0048066715343612326,-0.009416909338676133,-0.00411322067372332
set_cover_cw_tour,1596.0,44.45959582535488,-1.1122208696292397,-14.7672180595066,0.19115845922219754,0.42009886173845173,0.18004827651244049,-0.005302404660991363,-0.01047135362393124,-0.004567432148802761
set_cover_cw_tour,1598.0,44.832514273819754,-0.2959211501469903,-14.417127246172702,0.18174244700232,0.3962079597156253,0.1700423874505516,-0.005802985997748131,-0.011523543514303703,-0.005021620238813052
set_cover_cw_tour,1600.0,45.18548143937019,0.4705412372179878,-14.087957414482927,0.1712056010380002,0.3702623750034377,0.15912730379453405,-0.006308412981675201,-0.012573457075170394,-0.005475782618329413
set_cover_cw_tour,1602.0,45.516236525630696,1.1830666247466726,-13.78152684244501,0.15952879687410212,0.3422718196860972,0.147303137500704,-0.006818683025006718,-0.013621072383562879,-0.005929916962058702
set_cover_cw_tour,1604.0,45.822480519228264,1.837574899209842,-13.499653574849185,0.146692942017629,0.3122461361450879,0.13457000983013953,-0.007333793515180551,-0.014666367528279696,-0.006384020944851319
set_cover_cw_tour,1606.0,46.10187625406231,2.430005762293702,-13.244155404659605,0.1326789762833047,0.28019529688998607,0.12092805134774873,-0.007853741814851682,-0.015709320609998526,-0.006838092241713114
set_cover_cw_tour,1608.0,46.35204847626544,2.95631899068536,-13.016849854407655,0.11746787213885482,0.24612940438748868,0.10637740192126659,-0.008378525261905696,-0.016749909741388316,-0.007292128527817281
set_cover_cw_tour,1610.0,46.57058390985445,3.41249469581457,-12.819554157587376,0.10104063504998441,0.21005869088865592,0.09091821072018039,-0.00890814116947243,-0.01778811304722135,-0.007746127478516274
set_cover_cw_tour,1612.0,46.755031323071044,3.7945335832481755,-12.654085240053101,0.08337830382504892,0.17199351825436932,0.07455063621458362,-0.009442586825939701,-0.01882390866448523,-0.0082000867693537
set_cover_cw_tour,1614.0,46.90290159541151,4.098457211733688,-12.522259701419443,0.06446195095941575,0.13194437777900686,0.0572748461739585,-0.009981859494967221,-0.01985727474249485,-0.008654004076076222
set_cover_cw_tour,1616.0,47.01166778534485,4.320308251888433,-12.425893796463807,0.04427268297951325,0.08992189001233661,0.0390910176658871,-0.010525956415500578,-0.02088818944300422,-0.00910787707464546
set_cover_cw_tour,1618.0,47.07876519871869,4.4561507445307,-12.366803416531539,0.022791640786564045,0.0459368045796305,0.019999337054691056,-0.011074874801785395,-0.021916630940318333,-0.009561703441249894
set_cover_cw_tour,1620.0,47.10159145785233,4.502070358649354,-12.346804070943868,-2.3245294578089215e-16,-1.734723475976807e-16,-1.214306433183765e-16,-0.011628611843381586,-0.022942577421404854,-0.010015480852316756
set_cover_cw_tour,1622.0,47.074096957433525,4.536174208981591,-12.322398162432517,-0.0274687973565486,0.034124568510875405,0.024405898098232792,-0.013953816197638622,0.017031177894506304,0.012187155670254574
set_cover_cw_tour,1624.0,46.9931203878918,4.637140672562683,-12.250288087773697,-0.05348318418420827,0.06686151626831206,0.04770414579385525,-0.013302047870472431,0.01627685968821501,0.011633392475017268
set_cover_cw_tour,1626.0,46.86155661931182,4.8021820643291155,-12.13268938712891,-0.07805711712823818,0.09819841024235379,0.06989450467587205,-0.012653904169433652,0.01551960012642608,0.011079569717277742
set_cover_cw_tour,1628.0,46.6822725678913,5.028485929200303,-11.971818066138407,-0.10120459339363226,0.1281229134765164,0.09097674767672992,-0.012009388412991989,0.014759415619779837,0.010525690232586276
set_cover_cw_tour,1630.0,46.45810711507892,5.313215234438689,-11.769890573232555,-0.12293965048770511,0.15662278530070797,0.11095065907406099,-0.011368503901042241,0.01399632259389224,0.009971756856783582
set_cover_cw_tour,1632.0,46.19187102722738,5.653508562434308,-11.529123776939787,-0.14327636596230228,0.1836858815428156,0.12981603449233908,-0.01073125391488735,0.01323033748927072,0.009417772425986296
set_cover_cw_tour,1634.0,45.886346875762484,6.046480303911189,-11.251734943191352,-0.1622288571556378,0.20930015473895608,0.14757268090444897,-0.010097641717221667,0.012461476761230066,0.00886373977657245
set_cover_cw_tour,1636.0,45.54428895786887,6.4892208515529255,-10.939941712622993,-0.17981128093376078,0.2334536543423892,0.16422041663316841,-0.009467670552114185,0.01168975687980811,0.008309661745166962
set_cover_cw_tour,1638.0,45.168423217693174,6.978796794044728,-10.595962077873763,-0.19603783343165354,0.25613452693109134,0.17975907135256294,-0.008841343644991968,0.01091519432968147,0.007755541168627093
set_cover_cw_tour,1640.0,44.76144716806538,7.512251110529284,-10.222014360882126,-0.2109227497939636,0.27733101641398794,0.19418848608929373,-0.008218664202623628,0.010137805610081072,0.007201380884027943
set_cover_cw_tour,1642.0,44.32602981273907,8.086603365473747,-9.82031719017954,-0.2244803039153718,0.2970314642358428,0.207508513223838,-0.007599635413102901,0.009357607234707755,0.00664718372864791
set_cover_cw_tour,1644.0,43.8648115691513,8.698849903945149,-9.393089478181682,-0.23672480818059866,0.3152243095808026,0.21971901649162254,-0.0069842604458323215,0.00857461573164766,0.006092952539954167
set_cover_cw_tour,1646.0,43.38040419170281,9.345964047291558,-8.942550398477486,-0.24767061320405148,0.33189808957459466,0.2308198709840697,-0.0063725424515070055,0.007788847643287637,0.005538690155588147
set_cover_cw_tour,1648.0,42.87539069555931,10.024896289226293,-8.470919363116193,-0.25733210756911445,0.3470414394853763,0.24081096314955647,-0.005764484562098516,0.007000319526230538,0.004984399413350989
set_cover_cw_tour,1650.0,42.35232528097454,10.732574492312475,-7.980415999892554,-0.26572371756708385,0.3606430929232341,0.24969219079428623,-0.005160089890838826,0.006209047951210462,0.004430083151189031
set_cover_cw_tour,1652.0,41.81373325813581,11.46590408484523,-7.473260129630384,-0.27285990693575096,0.37269188203833115,0.2574634630830732,-0.004559361532204376,0.00541504950300788,0.0038757442071792724
set_cover_cw_tour,1654.0,41.26211097253273,12.221768258128833,-6.951671743464637,-0.27875517659763466,0.3831767377177007,0.26412470054004,-0.00396230256190023,0.004618340780364771,0.003321385419514846
set_cover_cw_tour,1656.0,40.69992573084979,12.997028164146087,-6.417870980122162,-0.28342406439786627,0.39208668978068456,0.2696758350492275,-0.003368916036844338,0.003818938395899589,0.0027670096264904714
set_cover_cw_tour,1658.0,40.12961572738359,13.788523113617218,-5.874078103201341,-0.28688114484172883,0.39941086717301394,0.2741168098551178,-0.002779204995151878,0.0030168589760222425,0.0022126196664879454
set_cover_cw_tour,1660.0,39.55358997098523,14.593070774445573,-5.322513478450758,-0.28914102883185305,0.4051384981595322,0.2774475795630701,-0.0021931724561196943,0.002212119160848943,0.001658218377961599
set_cover_cw_tour,1662.0,38.97422821252877,15.407467370547407,-4.765397551047087,-0.2902183634050725,0.4092589105155564,0.27966811013966864,-0.0016108214202108502,0.001404735604117024,0.0011038085994237584
set_cover_cw_tour,1664.0,38.393880872906216,16.22848788106302,-4.204950822872372,-0.2901278314689399,0.4117615317168774,0.28077837891298435,-0.0010321548690392565,0.0005947249730996715,0.000549393169430222
set_cover_cw_tour,1666.0,37.814868971549856,17.052886239946563,-3.6433938297908686,-0.28888415153790725,0.4126358891283956,0.28077837457274857,-0.00045717576535441514,-0.00021789605147941066,-5.025073434273067e-06
set_cover_cw_tour,1668.0,37.239484055482585,17.877395535931694,-3.0829471189256266,-0.28650207746917217,0.41187161019139135,0.27966809717043983,0.00011411294697375601,-0.0010331107755314232,-0.0005594432905705968
set_cover_cw_tour,1670.0,36.66998812889682,18.698728212870463,-2.525831225934988,-0.28299639819819206,0.4094584226094284,0.2774475581192833,0.0006817083429699982,-0.0018509024916879167,-0.0011138586433797424
set_cover_cw_tour,1672.0,36.108613583262766,19.513576270442613,-1.9742666522891712,-0.27838193747386936,0.4053861545328885,0.274116780194163,0.0012456075165686756,-0.00267125447938634,-0.00166826829327737
set_cover_cw_tour,1674.0,35.557563127966624,20.318611465232568,-1.4304738425471175,-0.2726735535934096,0.39964473474213563,0.269675797531447,0.0018058075806286738,-0.003494150004955678,-0.002222669401708342
set_cover_cw_tour,1676.0,35.01900972147938,21.1104855121714,-0.8966731616337773,-0.2658861391368547,0.39222419282930804,0.2641246556287247,0.0023623056669481667,-0.004319572321702084,-0.002777059130161255
set_cover_cw_tour,1678.0,34.49509650305688,21.885830286340997,-0.375084872118006,-0.25803462070129407,0.38311465937873723,0.25746341134445794,0.0029150989262792986,-0.005147504669994639,-0.0033314346401829564
set_cover_cw_tour,1680.0,33.98793672497181,22.641258025137684,0.13207088850875326,-0.24913395863475535,0.37230636614599133,0.24969213289754383,0.0034641845283427844,-0.005977930277351177,-0.0038857930933931095
set_cover_cw_tour,1682.0,33.499613685278185,23.37336153079257,0.6225741305528265,-0.23919914676977777,0.3597896462355417,0.2408108998667911,0.0040095596618424,-0.0068108323585241454,-0.004440131651498697
set_cover_cw_tour,1684.0,33.032180661109024,24.078714373245848,1.0942050348375298,-0.22824521215666993,0.34555493427705175,0.2308198031903088,0.004551221534479366,-0.007646194115586536,-0.0049944474763085655
set_cover_cw_tour,1686.0,32.58766084250782,24.753871093372283,1.5447439754210825,-0.21628721479645466,0.3295927666002852,0.2197189451648079,0.005089167372966647,-0.0084839987380179,-0.005548737729747955
set_cover_cw_tour,1688.0,32.16804726679444,25.395367406555145,1.9719715423130335,-0.20334024737350304,0.31189378140863355,0.20750843944481578,0.005623394423043158,-0.00932422940279042,-0.006102999573873034
set_cover_cw_tour,1690.0,31.77530275346602,25.999720406605814,2.3736685641890327,-0.18941943498786026,0.2924487189512604,0.19418841104180337,0.006153899949487861,-0.01016686927445504,-0.00665723017088542
set_cover_cw_tour,1692.0,31.411359839633594,26.563428770026274,2.747616131103766,-0.17453993488726527,0.27124842169386115,0.17975899632322506,0.006680681236133769,-0.011011901505227661,-0.00721142668314672
set_cover_cw_tour,1694.0,31.078120715994928,27.082972960611762,3.0915956172018864,-0.15871693619886687,0.24828383448803704,0.16422034301147162,0.00720373558588185,-0.011859309235075399,-0.007765586273193048
set_cover_cw_tour,1696.0,30.777457163344238,27.554815434390775,3.403388703426761,-0.14196565966063854,0.22354600473928166,0.14757261018273565,0.007723060320714844,-0.012709075591802909,-0.00831970610374956
set_cover_cw_tour,1698.0,30.511210489619376,27.97540084489964,3.6807774002268623,-0.12430135735249422,0.19702608257357845,0.12981596826579006,0.008238652781710966,-0.013561183691138769,-0.008873783337744981
set_cover_cw_tour,1700.0,30.281191467487098,28.34115624878891,3.9215440702596314,-0.10573931242710749,0.16871532100260792,0.1109505990406793,0.008750510329057524,-0.014415616636821942,-0.00942781513832613
set_cover_cw_tour,1702.0,30.089180272466958,28.648491311758786,4.123471451092634,-0.08629483884043655,0.13860507608756298,0.09097669563732338,0.009258630342064434,-0.015272357520688257,-0.009981798668872433
set_cover_cw_tour,1704.0,29.93692642159448,28.89379851482076,4.284342677901836,-0.06598328108195728,0.10668680710157094,0.06989446253403478,0.00976301021917764,-0.016131389422757002,-0.010535731093010474
set_cover_cw_tour,1706.0,29.82614871262413,29.073453360882702,4.401941306166831,-0.044820013904606805,0.07295207669072085,0.04770411555594821,0.010263647377992428,-0.01699269541131753,-0.011089609574628482
set_cover_cw_tour,1708.0,29.758535163772674,29.183814581654644,4.474051334362838,-0.022820442054439814,0.03739255103369456,0.024405881873363254,0.010760539255266655,-0.017856258543015983,-0.011643431277890883
set_cover_cw_tour,1710.0,29.735742954003562,29.221224344872383,4.4984572266492915,-1.8041124150158794e-16,3.0531133177191805e-16,-1.7694179454963432e-16,0.011253683306933862,-0.018722061862942004,-0.0121971933672528
set_cover_cw_tour,1712.0,29.71046525793738,29.246887300602122,4.56220637493961,-0.025258357918984873,0.025682006697489546,0.06374912109087195,-0.01277236521015595,0.012812405006335228,0.03188034572741933
set_cover_cw_tour,1714.0,29.63597546656595,29.32289801453222,4.750560601094599,-0.049212925542441256,0.05034677482420419,0.12460502470025549,-0.012177239450529584,0.012248108797365244,0.030433898948852692
set_cover_cw_tour,1716.0,29.514870675062056,29.447210751059814,5.057732844461959,-0.07187419345004493,0.07398305383128903,0.18256708760795365,-0.011584860523753342,0.011681125580842402,0.028987296349945804
set_cover_cw_tour,1718.0,29.349726960460224,29.617757345890038,5.477934827577905,-0.09325268917265134,0.09657966560346726,0.2376347162231996,-0.010995231462783535,0.01111146779433515,0.027540545337245877
set_cover_cw_tour,1720.0,29.143099307949,29.8324473510975,6.005377115430616,-0.1133589769976033,0.11812550465320872,0.28980734658921536,-0.01040835528649728,0.010539147889105606,0.026093653318059996
set_cover_cw_tour,1722.0,28.897521537552958,30.089168180575072,6.634269174732567,-0.1322036577736959,0.13860953831388884,0.3390844443875431,-0.00982423499967702,0.009964178330045838,0.024646627700417173
set_cover_cw_tour,1724.0,28.615506231205117,30.385785255868004,7.358819433201294,-0.14979736871580013,0.15802080693193662,0.3854655049421488,-0.009242873592995166,0.009386571595614047,0.023199475893030452
set_cover_cw_tour,1726.0,28.29954466021046,30.72014215239131,8.173235338848151,-0.16615078320914742,0.17634842405796972,0.4289500532232986,-0.008664274042998766,0.008806340177770641,0.02175220530525896
set_cover_cw_tour,1728.0,27.95210671310122,31.09006074602842,9.071723419274578,-0.18127461061327652,0.1935815766369153,0.4695376438512069,-0.008088439312094277,0.008223496581914326,0.020304823347069983
set_cover_cw_tour,1730.0,27.57564082388458,31.493341360109042,10.048489340975447,-0.19517959606564445,0.20970952519711483,0.5072278610994573,-0.007515372348532402,0.007638053326818037,0.018857337429001003
set_cover_cw_tour,1732.0,27.17257390068354,31.92776291276423,11.097737968649016,-0.2078765202849034,0.22472160403841107,0.5420203188981956,-0.006945076086392969,0.007050022944564867,0.017409754962121805
set_cover_cw_tour,1734.0,26.745311254771504,32.39108306465661,12.213673424513043,-0.21937619937384514,0.23860722141921584,0.5739146608370952,-0.006377553445569933,0.0064594179804839,0.015962083357996454
set_cover_cw_tour,1736.0,26.296236530001362,32.88103836708371,13.390499147626613,-0.22968948462201502,0.25135585974255675,0.6029105601680944,-0.005812807331756426,0.005866250993085964,0.014514330028645425
set_cover_cw_tour,1738.0,25.82771163262963,33.39534441045235,14.622417953217191,-0.2388272623079966,0.2629570757411013,0.6290077198079067,-0.005250840636429863,0.005270534553999359,0.013066502386507618
set_cover_cw_tour,1740.0,25.34207666153637,33.931695973122096,15.903632092012487,-0.24680045350136956,0.27340050066115673,0.6522058723403021,-0.0046916562368371564,0.004672281247905466,0.011618607844402405
set_cover_cw_tour,1742.0,24.841649838841526,34.48776717061565,17.228343309576644,-0.25362001386434185,0.2826758404456443,0.6725047800181622,-0.00413525699597997,0.004071503672474317,0.01017065381549169
set_cover_cw_tour,1744.0,24.3287274409183,35.06121160519416,18.59075290565032,-0.25929693345305826,0.2907728759160456,0.6899042347653055,-0.0035816457626000713,0.003468214438300115,0.008722647713241945
set_cover_cw_tour,1746.0,23.80558372980424,35.64966251579545,19.985061793494175,-0.26384223651858707,0.29768146295332043,0.7044040581780869,-0.0030308253711647374,0.0028624261688366486,0.007274596951386249
set_cover_cw_tour,1748.0,23.274470885010693,36.25073292833297,21.405470559235354,-0.26726698130758647,0.30339153267779356,0.7160041015267682,-0.0024827986418522515,0.002254151500332667,0.005826508943886338
set_cover_cw_tour,1750.0,22.737618935731216,36.86201580635356,22.846179521216456,-0.2695822598626525,0.3078930916280097,0.7247042457566607,-0.0019375683805374529,0.0016434030817671819,0.004378391104894665
set_cover_cw_tour,1752.0,22.197235693449624,37.48108420205183,24.301388789346575,-0.27079919782235023,0.3111762219385543,0.7305044014890404,-0.0013951373787773856,0.0010301935747847007,0.002930250848716398
set_cover_cw_tour,1754.0,21.655506684948293,38.10549140763923,25.765298324453955,-0.27092895422093033,0.3132310815168395,0.7334045090218352,-0.0008555084137969845,0.00041453565363041883,0.0014820955897714636
set_cover_cw_tour,1756.0,21.11459508571733,38.73277110706554,27.23210799763976,-0.26998272128773204,0.3140479042188527,0.7334045383300842,-0.00031868424847488104,-0.0002035579949146968,3.393274255664852e-05
set_cover_cw_tour,1758.0,20.576641653765268,39.36043752809094,28.696017649632562,-0.2679717242462749,0.31361700002386733,0.7305044890661692,0.00021533236867076237,-0.0008240746715988506,-0.0014142302783924504
set_cover_cw_tour,1760.0,20.043764663831865,39.98598559470637,30.151227150143065,-0.26490722111304094,0.311928755208113,0.7247043905598178,0.000746538703496313,-0.0014470016647644415,-0.0028623860585393276
set_cover_cw_tour,1762.0,19.518059842003666,40.60689107990023,31.591936457218576,-0.2608005024959488,0.30897363251740456,0.7160043018178799,0.0012749320362466727,-0.0020723262504131422,-0.004310527183384545
set_cover_cw_tour,1764.0,19.00160030073291,41.22061075876929,33.01234567659684,-0.255662891392522,0.30474217133872844,0.7044043115238747,0.0018005096615691957,-0.0027000356922710516,-0.005758646238503726
set_cover_cw_tour,1766.0,18.49643647426042,41.82458256197174,34.40665512105871,-0.2495057429877524,0.29922498787078367,0.6899045380373112,0.0023232688885275604,-0.0033301172418538955,-0.0072067358095854565
set_cover_cw_tour,1768.0,18.00459605444305,42.416225729520235,35.76906536977928,-0.24234044445166153,0.2924127752934779,0.6725051293927802,0.0028432070406155144,-0.003962558138532306,-0.0086547884824693
set_cover_cw_tour,1770.0,17.528083926986316,42.99294096491295,37.09377732767687,-0.23417841473656092,0.2842963039363752,0.6522062632988181,0.0033603214557706026,-0.004597345609597154,-0.010102796843183732
set_cover_cw_tour,1772.0,17.068882108082825,43.5521105896004,38.37499228475965,-0.22503110437401355,0.2748664214460952,0.6290081471365441,0.003874609486387789,-0.0052344668703249485,-0.011550753477984104
set_cover_cw_tour,1774.0,16.62894968145705,44.09109869778611,39.606911975469195,-0.21490999527149782,0.26411405295266177,0.6029110179580678,0.004386068499333016,-0.005873909124043276,-0.012998650973390598
set_cover_cw_tour,1776.0,16.210222735817098,44.60725131155881,40.783738638020694,-0.20382660050877627,0.25203020123479997,0.5739151424846707,0.004894695875956678,-0.0065156595621963425,-0.014446481916226203
set_cover_cw_tour,1778.0,15.814614302714006,45.0978965363543,41.89967507373925,-0.19179246413397052,0.2386059468841792,0.5420208171047587,0.005400489012107036,-0.007159705364410538,-0.015894238893654638
set_cover_cw_tour,1780.0,15.444014294809206,45.560344716744616,42.94892470639192,-0.17881916095934441,0.22383244846860195,0.5072283678715873,0.005903445318143549,-0.007806033698560087,-0.01734191449321832
set_cover_cw_tour,1782.0,15.100289444550706,45.991888592552634,43.925691641514874,-0.16491829635679695,0.2077009426941363,0.469538150500759,0.006403562218950131,-0.008454631720832734,-0.018789501302876342
set_cover_cw_tour,1784.0,14.785283243258565,46.38980345528981,44.824180725735445,-0.150101506053067,0.1902027445661905,0.4289505503674926,0.006900837153948334,-0.009105486575795517,-0.02023699191104237
set_cover_cw_tour,1786.0,14.500815880620255,46.75134730491502,45.638597606088396,-0.13438045592465142,0.17132924754952866,0.38546598250366537,0.007395267577110468,-0.009758585396460576,-0.021684378906622635
set_cover_cw_tour,1788.0,14.248684184596467,47.07376100691242,46.36314878932608,-0.11776684179243857,0.151071923727226,0.33908489159462685,0.007886850956972623,-0.01041391530435104,-0.02313165487905384
set_cover_cw_tour,1790.0,14.030661561737938,47.35426844968606,46.992041701222014,-0.10027238921605874,0.12942232395856196,0.2898077519757853,0.008375584776647639,-0.011071463409566966,-0.02457881241834115
set_cover_cw_tour,1792.0,13.848497937913853,47.59007670226932,47.519484745867345,-0.08190885328795364,0.10637207803585035,0.23763506762896627,0.008861466533837988,-0.01173121681085132,-0.026025844115096078
set_cover_cw_tour,1794.0,13.70391969945239,47.778376172346896,47.93968736495988,-0.06268801842716637,0.0819128948402045,0.18256737217854385,0.009344493740848593,-0.012393162595656048,-0.02747274256057447
set_cover_cw_tour,1796.0,13.598629634693964,47.91634076458724,48.24686009708508,-0.04262169817285405,0.056036562496236605,0.1246052288873438,0.009824663924599549,-0.013057287840208176,-0.028919500346714387
set_cover_cw_tour,1798.0,13.534306875957716,48.001128039283344,48.4352146369887,-0.021721734977524623,0.02873494852568955,0.0637492306523195,0.010301974626638804,-0.013723579609575987,-0.030366110066174075
set_cover_cw_tour,1800.0,13.512606841921816,48.02987937129974,48.498963894840465,2.1510571102112408e-16,-4.85722573273506e-17,6.938893903907228e-17,0.010776423403154736,-0.014392024957735243,-0.031812564312369875
set_cover_cw_tour,1802.0,13.485798463462688,48.02600291798295,48.50146227776675,-0.02681132131313468,-0.0038562310354962005,0.0024983818603142565,-0.01345312867931921,-0.0019584456231741183,0.0013112702094093855
set_cover_cw_tour,1804.0,13.406567859893423,48.01474838105383,48.5088440479468,-0.052422040690077595,-0.007378989159275776,0.004883385170205999,-0.012844276031742242,-0.0018510179247135281,0.0012545872816364788
set_cover_cw_tour,1806.0,13.277317896520039,47.99677175857558,48.52088242312504,-0.07683050187977739,-0.01057922338078238,0.007154984871692123,-0.01223514074552926,-0.001746346209294395,0.0011978979304270807
set_cover_cw_tour,1808.0,13.100454713811002,47.972707140609515,48.53735057209099,-0.10003508597415191,-0.013467892664309505,0.00931315706790528,-0.011625725939428464,-0.0016444317489320791,0.001141202446028392
set_cover_cw_tour,1810.0,12.878387652688641,47.94316668950259,48.55802161700176,-0.12203421143068811,-0.016055965731720828,0.011357879023279109,-0.011016034733619187,-0.001545275801524903,0.0010845011187190167
set_cover_cw_tour,1812.0,12.613529179775696,47.908740620569674,48.58266863570474,-0.14282633409469092,-0.01835442086505617,0.013289129163724461,-0.010406070249695908,-0.0014488796108477141,0.0010277942388074717
set_cover_cw_tour,1814.0,12.308294812597742,47.86999718317066,48.611064664060805,-0.16240994722118107,-0.020374245709024803,0.015106887076796723,-0.009795835610652294,-0.0013552444065455175,0.0009710820966307055
set_cover_cw_tour,1816.0,11.965103044742152,47.827482642182744,48.64298269826771,-0.18078358149644128,-0.022126437073387902,0.01681113351185421,-0.009185333940865178,-0.0012643714041271784,0.0009143649825526078
set_cover_cw_tour,1818.0,11.58637527097433,47.781721259868014,48.67819569718387,-0.19794580505921106,-0.02362200073523179,0.01840185038020765,-0.008574568366078592,-0.0011762618049591972,0.0008576431869625246
set_cover_cw_tour,1820.0,11.174535712311895,47.73321527813665,48.71647658465238,-0.21389522352152948,-0.024871951241133797,0.01987902075526072,-0.007963542013387752,-0.0010909167962595639,0.0008009170002737718
set_cover_cw_tour,1822.0,10.732011341057543,47.682444901205834,48.75759825182539,-0.22863047998922623,-0.025887311709222427,0.02124262887264168,-0.007352258011223036,-0.0010083375510916745,0.0007441867129221462
set_cover_cw_tour,1824.0,10.261231805791269,47.62986827865469,48.80133355948861,-0.24215025508206028,-0.026679113631133566,0.022492660130326088,-0.006740719489333987,-0.000928525228358327,0.0006874526153644409
set_cover_cw_tour,1826.0,9.764629356322672,47.5759214888754,48.84745534038616,-0.25445326695350645,-0.027258396673864496,0.023629101088750555,-0.006128929578773275,-0.0008514809727957885,0.0006307149980769563
set_cover_cw_tour,1828.0,9.244638768604036,47.52101852292072,48.89573640154559,-0.26553827131018926,-0.027636208481527435,0.024651939470917615,-0.005516891411880664,-0.0007772059149679315,0.0005739741515540138
set_cover_cw_tour,1830.0,8.703697269604891,47.46555126874806,48.9459495266031,-0.2754040614309644,-0.02782360447700435,0.025561164162491646,-0.00490460812226699,-0.0007057011712604503,0.0005172303663064693
set_cover_cw_tour,1832.0,8.144244462148778,47.40988949586039,48.99786747812897,-0.2840494681856473,-0.0278316476635048,0.026356765211885864,-0.004292082844798103,-0.0006369678438751388,0.00046048393286022334
set_cover_cw_tour,1834.0,7.568722249712891,47.35438084034411,49.0512629999531,-0.2914733600533886,-0.027671408426028502,0.027038733830340392,-0.003679318715578823,-0.0005710070208242526,0.000403735141754737
set_cover_cw_tour,1836.0,6.979574761191335,47.29935079030408,49.1059088194908,-0.2976746431406965,-0.02735396433273443,0.027607062391991403,-0.0030663188719368788,-0.0005078197759249367,0.00034698428354154034
set_cover_cw_tour,1838.0,6.379248275622687,47.24510267169601,49.16157765006857,-0.3026522611991063,-0.02689039993621815,0.028061744433931328,-0.002453086452406848,-0.0004474071687937264,0.00029023164878274883
set_cover_cw_tour,1840.0,5.770191146882573,47.191917634556376,49.21804219325011,-0.3064051956424957,-0.02629180657469912,0.028402774656260146,-0.0018396245967140894,-0.00038977024484112394,0.00023347752804957298
set_cover_cw_tour,1842.0,5.154853728341969,47.140054639630094,49.27507514116237,-0.3089324655640471,-0.02556928217311975,0.02863014892212772,-0.0012259364457586624,-0.0003349100352662437,0.00017672221192083053
set_cover_cw_tour,1844.0,4.5356882974919275,47.089750445396014,49.33244917882166,-0.31023312775285616,-0.024733931044157945,0.028743864257767232,-0.0006120251415992563,-0.0002828275570515358,0.00011996599098146148
set_cover_cw_tour,1846.0,3.915148980535443,47.04121959549053,49.38993698645989,-0.3103062767101863,-0.023796863689154842,0.02874391885251967,2.1061725629159844e-06,-0.00023352381295757647,6.320915582103668e-05
set_cover_cw_tour,1848.0,3.295691676947163,46.994654406529385,49.44731124185075,-0.30915104466536897,-0.02276919659895955,0.028630312058849385,0.0006164543524001893,-0.00018699979151793426,6.4519970322729145e-06
set_cover_cw_tour,1850.0,2.6797739840016512,46.95022495632789,49.504344622636,-0.3067666015913504,-0.021662052054692602,0.028403044392350724,0.0012310162524745592,-0.0001432564670341103,-5.030519479045639e-05
set_cover_cw_tour,1852.0,2.069855121270913,46.90807907251966,49.56080980865172,-0.30315215521988337,-0.02048655792842987,0.02806211753174572,0.001845788726253778,-0.00010229479957054907,-0.00010706212905260888
set_cover_cw_tour,1854.0,1.4683958550918903,46.86834232157415,49.61647948425455,-0.2983069510563652,-0.019253847483808713,0.02760753431887288,0.002460768626127475,-6.411573494972237e-05,-0.00016381851516096058
set_cover_cw_tour,1856.0,0.8778584230046366,46.831117998212896,49.671126340647895,-0.2922302723943205,-0.017975059176558082,0.02703929875866699,0.0030759528034232622,-2.8720204747286924e-05,-0.00022057406252509498
set_cover_cw_tour,1858.0,0.3007064581618786,46.79648711522495,49.72452307820812,-0.2849214403295298,-0.016661336454954358,0.026357416019130057,0.003691338108422861,3.890873712684252e-06,-0.0002773284805588881
set_cover_cw_tour,1860.0,-0.2605950862893218,46.764508393681346,49.77644240881062,-0.2763798137738033,-0.015323827560204652,0.025561892431293257,0.004306921390378227,3.371659736239947e-05,-0.0003340814786819996
set_cover_cw_tour,1862.0,-0.8035800128530993,46.73521825354893,49.82665705815583,-0.26660478946839905,-0.013973685326759331,0.024652735489169995,0.0049226994975276805,6.0756077394972374e-05,-0.00039083276632135883
set_cover_cw_tour,1864.0,-1.325780955356799,46.70863080470362,49.87493976809516,-0.2555958019970872,-0.012622066982555523,0.023629953849700014,0.005538669277112047,8.50084392689711e-05,-0.0004475820529126523
set_cover_cw_tour,1866.0,-1.8247294546487622,46.68473783834323,49.92106329895676,-0.24335232379885796,-0.011280133949193347,0.022493557332684582,0.006154827575390794,0.0001064728227128973,-0.0005043290479018116
set_cover_cw_tour,1868.0,-2.2979560343211745,46.66350881880007,49.96480043187119,-0.22987386518027503,-0.009959051642046633,0.021243556920712756,0.006771171237658183,0.00012514838172959024,-0.000561073460746502
set_cover_cw_tour,1870.0,-2.7429902764572627,46.64489087575328,50.005923971096884,-0.21515997432747325,-0.00866998927030987,0.019879964759078706,0.007387697108259417,0.00014103428460055819,-0.000617815000917609
set_cover_cw_tour,1872.0,-3.1573608974021345,46.62880879684125,50.04420674634551,-0.19921023731780088,-0.007424119636983154,0.01840279415569011,0.008004402030606806,0.0001541297138902367,-0.0006745533779007256
set_cover_cw_tour,1874.0,-3.5385958235565464,46.61516502067403,50.07942161510706,-0.1820242781311063,-0.006232618938796881,0.01681205958096764,0.008621282847195912,0.00016443386645017394,-0.0007312883011976409
set_cover_cw_tour,1876.0,-3.884222267192887,46.60383963024603,50.11134146497479,-0.16360175866066884,-0.005106666566077943,0.01510777666773549,0.009238336399621733,0.00017194595342314323,-0.0007880194803278264
set_cover_cw_tour,1878.0,-4.19176680229267,46.59469034674899,50.13973921596991,-0.1439423787237739,-0.004057444902559184,0.01328996221110302,0.009855559528594867,0.0001766652002471811,-0.000844746624829923
set_cover_cw_tour,1880.0,-4.458755440404817,46.587552523785426,50.164387822866004,-0.12304587607193215,-0.003096139125133869,0.011358634168337432,0.01047294907395768,0.0001785908466595538,-0.0009014694442632297
set_cover_cw_tour,1882.0,-4.6827137065240265,46.58223914198257,50.185060277513244,-0.1009120264007426,-0.002233937003556935,0.009313811658727552,0.0110905018747005,0.0001777221467006492,-0.0009581876482091892
set_cover_cw_tour,1884.0,-4.861166714988514,46.57854080400701,50.20152961116227,-0.07754064335939968,-0.0014820287000947702,0.007155514963438672,0.011708214768977791,0.00017405836871779652,-0.0010149009462728754
set_cover_cw_tour,1886.0,-4.991639245396401,46.57622572998007,50.21356889678779,-0.05293157855984413,-0.0008516065691252775,0.00488376552535848,0.012326084594124341,0.0001675987953690122,-0.0010716090480844798
set_cover_cw_tour,1888.0,-5.071655818540065,46.575039753293986,50.22095125141186,-0.027084721585557393,-0.00035386495668999606,0.00249858594893406,0.012944108186671468,0.00015834272362667264,-0.0011283116633007994
set_cover_cw_tour,1890.0,-5.098740772357704,46.57470631682913,50.22344983842685,1.1796119636642288e-16,-2.574980159653073e-17,-2.0383000842727483e-17,0.013562282382363197,0.00014628946478111363,-0.0011850085016067214
set_cover_cw_tour,1892.0,-5.117115479958639,46.57350149839646,50.199650469586096,-0.01837562939396353,-0.001190958722395825,-0.023799358686399485,-0.009166849067390308,-0.00061626789264772,-0.011835403958609441
set_cover_cw_tour,1894.0,-5.171410138787695,46.570077995893556,50.129332493595015,-0.03591987456045978,-0.0022193111368604907,-0.04651858730256945,-0.008748506752254435,-0.0005756033737007142,-0.011295399388574509
set_cover_cw_tour,1896.0,-5.25996143678294,46.56475347211675,50.01465640350127,-0.052632195458170675,-0.00309260747027519,-0.06815745386308825,-0.008330119071154716,-0.0005368321523931427,-0.010755336986548384
set_cover_cw_tour,1898.0,-5.381105007479723,46.55783048660248,49.857783145261976,-0.06851207772646001,-0.0038184007362641326,-0.08871573744413544,-0.00791168816621927,-0.0004999544291801816,-0.010215219517628877
set_cover_cw_tour,1900.0,-5.533175481376935,46.54959649018942,49.66087409561878,-0.08355903269021991,-0.0044042465995766155,-0.10819322818518678,-0.0074932161797975246,-0.0004649703948223723,-0.00967504974719573
set_cover_cw_tour,1902.0,-5.714506537312703,46.540323819851906,49.42609103996964,-0.09777259736447619,-0.004857703240446301,-0.12658972729062432,-0.0070747052544492366,-0.000431880230384646,-0.009134830440896474
set_cover_cw_tour,1904.0,-5.923430953849063,46.530269693804584,49.1555961502375,-0.11115233445875244,-0.005186331218928337,-0.14390504703126142,-0.006656157532933538,-0.0004006841072353946,-0.008594564364632264
set_cover_cw_tour,1906.0,-6.158280660665111,46.51967620687847,48.85155196273595,-0.12369783238119297,-0.005397693339215525,-0.1601390107457829,-0.006237575158197957,-0.00037138218704559604,-0.008054254284543705
set_cover_cw_tour,1908.0,-6.417386789958166,46.508770326168396,48.51612135603212,-0.1354087052424443,-0.005499354513934716,-0.17529145284210007,-0.005818960273367434,-0.00034397462178798426,-0.007513902966996704
set_cover_cw_tour,1910.0,-6.699079727852449,46.497763886951816,48.15146752880698,-0.1462845928592954,-0.005498881628424637,-0.18936221879862086,-0.00540031502173337,-0.00031846155373627274,-0.00697351317856831
set_cover_cw_tour,1912.0,-7.001689165814803,46.48685358887916,47.75975397771312,-0.1563251607580766,-0.005403843404996326,-0.2023511651654349,-0.004981641546742634,-0.00029484311546442544,-0.006433087686032535
set_cover_cw_tour,1914.0,-7.3235441520769715,46.47622099243561,47.34314447523027,-0.1655301001778171,-0.005221810267177374,-0.21425815956541355,-0.004562941991986607,-0.0002731194298459764,-0.005892629256346189
set_cover_cw_tour,1916.0,-7.662973143063949,46.466032515674456,46.90380304751876,-0.17389912807316116,-0.004960354203941177,-0.225083080695225,-0.004144218501190187,-0.0002532906100534041,-0.005352140656634729
set_cover_cw_tour,1918.0,-8.01830405482792,46.456439431221995,46.443893952270926,-0.18143198711704261,-0.004627048633922358,-0.23482581832626423,-0.0037254732182008324,-0.00023535675955754911,-0.004811624654178077
set_cover_cw_tour,1920.0,-8.387864314487311,46.44757786355398,45.96558165656085,-0.18812844570311832,-0.004229468269619597,-0.24348627330549796,-0.003306708286977572,-0.00021931797212708569,-0.004271084016396448
set_cover_cw_tour,1922.0,-8.769980911670464,46.43956878654371,45.47103081469242,-0.19398829794795983,-0.003775188981587012,-0.25106435755622464,-0.002887925851580034,-0.00020517433182804104,-0.0037305215108362055
set_cover_cw_tour,1924.0,-9.162980449963449,46.43251802128174,44.962406246045994,-0.19901136369300376,-0.00327178766261532,-0.2575599940787493,-0.0024691280561574673,-0.00019292591302336488,-0.0031899399051556667
set_cover_cw_tour,1926.0,-9.565189198361544,46.42651623416722,44.44187291292379,-0.20319748850626065,-0.002726842091903958,-0.2629731169509733,-0.0020503170449377647,-0.0001825727803725502,-0.0026493419671109325
set_cover_cw_tour,1928.0,-9.97493314272389,46.421638935270934,43.91159589839417,-0.20654654368378222,-0.002147930799225344,-0.2673036713288992,-0.0016314949622164797,-0.00017411498883129965,-0.002108730464541738
set_cover_cw_tour,1930.0,-10.390538037230824,46.41794647696999,43.373740384135,-0.20905842625088722,-0.001542632929082492,-0.2705516134470504,-0.001212663952345859,-0.00016755258365124627,-0.0015681081653572647
set_cover_cw_tour,1932.0,-10.810329455843448,46.415484052854175,42.83047162827629,-0.21073305896314573,-0.0009185281048611589,-0.27271691061880576,-0.0007938261597238445,-0.00016288560037972064,-0.0010274778375219673
set_cover_cw_tour,1934.0,-11.232632843764899,46.4142816969041,42.283954943242215,-0.2115703903071219,-0.0002831962929777192,-0.2737995412366492,-0.0003749837287831129,-0.00016011406485957005,-0.0004868422490414085
set_cover_cw_tour,1936.0,-11.655773568902884,46.414354282940934,41.73635567359271,-0.21157039450087525,0.0003557823329760402,-0.27379949477233406,4.386119601990913e-05,-0.00015923799322902426,5.379583205191059e-05
set_cover_cw_tour,1938.0,-12.078076973332962,46.41570152434795,41.18983917386487,-0.21073307149422024,0.0009908275280900106,-0.2727167717769629,0.00046270647021603127,-0.0001602573919216149,0.0005944336377127334
set_cover_cw_tour,1940.0,-12.49786842476211,46.41830797406373,40.64657078641423,-0.2090584469687445,0.0016143591119935474,-0.27055138388098143,0.0008815499493342732,-0.0001631722576661415,0.0011350683998972017
set_cover_cw_tour,1942.0,-12.913473367992083,46.42214302484709,40.108715819256176,-0.20654657233758544,0.0022187971047127578,-0.267303353794088,0.001300389488912839,-0.00016798257748668847,0.0016756973505770555
set_cover_cw_tour,1944.0,-13.323217376382084,46.42716090981376,39.57843952390759,-0.20319752474496522,0.0027965618625260986,-0.26297271530505784,0.001719222944510117,-0.00017468832870269144,0.002216317721753777
set_cover_cw_tour,1946.0,-13.725426203310263,46.43330070324472,39.05790707322895,-0.19901140706548437,0.0033400742138170922,-0.25755951328148213,0.002138048171715633,-0.00018328947892905318,0.002756926745472784
set_cover_cw_tour,1948.0,-14.118425833633568,46.44048632166626,38.54928353926704,-0.1939883479031738,0.0038417555949229643,-0.25106380366942216,0.0025568630261610446,-0.00019378598607630985,0.003297521653837584
set_cover_cw_tour,1950.0,-14.500542535145444,46.44862652520175,38.054733871098435,-0.18812850159030514,0.004294028185978016,-0.2434856534929782,0.0029756653635311216,-0.00020617779835084657,0.0038380996790239597
set_cover_cw_tour,1952.0,-14.870102910030925,46.457614919195045,37.57642287267393,-0.18143204818595987,0.004689315046750537,-0.23482514085377373,0.0033944530395747137,-0.00022046485425516178,0.004378658053294137
set_cover_cw_tour,1954.0,-15.225433946318619,46.467329956105594,37.11651518066407,-0.17389919347435664,0.005020040252472063,-0.22508235493035403,0.003813223910115744,-0.00023664708258818305,0.004919194009010949
set_cover_cw_tour,1956.0,-15.564863069329103,46.4776349376752,36.67717524230598,-0.1655301689629373,0.0052786290296577935,-0.21425739597750024,0.004231975831064174,-0.00025472440244563125,0.0054597047786520145
set_cover_cw_tour,1958.0,-15.88671819311925,46.48837801736639,36.2605672932517,-0.15632523188021133,0.005457507891916966,-0.20235037532545805,0.004650706658426987,-0.00027469672322043444,0.0060001875948239
set_cover_cw_tour,1960.0,-16.189327771922006,46.4993922030724,35.86885533541804,-0.14628466517335892,0.005549104775752009,-0.18936141537908152,0.005069414248319165,-0.0002965639446031923,0.006540639690276298
set_cover_cw_tour,1962.0,-16.471020851581123,46.51049536009875,35.50420311483835,-0.13540877750559246,0.005545849176345267,-0.17529064961689172,0.005488096456974667,-0.0003203259565826898,0.007081058297916186
set_cover_cw_tour,1964.0,-16.73012712098039,46.5214902144164,35.168774099516156,-0.12369790325327679,0.005440172283332118,-0.1601382225900505,0.005906751140757397,-0.0003459826394464596,0.007621440650822
set_cover_cw_tour,1966.0,-16.96497696346685,46.53216435618639,34.86473145728102,-0.11115240250280785,0.0052245071165592846,-0.1439042899212491,0.006325376156172196,-0.00037353386378139586,0.008161783982257793
set_cover_cw_tour,1968.0,-17.173901508267527,46.54229024355602,34.59423803364664,-0.09777266104725012,0.004891288661827144,-0.12658901830351174,0.006743969359875792,-0.00040297949047441643,0.008702085525687417
set_cover_cw_tour,1970.0,-17.355232681899206,46.55162520672647,34.35945632967148,-0.08355909038273257,0.00443295400661486,-0.10819258549891436,0.007162528608687799,-0.0004343193707131752,0.009242342514788665
set_cover_cw_tour,1972.0,-17.507303259570755,46.55991145229191,34.162548479822,-0.0685121277046034,0.0038419424757871246,-0.08871518033721817,0.007581051759601673,-0.0004675533459868239,0.009782552183467458
set_cover_cw_tour,1974.0,-17.628446916577506,46.5668760678499,34.005676229838734,-0.052632235903343344,0.003110695767281335,-0.06815700271441835,0.007999536669795693,-0.0005026812480868239,0.010322711765871986
set_cover_cw_tour,1976.0,-17.71699827968723,46.57223102688325,33.891000914605364,-0.03591990356023787,0.002231658087774006,-0.04651826359120768,0.008417981196643923,-0.0005397028991078073,0.010862818496406882
set_cover_cw_tour,1978.0,-17.771292978517213,46.57567319391315,33.82068343602092,-0.01837564494280798,0.0011972762883252313,-0.023799184991355214,0.008836383197727197,-0.0005786181114484874,0.01140286960974738
set_cover_cw_tour,1980.0,-17.789667696901965,46.57688432992351,33.79688424087533,7.632783294297951e-17,-3.469446951953614e-18,-5.898059818321144e-17,0.009254740530844073,-0.0006194266878126203,0.011942862340853474
