profile_id,split,scenario_id,scenario_seed,method,adaptive_rollout_depth,success,native_goal_success,required_coverage,required_target_count,required_covered_count,missing_required_ids,coverage,covered_target_count,inspectable_sample_coverage,whole_sample_coverage,graph_cost,penalized_cost,total_delta_v,selected_count,mission_duration_s,online_time_s,base_policy_time_s,safe_action_evaluations,shield_rejections,min_clearance,peak_input,unsafe_selected_edges,required_visibility_available,required_visibility_upper_bound,available_node_count,base_success,base_graph_cost,cost_exceeds_successful_base,policy_source,route_node_ids,covered_target_mask,base_route_node_ids,seed_route_node_ids,seed_success,seed_graph_cost,seed_time_s
required09,test,required09_test_000,202609360000,incumbent,3,False,False,0.2222222222222222,9,2,mesh_00015;mesh_00019;mesh_00033;mesh_00052;mesh_00055;mesh_00059;mesh_00079,0.2165691375832058,9,0.21951219512195122,0.1,40.48636682821154,929.3752557171005,4.903459065925027,5,450.0,0.0003753339988179505,0.0003750419709831476,117,97,1.9085174912558591,0.0384879681927742,0,True,1.0,22,False,40.48636682821154,False,deterministic_base,cand_0005;cand_0000;cand_0070;cand_0010;cand_0013,1099512807883,cand_0005;cand_0000;cand_0070;cand_0010;cand_0013,,False,nan,0.0
required09,test,required09_test_000,202609360000,one_step_adp,1,True,True,1.0,9,9,,0.6497074127496174,27,0.6585365853658537,0.3,134.8970267938332,134.8970267938332,16.385268295751978,8,720.0,0.01934637496015057,0.00038599997060373425,7441,4587,3.0815624836831237,0.059201291408881127,0,True,1.0,22,False,40.48636682821154,False,adaptive_rollout_adp,cand_0021;cand_0015;cand_0052;cand_0062;cand_0045;cand_0066;cand_0005;cand_0000,1065135504907,cand_0005;cand_0000;cand_0070;cand_0010;cand_0013,cand_0021;cand_0015;cand_0052;cand_0062;cand_0045;cand_0066;cand_0005;cand_0000,True,134.8970267938332,0.018953499966301024
required09,test,required09_test_000,202609360000,seeded_local_search,3,True,True,1.0,9,9,,0.6497074127496174,27,0.6585365853658537,0.3,129.60460091435027,129.60460091435027,15.743617807385604,8,720.0,0.019896375015378,0.00031350000062957406,261,51,3.2643887457740823,0.059205790001008125,0,True,1.0,22,False,40.48636682821154,False,reference_improved,cand_0000;cand_0005;cand_0066;cand_0045;cand_0062;cand_0052;cand_0015;cand_0021,1065135504907,cand_0005;cand_0000;cand_0070;cand_0010;cand_0013,cand_0021;cand_0015;cand_0052;cand_0062;cand_0045;cand_0066;cand_0005;cand_0000,True,134.8970267938332,0.018357374996412545
required09,test,required09_test_000,202609360000,adaptive_rollout_adp,3,True,True,1.0,9,9,,0.7721743582309198,30,0.7317073170731707,0.3333333333333333,113.47191958718973,113.47191958718973,13.768885294460114,9,810.0,0.6339832920348272,0.0003127080271951854,238179,136452,2.80753987333066,0.059201291408881127,0,True,1.0,22,False,40.48636682821154,False,adaptive_rollout_adp,cand_0005;cand_0000;cand_0070;cand_0068;cand_0021;cand_0015;cand_0052;cand_0062;cand_0045,1408739180127,cand_0005;cand_0000;cand_0070;cand_0010;cand_0013,,False,nan,0.0
required09,test,required09_test_000,202609360000,coverage_only80,3,False,True,0.5555555555555556,9,5,mesh_00007;mesh_00052;mesh_00055;mesh_00079,0.8041422843958014,33,0.8048780487804879,0.36666666666666664,98.17630754674755,820.3985297689698,11.89780243155258,10,900.0,0.2932384159648791,0.0004957499913871288,99135,55835,1.7781803100982474,0.04253615042051259,0,True,1.0,22,False,107.11371399745765,False,adaptive_rollout_adp,cand_0005;cand_0010;cand_0013;cand_0070;cand_0068;cand_0021;cand_0016;cand_0066;cand_0055;cand_0051,1898031611863,cand_0005;cand_0010;cand_0013;cand_0070;cand_0068;cand_0021;cand_0015;cand_0055;cand_0051;cand_0062,,False,nan,0.0
required09,test,required09_test_001,202609360001,incumbent,3,False,False,0.2222222222222222,9,2,mesh_00015;mesh_00019;mesh_00033;mesh_00052;mesh_00055;mesh_00059;mesh_00079,0.20185373507521,9,0.21951219512195122,0.1,40.48636682821154,929.3752557171005,4.903459065925027,5,450.0,0.0003931670216843486,0.00039300002390518785,129,108,1.9085174912558591,0.0384879681927742,0,True,1.0,24,False,40.48636682821154,False,deterministic_base,cand_0005;cand_0000;cand_0070;cand_0010;cand_0013,1099512807883,cand_0005;cand_0000;cand_0070;cand_0010;cand_0013,,False,nan,0.0
required09,test,required09_test_001,202609360001,one_step_adp,1,True,True,1.0,9,9,,0.6055612052256301,27,0.6585365853658537,0.3,134.8970267938332,134.8970267938332,16.385268295751978,8,720.0,0.027980915969237685,0.0004099999787285924,9594,5577,3.0815624836831237,0.059201291408881127,0,True,1.0,24,False,40.48636682821154,False,adaptive_rollout_adp,cand_0021;cand_0015;cand_0052;cand_0062;cand_0045;cand_0066;cand_0005;cand_0000,1065135504907,cand_0005;cand_0000;cand_0070;cand_0010;cand_0013,cand_0021;cand_0015;cand_0052;cand_0062;cand_0045;cand_0066;cand_0005;cand_0000,True,134.8970267938332,0.027561417024116963
required09,test,required09_test_001,202609360001,seeded_local_search,3,True,True,1.0,9,9,,0.6055612052256301,27,0.6585365853658537,0.3,129.60460091435027,129.60460091435027,15.743617807385604,8,720.0,0.02708425000309944,0.0003534170100465417,261,51,3.2643887457740823,0.059205790001008125,0,True,1.0,24,False,40.48636682821154,False,reference_improved,cand_0000;cand_0005;cand_0066;cand_0045;cand_0062;cand_0052;cand_0015;cand_0021,1065135504907,cand_0005;cand_0000;cand_0070;cand_0010;cand_0013,cand_0021;cand_0015;cand_0052;cand_0062;cand_0045;cand_0066;cand_0005;cand_0000,True,134.8970267938332,0.02540708298329264
required09,test,required09_test_001,202609360001,adaptive_rollout_adp,3,True,True,1.0,9,9,,0.6996604821735293,30,0.7317073170731707,0.3333333333333333,113.47191958718973,113.47191958718973,13.768885294460114,9,810.0,1.2673383739893325,0.0003493329859338701,449158,238780,2.80753987333066,0.059201291408881127,0,True,1.0,24,False,40.48636682821154,False,adaptive_rollout_adp,cand_0005;cand_0000;cand_0070;cand_0068;cand_0021;cand_0015;cand_0052;cand_0062;cand_0045,1408739180127,cand_0005;cand_0000;cand_0070;cand_0010;cand_0013,,False,nan,0.0
required09,test,required09_test_001,202609360001,coverage_only80,3,False,True,0.5555555555555556,9,5,mesh_00001;mesh_00007;mesh_00052;mesh_00079,0.8205744577109245,33,0.8048780487804879,0.36666666666666664,105.55115031224044,827.7733725344626,12.798041507711346,10,900.0,0.7920768330222927,0.0005062500131316483,283454,177946,1.7220589665880237,0.04898321683814787,0,True,1.0,24,False,115.82865437889487,False,adaptive_rollout_adp,cand_0066;cand_0052;cand_0055;cand_0051;cand_0009;cand_0016;cand_0021;cand_0068;cand_0070;cand_0013,1898300047348,cand_0005;cand_0010;cand_0013;cand_0070;cand_0068;cand_0021;cand_0016;cand_0055;cand_0051;cand_0066;cand_0009,,False,nan,0.0
required09,test,required09_test_002,202609360002,incumbent,3,False,False,0.2222222222222222,9,2,mesh_00015;mesh_00019;mesh_00033;mesh_00052;mesh_00055;mesh_00059;mesh_00079,0.16885741517743522,9,0.21951219512195122,0.1,40.48636682821154,929.3752557171005,4.903459065925027,5,450.0,0.00031995802419260144,0.0003198329941369593,111,92,1.9085174912558591,0.0384879681927742,0,True,1.0,21,False,40.48636682821154,False,deterministic_base,cand_0005;cand_0000;cand_0070;cand_0010;cand_0013,1099512807883,cand_0005;cand_0000;cand_0070;cand_0010;cand_0013,,False,nan,0.0
required09,test,required09_test_002,202609360002,one_step_adp,1,True,True,1.0,9,9,,0.7763621891853213,34,0.8292682926829268,0.37777777777777777,148.4888631832857,148.4888631832857,18.022897583524003,11,990.0,0.012462459038943052,0.0003052920219488442,4249,2285,1.7781803100982474,0.059201291408881127,0,True,1.0,21,False,40.48636682821154,False,adaptive_rollout_adp,cand_0000;cand_0005;cand_0010;cand_0013;cand_0070;cand_0068;cand_0021;cand_0015;cand_0052;cand_0062;cand_0045,1408740360159,cand_0005;cand_0000;cand_0070;cand_0010;cand_0013,cand_0000;cand_0005;cand_0010;cand_0013;cand_0070;cand_0068;cand_0021;cand_0015;cand_0052;cand_0062;cand_0045,True,148.4888631832857,0.012151792005170137
required09,test,required09_test_002,202609360002,seeded_local_search,3,True,True,1.0,9,9,,0.7763621891853213,34,0.8292682926829268,0.37777777777777777,131.77185738421707,131.77185738421707,15.98590903765317,11,990.0,0.015245666028931737,0.00030870805494487286,595,101,1.7781803100982474,0.059201291408881127,0,True,1.0,21,False,40.48636682821154,False,reference_improved,cand_0005;cand_0000;cand_0010;cand_0013;cand_0070;cand_0068;cand_0021;cand_0015;cand_0052;cand_0062;cand_0045,1408740360159,cand_0005;cand_0000;cand_0070;cand_0010;cand_0013,cand_0000;cand_0005;cand_0010;cand_0013;cand_0070;cand_0068;cand_0021;cand_0015;cand_0052;cand_0062;cand_0045,True,148.4888631832857,0.01212570903589949
required09,test,required09_test_002,202609360002,adaptive_rollout_adp,3,True,True,1.0,9,9,,0.7013144491064611,30,0.7317073170731707,0.3333333333333333,113.47191958718973,113.47191958718973,13.768885294460114,9,810.0,0.5016006670193747,0.00030862499261274934,166663,96861,2.80753987333066,0.059201291408881127,0,True,1.0,21,False,40.48636682821154,False,adaptive_rollout_adp,cand_0005;cand_0000;cand_0070;cand_0068;cand_0021;cand_0015;cand_0052;cand_0062;cand_0045,1408739180127,cand_0005;cand_0000;cand_0070;cand_0010;cand_0013,,False,nan,0.0
required09,test,required09_test_002,202609360002,coverage_only80,3,False,True,0.6666666666666666,9,6,mesh_00007;mesh_00052;mesh_00055,0.8123806498028497,31,0.7560975609756098,0.34444444444444444,99.86302400687053,766.5296906735373,12.104408832123422,10,900.0,0.2534447919460945,0.00049045798368752,87342,51068,1.149157587355644,0.04503981313417058,0,True,1.0,21,False,111.98604609338888,False,adaptive_rollout_adp,cand_0005;cand_0070;cand_0068;cand_0021;cand_0016;cand_0009;cand_0055;cand_0051;cand_0063;cand_0062,1442772287095,cand_0005;cand_0010;cand_0013;cand_0070;cand_0068;cand_0021;cand_0016;cand_0055;cand_0051;cand_0009,,False,nan,0.0
required09,test,required09_test_003,202609360003,incumbent,3,False,False,0.2222222222222222,9,2,mesh_00015;mesh_00019;mesh_00033;mesh_00052;mesh_00055;mesh_00059;mesh_00079,0.17337153486475504,8,0.1951219512195122,0.08888888888888889,35.980846678115974,924.8697355670049,4.360652736834521,4,360.0,0.00026991701452061534,0.0002697919844649732,95,81,1.9085174912558591,0.0384879681927742,0,True,1.0,21,False,35.980846678115974,False,deterministic_base,cand_0005;cand_0000;cand_0010;cand_0013,1180107,cand_0005;cand_0000;cand_0010;cand_0013,,False,nan,0.0
required09,test,required09_test_003,202609360003,one_step_adp,1,True,True,1.0,9,9,,0.6594428527139685,27,0.6585365853658537,0.3,134.8970267938332,134.8970267938332,16.385268295751978,8,720.0,0.01826666697161272,0.0002577920095063746,6880,3871,3.0815624836831237,0.059201291408881127,0,True,1.0,21,False,35.980846678115974,False,adaptive_rollout_adp,cand_0021;cand_0015;cand_0052;cand_0062;cand_0045;cand_0066;cand_0005;cand_0000,1065135504907,cand_0005;cand_0000;cand_0010;cand_0013,cand_0021;cand_0015;cand_0052;cand_0062;cand_0045;cand_0066;cand_0005;cand_0000,True,134.8970267938332,0.01800354098668322
required09,test,required09_test_003,202609360003,seeded_local_search,3,True,True,1.0,9,9,,0.6594428527139685,27,0.6585365853658537,0.3,129.60460091435027,129.60460091435027,15.743617807385604,8,720.0,0.019771584018599242,0.00026816700119525194,261,51,3.2643887457740823,0.059205790001008125,0,True,1.0,21,False,35.980846678115974,False,reference_improved,cand_0000;cand_0005;cand_0066;cand_0045;cand_0062;cand_0052;cand_0015;cand_0021,1065135504907,cand_0005;cand_0000;cand_0010;cand_0013,cand_0021;cand_0015;cand_0052;cand_0062;cand_0045;cand_0066;cand_0005;cand_0000,True,134.8970267938332,0.018251000030431896
required09,test,required09_test_003,202609360003,adaptive_rollout_adp,3,True,True,1.0,9,9,,0.681114294572063,28,0.6829268292682927,0.3111111111111111,134.73093989294745,134.73093989294745,16.36095124645883,9,810.0,1.0618013750063255,0.0002567080082371831,362307,208521,3.043484822370052,0.05951490068870389,0,True,1.0,21,False,35.980846678115974,False,adaptive_rollout_adp,cand_0015;cand_0021;cand_0055;cand_0045;cand_0062;cand_0052;cand_0066;cand_0005;cand_0000,1099495243275,cand_0005;cand_0000;cand_0010;cand_0013,,False,nan,0.0
required09,test,required09_test_003,202609360003,coverage_only80,3,False,True,0.7777777777777778,9,7,mesh_00007;mesh_00052,0.8049570232771507,32,0.7804878048780488,0.35555555555555557,96.85772711387364,707.9688382249847,11.739293785090442,10,900.0,0.45890199998393655,0.0005099169793538749,164099,91373,0.8473828811905011,0.0585962290483111,0,True,1.0,21,False,108.83901527284345,False,adaptive_rollout_adp,cand_0005;cand_0066;cand_0052;cand_0055;cand_0051;cand_0062;cand_0063;cand_0068;cand_0021;cand_0016,1099443338775,cand_0005;cand_0066;cand_0055;cand_0051;cand_0068;cand_0021;cand_0015;cand_0016;cand_0009;cand_0063;cand_0062,,False,nan,0.0
required09,test,required09_test_004,202609360004,incumbent,3,False,False,0.2222222222222222,9,2,mesh_00015;mesh_00019;mesh_00033;mesh_00052;mesh_00055;mesh_00059;mesh_00079,0.27555685829206394,9,0.21951219512195122,0.1,40.48636682821154,929.3752557171005,4.903459065925027,5,450.0,0.0003886249614879489,0.0003884169855155051,129,108,1.9085174912558591,0.0384879681927742,0,True,1.0,24,False,40.48636682821154,False,deterministic_base,cand_0005;cand_0000;cand_0070;cand_0010;cand_0013,1099512807883,cand_0005;cand_0000;cand_0070;cand_0010;cand_0013,,False,nan,0.0
required09,test,required09_test_004,202609360004,one_step_adp,1,True,True,1.0,9,9,,0.6204549552630847,27,0.6585365853658537,0.3,134.8970267938332,134.8970267938332,16.385268295751978,8,720.0,0.028521208034362644,0.00035520800156518817,9594,5577,3.0815624836831237,0.059201291408881127,0,True,1.0,24,False,40.48636682821154,False,adaptive_rollout_adp,cand_0021;cand_0015;cand_0052;cand_0062;cand_0045;cand_0066;cand_0005;cand_0000,1065135504907,cand_0005;cand_0000;cand_0070;cand_0010;cand_0013,cand_0021;cand_0015;cand_0052;cand_0062;cand_0045;cand_0066;cand_0005;cand_0000,True,134.8970267938332,0.028159416979178786
required09,test,required09_test_004,202609360004,seeded_local_search,3,True,True,1.0,9,9,,0.6204549552630847,27,0.6585365853658537,0.3,129.60460091435027,129.60460091435027,15.743617807385604,8,720.0,0.027332792058587074,0.0003540830221027136,261,51,3.2643887457740823,0.059205790001008125,0,True,1.0,24,False,40.48636682821154,False,reference_improved,cand_0000;cand_0005;cand_0066;cand_0045;cand_0062;cand_0052;cand_0015;cand_0021,1065135504907,cand_0005;cand_0000;cand_0070;cand_0010;cand_0013,cand_0021;cand_0015;cand_0052;cand_0062;cand_0045;cand_0066;cand_0005;cand_0000,True,134.8970267938332,0.02570462500443682
required09,test,required09_test_004,202609360004,adaptive_rollout_adp,3,True,True,1.0,9,9,,0.7417666155908833,30,0.7317073170731707,0.3333333333333333,113.47191958718973,113.47191958718973,13.768885294460114,9,810.0,1.3530272499774583,0.0003497920115478337,449158,238780,2.80753987333066,0.059201291408881127,0,True,1.0,24,False,40.48636682821154,False,adaptive_rollout_adp,cand_0005;cand_0000;cand_0070;cand_0068;cand_0021;cand_0015;cand_0052;cand_0062;cand_0045,1408739180127,cand_0005;cand_0000;cand_0070;cand_0010;cand_0013,,False,nan,0.0
required09,test,required09_test_004,202609360004,coverage_only80,3,False,True,0.6666666666666666,9,6,mesh_00007;mesh_00052;mesh_00079,0.8128212643992676,32,0.7804878048780488,0.35555555555555557,103.66776814664053,770.3344348133072,12.569194066289503,10,900.0,0.75272083299933,0.0006069579976610839,264609,156807,1.7220589665880237,0.0585962290483111,0,True,1.0,24,False,112.20874434654259,False,adaptive_rollout_adp,cand_0005;cand_0066;cand_0052;cand_0055;cand_0009;cand_0015;cand_0021;cand_0068;cand_0070;cand_0013,1896017821687,cand_0005;cand_0010;cand_0013;cand_0070;cand_0068;cand_0021;cand_0015;cand_0055;cand_0051;cand_0066;cand_0009,,False,nan,0.0
required09,test,required09_test_005,202609360005,incumbent,3,False,False,0.2222222222222222,9,2,mesh_00015;mesh_00019;mesh_00033;mesh_00052;mesh_00055;mesh_00059;mesh_00079,0.17345832650177392,9,0.21951219512195122,0.1,40.48636682821154,929.3752557171005,4.903459065925027,5,450.0,0.0005334580200724304,0.000533208018168807,129,108,1.9085174912558591,0.0384879681927742,0,True,1.0,24,False,40.48636682821154,False,deterministic_base,cand_0005;cand_0000;cand_0070;cand_0010;cand_0013,1099512807883,cand_0005;cand_0000;cand_0070;cand_0010;cand_0013,,False,nan,0.0
required09,test,required09_test_005,202609360005,one_step_adp,1,True,True,1.0,9,9,,0.660242284203638,27,0.6585365853658537,0.3,134.8970267938332,134.8970267938332,16.385268295751978,8,720.0,0.026629834028426558,0.00039645901415497065,9594,5577,3.0815624836831237,0.059201291408881127,0,True,1.0,24,False,40.48636682821154,False,adaptive_rollout_adp,cand_0021;cand_0015;cand_0052;cand_0062;cand_0045;cand_0066;cand_0005;cand_0000,1065135504907,cand_0005;cand_0000;cand_0070;cand_0010;cand_0013,cand_0021;cand_0015;cand_0052;cand_0062;cand_0045;cand_0066;cand_0005;cand_0000,True,134.8970267938332,0.02622670802520588
required09,test,required09_test_005,202609360005,seeded_local_search,3,True,True,1.0,9,9,,0.660242284203638,27,0.6585365853658537,0.3,129.60460091435027,129.60460091435027,15.743617807385604,8,720.0,0.025930791918653995,0.0003571249544620514,261,51,3.2643887457740823,0.059205790001008125,0,True,1.0,24,False,40.48636682821154,False,reference_improved,cand_0000;cand_0005;cand_0066;cand_0045;cand_0062;cand_0052;cand_0015;cand_0021,1065135504907,cand_0005;cand_0000;cand_0070;cand_0010;cand_0013,cand_0021;cand_0015;cand_0052;cand_0062;cand_0045;cand_0066;cand_0005;cand_0000,True,134.8970267938332,0.024311624991241843
required09,test,required09_test_005,202609360005,adaptive_rollout_adp,3,True,True,1.0,9,9,,0.7879953787200541,30,0.7317073170731707,0.3333333333333333,113.47191958718973,113.47191958718973,13.768885294460114,9,810.0,1.2575880409567617,0.00034858298022300005,449158,238780,2.80753987333066,0.059201291408881127,0,True,1.0,24,False,40.48636682821154,False,adaptive_rollout_adp,cand_0005;cand_0000;cand_0070;cand_0068;cand_0021;cand_0015;cand_0052;cand_0062;cand_0045,1408739180127,cand_0005;cand_0000;cand_0070;cand_0010;cand_0013,,False,nan,0.0
required09,test,required09_test_005,202609360005,coverage_only80,3,False,True,0.6666666666666666,9,6,mesh_00007;mesh_00052;mesh_00055,0.8072685261091401,31,0.7560975609756098,0.34444444444444444,92.95210724082405,759.6187739074908,11.263992295187089,10,900.0,0.6357369999750517,0.00048462499398738146,219376,125177,1.149157587355644,0.0585962290483111,0,True,1.0,24,False,129.21247111190598,False,adaptive_rollout_adp,cand_0005;cand_0066;cand_0009;cand_0015;cand_0021;cand_0068;cand_0055;cand_0051;cand_0063;cand_0062,1099174379063,cand_0015;cand_0068;cand_0055;cand_0051;cand_0066;cand_0062;cand_0063;cand_0052;cand_0009;cand_0021;cand_0016,,False,nan,0.0
required09,test,required09_test_006,202609360006,incumbent,3,False,False,0.2222222222222222,9,2,mesh_00015;mesh_00019;mesh_00033;mesh_00052;mesh_00055;mesh_00059;mesh_00079,0.18566012125789466,7,0.17073170731707318,0.07777777777777778,35.671146783826224,924.5600356727151,4.322493677348781,4,360.0,0.00034158298512920737,0.00034133298322558403,105,87,9.506295741486179,0.0384879681927742,0,True,1.0,23,False,35.671146783826224,False,deterministic_base,cand_0005;cand_0000;cand_0070;cand_0010,1099511628235,cand_0005;cand_0000;cand_0070;cand_0010,,False,nan,0.0
required09,test,required09_test_006,202609360006,one_step_adp,1,True,True,1.0,9,9,,0.6286797574842107,27,0.6585365853658537,0.3,134.8970267938332,134.8970267938332,16.385268295751978,8,720.0,0.027864167001098394,0.0002845840062946081,8967,4961,3.0815624836831237,0.059201291408881127,0,True,1.0,23,False,35.671146783826224,False,adaptive_rollout_adp,cand_0021;cand_0015;cand_0052;cand_0062;cand_0045;cand_0066;cand_0005;cand_0000,1065135504907,cand_0005;cand_0000;cand_0070;cand_0010,cand_0021;cand_0015;cand_0052;cand_0062;cand_0045;cand_0066;cand_0005;cand_0000,True,134.8970267938332,0.027574290987104177
required09,test,required09_test_006,202609360006,seeded_local_search,3,True,True,1.0,9,9,,0.6286797574842107,27,0.6585365853658537,0.3,129.60460091435027,129.60460091435027,15.743617807385604,8,720.0,0.02811329101677984,0.0004077909979969263,261,51,3.2643887457740823,0.059205790001008125,0,True,1.0,23,False,35.671146783826224,False,reference_improved,cand_0000;cand_0005;cand_0066;cand_0045;cand_0062;cand_0052;cand_0015;cand_0021,1065135504907,cand_0005;cand_0000;cand_0070;cand_0010,cand_0021;cand_0015;cand_0052;cand_0062;cand_0045;cand_0066;cand_0005;cand_0000,True,134.8970267938332,0.02636870800051838
required09,test,required09_test_006,202609360006,adaptive_rollout_adp,3,True,True,1.0,9,9,,0.7351523356748988,30,0.7317073170731707,0.3333333333333333,113.47191958718973,113.47191958718973,13.768885294460114,9,810.0,1.179830874025356,0.0003107910160906613,416988,207393,2.80753987333066,0.059201291408881127,0,True,1.0,23,False,35.671146783826224,False,adaptive_rollout_adp,cand_0005;cand_0000;cand_0070;cand_0068;cand_0021;cand_0015;cand_0052;cand_0062;cand_0045,1408739180127,cand_0005;cand_0000;cand_0070;cand_0010,,False,nan,0.0
required09,test,required09_test_006,202609360006,coverage_only80,3,False,True,0.6666666666666666,9,6,mesh_00007;mesh_00052;mesh_00055,0.8020311423319836,31,0.7560975609756098,0.34444444444444444,93.87891353641295,760.5455802030797,11.382283856581925,9,810.0,0.5783552920329385,0.0005130000063218176,199640,108516,1.149157587355644,0.0585962290483111,0,True,1.0,23,False,109.66181512869521,False,adaptive_rollout_adp,cand_0005;cand_0066;cand_0016;cand_0021;cand_0068;cand_0055;cand_0051;cand_0063;cand_0062,1099174903319,cand_0005;cand_0010;cand_0070;cand_0068;cand_0055;cand_0051;cand_0063;cand_0062;cand_0066;cand_0015,,False,nan,0.0
required09,test,required09_test_007,202609360007,incumbent,3,False,False,0.2222222222222222,9,2,mesh_00015;mesh_00019;mesh_00033;mesh_00052;mesh_00055;mesh_00059;mesh_00079,0.2372144829232403,9,0.21951219512195122,0.1,40.48636682821154,929.3752557171005,4.903459065925027,5,450.0,0.000431415974162519,0.00043116597225889564,129,108,1.9085174912558591,0.0384879681927742,0,True,1.0,24,False,40.48636682821154,False,deterministic_base,cand_0005;cand_0000;cand_0070;cand_0010;cand_0013,1099512807883,cand_0005;cand_0000;cand_0070;cand_0010;cand_0013,,False,nan,0.0
required09,test,required09_test_007,202609360007,one_step_adp,1,True,True,1.0,9,9,,0.6598010344945172,27,0.6585365853658537,0.3,134.8970267938332,134.8970267938332,16.385268295751978,8,720.0,0.028354209032841027,0.00034958403557538986,9594,5577,3.0815624836831237,0.059201291408881127,0,True,1.0,24,False,40.48636682821154,False,adaptive_rollout_adp,cand_0021;cand_0015;cand_0052;cand_0062;cand_0045;cand_0066;cand_0005;cand_0000,1065135504907,cand_0005;cand_0000;cand_0070;cand_0010;cand_0013,cand_0021;cand_0015;cand_0052;cand_0062;cand_0045;cand_0066;cand_0005;cand_0000,True,134.8970267938332,0.027998709003441036
required09,test,required09_test_007,202609360007,seeded_local_search,3,True,True,1.0,9,9,,0.6598010344945172,27,0.6585365853658537,0.3,129.60460091435027,129.60460091435027,15.743617807385604,8,720.0,0.02942079200875014,0.00048120797146111727,261,51,3.2643887457740823,0.059205790001008125,0,True,1.0,24,False,40.48636682821154,False,reference_improved,cand_0000;cand_0005;cand_0066;cand_0045;cand_0062;cand_0052;cand_0015;cand_0021,1065135504907,cand_0005;cand_0000;cand_0070;cand_0010;cand_0013,cand_0021;cand_0015;cand_0052;cand_0062;cand_0045;cand_0066;cand_0005;cand_0000,True,134.8970267938332,0.02729216602165252
required09,test,required09_test_007,202609360007,adaptive_rollout_adp,3,True,True,1.0,9,9,,0.7734341383190665,30,0.7317073170731707,0.3333333333333333,113.47191958718973,113.47191958718973,13.768885294460114,9,810.0,1.267792833968997,0.00047854200238361955,449158,238780,2.80753987333066,0.059201291408881127,0,True,1.0,24,False,40.48636682821154,False,adaptive_rollout_adp,cand_0005;cand_0000;cand_0070;cand_0068;cand_0021;cand_0015;cand_0052;cand_0062;cand_0045,1408739180127,cand_0005;cand_0000;cand_0070;cand_0010;cand_0013,,False,nan,0.0
required09,test,required09_test_007,202609360007,coverage_only80,3,False,True,0.7777777777777778,9,7,mesh_00007;mesh_00052,0.8146279313519634,32,0.7804878048780488,0.35555555555555557,96.85772711387364,707.9688382249847,11.739293785090442,10,900.0,0.7778508740011603,0.0005697910091839731,266664,156012,0.8473828811905011,0.0585962290483111,0,True,1.0,24,False,107.12653665574462,False,adaptive_rollout_adp,cand_0005;cand_0066;cand_0052;cand_0055;cand_0051;cand_0062;cand_0063;cand_0068;cand_0021;cand_0016,1099443338775,cand_0005;cand_0010;cand_0013;cand_0070;cand_0068;cand_0021;cand_0015;cand_0052;cand_0066;cand_0051,,False,nan,0.0
required09,test,required09_test_008,202609360008,incumbent,3,False,False,0.2222222222222222,9,2,mesh_00015;mesh_00019;mesh_00033;mesh_00052;mesh_00055;mesh_00059;mesh_00079,0.2794623151863537,9,0.21951219512195122,0.1,40.48636682821154,929.3752557171005,4.903459065925027,5,450.0,0.0003623749944381416,0.0003622089861892164,129,108,1.9085174912558591,0.0384879681927742,0,True,1.0,24,False,40.48636682821154,False,deterministic_base,cand_0005;cand_0000;cand_0070;cand_0010;cand_0013,1099512807883,cand_0005;cand_0000;cand_0070;cand_0010;cand_0013,,False,nan,0.0
required09,test,required09_test_008,202609360008,one_step_adp,1,True,True,1.0,9,9,,0.6123681020978654,27,0.6585365853658537,0.3,134.8970267938332,134.8970267938332,16.385268295751978,8,720.0,0.026560124999377877,0.0005042499979026616,9594,5577,3.0815624836831237,0.059201291408881127,0,True,1.0,24,False,40.48636682821154,False,adaptive_rollout_adp,cand_0021;cand_0015;cand_0052;cand_0062;cand_0045;cand_0066;cand_0005;cand_0000,1065135504907,cand_0005;cand_0000;cand_0070;cand_0010;cand_0013,cand_0021;cand_0015;cand_0052;cand_0062;cand_0045;cand_0066;cand_0005;cand_0000,True,134.8970267938332,0.02604724996490404
required09,test,required09_test_008,202609360008,seeded_local_search,3,True,True,1.0,9,9,,0.6123681020978654,27,0.6585365853658537,0.3,129.60460091435027,129.60460091435027,15.743617807385604,8,720.0,0.026158583990763873,0.00035183399450033903,261,51,3.2643887457740823,0.059205790001008125,0,True,1.0,24,False,40.48636682821154,False,reference_improved,cand_0000;cand_0005;cand_0066;cand_0045;cand_0062;cand_0052;cand_0015;cand_0021,1065135504907,cand_0005;cand_0000;cand_0070;cand_0010;cand_0013,cand_0021;cand_0015;cand_0052;cand_0062;cand_0045;cand_0066;cand_0005;cand_0000,True,134.8970267938332,0.02455599996028468
required09,test,required09_test_008,202609360008,adaptive_rollout_adp,3,True,True,1.0,9,9,,0.7055222071599835,30,0.7317073170731707,0.3333333333333333,113.47191958718973,113.47191958718973,13.768885294460114,9,810.0,1.2537655010237359,0.00034841703018173575,449158,238780,2.80753987333066,0.059201291408881127,0,True,1.0,24,False,40.48636682821154,False,adaptive_rollout_adp,cand_0005;cand_0000;cand_0070;cand_0068;cand_0021;cand_0015;cand_0052;cand_0062;cand_0045,1408739180127,cand_0005;cand_0000;cand_0070;cand_0010;cand_0013,,False,nan,0.0
required09,test,required09_test_008,202609360008,coverage_only80,3,False,True,0.6666666666666666,9,6,mesh_00052;mesh_00055;mesh_00079,0.8203102287652575,34,0.8292682926829268,0.37777777777777777,108.02382967557332,774.6904963422401,13.093069478608196,11,990.0,0.5106476249638945,0.0005235419957898557,173195,86141,1.7781803100982474,0.043531041305857686,0,True,1.0,24,False,120.13046324082057,False,adaptive_rollout_adp,cand_0005;cand_0000;cand_0013;cand_0070;cand_0068;cand_0021;cand_0015;cand_0009;cand_0066;cand_0055;cand_0051,1898031087615,cand_0005;cand_0010;cand_0013;cand_0000;cand_0070;cand_0068;cand_0021;cand_0015;cand_0055;cand_0051;cand_0063,,False,nan,0.0
required09,test,required09_test_009,202609360009,incumbent,3,False,False,0.2222222222222222,9,2,mesh_00015;mesh_00019;mesh_00033;mesh_00052;mesh_00055;mesh_00059;mesh_00079,0.2159997890470441,9,0.21951219512195122,0.1,40.48636682821154,929.3752557171005,4.903459065925027,5,450.0,0.000394875998608768,0.00039470900082960725,123,103,1.9085174912558591,0.0384879681927742,0,True,1.0,23,False,40.48636682821154,False,deterministic_base,cand_0005;cand_0000;cand_0070;cand_0010;cand_0013,1099512807883,cand_0005;cand_0000;cand_0070;cand_0010;cand_0013,,False,nan,0.0
required09,test,required09_test_009,202609360009,one_step_adp,1,True,True,1.0,9,9,,0.68400152940893,27,0.6585365853658537,0.3,134.8970267938332,134.8970267938332,16.385268295751978,8,720.0,0.02348741702735424,0.0004959590150974691,8361,5119,3.0815624836831237,0.059201291408881127,0,True,1.0,23,False,40.48636682821154,False,adaptive_rollout_adp,cand_0021;cand_0015;cand_0052;cand_0062;cand_0045;cand_0066;cand_0005;cand_0000,1065135504907,cand_0005;cand_0000;cand_0070;cand_0010;cand_0013,cand_0021;cand_0015;cand_0052;cand_0062;cand_0045;cand_0066;cand_0005;cand_0000,True,134.8970267938332,0.02297262498177588
required09,test,required09_test_009,202609360009,seeded_local_search,3,True,True,1.0,9,9,,0.68400152940893,27,0.6585365853658537,0.3,129.60460091435027,129.60460091435027,15.743617807385604,8,720.0,0.024035791982896626,0.00035733403638005257,261,51,3.2643887457740823,0.059205790001008125,0,True,1.0,23,False,40.48636682821154,False,reference_improved,cand_0000;cand_0005;cand_0066;cand_0045;cand_0062;cand_0052;cand_0015;cand_0021,1065135504907,cand_0005;cand_0000;cand_0070;cand_0010;cand_0013,cand_0021;cand_0015;cand_0052;cand_0062;cand_0045;cand_0066;cand_0005;cand_0000,True,134.8970267938332,0.02233208401594311
required09,test,required09_test_009,202609360009,adaptive_rollout_adp,3,True,True,1.0,9,9,,0.6879988397587427,29,0.7073170731707317,0.32222222222222224,116.94863572336958,116.94863572336958,14.19375393327171,9,810.0,0.8827228330192156,0.00034562498331069946,305166,172592,0.3126404740316717,0.059201291408881127,0,True,1.0,23,False,40.48636682821154,False,adaptive_rollout_adp,cand_0005;cand_0000;cand_0070;cand_0009;cand_0021;cand_0015;cand_0052;cand_0062;cand_0045,1408734985851,cand_0005;cand_0000;cand_0070;cand_0010;cand_0013,,False,nan,0.0
required09,test,required09_test_009,202609360009,coverage_only80,3,False,True,0.6666666666666666,9,6,mesh_00007;mesh_00052;mesh_00055,0.8000026369119484,31,0.7560975609756098,0.34444444444444444,100.44302083042574,767.1096874970924,12.182188585115043,9,810.0,0.3750297500519082,0.0006478750146925449,131525,78630,0.3126404740316717,0.05278198759371104,0,True,1.0,23,False,126.4961664979309,False,adaptive_rollout_adp,cand_0005;cand_0070;cand_0009;cand_0021;cand_0016;cand_0066;cand_0055;cand_0051;cand_0062,2198673948275,cand_0005;cand_0010;cand_0013;cand_0070;cand_0009;cand_0066;cand_0055;cand_0051;cand_0062;cand_0063;cand_0052;cand_0015,,False,nan,0.0
required09,test,required09_test_010,202609360010,incumbent,3,False,False,0.2222222222222222,9,2,mesh_00015;mesh_00019;mesh_00033;mesh_00052;mesh_00055;mesh_00059;mesh_00079,0.22441570811928593,9,0.21951219512195122,0.1,40.48636682821154,929.3752557171005,4.903459065925027,5,450.0,0.00036983302561566234,0.000369583023712039,105,86,1.9085174912558591,0.0384879681927742,0,True,1.0,20,False,40.48636682821154,False,deterministic_base,cand_0005;cand_0000;cand_0070;cand_0010;cand_0013,1099512807883,cand_0005;cand_0000;cand_0070;cand_0010;cand_0013,,False,nan,0.0
required09,test,required09_test_010,202609360010,one_step_adp,1,True,True,1.0,9,9,,0.6330383177797131,27,0.6585365853658537,0.3,140.57603682527156,140.57603682527156,17.071332558128116,9,810.0,0.019409375032410026,0.00033962499583140016,5898,3535,3.0815624836831237,0.059166450822183185,0,True,1.0,20,False,40.48636682821154,False,adaptive_rollout_adp,cand_0021;cand_0025;cand_0014;cand_0052;cand_0062;cand_0045;cand_0066;cand_0005;cand_0000,1065135504907,cand_0005;cand_0000;cand_0070;cand_0010;cand_0013,cand_0021;cand_0025;cand_0014;cand_0052;cand_0062;cand_0045;cand_0066;cand_0005;cand_0000,True,140.57603682527156,0.019062708015553653
required09,test,required09_test_010,202609360010,seeded_local_search,3,True,True,1.0,9,9,,0.6330383177797131,27,0.6585365853658537,0.3,135.28110219797708,135.28110219797708,16.429177611126157,9,810.0,0.018536749004852027,0.000307333015371114,356,66,3.2643887457740823,0.05883338561662903,0,True,1.0,20,False,40.48636682821154,False,reference_improved,cand_0000;cand_0005;cand_0066;cand_0045;cand_0062;cand_0052;cand_0014;cand_0025;cand_0021,1065135504907,cand_0005;cand_0000;cand_0070;cand_0010;cand_0013,cand_0021;cand_0025;cand_0014;cand_0052;cand_0062;cand_0045;cand_0066;cand_0005;cand_0000,True,140.57603682527156,0.016437374986708164
required09,test,required09_test_010,202609360010,adaptive_rollout_adp,3,True,True,1.0,9,9,,0.7149080517979981,31,0.7560975609756098,0.34444444444444444,123.97295667804889,123.97295667804889,15.049556992944074,9,810.0,0.43043662497075275,0.00044412497663870454,141019,84834,3.1132871756951523,0.0585962290483111,0,True,1.0,20,False,40.48636682821154,False,adaptive_rollout_adp,cand_0000;cand_0005;cand_0066;cand_0052;cand_0062;cand_0045;cand_0068;cand_0021;cand_0025,1065141796383,cand_0005;cand_0000;cand_0070;cand_0010;cand_0013,,False,nan,0.0
required09,test,required09_test_010,202609360010,coverage_only80,3,False,True,0.6666666666666666,9,6,mesh_00007;mesh_00052;mesh_00055,0.8157930984588588,32,0.7804878048780488,0.35555555555555557,99.85840233713729,766.525069003804,12.103503787864163,10,900.0,0.2777270420338027,0.000274375022854656,98126,56672,1.149157587355644,0.048611956991287536,0,True,1.0,20,False,49.024232383233354,False,adaptive_rollout_adp,cand_0005;cand_0070;cand_0068;cand_0021;cand_0025;cand_0066;cand_0055;cand_0051;cand_0063;cand_0062,2198686006871,cand_0005;cand_0070;cand_0013;cand_0000,,False,nan,0.0
required09,test,required09_test_011,202609360011,incumbent,3,False,False,0.2222222222222222,9,2,mesh_00015;mesh_00019;mesh_00033;mesh_00052;mesh_00055;mesh_00059;mesh_00079,0.1446237030253043,7,0.17073170731707318,0.07777777777777778,35.671146783826224,924.5600356727151,4.322493677348781,4,360.0,0.00028554099844768643,0.0002853749901987612,100,83,9.506295741486179,0.0384879681927742,0,True,1.0,22,False,35.671146783826224,False,deterministic_base,cand_0005;cand_0000;cand_0070;cand_0010,1099511628235,cand_0005;cand_0000;cand_0070;cand_0010,,False,nan,0.0
required09,test,required09_test_011,202609360011,one_step_adp,1,True,True,1.0,9,9,,0.7107525939493914,27,0.6585365853658537,0.3,134.8970267938332,134.8970267938332,16.385268295751978,8,720.0,0.02054095797939226,0.0003327080048620701,7749,4382,3.0815624836831237,0.059201291408881127,0,True,1.0,22,False,35.671146783826224,False,adaptive_rollout_adp,cand_0021;cand_0015;cand_0052;cand_0062;cand_0045;cand_0066;cand_0005;cand_0000,1065135504907,cand_0005;cand_0000;cand_0070;cand_0010,cand_0021;cand_0015;cand_0052;cand_0062;cand_0045;cand_0066;cand_0005;cand_0000,True,134.8970267938332,0.020199457998387516
required09,test,required09_test_011,202609360011,seeded_local_search,3,True,True,1.0,9,9,,0.7107525939493914,27,0.6585365853658537,0.3,129.60460091435027,129.60460091435027,15.743617807385604,8,720.0,0.023793083033524454,0.0002810829901136458,261,51,3.2643887457740823,0.059205790001008125,0,True,1.0,22,False,35.671146783826224,False,reference_improved,cand_0000;cand_0005;cand_0066;cand_0045;cand_0062;cand_0052;cand_0015;cand_0021,1065135504907,cand_0005;cand_0000;cand_0070;cand_0010,cand_0021;cand_0015;cand_0052;cand_0062;cand_0045;cand_0066;cand_0005;cand_0000,True,134.8970267938332,0.022138541971798986
required09,test,required09_test_011,202609360011,adaptive_rollout_adp,3,True,True,1.0,9,9,,0.7345046032472888,30,0.7317073170731707,0.3333333333333333,113.47191958718973,113.47191958718973,13.768885294460114,9,810.0,0.8795703740324825,0.00031066604424268007,303658,156059,2.80753987333066,0.059201291408881127,0,True,1.0,22,False,35.671146783826224,False,adaptive_rollout_adp,cand_0005;cand_0000;cand_0070;cand_0068;cand_0021;cand_0015;cand_0052;cand_0062;cand_0045,1408739180127,cand_0005;cand_0000;cand_0070;cand_0010,,False,nan,0.0
required09,test,required09_test_011,202609360011,coverage_only80,3,False,True,0.7777777777777778,9,7,mesh_00007;mesh_00052,0.8140552389674659,32,0.7804878048780488,0.35555555555555557,96.85772711387364,707.9688382249847,11.739293785090442,10,900.0,0.514658874948509,0.0004976249765604734,176109,97724,0.8473828811905011,0.0585962290483111,0,True,1.0,22,False,108.66933861509158,False,adaptive_rollout_adp,cand_0005;cand_0066;cand_0052;cand_0055;cand_0051;cand_0062;cand_0063;cand_0068;cand_0021;cand_0016,1099443338775,cand_0005;cand_0066;cand_0052;cand_0051;cand_0062;cand_0063;cand_0068;cand_0021;cand_0015;cand_0016;cand_0009,,False,nan,0.0
required09,test,required09_test_012,202609360012,incumbent,3,False,False,0.2222222222222222,9,2,mesh_00015;mesh_00019;mesh_00033;mesh_00052;mesh_00055;mesh_00059;mesh_00079,0.1622422188212456,9,0.21951219512195122,0.1,40.48636682821154,929.3752557171005,4.903459065925027,5,450.0,0.00036041607381775975,0.000360208039637655,129,108,1.9085174912558591,0.0384879681927742,0,True,1.0,24,False,40.48636682821154,False,deterministic_base,cand_0005;cand_0000;cand_0070;cand_0010;cand_0013,1099512807883,cand_0005;cand_0000;cand_0070;cand_0010;cand_0013,,False,nan,0.0
required09,test,required09_test_012,202609360012,one_step_adp,1,True,True,1.0,9,9,,0.6954439034263084,27,0.6585365853658537,0.3,134.8970267938332,134.8970267938332,16.385268295751978,8,720.0,0.024495498975738883,0.0003429579664953053,9594,5577,3.0815624836831237,0.059201291408881127,0,True,1.0,24,False,40.48636682821154,False,adaptive_rollout_adp,cand_0021;cand_0015;cand_0052;cand_0062;cand_0045;cand_0066;cand_0005;cand_0000,1065135504907,cand_0005;cand_0000;cand_0070;cand_0010;cand_0013,cand_0021;cand_0015;cand_0052;cand_0062;cand_0045;cand_0066;cand_0005;cand_0000,True,134.8970267938332,0.024147333984728903
required09,test,required09_test_012,202609360012,seeded_local_search,3,True,True,1.0,9,9,,0.6954439034263084,27,0.6585365853658537,0.3,129.60460091435027,129.60460091435027,15.743617807385604,8,720.0,0.025788081984501332,0.0003446660120971501,261,51,3.2643887457740823,0.059205790001008125,0,True,1.0,24,False,40.48636682821154,False,reference_improved,cand_0000;cand_0005;cand_0066;cand_0045;cand_0062;cand_0052;cand_0015;cand_0021,1065135504907,cand_0005;cand_0000;cand_0070;cand_0010;cand_0013,cand_0021;cand_0015;cand_0052;cand_0062;cand_0045;cand_0066;cand_0005;cand_0000,True,134.8970267938332,0.024153249978553504
required09,test,required09_test_012,202609360012,adaptive_rollout_adp,3,True,True,1.0,9,9,,0.7495246430333903,30,0.7317073170731707,0.3333333333333333,113.47191958718973,113.47191958718973,13.768885294460114,9,810.0,1.232725250069052,0.0003577500465326011,449158,238780,2.80753987333066,0.059201291408881127,0,True,1.0,24,False,40.48636682821154,False,adaptive_rollout_adp,cand_0005;cand_0000;cand_0070;cand_0068;cand_0021;cand_0015;cand_0052;cand_0062;cand_0045,1408739180127,cand_0005;cand_0000;cand_0070;cand_0010;cand_0013,,False,nan,0.0
required09,test,required09_test_012,202609360012,coverage_only80,3,False,True,0.7777777777777778,9,7,mesh_00001;mesh_00007,0.8017039547740331,30,0.7317073170731707,0.3333333333333333,94.15573344271962,705.2668445538307,11.412775832883257,9,810.0,0.6943749169586226,0.0005037919618189335,240621,146714,1.149157587355644,0.055184359871914224,0,True,1.0,24,False,114.85331731258535,False,adaptive_rollout_adp,cand_0052;cand_0066;cand_0009;cand_0015;cand_0021;cand_0068;cand_0045;cand_0063;cand_0062,1065150185012,cand_0052;cand_0051;cand_0045;cand_0009;cand_0015;cand_0021;cand_0068;cand_0066;cand_0062;cand_0063,,False,nan,0.0
required09,test,required09_test_013,202609360013,incumbent,3,False,False,0.2222222222222222,9,2,mesh_00015;mesh_00019;mesh_00033;mesh_00052;mesh_00055;mesh_00059;mesh_00079,0.22344621954137325,9,0.21951219512195122,0.1,39.34467081181073,928.2335597006996,4.770145893341545,4,360.0,0.00030095898546278477,0.00030083401361480355,95,78,1.7220589665880237,0.0384879681927742,0,False,0.8888888888888888,21,False,39.34467081181073,False,deterministic_base,cand_0005;cand_0000;cand_0070;cand_0013,1099512807883,cand_0005;cand_0000;cand_0070;cand_0013,,False,nan,0.0
required09,test,required09_test_013,202609360013,one_step_adp,1,False,False,0.0,9,0,mesh_00001;mesh_00007;mesh_00015;mesh_00019;mesh_00033;mesh_00052;mesh_00055;mesh_00059;mesh_00079,0.0,0,0.0,0.0,0.0,1000.0,0,0,0.0,0.00377333298092708,0.0002613749820739031,1393,806,nan,nan,0,False,0.8888888888888888,21,False,39.34467081181073,False,adaptive_rollout_adp,,0,cand_0005;cand_0000;cand_0070;cand_0013,,False,0.0,0.003506458015181124
required09,test,required09_test_013,202609360013,seeded_local_search,3,False,False,0.0,9,0,mesh_00001;mesh_00007;mesh_00015;mesh_00019;mesh_00033;mesh_00052;mesh_00055;mesh_00059;mesh_00079,0.0,0,0.0,0.0,0.0,1000.0,0,0,0.0,0.0041831249836832285,0.0002583750174380839,0,0,nan,nan,0,False,0.8888888888888888,21,False,39.34467081181073,False,no_candidate,,0,cand_0005;cand_0000;cand_0070;cand_0013,,False,0.0,0.0038981669931672513
required09,test,required09_test_013,202609360013,adaptive_rollout_adp,3,False,False,0.0,9,0,mesh_00001;mesh_00007;mesh_00015;mesh_00019;mesh_00033;mesh_00052;mesh_00055;mesh_00059;mesh_00079,0.0,0,0.0,0.0,0.0,1000.0,0,0,0.0,0.34023562498623505,0.0002916670055128634,119984,65462,nan,nan,0,False,0.8888888888888888,21,False,39.34467081181073,False,adaptive_rollout_adp,,0,cand_0005;cand_0000;cand_0070;cand_0013,,False,nan,0.0
required09,test,required09_test_013,202609360013,coverage_only80,3,False,True,0.5555555555555556,9,5,mesh_00001;mesh_00007;mesh_00052;mesh_00055,0.8300558050647889,33,0.8048780487804879,0.36666666666666664,116.61467380098398,838.8368960232062,14.145846555997524,10,900.0,0.2382441670051776,0.0004730420187115669,81986,48114,0.8473828811905011,0.055540358114866184,0,False,0.8888888888888888,21,False,117.06942017601027,False,adaptive_rollout_adp,cand_0015;cand_0021;cand_0009;cand_0066;cand_0055;cand_0062;cand_0063;cand_0068;cand_0070;cand_0013,2196405485556,cand_0005;cand_0066;cand_0055;cand_0062;cand_0063;cand_0068;cand_0021;cand_0015;cand_0016;cand_0009;cand_0052,,False,nan,0.0
required09,test,required09_test_014,202609360014,incumbent,3,False,False,0.2222222222222222,9,2,mesh_00015;mesh_00019;mesh_00033;mesh_00052;mesh_00055;mesh_00059;mesh_00079,0.18730709669853635,9,0.21951219512195122,0.1,40.48636682821154,929.3752557171005,4.903459065925027,5,450.0,0.00035845895763486624,0.0003582919598557055,129,108,1.9085174912558591,0.0384879681927742,0,True,1.0,24,False,40.48636682821154,False,deterministic_base,cand_0005;cand_0000;cand_0070;cand_0010;cand_0013,1099512807883,cand_0005;cand_0000;cand_0070;cand_0010;cand_0013,,False,nan,0.0
required09,test,required09_test_014,202609360014,one_step_adp,1,True,True,1.0,9,9,,0.6719553763756099,27,0.6585365853658537,0.3,134.8970267938332,134.8970267938332,16.385268295751978,8,720.0,0.02962954103713855,0.00034145801328122616,9594,5577,3.0815624836831237,0.059201291408881127,0,True,1.0,24,False,40.48636682821154,False,adaptive_rollout_adp,cand_0021;cand_0015;cand_0052;cand_0062;cand_0045;cand_0066;cand_0005;cand_0000,1065135504907,cand_0005;cand_0000;cand_0070;cand_0010;cand_0013,cand_0021;cand_0015;cand_0052;cand_0062;cand_0045;cand_0066;cand_0005;cand_0000,True,134.8970267938332,0.02928266697563231
required09,test,required09_test_014,202609360014,seeded_local_search,3,True,True,1.0,9,9,,0.6719553763756099,27,0.6585365853658537,0.3,129.60460091435027,129.60460091435027,15.743617807385604,8,720.0,0.027155791001860052,0.00035291595850139856,261,51,3.2643887457740823,0.059205790001008125,0,True,1.0,24,False,40.48636682821154,False,reference_improved,cand_0000;cand_0005;cand_0066;cand_0045;cand_0062;cand_0052;cand_0015;cand_0021,1065135504907,cand_0005;cand_0000;cand_0070;cand_0010;cand_0013,cand_0021;cand_0015;cand_0052;cand_0062;cand_0045;cand_0066;cand_0005;cand_0000,True,134.8970267938332,0.02532483299728483
required09,test,required09_test_014,202609360014,adaptive_rollout_adp,3,True,True,1.0,9,9,,0.6610350177551214,30,0.7317073170731707,0.3333333333333333,113.47191958718973,113.47191958718973,13.768885294460114,9,810.0,1.2689045009901747,0.000347458990290761,449158,238780,2.80753987333066,0.059201291408881127,0,True,1.0,24,False,40.48636682821154,False,adaptive_rollout_adp,cand_0005;cand_0000;cand_0070;cand_0068;cand_0021;cand_0015;cand_0052;cand_0062;cand_0045,1408739180127,cand_0005;cand_0000;cand_0070;cand_0010;cand_0013,,False,nan,0.0
required09,test,required09_test_014,202609360014,coverage_only80,3,False,True,0.6666666666666666,9,6,mesh_00007;mesh_00052;mesh_00055,0.8126929033014636,32,0.7804878048780488,0.35555555555555557,95.49956036853091,762.1662270351976,11.572804387769896,10,900.0,0.6238474170095287,0.0005706250085495412,219282,119365,1.149157587355644,0.04503981313417058,0,True,1.0,24,False,109.99874233696069,False,adaptive_rollout_adp,cand_0005;cand_0070;cand_0068;cand_0021;cand_0015;cand_0066;cand_0055;cand_0051;cand_0063;cand_0062,2198686006871,cand_0005;cand_0066;cand_0055;cand_0051;cand_0063;cand_0062;cand_0052;cand_0015;cand_0021;cand_0068;cand_0009,,False,nan,0.0
required09,test,required09_test_015,202609360015,incumbent,3,False,False,0.2222222222222222,9,2,mesh_00015;mesh_00019;mesh_00033;mesh_00052;mesh_00055;mesh_00059;mesh_00079,0.2772446325619961,9,0.21951219512195122,0.1,40.48636682821154,929.3752557171005,4.903459065925027,5,450.0,0.00042787502752617,0.0004278330015949905,123,103,1.9085174912558591,0.0384879681927742,0,True,1.0,23,False,40.48636682821154,False,deterministic_base,cand_0005;cand_0000;cand_0070;cand_0010;cand_0013,1099512807883,cand_0005;cand_0000;cand_0070;cand_0010;cand_0013,,False,nan,0.0
required09,test,required09_test_015,202609360015,one_step_adp,1,True,True,1.0,9,9,,0.6773623801832597,27,0.6585365853658537,0.3,134.8970267938332,134.8970267938332,16.385268295751978,8,720.0,0.02568245801376179,0.00039662502240389585,8421,5144,3.0815624836831237,0.059201291408881127,0,True,1.0,23,False,40.48636682821154,False,adaptive_rollout_adp,cand_0021;cand_0015;cand_0052;cand_0062;cand_0045;cand_0066;cand_0005;cand_0000,1065135504907,cand_0005;cand_0000;cand_0070;cand_0010;cand_0013,cand_0021;cand_0015;cand_0052;cand_0062;cand_0045;cand_0066;cand_0005;cand_0000,True,134.8970267938332,0.025278958026319742
required09,test,required09_test_015,202609360015,seeded_local_search,3,True,True,1.0,9,9,,0.6773623801832597,27,0.6585365853658537,0.3,129.60460091435027,129.60460091435027,15.743617807385604,8,720.0,0.02377766597783193,0.00034029100788757205,261,51,3.2643887457740823,0.059205790001008125,0,True,1.0,23,False,40.48636682821154,False,reference_improved,cand_0000;cand_0005;cand_0066;cand_0045;cand_0062;cand_0052;cand_0015;cand_0021,1065135504907,cand_0005;cand_0000;cand_0070;cand_0010;cand_0013,cand_0021;cand_0015;cand_0052;cand_0062;cand_0045;cand_0066;cand_0005;cand_0000,True,134.8970267938332,0.02217654197011143
required09,test,required09_test_015,202609360015,adaptive_rollout_adp,3,True,True,1.0,9,9,,0.735472476036652,30,0.7317073170731707,0.3333333333333333,113.47191958718973,113.47191958718973,13.768885294460114,9,810.0,0.8729198329965584,0.00033487495966255665,305776,172782,2.80753987333066,0.059201291408881127,0,True,1.0,23,False,40.48636682821154,False,adaptive_rollout_adp,cand_0005;cand_0000;cand_0070;cand_0068;cand_0021;cand_0015;cand_0052;cand_0062;cand_0045,1408739180127,cand_0005;cand_0000;cand_0070;cand_0010;cand_0013,,False,nan,0.0
required09,test,required09_test_015,202609360015,coverage_only80,3,False,True,0.7777777777777778,9,7,mesh_00019;mesh_00052,0.8062996804886923,31,0.7560975609756098,0.34444444444444444,112.10251555247044,723.2136266635815,13.601941543630574,9,810.0,0.2858763340045698,0.0004711250076070428,103063,58946,1.7781803100982474,0.043531041305857686,0,True,1.0,23,False,119.92793611203857,False,adaptive_rollout_adp,cand_0005;cand_0000;cand_0013;cand_0070;cand_0068;cand_0015;cand_0066;cand_0052;cand_0062,2158010791903,cand_0005;cand_0010;cand_0013;cand_0000;cand_0070;cand_0068;cand_0021;cand_0015;cand_0055;cand_0062,,False,nan,0.0
required09,test,required09_test_016,202609360016,incumbent,3,False,False,0.2222222222222222,9,2,mesh_00015;mesh_00019;mesh_00033;mesh_00052;mesh_00055;mesh_00059;mesh_00079,0.22388599117817212,9,0.21951219512195122,0.1,40.48636682821154,929.3752557171005,4.903459065925027,5,450.0,0.00036337500205263495,0.0003631250001490116,129,108,1.9085174912558591,0.0384879681927742,0,True,1.0,24,False,40.48636682821154,False,deterministic_base,cand_0005;cand_0000;cand_0070;cand_0010;cand_0013,1099512807883,cand_0005;cand_0000;cand_0070;cand_0010;cand_0013,,False,nan,0.0
required09,test,required09_test_016,202609360016,one_step_adp,1,True,True,1.0,9,9,,0.6716579735345164,27,0.6585365853658537,0.3,134.8970267938332,134.8970267938332,16.385268295751978,8,720.0,0.025198582967277616,0.0003447079798206687,9594,5577,3.0815624836831237,0.059201291408881127,0,True,1.0,24,False,40.48636682821154,False,adaptive_rollout_adp,cand_0021;cand_0015;cand_0052;cand_0062;cand_0045;cand_0066;cand_0005;cand_0000,1065135504907,cand_0005;cand_0000;cand_0070;cand_0010;cand_0013,cand_0021;cand_0015;cand_0052;cand_0062;cand_0045;cand_0066;cand_0005;cand_0000,True,134.8970267938332,0.024848499975632876
required09,test,required09_test_016,202609360016,seeded_local_search,3,True,True,1.0,9,9,,0.6716579735345164,27,0.6585365853658537,0.3,129.60460091435027,129.60460091435027,15.743617807385604,8,720.0,0.026015250012278557,0.00035200000274926424,261,51,3.2643887457740823,0.059205790001008125,0,True,1.0,24,False,40.48636682821154,False,reference_improved,cand_0000;cand_0005;cand_0066;cand_0045;cand_0062;cand_0052;cand_0015;cand_0021,1065135504907,cand_0005;cand_0000;cand_0070;cand_0010;cand_0013,cand_0021;cand_0015;cand_0052;cand_0062;cand_0045;cand_0066;cand_0005;cand_0000,True,134.8970267938332,0.024415958032477647
required09,test,required09_test_016,202609360016,adaptive_rollout_adp,3,True,True,1.0,9,9,,0.7343315947069032,30,0.7317073170731707,0.3333333333333333,113.47191958718973,113.47191958718973,13.768885294460114,9,810.0,1.2671121659805067,0.00036829098826274276,449158,238780,2.80753987333066,0.059201291408881127,0,True,1.0,24,False,40.48636682821154,False,adaptive_rollout_adp,cand_0005;cand_0000;cand_0070;cand_0068;cand_0021;cand_0015;cand_0052;cand_0062;cand_0045,1408739180127,cand_0005;cand_0000;cand_0070;cand_0010;cand_0013,,False,nan,0.0
required09,test,required09_test_016,202609360016,coverage_only80,3,False,True,0.5555555555555556,9,5,mesh_00007;mesh_00052;mesh_00055;mesh_00079,0.8119791364828393,32,0.7804878048780488,0.35555555555555557,95.19445444644404,817.4166766686662,11.534544663356588,10,900.0,0.5170661670272239,0.0006281249807216227,178901,90687,1.7781803100982474,0.04284761151742663,0,True,1.0,24,False,100.99629344039587,False,adaptive_rollout_adp,cand_0005;cand_0010;cand_0013;cand_0070;cand_0068;cand_0021;cand_0015;cand_0066;cand_0055;cand_0051,1898031087575,cand_0005;cand_0010;cand_0013;cand_0070;cand_0068;cand_0055;cand_0051;cand_0066;cand_0015;cand_0021,,False,nan,0.0
required09,test,required09_test_017,202609360017,incumbent,3,False,False,0.7777777777777778,9,7,mesh_00001;mesh_00007,0.6295551459975418,25,0.6097560975609756,0.2777777777777778,131.94876449251652,743.0598756036277,15.991066523851483,14,1260.0,0.0005996249965392053,0.0005994999664835632,203,118,4.469694615371198,0.059205790001008125,0,False,0.8888888888888888,21,False,131.94876449251652,False,deterministic_base,cand_0052;cand_0015;cand_0021;cand_0031;cand_0027;cand_0019;cand_0014;cand_0024;cand_0025;cand_0023;cand_0016;cand_0066;cand_0045;cand_0062,1065136029184,cand_0052;cand_0015;cand_0021;cand_0031;cand_0027;cand_0019;cand_0014;cand_0024;cand_0025;cand_0023;cand_0016;cand_0066;cand_0045;cand_0062,,False,nan,0.0
required09,test,required09_test_017,202609360017,one_step_adp,1,False,False,0.0,9,0,mesh_00001;mesh_00007;mesh_00015;mesh_00019;mesh_00033;mesh_00052;mesh_00055;mesh_00059;mesh_00079,0.0,0,0.0,0.0,0.0,1000.0,0,0,0.0,0.004038000071886927,0.0005970410420559347,1261,767,nan,nan,0,False,0.8888888888888888,21,False,131.94876449251652,False,adaptive_rollout_adp,,0,cand_0052;cand_0015;cand_0021;cand_0031;cand_0027;cand_0019;cand_0014;cand_0024;cand_0025;cand_0023;cand_0016;cand_0066;cand_0045;cand_0062,,False,0.0,0.0033862499985843897
required09,test,required09_test_017,202609360017,seeded_local_search,3,False,False,0.0,9,0,mesh_00001;mesh_00007;mesh_00015;mesh_00019;mesh_00033;mesh_00052;mesh_00055;mesh_00059;mesh_00079,0.0,0,0.0,0.0,0.0,1000.0,0,0,0.0,0.004018165986053646,0.0006249159923754632,0,0,nan,nan,0,False,0.8888888888888888,21,False,131.94876449251652,False,no_candidate,,0,cand_0052;cand_0015;cand_0021;cand_0031;cand_0027;cand_0019;cand_0014;cand_0024;cand_0025;cand_0023;cand_0016;cand_0066;cand_0045;cand_0062,,False,0.0,0.003367417026311159
required09,test,required09_test_017,202609360017,adaptive_rollout_adp,3,False,False,0.0,9,0,mesh_00001;mesh_00007;mesh_00015;mesh_00019;mesh_00033;mesh_00052;mesh_00055;mesh_00059;mesh_00079,0.0,0,0.0,0.0,0.0,1000.0,0,0,0.0,0.2046850830083713,0.0005902079865336418,77502,47209,nan,nan,0,False,0.8888888888888888,21,False,131.94876449251652,False,adaptive_rollout_adp,,0,cand_0052;cand_0015;cand_0021;cand_0031;cand_0027;cand_0019;cand_0014;cand_0024;cand_0025;cand_0023;cand_0016;cand_0066;cand_0045;cand_0062,,False,nan,0.0
required09,test,required09_test_017,202609360017,coverage_only80,3,False,False,0.0,9,0,mesh_00001;mesh_00007;mesh_00015;mesh_00019;mesh_00033;mesh_00052;mesh_00055;mesh_00059;mesh_00079,0.0,0,0.0,0.0,0.0,1000.0,0,0,0.0,0.08064445806667209,0.00033358304062858224,28594,18838,nan,nan,0,False,0.8888888888888888,21,False,112.8172107556278,False,adaptive_rollout_adp,,0,cand_0015;cand_0021;cand_0055;cand_0051;cand_0066;cand_0062;cand_0063;cand_0052;cand_0045,,False,nan,0.0
required09,test,required09_test_018,202609360018,incumbent,3,False,False,0.2222222222222222,9,2,mesh_00015;mesh_00019;mesh_00033;mesh_00052;mesh_00055;mesh_00059;mesh_00079,0.22542080702902842,9,0.21951219512195122,0.1,40.48636682821154,929.3752557171005,4.903459065925027,5,450.0,0.0003568739630281925,0.0003566659870557487,129,108,1.9085174912558591,0.0384879681927742,0,True,1.0,24,False,40.48636682821154,False,deterministic_base,cand_0005;cand_0000;cand_0070;cand_0010;cand_0013,1099512807883,cand_0005;cand_0000;cand_0070;cand_0010;cand_0013,,False,nan,0.0
required09,test,required09_test_018,202609360018,one_step_adp,1,True,True,1.0,9,9,,0.6762624210870852,27,0.6585365853658537,0.3,134.8970267938332,134.8970267938332,16.385268295751978,8,720.0,0.026946748956106603,0.0003448329516686499,9594,5577,3.0815624836831237,0.059201291408881127,0,True,1.0,24,False,40.48636682821154,False,adaptive_rollout_adp,cand_0021;cand_0015;cand_0052;cand_0062;cand_0045;cand_0066;cand_0005;cand_0000,1065135504907,cand_0005;cand_0000;cand_0070;cand_0010;cand_0013,cand_0021;cand_0015;cand_0052;cand_0062;cand_0045;cand_0066;cand_0005;cand_0000,True,134.8970267938332,0.02659658301854506
required09,test,required09_test_018,202609360018,seeded_local_search,3,True,True,1.0,9,9,,0.6762624210870852,27,0.6585365853658537,0.3,129.60460091435027,129.60460091435027,15.743617807385604,8,720.0,0.027342042012605816,0.000481792027130723,261,51,3.2643887457740823,0.059205790001008125,0,True,1.0,24,False,40.48636682821154,False,reference_improved,cand_0000;cand_0005;cand_0066;cand_0045;cand_0062;cand_0052;cand_0015;cand_0021,1065135504907,cand_0005;cand_0000;cand_0070;cand_0010;cand_0013,cand_0021;cand_0015;cand_0052;cand_0062;cand_0045;cand_0066;cand_0005;cand_0000,True,134.8970267938332,0.02550516597693786
required09,test,required09_test_018,202609360018,adaptive_rollout_adp,3,True,True,1.0,9,9,,0.6868018665793839,30,0.7317073170731707,0.3333333333333333,113.47191958718973,113.47191958718973,13.768885294460114,9,810.0,1.2868925830116495,0.0003493750118650496,449158,238780,2.80753987333066,0.059201291408881127,0,True,1.0,24,False,40.48636682821154,False,adaptive_rollout_adp,cand_0005;cand_0000;cand_0070;cand_0068;cand_0021;cand_0015;cand_0052;cand_0062;cand_0045,1408739180127,cand_0005;cand_0000;cand_0070;cand_0010;cand_0013,,False,nan,0.0
required09,test,required09_test_018,202609360018,coverage_only80,3,False,True,0.6666666666666666,9,6,mesh_00001;mesh_00052;mesh_00055,0.8033664562322275,31,0.7560975609756098,0.34444444444444444,100.81582832916236,767.482494995829,12.221943997939078,10,900.0,0.6102108340128325,0.0006213340093381703,212422,116430,1.149157587355644,0.045320179362320974,0,True,1.0,24,False,121.76649375253494,False,adaptive_rollout_adp,cand_0000;cand_0070;cand_0068;cand_0021;cand_0015;cand_0066;cand_0055;cand_0051;cand_0063;cand_0062,2198686006876,cand_0005;cand_0066;cand_0055;cand_0051;cand_0063;cand_0062;cand_0052;cand_0015;cand_0021;cand_0068;cand_0009;cand_0016,,False,nan,0.0
required09,test,required09_test_019,202609360019,incumbent,3,False,False,0.2222222222222222,9,2,mesh_00015;mesh_00019;mesh_00033;mesh_00052;mesh_00055;mesh_00059;mesh_00079,0.2234293175456389,9,0.21951219512195122,0.1,40.48636682821154,929.3752557171005,4.903459065925027,5,450.0,0.0003892500535584986,0.0003890420193783939,123,103,1.9085174912558591,0.0384879681927742,0,True,1.0,23,False,40.48636682821154,False,deterministic_base,cand_0005;cand_0000;cand_0070;cand_0010;cand_0013,1099512807883,cand_0005;cand_0000;cand_0070;cand_0010;cand_0013,,False,nan,0.0
required09,test,required09_test_019,202609360019,one_step_adp,1,True,True,1.0,9,9,,0.7024083565111557,27,0.6585365853658537,0.3,134.8970267938332,134.8970267938332,16.385268295751978,8,720.0,0.024597415991593152,0.0003338750102557242,8333,4961,3.0815624836831237,0.059201291408881127,0,True,1.0,23,False,40.48636682821154,False,adaptive_rollout_adp,cand_0021;cand_0015;cand_0052;cand_0062;cand_0045;cand_0066;cand_0005;cand_0000,1065135504907,cand_0005;cand_0000;cand_0070;cand_0010;cand_0013,cand_0021;cand_0015;cand_0052;cand_0062;cand_0045;cand_0066;cand_0005;cand_0000,True,134.8970267938332,0.024258167017251253
required09,test,required09_test_019,202609360019,seeded_local_search,3,True,True,1.0,9,9,,0.7024083565111557,27,0.6585365853658537,0.3,129.60460091435027,129.60460091435027,15.743617807385604,8,720.0,0.02801512595033273,0.00039895897498354316,261,51,3.2643887457740823,0.059205790001008125,0,True,1.0,23,False,40.48636682821154,False,reference_improved,cand_0000;cand_0005;cand_0066;cand_0045;cand_0062;cand_0052;cand_0015;cand_0021,1065135504907,cand_0005;cand_0000;cand_0070;cand_0010;cand_0013,cand_0021;cand_0015;cand_0052;cand_0062;cand_0045;cand_0066;cand_0005;cand_0000,True,134.8970267938332,0.026157209009397775
required09,test,required09_test_019,202609360019,adaptive_rollout_adp,3,True,True,1.0,9,9,,0.7340575905273834,30,0.7317073170731707,0.3333333333333333,113.47191958718973,113.47191958718973,13.768885294460114,9,810.0,0.9123653330025263,0.0003933749976567924,331714,182122,2.80753987333066,0.059201291408881127,0,True,1.0,23,False,40.48636682821154,False,adaptive_rollout_adp,cand_0005;cand_0000;cand_0070;cand_0068;cand_0021;cand_0015;cand_0052;cand_0062;cand_0045,1408739180127,cand_0005;cand_0000;cand_0070;cand_0010;cand_0013,,False,nan,0.0
required09,test,required09_test_019,202609360019,coverage_only80,3,False,True,0.8888888888888888,9,8,mesh_00007,0.8086910863286002,32,0.7804878048780488,0.35555555555555557,99.32183782108413,654.8773933766397,12.03942398775173,10,900.0,0.5398569579701871,0.0005719169857911766,182707,109234,1.0871041962737076,0.0585962290483111,0,True,1.0,23,False,103.7351004242138,False,adaptive_rollout_adp,cand_0005;cand_0066;cand_0052;cand_0055;cand_0062;cand_0063;cand_0045;cand_0068;cand_0021;cand_0015,1099509923351,cand_0005;cand_0066;cand_0052;cand_0055;cand_0051;cand_0062;cand_0063;cand_0068;cand_0021;cand_0015;cand_0009,,False,nan,0.0
required09,test,required09_test_020,202609360020,incumbent,3,False,False,0.2222222222222222,9,2,mesh_00015;mesh_00019;mesh_00033;mesh_00052;mesh_00055;mesh_00059;mesh_00079,0.21452349339235796,9,0.21951219512195122,0.1,40.48636682821154,929.3752557171005,4.903459065925027,5,450.0,0.00035691598895937204,0.00035679101711139083,129,108,1.9085174912558591,0.0384879681927742,0,True,1.0,24,False,40.48636682821154,False,deterministic_base,cand_0005;cand_0000;cand_0070;cand_0010;cand_0013,1099512807883,cand_0005;cand_0000;cand_0070;cand_0010;cand_0013,,False,nan,0.0
required09,test,required09_test_020,202609360020,one_step_adp,1,True,True,1.0,9,9,,0.6947046729054048,27,0.6585365853658537,0.3,134.8970267938332,134.8970267938332,16.385268295751978,8,720.0,0.026754999009426683,0.0003430410288274288,9594,5577,3.0815624836831237,0.059201291408881127,0,True,1.0,24,False,40.48636682821154,False,adaptive_rollout_adp,cand_0021;cand_0015;cand_0052;cand_0062;cand_0045;cand_0066;cand_0005;cand_0000,1065135504907,cand_0005;cand_0000;cand_0070;cand_0010;cand_0013,cand_0021;cand_0015;cand_0052;cand_0062;cand_0045;cand_0066;cand_0005;cand_0000,True,134.8970267938332,0.02640666696242988
required09,test,required09_test_020,202609360020,seeded_local_search,3,True,True,1.0,9,9,,0.6947046729054048,27,0.6585365853658537,0.3,129.60460091435027,129.60460091435027,15.743617807385604,8,720.0,0.02626766700996086,0.0003546670195646584,261,51,3.2643887457740823,0.059205790001008125,0,True,1.0,24,False,40.48636682821154,False,reference_improved,cand_0000;cand_0005;cand_0066;cand_0045;cand_0062;cand_0052;cand_0015;cand_0021,1065135504907,cand_0005;cand_0000;cand_0070;cand_0010;cand_0013,cand_0021;cand_0015;cand_0052;cand_0062;cand_0045;cand_0066;cand_0005;cand_0000,True,134.8970267938332,0.024656708992552012
required09,test,required09_test_020,202609360020,adaptive_rollout_adp,3,True,True,1.0,9,9,,0.8003019658550783,30,0.7317073170731707,0.3333333333333333,113.47191958718973,113.47191958718973,13.768885294460114,9,810.0,1.286084124003537,0.0003465830232016742,449158,238780,2.80753987333066,0.059201291408881127,0,True,1.0,24,False,40.48636682821154,False,adaptive_rollout_adp,cand_0005;cand_0000;cand_0070;cand_0068;cand_0021;cand_0015;cand_0052;cand_0062;cand_0045,1408739180127,cand_0005;cand_0000;cand_0070;cand_0010;cand_0013,,False,nan,0.0
required09,test,required09_test_020,202609360020,coverage_only80,3,False,True,0.6666666666666666,9,6,mesh_00007;mesh_00052;mesh_00055,0.8003019658550783,30,0.7317073170731707,0.3333333333333333,89.93207227004497,756.5987389367117,10.901423558715504,9,810.0,0.6602285410044715,0.0005414580227807164,212351,118397,0.8473828811905011,0.0585962290483111,0,True,1.0,24,False,104.29439920888696,False,adaptive_rollout_adp,cand_0005;cand_0066;cand_0055;cand_0051;cand_0062;cand_0063;cand_0068;cand_0021;cand_0015,1099174379031,cand_0005;cand_0010;cand_0013;cand_0070;cand_0068;cand_0021;cand_0015;cand_0055;cand_0051;cand_0066,,False,nan,0.0
required09,test,required09_test_021,202609360021,incumbent,3,False,False,0.2222222222222222,9,2,mesh_00015;mesh_00019;mesh_00033;mesh_00052;mesh_00055;mesh_00059;mesh_00079,0.09086113940874153,3,0.07317073170731707,0.03333333333333333,18.99980871152708,907.888697600416,2.3034958428058165,2,180.0,0.00019508396508172154,0.0001949169673025608,60,50,9.506295741486179,0.0384879681927742,0,True,1.0,21,False,18.99980871152708,False,deterministic_base,cand_0005;cand_0000,11,cand_0005;cand_0000,,False,nan,0.0
required09,test,required09_test_021,202609360021,one_step_adp,1,True,True,1.0,9,9,,0.6503717818113501,27,0.6585365853658537,0.3,134.8970267938332,134.8970267938332,16.385268295751978,8,720.0,0.0242041670717299,0.00017820904031395912,7720,3806,3.0815624836831237,0.059201291408881127,0,True,1.0,21,False,18.99980871152708,False,adaptive_rollout_adp,cand_0021;cand_0015;cand_0052;cand_0062;cand_0045;cand_0066;cand_0005;cand_0000,1065135504907,cand_0005;cand_0000,cand_0021;cand_0015;cand_0052;cand_0062;cand_0045;cand_0066;cand_0005;cand_0000,True,134.8970267938332,0.024019416014198214
required09,test,required09_test_021,202609360021,seeded_local_search,3,True,True,1.0,9,9,,0.6503717818113501,27,0.6585365853658537,0.3,129.60460091435027,129.60460091435027,15.743617807385604,8,720.0,0.023986083979252726,0.00020929198944941163,261,51,3.2643887457740823,0.059205790001008125,0,True,1.0,21,False,18.99980871152708,False,reference_improved,cand_0000;cand_0005;cand_0066;cand_0045;cand_0062;cand_0052;cand_0015;cand_0021,1065135504907,cand_0005;cand_0000,cand_0021;cand_0015;cand_0052;cand_0062;cand_0045;cand_0066;cand_0005;cand_0000,True,134.8970267938332,0.022450707969255745
required09,test,required09_test_021,202609360021,adaptive_rollout_adp,3,True,True,1.0,9,9,,0.6713600242327459,28,0.6829268292682927,0.3111111111111111,134.73093989294745,134.73093989294745,16.36095124645883,9,810.0,1.438669207971543,0.00018158298917114735,511331,252923,3.043484822370052,0.05951490068870389,0,True,1.0,21,False,18.99980871152708,False,adaptive_rollout_adp,cand_0015;cand_0021;cand_0055;cand_0045;cand_0062;cand_0052;cand_0066;cand_0005;cand_0000,1099495243275,cand_0005;cand_0000,,False,nan,0.0
required09,test,required09_test_021,202609360021,coverage_only80,3,True,True,1.0,9,9,,0.818277721182517,35,0.8536585365853658,0.3888888888888889,136.61358873877077,136.61358873877077,16.572732195729923,12,1080.0,0.5339473330532201,0.00018987501971423626,170599,66797,1.0871041962737076,0.0585962290483111,0,True,1.0,21,False,18.99980871152708,False,adaptive_rollout_adp,cand_0000;cand_0005;cand_0066;cand_0052;cand_0055;cand_0062;cand_0063;cand_0045;cand_0068;cand_0009;cand_0021;cand_0016,1099510447679,cand_0005;cand_0000,,False,nan,0.0
required09,test,required09_test_022,202609360022,incumbent,3,False,False,0.2222222222222222,9,2,mesh_00015;mesh_00019;mesh_00033;mesh_00052;mesh_00055;mesh_00059;mesh_00079,0.2234741111580338,9,0.21951219512195122,0.1,40.48636682821154,929.3752557171005,4.903459065925027,5,450.0,0.00034708296880126,0.0003469169605523348,123,102,1.9085174912558591,0.0384879681927742,0,True,1.0,23,False,40.48636682821154,False,deterministic_base,cand_0005;cand_0000;cand_0070;cand_0010;cand_0013,1099512807883,cand_0005;cand_0000;cand_0070;cand_0010;cand_0013,,False,nan,0.0
required09,test,required09_test_022,202609360022,one_step_adp,1,True,True,1.0,9,9,,0.6054469104823468,27,0.6585365853658537,0.3,134.8970267938332,134.8970267938332,16.385268295751978,8,720.0,0.02442983299260959,0.0003280829987488687,8542,5000,3.0815624836831237,0.059201291408881127,0,True,1.0,23,False,40.48636682821154,False,adaptive_rollout_adp,cand_0021;cand_0015;cand_0052;cand_0062;cand_0045;cand_0066;cand_0005;cand_0000,1065135504907,cand_0005;cand_0000;cand_0070;cand_0010;cand_0013,cand_0021;cand_0015;cand_0052;cand_0062;cand_0045;cand_0066;cand_0005;cand_0000,True,134.8970267938332,0.024096249951981008
required09,test,required09_test_022,202609360022,seeded_local_search,3,True,True,1.0,9,9,,0.6054469104823468,27,0.6585365853658537,0.3,129.60460091435027,129.60460091435027,15.743617807385604,8,720.0,0.02486929204314947,0.00035733403638005257,261,51,3.2643887457740823,0.059205790001008125,0,True,1.0,23,False,40.48636682821154,False,reference_improved,cand_0000;cand_0005;cand_0066;cand_0045;cand_0062;cand_0052;cand_0015;cand_0021,1065135504907,cand_0005;cand_0000;cand_0070;cand_0010;cand_0013,cand_0021;cand_0015;cand_0052;cand_0062;cand_0045;cand_0066;cand_0005;cand_0000,True,134.8970267938332,0.023151958012022078
required09,test,required09_test_022,202609360022,adaptive_rollout_adp,3,True,True,1.0,9,9,,0.701596755198943,30,0.7317073170731707,0.3333333333333333,113.47191958718973,113.47191958718973,13.768885294460114,9,810.0,1.0282303749700077,0.0003511669929139316,357428,191792,2.80753987333066,0.059201291408881127,0,True,1.0,23,False,40.48636682821154,False,adaptive_rollout_adp,cand_0005;cand_0000;cand_0070;cand_0068;cand_0021;cand_0015;cand_0052;cand_0062;cand_0045,1408739180127,cand_0005;cand_0000;cand_0070;cand_0010;cand_0013,,False,nan,0.0
required09,test,required09_test_022,202609360022,coverage_only80,3,False,True,0.6666666666666666,9,6,mesh_00007;mesh_00052;mesh_00079,0.8189673109891121,34,0.8292682926829268,0.37777777777777777,101.39822542633242,768.0648920929991,12.28466871659884,11,990.0,0.47734029102139175,0.0005230410024523735,164593,84571,1.7781803100982474,0.04253615042051259,0,True,1.0,23,False,107.11371399745765,False,adaptive_rollout_adp,cand_0005;cand_0010;cand_0013;cand_0070;cand_0068;cand_0021;cand_0016;cand_0066;cand_0052;cand_0055;cand_0051,1898300047319,cand_0005;cand_0010;cand_0013;cand_0070;cand_0068;cand_0021;cand_0015;cand_0055;cand_0051;cand_0062,,False,nan,0.0
required09,test,required09_test_023,202609360023,incumbent,3,False,False,0.2222222222222222,9,2,mesh_00015;mesh_00019;mesh_00033;mesh_00052;mesh_00055;mesh_00059;mesh_00079,0.23990014990476,9,0.21951219512195122,0.1,40.48636682821154,929.3752557171005,4.903459065925027,5,450.0,0.00034795806277543306,0.00034775002859532833,123,102,1.9085174912558591,0.0384879681927742,0,True,1.0,23,False,40.48636682821154,False,deterministic_base,cand_0005;cand_0000;cand_0070;cand_0010;cand_0013,1099512807883,cand_0005;cand_0000;cand_0070;cand_0010;cand_0013,,False,nan,0.0
required09,test,required09_test_023,202609360023,one_step_adp,1,True,True,1.0,9,9,,0.65999286785034,27,0.6585365853658537,0.3,134.8970267938332,134.8970267938332,16.385268295751978,8,720.0,0.02282479195855558,0.0003304999554529786,8542,5000,3.0815624836831237,0.059201291408881127,0,True,1.0,23,False,40.48636682821154,False,adaptive_rollout_adp,cand_0021;cand_0015;cand_0052;cand_0062;cand_0045;cand_0066;cand_0005;cand_0000,1065135504907,cand_0005;cand_0000;cand_0070;cand_0010;cand_0013,cand_0021;cand_0015;cand_0052;cand_0062;cand_0045;cand_0066;cand_0005;cand_0000,True,134.8970267938332,0.02248891699127853
required09,test,required09_test_023,202609360023,seeded_local_search,3,True,True,1.0,9,9,,0.65999286785034,27,0.6585365853658537,0.3,129.60460091435027,129.60460091435027,15.743617807385604,8,720.0,0.023705540981609374,0.00034558295737951994,261,51,3.2643887457740823,0.059205790001008125,0,True,1.0,23,False,40.48636682821154,False,reference_improved,cand_0000;cand_0005;cand_0066;cand_0045;cand_0062;cand_0052;cand_0015;cand_0021,1065135504907,cand_0005;cand_0000;cand_0070;cand_0010;cand_0013,cand_0021;cand_0015;cand_0052;cand_0062;cand_0045;cand_0066;cand_0005;cand_0000,True,134.8970267938332,0.022024250007234514
required09,test,required09_test_023,202609360023,adaptive_rollout_adp,3,True,True,1.0,9,9,,0.66034947533334,30,0.7317073170731707,0.3333333333333333,113.47191958718973,113.47191958718973,13.768885294460114,9,810.0,1.0255485409870744,0.00033362500835210085,357428,191792,2.80753987333066,0.059201291408881127,0,True,1.0,23,False,40.48636682821154,False,adaptive_rollout_adp,cand_0005;cand_0000;cand_0070;cand_0068;cand_0021;cand_0015;cand_0052;cand_0062;cand_0045,1408739180127,cand_0005;cand_0000;cand_0070;cand_0010;cand_0013,,False,nan,0.0
required09,test,required09_test_023,202609360023,coverage_only80,3,False,True,0.4444444444444444,9,4,mesh_00001;mesh_00007;mesh_00052;mesh_00055;mesh_00079,0.81980743195918,32,0.7804878048780488,0.35555555555555557,101.09729451696745,878.8750722947452,12.261363545405993,9,810.0,0.4805296250269748,0.00058712501777336,167484,98831,1.7220589665880237,0.048074778454512024,0,True,1.0,23,False,137.87869239091194,False,adaptive_rollout_adp,cand_0016;cand_0021;cand_0009;cand_0051;cand_0055;cand_0066;cand_0068;cand_0070;cand_0013,1898031611892,cand_0005;cand_0066;cand_0055;cand_0051;cand_0068;cand_0021;cand_0015;cand_0016;cand_0009;cand_0063;cand_0062;cand_0052;cand_0045,,False,nan,0.0
required09,test,required09_test_024,202609360024,incumbent,3,False,False,0.2222222222222222,9,2,mesh_00015;mesh_00019;mesh_00033;mesh_00052;mesh_00055;mesh_00059;mesh_00079,0.2239488777865432,9,0.21951219512195122,0.1,40.48636682821154,929.3752557171005,4.903459065925027,5,450.0,0.000550209020730108,0.0005499590188264847,129,108,1.9085174912558591,0.0384879681927742,0,True,1.0,24,False,40.48636682821154,False,deterministic_base,cand_0005;cand_0000;cand_0070;cand_0010;cand_0013,1099512807883,cand_0005;cand_0000;cand_0070;cand_0010;cand_0013,,False,nan,0.0
required09,test,required09_test_024,202609360024,one_step_adp,1,True,True,1.0,9,9,,0.6354658355099756,27,0.6585365853658537,0.3,134.8970267938332,134.8970267938332,16.385268295751978,8,720.0,0.025348249939270318,0.00039654196007177234,9594,5577,3.0815624836831237,0.059201291408881127,0,True,1.0,24,False,40.48636682821154,False,adaptive_rollout_adp,cand_0021;cand_0015;cand_0052;cand_0062;cand_0045;cand_0066;cand_0005;cand_0000,1065135504907,cand_0005;cand_0000;cand_0070;cand_0010;cand_0013,cand_0021;cand_0015;cand_0052;cand_0062;cand_0045;cand_0066;cand_0005;cand_0000,True,134.8970267938332,0.024941542011220008
required09,test,required09_test_024,202609360024,seeded_local_search,3,True,True,1.0,9,9,,0.6354658355099756,27,0.6585365853658537,0.3,129.60460091435027,129.60460091435027,15.743617807385604,8,720.0,0.026510333991609514,0.00034312496427446604,261,51,3.2643887457740823,0.059205790001008125,0,True,1.0,24,False,40.48636682821154,False,reference_improved,cand_0000;cand_0005;cand_0066;cand_0045;cand_0062;cand_0052;cand_0015;cand_0021,1065135504907,cand_0005;cand_0000;cand_0070;cand_0010;cand_0013,cand_0021;cand_0015;cand_0052;cand_0062;cand_0045;cand_0066;cand_0005;cand_0000,True,134.8970267938332,0.02462591597577557
required09,test,required09_test_024,202609360024,adaptive_rollout_adp,3,True,True,1.0,9,9,,0.7343693266719259,30,0.7317073170731707,0.3333333333333333,113.47191958718973,113.47191958718973,13.768885294460114,9,810.0,1.2581097920192406,0.0003562920028343797,449158,238780,2.80753987333066,0.059201291408881127,0,True,1.0,24,False,40.48636682821154,False,adaptive_rollout_adp,cand_0005;cand_0000;cand_0070;cand_0068;cand_0021;cand_0015;cand_0052;cand_0062;cand_0045,1408739180127,cand_0005;cand_0000;cand_0070;cand_0010;cand_0013,,False,nan,0.0
required09,test,required09_test_024,202609360024,coverage_only80,3,False,True,0.7777777777777778,9,7,mesh_00007;mesh_00052,0.8124319200631108,32,0.7804878048780488,0.35555555555555557,96.85772711387364,707.9688382249847,11.739293785090442,10,900.0,0.762997125973925,0.0005137919797562063,266818,157682,0.8473828811905011,0.0585962290483111,0,True,1.0,24,False,117.75807928336228,False,adaptive_rollout_adp,cand_0005;cand_0066;cand_0052;cand_0055;cand_0051;cand_0062;cand_0063;cand_0068;cand_0021;cand_0016,1099443338775,cand_0005;cand_0010;cand_0013;cand_0070;cand_0068;cand_0021;cand_0015;cand_0052;cand_0066;cand_0051;cand_0063,,False,nan,0.0
required09,test,required09_test_025,202609360025,incumbent,3,False,False,0.8888888888888888,9,8,mesh_00007,0.9324026331730823,38,0.926829268292683,0.4222222222222222,148.22871916013668,703.7842747156923,17.969915008326918,14,1260.0,0.0007128330180421472,0.0007126250420697033,231,136,1.7781803100982474,0.059201291408881127,0,False,0.8888888888888888,23,False,148.22871916013668,False,deterministic_base,cand_0005;cand_0010;cand_0013;cand_0070;cand_0068;cand_0021;cand_0015;cand_0052;cand_0062;cand_0045;cand_0051;cand_0055;cand_0066;cand_0009,2199014342647,cand_0005;cand_0010;cand_0013;cand_0070;cand_0068;cand_0021;cand_0015;cand_0052;cand_0062;cand_0045;cand_0051;cand_0055;cand_0066;cand_0009,,False,nan,0.0
required09,test,required09_test_025,202609360025,one_step_adp,1,False,False,0.0,9,0,mesh_00001;mesh_00007;mesh_00015;mesh_00019;mesh_00033;mesh_00052;mesh_00055;mesh_00059;mesh_00079,0.0,0,0.0,0.0,0.0,1000.0,0,0,0.0,0.005707666976377368,0.0007659170078113675,1561,907,nan,nan,0,False,0.8888888888888888,23,False,148.22871916013668,False,adaptive_rollout_adp,,0,cand_0005;cand_0010;cand_0013;cand_0070;cand_0068;cand_0021;cand_0015;cand_0052;cand_0062;cand_0045;cand_0051;cand_0055;cand_0066;cand_0009,,False,0.0,0.004933041986078024
required09,test,required09_test_025,202609360025,seeded_local_search,3,False,False,0.0,9,0,mesh_00001;mesh_00007;mesh_00015;mesh_00019;mesh_00033;mesh_00052;mesh_00055;mesh_00059;mesh_00079,0.0,0,0.0,0.0,0.0,1000.0,0,0,0.0,0.005918291921261698,0.000777791952714324,0,0,nan,nan,0,False,0.8888888888888888,23,False,148.22871916013668,False,no_candidate,,0,cand_0005;cand_0010;cand_0013;cand_0070;cand_0068;cand_0021;cand_0015;cand_0052;cand_0062;cand_0045;cand_0051;cand_0055;cand_0066;cand_0009,,False,0.0,0.005098916997667402
required09,test,required09_test_025,202609360025,adaptive_rollout_adp,3,False,False,0.0,9,0,mesh_00001;mesh_00007;mesh_00015;mesh_00019;mesh_00033;mesh_00052;mesh_00055;mesh_00059;mesh_00079,0.0,0,0.0,0.0,0.0,1000.0,0,0,0.0,0.4331681670155376,0.0008198340074159205,154218,86134,nan,nan,0,False,0.8888888888888888,23,False,148.22871916013668,False,adaptive_rollout_adp,,0,cand_0005;cand_0010;cand_0013;cand_0070;cand_0068;cand_0021;cand_0015;cand_0052;cand_0062;cand_0045;cand_0051;cand_0055;cand_0066;cand_0009,,False,nan,0.0
required09,test,required09_test_025,202609360025,coverage_only80,3,False,True,0.4444444444444444,9,4,mesh_00001;mesh_00007;mesh_00019;mesh_00052;mesh_00055,0.8197403551282192,33,0.8048780487804879,0.36666666666666664,114.14069267846077,891.9184704562385,13.844161321548526,10,900.0,0.4653596259886399,0.0006280419765971601,155785,91114,0.8473828811905011,0.055540358114866184,0,False,0.8888888888888888,23,False,124.79783441094723,False,adaptive_rollout_adp,cand_0015;cand_0009;cand_0066;cand_0055;cand_0051;cand_0062;cand_0063;cand_0068;cand_0070;cand_0013,2198687152116,cand_0005;cand_0010;cand_0013;cand_0070;cand_0068;cand_0015;cand_0021;cand_0055;cand_0051;cand_0066;cand_0062,,False,nan,0.0
required09,test,required09_test_026,202609360026,incumbent,3,False,False,0.2222222222222222,9,2,mesh_00015;mesh_00019;mesh_00033;mesh_00052;mesh_00055;mesh_00059;mesh_00079,0.19675859295279893,9,0.21951219512195122,0.1,40.48636682821154,929.3752557171005,4.903459065925027,5,450.0,0.0003660000511445105,0.00036579102743417025,129,108,1.9085174912558591,0.0384879681927742,0,True,1.0,24,False,40.48636682821154,False,deterministic_base,cand_0005;cand_0000;cand_0070;cand_0010;cand_0013,1099512807883,cand_0005;cand_0000;cand_0070;cand_0010;cand_0013,,False,nan,0.0
required09,test,required09_test_026,202609360026,one_step_adp,1,True,True,1.0,9,9,,0.6939310776289795,27,0.6585365853658537,0.3,134.8970267938332,134.8970267938332,16.385268295751978,8,720.0,0.026548624970018864,0.0003477499703876674,9594,5577,3.0815624836831237,0.059201291408881127,0,True,1.0,24,False,40.48636682821154,False,adaptive_rollout_adp,cand_0021;cand_0015;cand_0052;cand_0062;cand_0045;cand_0066;cand_0005;cand_0000,1065135504907,cand_0005;cand_0000;cand_0070;cand_0010;cand_0013,cand_0021;cand_0015;cand_0052;cand_0062;cand_0045;cand_0066;cand_0005;cand_0000,True,134.8970267938332,0.026195499987807125
required09,test,required09_test_026,202609360026,seeded_local_search,3,True,True,1.0,9,9,,0.6939310776289795,27,0.6585365853658537,0.3,129.60460091435027,129.60460091435027,15.743617807385604,8,720.0,0.02557845797855407,0.00034991599386557937,261,51,3.2643887457740823,0.059205790001008125,0,True,1.0,24,False,40.48636682821154,False,reference_improved,cand_0000;cand_0005;cand_0066;cand_0045;cand_0062;cand_0052;cand_0015;cand_0021,1065135504907,cand_0005;cand_0000;cand_0070;cand_0010;cand_0013,cand_0021;cand_0015;cand_0052;cand_0062;cand_0045;cand_0066;cand_0005;cand_0000,True,134.8970267938332,0.02398483396973461
required09,test,required09_test_026,202609360026,adaptive_rollout_adp,3,True,True,1.0,9,9,,0.7595172752799125,30,0.7317073170731707,0.3333333333333333,113.47191958718973,113.47191958718973,13.768885294460114,9,810.0,1.2500562500790693,0.0003483330365270376,449158,238780,2.80753987333066,0.059201291408881127,0,True,1.0,24,False,40.48636682821154,False,adaptive_rollout_adp,cand_0005;cand_0000;cand_0070;cand_0068;cand_0021;cand_0015;cand_0052;cand_0062;cand_0045,1408739180127,cand_0005;cand_0000;cand_0070;cand_0010;cand_0013,,False,nan,0.0
required09,test,required09_test_026,202609360026,coverage_only80,3,False,True,0.7777777777777778,9,7,mesh_00007;mesh_00052,0.8032414070472012,32,0.7804878048780488,0.35555555555555557,96.85772711387364,707.9688382249847,11.739293785090442,10,900.0,0.744441790971905,0.0005272079724818468,257983,151005,0.8473828811905011,0.0585962290483111,0,True,1.0,24,False,107.12653665574462,False,adaptive_rollout_adp,cand_0005;cand_0066;cand_0052;cand_0055;cand_0051;cand_0062;cand_0063;cand_0068;cand_0021;cand_0016,1099443338775,cand_0005;cand_0010;cand_0013;cand_0070;cand_0068;cand_0021;cand_0015;cand_0052;cand_0066;cand_0051,,False,nan,0.0
required09,test,required09_test_027,202609360027,incumbent,3,False,False,0.2222222222222222,9,2,mesh_00015;mesh_00019;mesh_00033;mesh_00052;mesh_00055;mesh_00059;mesh_00079,0.19346095115823894,9,0.21951219512195122,0.1,40.48636682821154,929.3752557171005,4.903459065925027,5,450.0,0.0003551669651642442,0.00035499996738508344,129,108,1.9085174912558591,0.0384879681927742,0,True,1.0,24,False,40.48636682821154,False,deterministic_base,cand_0005;cand_0000;cand_0070;cand_0010;cand_0013,1099512807883,cand_0005;cand_0000;cand_0070;cand_0010;cand_0013,,False,nan,0.0
required09,test,required09_test_027,202609360027,one_step_adp,1,True,True,1.0,9,9,,0.675325164809135,27,0.6585365853658537,0.3,134.8970267938332,134.8970267938332,16.385268295751978,8,720.0,0.02481937501579523,0.0003580839838832617,9594,5577,3.0815624836831237,0.059201291408881127,0,True,1.0,24,False,40.48636682821154,False,adaptive_rollout_adp,cand_0021;cand_0015;cand_0052;cand_0062;cand_0045;cand_0066;cand_0005;cand_0000,1065135504907,cand_0005;cand_0000;cand_0070;cand_0010;cand_0013,cand_0021;cand_0015;cand_0052;cand_0062;cand_0045;cand_0066;cand_0005;cand_0000,True,134.8970267938332,0.02445420902222395
required09,test,required09_test_027,202609360027,seeded_local_search,3,True,True,1.0,9,9,,0.675325164809135,27,0.6585365853658537,0.3,129.60460091435027,129.60460091435027,15.743617807385604,8,720.0,0.026300625002477318,0.0003546249936334789,261,51,3.2643887457740823,0.059205790001008125,0,True,1.0,24,False,40.48636682821154,False,reference_improved,cand_0000;cand_0005;cand_0066;cand_0045;cand_0062;cand_0052;cand_0015;cand_0021,1065135504907,cand_0005;cand_0000;cand_0070;cand_0010;cand_0013,cand_0021;cand_0015;cand_0052;cand_0062;cand_0045;cand_0066;cand_0005;cand_0000,True,134.8970267938332,0.024640707997605205
required09,test,required09_test_027,202609360027,adaptive_rollout_adp,3,True,True,1.0,9,9,,0.7635477263621525,30,0.7317073170731707,0.3333333333333333,113.47191958718973,113.47191958718973,13.768885294460114,9,810.0,1.2648754160036333,0.0003647910198196769,449158,238780,2.80753987333066,0.059201291408881127,0,True,1.0,24,False,40.48636682821154,False,adaptive_rollout_adp,cand_0005;cand_0000;cand_0070;cand_0068;cand_0021;cand_0015;cand_0052;cand_0062;cand_0045,1408739180127,cand_0005;cand_0000;cand_0070;cand_0010;cand_0013,,False,nan,0.0
required09,test,required09_test_027,202609360027,coverage_only80,3,False,True,0.7777777777777778,9,7,mesh_00007;mesh_00052,0.8065390488417612,32,0.7804878048780488,0.35555555555555557,96.85772711387364,707.9688382249847,11.739293785090442,10,900.0,0.7750291249831207,0.000575540994759649,263298,154265,0.8473828811905011,0.0585962290483111,0,True,1.0,24,False,119.0068196615714,False,adaptive_rollout_adp,cand_0005;cand_0066;cand_0052;cand_0055;cand_0051;cand_0062;cand_0063;cand_0068;cand_0021;cand_0016,1099443338775,cand_0005;cand_0010;cand_0013;cand_0070;cand_0068;cand_0055;cand_0051;cand_0062;cand_0063;cand_0066;cand_0015,,False,nan,0.0
required09,test,required09_test_028,202609360028,incumbent,3,False,False,0.2222222222222222,9,2,mesh_00015;mesh_00019;mesh_00033;mesh_00052;mesh_00055;mesh_00059;mesh_00079,0.181154255187022,9,0.21951219512195122,0.1,40.48636682821154,929.3752557171005,4.903459065925027,5,450.0,0.0003392919898033142,0.000339167017955333,117,96,1.9085174912558591,0.0384879681927742,0,True,1.0,22,False,40.48636682821154,False,deterministic_base,cand_0005;cand_0000;cand_0070;cand_0010;cand_0013,1099512807883,cand_0005;cand_0000;cand_0070;cand_0010;cand_0013,,False,nan,0.0
required09,test,required09_test_028,202609360028,one_step_adp,1,True,True,1.0,9,9,,0.6308336287461825,27,0.6585365853658537,0.3,134.8970267938332,134.8970267938332,16.385268295751978,8,720.0,0.02089616598095745,0.0003232500166632235,7573,4433,3.0815624836831237,0.059201291408881127,0,True,1.0,22,False,40.48636682821154,False,adaptive_rollout_adp,cand_0021;cand_0015;cand_0052;cand_0062;cand_0045;cand_0066;cand_0005;cand_0000,1065135504907,cand_0005;cand_0000;cand_0070;cand_0010;cand_0013,cand_0021;cand_0015;cand_0052;cand_0062;cand_0045;cand_0066;cand_0005;cand_0000,True,134.8970267938332,0.020567125000525266
required09,test,required09_test_028,202609360028,seeded_local_search,3,True,True,1.0,9,9,,0.6308336287461825,27,0.6585365853658537,0.3,129.60460091435027,129.60460091435027,15.743617807385604,8,720.0,0.024115125997923315,0.00038695900002494454,261,51,3.2643887457740823,0.059205790001008125,0,True,1.0,22,False,40.48636682821154,False,reference_improved,cand_0000;cand_0005;cand_0066;cand_0045;cand_0062;cand_0052;cand_0015;cand_0021,1065135504907,cand_0005;cand_0000;cand_0070;cand_0010;cand_0013,cand_0021;cand_0015;cand_0052;cand_0062;cand_0045;cand_0066;cand_0005;cand_0000,True,134.8970267938332,0.022264208004344255
required09,test,required09_test_028,202609360028,adaptive_rollout_adp,3,True,True,1.0,9,9,,0.6912183804751899,30,0.7317073170731707,0.3333333333333333,113.47191958718973,113.47191958718973,13.768885294460114,9,810.0,0.8377227080054581,0.0003738750237971544,286165,154729,2.80753987333066,0.059201291408881127,0,True,1.0,22,False,40.48636682821154,False,adaptive_rollout_adp,cand_0005;cand_0000;cand_0070;cand_0068;cand_0021;cand_0015;cand_0052;cand_0062;cand_0045,1408739180127,cand_0005;cand_0000;cand_0070;cand_0010;cand_0013,,False,nan,0.0
required09,test,required09_test_028,202609360028,coverage_only80,3,False,True,0.7777777777777778,9,7,mesh_00007;mesh_00052,0.8188457448129781,32,0.7804878048780488,0.35555555555555557,96.85772711387364,707.9688382249847,11.739293785090442,10,900.0,0.5496397919487208,0.0004799169837497175,197863,115141,0.8473828811905011,0.0585962290483111,0,True,1.0,22,False,108.83901527284345,False,adaptive_rollout_adp,cand_0005;cand_0066;cand_0052;cand_0055;cand_0051;cand_0062;cand_0063;cand_0068;cand_0021;cand_0016,1099443338775,cand_0005;cand_0066;cand_0055;cand_0051;cand_0068;cand_0021;cand_0015;cand_0016;cand_0009;cand_0063;cand_0062,,False,nan,0.0
required09,test,required09_test_029,202609360029,incumbent,3,False,False,0.8888888888888888,9,8,mesh_00007,0.9350775700526703,38,0.926829268292683,0.4222222222222222,148.22871916013668,703.7842747156923,17.969915008326918,14,1260.0,0.0006615820457227528,0.0006614160374738276,231,136,1.7781803100982474,0.059201291408881127,0,False,0.8888888888888888,23,False,148.22871916013668,False,deterministic_base,cand_0005;cand_0010;cand_0013;cand_0070;cand_0068;cand_0021;cand_0015;cand_0052;cand_0062;cand_0045;cand_0051;cand_0055;cand_0066;cand_0009,2199014342647,cand_0005;cand_0010;cand_0013;cand_0070;cand_0068;cand_0021;cand_0015;cand_0052;cand_0062;cand_0045;cand_0051;cand_0055;cand_0066;cand_0009,,False,nan,0.0
required09,test,required09_test_029,202609360029,one_step_adp,1,False,False,0.0,9,0,mesh_00001;mesh_00007;mesh_00015;mesh_00019;mesh_00033;mesh_00052;mesh_00055;mesh_00059;mesh_00079,0.0,0,0.0,0.0,0.0,1000.0,0,0,0.0,0.005322541983332485,0.0006385419983416796,1561,907,nan,nan,0,False,0.8888888888888888,23,False,148.22871916013668,False,adaptive_rollout_adp,,0,cand_0005;cand_0010;cand_0013;cand_0070;cand_0068;cand_0021;cand_0015;cand_0052;cand_0062;cand_0045;cand_0051;cand_0055;cand_0066;cand_0009,,False,0.0,0.0046786669990979135
required09,test,required09_test_029,202609360029,seeded_local_search,3,False,False,0.0,9,0,mesh_00001;mesh_00007;mesh_00015;mesh_00019;mesh_00033;mesh_00052;mesh_00055;mesh_00059;mesh_00079,0.0,0,0.0,0.0,0.0,1000.0,0,0,0.0,0.004631416930351406,0.0006437089759856462,0,0,nan,nan,0,False,0.8888888888888888,23,False,148.22871916013668,False,no_candidate,,0,cand_0005;cand_0010;cand_0013;cand_0070;cand_0068;cand_0021;cand_0015;cand_0052;cand_0062;cand_0045;cand_0051;cand_0055;cand_0066;cand_0009,,False,0.0,0.003958124958444387
required09,test,required09_test_029,202609360029,adaptive_rollout_adp,3,False,False,0.0,9,0,mesh_00001;mesh_00007;mesh_00015;mesh_00019;mesh_00033;mesh_00052;mesh_00055;mesh_00059;mesh_00079,0.0,0,0.0,0.0,0.0,1000.0,0,0,0.0,0.42872095899656415,0.0006632499862462282,154218,86134,nan,nan,0,False,0.8888888888888888,23,False,148.22871916013668,False,adaptive_rollout_adp,,0,cand_0005;cand_0010;cand_0013;cand_0070;cand_0068;cand_0021;cand_0015;cand_0052;cand_0062;cand_0045;cand_0051;cand_0055;cand_0066;cand_0009,,False,nan,0.0
required09,test,required09_test_029,202609360029,coverage_only80,3,False,True,0.6666666666666666,9,6,mesh_00007;mesh_00052;mesh_00079,0.8109387332162881,34,0.8292682926829268,0.37777777777777777,101.39822542633242,768.0648920929991,12.28466871659884,11,990.0,0.4749735409277491,0.0005254579591564834,159388,74254,1.7781803100982474,0.04253615042051259,0,False,0.8888888888888888,23,False,107.11371399745765,False,adaptive_rollout_adp,cand_0005;cand_0010;cand_0013;cand_0070;cand_0068;cand_0021;cand_0016;cand_0066;cand_0052;cand_0055;cand_0051,1898300047319,cand_0005;cand_0010;cand_0013;cand_0070;cand_0068;cand_0021;cand_0015;cand_0055;cand_0051;cand_0062,,False,nan,0.0
required09,test,required09_test_030,202609360030,incumbent,3,False,False,0.2222222222222222,9,2,mesh_00015;mesh_00019;mesh_00033;mesh_00052;mesh_00055;mesh_00059;mesh_00079,0.2159348171912901,9,0.21951219512195122,0.1,40.48636682821154,929.3752557171005,4.903459065925027,5,450.0,0.00034337397664785385,0.00034316600067541003,123,103,1.9085174912558591,0.0384879681927742,0,False,0.8888888888888888,23,False,40.48636682821154,False,deterministic_base,cand_0005;cand_0000;cand_0070;cand_0010;cand_0013,1099512807883,cand_0005;cand_0000;cand_0070;cand_0010;cand_0013,,False,nan,0.0
required09,test,required09_test_030,202609360030,one_step_adp,1,False,False,0.0,9,0,mesh_00001;mesh_00007;mesh_00015;mesh_00019;mesh_00033;mesh_00052;mesh_00055;mesh_00059;mesh_00079,0.0,0,0.0,0.0,0.0,1000.0,0,0,0.0,0.004066457971930504,0.00034187501296401024,1471,964,nan,nan,0,False,0.8888888888888888,23,False,40.48636682821154,False,adaptive_rollout_adp,,0,cand_0005;cand_0000;cand_0070;cand_0010;cand_0013,,False,0.0,0.0037186670233495533
required09,test,required09_test_030,202609360030,seeded_local_search,3,False,False,0.0,9,0,mesh_00001;mesh_00007;mesh_00015;mesh_00019;mesh_00033;mesh_00052;mesh_00055;mesh_00059;mesh_00079,0.0,0,0.0,0.0,0.0,1000.0,0,0,0.0,0.004002292000222951,0.0003338750102557242,0,0,nan,nan,0,False,0.8888888888888888,23,False,40.48636682821154,False,no_candidate,,0,cand_0005;cand_0000;cand_0070;cand_0010;cand_0013,,False,0.0,0.0036470419727265835
required09,test,required09_test_030,202609360030,adaptive_rollout_adp,3,False,False,0.0,9,0,mesh_00001;mesh_00007;mesh_00015;mesh_00019;mesh_00033;mesh_00052;mesh_00055;mesh_00059;mesh_00079,0.0,0,0.0,0.0,0.0,1000.0,0,0,0.0,0.3372777499607764,0.0003255829797126353,127966,76772,nan,nan,0,False,0.8888888888888888,23,False,40.48636682821154,False,adaptive_rollout_adp,,0,cand_0005;cand_0000;cand_0070;cand_0010;cand_0013,,False,nan,0.0
required09,test,required09_test_030,202609360030,coverage_only80,3,False,True,0.5555555555555556,9,5,mesh_00007;mesh_00052;mesh_00055;mesh_00079,0.8008147851088738,31,0.7560975609756098,0.34444444444444444,94.75881013913525,816.9810323613574,11.486927705526966,9,810.0,0.39562949998071417,0.0004055839963257313,131561,69239,1.7781803100982474,0.04253615042051259,0,False,0.8888888888888888,23,False,83.41524249108657,False,adaptive_rollout_adp,cand_0005;cand_0010;cand_0013;cand_0070;cand_0068;cand_0021;cand_0016;cand_0066;cand_0055,1895749910487,cand_0016;cand_0014;cand_0055;cand_0051;cand_0066;cand_0009;cand_0068;cand_0021,,False,nan,0.0
required09,test,required09_test_031,202609360031,incumbent,3,False,False,0.2222222222222222,9,2,mesh_00015;mesh_00019;mesh_00033;mesh_00052;mesh_00055;mesh_00059;mesh_00079,0.2532246365606853,9,0.21951219512195122,0.1,40.48636682821154,929.3752557171005,4.903459065925027,5,450.0,0.00033058400731533766,0.0003304170095361769,117,97,1.9085174912558591,0.0384879681927742,0,False,0.8888888888888888,22,False,40.48636682821154,False,deterministic_base,cand_0005;cand_0000;cand_0070;cand_0010;cand_0013,1099512807883,cand_0005;cand_0000;cand_0070;cand_0010;cand_0013,,False,nan,0.0
required09,test,required09_test_031,202609360031,one_step_adp,1,False,False,0.0,9,0,mesh_00001;mesh_00007;mesh_00015;mesh_00019;mesh_00033;mesh_00052;mesh_00055;mesh_00059;mesh_00079,0.0,0,0.0,0.0,0.0,1000.0,0,0,0.0,0.004358376027084887,0.0003161670174449682,1577,1019,nan,nan,0,False,0.8888888888888888,22,False,40.48636682821154,False,adaptive_rollout_adp,,0,cand_0005;cand_0000;cand_0070;cand_0010;cand_0013,,False,0.0,0.004037041042465717
required09,test,required09_test_031,202609360031,seeded_local_search,3,False,False,0.0,9,0,mesh_00001;mesh_00007;mesh_00015;mesh_00019;mesh_00033;mesh_00052;mesh_00055;mesh_00059;mesh_00079,0.0,0,0.0,0.0,0.0,1000.0,0,0,0.0,0.004247959004715085,0.0003141670022159815,0,0,nan,nan,0,False,0.8888888888888888,22,False,40.48636682821154,False,no_candidate,,0,cand_0005;cand_0000;cand_0070;cand_0010;cand_0013,,False,0.0,0.003913500055205077
required09,test,required09_test_031,202609360031,adaptive_rollout_adp,3,False,False,0.0,9,0,mesh_00001;mesh_00007;mesh_00015;mesh_00019;mesh_00033;mesh_00052;mesh_00055;mesh_00059;mesh_00079,0.0,0,0.0,0.0,0.0,1000.0,0,0,0.0,0.30771283397916704,0.0003179169725626707,111764,67862,nan,nan,0,False,0.8888888888888888,22,False,40.48636682821154,False,adaptive_rollout_adp,,0,cand_0005;cand_0000;cand_0070;cand_0010;cand_0013,,False,nan,0.0
required09,test,required09_test_031,202609360031,coverage_only80,3,False,True,0.5555555555555556,9,5,mesh_00007;mesh_00052;mesh_00055;mesh_00079,0.8133061591401713,33,0.8048780487804879,0.36666666666666664,98.17630754674755,820.3985297689698,11.89780243155258,10,900.0,0.27053358301054686,0.0004580829991027713,91278,52868,1.7781803100982474,0.04253615042051259,0,False,0.8888888888888888,22,False,107.11371399745765,False,adaptive_rollout_adp,cand_0005;cand_0010;cand_0013;cand_0070;cand_0068;cand_0021;cand_0016;cand_0066;cand_0055;cand_0051,1898031611863,cand_0005;cand_0010;cand_0013;cand_0070;cand_0068;cand_0021;cand_0015;cand_0055;cand_0051;cand_0062,,False,nan,0.0
required09,test,required09_test_032,202609360032,incumbent,3,False,False,0.2222222222222222,9,2,mesh_00015;mesh_00019;mesh_00033;mesh_00052;mesh_00055;mesh_00059;mesh_00079,0.20504036326212924,9,0.21951219512195122,0.1,40.48636682821154,929.3752557171005,4.903459065925027,5,450.0,0.0003560830373317003,0.0003559580072760582,129,108,1.9085174912558591,0.0384879681927742,0,True,1.0,24,False,40.48636682821154,False,deterministic_base,cand_0005;cand_0000;cand_0070;cand_0010;cand_0013,1099512807883,cand_0005;cand_0000;cand_0070;cand_0010;cand_0013,,False,nan,0.0
required09,test,required09_test_032,202609360032,one_step_adp,1,True,True,1.0,9,9,,0.7064049522868031,27,0.6585365853658537,0.3,134.8970267938332,134.8970267938332,16.385268295751978,8,720.0,0.023863540962338448,0.00033008301397785544,9594,5577,3.0815624836831237,0.059201291408881127,0,True,1.0,24,False,40.48636682821154,False,adaptive_rollout_adp,cand_0021;cand_0015;cand_0052;cand_0062;cand_0045;cand_0066;cand_0005;cand_0000,1065135504907,cand_0005;cand_0000;cand_0070;cand_0010;cand_0013,cand_0021;cand_0015;cand_0052;cand_0062;cand_0045;cand_0066;cand_0005;cand_0000,True,134.8970267938332,0.023528416990302503
required09,test,required09_test_032,202609360032,seeded_local_search,3,True,True,1.0,9,9,,0.7064049522868031,27,0.6585365853658537,0.3,129.60460091435027,129.60460091435027,15.743617807385604,8,720.0,0.024917250033468008,0.00034312502248212695,261,51,3.2643887457740823,0.059205790001008125,0,True,1.0,24,False,40.48636682821154,False,reference_improved,cand_0000;cand_0005;cand_0066;cand_0045;cand_0062;cand_0052;cand_0015;cand_0021,1065135504907,cand_0005;cand_0000;cand_0070;cand_0010;cand_0013,cand_0021;cand_0015;cand_0052;cand_0062;cand_0045;cand_0066;cand_0005;cand_0000,True,134.8970267938332,0.02336800005286932
required09,test,required09_test_032,202609360032,adaptive_rollout_adp,3,True,True,1.0,9,9,,0.713895831707236,30,0.7317073170731707,0.3333333333333333,113.47191958718973,113.47191958718973,13.768885294460114,9,810.0,1.2420704589458182,0.0003314169589430094,449158,238780,2.80753987333066,0.059201291408881127,0,True,1.0,24,False,40.48636682821154,False,adaptive_rollout_adp,cand_0005;cand_0000;cand_0070;cand_0068;cand_0021;cand_0015;cand_0052;cand_0062;cand_0045,1408739180127,cand_0005;cand_0000;cand_0070;cand_0010;cand_0013,,False,nan,0.0
required09,test,required09_test_032,202609360032,coverage_only80,3,False,True,0.7777777777777778,9,7,mesh_00007;mesh_00079,0.8051796942076513,30,0.7317073170731707,0.3333333333333333,89.78788077383923,700.8989918849503,10.884233826079395,9,810.0,0.7231525839888491,0.0007760419975966215,246670,146665,4.047226057779389,0.0585962290483111,0,True,1.0,24,False,118.33061787708945,False,adaptive_rollout_adp,cand_0005;cand_0066;cand_0052;cand_0055;cand_0045;cand_0068;cand_0009;cand_0021;cand_0016,798854348343,cand_0005;cand_0066;cand_0055;cand_0051;cand_0068;cand_0021;cand_0015;cand_0016;cand_0009;cand_0045;cand_0062,,False,nan,0.0
required09,test,required09_test_033,202609360033,incumbent,3,False,False,0.2222222222222222,9,2,mesh_00015;mesh_00019;mesh_00033;mesh_00052;mesh_00055;mesh_00059;mesh_00079,0.23570440181424054,9,0.21951219512195122,0.1,40.48636682821154,929.3752557171005,4.903459065925027,5,450.0,0.0004047080292366445,0.00040437502320855856,117,97,1.9085174912558591,0.0384879681927742,0,True,1.0,22,False,40.48636682821154,False,deterministic_base,cand_0005;cand_0000;cand_0070;cand_0010;cand_0013,1099512807883,cand_0005;cand_0000;cand_0070;cand_0010;cand_0013,,False,nan,0.0
required09,test,required09_test_033,202609360033,one_step_adp,1,True,True,1.0,9,9,,0.65969317155816,27,0.6585365853658537,0.3,134.8970267938332,134.8970267938332,16.385268295751978,8,720.0,0.022825416002888232,0.0003744999994523823,7357,4395,3.0815624836831237,0.059201291408881127,0,True,1.0,22,False,40.48636682821154,False,adaptive_rollout_adp,cand_0021;cand_0015;cand_0052;cand_0062;cand_0045;cand_0066;cand_0005;cand_0000,1065135504907,cand_0005;cand_0000;cand_0070;cand_0010;cand_0013,cand_0021;cand_0015;cand_0052;cand_0062;cand_0045;cand_0066;cand_0005;cand_0000,True,134.8970267938332,0.022442208952270448
required09,test,required09_test_033,202609360033,seeded_local_search,3,True,True,1.0,9,9,,0.65969317155816,27,0.6585365853658537,0.3,129.60460091435027,129.60460091435027,15.743617807385604,8,720.0,0.02107087499462068,0.0003302919794805348,261,51,3.2643887457740823,0.059205790001008125,0,True,1.0,22,False,40.48636682821154,False,reference_improved,cand_0000;cand_0005;cand_0066;cand_0045;cand_0062;cand_0052;cand_0015;cand_0021,1065135504907,cand_0005;cand_0000;cand_0070;cand_0010;cand_0013,cand_0021;cand_0015;cand_0052;cand_0062;cand_0045;cand_0066;cand_0005;cand_0000,True,134.8970267938332,0.01947870897129178
required09,test,required09_test_033,202609360033,adaptive_rollout_adp,3,True,True,1.0,9,9,,0.7224546275347197,30,0.7317073170731707,0.3333333333333333,113.47191958718973,113.47191958718973,13.768885294460114,9,810.0,0.7494589999550954,0.0003273749607615173,261667,145120,2.80753987333066,0.059201291408881127,0,True,1.0,22,False,40.48636682821154,False,adaptive_rollout_adp,cand_0005;cand_0000;cand_0070;cand_0068;cand_0021;cand_0015;cand_0052;cand_0062;cand_0045,1408739180127,cand_0005;cand_0000;cand_0070;cand_0010;cand_0013,,False,nan,0.0
required09,test,required09_test_033,202609360033,coverage_only80,3,False,True,0.6666666666666666,9,6,mesh_00007;mesh_00052;mesh_00079,0.811715632070321,32,0.7804878048780488,0.35555555555555557,95.68213973502509,762.3488064016917,11.588268716810852,11,990.0,0.4476170839625411,0.0005250839749351144,143190,76415,2.80753987333066,0.04284761151742663,0,True,1.0,22,False,107.12653665574462,False,adaptive_rollout_adp,cand_0005;cand_0010;cand_0070;cand_0068;cand_0009;cand_0021;cand_0015;cand_0066;cand_0052;cand_0055;cand_0051,1898298343415,cand_0005;cand_0010;cand_0013;cand_0070;cand_0068;cand_0021;cand_0015;cand_0052;cand_0066;cand_0051,,False,nan,0.0
required09,test,required09_test_034,202609360034,incumbent,3,False,False,0.2222222222222222,9,2,mesh_00015;mesh_00019;mesh_00033;mesh_00052;mesh_00055;mesh_00059;mesh_00079,0.28637538833711806,9,0.21951219512195122,0.1,40.48636682821154,929.3752557171005,4.903459065925027,5,450.0,0.00034945900551974773,0.000349292007740587,123,102,1.9085174912558591,0.0384879681927742,0,True,1.0,23,False,40.48636682821154,False,deterministic_base,cand_0005;cand_0000;cand_0070;cand_0010;cand_0013,1099512807883,cand_0005;cand_0000;cand_0070;cand_0010;cand_0013,,False,nan,0.0
required09,test,required09_test_034,202609360034,one_step_adp,1,True,True,1.0,9,9,,0.6385544816463784,27,0.6585365853658537,0.3,134.8970267938332,134.8970267938332,16.385268295751978,8,720.0,0.025988374021835625,0.0003287909785285592,8607,5035,3.0815624836831237,0.059201291408881127,0,True,1.0,23,False,40.48636682821154,False,adaptive_rollout_adp,cand_0021;cand_0015;cand_0052;cand_0062;cand_0045;cand_0066;cand_0005;cand_0000,1065135504907,cand_0005;cand_0000;cand_0070;cand_0010;cand_0013,cand_0021;cand_0015;cand_0052;cand_0062;cand_0045;cand_0066;cand_0005;cand_0000,True,134.8970267938332,0.025654083990957588
required09,test,required09_test_034,202609360034,seeded_local_search,3,True,True,1.0,9,9,,0.6385544816463784,27,0.6585365853658537,0.3,129.60460091435027,129.60460091435027,15.743617807385604,8,720.0,0.025901666027493775,0.00039741600630804896,261,51,3.2643887457740823,0.059205790001008125,0,True,1.0,23,False,40.48636682821154,False,reference_improved,cand_0000;cand_0005;cand_0066;cand_0045;cand_0062;cand_0052;cand_0015;cand_0021,1065135504907,cand_0005;cand_0000;cand_0070;cand_0010;cand_0013,cand_0021;cand_0015;cand_0052;cand_0062;cand_0045;cand_0066;cand_0005;cand_0000,True,134.8970267938332,0.024228000023867935
required09,test,required09_test_034,202609360034,adaptive_rollout_adp,3,True,True,1.0,9,9,,0.7340129444254178,30,0.7317073170731707,0.3333333333333333,113.47191958718973,113.47191958718973,13.768885294460114,9,810.0,0.9943969169980846,0.0003667499986477196,357807,192258,2.80753987333066,0.059201291408881127,0,True,1.0,23,False,40.48636682821154,False,adaptive_rollout_adp,cand_0005;cand_0000;cand_0070;cand_0068;cand_0021;cand_0015;cand_0052;cand_0062;cand_0045,1408739180127,cand_0005;cand_0000;cand_0070;cand_0010;cand_0013,,False,nan,0.0
required09,test,required09_test_034,202609360034,coverage_only80,3,False,True,0.5555555555555556,9,5,mesh_00007;mesh_00052;mesh_00055;mesh_00079,0.8081553331050143,32,0.7804878048780488,0.35555555555555557,95.19445444644404,817.4166766686662,11.534544663356588,10,900.0,0.44965920702088624,0.0005209160153754056,145482,74151,1.7781803100982474,0.04284761151742663,0,True,1.0,23,False,104.29439920888696,False,adaptive_rollout_adp,cand_0005;cand_0010;cand_0013;cand_0070;cand_0068;cand_0021;cand_0015;cand_0066;cand_0055;cand_0051,1898031087575,cand_0005;cand_0010;cand_0013;cand_0070;cand_0068;cand_0021;cand_0015;cand_0055;cand_0051;cand_0066,,False,nan,0.0
required09,test,required09_test_035,202609360035,incumbent,3,False,False,0.2222222222222222,9,2,mesh_00015;mesh_00019;mesh_00033;mesh_00052;mesh_00055;mesh_00059;mesh_00079,0.1963082424364205,8,0.1951219512195122,0.08888888888888889,35.980846678115974,924.8697355670049,4.360652736834521,4,360.0,0.000285915972199291,0.00028570799622684717,105,91,1.9085174912558591,0.0384879681927742,0,True,1.0,23,False,35.980846678115974,False,deterministic_base,cand_0005;cand_0000;cand_0010;cand_0013,1180107,cand_0005;cand_0000;cand_0010;cand_0013,,False,nan,0.0
required09,test,required09_test_035,202609360035,one_step_adp,1,True,True,1.0,9,9,,0.6443010907629537,27,0.6585365853658537,0.3,134.8970267938332,134.8970267938332,16.385268295751978,8,720.0,0.021801708033308387,0.00026954105123877525,8790,4917,3.0815624836831237,0.059201291408881127,0,True,1.0,23,False,35.980846678115974,False,adaptive_rollout_adp,cand_0021;cand_0015;cand_0052;cand_0062;cand_0045;cand_0066;cand_0005;cand_0000,1065135504907,cand_0005;cand_0000;cand_0010;cand_0013,cand_0021;cand_0015;cand_0052;cand_0062;cand_0045;cand_0066;cand_0005;cand_0000,True,134.8970267938332,0.021527292032260448
required09,test,required09_test_035,202609360035,seeded_local_search,3,True,True,1.0,9,9,,0.6443010907629537,27,0.6585365853658537,0.3,129.60460091435027,129.60460091435027,15.743617807385604,8,720.0,0.02299529197625816,0.0002785840188153088,261,51,3.2643887457740823,0.059205790001008125,0,True,1.0,23,False,35.980846678115974,False,reference_improved,cand_0000;cand_0005;cand_0066;cand_0045;cand_0062;cand_0052;cand_0015;cand_0021,1065135504907,cand_0005;cand_0000;cand_0010;cand_0013,cand_0021;cand_0015;cand_0052;cand_0062;cand_0045;cand_0066;cand_0005;cand_0000,True,134.8970267938332,0.021485582983586937
required09,test,required09_test_035,202609360035,adaptive_rollout_adp,3,True,True,1.0,9,9,,0.6627598785808511,28,0.6829268292682927,0.3111111111111111,134.73093989294745,134.73093989294745,16.36095124645883,9,810.0,1.612697082979139,0.0002715829759836197,597305,336871,3.043484822370052,0.05951490068870389,0,True,1.0,23,False,35.980846678115974,False,adaptive_rollout_adp,cand_0015;cand_0021;cand_0055;cand_0045;cand_0062;cand_0052;cand_0066;cand_0005;cand_0000,1099495243275,cand_0005;cand_0000;cand_0010;cand_0013,,False,nan,0.0
required09,test,required09_test_035,202609360035,coverage_only80,3,False,True,0.7777777777777778,9,7,mesh_00052;mesh_00079,0.8036917575635794,33,0.8048780487804879,0.36666666666666664,121.25005225113156,732.3611633622427,14.705664454675638,11,990.0,0.5230324160074815,0.0005268749664537609,175304,87740,3.730111376454656,0.0585962290483111,0,True,1.0,23,False,139.22688467092775,False,adaptive_rollout_adp,cand_0000;cand_0010;cand_0005;cand_0066;cand_0052;cand_0055;cand_0051;cand_0068;cand_0009;cand_0021;cand_0016,798787239935,cand_0014;cand_0016;cand_0066;cand_0055;cand_0051;cand_0068;cand_0021;cand_0009;cand_0063;cand_0062;cand_0052;cand_0045,,False,nan,0.0
required09,test,required09_test_036,202609360036,incumbent,3,False,False,0.2222222222222222,9,2,mesh_00015;mesh_00019;mesh_00033;mesh_00052;mesh_00055;mesh_00059;mesh_00079,0.18706538447810903,9,0.21951219512195122,0.1,39.34467081181073,928.2335597006996,4.770145893341545,4,360.0,0.0002931240014731884,0.0002929579932242632,95,78,1.7220589665880237,0.0384879681927742,0,True,1.0,21,False,39.34467081181073,False,deterministic_base,cand_0005;cand_0000;cand_0070;cand_0013,1099512807883,cand_0005;cand_0000;cand_0070;cand_0013,,False,nan,0.0
required09,test,required09_test_036,202609360036,one_step_adp,1,True,True,1.0,9,9,,0.6104672362638653,27,0.6585365853658537,0.3,134.8970267938332,134.8970267938332,16.385268295751978,8,720.0,0.01791695802239701,0.0002590410294942558,6646,3744,3.0815624836831237,0.059201291408881127,0,True,1.0,21,False,39.34467081181073,False,adaptive_rollout_adp,cand_0021;cand_0015;cand_0052;cand_0062;cand_0045;cand_0066;cand_0005;cand_0000,1065135504907,cand_0005;cand_0000;cand_0070;cand_0013,cand_0021;cand_0015;cand_0052;cand_0062;cand_0045;cand_0066;cand_0005;cand_0000,True,134.8970267938332,0.017652499955147505
required09,test,required09_test_036,202609360036,seeded_local_search,3,True,True,1.0,9,9,,0.6104672362638653,27,0.6585365853658537,0.3,129.60460091435027,129.60460091435027,15.743617807385604,8,720.0,0.0192230410175398,0.0005109580233693123,261,51,3.2643887457740823,0.059205790001008125,0,True,1.0,21,False,39.34467081181073,False,reference_improved,cand_0000;cand_0005;cand_0066;cand_0045;cand_0062;cand_0052;cand_0015;cand_0021,1065135504907,cand_0005;cand_0000;cand_0070;cand_0013,cand_0021;cand_0015;cand_0052;cand_0062;cand_0045;cand_0066;cand_0005;cand_0000,True,134.8970267938332,0.017439000017475337
required09,test,required09_test_036,202609360036,adaptive_rollout_adp,3,True,True,1.0,9,9,,0.7220934472527731,30,0.7317073170731707,0.3333333333333333,113.47191958718973,113.47191958718973,13.768885294460114,9,810.0,0.7607176250312477,0.0002648340305313468,259117,131948,2.80753987333066,0.059201291408881127,0,True,1.0,21,False,39.34467081181073,False,adaptive_rollout_adp,cand_0005;cand_0000;cand_0070;cand_0068;cand_0021;cand_0015;cand_0052;cand_0062;cand_0045,1408739180127,cand_0005;cand_0000;cand_0070;cand_0013,,False,nan,0.0
required09,test,required09_test_036,202609360036,coverage_only80,3,False,True,0.8888888888888888,9,8,mesh_00007,0.8129346155218911,32,0.7804878048780488,0.35555555555555557,98.10296578463105,653.6585213401867,11.896050276479992,9,810.0,0.41373004199704155,0.0005516670062206686,132940,76847,1.0871041962737076,0.0585962290483111,0,True,1.0,21,False,111.54700001766213,False,adaptive_rollout_adp,cand_0005;cand_0066;cand_0052;cand_0062;cand_0063;cand_0045;cand_0068;cand_0021;cand_0016,1065150709271,cand_0005;cand_0066;cand_0052;cand_0051;cand_0068;cand_0021;cand_0015;cand_0016;cand_0009;cand_0063;cand_0062,,False,nan,0.0
required09,test,required09_test_037,202609360037,incumbent,3,False,False,0.2222222222222222,9,2,mesh_00015;mesh_00019;mesh_00033;mesh_00052;mesh_00055;mesh_00059;mesh_00079,0.1945508169773981,9,0.21951219512195122,0.1,40.48636682821154,929.3752557171005,4.903459065925027,5,450.0,0.0004092089948244393,0.00040891702519729733,123,102,1.9085174912558591,0.0384879681927742,0,True,1.0,23,False,40.48636682821154,False,deterministic_base,cand_0005;cand_0000;cand_0070;cand_0010;cand_0013,1099512807883,cand_0005;cand_0000;cand_0070;cand_0010;cand_0013,,False,nan,0.0
required09,test,required09_test_037,202609360037,one_step_adp,1,True,True,1.0,9,9,,0.659461080852689,27,0.6585365853658537,0.3,134.8970267938332,134.8970267938332,16.385268295751978,8,720.0,0.02274545800173655,0.0003499580197967589,8542,5001,3.0815624836831237,0.059201291408881127,0,True,1.0,23,False,40.48636682821154,False,adaptive_rollout_adp,cand_0021;cand_0015;cand_0052;cand_0062;cand_0045;cand_0066;cand_0005;cand_0000,1065135504907,cand_0005;cand_0000;cand_0070;cand_0010;cand_0013,cand_0021;cand_0015;cand_0052;cand_0062;cand_0045;cand_0066;cand_0005;cand_0000,True,134.8970267938332,0.022389708959963173
required09,test,required09_test_037,202609360037,seeded_local_search,3,True,True,1.0,9,9,,0.659461080852689,27,0.6585365853658537,0.3,129.60460091435027,129.60460091435027,15.743617807385604,8,720.0,0.023301874985918403,0.0003403750015422702,261,51,3.2643887457740823,0.059205790001008125,0,True,1.0,23,False,40.48636682821154,False,reference_improved,cand_0000;cand_0005;cand_0066;cand_0045;cand_0062;cand_0052;cand_0015;cand_0021,1065135504907,cand_0005;cand_0000;cand_0070;cand_0010;cand_0013,cand_0021;cand_0015;cand_0052;cand_0062;cand_0045;cand_0066;cand_0005;cand_0000,True,134.8970267938332,0.021710875036660582
required09,test,required09_test_037,202609360037,adaptive_rollout_adp,3,True,True,1.0,9,9,,0.7243113531784884,30,0.7317073170731707,0.3333333333333333,113.47191958718973,113.47191958718973,13.768885294460114,9,810.0,0.9995824579964392,0.0003298749797977507,357428,191701,2.80753987333066,0.059201291408881127,0,True,1.0,23,False,40.48636682821154,False,adaptive_rollout_adp,cand_0005;cand_0000;cand_0070;cand_0068;cand_0021;cand_0015;cand_0052;cand_0062;cand_0045,1408739180127,cand_0005;cand_0000;cand_0070;cand_0010;cand_0013,,False,nan,0.0
required09,test,required09_test_037,202609360037,coverage_only80,3,False,True,0.6666666666666666,9,6,mesh_00007;mesh_00052;mesh_00055,0.8054491830226019,32,0.7804878048780488,0.35555555555555557,96.03257209259361,762.6992387592603,11.637642375174899,10,900.0,0.552394375030417,0.0004951250157319009,188826,101012,2.7902896567288282,0.04503981313417058,0,True,1.0,23,False,115.92744502795308,False,adaptive_rollout_adp,cand_0005;cand_0070;cand_0068;cand_0021;cand_0015;cand_0009;cand_0066;cand_0055;cand_0051;cand_0062,2198677618295,cand_0005;cand_0066;cand_0055;cand_0051;cand_0068;cand_0015;cand_0021;cand_0016;cand_0009;cand_0063;cand_0062,,False,nan,0.0
required09,test,required09_test_038,202609360038,incumbent,3,False,False,0.8888888888888888,9,8,mesh_00007,0.9381842960892297,38,0.926829268292683,0.4222222222222222,148.22871916013668,703.7842747156923,17.969915008326918,14,1260.0,0.0006097089499235153,0.0006095419521443546,217,129,1.7781803100982474,0.059201291408881127,0,False,0.8888888888888888,22,False,148.22871916013668,False,deterministic_base,cand_0005;cand_0010;cand_0013;cand_0070;cand_0068;cand_0021;cand_0015;cand_0052;cand_0062;cand_0045;cand_0051;cand_0055;cand_0066;cand_0009,2199014342647,cand_0005;cand_0010;cand_0013;cand_0070;cand_0068;cand_0021;cand_0015;cand_0052;cand_0062;cand_0045;cand_0051;cand_0055;cand_0066;cand_0009,,False,nan,0.0
required09,test,required09_test_038,202609360038,one_step_adp,1,False,False,0.0,9,0,mesh_00001;mesh_00007;mesh_00015;mesh_00019;mesh_00033;mesh_00052;mesh_00055;mesh_00059;mesh_00079,0.0,0,0.0,0.0,0.0,1000.0,0,0,0.0,0.004563750058878213,0.0005969590274617076,1465,850,nan,nan,0,False,0.8888888888888888,22,False,148.22871916013668,False,adaptive_rollout_adp,,0,cand_0005;cand_0010;cand_0013;cand_0070;cand_0068;cand_0021;cand_0015;cand_0052;cand_0062;cand_0045;cand_0051;cand_0055;cand_0066;cand_0009,,False,0.0,0.0039616660214960575
required09,test,required09_test_038,202609360038,seeded_local_search,3,False,False,0.0,9,0,mesh_00001;mesh_00007;mesh_00015;mesh_00019;mesh_00033;mesh_00052;mesh_00055;mesh_00059;mesh_00079,0.0,0,0.0,0.0,0.0,1000.0,0,0,0.0,0.004347332986071706,0.0006009580101817846,0,0,nan,nan,0,False,0.8888888888888888,22,False,148.22871916013668,False,no_candidate,,0,cand_0005;cand_0010;cand_0013;cand_0070;cand_0068;cand_0021;cand_0015;cand_0052;cand_0062;cand_0045;cand_0051;cand_0055;cand_0066;cand_0009,,False,0.0,0.003717874991707504
required09,test,required09_test_038,202609360038,adaptive_rollout_adp,3,False,False,0.0,9,0,mesh_00001;mesh_00007;mesh_00015;mesh_00019;mesh_00033;mesh_00052;mesh_00055;mesh_00059;mesh_00079,0.0,0,0.0,0.0,0.0,1000.0,0,0,0.0,0.3615022499579936,0.000733333989046514,136440,75869,nan,nan,0,False,0.8888888888888888,22,False,148.22871916013668,False,adaptive_rollout_adp,,0,cand_0005;cand_0010;cand_0013;cand_0070;cand_0068;cand_0021;cand_0015;cand_0052;cand_0062;cand_0045;cand_0051;cand_0055;cand_0066;cand_0009,,False,nan,0.0
required09,test,required09_test_038,202609360038,coverage_only80,3,False,True,0.5555555555555556,9,5,mesh_00007;mesh_00052;mesh_00055;mesh_00079,0.8145528882676891,32,0.7804878048780488,0.35555555555555557,95.19445444644404,817.4166766686662,11.534544663356588,10,900.0,0.39729700004681945,0.0004794590058736503,129375,59286,1.7781803100982474,0.04284761151742663,0,False,0.8888888888888888,22,False,98.38667430230466,False,adaptive_rollout_adp,cand_0005;cand_0010;cand_0013;cand_0070;cand_0068;cand_0021;cand_0015;cand_0066;cand_0055;cand_0051,1898031087575,cand_0005;cand_0010;cand_0013;cand_0070;cand_0068;cand_0051;cand_0055;cand_0066;cand_0015;cand_0021,,False,nan,0.0
required09,test,required09_test_039,202609360039,incumbent,3,False,False,0.2222222222222222,9,2,mesh_00015;mesh_00019;mesh_00033;mesh_00052;mesh_00055;mesh_00059;mesh_00079,0.16472497167868067,9,0.21951219512195122,0.1,40.48636682821154,929.3752557171005,4.903459065925027,5,450.0,0.0003292080364190042,0.00032904103863984346,117,98,1.9085174912558591,0.0384879681927742,0,True,1.0,22,False,40.48636682821154,False,deterministic_base,cand_0005;cand_0000;cand_0070;cand_0010;cand_0013,1099512807883,cand_0005;cand_0000;cand_0070;cand_0010;cand_0013,,False,nan,0.0
required09,test,required09_test_039,202609360039,one_step_adp,1,True,True,1.0,9,9,,0.6938439071404059,27,0.6585365853658537,0.3,140.57603682527156,140.57603682527156,17.071332558128116,9,810.0,0.021143209014553577,0.00031620904337614775,7981,4786,3.0815624836831237,0.059166450822183185,0,True,1.0,22,False,40.48636682821154,False,adaptive_rollout_adp,cand_0021;cand_0025;cand_0014;cand_0052;cand_0062;cand_0045;cand_0066;cand_0005;cand_0000,1065135504907,cand_0005;cand_0000;cand_0070;cand_0010;cand_0013,cand_0021;cand_0025;cand_0014;cand_0052;cand_0062;cand_0045;cand_0066;cand_0005;cand_0000,True,140.57603682527156,0.02082170796347782
required09,test,required09_test_039,202609360039,seeded_local_search,3,True,True,1.0,9,9,,0.6938439071404059,27,0.6585365853658537,0.3,135.28110219797708,135.28110219797708,16.429177611126157,9,810.0,0.02443562599364668,0.0003224170068278909,356,66,3.2643887457740823,0.05883338561662903,0,True,1.0,22,False,40.48636682821154,False,reference_improved,cand_0000;cand_0005;cand_0066;cand_0045;cand_0062;cand_0052;cand_0014;cand_0025;cand_0021,1065135504907,cand_0005;cand_0000;cand_0070;cand_0010;cand_0013,cand_0021;cand_0025;cand_0014;cand_0052;cand_0062;cand_0045;cand_0066;cand_0005;cand_0000,True,140.57603682527156,0.02244066697312519
required09,test,required09_test_039,202609360039,adaptive_rollout_adp,3,True,True,1.0,9,9,,0.816972253690355,31,0.7560975609756098,0.34444444444444444,123.97295667804889,123.97295667804889,15.049556992944074,9,810.0,0.6460725830402225,0.00036100001307204366,222697,129964,3.1132871756951523,0.0585962290483111,0,True,1.0,22,False,40.48636682821154,False,adaptive_rollout_adp,cand_0000;cand_0005;cand_0066;cand_0052;cand_0062;cand_0045;cand_0068;cand_0021;cand_0025,1065141796383,cand_0005;cand_0000;cand_0070;cand_0010;cand_0013,,False,nan,0.0
required09,test,required09_test_039,202609360039,coverage_only80,3,False,True,0.7777777777777778,9,7,mesh_00001;mesh_00007,0.816972253690355,31,0.7560975609756098,0.34444444444444444,104.29593557417117,715.4070466852822,12.64202807352128,10,900.0,0.4608023339533247,0.0006034169928170741,163618,105074,1.149157587355644,0.055184359871914224,0,True,1.0,22,False,134.14531499701184,False,adaptive_rollout_adp,cand_0052;cand_0055;cand_0066;cand_0009;cand_0025;cand_0021;cand_0068;cand_0045;cand_0063;cand_0062,1099509923380,cand_0005;cand_0010;cand_0013;cand_0070;cand_0068;cand_0051;cand_0055;cand_0062;cand_0063;cand_0045;cand_0066;cand_0014,,False,nan,0.0
required09,test,required09_test_040,202609360040,incumbent,3,False,False,0.2222222222222222,9,2,mesh_00015;mesh_00019;mesh_00033;mesh_00052;mesh_00055;mesh_00059;mesh_00079,0.17291731541274422,9,0.21951219512195122,0.1,40.48636682821154,929.3752557171005,4.903459065925027,5,450.0,0.00034133298322558403,0.0003411250072531402,123,102,1.9085174912558591,0.0384879681927742,0,True,1.0,23,False,40.48636682821154,False,deterministic_base,cand_0005;cand_0000;cand_0070;cand_0010;cand_0013,1099512807883,cand_0005;cand_0000;cand_0070;cand_0010;cand_0013,,False,nan,0.0
required09,test,required09_test_040,202609360040,one_step_adp,1,True,True,1.0,9,9,,0.6461112841100651,27,0.6585365853658537,0.3,134.8970267938332,134.8970267938332,16.385268295751978,8,720.0,0.02233633300056681,0.0003273329930379987,8542,5001,3.0815624836831237,0.059201291408881127,0,True,1.0,23,False,40.48636682821154,False,adaptive_rollout_adp,cand_0021;cand_0015;cand_0052;cand_0062;cand_0045;cand_0066;cand_0005;cand_0000,1065135504907,cand_0005;cand_0000;cand_0070;cand_0010;cand_0013,cand_0021;cand_0015;cand_0052;cand_0062;cand_0045;cand_0066;cand_0005;cand_0000,True,134.8970267938332,0.022003707999829203
required09,test,required09_test_040,202609360040,seeded_local_search,3,True,True,1.0,9,9,,0.6461112841100651,27,0.6585365853658537,0.3,129.60460091435027,129.60460091435027,15.743617807385604,8,720.0,0.02340262505458668,0.0003379590343683958,261,51,3.2643887457740823,0.059205790001008125,0,True,1.0,23,False,40.48636682821154,False,reference_improved,cand_0000;cand_0005;cand_0066;cand_0045;cand_0062;cand_0052;cand_0015;cand_0021,1065135504907,cand_0005;cand_0000;cand_0070;cand_0010;cand_0013,cand_0021;cand_0015;cand_0052;cand_0062;cand_0045;cand_0066;cand_0005;cand_0000,True,134.8970267938332,0.021790500031784177
required09,test,required09_test_040,202609360040,adaptive_rollout_adp,3,True,True,1.0,9,9,,0.7037503892476465,30,0.7317073170731707,0.3333333333333333,113.47191958718973,113.47191958718973,13.768885294460114,9,810.0,1.0192210840177722,0.00033520901342853904,357428,191701,2.80753987333066,0.059201291408881127,0,True,1.0,23,False,40.48636682821154,False,adaptive_rollout_adp,cand_0005;cand_0000;cand_0070;cand_0068;cand_0021;cand_0015;cand_0052;cand_0062;cand_0045,1408739180127,cand_0005;cand_0000;cand_0070;cand_0010;cand_0013,,False,nan,0.0
required09,test,required09_test_040,202609360040,coverage_only80,3,False,True,0.6666666666666666,9,6,mesh_00001;mesh_00007;mesh_00052,0.8078696495413953,31,0.7560975609756098,0.34444444444444444,98.6149324116209,765.2815990782876,11.951567543740211,10,900.0,0.6488125830073841,0.0006032499950379133,235333,144132,1.149157587355644,0.055184359871914224,0,True,1.0,23,False,112.28104089654913,False,adaptive_rollout_adp,cand_0052;cand_0066;cand_0009;cand_0016;cand_0021;cand_0068;cand_0055;cand_0051;cand_0063;cand_0062,1099443338804,cand_0005;cand_0010;cand_0013;cand_0070;cand_0009;cand_0015;cand_0021;cand_0055;cand_0051;cand_0063;cand_0062,,False,nan,0.0
required09,test,required09_test_041,202609360041,incumbent,3,False,False,0.2222222222222222,9,2,mesh_00015;mesh_00019;mesh_00033;mesh_00052;mesh_00055;mesh_00059;mesh_00079,0.19221264397040852,9,0.21951219512195122,0.1,40.48636682821154,929.3752557171005,4.903459065925027,5,450.0,0.0004398329765535891,0.0004396250005811453,129,108,1.9085174912558591,0.0384879681927742,0,True,1.0,24,False,40.48636682821154,False,deterministic_base,cand_0005;cand_0000;cand_0070;cand_0010;cand_0013,1099512807883,cand_0005;cand_0000;cand_0070;cand_0010;cand_0013,,False,nan,0.0
required09,test,required09_test_041,202609360041,one_step_adp,1,True,True,1.0,9,9,,0.6180928058820868,27,0.6585365853658537,0.3,134.8970267938332,134.8970267938332,16.385268295751978,8,720.0,0.025092374999076128,0.0004117080243304372,9594,5577,3.0815624836831237,0.059201291408881127,0,True,1.0,24,False,40.48636682821154,False,adaptive_rollout_adp,cand_0021;cand_0015;cand_0052;cand_0062;cand_0045;cand_0066;cand_0005;cand_0000,1065135504907,cand_0005;cand_0000;cand_0070;cand_0010;cand_0013,cand_0021;cand_0015;cand_0052;cand_0062;cand_0045;cand_0066;cand_0005;cand_0000,True,134.8970267938332,0.024672500032465905
required09,test,required09_test_041,202609360041,seeded_local_search,3,True,True,1.0,9,9,,0.6180928058820868,27,0.6585365853658537,0.3,129.60460091435027,129.60460091435027,15.743617807385604,8,720.0,0.02753662597388029,0.0004279169952496886,261,51,3.2643887457740823,0.059205790001008125,0,True,1.0,24,False,40.48636682821154,False,reference_improved,cand_0000;cand_0005;cand_0066;cand_0045;cand_0062;cand_0052;cand_0015;cand_0021,1065135504907,cand_0005;cand_0000;cand_0070;cand_0010;cand_0013,cand_0021;cand_0015;cand_0052;cand_0062;cand_0045;cand_0066;cand_0005;cand_0000,True,134.8970267938332,0.025849875004496425
required09,test,required09_test_041,202609360041,adaptive_rollout_adp,3,True,True,1.0,9,9,,0.7236185611764174,30,0.7317073170731707,0.3333333333333333,113.47191958718973,113.47191958718973,13.768885294460114,9,810.0,1.2504070000723004,0.0003439590218476951,449158,238780,2.80753987333066,0.059201291408881127,0,True,1.0,24,False,40.48636682821154,False,adaptive_rollout_adp,cand_0005;cand_0000;cand_0070;cand_0068;cand_0021;cand_0015;cand_0052;cand_0062;cand_0045,1408739180127,cand_0005;cand_0000;cand_0070;cand_0010;cand_0013,,False,nan,0.0
required09,test,required09_test_041,202609360041,coverage_only80,3,False,True,0.5555555555555556,9,5,mesh_00001;mesh_00007;mesh_00052;mesh_00079,0.8077873560295915,32,0.7804878048780488,0.35555555555555557,100.65532961653875,822.877551838761,12.201678118288894,10,900.0,0.794919292035047,0.000511875026859343,271081,167399,1.7220589665880237,0.04898321683814787,0,True,1.0,24,False,104.78292232670363,False,adaptive_rollout_adp,cand_0066;cand_0052;cand_0055;cand_0051;cand_0009;cand_0015;cand_0021;cand_0068;cand_0070;cand_0013,1898299523060,cand_0005;cand_0010;cand_0013;cand_0070;cand_0068;cand_0021;cand_0015;cand_0009;cand_0055;cand_0051;cand_0066,,False,nan,0.0
required09,test,required09_test_042,202609360042,incumbent,3,False,False,0.2222222222222222,9,2,mesh_00015;mesh_00019;mesh_00033;mesh_00052;mesh_00055;mesh_00059;mesh_00079,0.26640142390193605,9,0.21951219512195122,0.1,40.48636682821154,929.3752557171005,4.903459065925027,5,450.0,0.00034691597102209926,0.00034674996277317405,123,102,1.9085174912558591,0.0384879681927742,0,True,1.0,23,False,40.48636682821154,False,deterministic_base,cand_0005;cand_0000;cand_0070;cand_0010;cand_0013,1099512807883,cand_0005;cand_0000;cand_0070;cand_0010;cand_0013,,False,nan,0.0
required09,test,required09_test_042,202609360042,one_step_adp,1,True,True,1.0,9,9,,0.6738265512723705,27,0.6585365853658537,0.3,134.8970267938332,134.8970267938332,16.385268295751978,8,720.0,0.02220587496412918,0.0003286669962108135,8542,5001,3.0815624836831237,0.059201291408881127,0,True,1.0,23,False,40.48636682821154,False,adaptive_rollout_adp,cand_0021;cand_0015;cand_0052;cand_0062;cand_0045;cand_0066;cand_0005;cand_0000,1065135504907,cand_0005;cand_0000;cand_0070;cand_0010;cand_0013,cand_0021;cand_0015;cand_0052;cand_0062;cand_0045;cand_0066;cand_0005;cand_0000,True,134.8970267938332,0.021871708042453974
required09,test,required09_test_042,202609360042,seeded_local_search,3,True,True,1.0,9,9,,0.6738265512723705,27,0.6585365853658537,0.3,129.60460091435027,129.60460091435027,15.743617807385604,8,720.0,0.02494420896982774,0.0003379170084372163,261,51,3.2643887457740823,0.059205790001008125,0,True,1.0,23,False,40.48636682821154,False,reference_improved,cand_0000;cand_0005;cand_0066;cand_0045;cand_0062;cand_0052;cand_0015;cand_0021,1065135504907,cand_0005;cand_0000;cand_0070;cand_0010;cand_0013,cand_0021;cand_0015;cand_0052;cand_0062;cand_0045;cand_0066;cand_0005;cand_0000,True,134.8970267938332,0.023365499975625426
required09,test,required09_test_042,202609360042,adaptive_rollout_adp,3,True,True,1.0,9,9,,0.7347653102544742,30,0.7317073170731707,0.3333333333333333,113.47191958718973,113.47191958718973,13.768885294460114,9,810.0,1.0304401249741204,0.0003284999984316528,357428,191701,2.80753987333066,0.059201291408881127,0,True,1.0,23,False,40.48636682821154,False,adaptive_rollout_adp,cand_0005;cand_0000;cand_0070;cand_0068;cand_0021;cand_0015;cand_0052;cand_0062;cand_0045,1408739180127,cand_0005;cand_0000;cand_0070;cand_0010;cand_0013,,False,nan,0.0
required09,test,required09_test_042,202609360042,coverage_only80,3,False,True,0.6666666666666666,9,6,mesh_00007;mesh_00052;mesh_00055,0.816016988897279,34,0.8292682926829268,0.37777777777777777,101.69566569364993,768.3623323603166,12.320328346937215,11,990.0,0.5178000420564786,0.000514709041453898,184993,100094,2.80753987333066,0.04253615042051259,0,True,1.0,23,False,124.31870357233679,False,adaptive_rollout_adp,cand_0005;cand_0010;cand_0070;cand_0068;cand_0021;cand_0015;cand_0009;cand_0066;cand_0055;cand_0051;cand_0062,2198677618679,cand_0005;cand_0010;cand_0013;cand_0070;cand_0068;cand_0021;cand_0015;cand_0055;cand_0051;cand_0062;cand_0063;cand_0045,,False,nan,0.0
required09,test,required09_test_043,202609360043,incumbent,3,False,False,0.2222222222222222,9,2,mesh_00015;mesh_00019;mesh_00033;mesh_00052;mesh_00055;mesh_00059;mesh_00079,0.21712138150070714,9,0.21951219512195122,0.1,40.48636682821154,929.3752557171005,4.903459065925027,5,450.0,0.00035458197817206383,0.0003544159699231386,123,103,1.9085174912558591,0.0384879681927742,0,True,1.0,23,False,40.48636682821154,False,deterministic_base,cand_0005;cand_0000;cand_0070;cand_0010;cand_0013,1099512807883,cand_0005;cand_0000;cand_0070;cand_0010;cand_0013,,False,nan,0.0
required09,test,required09_test_043,202609360043,one_step_adp,1,True,True,1.0,9,9,,0.740075164747525,30,0.7317073170731707,0.3333333333333333,141.42658950077168,141.42658950077168,17.175025867001455,9,810.0,0.0340874990215525,0.0003643329837359488,9810,5863,3.043484822370052,0.05858419313244918,0,True,1.0,23,False,40.48636682821154,False,adaptive_rollout_adp,cand_0015;cand_0027;cand_0009;cand_0052;cand_0062;cand_0045;cand_0066;cand_0005;cand_0000,1065137602107,cand_0005;cand_0000;cand_0070;cand_0010;cand_0013,cand_0015;cand_0027;cand_0009;cand_0052;cand_0062;cand_0045;cand_0066;cand_0005;cand_0000,True,141.42658950077168,0.033716000034473836
required09,test,required09_test_043,202609360043,seeded_local_search,3,True,True,1.0,9,9,,0.740075164747525,30,0.7317073170731707,0.3333333333333333,126.26243195504061,126.26243195504061,15.329187070980835,9,810.0,0.03055108297849074,0.000801415997557342,550,93,3.1132871756951523,0.0585962290483111,0,True,1.0,23,False,40.48636682821154,False,reference_improved,cand_0000;cand_0005;cand_0066;cand_0052;cand_0062;cand_0045;cand_0009;cand_0015;cand_0027,1065137602107,cand_0005;cand_0000;cand_0070;cand_0010;cand_0013,cand_0015;cand_0027;cand_0009;cand_0052;cand_0062;cand_0045;cand_0066;cand_0005;cand_0000,True,141.42658950077168,0.026760292006656528
required09,test,required09_test_043,202609360043,adaptive_rollout_adp,3,True,True,1.0,9,9,,0.740075164747525,30,0.7317073170731707,0.3333333333333333,118.47958257423159,118.47958257423159,14.379198452297974,9,810.0,0.999098707921803,0.0003653749590739608,345338,185527,2.80753987333066,0.059201291408881127,0,True,1.0,23,False,40.48636682821154,False,adaptive_rollout_adp,cand_0005;cand_0000;cand_0070;cand_0068;cand_0019;cand_0015;cand_0052;cand_0062;cand_0045,1408739180127,cand_0005;cand_0000;cand_0070;cand_0010;cand_0013,,False,nan,0.0
required09,test,required09_test_043,202609360043,coverage_only80,3,False,True,0.8888888888888888,9,8,mesh_00007,0.8042803453751768,33,0.8048780487804879,0.36666666666666664,106.96855133148746,662.524106887043,12.965554369807004,11,990.0,0.6536210000049323,0.0005050000036135316,226442,138175,1.0871041962737076,0.0585962290483111,0,True,1.0,23,False,124.82869306113109,False,adaptive_rollout_adp,cand_0005;cand_0066;cand_0052;cand_0055;cand_0062;cand_0063;cand_0045;cand_0068;cand_0009;cand_0015;cand_0027,1099509923383,cand_0005;cand_0010;cand_0013;cand_0070;cand_0068;cand_0015;cand_0055;cand_0051;cand_0062;cand_0063;cand_0066,,False,nan,0.0
required09,test,required09_test_044,202609360044,incumbent,3,False,False,0.2222222222222222,9,2,mesh_00015;mesh_00019;mesh_00033;mesh_00052;mesh_00055;mesh_00059;mesh_00079,0.2579117410290335,9,0.21951219512195122,0.1,40.48636682821154,929.3752557171005,4.903459065925027,5,450.0,0.0003718339721672237,0.00037162500666454434,123,102,1.9085174912558591,0.0384879681927742,0,True,1.0,23,False,40.48636682821154,False,deterministic_base,cand_0005;cand_0000;cand_0070;cand_0010;cand_0013,1099512807883,cand_0005;cand_0000;cand_0070;cand_0010;cand_0013,,False,nan,0.0
required09,test,required09_test_044,202609360044,one_step_adp,1,True,True,1.0,9,9,,0.6460826785851783,27,0.6585365853658537,0.3,134.8970267938332,134.8970267938332,16.385268295751978,8,720.0,0.02334525005426258,0.00033504102611914277,8542,5001,3.0815624836831237,0.059201291408881127,0,True,1.0,23,False,40.48636682821154,False,adaptive_rollout_adp,cand_0021;cand_0015;cand_0052;cand_0062;cand_0045;cand_0066;cand_0005;cand_0000,1065135504907,cand_0005;cand_0000;cand_0070;cand_0010;cand_0013,cand_0021;cand_0015;cand_0052;cand_0062;cand_0045;cand_0066;cand_0005;cand_0000,True,134.8970267938332,0.023004124988801777
required09,test,required09_test_044,202609360044,seeded_local_search,3,True,True,1.0,9,9,,0.6460826785851783,27,0.6585365853658537,0.3,129.60460091435027,129.60460091435027,15.743617807385604,8,720.0,0.024561417056247592,0.0003860840224660933,261,51,3.2643887457740823,0.059205790001008125,0,True,1.0,23,False,40.48636682821154,False,reference_improved,cand_0000;cand_0005;cand_0066;cand_0045;cand_0062;cand_0052;cand_0015;cand_0021,1065135504907,cand_0005;cand_0000;cand_0070;cand_0010;cand_0013,cand_0021;cand_0015;cand_0052;cand_0062;cand_0045;cand_0066;cand_0005;cand_0000,True,134.8970267938332,0.02291445794980973
required09,test,required09_test_044,202609360044,adaptive_rollout_adp,3,True,True,1.0,9,9,,0.6611351786493437,30,0.7317073170731707,0.3333333333333333,113.47191958718973,113.47191958718973,13.768885294460114,9,810.0,0.9995613759965636,0.00046195898903533816,357428,191701,2.80753987333066,0.059201291408881127,0,True,1.0,23,False,40.48636682821154,False,adaptive_rollout_adp,cand_0005;cand_0000;cand_0070;cand_0068;cand_0021;cand_0015;cand_0052;cand_0062;cand_0045,1408739180127,cand_0005;cand_0000;cand_0070;cand_0010;cand_0013,,False,nan,0.0
required09,test,required09_test_044,202609360044,coverage_only80,3,False,True,0.5555555555555556,9,5,mesh_00007;mesh_00052;mesh_00055;mesh_00079,0.8079888392284237,31,0.7560975609756098,0.34444444444444444,88.75181401900402,810.9740362412263,10.74910407983635,10,900.0,0.48024925094796345,0.0005562089500017464,166519,85715,2.80753987333066,0.04253615042051259,0,True,1.0,23,False,108.24440515737051,False,adaptive_rollout_adp,cand_0005;cand_0010;cand_0070;cand_0068;cand_0021;cand_0015;cand_0009;cand_0066;cand_0055;cand_0051,1898029907959,cand_0005;cand_0010;cand_0013;cand_0070;cand_0068;cand_0021;cand_0015;cand_0055;cand_0066;cand_0051,,False,nan,0.0
required09,test,required09_test_045,202609360045,incumbent,3,False,False,0.2222222222222222,9,2,mesh_00015;mesh_00019;mesh_00033;mesh_00052;mesh_00055;mesh_00059;mesh_00079,0.18162849432097936,9,0.21951219512195122,0.1,40.48636682821154,929.3752557171005,4.903459065925027,5,450.0,0.0003618749906308949,0.00036170799285173416,129,108,1.9085174912558591,0.0384879681927742,0,True,1.0,24,False,40.48636682821154,False,deterministic_base,cand_0005;cand_0000;cand_0070;cand_0010;cand_0013,1099512807883,cand_0005;cand_0000;cand_0070;cand_0010;cand_0013,,False,nan,0.0
required09,test,required09_test_045,202609360045,one_step_adp,1,True,True,1.0,9,9,,0.6599396853955192,27,0.6585365853658537,0.3,134.8970267938332,134.8970267938332,16.385268295751978,8,720.0,0.025713291950523853,0.0003392089856788516,9594,5577,3.0815624836831237,0.059201291408881127,0,True,1.0,24,False,40.48636682821154,False,adaptive_rollout_adp,cand_0021;cand_0015;cand_0052;cand_0062;cand_0045;cand_0066;cand_0005;cand_0000,1065135504907,cand_0005;cand_0000;cand_0070;cand_0010;cand_0013,cand_0021;cand_0015;cand_0052;cand_0062;cand_0045;cand_0066;cand_0005;cand_0000,True,134.8970267938332,0.02536858298117295
required09,test,required09_test_045,202609360045,seeded_local_search,3,True,True,1.0,9,9,,0.6599396853955192,27,0.6585365853658537,0.3,129.60460091435027,129.60460091435027,15.743617807385604,8,720.0,0.04000895901117474,0.0003837919794023037,261,51,3.2643887457740823,0.059205790001008125,0,True,1.0,24,False,40.48636682821154,False,reference_improved,cand_0000;cand_0005;cand_0066;cand_0045;cand_0062;cand_0052;cand_0015;cand_0021,1065135504907,cand_0005;cand_0000;cand_0070;cand_0010;cand_0013,cand_0021;cand_0015;cand_0052;cand_0062;cand_0045;cand_0066;cand_0005;cand_0000,True,134.8970267938332,0.03817504097241908
required09,test,required09_test_045,202609360045,adaptive_rollout_adp,3,True,True,1.0,9,9,,0.7204825168358456,30,0.7317073170731707,0.3333333333333333,113.47191958718973,113.47191958718973,13.768885294460114,9,810.0,1.2713655830011703,0.0005348330014385283,449158,238780,2.80753987333066,0.059201291408881127,0,True,1.0,24,False,40.48636682821154,False,adaptive_rollout_adp,cand_0005;cand_0000;cand_0070;cand_0068;cand_0021;cand_0015;cand_0052;cand_0062;cand_0045,1408739180127,cand_0005;cand_0000;cand_0070;cand_0010;cand_0013,,False,nan,0.0
required09,test,required09_test_045,202609360045,coverage_only80,3,False,True,0.7777777777777778,9,7,mesh_00007;mesh_00052,0.8183715056790206,32,0.7804878048780488,0.35555555555555557,96.85772711387364,707.9688382249847,11.739293785090442,10,900.0,0.7865005830535665,0.0005252910195849836,261351,152226,0.8473828811905011,0.0585962290483111,0,True,1.0,24,False,100.99629344039587,False,adaptive_rollout_adp,cand_0005;cand_0066;cand_0052;cand_0055;cand_0051;cand_0062;cand_0063;cand_0068;cand_0021;cand_0016,1099443338775,cand_0005;cand_0010;cand_0013;cand_0070;cand_0068;cand_0055;cand_0051;cand_0066;cand_0015;cand_0021,,False,nan,0.0
required09,test,required09_test_046,202609360046,incumbent,3,False,False,0.2222222222222222,9,2,mesh_00015;mesh_00019;mesh_00033;mesh_00052;mesh_00055;mesh_00059;mesh_00079,0.21534237845191428,9,0.21951219512195122,0.1,40.48636682821154,929.3752557171005,4.903459065925027,5,450.0,0.00036050000926479697,0.00036033400101587176,129,108,1.9085174912558591,0.0384879681927742,0,True,1.0,24,False,40.48636682821154,False,deterministic_base,cand_0005;cand_0000;cand_0070;cand_0010;cand_0013,1099512807883,cand_0005;cand_0000;cand_0070;cand_0010;cand_0013,,False,nan,0.0
required09,test,required09_test_046,202609360046,one_step_adp,1,True,True,1.0,9,9,,0.5605458936199864,27,0.6585365853658537,0.3,134.8970267938332,134.8970267938332,16.385268295751978,8,720.0,0.029330499994102865,0.00036337494384497404,9594,5577,3.0815624836831237,0.059201291408881127,0,True,1.0,24,False,40.48636682821154,False,adaptive_rollout_adp,cand_0021;cand_0015;cand_0052;cand_0062;cand_0045;cand_0066;cand_0005;cand_0000,1065135504907,cand_0005;cand_0000;cand_0070;cand_0010;cand_0013,cand_0021;cand_0015;cand_0052;cand_0062;cand_0045;cand_0066;cand_0005;cand_0000,True,134.8970267938332,0.02896095800679177
required09,test,required09_test_046,202609360046,seeded_local_search,3,True,True,1.0,9,9,,0.5605458936199864,27,0.6585365853658537,0.3,129.60460091435027,129.60460091435027,15.743617807385604,8,720.0,0.030912916990928352,0.0004041669890284538,261,51,3.2643887457740823,0.059205790001008125,0,True,1.0,24,False,40.48636682821154,False,reference_improved,cand_0000;cand_0005;cand_0066;cand_0045;cand_0062;cand_0052;cand_0015;cand_0021,1065135504907,cand_0005;cand_0000;cand_0070;cand_0010;cand_0013,cand_0021;cand_0015;cand_0052;cand_0062;cand_0045;cand_0066;cand_0005;cand_0000,True,134.8970267938332,0.029097374994307756
required09,test,required09_test_046,202609360046,adaptive_rollout_adp,3,True,True,1.0,9,9,,0.7463016754182998,30,0.7317073170731707,0.3333333333333333,113.47191958718973,113.47191958718973,13.768885294460114,9,810.0,1.243389249953907,0.00039312499575316906,449158,238780,2.80753987333066,0.059201291408881127,0,True,1.0,24,False,40.48636682821154,False,adaptive_rollout_adp,cand_0005;cand_0000;cand_0070;cand_0068;cand_0021;cand_0015;cand_0052;cand_0062;cand_0045,1408739180127,cand_0005;cand_0000;cand_0070;cand_0010;cand_0013,,False,nan,0.0
required09,test,required09_test_046,202609360046,coverage_only80,3,False,True,0.5555555555555556,9,5,mesh_00007;mesh_00052;mesh_00055;mesh_00079,0.808220269351071,31,0.7560975609756098,0.34444444444444444,93.82507753748298,816.0472997597052,11.367250134398418,10,900.0,0.4830629170173779,0.0004942499799653888,171800,87283,1.7781803100982474,0.04253615042051259,0,True,1.0,24,False,104.29439920888696,False,adaptive_rollout_adp,cand_0005;cand_0010;cand_0013;cand_0070;cand_0068;cand_0021;cand_0015;cand_0009;cand_0066;cand_0055,1895749386231,cand_0005;cand_0010;cand_0013;cand_0070;cand_0068;cand_0021;cand_0015;cand_0055;cand_0051;cand_0066,,False,nan,0.0
required09,test,required09_test_047,202609360047,incumbent,3,False,False,0.2222222222222222,9,2,mesh_00015;mesh_00019;mesh_00033;mesh_00052;mesh_00055;mesh_00059;mesh_00079,0.188226489113739,9,0.21951219512195122,0.1,39.34467081181073,928.2335597006996,4.770145893341545,4,360.0,0.00035254197428002954,0.0003523749765008688,105,88,1.7220589665880237,0.0384879681927742,0,True,1.0,23,False,39.34467081181073,False,deterministic_base,cand_0005;cand_0000;cand_0070;cand_0013,1099512807883,cand_0005;cand_0000;cand_0070;cand_0013,,False,nan,0.0
required09,test,required09_test_047,202609360047,one_step_adp,1,True,True,1.0,9,9,,0.6786984847933683,27,0.6585365853658537,0.3,134.8970267938332,134.8970267938332,16.385268295751978,8,720.0,0.026221209031064063,0.00031391700031235814,8998,5004,3.0815624836831237,0.059201291408881127,0,True,1.0,23,False,39.34467081181073,False,adaptive_rollout_adp,cand_0021;cand_0015;cand_0052;cand_0062;cand_0045;cand_0066;cand_0005;cand_0000,1065135504907,cand_0005;cand_0000;cand_0070;cand_0013,cand_0021;cand_0015;cand_0052;cand_0062;cand_0045;cand_0066;cand_0005;cand_0000,True,134.8970267938332,0.02590029197745025
required09,test,required09_test_047,202609360047,seeded_local_search,3,True,True,1.0,9,9,,0.6786984847933683,27,0.6585365853658537,0.3,129.60460091435027,129.60460091435027,15.743617807385604,8,720.0,0.026378373964689672,0.000293165969196707,261,51,3.2643887457740823,0.059205790001008125,0,True,1.0,23,False,39.34467081181073,False,reference_improved,cand_0000;cand_0005;cand_0066;cand_0045;cand_0062;cand_0052;cand_0015;cand_0021,1065135504907,cand_0005;cand_0000;cand_0070;cand_0013,cand_0021;cand_0015;cand_0052;cand_0062;cand_0045;cand_0066;cand_0005;cand_0000,True,134.8970267938332,0.02483766700606793
required09,test,required09_test_047,202609360047,adaptive_rollout_adp,3,True,True,1.0,9,9,,0.7414406478312813,30,0.7317073170731707,0.3333333333333333,113.47191958718973,113.47191958718973,13.768885294460114,9,810.0,1.1858869169955142,0.0002853330224752426,416514,207437,2.80753987333066,0.059201291408881127,0,True,1.0,23,False,39.34467081181073,False,adaptive_rollout_adp,cand_0005;cand_0000;cand_0070;cand_0068;cand_0021;cand_0015;cand_0052;cand_0062;cand_0045,1408739180127,cand_0005;cand_0000;cand_0070;cand_0013,,False,nan,0.0
required09,test,required09_test_047,202609360047,coverage_only80,3,False,True,0.7777777777777778,9,7,mesh_00007;mesh_00052,0.811773510886261,32,0.7804878048780488,0.35555555555555557,96.85772711387364,707.9688382249847,11.739293785090442,10,900.0,0.6616130409529433,0.0005943329888395965,223712,122001,0.8473828811905011,0.0585962290483111,0,True,1.0,23,False,96.85772711387364,False,adaptive_rollout_adp,cand_0005;cand_0066;cand_0052;cand_0055;cand_0051;cand_0062;cand_0063;cand_0068;cand_0021;cand_0016,1099443338775,cand_0005;cand_0066;cand_0052;cand_0055;cand_0051;cand_0062;cand_0063;cand_0068;cand_0021;cand_0016,,False,nan,0.0
required09,test,required09_test_048,202609360048,incumbent,3,False,False,0.2222222222222222,9,2,mesh_00015;mesh_00019;mesh_00033;mesh_00052;mesh_00055;mesh_00059;mesh_00079,0.24809493600775126,9,0.21951219512195122,0.1,40.48636682821154,929.3752557171005,4.903459065925027,5,450.0,0.0003696249914355576,0.00036941695725545287,129,108,1.9085174912558591,0.0384879681927742,0,True,1.0,24,False,40.48636682821154,False,deterministic_base,cand_0005;cand_0000;cand_0070;cand_0010;cand_0013,1099512807883,cand_0005;cand_0000;cand_0070;cand_0010;cand_0013,,False,nan,0.0
required09,test,required09_test_048,202609360048,one_step_adp,1,True,True,1.0,9,9,,0.5914292806774535,27,0.6585365853658537,0.3,134.8970267938332,134.8970267938332,16.385268295751978,8,720.0,0.024652209016494453,0.0003445000038482249,9594,5577,3.0815624836831237,0.059201291408881127,0,True,1.0,24,False,40.48636682821154,False,adaptive_rollout_adp,cand_0021;cand_0015;cand_0052;cand_0062;cand_0045;cand_0066;cand_0005;cand_0000,1065135504907,cand_0005;cand_0000;cand_0070;cand_0010;cand_0013,cand_0021;cand_0015;cand_0052;cand_0062;cand_0045;cand_0066;cand_0005;cand_0000,True,134.8970267938332,0.02430166699923575
required09,test,required09_test_048,202609360048,seeded_local_search,3,True,True,1.0,9,9,,0.5914292806774535,27,0.6585365853658537,0.3,129.60460091435027,129.60460091435027,15.743617807385604,8,720.0,0.027011291997041553,0.000342374958563596,261,51,3.2643887457740823,0.059205790001008125,0,True,1.0,24,False,40.48636682821154,False,reference_improved,cand_0000;cand_0005;cand_0066;cand_0045;cand_0062;cand_0052;cand_0015;cand_0021,1065135504907,cand_0005;cand_0000;cand_0070;cand_0010;cand_0013,cand_0021;cand_0015;cand_0052;cand_0062;cand_0045;cand_0066;cand_0005;cand_0000,True,134.8970267938332,0.025425624975468963
required09,test,required09_test_048,202609360048,adaptive_rollout_adp,3,True,True,1.0,9,9,,0.7080954876457706,30,0.7317073170731707,0.3333333333333333,113.47191958718973,113.47191958718973,13.768885294460114,9,810.0,1.2636594159994274,0.00035220797872170806,449158,238780,2.80753987333066,0.059201291408881127,0,True,1.0,24,False,40.48636682821154,False,adaptive_rollout_adp,cand_0005;cand_0000;cand_0070;cand_0068;cand_0021;cand_0015;cand_0052;cand_0062;cand_0045,1408739180127,cand_0005;cand_0000;cand_0070;cand_0010;cand_0013,,False,nan,0.0
required09,test,required09_test_048,202609360048,coverage_only80,3,False,True,0.4444444444444444,9,4,mesh_00001;mesh_00007;mesh_00052;mesh_00055;mesh_00079,0.8028569064408488,32,0.7804878048780488,0.35555555555555557,101.09729451696745,878.8750722947452,12.261363545405993,9,810.0,0.5102921670186333,0.0006123339990153909,184936,109105,1.7220589665880237,0.048074778454512024,0,True,1.0,24,False,104.29439920888696,False,adaptive_rollout_adp,cand_0016;cand_0021;cand_0009;cand_0051;cand_0055;cand_0066;cand_0068;cand_0070;cand_0013,1898031611892,cand_0005;cand_0010;cand_0013;cand_0070;cand_0068;cand_0021;cand_0015;cand_0055;cand_0051;cand_0066,,False,nan,0.0
required09,test,required09_test_049,202609360049,incumbent,3,False,False,0.2222222222222222,9,2,mesh_00015;mesh_00019;mesh_00033;mesh_00052;mesh_00055;mesh_00059;mesh_00079,0.25843715205056567,9,0.21951219512195122,0.1,40.48636682821154,929.3752557171005,4.903459065925027,5,450.0,0.00032033398747444153,0.0003201669896952808,105,86,1.9085174912558591,0.0384879681927742,0,True,1.0,20,False,40.48636682821154,False,deterministic_base,cand_0005;cand_0000;cand_0070;cand_0010;cand_0013,1099512807883,cand_0005;cand_0000;cand_0070;cand_0010;cand_0013,,False,nan,0.0
required09,test,required09_test_049,202609360049,one_step_adp,1,True,True,1.0,9,9,,0.8229561375053136,34,0.8292682926829268,0.37777777777777777,148.4888631832857,148.4888631832857,18.022897583524003,11,990.0,0.010892458027228713,0.00031691702315583825,3803,2122,1.7781803100982474,0.059201291408881127,0,True,1.0,20,False,40.48636682821154,False,adaptive_rollout_adp,cand_0000;cand_0005;cand_0010;cand_0013;cand_0070;cand_0068;cand_0021;cand_0015;cand_0052;cand_0062;cand_0045,1408740360159,cand_0005;cand_0000;cand_0070;cand_0010;cand_0013,cand_0000;cand_0005;cand_0010;cand_0013;cand_0070;cand_0068;cand_0021;cand_0015;cand_0052;cand_0062;cand_0045,True,148.4888631832857,0.010567000019364059
required09,test,required09_test_049,202609360049,seeded_local_search,3,True,True,1.0,9,9,,0.8229561375053136,34,0.8292682926829268,0.37777777777777777,131.77185738421707,131.77185738421707,15.98590903765317,11,990.0,0.013615123985800892,0.0002941659768112004,595,101,1.7781803100982474,0.059201291408881127,0,True,1.0,20,False,40.48636682821154,False,reference_improved,cand_0005;cand_0000;cand_0010;cand_0013;cand_0070;cand_0068;cand_0021;cand_0015;cand_0052;cand_0062;cand_0045,1408740360159,cand_0005;cand_0000;cand_0070;cand_0010;cand_0013,cand_0000;cand_0005;cand_0010;cand_0013;cand_0070;cand_0068;cand_0021;cand_0015;cand_0052;cand_0062;cand_0045,True,148.4888631832857,0.010481500008609146
required09,test,required09_test_049,202609360049,adaptive_rollout_adp,3,True,True,1.0,9,9,,0.7033026187739115,30,0.7317073170731707,0.3333333333333333,113.47191958718973,113.47191958718973,13.768885294460114,9,810.0,0.359941749018617,0.00029054097831249237,122410,74159,2.80753987333066,0.059201291408881127,0,True,1.0,20,False,40.48636682821154,False,adaptive_rollout_adp,cand_0005;cand_0000;cand_0070;cand_0068;cand_0021;cand_0015;cand_0052;cand_0062;cand_0045,1408739180127,cand_0005;cand_0000;cand_0070;cand_0010;cand_0013,,False,nan,0.0
required09,test,required09_test_049,202609360049,coverage_only80,3,False,True,0.7777777777777778,9,7,mesh_00007;mesh_00052,0.8038260229175523,33,0.8048780487804879,0.36666666666666664,112.29434787919769,723.4054589903087,13.611901777499568,11,990.0,0.1630067909718491,0.00043700000969693065,53986,32860,1.7781803100982474,0.04253615042051259,0,True,1.0,20,False,114.17624965821872,False,adaptive_rollout_adp,cand_0005;cand_0010;cand_0013;cand_0070;cand_0068;cand_0021;cand_0015;cand_0009;cand_0052;cand_0051;cand_0062,1408673251319,cand_0005;cand_0010;cand_0013;cand_0070;cand_0068;cand_0021;cand_0015;cand_0016;cand_0052;cand_0051;cand_0062,,False,nan,0.0
required09,ood,required09_ood_000,202609370000,incumbent,3,False,False,0.2222222222222222,9,2,mesh_00015;mesh_00019;mesh_00033;mesh_00052;mesh_00055;mesh_00059;mesh_00079,0.21199524443071616,9,0.21951219512195122,0.1,40.48636682821154,929.3752557171005,4.903459065925027,5,450.0,0.0003483329783193767,0.0003481669700704515,105,86,1.9085174912558591,0.0384879681927742,0,False,0.8888888888888888,20,False,40.48636682821154,False,deterministic_base,cand_0005;cand_0000;cand_0070;cand_0010;cand_0013,1099512807883,cand_0005;cand_0000;cand_0070;cand_0010;cand_0013,,False,nan,0.0
required09,ood,required09_ood_000,202609370000,one_step_adp,1,False,False,0.0,9,0,mesh_00001;mesh_00007;mesh_00015;mesh_00019;mesh_00033;mesh_00052;mesh_00055;mesh_00059;mesh_00079,0.0,0,0.0,0.0,0.0,1000.0,0,0,0.0,0.0033716660109348595,0.00029799999902024865,1204,803,nan,nan,0,False,0.8888888888888888,20,False,40.48636682821154,False,adaptive_rollout_adp,,0,cand_0005;cand_0000;cand_0070;cand_0010;cand_0013,,False,0.0,0.003067582962103188
required09,ood,required09_ood_000,202609370000,seeded_local_search,3,False,False,0.0,9,0,mesh_00001;mesh_00007;mesh_00015;mesh_00019;mesh_00033;mesh_00052;mesh_00055;mesh_00059;mesh_00079,0.0,0,0.0,0.0,0.0,1000.0,0,0,0.0,0.0037063330528326333,0.00030383304692804813,0,0,nan,nan,0,False,0.8888888888888888,20,False,40.48636682821154,False,no_candidate,,0,cand_0005;cand_0000;cand_0070;cand_0010;cand_0013,,False,0.0,0.0033758339704945683
required09,ood,required09_ood_000,202609370000,adaptive_rollout_adp,3,False,False,0.0,9,0,mesh_00001;mesh_00007;mesh_00015;mesh_00019;mesh_00033;mesh_00052;mesh_00055;mesh_00059;mesh_00079,0.0,0,0.0,0.0,0.0,1000.0,0,0,0.0,0.1762636669445783,0.0003446249756962061,59008,37763,nan,nan,0,False,0.8888888888888888,20,False,40.48636682821154,False,adaptive_rollout_adp,,0,cand_0005;cand_0000;cand_0070;cand_0010;cand_0013,,False,nan,0.0
required09,ood,required09_ood_000,202609370000,coverage_only80,3,False,True,0.5555555555555556,9,5,mesh_00007;mesh_00052;mesh_00055;mesh_00079,0.802998811107679,33,0.8048780487804879,0.36666666666666664,98.17630754674755,820.3985297689698,11.89780243155258,10,900.0,0.17724683397682384,0.000524416973348707,57138,32638,1.7781803100982474,0.04253615042051259,0,False,0.8888888888888888,20,False,109.81333121016941,False,adaptive_rollout_adp,cand_0005;cand_0010;cand_0013;cand_0070;cand_0068;cand_0021;cand_0016;cand_0066;cand_0055;cand_0051,1898031611863,cand_0005;cand_0010;cand_0013;cand_0070;cand_0068;cand_0055;cand_0051;cand_0066;cand_0015;cand_0021;cand_0016,,False,nan,0.0
required09,ood,required09_ood_001,202609370001,incumbent,3,False,False,0.2222222222222222,9,2,mesh_00015;mesh_00019;mesh_00033;mesh_00052;mesh_00055;mesh_00059;mesh_00079,0.1210258818557643,9,0.21951219512195122,0.1,40.48636682821154,929.3752557171005,4.903459065925027,5,450.0,0.0003005419857800007,0.00030041701393201947,93,76,1.9085174912558591,0.0384879681927742,0,False,0.8888888888888888,18,False,40.48636682821154,False,deterministic_base,cand_0005;cand_0000;cand_0070;cand_0010;cand_0013,1099512807883,cand_0005;cand_0000;cand_0070;cand_0010;cand_0013,,False,nan,0.0
required09,ood,required09_ood_001,202609370001,one_step_adp,1,False,False,0.0,9,0,mesh_00001;mesh_00007;mesh_00015;mesh_00019;mesh_00033;mesh_00052;mesh_00055;mesh_00059;mesh_00079,0.0,0,0.0,0.0,0.0,1000.0,0,0,0.0,0.0022891240078024566,0.0002598330029286444,740,500,nan,nan,0,False,0.8888888888888888,18,False,40.48636682821154,False,adaptive_rollout_adp,,0,cand_0005;cand_0000;cand_0070;cand_0010;cand_0013,,False,0.0,0.0020242499886080623
required09,ood,required09_ood_001,202609370001,seeded_local_search,3,False,False,0.0,9,0,mesh_00001;mesh_00007;mesh_00015;mesh_00019;mesh_00033;mesh_00052;mesh_00055;mesh_00059;mesh_00079,0.0,0,0.0,0.0,0.0,1000.0,0,0,0.0,0.0025244169519282877,0.00027849996695294976,0,0,nan,nan,0,False,0.8888888888888888,18,False,40.48636682821154,False,no_candidate,,0,cand_0005;cand_0000;cand_0070;cand_0010;cand_0013,,False,0.0,0.0022226250148378313
required09,ood,required09_ood_001,202609370001,adaptive_rollout_adp,3,False,False,0.0,9,0,mesh_00001;mesh_00007;mesh_00015;mesh_00019;mesh_00033;mesh_00052;mesh_00055;mesh_00059;mesh_00079,0.0,0,0.0,0.0,0.0,1000.0,0,0,0.0,0.0651832910371013,0.00031637499341741204,24670,16494,nan,nan,0,False,0.8888888888888888,18,False,40.48636682821154,False,adaptive_rollout_adp,,0,cand_0005;cand_0000;cand_0070;cand_0010;cand_0013,,False,nan,0.0
required09,ood,required09_ood_001,202609370001,coverage_only80,3,False,True,0.3333333333333333,9,3,mesh_00001;mesh_00007;mesh_00015;mesh_00052;mesh_00055;mesh_00079,0.8117375171132557,27,0.6585365853658537,0.3,99.75942615593527,933.0927594892687,12.10422245216368,8,720.0,0.10086737497476861,0.0003707499708980322,38738,26422,1.5925502897337518,0.05059628322582858,0,False,0.8888888888888888,18,False,109.63653903810489,False,adaptive_rollout_adp,cand_0014;cand_0019;cand_0009;cand_0055;cand_0051;cand_0068;cand_0070;cand_0013,1142116842996,cand_0014;cand_0068;cand_0055;cand_0051;cand_0063;cand_0052;cand_0009;cand_0019;cand_0015,,False,nan,0.0
required09,ood,required09_ood_002,202609370002,incumbent,3,False,False,0.8888888888888888,9,8,mesh_00007,0.9553710140065439,38,0.926829268292683,0.4222222222222222,158.9970461143892,714.5526016699448,19.280876609104332,14,1260.0,0.0005461249966174364,0.0005459589883685112,189,103,1.7781803100982474,0.059201291408881127,0,False,0.8888888888888888,20,False,158.9970461143892,False,deterministic_base,cand_0005;cand_0010;cand_0013;cand_0070;cand_0068;cand_0021;cand_0015;cand_0052;cand_0062;cand_0045;cand_0055;cand_0066;cand_0009;cand_0014,2199014342647,cand_0005;cand_0010;cand_0013;cand_0070;cand_0068;cand_0021;cand_0015;cand_0052;cand_0062;cand_0045;cand_0055;cand_0066;cand_0009;cand_0014,,False,nan,0.0
required09,ood,required09_ood_002,202609370002,one_step_adp,1,False,False,0.0,9,0,mesh_00001;mesh_00007;mesh_00015;mesh_00019;mesh_00033;mesh_00052;mesh_00055;mesh_00059;mesh_00079,0.0,0,0.0,0.0,0.0,1000.0,0,0,0.0,0.0038230420323088765,0.0005325000383891165,1273,720,nan,nan,0,False,0.8888888888888888,20,False,158.9970461143892,False,adaptive_rollout_adp,,0,cand_0005;cand_0010;cand_0013;cand_0070;cand_0068;cand_0021;cand_0015;cand_0052;cand_0062;cand_0045;cand_0055;cand_0066;cand_0009;cand_0014,,False,0.0,0.0032857079640962183
required09,ood,required09_ood_002,202609370002,seeded_local_search,3,False,False,0.0,9,0,mesh_00001;mesh_00007;mesh_00015;mesh_00019;mesh_00033;mesh_00052;mesh_00055;mesh_00059;mesh_00079,0.0,0,0.0,0.0,0.0,1000.0,0,0,0.0,0.003751457028556615,0.0005384159740060568,0,0,nan,nan,0,False,0.8888888888888888,20,False,158.9970461143892,False,no_candidate,,0,cand_0005;cand_0010;cand_0013;cand_0070;cand_0068;cand_0021;cand_0015;cand_0052;cand_0062;cand_0045;cand_0055;cand_0066;cand_0009;cand_0014,,False,0.0,0.0031923329806886613
required09,ood,required09_ood_002,202609370002,adaptive_rollout_adp,3,False,False,0.0,9,0,mesh_00001;mesh_00007;mesh_00015;mesh_00019;mesh_00033;mesh_00052;mesh_00055;mesh_00059;mesh_00079,0.0,0,0.0,0.0,0.0,1000.0,0,0,0.0,0.24957633297890425,0.0005417909706011415,89342,49902,nan,nan,0,False,0.8888888888888888,20,False,158.9970461143892,False,adaptive_rollout_adp,,0,cand_0005;cand_0010;cand_0013;cand_0070;cand_0068;cand_0021;cand_0015;cand_0052;cand_0062;cand_0045;cand_0055;cand_0066;cand_0009;cand_0014,,False,nan,0.0
required09,ood,required09_ood_002,202609370002,coverage_only80,3,False,True,0.5555555555555556,9,5,mesh_00001;mesh_00007;mesh_00019;mesh_00079,0.8066077273616904,28,0.6829268292682927,0.3111111111111111,105.11219249058269,827.3344147128049,12.757045230827343,8,720.0,0.26850258297054097,0.0004380829632282257,92658,55522,1.183592718544074,0.055540358114866184,0,False,0.8888888888888888,20,False,143.04547028106325,False,adaptive_rollout_adp,cand_0015;cand_0066;cand_0052;cand_0055;cand_0063;cand_0045;cand_0068;cand_0070,1915553674836,cand_0052;cand_0062;cand_0045;cand_0068;cand_0021;cand_0015;cand_0016;cand_0066;cand_0055;cand_0063;cand_0009,,False,nan,0.0
required09,ood,required09_ood_003,202609370003,incumbent,3,False,False,0.2222222222222222,9,2,mesh_00015;mesh_00019;mesh_00033;mesh_00052;mesh_00055;mesh_00059;mesh_00079,0.26309237742343566,9,0.21951219512195122,0.1,39.34467081181073,928.2335597006996,4.770145893341545,4,360.0,0.00026191602228209376,0.00026170804630964994,70,56,1.7220589665880237,0.0384879681927742,0,True,1.0,16,False,39.34467081181073,False,deterministic_base,cand_0005;cand_0000;cand_0070;cand_0013,1099512807883,cand_0005;cand_0000;cand_0070;cand_0013,,False,nan,0.0
required09,ood,required09_ood_003,202609370003,one_step_adp,1,True,True,1.0,9,9,,0.7068043557580367,30,0.7317073170731707,0.3333333333333333,144.5940572170649,144.5940572170649,17.55612963767252,10,900.0,0.01191870798356831,0.0003220829530619085,3119,1826,3.043484822370052,0.05858419313244918,0,True,1.0,16,False,39.34467081181073,False,adaptive_rollout_adp,cand_0015;cand_0031;cand_0019;cand_0009;cand_0052;cand_0062;cand_0045;cand_0066;cand_0005;cand_0000,1065137602107,cand_0005;cand_0000;cand_0070;cand_0013,cand_0015;cand_0031;cand_0019;cand_0009;cand_0052;cand_0062;cand_0045;cand_0066;cand_0005;cand_0000,True,144.5940572170649,0.011589250003453344
required09,ood,required09_ood_003,202609370003,seeded_local_search,3,True,True,1.0,9,9,,0.7068043557580367,30,0.7317073170731707,0.3333333333333333,131.73526276046704,131.73526276046704,15.996627767814982,9,810.0,0.014040541951544583,0.00029441696824505925,746,116,3.1132871756951523,0.0585962290483111,0,True,1.0,16,False,39.34467081181073,False,reference_improved,cand_0000;cand_0005;cand_0066;cand_0052;cand_0062;cand_0045;cand_0009;cand_0019;cand_0015,1065137602107,cand_0005;cand_0000;cand_0070;cand_0013,cand_0015;cand_0031;cand_0019;cand_0009;cand_0052;cand_0062;cand_0045;cand_0066;cand_0005;cand_0000,True,144.5940572170649,0.009961375035345554
required09,ood,required09_ood_003,202609370003,adaptive_rollout_adp,3,True,True,1.0,9,9,,0.7068043557580367,30,0.7317073170731707,0.3333333333333333,118.47958257423159,118.47958257423159,14.379198452297974,9,810.0,0.1607216250267811,0.00020962499547749758,49830,27036,2.80753987333066,0.059201291408881127,0,True,1.0,16,False,39.34467081181073,False,adaptive_rollout_adp,cand_0005;cand_0000;cand_0070;cand_0068;cand_0019;cand_0015;cand_0052;cand_0062;cand_0045,1408739180127,cand_0005;cand_0000;cand_0070;cand_0013,,False,nan,0.0
required09,ood,required09_ood_003,202609370003,coverage_only80,3,False,True,0.5555555555555556,9,5,mesh_00001;mesh_00015;mesh_00052;mesh_00055,0.8043287656795708,28,0.6829268292682927,0.3111111111111111,113.4066301845032,835.6288524067254,13.767758748569115,8,720.0,0.09943504194961861,0.0004065829562023282,32060,16794,1.7781803100982474,0.052623726006698984,0,True,1.0,16,False,135.83123320567054,False,adaptive_rollout_adp,cand_0000;cand_0013;cand_0070;cand_0068;cand_0019;cand_0066;cand_0055;cand_0062,2196397070812,cand_0015;cand_0031;cand_0068;cand_0055;cand_0062;cand_0063;cand_0045;cand_0066;cand_0052;cand_0009;cand_0019,,False,nan,0.0
required09,ood,required09_ood_004,202609370004,incumbent,3,False,False,0.6666666666666666,9,6,mesh_00055;mesh_00059;mesh_00079,0.6057915756787775,25,0.6097560975609756,0.2777777777777778,120.63925313239142,787.3059197990581,14.616888522597002,14,1260.0,0.0004175420035608113,0.00041729200165718794,119,65,2.80753987333066,0.04696681618736562,0,False,0.6666666666666666,15,False,120.63925313239142,False,deterministic_base,cand_0005;cand_0000;cand_0070;cand_0068;cand_0021;cand_0025;cand_0023;cand_0024;cand_0014;cand_0031;cand_0019;cand_0009;cand_0045;cand_0051,1107269385855,cand_0005;cand_0000;cand_0070;cand_0068;cand_0021;cand_0025;cand_0023;cand_0024;cand_0014;cand_0031;cand_0019;cand_0009;cand_0045;cand_0051,,False,nan,0.0
required09,ood,required09_ood_004,202609370004,one_step_adp,1,False,False,0.0,9,0,mesh_00001;mesh_00007;mesh_00015;mesh_00019;mesh_00033;mesh_00052;mesh_00055;mesh_00059;mesh_00079,0.0,0,0.0,0.0,0.0,1000.0,0,0,0.0,0.0017259579617530107,0.0004105829866603017,466,266,nan,nan,0,False,0.6666666666666666,15,False,120.63925313239142,False,adaptive_rollout_adp,,0,cand_0005;cand_0000;cand_0070;cand_0068;cand_0021;cand_0025;cand_0023;cand_0024;cand_0014;cand_0031;cand_0019;cand_0009;cand_0045;cand_0051,,False,0.0,0.0013074169983156025
required09,ood,required09_ood_004,202609370004,seeded_local_search,3,False,False,0.0,9,0,mesh_00001;mesh_00007;mesh_00015;mesh_00019;mesh_00033;mesh_00052;mesh_00055;mesh_00059;mesh_00079,0.0,0,0.0,0.0,0.0,1000.0,0,0,0.0,0.0017567499889992177,0.0003868750063702464,0,0,nan,nan,0,False,0.6666666666666666,15,False,120.63925313239142,False,no_candidate,,0,cand_0005;cand_0000;cand_0070;cand_0068;cand_0021;cand_0025;cand_0023;cand_0024;cand_0014;cand_0031;cand_0019;cand_0009;cand_0045;cand_0051,,False,0.0,0.00134470802731812
required09,ood,required09_ood_004,202609370004,adaptive_rollout_adp,3,False,False,0.0,9,0,mesh_00001;mesh_00007;mesh_00015;mesh_00019;mesh_00033;mesh_00052;mesh_00055;mesh_00059;mesh_00079,0.0,0,0.0,0.0,0.0,1000.0,0,0,0.0,0.03291100001661107,0.00038308301009237766,11292,6628,nan,nan,0,False,0.6666666666666666,15,False,120.63925313239142,False,adaptive_rollout_adp,,0,cand_0005;cand_0000;cand_0070;cand_0068;cand_0021;cand_0025;cand_0023;cand_0024;cand_0014;cand_0031;cand_0019;cand_0009;cand_0045;cand_0051,,False,nan,0.0
required09,ood,required09_ood_004,202609370004,coverage_only80,3,False,False,0.0,9,0,mesh_00001;mesh_00007;mesh_00015;mesh_00019;mesh_00033;mesh_00052;mesh_00055;mesh_00059;mesh_00079,0.0,0,0.0,0.0,0.0,1000.0,0,0,0.0,0.013712832995224744,0.00040616700425744057,4811,3001,nan,nan,0,False,0.6666666666666666,15,False,111.60586695576316,False,adaptive_rollout_adp,,0,cand_0005;cand_0070;cand_0068;cand_0051;cand_0063;cand_0045;cand_0009;cand_0021;cand_0025,,False,nan,0.0
required09,ood,required09_ood_005,202609370005,incumbent,3,False,False,0.8888888888888888,9,8,mesh_00007,0.8872177898105613,37,0.9024390243902439,0.4111111111111111,159.504172311778,715.0597278673335,19.343022635420503,14,1260.0,0.0005981660215184093,0.0005979579873383045,203,121,0.3126404740316717,0.059201291408881127,0,False,0.8888888888888888,21,False,159.504172311778,False,deterministic_base,cand_0005;cand_0010;cand_0013;cand_0070;cand_0009;cand_0021;cand_0015;cand_0052;cand_0062;cand_0045;cand_0051;cand_0055;cand_0066;cand_0016,2199010672627,cand_0005;cand_0010;cand_0013;cand_0070;cand_0009;cand_0021;cand_0015;cand_0052;cand_0062;cand_0045;cand_0051;cand_0055;cand_0066;cand_0016,,False,nan,0.0
required09,ood,required09_ood_005,202609370005,one_step_adp,1,False,False,0.0,9,0,mesh_00001;mesh_00007;mesh_00015;mesh_00019;mesh_00033;mesh_00052;mesh_00055;mesh_00059;mesh_00079,0.0,0,0.0,0.0,0.0,1000.0,0,0,0.0,0.004400208010338247,0.0005786250112578273,1369,821,nan,nan,0,False,0.8888888888888888,21,False,159.504172311778,False,adaptive_rollout_adp,,0,cand_0005;cand_0010;cand_0013;cand_0070;cand_0009;cand_0021;cand_0015;cand_0052;cand_0062;cand_0045;cand_0051;cand_0055;cand_0066;cand_0016,,False,0.0,0.00381637504324317
required09,ood,required09_ood_005,202609370005,seeded_local_search,3,False,False,0.0,9,0,mesh_00001;mesh_00007;mesh_00015;mesh_00019;mesh_00033;mesh_00052;mesh_00055;mesh_00059;mesh_00079,0.0,0,0.0,0.0,0.0,1000.0,0,0,0.0,0.004236749955452979,0.0006764159770682454,0,0,nan,nan,0,False,0.8888888888888888,21,False,159.504172311778,False,no_candidate,,0,cand_0005;cand_0010;cand_0013;cand_0070;cand_0009;cand_0021;cand_0015;cand_0052;cand_0062;cand_0045;cand_0051;cand_0055;cand_0066;cand_0016,,False,0.0,0.0035316249704919755
required09,ood,required09_ood_005,202609370005,adaptive_rollout_adp,3,False,False,0.0,9,0,mesh_00001;mesh_00007;mesh_00015;mesh_00019;mesh_00033;mesh_00052;mesh_00055;mesh_00059;mesh_00079,0.0,0,0.0,0.0,0.0,1000.0,0,0,0.0,0.26872716698562726,0.0006356670055538416,93446,55146,nan,nan,0,False,0.8888888888888888,21,False,159.504172311778,False,adaptive_rollout_adp,,0,cand_0005;cand_0010;cand_0013;cand_0070;cand_0009;cand_0021;cand_0015;cand_0052;cand_0062;cand_0045;cand_0051;cand_0055;cand_0066;cand_0016,,False,nan,0.0
required09,ood,required09_ood_005,202609370005,coverage_only80,3,False,True,0.6666666666666666,9,6,mesh_00001;mesh_00007;mesh_00052,0.8003357289354592,29,0.7073170731707317,0.32222222222222224,74.0517764877204,740.7184431543872,8.968115075390461,9,810.0,0.23530804202891886,0.0003903330070897937,75525,43128,1.149157587355644,0.048074778454512024,0,False,0.8888888888888888,21,False,110.21474185515187,False,adaptive_rollout_adp,cand_0016;cand_0021;cand_0009;cand_0066;cand_0052;cand_0055;cand_0051;cand_0063;cand_0062,1099439144496,cand_0052;cand_0066;cand_0015;cand_0021;cand_0009;cand_0045;cand_0062;cand_0063;cand_0055,,False,nan,0.0
required09,ood,required09_ood_006,202609370006,incumbent,3,False,False,0.6666666666666666,9,6,mesh_00001;mesh_00007;mesh_00055,0.6858828164998921,30,0.7317073170731707,0.3333333333333333,142.02257503331666,808.6892416999833,17.216035148572956,14,1260.0,0.0005284580402076244,0.0005282500060275197,175,83,1.0871041962737076,0.05951490068870389,0,False,0.6666666666666666,19,False,142.02257503331666,False,deterministic_base,cand_0015;cand_0021;cand_0055;cand_0045;cand_0062;cand_0063;cand_0051;cand_0066;cand_0009;cand_0068;cand_0019;cand_0027;cand_0031;cand_0025,1099241487924,cand_0015;cand_0021;cand_0055;cand_0045;cand_0062;cand_0063;cand_0051;cand_0066;cand_0009;cand_0068;cand_0019;cand_0027;cand_0031;cand_0025,,False,nan,0.0
required09,ood,required09_ood_006,202609370006,one_step_adp,1,False,False,0.0,9,0,mesh_00001;mesh_00007;mesh_00015;mesh_00019;mesh_00033;mesh_00052;mesh_00055;mesh_00059;mesh_00079,0.0,0,0.0,0.0,0.0,1000.0,0,0,0.0,0.0025564160314388573,0.0005035829963162541,678,322,nan,nan,0,False,0.6666666666666666,19,False,142.02257503331666,False,adaptive_rollout_adp,,0,cand_0015;cand_0021;cand_0055;cand_0045;cand_0062;cand_0063;cand_0051;cand_0066;cand_0009;cand_0068;cand_0019;cand_0027;cand_0031;cand_0025,,False,0.0,0.0020477499929256737
required09,ood,required09_ood_006,202609370006,seeded_local_search,3,False,False,0.0,9,0,mesh_00001;mesh_00007;mesh_00015;mesh_00019;mesh_00033;mesh_00052;mesh_00055;mesh_00059;mesh_00079,0.0,0,0.0,0.0,0.0,1000.0,0,0,0.0,0.00270191696472466,0.0005943749565631151,0,0,nan,nan,0,False,0.6666666666666666,19,False,142.02257503331666,False,no_candidate,,0,cand_0015;cand_0021;cand_0055;cand_0045;cand_0062;cand_0063;cand_0051;cand_0066;cand_0009;cand_0068;cand_0019;cand_0027;cand_0031;cand_0025,,False,0.0,0.0020825419924221933
required09,ood,required09_ood_006,202609370006,adaptive_rollout_adp,3,False,False,0.0,9,0,mesh_00001;mesh_00007;mesh_00015;mesh_00019;mesh_00033;mesh_00052;mesh_00055;mesh_00059;mesh_00079,0.0,0,0.0,0.0,0.0,1000.0,0,0,0.0,0.1924221669905819,0.0005712499842047691,63798,30547,nan,nan,0,False,0.6666666666666666,19,False,142.02257503331666,False,adaptive_rollout_adp,,0,cand_0015;cand_0021;cand_0055;cand_0045;cand_0062;cand_0063;cand_0051;cand_0066;cand_0009;cand_0068;cand_0019;cand_0027;cand_0031;cand_0025,,False,nan,0.0
required09,ood,required09_ood_006,202609370006,coverage_only80,3,False,False,0.0,9,0,mesh_00001;mesh_00007;mesh_00015;mesh_00019;mesh_00033;mesh_00052;mesh_00055;mesh_00059;mesh_00079,0.0,0,0.0,0.0,0.0,1000.0,0,0,0.0,0.08229637402109802,0.0004232079954817891,26612,13487,nan,nan,0,False,0.6666666666666666,19,False,122.43194451208639,False,adaptive_rollout_adp,,0,cand_0015;cand_0055;cand_0051;cand_0062;cand_0063;cand_0068;cand_0066;cand_0009;cand_0021;cand_0016,,False,nan,0.0
required09,ood,required09_ood_007,202609370007,incumbent,3,False,False,0.2222222222222222,9,2,mesh_00015;mesh_00019;mesh_00033;mesh_00052;mesh_00055;mesh_00059;mesh_00079,0.18454035356887422,9,0.21951219512195122,0.1,40.48636682821154,929.3752557171005,4.903459065925027,5,450.0,0.0003356670495122671,0.0003355000517331064,123,104,1.9085174912558591,0.0384879681927742,0,True,1.0,23,False,40.48636682821154,False,deterministic_base,cand_0005;cand_0000;cand_0070;cand_0010;cand_0013,1099512807883,cand_0005;cand_0000;cand_0070;cand_0010;cand_0013,,False,nan,0.0
required09,ood,required09_ood_007,202609370007,one_step_adp,1,True,True,1.0,9,9,,0.8419853259749549,34,0.8292682926829268,0.37777777777777777,148.4888631832857,148.4888631832857,18.022897583524003,11,990.0,0.015343832958023995,0.00032175000524148345,5372,2841,1.7781803100982474,0.059201291408881127,0,True,1.0,23,False,40.48636682821154,False,adaptive_rollout_adp,cand_0000;cand_0005;cand_0010;cand_0013;cand_0070;cand_0068;cand_0021;cand_0015;cand_0052;cand_0062;cand_0045,1408740360159,cand_0005;cand_0000;cand_0070;cand_0010;cand_0013,cand_0000;cand_0005;cand_0010;cand_0013;cand_0070;cand_0068;cand_0021;cand_0015;cand_0052;cand_0062;cand_0045,True,148.4888631832857,0.015017124998848885
required09,ood,required09_ood_007,202609370007,seeded_local_search,3,True,True,1.0,9,9,,0.8419853259749549,34,0.8292682926829268,0.37777777777777777,131.77185738421707,131.77185738421707,15.98590903765317,11,990.0,0.017717624956276268,0.0003382909926585853,595,101,1.7781803100982474,0.059201291408881127,0,True,1.0,23,False,40.48636682821154,False,reference_improved,cand_0005;cand_0000;cand_0010;cand_0013;cand_0070;cand_0068;cand_0021;cand_0015;cand_0052;cand_0062;cand_0045,1408740360159,cand_0005;cand_0000;cand_0070;cand_0010;cand_0013,cand_0000;cand_0005;cand_0010;cand_0013;cand_0070;cand_0068;cand_0021;cand_0015;cand_0052;cand_0062;cand_0045,True,148.4888631832857,0.01465154200559482
required09,ood,required09_ood_007,202609370007,adaptive_rollout_adp,3,True,True,1.0,9,9,,0.7237591712656531,30,0.7317073170731707,0.3333333333333333,113.47191958718973,113.47191958718973,13.768885294460114,9,810.0,0.757292874972336,0.0004089169669896364,277440,156419,2.80753987333066,0.059201291408881127,0,True,1.0,23,False,40.48636682821154,False,adaptive_rollout_adp,cand_0005;cand_0000;cand_0070;cand_0068;cand_0021;cand_0015;cand_0052;cand_0062;cand_0045,1408739180127,cand_0005;cand_0000;cand_0070;cand_0010;cand_0013,,False,nan,0.0
required09,ood,required09_ood_007,202609370007,coverage_only80,3,False,True,0.7777777777777778,9,7,mesh_00007;mesh_00055,0.8021968066592113,31,0.7560975609756098,0.34444444444444444,106.34201368962052,717.4531248007316,12.89287571130041,10,900.0,0.3558907919214107,0.00048279197653755546,116891,74736,1.149157587355644,0.04503981313417058,0,True,1.0,23,False,147.12636451771144,False,adaptive_rollout_adp,cand_0005;cand_0070;cand_0068;cand_0021;cand_0015;cand_0009;cand_0055;cand_0045;cand_0063;cand_0062,1442838871671,cand_0014;cand_0055;cand_0045;cand_0068;cand_0063;cand_0062;cand_0052;cand_0016;cand_0021;cand_0009,,False,nan,0.0
required09,ood,required09_ood_008,202609370008,incumbent,3,False,False,0.2222222222222222,9,2,mesh_00015;mesh_00019;mesh_00033;mesh_00052;mesh_00055;mesh_00059;mesh_00079,0.10680345788595888,3,0.07317073170731707,0.03333333333333333,18.99980871152708,907.888697600416,2.3034958428058165,2,180.0,0.0002048340393230319,0.00020462501561269164,48,39,9.506295741486179,0.0384879681927742,0,False,0.8888888888888888,17,False,18.99980871152708,False,deterministic_base,cand_0005;cand_0000,11,cand_0005;cand_0000,,False,nan,0.0
required09,ood,required09_ood_008,202609370008,one_step_adp,1,False,False,0.0,9,0,mesh_00001;mesh_00007;mesh_00015;mesh_00019;mesh_00033;mesh_00052;mesh_00055;mesh_00059;mesh_00079,0.0,0,0.0,0.0,0.0,1000.0,0,0,0.0,0.0023721670149825513,0.00015183398500084877,769,396,nan,nan,0,False,0.8888888888888888,17,False,18.99980871152708,False,adaptive_rollout_adp,,0,cand_0005;cand_0000,,False,0.0,0.0022151669836603105
required09,ood,required09_ood_008,202609370008,seeded_local_search,3,False,False,0.0,9,0,mesh_00001;mesh_00007;mesh_00015;mesh_00019;mesh_00033;mesh_00052;mesh_00055;mesh_00059;mesh_00079,0.0,0,0.0,0.0,0.0,1000.0,0,0,0.0,0.002192625019233674,0.00014641601592302322,0,0,nan,nan,0,False,0.8888888888888888,17,False,18.99980871152708,False,no_candidate,,0,cand_0005;cand_0000,,False,0.0,0.002025207970291376
required09,ood,required09_ood_008,202609370008,adaptive_rollout_adp,3,False,False,0.0,9,0,mesh_00001;mesh_00007;mesh_00015;mesh_00019;mesh_00033;mesh_00052;mesh_00055;mesh_00059;mesh_00079,0.0,0,0.0,0.0,0.0,1000.0,0,0,0.0,0.1376555419410579,0.00016241695266216993,44158,22515,nan,nan,0,False,0.8888888888888888,17,False,18.99980871152708,False,adaptive_rollout_adp,,0,cand_0005;cand_0000,,False,nan,0.0
required09,ood,required09_ood_008,202609370008,coverage_only80,3,False,True,0.8888888888888888,9,8,mesh_00052,0.8048650139346404,31,0.7560975609756098,0.34444444444444444,120.27391627178912,675.8294718273447,14.594143215963268,10,900.0,0.1139545000041835,0.0002442499971948564,29901,12017,3.1132871756951523,0.0585962290483111,0,False,0.8888888888888888,17,False,85.4981969744299,False,adaptive_rollout_adp,cand_0000;cand_0005;cand_0066;cand_0052;cand_0062;cand_0051;cand_0055;cand_0068;cand_0021;cand_0015,1099434425887,cand_0015;cand_0021;cand_0068;cand_0066;cand_0055;cand_0051;cand_0062;cand_0052,,False,nan,0.0
required09,ood,required09_ood_009,202609370009,incumbent,3,False,False,0.7777777777777778,9,7,mesh_00001;mesh_00007,0.602852321974454,26,0.6341463414634146,0.28888888888888886,131.0326360145682,742.1437471256793,15.88060531736755,14,1260.0,0.0005970000056549907,0.0005968750338070095,203,108,1.0871041962737076,0.059205790001008125,0,False,0.8888888888888888,21,False,131.0326360145682,False,deterministic_base,cand_0052;cand_0015;cand_0021;cand_0031;cand_0027;cand_0025;cand_0023;cand_0014;cand_0016;cand_0009;cand_0045;cand_0062;cand_0063;cand_0051,309232270896,cand_0052;cand_0015;cand_0021;cand_0031;cand_0027;cand_0025;cand_0023;cand_0014;cand_0016;cand_0009;cand_0045;cand_0062;cand_0063;cand_0051,,False,nan,0.0
required09,ood,required09_ood_009,202609370009,one_step_adp,1,False,False,0.0,9,0,mesh_00001;mesh_00007;mesh_00015;mesh_00019;mesh_00033;mesh_00052;mesh_00055;mesh_00059;mesh_00079,0.0,0,0.0,0.0,0.0,1000.0,0,0,0.0,0.004596541984938085,0.0006336669903248549,1261,699,nan,nan,0,False,0.8888888888888888,21,False,131.0326360145682,False,adaptive_rollout_adp,,0,cand_0052;cand_0015;cand_0021;cand_0031;cand_0027;cand_0025;cand_0023;cand_0014;cand_0016;cand_0009;cand_0045;cand_0062;cand_0063;cand_0051,,False,0.0,0.0039543749880976975
required09,ood,required09_ood_009,202609370009,seeded_local_search,3,False,False,0.0,9,0,mesh_00001;mesh_00007;mesh_00015;mesh_00019;mesh_00033;mesh_00052;mesh_00055;mesh_00059;mesh_00079,0.0,0,0.0,0.0,0.0,1000.0,0,0,0.0,0.004849749966524541,0.0008030830067582428,0,0,nan,nan,0,False,0.8888888888888888,21,False,131.0326360145682,False,no_candidate,,0,cand_0052;cand_0015;cand_0021;cand_0031;cand_0027;cand_0025;cand_0023;cand_0014;cand_0016;cand_0009;cand_0045;cand_0062;cand_0063;cand_0051,,False,0.0,0.00400737498421222
required09,ood,required09_ood_009,202609370009,adaptive_rollout_adp,3,False,False,0.0,9,0,mesh_00001;mesh_00007;mesh_00015;mesh_00019;mesh_00033;mesh_00052;mesh_00055;mesh_00059;mesh_00079,0.0,0,0.0,0.0,0.0,1000.0,0,0,0.0,0.28472654102370143,0.0006537910085171461,100479,54585,nan,nan,0,False,0.8888888888888888,21,False,131.0326360145682,False,adaptive_rollout_adp,,0,cand_0052;cand_0015;cand_0021;cand_0031;cand_0027;cand_0025;cand_0023;cand_0014;cand_0016;cand_0009;cand_0045;cand_0062;cand_0063;cand_0051,,False,nan,0.0
required09,ood,required09_ood_009,202609370009,coverage_only80,3,False,True,0.3333333333333333,9,3,mesh_00001;mesh_00007;mesh_00019;mesh_00052;mesh_00055;mesh_00079,0.8044744410478418,25,0.6097560975609756,0.2777777777777778,101.25255240856185,934.5858857418953,12.292026483953869,7,630.0,0.35005033295601606,0.0006064159679226577,127151,75562,0.8473828811905011,0.05941307125935591,0,False,0.8888888888888888,21,False,149.491232429051,False,adaptive_rollout_adp,cand_0015;cand_0055;cand_0051;cand_0063;cand_0068;cand_0070;cand_0010,1159303886804,cand_0014;cand_0068;cand_0051;cand_0055;cand_0063;cand_0062;cand_0066;cand_0052;cand_0016;cand_0021;cand_0009;cand_0045,,False,nan,0.0
required09,ood,required09_ood_010,202609370010,incumbent,3,False,False,0.2222222222222222,9,2,mesh_00015;mesh_00019;mesh_00033;mesh_00052;mesh_00055;mesh_00059;mesh_00079,0.11279933590320852,9,0.21951219512195122,0.1,40.48636682821154,929.3752557171005,4.903459065925027,5,450.0,0.0003202499938197434,0.0003201250219717622,111,91,1.9085174912558591,0.0384879681927742,0,True,1.0,21,False,40.48636682821154,False,deterministic_base,cand_0005;cand_0000;cand_0070;cand_0010;cand_0013,1099512807883,cand_0005;cand_0000;cand_0070;cand_0010;cand_0013,,False,nan,0.0
required09,ood,required09_ood_010,202609370010,one_step_adp,1,True,True,1.0,9,9,,0.7811114185633294,30,0.7317073170731707,0.3333333333333333,144.5940572170649,144.5940572170649,17.55612963767252,10,900.0,0.02299895801115781,0.0003005000180564821,7880,4648,3.043484822370052,0.05858419313244918,0,True,1.0,21,False,40.48636682821154,False,adaptive_rollout_adp,cand_0015;cand_0031;cand_0019;cand_0009;cand_0052;cand_0062;cand_0045;cand_0066;cand_0005;cand_0000,1065137602107,cand_0005;cand_0000;cand_0070;cand_0010;cand_0013,cand_0015;cand_0031;cand_0019;cand_0009;cand_0052;cand_0062;cand_0045;cand_0066;cand_0005;cand_0000,True,144.5940572170649,0.022693292004987597
required09,ood,required09_ood_010,202609370010,seeded_local_search,3,True,True,1.0,9,9,,0.7811114185633294,30,0.7317073170731707,0.3333333333333333,131.73526276046704,131.73526276046704,15.996627767814982,9,810.0,0.02505333296721801,0.0003095419961027801,746,116,3.1132871756951523,0.0585962290483111,0,True,1.0,21,False,40.48636682821154,False,reference_improved,cand_0000;cand_0005;cand_0066;cand_0052;cand_0062;cand_0045;cand_0009;cand_0019;cand_0015,1065137602107,cand_0005;cand_0000;cand_0070;cand_0010;cand_0013,cand_0015;cand_0031;cand_0019;cand_0009;cand_0052;cand_0062;cand_0045;cand_0066;cand_0005;cand_0000,True,144.5940572170649,0.020917874993756413
required09,ood,required09_ood_010,202609370010,adaptive_rollout_adp,3,True,True,1.0,9,9,,0.7000886921194692,30,0.7317073170731707,0.3333333333333333,118.47958257423159,118.47958257423159,14.379198452297974,9,810.0,0.6297808750532568,0.0003041250165551901,216732,119037,2.80753987333066,0.059201291408881127,0,True,1.0,21,False,40.48636682821154,False,adaptive_rollout_adp,cand_0005;cand_0000;cand_0070;cand_0068;cand_0019;cand_0015;cand_0052;cand_0062;cand_0045,1408739180127,cand_0005;cand_0000;cand_0070;cand_0010;cand_0013,,False,nan,0.0
required09,ood,required09_ood_010,202609370010,coverage_only80,3,False,True,0.5555555555555556,9,5,mesh_00001;mesh_00007;mesh_00019;mesh_00055,0.8120011068279859,26,0.6341463414634146,0.28888888888888886,76.37491070402449,798.5971329262467,9.261473944838476,7,630.0,0.2320198339293711,0.0005857919459231198,79251,46214,1.149157587355644,0.055540358114866184,0,True,1.0,21,False,103.09116502669738,False,adaptive_rollout_adp,cand_0015;cand_0009;cand_0066;cand_0055;cand_0045;cand_0063;cand_0062,1099237258800,cand_0014;cand_0066;cand_0052;cand_0051;cand_0045;cand_0063;cand_0062;cand_0055;cand_0068,,False,nan,0.0
required09,ood,required09_ood_011,202609370011,incumbent,3,False,False,0.2222222222222222,9,2,mesh_00015;mesh_00019;mesh_00033;mesh_00052;mesh_00055;mesh_00059;mesh_00079,0.20849531282215594,7,0.17073170731707318,0.07777777777777778,35.671146783826224,924.5600356727151,4.322493677348781,4,360.0,0.0002220840542577207,0.00022191705647855997,75,59,9.506295741486179,0.0384879681927742,0,False,0.8888888888888888,17,False,35.671146783826224,False,deterministic_base,cand_0005;cand_0000;cand_0070;cand_0010,1099511628235,cand_0005;cand_0000;cand_0070;cand_0010,,False,nan,0.0
required09,ood,required09_ood_011,202609370011,one_step_adp,1,False,False,0.0,9,0,mesh_00001;mesh_00007;mesh_00015;mesh_00019;mesh_00033;mesh_00052;mesh_00055;mesh_00059;mesh_00079,0.0,0,0.0,0.0,0.0,1000.0,0,0,0.0,0.0024845420266501606,0.0002084590378217399,891,549,nan,nan,0,False,0.8888888888888888,17,False,35.671146783826224,False,adaptive_rollout_adp,,0,cand_0005;cand_0000;cand_0070;cand_0010,,False,0.0,0.002271291974466294
required09,ood,required09_ood_011,202609370011,seeded_local_search,3,False,False,0.0,9,0,mesh_00001;mesh_00007;mesh_00015;mesh_00019;mesh_00033;mesh_00052;mesh_00055;mesh_00059;mesh_00079,0.0,0,0.0,0.0,0.0,1000.0,0,0,0.0,0.002601834014058113,0.00021454202942550182,0,0,nan,nan,0,False,0.8888888888888888,17,False,35.671146783826224,False,no_candidate,,0,cand_0005;cand_0000;cand_0070;cand_0010,,False,0.0,0.0023627079790458083
required09,ood,required09_ood_011,202609370011,adaptive_rollout_adp,3,False,False,0.0,9,0,mesh_00001;mesh_00007;mesh_00015;mesh_00019;mesh_00033;mesh_00052;mesh_00055;mesh_00059;mesh_00079,0.0,0,0.0,0.0,0.0,1000.0,0,0,0.0,0.09134045895189047,0.00021129200467839837,35236,21452,nan,nan,0,False,0.8888888888888888,17,False,35.671146783826224,False,adaptive_rollout_adp,,0,cand_0005;cand_0000;cand_0070;cand_0010,,False,nan,0.0
required09,ood,required09_ood_011,202609370011,coverage_only80,3,False,True,0.5555555555555556,9,5,mesh_00019;mesh_00052;mesh_00055;mesh_00079,0.8084399053330275,26,0.6341463414634146,0.28888888888888886,86.50248551354649,808.7247077357687,10.490529980749336,8,720.0,0.06740450003417209,0.0002990830107592046,23532,13084,0.3126404740316717,0.05278198759371104,0,False,0.8888888888888888,17,False,99.22863067702448,False,adaptive_rollout_adp,cand_0005;cand_0000;cand_0070;cand_0009;cand_0015;cand_0066;cand_0055;cand_0051,1898025678459,cand_0005;cand_0000;cand_0010;cand_0070;cand_0009;cand_0015;cand_0055;cand_0066,,False,nan,0.0
required09,ood,required09_ood_012,202609370012,incumbent,3,False,False,0.2222222222222222,9,2,mesh_00015;mesh_00019;mesh_00033;mesh_00052;mesh_00055;mesh_00059;mesh_00079,0.14446532594648198,9,0.21951219512195122,0.1,40.48636682821154,929.3752557171005,4.903459065925027,5,450.0,0.0002986670006066561,0.00029850000282749534,111,91,1.9085174912558591,0.0384879681927742,0,True,1.0,21,False,40.48636682821154,False,deterministic_base,cand_0005;cand_0000;cand_0070;cand_0010;cand_0013,1099512807883,cand_0005;cand_0000;cand_0070;cand_0010;cand_0013,,False,nan,0.0
required09,ood,required09_ood_012,202609370012,one_step_adp,1,True,True,1.0,9,9,,0.6545757898020043,28,0.6829268292682927,0.3111111111111111,142.5909509173395,142.5909509173395,17.31709082875515,9,810.0,0.018774291034787893,0.0002895829966291785,7245,4254,2.451415363219672,0.059201291408881127,0,True,1.0,21,False,40.48636682821154,False,adaptive_rollout_adp,cand_0016;cand_0027;cand_0015;cand_0052;cand_0062;cand_0045;cand_0066;cand_0005;cand_0000,1065136029195,cand_0005;cand_0000;cand_0070;cand_0010;cand_0013,cand_0016;cand_0027;cand_0015;cand_0052;cand_0062;cand_0045;cand_0066;cand_0005;cand_0000,True,142.5909509173395,0.01848041597986594
required09,ood,required09_ood_012,202609370012,seeded_local_search,3,True,True,1.0,9,9,,0.6385240869190618,27,0.6585365853658537,0.3,131.35272754775906,131.35272754775906,15.956044876996415,8,720.0,0.02019108401145786,0.000298250000923872,311,59,3.2643887457740823,0.059205790001008125,0,True,1.0,21,False,40.48636682821154,False,reference_improved,cand_0000;cand_0005;cand_0066;cand_0045;cand_0062;cand_0052;cand_0015;cand_0027,1065135504907,cand_0005;cand_0000;cand_0070;cand_0010;cand_0013,cand_0016;cand_0027;cand_0015;cand_0052;cand_0062;cand_0045;cand_0066;cand_0005;cand_0000,True,142.5909509173395,0.01849945803405717
required09,ood,required09_ood_012,202609370012,adaptive_rollout_adp,3,True,True,1.0,9,9,,0.6866791955678891,30,0.7317073170731707,0.3333333333333333,118.47958257423159,118.47958257423159,14.379198452297974,9,810.0,0.6265555829741061,0.00030058296397328377,214132,117498,2.80753987333066,0.059201291408881127,0,True,1.0,21,False,40.48636682821154,False,adaptive_rollout_adp,cand_0005;cand_0000;cand_0070;cand_0068;cand_0019;cand_0015;cand_0052;cand_0062;cand_0045,1408739180127,cand_0005;cand_0000;cand_0070;cand_0010;cand_0013,,False,nan,0.0
required09,ood,required09_ood_012,202609370012,coverage_only80,3,False,True,0.5555555555555556,9,5,mesh_00007;mesh_00019;mesh_00052;mesh_00055,0.8073795654046907,29,0.7073170731707317,0.32222222222222224,90.34272391548849,812.5649461377106,10.95188781925957,9,810.0,0.373159623995889,0.00042891601333394647,125920,73919,1.149157587355644,0.0585962290483111,0,True,1.0,21,False,126.5812948955495,False,adaptive_rollout_adp,cand_0005;cand_0066;cand_0009;cand_0015;cand_0068;cand_0055;cand_0051;cand_0063;cand_0062,1099174344247,cand_0052;cand_0062;cand_0063;cand_0009;cand_0015;cand_0027;cand_0066;cand_0051;cand_0055;cand_0068,,False,nan,0.0
required09,ood,required09_ood_013,202609370013,incumbent,3,False,False,0.2222222222222222,9,2,mesh_00015;mesh_00019;mesh_00033;mesh_00052;mesh_00055;mesh_00059;mesh_00079,0.18215715962939505,8,0.1951219512195122,0.08888888888888889,35.980846678115974,924.8697355670049,4.360652736834521,4,360.0,0.00031329202465713024,0.0003130420227535069,100,86,1.9085174912558591,0.0384879681927742,0,True,1.0,22,False,35.980846678115974,False,deterministic_base,cand_0005;cand_0000;cand_0010;cand_0013,1180107,cand_0005;cand_0000;cand_0010;cand_0013,,False,nan,0.0
required09,ood,required09_ood_013,202609370013,one_step_adp,1,True,True,1.0,9,9,,0.738177447990859,27,0.6585365853658537,0.3,134.8970267938332,134.8970267938332,16.385268295751978,8,720.0,0.020312666019890457,0.00028899998869746923,7549,4117,3.0815624836831237,0.059201291408881127,0,True,1.0,22,False,35.980846678115974,False,adaptive_rollout_adp,cand_0021;cand_0015;cand_0052;cand_0062;cand_0045;cand_0066;cand_0005;cand_0000,1065135504907,cand_0005;cand_0000;cand_0010;cand_0013,cand_0021;cand_0015;cand_0052;cand_0062;cand_0045;cand_0066;cand_0005;cand_0000,True,134.8970267938332,0.020014332956634462
required09,ood,required09_ood_013,202609370013,seeded_local_search,3,True,True,1.0,9,9,,0.738177447990859,27,0.6585365853658537,0.3,129.60460091435027,129.60460091435027,15.743617807385604,8,720.0,0.020665874995756894,0.0002738749608397484,261,51,3.2643887457740823,0.059205790001008125,0,True,1.0,22,False,35.980846678115974,False,reference_improved,cand_0000;cand_0005;cand_0066;cand_0045;cand_0062;cand_0052;cand_0015;cand_0021,1065135504907,cand_0005;cand_0000;cand_0010;cand_0013,cand_0021;cand_0015;cand_0052;cand_0062;cand_0045;cand_0066;cand_0005;cand_0000,True,134.8970267938332,0.019144040998071432
required09,ood,required09_ood_013,202609370013,adaptive_rollout_adp,3,True,True,1.0,9,9,,0.7912877095773563,31,0.7560975609756098,0.34444444444444444,125.74574097896988,125.74574097896988,15.26569364180504,9,810.0,1.3708544580149464,0.0002703749923966825,494755,280025,3.043484822370052,0.05858419313244918,0,True,1.0,22,False,35.980846678115974,False,adaptive_rollout_adp,cand_0015;cand_0021;cand_0068;cand_0045;cand_0062;cand_0052;cand_0066;cand_0005;cand_0000,1065141796383,cand_0005;cand_0000;cand_0010;cand_0013,,False,nan,0.0
required09,ood,required09_ood_013,202609370013,coverage_only80,3,False,True,0.6666666666666666,9,6,mesh_00007;mesh_00019;mesh_00052,0.8008365190506354,26,0.6341463414634146,0.28888888888888886,87.20813162390154,753.8747982905682,10.574532153597323,8,720.0,0.3967584589845501,0.0002946669701486826,134561,75501,3.1132871756951523,0.0585962290483111,0,True,1.0,22,False,41.514324979658845,False,adaptive_rollout_adp,cand_0005;cand_0066;cand_0016;cand_0014;cand_0009;cand_0055;cand_0052;cand_0062,1097149019699,cand_0005;cand_0010;cand_0013;cand_0000,,False,nan,0.0
required09,ood,required09_ood_014,202609370014,incumbent,3,False,False,0.2222222222222222,9,2,mesh_00015;mesh_00019;mesh_00033;mesh_00052;mesh_00055;mesh_00059;mesh_00079,0.16779198291680383,9,0.21951219512195122,0.1,40.48636682821154,929.3752557171005,4.903459065925027,5,450.0,0.00029379106126725674,0.00029362505301833153,93,74,1.9085174912558591,0.0384879681927742,0,True,1.0,18,False,40.48636682821154,False,deterministic_base,cand_0005;cand_0000;cand_0070;cand_0010;cand_0013,1099512807883,cand_0005;cand_0000;cand_0070;cand_0010;cand_0013,,False,nan,0.0
required09,ood,required09_ood_014,202609370014,one_step_adp,1,True,True,1.0,9,9,,0.7527607730914067,31,0.7560975609756098,0.34444444444444444,135.8530912808505,135.8530912808505,16.491117557039953,10,900.0,0.014007709047291428,0.00026291701942682266,4678,2967,2.451415363219672,0.05858419313244918,0,True,1.0,18,False,40.48636682821154,False,adaptive_rollout_adp,cand_0016;cand_0014;cand_0027;cand_0009;cand_0045;cand_0062;cand_0052;cand_0066;cand_0005;cand_0000,1065138126395,cand_0005;cand_0000;cand_0070;cand_0010;cand_0013,cand_0016;cand_0014;cand_0027;cand_0009;cand_0045;cand_0062;cand_0052;cand_0066;cand_0005;cand_0000,True,135.8530912808505,0.013739250018261373
required09,ood,required09_ood_014,202609370014,seeded_local_search,3,True,True,1.0,9,9,,0.7527607730914067,31,0.7560975609756098,0.34444444444444444,131.3225233633999,131.3225233633999,15.940248878846493,10,900.0,0.021108666027430445,0.00034008303191512823,775,109,3.1132871756951523,0.0585962290483111,0,True,1.0,18,False,40.48636682821154,False,reference_improved,cand_0000;cand_0005;cand_0066;cand_0052;cand_0062;cand_0045;cand_0009;cand_0016;cand_0014;cand_0027,1065138126395,cand_0005;cand_0000;cand_0070;cand_0010;cand_0013,cand_0016;cand_0014;cand_0027;cand_0009;cand_0045;cand_0062;cand_0052;cand_0066;cand_0005;cand_0000,True,135.8530912808505,0.015794457984156907
required09,ood,required09_ood_014,202609370014,adaptive_rollout_adp,3,True,True,1.0,9,9,,0.7527607730914067,31,0.7560975609756098,0.34444444444444444,121.27271973080889,121.27271973080889,14.719442152980792,9,810.0,0.2718651659670286,0.000264582980889827,87452,52066,2.80753987333066,0.05694549534924951,0,True,1.0,18,False,40.48636682821154,False,adaptive_rollout_adp,cand_0005;cand_0000;cand_0070;cand_0068;cand_0019;cand_0016;cand_0052;cand_0062;cand_0045,1408739704415,cand_0005;cand_0000;cand_0070;cand_0010;cand_0013,,False,nan,0.0
required09,ood,required09_ood_014,202609370014,coverage_only80,3,False,True,0.5555555555555556,9,5,mesh_00001;mesh_00007;mesh_00019;mesh_00079,0.8453967068812249,27,0.6585365853658537,0.3,93.15529559991259,815.3775178221348,11.298599453031024,8,720.0,0.17268762504681945,0.0004092919989489019,55691,33477,0.21960672263981085,0.04730356039675092,0,True,1.0,18,False,95.0838481134906,False,adaptive_rollout_adp,cand_0070;cand_0068;cand_0009;cand_0014;cand_0016;cand_0066;cand_0052;cand_0045,1864006202996,cand_0014;cand_0016;cand_0009;cand_0068;cand_0066;cand_0052;cand_0045;cand_0062;cand_0063,,False,nan,0.0
required09,ood,required09_ood_015,202609370015,incumbent,3,False,False,0.8888888888888888,9,8,mesh_00007,0.968818718382852,38,0.926829268292683,0.4222222222222222,148.22871916013668,703.7842747156923,17.969915008326918,14,1260.0,0.0007073340239003301,0.0007071670261211693,203,119,1.7781803100982474,0.059201291408881127,0,False,0.8888888888888888,21,False,148.22871916013668,False,deterministic_base,cand_0005;cand_0010;cand_0013;cand_0070;cand_0068;cand_0021;cand_0015;cand_0052;cand_0062;cand_0045;cand_0051;cand_0055;cand_0066;cand_0009,2199014342647,cand_0005;cand_0010;cand_0013;cand_0070;cand_0068;cand_0021;cand_0015;cand_0052;cand_0062;cand_0045;cand_0051;cand_0055;cand_0066;cand_0009,,False,nan,0.0
required09,ood,required09_ood_015,202609370015,one_step_adp,1,False,False,0.0,9,0,mesh_00001;mesh_00007;mesh_00015;mesh_00019;mesh_00033;mesh_00052;mesh_00055;mesh_00059;mesh_00079,0.0,0,0.0,0.0,0.0,1000.0,0,0,0.0,0.00362008303636685,0.0005785830435343087,1187,694,nan,nan,0,False,0.8888888888888888,21,False,148.22871916013668,False,adaptive_rollout_adp,,0,cand_0005;cand_0010;cand_0013;cand_0070;cand_0068;cand_0021;cand_0015;cand_0052;cand_0062;cand_0045;cand_0051;cand_0055;cand_0066;cand_0009,,False,0.0,0.0030359579832293093
required09,ood,required09_ood_015,202609370015,seeded_local_search,3,False,False,0.0,9,0,mesh_00001;mesh_00007;mesh_00015;mesh_00019;mesh_00033;mesh_00052;mesh_00055;mesh_00059;mesh_00079,0.0,0,0.0,0.0,0.0,1000.0,0,0,0.0,0.003720416978467256,0.000567499955650419,0,0,nan,nan,0,False,0.8888888888888888,21,False,148.22871916013668,False,no_candidate,,0,cand_0005;cand_0010;cand_0013;cand_0070;cand_0068;cand_0021;cand_0015;cand_0052;cand_0062;cand_0045;cand_0051;cand_0055;cand_0066;cand_0009,,False,0.0,0.003130249970126897
required09,ood,required09_ood_015,202609370015,adaptive_rollout_adp,3,False,False,0.0,9,0,mesh_00001;mesh_00007;mesh_00015;mesh_00019;mesh_00033;mesh_00052;mesh_00055;mesh_00059;mesh_00079,0.0,0,0.0,0.0,0.0,1000.0,0,0,0.0,0.23223374999361113,0.0005733749712817371,88047,50163,nan,nan,0,False,0.8888888888888888,21,False,148.22871916013668,False,adaptive_rollout_adp,,0,cand_0005;cand_0010;cand_0013;cand_0070;cand_0068;cand_0021;cand_0015;cand_0052;cand_0062;cand_0045;cand_0051;cand_0055;cand_0066;cand_0009,,False,nan,0.0
required09,ood,required09_ood_015,202609370015,coverage_only80,3,False,True,0.5555555555555556,9,5,mesh_00001;mesh_00007;mesh_00052;mesh_00079,0.8025185497580627,22,0.5365853658536586,0.24444444444444444,58.8696687662409,781.0918909884631,7.134515703937472,6,540.0,0.25633458397351205,0.0002639999729581177,90386,48445,5.923139283038674,0.055184359871914224,0,False,0.8888888888888888,21,False,70.2420219670265,False,adaptive_rollout_adp,cand_0052;cand_0055;cand_0051;cand_0068;cand_0021;cand_0015,42872471060,cand_0015;cand_0021;cand_0068;cand_0052;cand_0051;cand_0066,,False,nan,0.0
required09,ood,required09_ood_016,202609370016,incumbent,3,False,False,0.2222222222222222,9,2,mesh_00015;mesh_00019;mesh_00033;mesh_00052;mesh_00055;mesh_00059;mesh_00079,0.2740165256861083,8,0.1951219512195122,0.08888888888888889,35.980846678115974,924.8697355670049,4.360652736834521,4,360.0,0.00024691695580258965,0.0002467499580234289,85,75,1.9085174912558591,0.0384879681927742,0,False,0.8888888888888888,19,False,35.980846678115974,False,deterministic_base,cand_0005;cand_0000;cand_0010;cand_0013,1180107,cand_0005;cand_0000;cand_0010;cand_0013,,False,nan,0.0
required09,ood,required09_ood_016,202609370016,one_step_adp,1,False,False,0.0,9,0,mesh_00001;mesh_00007;mesh_00015;mesh_00019;mesh_00033;mesh_00052;mesh_00055;mesh_00059;mesh_00079,0.0,0,0.0,0.0,0.0,1000.0,0,0,0.0,0.0018092070240527391,0.00023216602858155966,619,421,nan,nan,0,False,0.8888888888888888,19,False,35.980846678115974,False,adaptive_rollout_adp,,0,cand_0005;cand_0000;cand_0010;cand_0013,,False,0.0,0.0015720000374130905
required09,ood,required09_ood_016,202609370016,seeded_local_search,3,False,False,0.0,9,0,mesh_00001;mesh_00007;mesh_00015;mesh_00019;mesh_00033;mesh_00052;mesh_00055;mesh_00059;mesh_00079,0.0,0,0.0,0.0,0.0,1000.0,0,0,0.0,0.0018892080406658351,0.00022825004998594522,0,0,nan,nan,0,False,0.8888888888888888,19,False,35.980846678115974,False,no_candidate,,0,cand_0005;cand_0000;cand_0010;cand_0013,,False,0.0,0.0016350000514648855
required09,ood,required09_ood_016,202609370016,adaptive_rollout_adp,3,False,False,0.0,9,0,mesh_00001;mesh_00007;mesh_00015;mesh_00019;mesh_00033;mesh_00052;mesh_00055;mesh_00059;mesh_00079,0.0,0,0.0,0.0,0.0,1000.0,0,0,0.0,0.07029229099862278,0.0003567080129869282,27156,17814,nan,nan,0,False,0.8888888888888888,19,False,35.980846678115974,False,adaptive_rollout_adp,,0,cand_0005;cand_0000;cand_0010;cand_0013,,False,nan,0.0
required09,ood,required09_ood_016,202609370016,coverage_only80,3,False,False,0.0,9,0,mesh_00001;mesh_00007;mesh_00015;mesh_00019;mesh_00033;mesh_00052;mesh_00055;mesh_00059;mesh_00079,0.0,0,0.0,0.0,0.0,1000.0,0,0,0.0,0.024941417039372027,0.000234208011534065,8563,6008,nan,nan,0,False,0.8888888888888888,19,False,41.514324979658845,False,adaptive_rollout_adp,,0,cand_0005;cand_0010;cand_0013;cand_0000,,False,nan,0.0
required09,ood,required09_ood_017,202609370017,incumbent,3,False,False,0.8888888888888888,9,8,mesh_00007,0.919151930652143,35,0.8536585365853658,0.3888888888888889,154.5518493211793,710.1074048767349,18.73926424658066,14,1260.0,0.00055854202946648,0.0005584169994108379,189,106,0.3126404740316717,0.059201291408881127,0,False,0.8888888888888888,20,False,154.5518493211793,False,deterministic_base,cand_0005;cand_0010;cand_0070;cand_0009;cand_0021;cand_0015;cand_0052;cand_0062;cand_0045;cand_0051;cand_0055;cand_0066;cand_0016;cand_0024,2199009492979,cand_0005;cand_0010;cand_0070;cand_0009;cand_0021;cand_0015;cand_0052;cand_0062;cand_0045;cand_0051;cand_0055;cand_0066;cand_0016;cand_0024,,False,nan,0.0
required09,ood,required09_ood_017,202609370017,one_step_adp,1,False,False,0.0,9,0,mesh_00001;mesh_00007;mesh_00015;mesh_00019;mesh_00033;mesh_00052;mesh_00055;mesh_00059;mesh_00079,0.0,0,0.0,0.0,0.0,1000.0,0,0,0.0,0.003368124016560614,0.0005460410029627383,1088,611,nan,nan,0,False,0.8888888888888888,20,False,154.5518493211793,False,adaptive_rollout_adp,,0,cand_0005;cand_0010;cand_0070;cand_0009;cand_0021;cand_0015;cand_0052;cand_0062;cand_0045;cand_0051;cand_0055;cand_0066;cand_0016;cand_0024,,False,0.0,0.0028169159777462482
required09,ood,required09_ood_017,202609370017,seeded_local_search,3,False,False,0.0,9,0,mesh_00001;mesh_00007;mesh_00015;mesh_00019;mesh_00033;mesh_00052;mesh_00055;mesh_00059;mesh_00079,0.0,0,0.0,0.0,0.0,1000.0,0,0,0.0,0.00387691700598225,0.000635292031802237,0,0,nan,nan,0,False,0.8888888888888888,20,False,154.5518493211793,False,no_candidate,,0,cand_0005;cand_0010;cand_0070;cand_0009;cand_0021;cand_0015;cand_0052;cand_0062;cand_0045;cand_0051;cand_0055;cand_0066;cand_0016;cand_0024,,False,0.0,0.0032201670110225677
required09,ood,required09_ood_017,202609370017,adaptive_rollout_adp,3,False,False,0.0,9,0,mesh_00001;mesh_00007;mesh_00015;mesh_00019;mesh_00033;mesh_00052;mesh_00055;mesh_00059;mesh_00079,0.0,0,0.0,0.0,0.0,1000.0,0,0,0.0,0.20618591702077538,0.0006235840264707804,72194,40830,nan,nan,0,False,0.8888888888888888,20,False,154.5518493211793,False,adaptive_rollout_adp,,0,cand_0005;cand_0010;cand_0070;cand_0009;cand_0021;cand_0015;cand_0052;cand_0062;cand_0045;cand_0051;cand_0055;cand_0066;cand_0016;cand_0024,,False,nan,0.0
required09,ood,required09_ood_017,202609370017,coverage_only80,3,False,True,0.6666666666666666,9,6,mesh_00007;mesh_00055;mesh_00079,0.8113545048550002,27,0.6585365853658537,0.3,83.36144196041637,750.028108627083,10.113037035250022,7,630.0,0.21800229197833687,0.00041433400474488735,76398,43798,4.047226057779389,0.0585962290483111,0,False,0.8888888888888888,20,False,127.65839560315757,False,adaptive_rollout_adp,cand_0005;cand_0066;cand_0055;cand_0045;cand_0009;cand_0021;cand_0016,798581718579,cand_0005;cand_0010;cand_0070;cand_0009;cand_0051;cand_0055;cand_0015;cand_0021;cand_0066;cand_0045,,False,nan,0.0
required09,ood,required09_ood_018,202609370018,incumbent,3,False,False,0.2222222222222222,9,2,mesh_00015;mesh_00019;mesh_00033;mesh_00052;mesh_00055;mesh_00059;mesh_00079,0.1964421335249427,9,0.21951219512195122,0.1,40.48636682821154,929.3752557171005,4.903459065925027,5,450.0,0.0003138749743811786,0.0003137079766020179,105,86,1.9085174912558591,0.0384879681927742,0,False,0.8888888888888888,20,False,40.48636682821154,False,deterministic_base,cand_0005;cand_0000;cand_0070;cand_0010;cand_0013,1099512807883,cand_0005;cand_0000;cand_0070;cand_0010;cand_0013,,False,nan,0.0
required09,ood,required09_ood_018,202609370018,one_step_adp,1,False,False,0.0,9,0,mesh_00001;mesh_00007;mesh_00015;mesh_00019;mesh_00033;mesh_00052;mesh_00055;mesh_00059;mesh_00079,0.0,0,0.0,0.0,0.0,1000.0,0,0,0.0,0.004062541003804654,0.0003104159841313958,1190,792,nan,nan,0,False,0.8888888888888888,20,False,40.48636682821154,False,adaptive_rollout_adp,,0,cand_0005;cand_0000;cand_0070;cand_0010;cand_0013,,False,0.0,0.0037449999945238233
required09,ood,required09_ood_018,202609370018,seeded_local_search,3,False,False,0.0,9,0,mesh_00001;mesh_00007;mesh_00015;mesh_00019;mesh_00033;mesh_00052;mesh_00055;mesh_00059;mesh_00079,0.0,0,0.0,0.0,0.0,1000.0,0,0,0.0,0.0036099179997108877,0.00031095900340005755,0,0,nan,nan,0,False,0.8888888888888888,20,False,40.48636682821154,False,no_candidate,,0,cand_0005;cand_0000;cand_0070;cand_0010;cand_0013,,False,0.0,0.003270624962169677
required09,ood,required09_ood_018,202609370018,adaptive_rollout_adp,3,False,False,0.0,9,0,mesh_00001;mesh_00007;mesh_00015;mesh_00019;mesh_00033;mesh_00052;mesh_00055;mesh_00059;mesh_00079,0.0,0,0.0,0.0,0.0,1000.0,0,0,0.0,0.18492379103554413,0.00034029100788757205,66099,41864,nan,nan,0,False,0.8888888888888888,20,False,40.48636682821154,False,adaptive_rollout_adp,,0,cand_0005;cand_0000;cand_0070;cand_0010;cand_0013,,False,nan,0.0
required09,ood,required09_ood_018,202609370018,coverage_only80,3,False,True,0.8888888888888888,9,8,mesh_00055,0.813253580430487,38,0.926829268292683,0.4222222222222222,151.58770674999755,707.1432623055531,18.396275360871158,12,1080.0,0.14154525002231821,0.0003633340238593519,48115,31931,1.149157587355644,0.05858419313244918,0,False,0.8888888888888888,20,False,89.78986667724925,False,adaptive_rollout_adp,cand_0016;cand_0021;cand_0009;cand_0045;cand_0063;cand_0062;cand_0055;cand_0066;cand_0005;cand_0000;cand_0070;cand_0013,2198750625787,cand_0015;cand_0009;cand_0055;cand_0066;cand_0045;cand_0062;cand_0063,,False,nan,0.0
required09,ood,required09_ood_019,202609370019,incumbent,3,False,False,0.2222222222222222,9,2,mesh_00015;mesh_00019;mesh_00033;mesh_00052;mesh_00055;mesh_00059;mesh_00079,0.09199347593666647,8,0.1951219512195122,0.08888888888888889,35.64762158930727,924.5365104781962,4.326160183235693,3,270.0,0.000230165955144912,0.00022995797917246819,78,68,1.7987818850562964,0.043531041305857686,0,True,1.0,21,False,35.64762158930727,False,deterministic_base,cand_0005;cand_0000;cand_0013,1180107,cand_0005;cand_0000;cand_0013,,False,nan,0.0
required09,ood,required09_ood_019,202609370019,one_step_adp,1,True,True,1.0,9,9,,0.8390114171108337,27,0.6585365853658537,0.3,134.8970267938332,134.8970267938332,16.385268295751978,8,720.0,0.018839831929653883,0.00021454098168760538,7121,3845,3.0815624836831237,0.059201291408881127,0,True,1.0,21,False,35.64762158930727,False,adaptive_rollout_adp,cand_0021;cand_0015;cand_0052;cand_0062;cand_0045;cand_0066;cand_0005;cand_0000,1065135504907,cand_0005;cand_0000;cand_0013,cand_0021;cand_0015;cand_0052;cand_0062;cand_0045;cand_0066;cand_0005;cand_0000,True,134.8970267938332,0.01862033299403265
required09,ood,required09_ood_019,202609370019,seeded_local_search,3,True,True,1.0,9,9,,0.8390114171108337,27,0.6585365853658537,0.3,129.60460091435027,129.60460091435027,15.743617807385604,8,720.0,0.019384584098588675,0.0002440840471535921,261,51,3.2643887457740823,0.059205790001008125,0,True,1.0,21,False,35.64762158930727,False,reference_improved,cand_0000;cand_0005;cand_0066;cand_0045;cand_0062;cand_0052;cand_0015;cand_0021,1065135504907,cand_0005;cand_0000;cand_0013,cand_0021;cand_0015;cand_0052;cand_0062;cand_0045;cand_0066;cand_0005;cand_0000,True,134.8970267938332,0.017921208986081183
required09,ood,required09_ood_019,202609370019,adaptive_rollout_adp,3,True,True,1.0,9,9,,0.850510601602917,28,0.6829268292682927,0.3111111111111111,134.73093989294745,134.73093989294745,16.36095124645883,9,810.0,1.1116586670395918,0.0002190840314142406,395779,217058,3.043484822370052,0.05951490068870389,0,True,1.0,21,False,35.64762158930727,False,adaptive_rollout_adp,cand_0015;cand_0021;cand_0055;cand_0045;cand_0062;cand_0052;cand_0066;cand_0005;cand_0000,1099495243275,cand_0005;cand_0000;cand_0013,,False,nan,0.0
required09,ood,required09_ood_019,202609370019,coverage_only80,3,False,True,0.4444444444444444,9,4,mesh_00001;mesh_00007;mesh_00019;mesh_00052;mesh_00055,0.8045138636345838,24,0.5853658536585366,0.26666666666666666,63.481279602530705,841.2590573803085,7.697158273870028,6,540.0,0.1988584179780446,0.00032395898597314954,68389,34228,3.043484822370052,0.055540358114866184,0,True,1.0,21,False,87.67280854835278,False,adaptive_rollout_adp,cand_0015;cand_0009;cand_0066;cand_0055;cand_0051;cand_0062,1099161761328,cand_0015;cand_0066;cand_0052;cand_0051;cand_0062;cand_0063;cand_0068,,False,nan,0.0
required09,ood,required09_ood_020,202609370020,incumbent,3,False,False,0.2222222222222222,9,2,mesh_00015;mesh_00019;mesh_00033;mesh_00052;mesh_00055;mesh_00059;mesh_00079,0.12516186898522572,9,0.21951219512195122,0.1,39.34467081181073,928.2335597006996,4.770145893341545,4,360.0,0.0002555000246502459,0.0002552920486778021,75,62,1.7220589665880237,0.0384879681927742,0,True,1.0,17,False,39.34467081181073,False,deterministic_base,cand_0005;cand_0000;cand_0070;cand_0013,1099512807883,cand_0005;cand_0000;cand_0070;cand_0013,,False,nan,0.0
required09,ood,required09_ood_020,202609370020,one_step_adp,1,False,False,0.0,9,0,mesh_00001;mesh_00007;mesh_00015;mesh_00019;mesh_00033;mesh_00052;mesh_00055;mesh_00059;mesh_00079,0.0,0,0.0,0.0,0.0,1000.0,0,0,0.0,0.0017704589990898967,0.00023125001462176442,568,391,nan,nan,0,True,1.0,17,False,39.34467081181073,False,adaptive_rollout_adp,,0,cand_0005;cand_0000;cand_0070;cand_0013,,False,0.0,0.0015329999732784927
required09,ood,required09_ood_020,202609370020,seeded_local_search,3,False,False,0.0,9,0,mesh_00001;mesh_00007;mesh_00015;mesh_00019;mesh_00033;mesh_00052;mesh_00055;mesh_00059;mesh_00079,0.0,0,0.0,0.0,0.0,1000.0,0,0,0.0,0.0018892500083893538,0.00024291599402204156,0,0,nan,nan,0,True,1.0,17,False,39.34467081181073,False,no_candidate,,0,cand_0005;cand_0000;cand_0070;cand_0013,,False,0.0,0.0016244169673882425
required09,ood,required09_ood_020,202609370020,adaptive_rollout_adp,3,True,True,1.0,9,9,,0.7037516648845114,30,0.7317073170731707,0.3333333333333333,119.15092961862808,119.15092961862808,14.454949556836253,10,900.0,0.16258020896930248,0.00023100001271814108,50214,29701,2.80753987333066,0.058830201939178664,0,True,1.0,17,False,39.34467081181073,False,adaptive_rollout_adp,cand_0005;cand_0000;cand_0070;cand_0068;cand_0021;cand_0025;cand_0014;cand_0052;cand_0062;cand_0045,1408739180127,cand_0005;cand_0000;cand_0070;cand_0013,,False,nan,0.0
required09,ood,required09_ood_020,202609370020,coverage_only80,3,False,True,0.8888888888888888,9,8,mesh_00007,0.8032017722813345,32,0.7804878048780488,0.35555555555555557,116.38533784553702,671.9408934010926,14.110851933391448,11,990.0,0.09486675006337464,0.0004248330369591713,30428,19132,1.149157587355644,0.04503981313417058,0,True,1.0,17,False,142.68580206893114,False,adaptive_rollout_adp,cand_0005;cand_0070;cand_0068;cand_0021;cand_0025;cand_0009;cand_0052;cand_0055;cand_0045;cand_0063;cand_0062,1443107307127,cand_0005;cand_0070;cand_0068;cand_0055;cand_0045;cand_0063;cand_0062;cand_0052;cand_0014;cand_0021;cand_0025;cand_0009,,False,nan,0.0
required09,ood,required09_ood_021,202609370021,incumbent,3,False,False,0.7777777777777778,9,7,mesh_00001;mesh_00007,0.6370839368313422,25,0.6097560975609756,0.2777777777777778,139.52405557273352,750.6351666838445,16.919537501721916,13,1170.0,0.0004461670177988708,0.00044600002001971006,133,81,4.28463485529051,0.059205790001008125,0,False,0.7777777777777778,16,False,139.52405557273352,False,deterministic_base,cand_0052;cand_0015;cand_0021;cand_0027;cand_0019;cand_0014;cand_0025;cand_0023;cand_0009;cand_0045;cand_0062;cand_0051;cand_0055,343583096368,cand_0052;cand_0015;cand_0021;cand_0027;cand_0019;cand_0014;cand_0025;cand_0023;cand_0009;cand_0045;cand_0062;cand_0051;cand_0055,,False,nan,0.0
required09,ood,required09_ood_021,202609370021,one_step_adp,1,False,False,0.0,9,0,mesh_00001;mesh_00007;mesh_00015;mesh_00019;mesh_00033;mesh_00052;mesh_00055;mesh_00059;mesh_00079,0.0,0,0.0,0.0,0.0,1000.0,0,0,0.0,0.0019138749339617789,0.00048283295473083854,526,329,nan,nan,0,False,0.7777777777777778,16,False,139.52405557273352,False,adaptive_rollout_adp,,0,cand_0052;cand_0015;cand_0021;cand_0027;cand_0019;cand_0014;cand_0025;cand_0023;cand_0009;cand_0045;cand_0062;cand_0051;cand_0055,,False,0.0,0.0014247079961933196
required09,ood,required09_ood_021,202609370021,seeded_local_search,3,False,False,0.0,9,0,mesh_00001;mesh_00007;mesh_00015;mesh_00019;mesh_00033;mesh_00052;mesh_00055;mesh_00059;mesh_00079,0.0,0,0.0,0.0,0.0,1000.0,0,0,0.0,0.0018367079319432378,0.0004117919597774744,0,0,nan,nan,0,False,0.7777777777777778,16,False,139.52405557273352,False,no_candidate,,0,cand_0052;cand_0015;cand_0021;cand_0027;cand_0019;cand_0014;cand_0025;cand_0023;cand_0009;cand_0045;cand_0062;cand_0051;cand_0055,,False,0.0,0.001403957954607904
required09,ood,required09_ood_021,202609370021,adaptive_rollout_adp,3,False,False,0.0,9,0,mesh_00001;mesh_00007;mesh_00015;mesh_00019;mesh_00033;mesh_00052;mesh_00055;mesh_00059;mesh_00079,0.0,0,0.0,0.0,0.0,1000.0,0,0,0.0,0.05565862497314811,0.00046266696881502867,18169,11582,nan,nan,0,False,0.7777777777777778,16,False,139.52405557273352,False,adaptive_rollout_adp,,0,cand_0052;cand_0015;cand_0021;cand_0027;cand_0019;cand_0014;cand_0025;cand_0023;cand_0009;cand_0045;cand_0062;cand_0051;cand_0055,,False,nan,0.0
required09,ood,required09_ood_021,202609370021,coverage_only80,3,False,False,0.0,9,0,mesh_00001;mesh_00007;mesh_00015;mesh_00019;mesh_00033;mesh_00052;mesh_00055;mesh_00059;mesh_00079,0.0,0,0.0,0.0,0.0,1000.0,0,0,0.0,0.0193969999672845,0.00031400000443682075,6189,4111,nan,nan,0,False,0.7777777777777778,16,False,92.2447766859281,False,adaptive_rollout_adp,,0,cand_0052;cand_0055;cand_0051;cand_0062;cand_0045;cand_0009;cand_0015;cand_0021,,False,nan,0.0
required09,ood,required09_ood_022,202609370022,incumbent,3,False,False,0.6666666666666666,9,6,mesh_00001;mesh_00007;mesh_00079,0.5599841465978002,27,0.6585365853658537,0.3,136.72636243266226,803.3930290993289,16.57979903518299,12,1080.0,0.0004432910354807973,0.0004431250272318721,130,79,1.0068669037170157,0.059205790001008125,0,False,0.7777777777777778,16,False,136.72636243266226,False,deterministic_base,cand_0052;cand_0015;cand_0019;cand_0014;cand_0024;cand_0025;cand_0009;cand_0045;cand_0051;cand_0055;cand_0066;cand_0063,816037887536,cand_0052;cand_0015;cand_0019;cand_0014;cand_0024;cand_0025;cand_0009;cand_0045;cand_0051;cand_0055;cand_0066;cand_0063,,False,nan,0.0
required09,ood,required09_ood_022,202609370022,one_step_adp,1,False,False,0.0,9,0,mesh_00001;mesh_00007;mesh_00015;mesh_00019;mesh_00033;mesh_00052;mesh_00055;mesh_00059;mesh_00079,0.0,0,0.0,0.0,0.0,1000.0,0,0,0.0,0.0020417499472387135,0.0004105419502593577,576,376,nan,nan,0,False,0.7777777777777778,16,False,136.72636243266226,False,adaptive_rollout_adp,,0,cand_0052;cand_0015;cand_0019;cand_0014;cand_0024;cand_0025;cand_0009;cand_0045;cand_0051;cand_0055;cand_0066;cand_0063,,False,0.0,0.0016149579896591604
required09,ood,required09_ood_022,202609370022,seeded_local_search,3,False,False,0.0,9,0,mesh_00001;mesh_00007;mesh_00015;mesh_00019;mesh_00033;mesh_00052;mesh_00055;mesh_00059;mesh_00079,0.0,0,0.0,0.0,0.0,1000.0,0,0,0.0,0.002211459039244801,0.0004067920381203294,0,0,nan,nan,0,False,0.7777777777777778,16,False,136.72636243266226,False,no_candidate,,0,cand_0052;cand_0015;cand_0019;cand_0014;cand_0024;cand_0025;cand_0009;cand_0045;cand_0051;cand_0055;cand_0066;cand_0063,,False,0.0,0.0017730830004438758
required09,ood,required09_ood_022,202609370022,adaptive_rollout_adp,3,False,False,0.0,9,0,mesh_00001;mesh_00007;mesh_00015;mesh_00019;mesh_00033;mesh_00052;mesh_00055;mesh_00059;mesh_00079,0.0,0,0.0,0.0,0.0,1000.0,0,0,0.0,0.0582324989954941,0.0006282079848460853,18690,12133,nan,nan,0,False,0.7777777777777778,16,False,136.72636243266226,False,adaptive_rollout_adp,,0,cand_0052;cand_0015;cand_0019;cand_0014;cand_0024;cand_0025;cand_0009;cand_0045;cand_0051;cand_0055;cand_0066;cand_0063,,False,nan,0.0
required09,ood,required09_ood_022,202609370022,coverage_only80,3,False,False,0.0,9,0,mesh_00001;mesh_00007;mesh_00015;mesh_00019;mesh_00033;mesh_00052;mesh_00055;mesh_00059;mesh_00079,0.0,0,0.0,0.0,0.0,1000.0,0,0,0.0,0.030058000003919005,0.0003162079956382513,9914,6260,nan,nan,0,False,0.7777777777777778,16,False,87.201420487445,False,adaptive_rollout_adp,,0,cand_0052;cand_0066;cand_0051;cand_0055;cand_0015;cand_0009;cand_0019,,False,nan,0.0
required09,ood,required09_ood_023,202609370023,incumbent,3,False,False,0.2222222222222222,9,2,mesh_00015;mesh_00019;mesh_00033;mesh_00052;mesh_00055;mesh_00059;mesh_00079,0.24748503807666863,9,0.21951219512195122,0.1,40.48636682821154,929.3752557171005,4.903459065925027,5,450.0,0.0003089999663643539,0.0003088749945163727,99,80,1.9085174912558591,0.0384879681927742,0,False,0.8888888888888888,19,False,40.48636682821154,False,deterministic_base,cand_0005;cand_0000;cand_0070;cand_0010;cand_0013,1099512807883,cand_0005;cand_0000;cand_0070;cand_0010;cand_0013,,False,nan,0.0
required09,ood,required09_ood_023,202609370023,one_step_adp,1,False,False,0.0,9,0,mesh_00001;mesh_00007;mesh_00015;mesh_00019;mesh_00033;mesh_00052;mesh_00055;mesh_00059;mesh_00079,0.0,0,0.0,0.0,0.0,1000.0,0,0,0.0,0.0027695419848896563,0.00027479202253744006,959,610,nan,nan,0,False,0.8888888888888888,19,False,40.48636682821154,False,adaptive_rollout_adp,,0,cand_0005;cand_0000;cand_0070;cand_0010;cand_0013,,False,0.0,0.0024900829885154963
required09,ood,required09_ood_023,202609370023,seeded_local_search,3,False,False,0.0,9,0,mesh_00001;mesh_00007;mesh_00015;mesh_00019;mesh_00033;mesh_00052;mesh_00055;mesh_00059;mesh_00079,0.0,0,0.0,0.0,0.0,1000.0,0,0,0.0,0.003272790985647589,0.0003067909856326878,0,0,nan,nan,0,False,0.8888888888888888,19,False,40.48636682821154,False,no_candidate,,0,cand_0005;cand_0000;cand_0070;cand_0010;cand_0013,,False,0.0,0.0029393339646048844
required09,ood,required09_ood_023,202609370023,adaptive_rollout_adp,3,False,False,0.0,9,0,mesh_00001;mesh_00007;mesh_00015;mesh_00019;mesh_00033;mesh_00052;mesh_00055;mesh_00059;mesh_00079,0.0,0,0.0,0.0,0.0,1000.0,0,0,0.0,0.1331885009421967,0.00032033398747444153,47718,29561,nan,nan,0,False,0.8888888888888888,19,False,40.48636682821154,False,adaptive_rollout_adp,,0,cand_0005;cand_0000;cand_0070;cand_0010;cand_0013,,False,nan,0.0
required09,ood,required09_ood_023,202609370023,coverage_only80,3,False,True,0.4444444444444444,9,4,mesh_00007;mesh_00015;mesh_00019;mesh_00055;mesh_00079,0.8169020244724654,28,0.6829268292682927,0.3111111111111111,110.83424117746901,888.6120189552468,13.452875871581067,8,720.0,0.19756562396651134,0.0004902079817838967,69607,44417,1.5925502897337518,0.05858419313244918,0,False,0.8888888888888888,19,False,125.74383621702735,False,adaptive_rollout_adp,cand_0014;cand_0009;cand_0045;cand_0055;cand_0066;cand_0005;cand_0010;cand_0013,798582339059,cand_0005;cand_0066;cand_0055;cand_0045;cand_0009;cand_0021;cand_0016;cand_0068;cand_0070;cand_0013,,False,nan,0.0
required09,ood,required09_ood_024,202609370024,incumbent,3,False,False,0.8888888888888888,9,8,mesh_00079,0.8828924740369546,32,0.7804878048780488,0.35555555555555557,142.8488009189667,698.4043564745223,17.315665972199728,14,1260.0,0.0005063750431872904,0.0005061670090071857,161,75,2.80753987333066,0.059201291408881127,0,False,0.8888888888888888,18,False,142.8488009189667,False,deterministic_base,cand_0005;cand_0000;cand_0070;cand_0068;cand_0021;cand_0015;cand_0052;cand_0045;cand_0055;cand_0066;cand_0009;cand_0014;cand_0024;cand_0025,1898365451903,cand_0005;cand_0000;cand_0070;cand_0068;cand_0021;cand_0015;cand_0052;cand_0045;cand_0055;cand_0066;cand_0009;cand_0014;cand_0024;cand_0025,,False,nan,0.0
required09,ood,required09_ood_024,202609370024,one_step_adp,1,False,False,0.0,9,0,mesh_00001;mesh_00007;mesh_00015;mesh_00019;mesh_00033;mesh_00052;mesh_00055;mesh_00059;mesh_00079,0.0,0,0.0,0.0,0.0,1000.0,0,0,0.0,0.0037999989581294358,0.0004807909717783332,1162,542,nan,nan,0,False,0.8888888888888888,18,False,142.8488009189667,False,adaptive_rollout_adp,,0,cand_0005;cand_0000;cand_0070;cand_0068;cand_0021;cand_0015;cand_0052;cand_0045;cand_0055;cand_0066;cand_0009;cand_0014;cand_0024;cand_0025,,False,0.0,0.0033138750004582107
required09,ood,required09_ood_024,202609370024,seeded_local_search,3,False,False,0.0,9,0,mesh_00001;mesh_00007;mesh_00015;mesh_00019;mesh_00033;mesh_00052;mesh_00055;mesh_00059;mesh_00079,0.0,0,0.0,0.0,0.0,1000.0,0,0,0.0,0.003628333972301334,0.0004939169739373028,0,0,nan,nan,0,False,0.8888888888888888,18,False,142.8488009189667,False,no_candidate,,0,cand_0005;cand_0000;cand_0070;cand_0068;cand_0021;cand_0015;cand_0052;cand_0045;cand_0055;cand_0066;cand_0009;cand_0014;cand_0024;cand_0025,,False,0.0,0.003113207989372313
required09,ood,required09_ood_024,202609370024,adaptive_rollout_adp,3,False,False,0.0,9,0,mesh_00001;mesh_00007;mesh_00015;mesh_00019;mesh_00033;mesh_00052;mesh_00055;mesh_00059;mesh_00079,0.0,0,0.0,0.0,0.0,1000.0,0,0,0.0,0.17316591698909178,0.0004830419784411788,60420,29750,nan,nan,0,False,0.8888888888888888,18,False,142.8488009189667,False,adaptive_rollout_adp,,0,cand_0005;cand_0000;cand_0070;cand_0068;cand_0021;cand_0015;cand_0052;cand_0045;cand_0055;cand_0066;cand_0009;cand_0014;cand_0024;cand_0025,,False,nan,0.0
required09,ood,required09_ood_024,202609370024,coverage_only80,3,False,True,0.6666666666666666,9,6,mesh_00001;mesh_00007;mesh_00079,0.8048207900615909,26,0.6341463414634146,0.28888888888888886,72.3893125794151,739.0559792460817,8.775490593135222,7,630.0,0.19273204199271277,0.00032587500754743814,62247,31871,7.190858237451057,0.04898321683814787,0,False,0.8888888888888888,18,False,96.74421555995006,False,adaptive_rollout_adp,cand_0066;cand_0052;cand_0055;cand_0045;cand_0068;cand_0021;cand_0015,798853824020,cand_0014;cand_0066;cand_0055;cand_0045;cand_0068;cand_0021;cand_0015;cand_0009,,False,nan,0.0
required09,ood,required09_ood_025,202609370025,incumbent,3,False,False,0.2222222222222222,9,2,mesh_00015;mesh_00019;mesh_00033;mesh_00052;mesh_00055;mesh_00059;mesh_00079,0.0911004838257729,7,0.17073170731707318,0.07777777777777778,35.671146783826224,924.5600356727151,4.322493677348781,4,360.0,0.00025870802346616983,0.0002585829934105277,80,62,9.506295741486179,0.0384879681927742,0,False,0.8888888888888888,18,False,35.671146783826224,False,deterministic_base,cand_0005;cand_0000;cand_0070;cand_0010,1099511628235,cand_0005;cand_0000;cand_0070;cand_0010,,False,nan,0.0
required09,ood,required09_ood_025,202609370025,one_step_adp,1,False,False,0.0,9,0,mesh_00001;mesh_00007;mesh_00015;mesh_00019;mesh_00033;mesh_00052;mesh_00055;mesh_00059;mesh_00079,0.0,0,0.0,0.0,0.0,1000.0,0,0,0.0,0.0058764590648934245,0.00042325002141296864,1111,629,nan,nan,0,False,0.8888888888888888,18,False,35.671146783826224,False,adaptive_rollout_adp,,0,cand_0005;cand_0000;cand_0070;cand_0010,,False,0.0,0.00544520904077217
required09,ood,required09_ood_025,202609370025,seeded_local_search,3,False,False,0.0,9,0,mesh_00001;mesh_00007;mesh_00015;mesh_00019;mesh_00033;mesh_00052;mesh_00055;mesh_00059;mesh_00079,0.0,0,0.0,0.0,0.0,1000.0,0,0,0.0,0.004336917016189545,0.000288875016849488,0,0,nan,nan,0,False,0.8888888888888888,18,False,35.671146783826224,False,no_candidate,,0,cand_0005;cand_0000;cand_0070;cand_0010,,False,0.0,0.0040018330328166485
required09,ood,required09_ood_025,202609370025,adaptive_rollout_adp,3,False,False,0.0,9,0,mesh_00001;mesh_00007;mesh_00015;mesh_00019;mesh_00033;mesh_00052;mesh_00055;mesh_00059;mesh_00079,0.0,0,0.0,0.0,0.0,1000.0,0,0,0.0,0.17234641598770395,0.0002394579933024943,61960,33889,nan,nan,0,False,0.8888888888888888,18,False,35.671146783826224,False,adaptive_rollout_adp,,0,cand_0005;cand_0000;cand_0070;cand_0010,,False,nan,0.0
required09,ood,required09_ood_025,202609370025,coverage_only80,3,False,True,0.6666666666666666,9,6,mesh_00001;mesh_00007;mesh_00079,0.8047846775162009,26,0.6341463414634146,0.28888888888888886,72.3893125794151,739.0559792460817,8.775490593135222,7,630.0,0.19231804099399596,0.00026791600976139307,61333,32116,7.190858237451057,0.04898321683814787,0,False,0.8888888888888888,18,False,84.03805029801111,False,adaptive_rollout_adp,cand_0066;cand_0052;cand_0055;cand_0045;cand_0068;cand_0021;cand_0015,798853824020,cand_0021;cand_0015;cand_0068;cand_0045;cand_0066;cand_0052;cand_0055,,False,nan,0.0
required09,ood,required09_ood_026,202609370026,incumbent,3,False,False,0.2222222222222222,9,2,mesh_00015;mesh_00019;mesh_00033;mesh_00052;mesh_00055;mesh_00059;mesh_00079,0.2849697525637191,9,0.21951219512195122,0.1,40.48636682821154,929.3752557171005,4.903459065925027,5,450.0,0.0004000830231234431,0.0003998749889433384,99,79,1.9085174912558591,0.0384879681927742,0,True,1.0,19,False,40.48636682821154,False,deterministic_base,cand_0005;cand_0000;cand_0070;cand_0010;cand_0013,1099512807883,cand_0005;cand_0000;cand_0070;cand_0010;cand_0013,,False,nan,0.0
required09,ood,required09_ood_026,202609370026,one_step_adp,1,True,True,1.0,9,9,,0.6373071072766316,27,0.6585365853658537,0.3,134.8970267938332,134.8970267938332,16.385268295751978,8,720.0,0.015246791997924447,0.00027641700580716133,4939,3116,3.0815624836831237,0.059201291408881127,0,True,1.0,19,False,40.48636682821154,False,adaptive_rollout_adp,cand_0021;cand_0015;cand_0052;cand_0062;cand_0045;cand_0066;cand_0005;cand_0000,1065135504907,cand_0005;cand_0000;cand_0070;cand_0010;cand_0013,cand_0021;cand_0015;cand_0052;cand_0062;cand_0045;cand_0066;cand_0005;cand_0000,True,134.8970267938332,0.014965166978072375
required09,ood,required09_ood_026,202609370026,seeded_local_search,3,True,True,1.0,9,9,,0.6373071072766316,27,0.6585365853658537,0.3,129.60460091435027,129.60460091435027,15.743617807385604,8,720.0,0.01955595798790455,0.00038941699312999845,261,51,3.2643887457740823,0.059205790001008125,0,True,1.0,19,False,40.48636682821154,False,reference_improved,cand_0000;cand_0005;cand_0066;cand_0045;cand_0062;cand_0052;cand_0015;cand_0021,1065135504907,cand_0005;cand_0000;cand_0070;cand_0010;cand_0013,cand_0021;cand_0015;cand_0052;cand_0062;cand_0045;cand_0066;cand_0005;cand_0000,True,134.8970267938332,0.017445750010665506
required09,ood,required09_ood_026,202609370026,adaptive_rollout_adp,3,True,True,1.0,9,9,,0.7409304134786666,29,0.7073170731707317,0.32222222222222224,116.94863572336958,116.94863572336958,14.19375393327171,9,810.0,0.3621210000128485,0.00039770902367308736,115326,68231,0.3126404740316717,0.059201291408881127,0,True,1.0,19,False,40.48636682821154,False,adaptive_rollout_adp,cand_0005;cand_0000;cand_0070;cand_0009;cand_0021;cand_0015;cand_0052;cand_0062;cand_0045,1408734985851,cand_0005;cand_0000;cand_0070;cand_0010;cand_0013,,False,nan,0.0
required09,ood,required09_ood_026,202609370026,coverage_only80,3,False,True,0.6666666666666666,9,6,mesh_00007;mesh_00052;mesh_00079,0.8134644636168418,29,0.7073170731707317,0.32222222222222224,90.72108703536469,757.3877537020314,10.997830603060438,9,810.0,0.17669662600383162,0.0003812920185737312,60937,36779,0.3126404740316717,0.05278198759371104,0,True,1.0,19,False,127.38804331907588,False,adaptive_rollout_adp,cand_0005;cand_0070;cand_0009;cand_0021;cand_0016;cand_0066;cand_0052;cand_0055;cand_0051,1898294673011,cand_0070;cand_0013;cand_0000;cand_0005;cand_0066;cand_0052;cand_0015;cand_0021;cand_0009,,False,nan,0.0
required09,ood,required09_ood_027,202609370027,incumbent,3,False,False,0.8888888888888888,9,8,mesh_00007,0.8847735602928039,38,0.926829268292683,0.4222222222222222,169.44864170714322,725.0041972626988,20.55507269899996,14,1260.0,0.0004949580179527402,0.0004947499837726355,147,84,1.0401326937566044,0.059201291408881127,0,False,0.8888888888888888,17,False,169.44864170714322,False,deterministic_base,cand_0005;cand_0010;cand_0013;cand_0070;cand_0068;cand_0021;cand_0015;cand_0052;cand_0062;cand_0045;cand_0063;cand_0066;cand_0009;cand_0014,2164662992887,cand_0005;cand_0010;cand_0013;cand_0070;cand_0068;cand_0021;cand_0015;cand_0052;cand_0062;cand_0045;cand_0063;cand_0066;cand_0009;cand_0014,,False,nan,0.0
required09,ood,required09_ood_027,202609370027,one_step_adp,1,False,False,0.0,9,0,mesh_00001;mesh_00007;mesh_00015;mesh_00019;mesh_00033;mesh_00052;mesh_00055;mesh_00059;mesh_00079,0.0,0,0.0,0.0,0.0,1000.0,0,0,0.0,0.002814041043166071,0.00046620803186669946,855,500,nan,nan,0,False,0.8888888888888888,17,False,169.44864170714322,False,adaptive_rollout_adp,,0,cand_0005;cand_0010;cand_0013;cand_0070;cand_0068;cand_0021;cand_0015;cand_0052;cand_0062;cand_0045;cand_0063;cand_0066;cand_0009;cand_0014,,False,0.0,0.002341541985515505
required09,ood,required09_ood_027,202609370027,seeded_local_search,3,False,False,0.0,9,0,mesh_00001;mesh_00007;mesh_00015;mesh_00019;mesh_00033;mesh_00052;mesh_00055;mesh_00059;mesh_00079,0.0,0,0.0,0.0,0.0,1000.0,0,0,0.0,0.002822333946824074,0.0004645419539883733,0,0,nan,nan,0,False,0.8888888888888888,17,False,169.44864170714322,False,no_candidate,,0,cand_0005;cand_0010;cand_0013;cand_0070;cand_0068;cand_0021;cand_0015;cand_0052;cand_0062;cand_0045;cand_0063;cand_0066;cand_0009;cand_0014,,False,0.0,0.0023300829925574362
required09,ood,required09_ood_027,202609370027,adaptive_rollout_adp,3,False,False,0.0,9,0,mesh_00001;mesh_00007;mesh_00015;mesh_00019;mesh_00033;mesh_00052;mesh_00055;mesh_00059;mesh_00079,0.0,0,0.0,0.0,0.0,1000.0,0,0,0.0,0.10481858305865899,0.0005334580200724304,35425,21530,nan,nan,0,False,0.8888888888888888,17,False,169.44864170714322,False,adaptive_rollout_adp,,0,cand_0005;cand_0010;cand_0013;cand_0070;cand_0068;cand_0021;cand_0015;cand_0052;cand_0062;cand_0045;cand_0063;cand_0066;cand_0009;cand_0014,,False,nan,0.0
required09,ood,required09_ood_027,202609370027,coverage_only80,3,False,True,0.8888888888888888,9,8,mesh_00007,0.8195631292983394,34,0.8292682926829268,0.37777777777777777,109.02203437055047,664.577589926106,13.213688793711624,11,990.0,0.14251737599261105,0.00040604203240945935,46370,26785,1.0871041962737076,0.04503981313417058,0,False,0.8888888888888888,17,False,107.25581500893658,False,adaptive_rollout_adp,cand_0005;cand_0070;cand_0068;cand_0021;cand_0015;cand_0009;cand_0066;cand_0052;cand_0062;cand_0063;cand_0045,2164661812855,cand_0005;cand_0066;cand_0009;cand_0015;cand_0021;cand_0068;cand_0052;cand_0062;cand_0063;cand_0045,,False,nan,0.0
required09,ood,required09_ood_028,202609370028,incumbent,3,False,False,0.8888888888888888,9,8,mesh_00007,0.9051209486074058,34,0.8292682926829268,0.37777777777777777,140.13815325199954,695.6937088075551,16.98543981819729,14,1260.0,0.000668916036374867,0.0006683330284431577,175,100,1.7781803100982474,0.058830201939178664,0,False,0.8888888888888888,19,False,140.13815325199954,False,deterministic_base,cand_0005;cand_0010;cand_0013;cand_0070;cand_0068;cand_0021;cand_0025;cand_0024;cand_0014;cand_0052;cand_0062;cand_0045;cand_0051;cand_0055,1443100098519,cand_0005;cand_0010;cand_0013;cand_0070;cand_0068;cand_0021;cand_0025;cand_0024;cand_0014;cand_0052;cand_0062;cand_0045;cand_0051;cand_0055,,False,nan,0.0
required09,ood,required09_ood_028,202609370028,one_step_adp,1,False,False,0.0,9,0,mesh_00001;mesh_00007;mesh_00015;mesh_00019;mesh_00033;mesh_00052;mesh_00055;mesh_00059;mesh_00079,0.0,0,0.0,0.0,0.0,1000.0,0,0,0.0,0.003702542046085,0.0006198750343173742,1021,586,nan,nan,0,False,0.8888888888888888,19,False,140.13815325199954,False,adaptive_rollout_adp,,0,cand_0005;cand_0010;cand_0013;cand_0070;cand_0068;cand_0021;cand_0025;cand_0024;cand_0014;cand_0052;cand_0062;cand_0045;cand_0051;cand_0055,,False,0.0,0.0030740000074729323
required09,ood,required09_ood_028,202609370028,seeded_local_search,3,False,False,0.0,9,0,mesh_00001;mesh_00007;mesh_00015;mesh_00019;mesh_00033;mesh_00052;mesh_00055;mesh_00059;mesh_00079,0.0,0,0.0,0.0,0.0,1000.0,0,0,0.0,0.003943666990380734,0.0005283749778755009,0,0,nan,nan,0,False,0.8888888888888888,19,False,140.13815325199954,False,no_candidate,,0,cand_0005;cand_0010;cand_0013;cand_0070;cand_0068;cand_0021;cand_0025;cand_0024;cand_0014;cand_0052;cand_0062;cand_0045;cand_0051;cand_0055,,False,0.0,0.0033777080243453383
required09,ood,required09_ood_028,202609370028,adaptive_rollout_adp,3,False,False,0.0,9,0,mesh_00001;mesh_00007;mesh_00015;mesh_00019;mesh_00033;mesh_00052;mesh_00055;mesh_00059;mesh_00079,0.0,0,0.0,0.0,0.0,1000.0,0,0,0.0,0.1646214589709416,0.0006394169759005308,57545,33031,nan,nan,0,False,0.8888888888888888,19,False,140.13815325199954,False,adaptive_rollout_adp,,0,cand_0005;cand_0010;cand_0013;cand_0070;cand_0068;cand_0021;cand_0025;cand_0024;cand_0014;cand_0052;cand_0062;cand_0045;cand_0051;cand_0055,,False,nan,0.0
required09,ood,required09_ood_028,202609370028,coverage_only80,3,False,True,0.6666666666666666,9,6,mesh_00007;mesh_00019;mesh_00079,0.8009899491758116,31,0.7560975609756098,0.34444444444444444,109.94000336326968,776.6066700299364,13.330256929941925,10,900.0,0.3151929579908028,0.00041375000728294253,101431,50450,1.1678007362603255,0.042678711430025384,0,False,0.8888888888888888,19,False,132.78805239297418,False,adaptive_rollout_adp,cand_0005;cand_0010;cand_0070;cand_0068;cand_0045;cand_0063;cand_0052;cand_0066;cand_0014;cand_0024,1881193936855,cand_0016;cand_0014;cand_0009;cand_0045;cand_0063;cand_0062;cand_0052;cand_0066;cand_0068;cand_0021;cand_0055,,False,nan,0.0
required09,ood,required09_ood_029,202609370029,incumbent,3,False,False,0.2222222222222222,9,2,mesh_00015;mesh_00019;mesh_00033;mesh_00052;mesh_00055;mesh_00059;mesh_00079,0.19686806793047135,8,0.1951219512195122,0.08888888888888889,35.980846678115974,924.8697355670049,4.360652736834521,4,360.0,0.00024879194097593427,0.00024858396500349045,85,72,1.9085174912558591,0.0384879681927742,0,False,0.7777777777777778,19,False,35.980846678115974,False,deterministic_base,cand_0005;cand_0000;cand_0010;cand_0013,1180107,cand_0005;cand_0000;cand_0010;cand_0013,,False,nan,0.0
required09,ood,required09_ood_029,202609370029,one_step_adp,1,False,False,0.0,9,0,mesh_00001;mesh_00007;mesh_00015;mesh_00019;mesh_00033;mesh_00052;mesh_00055;mesh_00059;mesh_00079,0.0,0,0.0,0.0,0.0,1000.0,0,0,0.0,0.002375081996433437,0.00023166602477431297,863,553,nan,nan,0,False,0.7777777777777778,19,False,35.980846678115974,False,adaptive_rollout_adp,,0,cand_0005;cand_0000;cand_0010;cand_0013,,False,0.0,0.0021382499835453928
required09,ood,required09_ood_029,202609370029,seeded_local_search,3,False,False,0.0,9,0,mesh_00001;mesh_00007;mesh_00015;mesh_00019;mesh_00033;mesh_00052;mesh_00055;mesh_00059;mesh_00079,0.0,0,0.0,0.0,0.0,1000.0,0,0,0.0,0.0025541249779053032,0.0002282499917782843,0,0,nan,nan,0,False,0.7777777777777778,19,False,35.980846678115974,False,no_candidate,,0,cand_0005;cand_0000;cand_0010;cand_0013,,False,0.0,0.0022984580136835575
required09,ood,required09_ood_029,202609370029,adaptive_rollout_adp,3,False,False,0.0,9,0,mesh_00001;mesh_00007;mesh_00015;mesh_00019;mesh_00033;mesh_00052;mesh_00055;mesh_00059;mesh_00079,0.0,0,0.0,0.0,0.0,1000.0,0,0,0.0,0.1689799180603586,0.00028183404356241226,64427,37940,nan,nan,0,False,0.7777777777777778,19,False,35.980846678115974,False,adaptive_rollout_adp,,0,cand_0005;cand_0000;cand_0010;cand_0013,,False,nan,0.0
required09,ood,required09_ood_029,202609370029,coverage_only80,3,False,False,0.0,9,0,mesh_00001;mesh_00007;mesh_00015;mesh_00019;mesh_00033;mesh_00052;mesh_00055;mesh_00059;mesh_00079,0.0,0,0.0,0.0,0.0,1000.0,0,0,0.0,0.06388183403760195,0.0002637919969856739,18820,11327,nan,nan,0,False,0.7777777777777778,19,False,41.514324979658845,False,adaptive_rollout_adp,,0,cand_0005;cand_0010;cand_0013;cand_0000,,False,nan,0.0
