edge_index,source_id,target_id,feasible,rejection_reason,min_clearance,peak_input,max_speed,terminal_position_error,terminal_speed,stage_cost
0,,g01_t00_000,True,,2.6856203250819126,0.04244898942008804,0.9886028354687747,1.6758116906701664e-14,2.6406571350512427e-16,16.23202056882119
1,,g01_t00_054,True,,5.584731414032806,0.04911841320626006,1.1417372288856615,1.7404671430534633e-14,5.393176891694564e-16,18.767107946118823
2,,g01_t00_023,True,,6.697259544463121,0.032452031163984776,0.7543276826963483,1.464821375527116e-14,3.3467127652111137e-16,12.39875476287478
3,,g01_t01_000,False,clearance;speed;input,-5.655835576601188,0.08785170493838117,2.0455804104900728,2.864289338439558e-14,6.693425530422227e-16,712.3042022006738
4,,g01_t01_049,False,clearance;input,-5.449194750315384,0.07602265241539073,1.7700635772619868,5.2814885788587084e-14,1.1423703997901867e-15,682.9891362248134
5,,g01_t01_029,False,clearance;input,-5.7309442804219035,0.0848598996751155,1.975924277786411,4.145281976895744e-14,5.103861891161692e-16,720.1743657897119
6,,g01_t02_000,False,input,1.7534256548034,0.0601808029291651,1.3990277524674872,3.552713678800501e-14,2.55987824628e-16,22.994513479252873
7,,g01_t02_045,True,,2.6362882434524355,0.051033275418231286,1.1855784441627704,1.3293037379376718e-14,3.1062693092164517e-16,19.49522624309615
8,,g01_t02_057,True,,15.70575230327906,0.05278641562796186,1.2239746465714965,2.842170943040401e-14,2.8911132732289485e-16,20.137864201081165
9,,g01_t03_000,False,clearance,-0.922588793626721,0.04249577574127467,0.9871276845650951,2.6660151455011122e-14,3.3450938666784586e-16,126.94240521397408
10,,g01_t03_026,True,,3.0906090081838697,0.036976124574396994,0.8584363585076594,2.9904594456919385e-14,3.607057038716053e-16,14.119274985452948
11,,g01_t03_060,False,clearance,-2.584618502393538,0.045270782423806985,1.052353723872079,3.709141974507642e-14,5.961029917026489e-16,327.4560485282633
12,,g01_t04_000,True,,22.015581029451003,0.02762162577156087,0.6392921506518683,3.972054645195637e-15,4.44577480913026e-16,10.525653396052519
13,,g01_t04_015,True,,24.370837127683718,0.021008934646358814,0.4879736090008309,1.2306961192854808e-14,5.372367407912652e-17,8.024680414308103
14,,g01_t04_047,True,,18.340544988099282,0.009875550423744422,0.22899711958058547,1.2840246461466052e-14,1.155513357455124e-16,3.767257819579459
15,,g01_t05_005,False,clearance,-3.9956200210305903,0.045709552367658224,1.0644209181287987,1.432144669219779e-14,2.2473876566261383e-16,496.9565251590734
16,,g01_t05_052,True,,0.955961553495172,0.03880386984261003,0.9020590102159083,2.2748467065386707e-14,1.1983411512519015e-16,14.825629872719157
17,,g01_t05_018,True,,11.98282364102568,0.03963384331659667,0.9231384376522568,7.755684626330685e-15,1.4282000606939e-16,15.154175820347561
18,,g01_t06_000,False,clearance,-4.536928722357491,0.052667046318380976,1.2260889625080256,1.464821375527116e-14,1.204352933888832e-16,564.5800812236052
19,,g01_t06_025,True,,1.8301852225965065,0.055366056181696655,1.2870045499766856,2.95110562224397e-14,1.4555146645863653e-16,21.163247798766598
20,,g01_t06_053,False,clearance;input,-4.972159499588039,0.062347277203187314,1.4513330425232578,3.426112997215453e-14,7.953134866110206e-16,620.5081678306032
21,,g01_t07_000,True,,3.2713207998998595,0.04439989369081443,1.0287430828308055,2.2748467065386707e-14,2.017357358955839e-16,16.932412417133392
22,,g01_t07_025,True,,7.890393264750306,0.046781999444182286,1.0856350161568584,2.2061894264123476e-14,3.5706660767766427e-16,17.861596881965646
23,,g01_t07_056,False,clearance,-4.746951354342323,0.055997113483743546,1.3008581130734578,5.317214951750687e-14,3.4134844607150005e-16,591.0249490268759
24,,g01_t08_000,False,clearance;input,-3.5496909289770326,0.07479444909772778,1.7412670767693377,7.25484662803742e-14,1.120287590452601e-15,454.57750550162075
25,,g01_t08_013,False,clearance,-0.33317182796427103,0.058713367634989064,1.3663691928625825,1.9131948672901813e-14,1.9821445675202305e-16,62.43882643804171
26,,g01_t08_027,False,clearance,-4.4109881750782,0.057215165742707276,1.3319913863571635,1.5987211554602254e-14,1.528132866464668e-16,551.2095268946568
27,,g01_t09_000,False,clearance,-3.2366685114425504,0.05412267262044032,1.2596097741465133,4.2780337774645346e-14,4.165648664845488e-16,409.10135197576165
28,,g01_t10_000,True,,5.014096693818899,0.04576703907862677,1.0612538829209104,8.728132538933693e-14,1.0758866319577256e-15,17.46401000028466
29,,g01_t11_000,False,clearance;input,-5.3243954393249755,0.07245570931417118,1.6866798107744978,3.426112997215453e-14,1.2412670766236366e-16,666.6365987599536
30,,g01_t12_000,True,,0.9258400000600235,0.057931961893643615,1.3489010338258922,5.422982071392023e-14,4.1354876261643746e-16,22.15903626951965
31,,g01_t13_000,True,,2.4614868343554135,0.04387622942995518,1.019265507376819,2.8876045034225334e-14,1.6064700823479085e-16,16.763109290171872
32,,g01_t14_000,False,clearance;input,-2.27337062156188,0.060287238999414905,1.4033241937439034,3.827420411968639e-14,7.197743778714039e-16,295.8589002258371
33,g01_t00_000,g01_t00_054,False,clearance,-1.7636333998074218,0.021029908344354906,0.48555902057038886,1.5888218580782548e-14,1.192425245772094e-16,219.63056960585752
34,g01_t00_000,g01_t00_023,False,clearance,-3.1813312970643812,0.01891829785032692,0.43872865577591585,1.3293037379376718e-14,2.854713996837915e-16,388.96701058843547
35,g01_t00_000,g01_t01_000,False,clearance;input,-4.531068390229527,0.061133168387808856,1.4228742616939642,3.256115871121665e-14,4.067547409496489e-16,567.1133539736855
36,g01_t00_000,g01_t01_049,False,clearance;input,-2.6982410950186573,0.06107456823275279,1.4217079696825763,2.3092638912203256e-14,8.362734666696147e-17,347.1562824118211
37,g01_t00_000,g01_t01_029,False,clearance;input,-4.7584665007683835,0.06489999355245092,1.510443859326464,3.845224228708865e-14,1.6747045952985e-16,595.8418715196597
38,g01_t00_000,g01_t02_000,False,clearance,-3.552319937572841,0.026758263078077472,0.6182415128728561,1.6280579355608324e-14,4.895924728675929e-16,436.45883643684357
39,g01_t00_000,g01_t02_045,False,clearance,-3.052755564435983,0.03361757390090234,0.7795278784220285,2.5433559371059917e-14,8.554842949272357e-17,379.15255085615183
40,g01_t00_000,g01_t02_057,False,clearance,-2.889199296336539,0.034972110634056836,0.8080450177146243,1.8115356374411762e-14,4.596539012395161e-16,360.0059740555926
41,g01_t00_000,g01_t03_000,False,clearance,-4.155551248930399,0.05195965510858084,1.206602930186265,5.824852576122053e-14,5.887846720064157e-16,518.5102901811914
42,g01_t00_000,g01_t03_026,False,clearance;input,-1.5975779533385728,0.06340203952477047,1.4743154144567954,3.564874959792661e-14,1.8424037361508207e-16,215.93860063323285
43,g01_t00_000,g01_t03_060,False,clearance;input,-4.155091037527358,0.061727280754314585,1.4353724553094753,6.021299461408451e-14,7.645389055643448e-16,522.20286063856
44,g01_t00_000,g01_t04_000,True,,2.6926381717055525,0.05537266780126948,1.2865660930070069,7.426786282979547e-14,7.333449884681622e-16,21.150555781191063
45,g01_t00_000,g01_t04_015,False,input,2.6336604270634547,0.061097431320002116,1.422199703882994,1.9131948672901813e-14,4.825400815232003e-16,23.360160763978406
46,g01_t00_000,g01_t04_047,True,,2.7083021213984377,0.0418822332133179,0.9746861957568481,3.47753327475642e-14,6.505601258056617e-16,16.00977932482287
47,g01_t00_000,g01_t05_005,False,clearance,-2.244607607031307,0.01105523233539909,0.2564344202487305,1.464821375527116e-14,3.1572443831564574e-17,273.5719662147576
48,g01_t00_000,g01_t05_052,False,clearance,-3.3623748266586198,0.01627135395960795,0.375751949239239,2.6586074758753436e-14,5.230126551181621e-17,409.66445980044927
49,g01_t00_000,g01_t05_018,True,,2.8619103121138543,0.009652569870450758,0.22342196875191703,2.416106516409301e-14,1.9581831835382294e-16,3.679287890640483
50,g01_t00_000,g01_t06_000,False,clearance;input,-3.185146610429735,0.07141900449663371,1.663660754767048,3.1389285920852735e-14,7.398814241709985e-16,409.54018922560266
51,g01_t00_000,g01_t06_025,False,clearance;input,-4.360159372329382,0.06816667943405971,1.5867619248873153,3.859234884089423e-14,6.876510376605826e-16,549.2836856276828
52,g01_t00_000,g01_t06_053,False,clearance;input,-5.769787835107145,0.0851693532095486,1.9842682228616948,4.263256414560601e-14,7.622130967036463e-16,724.9584221456552
53,g01_t00_000,g01_t07_000,False,clearance;input,-4.638507676638077,0.0649679145482764,1.5111467935234675,2.4868995751603507e-14,3.471804967990148e-16,581.4419473025532
54,g01_t00_000,g01_t07_025,False,clearance;input,-4.080138873488446,0.062382423243880096,1.4514235201256431,4.296434007659337e-14,5.269906052109842e-16,513.4574799615735
55,g01_t00_000,g01_t07_056,False,clearance;input,-4.9436575733032555,0.08197099235834485,1.908426506596083,3.83051078018465e-14,1.1357763321845418e-15,624.5784320350892
56,g01_t00_000,g01_t08_000,False,clearance;speed;input,-5.508540149992115,0.08968787200452794,2.088948677554661,5.772476473450155e-14,6.866196804106539e-16,695.3381768289688
57,g01_t00_000,g01_t08_013,False,clearance;input,-5.020666180972213,0.07836474365485757,1.8253279698235951,2.95110562224397e-14,7.304318878881685e-16,632.4562727032779
58,g01_t00_000,g01_t08_027,False,clearance;input,-5.058419094034746,0.07112622892501261,1.6565967718688719,1.8115356374411762e-14,6.010015764165136e-16,634.2203610790867
59,g01_t00_000,g01_t09_000,False,clearance,-4.054370849183751,0.04158031297630608,0.9674158142793793,1.3293037379376718e-14,2.7548807028800633e-16,502.42457578615307
60,g01_t00_000,g01_t10_000,False,clearance;input,-4.627649865300729,0.0645735604350204,1.5022292238099761,3.835655860784681e-14,2.306595211858756e-16,579.9924718952032
61,g01_t00_000,g01_t11_000,False,clearance;speed;input,-6.275164107146232,0.09966792344310431,2.3219360663947644,3.014577520672848e-14,4.0750866181565935e-16,791.1445674273513
62,g01_t00_000,g01_t12_000,False,clearance,-2.7526452043190033,0.0430446010868897,1.0003119877050557,4.46569184830158e-14,2.090616195157159e-16,346.77121664211836
63,g01_t00_000,g01_t13_000,False,clearance;input,-4.649349845526592,0.06528722384263405,1.5201024598846886,3.827420411968639e-14,5.43984499737905e-16,582.8841612856805
64,g01_t00_000,g01_t14_000,False,clearance,-3.4913640276098588,0.022983093439545167,0.5331612744237033,2.2469334198890888e-14,1.8725373707886343e-16,427.73570799162803
65,g01_t00_054,g01_t00_000,False,clearance,-1.746209101484001,0.02102144613455275,0.4855589676176955,2.842170943040401e-14,1.539512110316623e-16,217.5355855600609
66,g01_t00_054,g01_t00_023,True,,6.702270313023986,0.016722706357238947,0.38780517954911675,1.0658141036401503e-14,1.5838319836915702e-16,6.373697245288797
67,g01_t00_054,g01_t01_000,True,,19.190400995805497,0.05694103756583496,1.3238528587602845,2.95110562224397e-14,5.655943455894162e-16,21.761854798842283
68,g01_t00_054,g01_t01_049,True,,16.292928253609784,0.055474104141292106,1.289939603083599,4.5635433489597437e-14,4.0993831817718474e-16,21.20920716392191
69,g01_t00_054,g01_t01_029,False,input,13.650022499747013,0.06367301329539098,1.4798893783272518,2.6344881223165014e-14,3.916020579897834e-16,24.334458372661835
70,g01_t00_054,g01_t02_000,True,,19.544664189929087,0.013557595593849333,0.3144839938680834,7.944109290391274e-15,1.2533302082415627e-16,5.167179570278409
71,g01_t00_054,g01_t02_045,True,,19.524765548171956,0.01726256875718978,0.4008800172112604,1.2809491335957507e-14,9.86354676812233e-17,6.59385888890724
72,g01_t00_054,g01_t02_057,True,,19.534150569402925,0.017331496932821034,0.39854429665861496,3.351623381340333e-14,1.8279738656534055e-16,6.554406619567764
73,g01_t00_054,g01_t03_000,False,clearance;input,-4.56167503715707,0.06236902837784644,1.44774244190794,6.42258022402264e-14,1.1210126175528405e-16,571.230058670353
74,g01_t00_054,g01_t03_026,False,clearance;input,-5.145977571210102,0.07126451633773591,1.6559425760256101,9.665860777466587e-14,5.723641179706052e-16,644.7535587686955
75,g01_t00_054,g01_t03_060,False,clearance;input,-5.161555720286424,0.06791677351721429,1.577876391529079,1.0004532555519122e-13,8.220759195387499e-16,645.3422894421391
76,g01_t00_054,g01_t04_000,False,clearance;input,-0.297108578758015,0.06729010795797485,1.56284391344855,5.706503147070311e-14,7.953513231875207e-16,61.36549900497407
77,g01_t00_054,g01_t04_015,False,input,4.837900312207145,0.0693961532951474,1.613499173468757,9.243885181758805e-14,9.24723145221278e-16,26.52337942226052
78,g01_t00_054,g01_t04_047,True,,3.058741108895136,0.05084276079313079,1.1811570505075224,4.463041323674983e-14,1.9391694656259618e-16,19.42302583910549
79,g01_t00_054,g01_t05_005,True,,3.63569345771911,0.01518553468595928,0.3493089922335449,3.28025345777039e-14,2.603776020020795e-16,5.751981201046933
80,g01_t00_054,g01_t05_052,True,,4.734856028126361,0.013744579882899795,0.3189646176461186,2.864289338439558e-14,8.326672684688674e-17,5.239308019571024
81,g01_t00_054,g01_t05_018,False,clearance,-3.7650877994538337,0.028643009564643628,0.6625184727368051,3.318805566638151e-14,2.374100746150165e-16,462.7188958932811
82,g01_t00_054,g01_t06_000,False,clearance;input,-3.8361530571046183,0.0674772107063965,1.5702617464429047,2.4242552967656972e-14,9.47152663563575e-16,486.1361359691784
83,g01_t00_054,g01_t06_025,True,,12.674328535108137,0.05769592151945463,1.3440811601356564,2.5618982671915014e-14,9.907021566356748e-17,22.07478040933278
84,g01_t00_054,g01_t06_053,False,input,7.047066419936783,0.07819447884412667,1.820894760259124,2.2469334198890888e-14,3.1155556357914184e-16,29.90267545954432
85,g01_t00_054,g01_t07_000,True,,18.81167963216861,0.05523875902428105,1.2863148962366158,2.2469334198890888e-14,9.393171220479282e-17,21.116634125147726
86,g01_t00_054,g01_t07_025,True,,16.240285263621907,0.051233035000012826,1.1933334321765134,2.5879391579645743e-14,6.425341757208304e-16,19.593238040850387
87,g01_t00_054,g01_t07_056,False,input,18.479892909270554,0.07245407488783598,1.688213493590565,1.464821375527116e-14,7.076311083754595e-16,27.713805610466785
88,g01_t00_054,g01_t08_000,False,input,5.212391384121978,0.08434965586115652,1.9631963419805984,5.21611087124044e-14,3.379462171739212e-16,32.255716801411495
89,g01_t00_054,g01_t08_013,False,input,9.316266250813598,0.07027469207659046,1.6366435243834094,1.5888218580782548e-14,6.455129592272575e-16,26.87744285209311
90,g01_t00_054,g01_t08_027,False,input,3.160620882994187,0.06612769726018887,1.5388594114065723,4.325711579826191e-14,3.6248664865870465e-16,25.284297425938625
91,g01_t00_054,g01_t09_000,True,,11.48602998075037,0.034447672494061304,0.8005838260393174,2.7974095480984613e-14,2.3013707539344676e-16,13.1649781475177
92,g01_t00_054,g01_t10_000,True,,18.80409562958504,0.05378585056996641,1.2526678550994923,3.852073938439816e-14,9.209927772554725e-16,20.565023127048
93,g01_t00_054,g01_t11_000,False,speed;input,6.80799226849957,0.09282091328764333,2.1616960516064334,6.56050691554078e-14,1.1908443921440498e-15,35.49442056331732
94,g01_t00_054,g01_t12_000,False,clearance,-4.58227786289523,0.05274761148474849,1.2235017061231062,2.929642751054232e-14,4.218517940306983e-16,570.0143620107821
95,g01_t00_054,g01_t13_000,True,,12.540608268505144,0.05647981066697122,1.3160592705901961,1.888293221827313e-14,3.276010472373047e-16,21.606251268718403
96,g01_t00_054,g01_t14_000,True,,18.87321117078536,0.015331846141224289,0.35506321340026853,2.1316282072803006e-14,4.649091279749147e-17,5.83347660486526
97,g01_t00_023,g01_t00_000,False,clearance,-3.157495338697669,0.018915538861945056,0.43872863617321073,1.637720085286689e-14,1.2822880682672682e-16,386.10514658722565
98,g01_t00_023,g01_t00_054,True,,6.709553699675342,0.016728617482180845,0.38780522331290346,8.881784197001252e-15,6.691626947686432e-17,6.3770987025947345
99,g01_t00_023,g01_t01_000,False,input,5.374778506056246,0.06447220663228037,1.500337814295638,1.5888218580782548e-14,1.6303632263419695e-16,24.653441110759346
100,g01_t00_023,g01_t01_049,True,,0.21992017439143519,0.05822468906479747,1.3549282617627245,3.66205343881779e-14,3.6190921865299667e-16,22.271408117031115
101,g01_t00_023,g01_t01_029,False,input,2.126548623044017,0.0671191031681307,1.561441140437693,7.488081885669683e-14,8.766105451171045e-16,25.664172203982147
102,g01_t00_023,g01_t02_000,True,,6.239150077416207,0.028631560601315855,0.6648225796882417,2.040878629308206e-14,8.52235322860575e-17,10.92708334751108
103,g01_t00_023,g01_t02_045,True,,6.899481171404087,0.02302302356948607,0.5336966819115098,2.9777166713245526e-14,2.776641552059818e-16,8.781473863319116
104,g01_t00_023,g01_t02_057,True,,6.889489291396096,0.02494825466342802,0.5750544199355315,3.776586443654626e-14,2.108242206147379e-16,9.468944393715441
105,g01_t00_023,g01_t03_000,False,clearance,-4.277610687399954,0.0509159852142952,1.1814033657774887,4.420416792828982e-14,2.387624894196368e-16,532.7600473055898
106,g01_t00_023,g01_t03_026,False,clearance,-2.1532840303527916,0.056897158499943236,1.3216441777801602,4.1272979576997665e-14,7.601177430610147e-17,280.13439139188813
107,g01_t00_023,g01_t03_060,False,clearance,-4.7507396070639025,0.05610255143799049,1.3033887135252693,1.9459014222361976e-14,7.654200736083403e-16,591.5297103890425
108,g01_t00_023,g01_t04_000,True,,5.8266856134720735,0.05181350031386873,1.202494686800817,2.1390168887322673e-14,6.197559092651216e-16,19.78911135845786
109,g01_t00_023,g01_t04_015,True,,6.522957641276645,0.05274739252012077,1.2264731599424843,2.6586074758753436e-14,3.4723947295892698e-16,20.162038964768797
110,g01_t00_023,g01_t04_047,True,,6.436838331081936,0.034478319229596106,0.8007700207712992,3.472993412148844e-14,2.5561137174104163e-16,13.17082918413431
111,g01_t00_023,g01_t05_005,True,,2.547849313947097,0.01757088282248718,0.4078540606600539,5.0242958677880805e-15,1.1979644131284958e-16,6.698994655784085
112,g01_t00_023,g01_t05_052,True,,3.862655862507402,0.010130894975510493,0.23528753489218426,1.0658141036401503e-14,1.7690777709386487e-17,3.8644154802055946
113,g01_t00_023,g01_t05_018,False,clearance,-2.7188266172266276,0.02282467098186717,0.5288289902619839,3.195282814685258e-14,2.5981646765968694e-16,334.9559777222693
114,g01_t00_023,g01_t06_000,False,clearance,-4.821000145791391,0.05801138153585373,1.350335286730476,4.3944641265813476e-14,2.776424787817943e-16,600.7045326004817
115,g01_t00_023,g01_t06_025,True,,4.0690069374628655,0.05172926359350582,1.204281082051671,1.5888218580782548e-14,5.119874046236443e-16,19.785165401650637
116,g01_t00_023,g01_t06_053,False,clearance;input,-1.9921906820026276,0.06917071133633836,1.6108936085283474,2.040878629308206e-14,4.124633389894517e-16,265.5189092848227
117,g01_t00_023,g01_t07_000,True,,6.8831878780281235,0.046567741994982106,1.0828308420261983,7.944109290391274e-15,3.943931115005842e-16,17.78565598821634
118,g01_t00_023,g01_t07_025,True,,6.896710325394264,0.04397747538264269,1.023076959072807,1.865174681370263e-14,2.928344767506751e-16,16.80636995897577
119,g01_t00_023,g01_t07_056,False,input,6.842974532345294,0.06330160425105749,1.4739827143120172,4.713207304057789e-14,8.111089131569692e-16,24.204060477357803
120,g01_t00_023,g01_t08_000,False,clearance;input,-4.327432578323585,0.0774182618298966,1.8022046300191115,2.467793789664406e-14,2.8576114088871287e-16,548.903090806899
121,g01_t00_023,g01_t08_013,False,clearance;input,-0.7009695103853031,0.06213970021210269,1.447301107437975,1.0658141036401503e-14,5.255381918445909e-16,107.88766795491084
122,g01_t00_023,g01_t08_027,False,clearance,-4.260415290696505,0.05840293004319454,1.3594764640402206,3.241547046942845e-14,2.4847151100229447e-16,533.587309449062
123,g01_t00_023,g01_t09_000,True,,0.9415347315351934,0.034640991197091506,0.8060929886489193,1.0048591735576161e-14,2.232799541662844e-16,13.252389775593777
124,g01_t00_023,g01_t10_000,True,,6.8955664022277965,0.045736918748677774,1.0637807215996762,5.136098584586421e-14,3.267180239406185e-16,17.47325841306199
125,g01_t00_023,g01_t11_000,False,input,0.48520644521997625,0.08308360936162246,1.9349688563215997,2.0097183471152322e-14,6.941269953910535e-16,31.77327149844755
126,g01_t00_023,g01_t12_000,False,clearance,-3.7284874826500025,0.04878083965250304,1.1329070845328837,2.864289338439558e-14,1.9379276022481102e-16,466.05663560679557
127,g01_t00_023,g01_t13_000,True,,6.877054127013899,0.04707067404059244,1.0962594453514483,1.0658141036401503e-14,1.6700261377343067e-16,18.002175900734365
128,g01_t00_023,g01_t14_000,True,,5.532122085930405,0.028958529606498494,0.6741542046782358,1.3557455178480058e-14,1.4262760966092848e-16,11.072625546391802
129,g01_t01_000,g01_t00_000,False,clearance;input,-4.07569067566012,0.06112547580025562,1.4228741878010014,7.832102143740585e-14,3.4457739489332884e-16,512.4623599253963
130,g01_t01_000,g01_t00_054,True,,19.301984574823067,0.05692269366319667,1.323852739283908,5.826883674891095e-14,2.7511642410880956e-16,21.752678140871318
131,g01_t01_000,g01_t00_023,False,input,5.806764769739973,0.06446062051458397,1.5003377270097529,2.774758085844075e-14,4.193045898434549e-17,24.64670112973977
132,g01_t01_000,g01_t01_049,True,,31.061803820155877,0.02382186356842939,0.5537172882386586,5.739584601870544e-14,5.638518458786839e-17,9.089894214571242
133,g01_t01_000,g01_t01_029,True,,22.351728693807107,0.017069920339610137,0.396203267152422,4.062358235442782e-14,1.372516020618253e-16,6.518260918401394
134,g01_t01_000,g01_t02_000,False,input,24.122294168746716,0.0608661078071421,1.4150359366562315,6.824540119616012e-14,7.08447135294733e-16,23.256552760230058
135,g01_t01_000,g01_t02_045,True,,21.1175480751371,0.05007607967875738,1.1640160928411922,6.407208558155529e-14,4.535298425247855e-16,19.1232318829808
136,g01_t01_000,g01_t02_057,False,input,28.68289530612536,0.07037858008429411,1.6358017091292005,5.422982071392023e-14,4.184101240945297e-16,26.88317385767604
137,g01_t01_000,g01_t03_000,False,clearance;input,-5.168979061491534,0.06871359905674276,1.597067997102381,5.3231460355262417e-14,3.983674527587667e-16,646.5307337591692
138,g01_t01_000,g01_t03_026,False,clearance;input,-2.5802327519338015,0.08555663731815268,1.9904936639746094,4.823612411392521e-14,7.571983521139492e-16,342.3329122340164
139,g01_t01_000,g01_t03_060,False,clearance;input,-0.5552785036825423,0.07239242008297982,1.6837781285723057,9.872773341321486e-14,7.229781372259439e-16,94.29992307086337
140,g01_t01_000,g01_t04_000,False,clearance;speed;input,-5.677105609624654,0.0907201476323798,2.1103795099056715,9.580806590862636e-14,8.5863029454558255e-16,715.9339020784546
141,g01_t01_000,g01_t04_015,False,clearance;speed;input,-6.303862578753439,0.10146405538068325,2.3621644920425444,9.379433253147401e-14,5.887846720064157e-16,795.2683668374154
142,g01_t01_000,g01_t04_047,False,clearance;input,-5.683615970124107,0.08350882278155379,1.9440192194786523,9.89233012452913e-14,5.4672143489065705e-16,713.9705417792314
143,g01_t01_000,g01_t05_005,True,,3.436070484370342,0.05162638120232115,1.2015532170787122,6.052660608233687e-14,4.9373000364179077e-17,19.741238712696322
144,g01_t01_000,g01_t05_052,False,input,4.212884450675814,0.0675520888005242,1.5720524039586101,2.040878629308206e-14,1.415262216750919e-16,25.828478016165754
145,g01_t01_000,g01_t05_018,False,clearance;input,-4.626693531069503,0.06052784972333289,1.408817192325316,8.677030422129245e-14,9.283866642525073e-16,578.3538183910174
146,g01_t01_000,g01_t06_000,False,input,12.376589274396345,0.07521604382877099,1.7523457489153862,2.6822400070865448e-14,1.2865287526007893e-15,28.766619752477638
147,g01_t01_000,g01_t06_025,False,input,19.551137412475438,0.07351572942517075,1.7118770685650373,2.7974095480984613e-14,3.592846427591284e-16,28.10444995426468
148,g01_t01_000,g01_t06_053,False,speed;input,16.532054051081072,0.09053404176917021,2.109619962161077,1.6280579355608324e-14,6.281352024027695e-16,34.62945984449686
149,g01_t01_000,g01_t07_000,False,speed;input,14.83929145791582,0.09797878189409895,2.280739884526672,7.652779469160725e-14,4.695944831791985e-16,37.45854699542186
150,g01_t01_000,g01_t07_025,False,input,20.206881036057492,0.08116359467543537,1.889474155985861,2.8435583831733384e-14,1.1086606741956414e-15,31.02638352184217
151,g01_t01_000,g01_t07_056,False,speed;input,19.202683614156875,0.10681662247412711,2.4875162985866432,3.6230712748823524e-14,7.108895957933346e-16,40.84600785286896
152,g01_t01_000,g01_t08_000,False,input,27.219347007127453,0.07880958115840143,1.8362222345517332,5.826883674891095e-14,9.719406554527593e-16,30.142956839082814
153,g01_t01_000,g01_t08_013,False,input,16.201891466974644,0.0837148734010786,1.9503681490397533,1.2946704798571743e-13,6.671810536852046e-16,32.01617364562045
154,g01_t01_000,g01_t08_027,False,input,18.351136043485702,0.06894528512744516,1.6061699890263381,5.3791651771912257e-14,1.946913164934977e-16,26.36592829228041
155,g01_t01_000,g01_t09_000,True,,17.91614302921067,0.03798681864625308,0.8837538551733342,5.0242958677880805e-15,2.3019100745106954e-16,14.510191648070364
156,g01_t01_000,g01_t10_000,False,speed;input,17.624962936359104,0.09001110055520846,2.095371051247599,8.767810172089014e-14,1.1112633712766274e-15,34.41044015789956
157,g01_t01_000,g01_t11_000,False,speed;input,18.012099455568055,0.1069172779811502,2.4916343756161434,1.017962516548778e-13,8.405536326517158e-16,40.900070039972206
158,g01_t01_000,g01_t12_000,False,clearance,-3.97426528395437,0.044160273609971705,1.0255034610004328,3.351623381340333e-14,1.8567214655012615e-16,493.7789789524254
159,g01_t01_000,g01_t13_000,False,input,14.394889018765241,0.08580281538254043,1.9982548666683495,1.0905442222629935e-13,6.519976127064214e-16,32.80919770117943
160,g01_t01_000,g01_t14_000,True,,19.686738756102994,0.04750872957770252,1.104977043271351,7.280896430443987e-14,1.668223237351511e-16,18.15801468288683
161,g01_t01_049,g01_t00_000,False,clearance;input,-2.5676695839130876,0.0610668386430179,1.421707900602965,2.07157025572446e-14,6.695965205397102e-16,331.4824136308672
162,g01_t01_049,g01_t00_054,True,,17.566716517110706,0.05545462681999356,1.2899394827501556,3.709141974507642e-14,8.886119947416683e-17,21.20000958522572
163,g01_t01_049,g01_t00_023,True,,1.7834614430834026,0.058211476484198645,1.3549281689252466,2.7288911567313107e-14,2.660694867584809e-16,22.2643005700387
164,g01_t01_049,g01_t01_000,True,,31.11150469114085,0.02382125197517702,0.5537172822894486,2.5864145986817697e-14,1.1232920546890066e-16,9.0894239016556
165,g01_t01_049,g01_t01_029,True,,22.345060598079844,0.018384254311078815,0.42618550999503885,1.6197084762158984e-14,1.0706209616219065e-16,7.004625608039649
166,g01_t01_049,g01_t02_000,False,input,24.01935890847459,0.06388775434422339,1.4858830241423102,2.5618982671915014e-14,6.200514213743098e-16,24.421864392236984
167,g01_t01_049,g01_t02_045,True,,20.914061049530762,0.04324110731198179,1.0047355709501502,4.8452554668848276e-14,5.530694562324905e-16,16.51521201537262
168,g01_t01_049,g01_t02_057,False,input,22.062708927359864,0.06712328229727127,1.5599186058297845,4.9483575555996563e-14,5.752276084367644e-16,25.64327547128854
169,g01_t01_049,g01_t03_000,True,,2.242970677258858,0.056430289475953986,1.3107450817679984,4.016491691983153e-14,4.1748851477261605e-16,21.5589078793155
170,g01_t01_049,g01_t03_026,False,input,1.213328078104126,0.06933330489389306,1.6123080557209197,4.966061220874334e-14,7.007939324928157e-16,26.50262099550452
171,g01_t01_049,g01_t03_060,True,,11.4020197180011,0.05539647707886815,1.2875380304429307,4.986471270604724e-14,5.642306441582291e-16,21.168209150579376
172,g01_t01_049,g01_t04_000,False,clearance;input,-4.468708698665529,0.07833791035411447,1.8218048296957565,7.184918763469982e-14,5.181453794521193e-16,566.1943538198861
173,g01_t01_049,g01_t04_015,False,clearance;speed;input,-4.865819543761729,0.08735228043309111,2.033359947825318,8.687819715644795e-14,8.820859921416071e-16,617.31057645166
174,g01_t01_049,g01_t04_047,False,clearance;input,-5.109831050883795,0.0715738109375331,1.6660417419501448,5.078175163547913e-14,8.200821523359857e-16,640.5577988359233
175,g01_t01_049,g01_t05_005,True,,3.459291334878253,0.051001291463575,1.1874563916363057,2.95110562224397e-14,3.138567355350454e-16,19.51214785719116
176,g01_t01_049,g01_t05_052,False,input,4.2200505364571,0.06443181469804216,1.4995759073147545,3.014577520672848e-14,6.378500613402836e-16,24.64268882708703
177,g01_t01_049,g01_t05_018,False,clearance,-4.590349358184884,0.059318522433926824,1.3807865904072407,1.1374233532693354e-14,3.47014077196894e-16,573.5337459792315
178,g01_t01_049,g01_t06_000,True,,13.08413123079676,0.052858747622472155,1.2316317820288831,3.2766441552384e-14,3.4723947295892698e-16,20.219983395166643
179,g01_t01_049,g01_t06_025,True,,19.70579168554182,0.05314240155722431,1.2369816679398322,2.0097183471152322e-14,3.5921763079496085e-16,20.313135767859986
180,g01_t01_049,g01_t06_053,False,input,19.869958131151073,0.06795825294660222,1.5835326179975782,4.5496934130773415e-14,1.3660327815169537e-16,25.994825103598806
181,g01_t01_049,g01_t07_000,False,input,15.803670303073472,0.08348798264607617,1.9427382459573341,6.888967415955462e-14,2.3055512673781017e-16,31.917082707849282
182,g01_t01_049,g01_t07_025,False,input,18.747553000064322,0.06385187175027797,1.4857690826742023,4.7739073673286784e-14,7.168250199054958e-16,24.405616004033536
183,g01_t01_049,g01_t07_056,False,speed;input,15.351948623726647,0.08879457108921515,2.067309745034906,4.05460987825042e-14,4.165648664845488e-16,33.95394713540426
184,g01_t01_049,g01_t08_000,True,,27.66739506452234,0.055056072855822105,1.282810627807538,5.161378960056466e-14,1.1736016516649439e-16,21.058537676875147
185,g01_t01_049,g01_t08_013,False,input,18.468790363031133,0.06169489468384159,1.4374168392674935,2.864289338439558e-14,4.423102657222483e-16,23.597951417719713
186,g01_t01_049,g01_t08_027,True,,19.681258448878538,0.046040597363867355,1.0728331730036214,2.3024216127992717e-14,1.0728672184036494e-16,17.611614063484097
187,g01_t01_049,g01_t09_000,True,,18.029468750074066,0.02440780652934958,0.5676630193009217,1.8115356374411762e-14,1.8949819436133853e-16,9.326095032915386
188,g01_t01_049,g01_t10_000,False,input,19.271851154867132,0.07385033839010115,1.7184538727867558,7.528589246341555e-14,1.3727089486079967e-15,28.229876651654862
189,g01_t01_049,g01_t11_000,False,input,21.872381919622374,0.08415552375216732,1.9606829693862313,2.774758085844075e-14,9.539401966176753e-17,32.185470305278514
190,g01_t01_049,g01_t12_000,False,clearance,-4.079314897251621,0.04038640668106563,0.9383561292567735,5.51529477954916e-14,3.0517331120737817e-16,504.95473089190614
191,g01_t01_049,g01_t13_000,False,input,11.742184466019914,0.06744814143811446,1.570446752804433,1.888293221827313e-14,6.397720386441544e-16,25.791454795932353
192,g01_t01_049,g01_t14_000,True,,19.620477926014694,0.05214328917681863,1.2136204797784893,2.6586074758753436e-14,5.9755117913815e-16,19.942727134686123
193,g01_t01_029,g01_t00_000,False,clearance;input,-4.3355036934890645,0.06489247457249267,1.5104438257677182,3.4809342861069267e-14,3.2886623943405274e-16,545.0837666640906
194,g01_t01_029,g01_t00_054,False,input,15.77359819219268,0.06365535125067343,1.4798892982159475,7.283063041541027e-14,3.775804075071496e-16,24.328331475008497
195,g01_t01_029,g01_t00_023,False,input,2.3991656887585253,0.0671073031727378,1.5614410872195803,3.236676199642936e-14,2.8108944478312656e-16,25.660085384178974
196,g01_t01_029,g01_t01_000,True,,22.381617032495022,0.017069888428375778,0.39620325596319395,3.117493601007525e-14,6.293006791785826e-17,6.517403376641861
197,g01_t01_029,g01_t01_049,True,,22.36852983537017,0.01838310632917369,0.42618550485380147,1.517719948885615e-14,1.773240412568463e-16,7.00422375325048
198,g01_t01_029,g01_t02_000,False,input,19.179002076622456,0.07034559962314323,1.6350585237242856,8.35454444562689e-14,7.890895810338036e-16,26.883069598798652
199,g01_t01_029,g01_t02_045,True,,19.8222496940709,0.055300294626154156,1.284689109467177,6.21471076717338e-14,4.1314106709611766e-16,21.12114795178899
200,g01_t01_029,g01_t02_057,False,input,19.75557529749402,0.07779616307246438,1.8075889856343526,3.197442310920451e-14,2.992586547019258e-16,29.719975026894023
201,g01_t01_029,g01_t03_000,False,clearance,-4.471192434830222,0.058808471591811254,1.3671395146753391,5.4693331884225857e-14,3.251669631848525e-16,559.0137201407824
202,g01_t01_029,g01_t03_026,False,clearance;input,-3.139618150415279,0.07568672496813357,1.7612550420853634,1.865174681370263e-14,6.031651237387228e-16,405.68965319103177
203,g01_t01_029,g01_t03_060,False,clearance;input,-1.306053158382234,0.06118346087127293,1.4233811444263327,5.1758783159291486e-14,9.343575567151657e-16,180.11041309601836
204,g01_t01_029,g01_t04_000,False,clearance;input,-5.620805437441856,0.08322644435986754,1.9364847799442115,4.5635433489597437e-14,8.182012274917481e-16,706.3182423815854
205,g01_t01_029,g01_t04_015,False,clearance;speed;input,-5.9474310687678855,0.09542054069736076,2.2217591643611634,4.1583447479068616e-14,8.887203554511428e-16,750.1904070289276
206,g01_t01_029,g01_t04_047,False,clearance;input,-5.408675831733627,0.07909412438682292,1.8414534234878908,1.3987047740492306e-14,4.930522358029409e-16,679.2942880451612
207,g01_t01_029,g01_t05_005,True,,3.343599406909929,0.05602921982259966,1.3037471005891288,3.928119054474163e-14,1.5253734342982472e-16,21.427589884175987
208,g01_t01_029,g01_t05_052,False,input,3.907338623094528,0.07219194184759625,1.6795228802331632,4.3944641265813476e-14,3.6848074723016415e-16,27.603911374984317
209,g01_t01_029,g01_t05_018,False,clearance;input,-4.842264097641072,0.061928738528648525,1.4416203597465815,5.087487228514819e-14,7.54810059417834e-16,604.7632476058744
210,g01_t01_029,g01_t06_000,False,input,12.705498080651848,0.06700747510060202,1.5611083932764367,6.094224431197561e-14,1.0682291383637863e-16,25.62822371876488
211,g01_t01_029,g01_t06_025,False,input,17.724755325616943,0.07038949990693479,1.6381064856719478,5.136098584586421e-14,5.77722822261946e-16,26.905138828940395
212,g01_t01_029,g01_t06_053,False,input,18.605409423221417,0.08385619748596047,1.9536659315396665,4.832213032818602e-14,6.25155447840599e-16,32.07441719206435
213,g01_t01_029,g01_t07_000,False,speed;input,9.62770052772305,0.09870841599873476,2.2966975967907985,5.9448270415464e-14,1.0995027176373272e-15,37.7348812003127
214,g01_t01_029,g01_t07_025,False,input,16.377088175481845,0.08031881919633505,1.8687451780046884,3.2378945984060766e-14,7.114312260401321e-16,30.699989461434782
215,g01_t01_029,g01_t07_056,False,speed;input,10.759184471461474,0.10526026208624517,2.4502770949484978,8.718637326273912e-14,1.713274592189059e-15,40.247588131580564
216,g01_t01_029,g01_t08_000,False,input,21.330013581378175,0.06872964409667481,1.6014837663228743,1.5987211554602254e-14,1.6746203638047983e-16,26.288125129918736
217,g01_t01_029,g01_t08_013,False,input,16.50239411672968,0.07816719553468572,1.820548530471213,5.955433342649105e-14,5.460164424183067e-16,29.892384282606574
218,g01_t01_029,g01_t08_027,False,input,17.906159160981122,0.06072912700134775,1.4146696099083218,3.928119054474163e-14,5.717433837599487e-16,23.223754392959037
219,g01_t01_029,g01_t09_000,True,,17.833455486531843,0.03756721183794595,0.8732356392077444,4.6321719119665155e-14,4.497452527923663e-16,14.349444437726962
220,g01_t01_029,g01_t10_000,False,speed;input,15.419261716582474,0.08988238172645521,2.091310754248145,8.237106680021768e-14,1.3348671786163112e-15,34.35807298155049
221,g01_t01_029,g01_t11_000,False,speed;input,19.13186057280731,0.09992454583908182,2.3282242356302216,7.652779469160725e-14,7.117357119201289e-16,38.22215829347583
222,g01_t01_029,g01_t12_000,False,clearance,-4.036169333072963,0.03652053403225661,0.848634366947327,3.552713678800501e-14,2.8076808941936413e-16,498.29436844415125
223,g01_t01_029,g01_t13_000,False,input,8.528317770833008,0.0834811360987584,1.943334401818274,5.248525774950308e-14,2.633125101432526e-16,31.918942655887285
224,g01_t01_029,g01_t14_000,True,,17.428347056672695,0.05658399648447491,1.3157067265186921,7.426786282979547e-14,2.9275353941774386e-16,21.6303681252599
225,g01_t02_000,g01_t00_000,False,clearance,-3.4558805818872016,0.02675464395819281,0.6182414913850237,2.774758085844075e-14,1.2921361198337958e-16,424.88445730895336
226,g01_t02_000,g01_t00_054,True,,19.540223729816454,0.013566841434888424,0.31448406847306526,2.935023183045314e-14,9.959186318969168e-17,5.172888547996559
227,g01_t02_000,g01_t00_023,True,,6.155301010869391,0.028631634004430365,0.6648225801915716,2.537145046425895e-14,3.2534766540109285e-16,10.927111569224541
228,g01_t02_000,g01_t01_000,False,input,23.6833397547515,0.0608893582541723,1.415036079511194,5.1728291973635394e-14,3.023001420131561e-16,23.26747954811191
229,g01_t02_000,g01_t01_049,False,input,22.29936086293842,0.06391060746933613,1.4858831583128718,5.54951617168815e-14,8.32811816212074e-16,24.432129906404576
230,g01_t02_000,g01_t01_029,False,input,16.94235609563656,0.07036716180707625,1.635058621717424,5.474764600216555e-14,2.703641112138166e-16,26.890552998976165
231,g01_t02_000,g01_t02_045,True,,21.193905140607402,0.028012004099372764,0.6521787697609466,9.101120538054984e-15,2.099588789922945e-16,10.719842133015982
232,g01_t02_000,g01_t02_057,True,,24.736823386526286,0.019660502463847755,0.45502609437021496,2.2469334198890888e-14,1.6299940317660535e-16,7.473127676712771
233,g01_t02_000,g01_t03_000,False,clearance;input,-5.374371965872545,0.0740801101148735,1.7200723315766617,6.2803698347351e-14,4.990217849044965e-16,673.229331372047
234,g01_t02_000,g01_t03_026,False,clearance;input,-4.530825585490664,0.08401950526035963,1.9525915183318845,8.556996697564559e-14,1.0695804724124398e-15,575.8098112461964
235,g01_t02_000,g01_t03_060,False,clearance;input,-5.533557707449451,0.08073804083552825,1.8760599638145161,9.776419962162928e-14,1.2779626727101132e-15,694.8825848800415
236,g01_t02_000,g01_t04_000,False,clearance;input,-5.462140223277225,0.07866661207977343,1.8275314740137267,9.099386826154683e-14,7.579829763330623e-16,685.5187642304276
237,g01_t02_000,g01_t04_015,False,input,0.27697798156326314,0.0808057245176308,1.8788243270914942,7.975822427626031e-14,1.5631004048679205e-15,30.88321235056607
238,g01_t02_000,g01_t04_047,False,clearance;input,-1.609061877412663,0.06239020939896539,1.4496968555685146,7.359028546175267e-14,6.760176432573123e-16,216.92335722347318
239,g01_t02_000,g01_t05_005,True,,3.5835250199398763,0.02368637153360075,0.5471214168061562,2.864289338439558e-14,3.0168232784578103e-16,9.008574595190778
240,g01_t02_000,g01_t05_052,True,,4.709088727588832,0.021644986634157135,0.50223424013061,0.0,1.0998748775739141e-16,8.253924735193623
241,g01_t02_000,g01_t05_018,False,clearance,-3.975686996593457,0.03585791718011814,0.8298579542439902,4.2597855547370366e-14,8.378911922439032e-17,490.7465626139814
242,g01_t02_000,g01_t06_000,False,clearance;input,-3.521136284169638,0.08072489880241819,1.8784813496657466,2.930988785010413e-14,5.313580053477775e-16,453.3989365408329
243,g01_t02_000,g01_t06_025,False,input,17.144743461988543,0.06969498700436175,1.6233169827628315,3.351623381340333e-14,4.89978779775228e-16,26.660981728028116
244,g01_t02_000,g01_t06_053,False,speed;input,9.717498122324926,0.09087402260915288,2.115998914034486,2.3566036520288945e-14,9.780887238005302e-16,34.750868852275445
245,g01_t02_000,g01_t07_000,False,input,23.49004277648379,0.06435981072864116,1.4994139381033578,1.464821375527116e-14,4.71848771486254e-16,24.61291376277067
246,g01_t02_000,g01_t07_025,False,input,20.55087692173877,0.06254617821009822,1.4572697496857747,1.0986160316453369e-14,3.80969328449406e-16,23.926912342068867
247,g01_t02_000,g01_t07_056,False,input,23.51139393439304,0.08270101613385704,1.9273082689034868,2.929642751054232e-14,8.884849927170457e-16,31.638093851694506
248,g01_t02_000,g01_t08_000,False,speed;input,8.701422464499162,0.09696887146850336,2.2567996082473063,6.817601083637999e-14,1.1742937623019467e-15,37.08014510502253
249,g01_t02_000,g01_t08_013,False,input,12.345251743659913,0.0827748921391309,1.9275624906365625,4.5496934130773415e-14,1.0601757946418088e-15,31.65653461439932
250,g01_t02_000,g01_t08_027,False,input,5.072168497869356,0.07907758392786114,1.840135333307579,4.440892098500626e-14,3.8081823067227083e-16,30.23491104967954
251,g01_t02_000,g01_t09_000,True,,14.42536482922246,0.045547734846167344,1.0586628336354371,5.136098584586421e-14,4.494775313252277e-16,17.40670227298682
252,g01_t02_000,g01_t10_000,False,input,23.868514029070614,0.06418630576155408,1.4954665533420863,2.1972320632906738e-14,3.953580945126043e-16,24.550345948890687
253,g01_t02_000,g01_t11_000,False,speed;input,10.683906594534848,0.10530797531478267,2.4523889917591837,6.852225994430906e-14,1.5469220910896388e-16,40.269793453972625
254,g01_t02_000,g01_t12_000,False,clearance;input,-4.882747157003989,0.06163501365962118,1.4297696395611195,4.3944641265813476e-14,4.3956674313538487e-16,609.4651884860441
255,g01_t02_000,g01_t13_000,False,input,15.722497342988614,0.06836441281474735,1.5926382459055963,3.078022006371032e-14,5.389157964038493e-16,26.148917622435338
256,g01_t02_000,g01_t14_000,True,,19.84415159932155,0.014836775492899896,0.3414886881457642,1.2840246461466052e-14,2.346433938664588e-16,5.62358561143483
257,g01_t02_045,g01_t00_000,False,clearance,-3.087557248227226,0.033602526012331546,0.77952778591973,2.869792300935272e-14,4.516681628798049e-16,383.3216364708461
258,g01_t02_045,g01_t00_054,True,,19.531558795152936,0.01724375970158982,0.40087985454547975,1.0048591735576161e-14,6.973502068242161e-17,6.581390459623307
259,g01_t02_045,g01_t00_023,True,,6.9038021557777585,0.023004550377912544,0.5336965477843193,3.056159864571351e-14,3.7407331837740725e-17,8.771221003741207
260,g01_t02_045,g01_t01_000,True,,21.02440575077724,0.050091674613805634,1.1640161929333654,2.0097183471152322e-14,5.051591013050332e-16,19.13098125589875
261,g01_t02_045,g01_t01_049,True,,20.239409073279056,0.043260062731975454,1.0047356866471233,6.073478075051767e-14,5.181105317025735e-16,16.52405603084975
262,g01_t02_045,g01_t01_029,True,,18.935576740784754,0.05531603950924364,1.2846891809686931,4.373605909577514e-14,5.716907481869143e-16,21.12663346633942
263,g01_t02_045,g01_t02_000,True,,21.25816592361945,0.027996377457923563,0.6521786212233536,2.6586074758753436e-14,2.359479019930958e-16,10.708339723640957
264,g01_t02_045,g01_t02_057,True,,21.29013174047222,0.024276016636294237,0.5625946931448823,1.7404671430534633e-14,9.742677159573683e-17,9.244275049756038
265,g01_t02_045,g01_t03_000,False,clearance,-4.862258378968179,0.059401349108031236,1.377901764442893,3.710205222909732e-14,2.1310991413137379e-16,606.1588752257999
266,g01_t02_045,g01_t03_026,False,clearance;input,-5.125345936280356,0.06690989928398679,1.5536842753935294,5.493958016026805e-14,2.417719308026012e-16,640.6054429510004
267,g01_t02_045,g01_t03_060,False,clearance;input,-2.0378219616513835,0.06126545204604063,1.421997506663057,3.222019477394343e-14,1.3947004136484323e-16,267.94129022825274
268,g01_t02_045,g01_t04_000,False,clearance;input,-4.062916810779541,0.06772634175597579,1.5726168747220113,1.9214237003936263e-14,6.389813363550566e-16,513.4287192803797
269,g01_t02_045,g01_t04_015,False,input,0.6661973269835917,0.0695330909948127,1.6160589965109147,4.986471270604724e-14,3.983674527587667e-16,26.572069171185724
270,g01_t02_045,g01_t04_047,False,clearance,-0.45558112983032384,0.05196251876516786,1.2066176534911737,2.549551697656107e-14,3.7082529313579547e-16,74.51646270883607
271,g01_t02_045,g01_t05_005,True,,3.625460552836499,0.024354757498440602,0.5638793991886902,1.432144669219779e-14,1.9833587450108286e-16,9.26961363994606
272,g01_t02_045,g01_t05_052,True,,4.6703533847137875,0.02695126227189818,0.626435916302155,1.9131948672901813e-14,2.0354745866414155e-16,10.291014679089583
273,g01_t02_045,g01_t05_018,False,clearance,-3.9567896173342065,0.03792151871363333,0.8791674624769947,1.859350133011823e-14,2.3107662735148295e-16,489.27740479263514
274,g01_t02_045,g01_t06_000,True,,0.7278458678902573,0.05463048637825762,1.2702705905377896,2.9777166713245526e-14,3.744431865468923e-16,20.872885935258708
275,g01_t02_045,g01_t06_025,True,,18.89825318865435,0.04302680456563853,1.00211576084799,1.6280579355608324e-14,4.356366962970353e-16,16.45620233072949
276,g01_t02_045,g01_t06_053,False,input,12.141932419802846,0.06472153684283863,1.50663422790996,2.5618982671915014e-14,4.415339835398833e-16,24.74074004149481
277,g01_t02_045,g01_t07_000,True,,19.252686246045503,0.05049831754348454,1.1760021525678808,2.774758085844075e-14,1.3256738189514616e-16,19.306711040857543
278,g01_t02_045,g01_t07_025,True,,19.222713932114964,0.03999966713598189,0.9319791398140487,3.2862601528904634e-14,5.992686610619776e-17,15.299036339642534
279,g01_t02_045,g01_t07_056,False,input,18.892675003368144,0.06409231059308956,1.4936074184321153,3.66205343881779e-14,1.5087786726618505e-15,24.518018102364017
280,g01_t02_045,g01_t08_000,False,input,13.630668213310045,0.06947656974717949,1.6161858860001532,7.107647456813934e-14,4.918300529807393e-16,26.557476405333954
281,g01_t02_045,g01_t08_013,True,,14.596090319785931,0.056407332396856275,1.313227866341482,2.95110562224397e-14,2.314149725409261e-16,21.56458065107294
282,g01_t02_045,g01_t08_027,True,,7.990156123755957,0.05215533888895046,1.2126610047668827,9.565974336450906e-15,5.081999660983148e-16,19.928501055923654
283,g01_t02_045,g01_t09_000,True,,17.10509120959489,0.02158534178435506,0.49941421870976765,1.7404671430534633e-14,1.148722306938917e-16,8.220344629696088
284,g01_t02_045,g01_t10_000,True,,19.302550675497272,0.0453903396703338,1.057304725151952,5.745766170276975e-14,3.3474320243565795e-16,17.35614842871219
285,g01_t02_045,g01_t11_000,False,input,14.690414115550528,0.07995219962475913,1.8615705755201788,1.464821375527116e-14,1.0826453547464524e-15,30.56462420336023
286,g01_t02_045,g01_t12_000,False,clearance,-4.4736757522079635,0.05096310470985815,1.181359909113814,4.986471270604724e-14,5.490502568483254e-16,556.2913975554461
287,g01_t02_045,g01_t13_000,True,,15.382715812530925,0.04608999507713156,1.0736793909669695,3.182604911552452e-14,2.224846260672635e-16,17.624802849688216
288,g01_t02_045,g01_t14_000,True,,19.823679034556413,0.025330274531524328,0.5884069871678975,4.1469467965984394e-14,3.600752778368106e-16,9.65930379405621
289,g01_t02_057,g01_t00_000,False,clearance,-2.8681520079421956,0.03497006023073452,0.8080450059626507,3.972054645195637e-14,1.9626455202632884e-17,357.47938314451744
290,g01_t02_057,g01_t00_054,True,,19.527057107436338,0.01734253100826428,0.39854438057113717,1.432144669219779e-14,1.0338719065410936e-16,6.5609430028811975
291,g01_t02_057,g01_t00_023,True,,6.884055580776826,0.024950080079136863,0.5750544319033871,1.464821375527116e-14,9.936498493193006e-17,9.469845116981372
292,g01_t02_057,g01_t01_000,False,input,26.438140229160567,0.07040295942461645,1.635801853062392,5.2214014291603906e-14,4.419154855409185e-16,26.894235665971774
293,g01_t02_057,g01_t01_049,False,input,19.81691495913271,0.06714964032927151,1.5599187554221556,4.296434007659337e-14,3.015825618693614e-16,25.65470418799908
294,g01_t02_057,g01_t01_029,False,input,18.69598449347538,0.07781979961529047,1.807589093212244,9.336018499224902e-14,1.3291559494605633e-15,29.728206640323222
295,g01_t02_057,g01_t02_000,True,,24.728791412375415,0.019662721424224167,0.4550261126675295,2.5618982671915014e-14,2.4767088793141085e-16,7.474564816624792
296,g01_t02_057,g01_t02_045,True,,21.208659806729827,0.024302383306193956,0.562594896270832,1.5306589719811546e-14,2.6517767730479506e-16,9.259758582285446
297,g01_t02_057,g01_t03_000,False,clearance;input,-3.141233517081628,0.07477606714654496,1.7341898367407493,1.0104956980205694e-13,8.560469285263181e-16,405.499459865774
298,g01_t02_057,g01_t03_026,False,clearance;input,-4.358195872514776,0.07978566488850275,1.851623778515801,9.388634338005756e-14,6.123942426417842e-16,553.4544399638474
299,g01_t02_057,g01_t03_060,False,clearance;input,-4.374022239007498,0.07824150489616291,1.8156860552090113,1.0383713619202327e-13,9.761916494637743e-16,554.7637175779167
300,g01_t02_057,g01_t04_000,False,input,10.20182608330573,0.07570081190781491,1.7560852513523348,1.1381166927749112e-13,1.0144098671403184e-15,28.906492152871284
301,g01_t02_057,g01_t04_015,False,input,16.579321918395983,0.07344727761343516,1.7049704292259764,7.896300776228625e-14,6.302181390449324e-16,28.0463301971714
302,g01_t02_057,g01_t04_047,True,,12.51163457119795,0.05733899547844445,1.3293263632842953,2.9134418374455476e-14,1.7152338794572656e-16,21.87759377150722
303,g01_t02_057,g01_t05_005,True,,3.569858899613258,0.03184097955361286,0.7353884906180852,1.1916163935586911e-14,2.976656085340819e-16,12.105690758424672
304,g01_t02_057,g01_t05_052,True,,4.740948403276257,0.020856253977720476,0.47981033971202897,3.552713678800501e-15,3.0441307951598777e-16,7.898745983552663
305,g01_t02_057,g01_t05_018,False,clearance,-4.158661868013085,0.04308137247812948,0.9964946357945522,5.475819847972599e-14,3.0145406455392337e-16,515.4467953047273
306,g01_t02_057,g01_t06_000,False,input,0.3059789792081573,0.07194041412847299,1.6717821307513785,1.831026719408895e-14,9.100274040305112e-16,27.482773623738556
307,g01_t02_057,g01_t06_025,True,,21.2006377174838,0.057634437939872156,1.340626603281483,5.422982071392023e-14,1.0815997394921177e-15,22.02913753439847
308,g01_t02_057,g01_t06_053,False,input,16.39059207343617,0.07853204638147035,1.8268083948610743,5.411332257568737e-14,6.377745716588144e-16,30.01308952682974
309,g01_t02_057,g01_t07_000,True,,25.52247462067387,0.0461693226284198,1.0754232036192712,2.2469334198890888e-14,1.2490611347050096e-15,17.654022911998084
310,g01_t02_057,g01_t07_025,True,,25.491026523760816,0.04720675059227725,1.0985216369556248,3.592459381734991e-14,3.690682800198186e-16,18.043897596901978
311,g01_t02_057,g01_t07_056,False,input,28.331445061841496,0.06500225638396598,1.513890058357212,6.703246762680666e-14,3.029762960601978e-16,24.85359052290876
312,g01_t02_057,g01_t08_000,False,speed;input,8.499649444526916,0.08919528496698044,2.074006956202612,5.2221567856097905e-14,6.828379306513002e-16,34.09123701114825
313,g01_t02_057,g01_t08_013,False,input,17.975265224440694,0.0705222140475545,1.6404257688925785,5.376231353587555e-14,8.41868291085074e-16,26.9522453894794
314,g01_t02_057,g01_t08_027,False,input,3.9161650585065573,0.07130971147921848,1.6571947929520214,6.99803436660041e-14,6.106226635438361e-16,27.244633788790313
315,g01_t02_057,g01_t09_000,True,,13.936054224829965,0.04543248745055709,1.0538033000175364,4.686351203372723e-14,5.303716672673119e-16,17.33770169558911
316,g01_t02_057,g01_t10_000,True,,29.764491877851544,0.04700813116217541,1.0945237690404839,5.21611087124044e-14,2.7132761032412845e-16,17.971998505832307
317,g01_t02_057,g01_t11_000,False,speed;input,19.58995779760905,0.09155419109557258,2.1305040169951597,1.0073681891326079e-13,6.56963393605138e-16,34.99373647545963
318,g01_t02_057,g01_t12_000,False,clearance;input,-4.975906214373602,0.06882627433739676,1.5959040495768664,3.907985046680551e-14,1.944128986425528e-16,623.3794505027761
319,g01_t02_057,g01_t13_000,True,,21.801555536204184,0.05338676619482994,1.2419249008015734,5.1021965732705153e-14,4.289224381372356e-16,20.398852541984688
320,g01_t02_057,g01_t14_000,True,,19.7685926309507,0.03004901516894006,0.6955514659209314,1.5987211554602254e-14,3.7373529297710736e-16,11.4350695285003
321,g01_t03_000,g01_t00_000,False,clearance,-4.364621113277327,0.051967812793745904,1.2066029521613015,5.260536147119711e-14,4.640247491055762e-16,543.6003645323655
322,g01_t03_000,g01_t00_054,False,clearance;input,-4.241343594999401,0.06237324043700531,1.447742439523331,1.8202241076109967e-14,4.819410247043725e-16,532.7901038210223
323,g01_t03_000,g01_t00_023,False,clearance,-3.096532447733946,0.05092287224127729,1.1814033746507797,4.40880173115618e-14,3.5287874399967364e-16,391.03133429615417
324,g01_t03_000,g01_t01_000,False,clearance;input,-5.168978857712194,0.06870433991655851,1.5970679754644381,5.123796534383003e-14,1.7109685898544713e-16,646.5290321743685
325,g01_t03_000,g01_t01_049,True,,2.042746582603526,0.05641838566499023,1.310745049217637,4.9002985577337634e-14,4.787836793695988e-16,21.556409023170545
326,g01_t03_000,g01_t01_029,False,clearance,-4.736760080015484,0.05879601282049001,1.3671394571152082,8.252925203206862e-14,6.007655712323801e-16,590.8773820800282
327,g01_t03_000,g01_t02_000,False,clearance;input,-5.351458910867933,0.07407351060702165,1.7200723229175965,6.550880341146756e-14,2.242025235105681e-16,670.4791022510354
328,g01_t03_000,g01_t02_045,False,clearance,-4.843903097864274,0.05940123067568352,1.37790176435784,1.591302455776226e-14,2.0201150947963996e-16,603.9562364816785
329,g01_t03_000,g01_t02_057,False,clearance;input,-4.171698528563241,0.07476773841995452,1.7341898214709748,5.07429009285179e-14,4.887365971079175e-16,529.1541000930607
330,g01_t03_000,g01_t03_026,False,clearance,-2.337949880720074,0.021756669548305314,0.5066714225593816,1.9273484498076315e-14,2.241548071117858e-16,288.873773648172
331,g01_t03_000,g01_t03_060,True,,2.5531954113201056,0.016061909553276247,0.37358777581005276,1.5587468005037626e-14,1.5294123390273338e-16,6.133089535447731
332,g01_t03_000,g01_t04_000,False,clearance,-0.7184207883767234,0.026640906333163194,0.6202018262327612,2.040878629308206e-14,1.5049413528826688e-16,96.40622752046515
333,g01_t03_000,g01_t04_015,False,clearance,-3.8953374058156554,0.043056875283178565,1.0015875790039799,1.8115356374411762e-14,1.3951318755036565e-16,483.8992062934169
334,g01_t03_000,g01_t04_047,False,clearance,-0.7442217451657529,0.03300271928620893,0.766122258409754,1.475552811121985e-14,1.3738309013483032e-16,101.90763829551955
335,g01_t03_000,g01_t05_005,False,clearance,-4.004489039830053,0.0510387492845716,1.1845319195102493,2.3092638912203256e-14,3.881441354699199e-16,500.02686892777547
336,g01_t03_000,g01_t05_052,False,clearance,-3.807677436220314,0.05898736848901877,1.3692562251712923,4.263256414560601e-14,3.447170978769293e-16,479.4557289357418
337,g01_t03_000,g01_t05_018,False,clearance,-4.178296758118172,0.04354605953426672,1.0109634937581282,4.9898318930639525e-14,3.608224830031759e-16,518.0198386705747
338,g01_t03_000,g01_t06_000,True,,2.5275808044866377,0.04711933497911304,1.094640262438328,9.441466109136565e-15,4.180071700396202e-16,17.99601827168485
339,g01_t03_000,g01_t06_025,False,clearance;input,-3.298016185881829,0.061986971576284834,1.4392808208445036,8.592868015318674e-14,7.807720382078048e-16,419.4473520633948
340,g01_t03_000,g01_t06_053,False,clearance;input,-0.8811431034270725,0.06586855443110845,1.5310321280165085,1.0048591735576161e-14,5.593023969348752e-16,130.90531870576615
341,g01_t03_000,g01_t07_000,False,clearance;input,-5.318536280842119,0.07658119472683338,1.7777382364665832,1.1462664279023953e-13,1.3221825178545865e-15,667.4791332207282
342,g01_t03_000,g01_t07_025,False,clearance;input,-5.019017452794531,0.06563857193131176,1.523322200584448,2.262677015149172e-14,4.475485710867712e-16,627.3551729219737
343,g01_t03_000,g01_t07_056,False,clearance;input,-5.663842128659454,0.08235526956849684,1.9134803876399333,9.428088183736064e-14,6.925349842434181e-16,711.1344901673814
344,g01_t03_000,g01_t08_000,False,input,3.5279268920575246,0.06171501520771299,1.4351982140907429,2.416106516409301e-14,2.1274245860452972e-16,23.587362063344152
345,g01_t03_000,g01_t08_013,False,input,2.1477736496191855,0.06334569773577245,1.471763297966718,3.332740845837229e-14,3.692639165456277e-16,24.203678624123015
346,g01_t03_000,g01_t08_027,True,,3.541528330347518,0.04846978264438489,1.1258976596446624,4.3511678576336586e-14,2.7265526925652344e-16,18.514303257106192
347,g01_t03_000,g01_t09_000,False,clearance,-0.975282919492001,0.04675127016392153,1.0844243921803038,6.050053388380548e-14,6.48628858709965e-16,134.88478461021003
348,g01_t03_000,g01_t10_000,False,clearance;input,-4.9484938629772905,0.07138116414022312,1.6567853740742433,5.728578676879116e-14,4.373705428195436e-16,621.0860664215162
349,g01_t03_000,g01_t11_000,False,clearance;input,-4.180438599515734,0.07876494173999644,1.8317492547646144,6.245100732104073e-14,8.608983626705408e-16,531.7521959667869
350,g01_t03_000,g01_t12_000,True,,5.895053223395082,0.02871854551513337,0.6673619385306553,2.040878629308206e-14,1.757130172211435e-16,10.958238392910975
351,g01_t03_000,g01_t13_000,False,clearance;input,-4.974818192526351,0.0631402221337462,1.466161782476204,3.197442310920451e-14,2.432574717070327e-16,621.1024217635444
352,g01_t03_000,g01_t14_000,False,clearance;input,-5.069752936225168,0.06530790342431858,1.5165388235426338,5.6201415146817535e-14,3.428263042070008e-16,633.3186806411703
353,g01_t03_026,g01_t00_000,False,clearance;input,-2.657631649375941,0.06340716230718943,1.4743154279479287,1.6280579355608324e-14,6.314012183138054e-16,343.1460947794013
354,g01_t03_026,g01_t00_054,False,clearance;input,-5.256321038182287,0.0712632616765581,1.6559425742974543,8.572647311676217e-14,7.920071861333852e-16,657.9946421396286
355,g01_t03_026,g01_t00_023,False,clearance,-3.72665963788304,0.05690163186936427,1.3216441830910501,5.480859720045399e-14,3.400058012914542e-16,468.9398725912798
356,g01_t03_026,g01_t01_000,False,clearance;input,-3.0524550050814545,0.08554840662919684,1.990493645311871,8.263401234112428e-14,8.239479992065644e-16,398.9981255584727
357,g01_t03_026,g01_t01_049,False,input,1.8229012564990739,0.06932264659090778,1.6123080271973338,5.2214014291603906e-14,4.223045262014818e-16,26.500411883889605
358,g01_t03_026,g01_t01_029,False,clearance;input,-3.8396777082373807,0.07567615895212468,1.7612549933023465,2.7244667175326382e-14,3.908020529499657e-16,489.6929944678425
359,g01_t03_026,g01_t02_000,False,clearance;input,-4.736745937654831,0.08401514492486283,1.9525915121974837,9.043732562018544e-14,8.266608086254005e-16,600.5197807605936
360,g01_t03_026,g01_t02_045,False,clearance;input,-5.125346741397856,0.06691134795642142,1.5536842765979246,4.9769702052493514e-14,3.3876472461026775e-16,640.6056337275035
361,g01_t03_026,g01_t02_057,False,clearance;input,-5.546585424620748,0.07977968527561063,1.8516237670786808,1.1932041576121339e-13,1.0348029034938504e-15,696.0603120560642
362,g01_t03_026,g01_t03_000,False,clearance,-2.1867473634387435,0.021752369188795487,0.5066713850527345,2.1773961606419445e-14,5.0404091406801426e-17,270.72651126594695
363,g01_t03_026,g01_t03_060,True,,5.024881238135099,0.01597362342903721,0.37184791444342347,2.0097183471152322e-14,1.3812582492635493e-16,6.105566553273611
364,g01_t03_026,g01_t04_000,True,,5.65455833966646,0.019510974453325884,0.45379441245358526,2.07157025572446e-14,1.6210385249930946e-16,7.463270364917914
365,g01_t03_026,g01_t04_015,True,,5.327338676131239,0.028957679009849267,0.672641466983167,3.8263897345803626e-14,9.437916079723832e-17,11.061561368884647
366,g01_t03_026,g01_t04_047,True,,2.6409355342013097,0.029038535761135183,0.673868432233556,2.683710130522266e-14,2.0595777971499126e-16,11.0846843447521
367,g01_t03_026,g01_t05_005,False,clearance;input,-4.292407958012353,0.06314350176071966,1.4678568980329236,2.1316282072803006e-14,4.871083751574258e-16,539.2171884277302
368,g01_t03_026,g01_t05_052,False,clearance;input,-1.6390340135030375,0.06583817712979083,1.5298129968175036,8.673279421411239e-14,8.24882445777585e-16,221.84484990721108
369,g01_t03_026,g01_t05_018,False,clearance,-2.080670781730218,0.05633557588586248,1.3102093385117772,5.701662731533487e-14,5.558049685633556e-16,271.20731692621763
370,g01_t03_026,g01_t06_000,False,clearance,-2.656347617805306,0.03984590108655919,0.9246681482209896,3.3339241374938417e-14,2.973419269284548e-16,333.97354299018605
371,g01_t03_026,g01_t06_025,False,clearance,-0.20003232525293568,0.05734797498945895,1.3307378501993743,1.9131948672901813e-14,8.769468991084784e-16,45.912169763806205
372,g01_t03_026,g01_t06_053,False,clearance,-4.689364552794818,0.05485620418139424,1.2737286848399592,6.787449953031483e-14,8.301191083824977e-16,583.6760604930819
373,g01_t03_026,g01_t07_000,False,clearance;input,-3.1019187333966256,0.06848823888846035,1.588413483682504,5.955433342649105e-14,1.0949389893418967e-16,398.3829759778696
374,g01_t03_026,g01_t07_025,False,clearance,-4.264046722512908,0.05969466065608051,1.3841913313006515,7.824544386365427e-14,4.763040201931977e-16,534.480004890821
375,g01_t03_026,g01_t07_056,False,clearance;input,-5.22388956121071,0.07040571496518497,1.6340712800293393,6.740800259667266e-14,2.221749419832632e-15,653.7624369606763
376,g01_t03_026,g01_t08_000,False,clearance,-4.71077343886242,0.05642925995145343,1.3117510914719825,3.449061096984636e-14,3.030954607830199e-16,586.8588821016004
377,g01_t03_026,g01_t08_013,False,clearance,-4.6788486957172335,0.05456762932235866,1.266637531164826,7.418283949015283e-14,6.160002818935192e-16,582.3058139517241
378,g01_t03_026,g01_t08_027,True,,1.8679225696417572,0.04458220737603425,1.0351080611122898,3.467310224881561e-14,2.124097884110078e-16,17.028126380615248
379,g01_t03_026,g01_t09_000,False,clearance,-0.7060176676591172,0.05684637608998245,1.3207906169410122,4.050716828981883e-14,8.554842949272357e-17,106.44382130412517
380,g01_t03_026,g01_t10_000,False,clearance;input,-3.749271956917202,0.06387445444086907,1.4811139263762019,7.280896430443987e-14,6.117354209595782e-16,474.3018685500335
381,g01_t03_026,g01_t11_000,False,clearance;input,-5.026006325665943,0.06459003635499516,1.5006795054252544,2.1316282072803006e-14,3.393679576423748e-16,627.7932193954789
382,g01_t03_026,g01_t12_000,False,clearance,-2.1500662732529188,0.04954116918878047,1.1535786370574308,1.5888218580782548e-14,5.245179620906386e-16,276.9459636996327
383,g01_t03_026,g01_t13_000,False,clearance,-4.612539099894608,0.05460860908123718,1.2667884820688007,3.863320893581265e-14,3.5619854847257573e-16,574.3634394786998
384,g01_t03_026,g01_t14_000,False,clearance;input,-5.445537729600227,0.078115169726389,1.8161497425794402,7.32410687763558e-15,9.443271215526428e-16,683.3201983692458
385,g01_t03_060,g01_t00_000,False,clearance;input,-4.948275123871298,0.061735453543996975,1.4353724750167487,5.783398860650275e-14,8.2826097710246705e-16,617.3864780536449
386,g01_t03_060,g01_t00_054,False,clearance;input,-5.161555808103714,0.06790986768588009,1.5778763843929244,3.8428474007872526e-14,6.090436004827418e-16,645.341751447045
387,g01_t03_060,g01_t00_023,False,clearance,-4.750739577867384,0.056110369854847755,1.3033887197330396,5.870046366090628e-14,5.242425040609151e-16,591.5301827613055
388,g01_t03_060,g01_t01_000,False,clearance;input,-0.629837549466842,0.07238662974001188,1.683778116972468,3.351623381340333e-14,4.2953939129292575e-16,103.24610209883915
389,g01_t03_060,g01_t01_049,True,,11.286163804726817,0.05538835584540831,1.2875380104627443,6.667848274987683e-14,8.451789256561156e-16,21.166661968448956
390,g01_t03_060,g01_t01_029,False,clearance;input,-1.04948094861476,0.061175254497148765,1.4233811064848003,4.7047297201060525e-14,6.342923343242401e-16,149.31878094572298
391,g01_t03_060,g01_t02_000,False,clearance;input,-5.607832939331956,0.0807293163161866,1.8760599486776646,1.7404671430534633e-14,1.0277061746929227e-15,703.7944466418378
392,g01_t03_060,g01_t02_045,False,clearance;input,-0.43050853261235256,0.06126238010515762,1.4219975029116518,2.161031364628563e-14,6.556428628355768e-16,75.06339288496127
393,g01_t03_060,g01_t02_057,False,clearance;input,-5.517472508676441,0.07823027437292622,1.8156860306359333,2.864289338439558e-14,4.344434768182728e-16,691.9758720395633
394,g01_t03_060,g01_t03_000,True,,2.4314131749681893,0.016071992783171896,0.3735878597689144,1.5987211554602254e-14,2.2215299868541707e-17,6.139630846673245
395,g01_t03_060,g01_t03_026,True,,4.7380597585045034,0.015989150618128254,0.37184804531471977,1.1672795336231705e-14,1.1134708804900482e-16,6.115606926634031
396,g01_t03_060,g01_t04_000,True,,1.9228771596791387,0.03170134044417063,0.7374787469688965,1.6758116906701664e-14,5.3045747777030714e-17,12.126767148426957
397,g01_t03_060,g01_t04_015,False,clearance,-3.2707530985848514,0.04306842356658716,1.0019082955778356,1.7763568394002505e-14,2.7522578390329e-16,408.9596224760816
398,g01_t03_060,g01_t04_047,False,clearance,-3.4489317918449087,0.03704815315914484,0.8610207845340185,2.0581989848012347e-14,2.3716911990868395e-16,428.0307139553699
399,g01_t03_060,g01_t05_005,False,clearance,-4.8557151973909765,0.05909573470554835,1.3735286247276788,5.126874814344906e-14,4.920258062434079e-16,605.2670108852292
400,g01_t03_060,g01_t05_052,False,clearance;input,-4.665078098643365,0.06546813725356121,1.5213556319225208,6.23498720201505e-14,3.888257972851056e-16,584.8319771237042
401,g01_t03_060,g01_t05_018,False,clearance,-4.700422042611443,0.05460187493197261,1.2697692578565047,3.396338997596419e-14,5.812126222352033e-16,584.9169693696084
402,g01_t03_060,g01_t06_000,True,,2.2621445139244423,0.03396707925159744,0.7878469762632017,1.831026719408895e-14,4.140287455148693e-16,12.960871260052691
403,g01_t03_060,g01_t06_025,True,,3.5385580428517076,0.052667473026736814,1.2218645267674366,3.6230712748823524e-14,2.927162750283374e-16,20.1171772513527
404,g01_t03_060,g01_t06_053,False,clearance,-4.0535961889795455,0.05246074877317722,1.2183926319971055,4.3800795900274466e-14,4.849289084079041e-16,506.4685050620249
405,g01_t03_060,g01_t07_000,False,clearance;input,-5.178246800291491,0.0723321664295761,1.678715204896168,7.246142549764705e-14,9.910965744497858e-16,649.0183257931765
406,g01_t03_060,g01_t07_025,False,clearance,-1.502248230675589,0.05892561159012842,1.3667145517002162,1.507288760336424e-14,4.0436549343196473e-16,202.7721199427187
407,g01_t03_060,g01_t07_056,False,clearance;input,-4.668010446020647,0.07414678671821491,1.7219811422004774,8.704148513061227e-14,7.377450794711089e-16,588.4926136118333
408,g01_t03_060,g01_t08_000,True,,1.8781774495731909,0.047387702374254846,1.101292774504263,5.840406282250966e-14,5.532000254547462e-16,18.104736645640184
409,g01_t03_060,g01_t08_013,True,,0.9186615832995186,0.05120625645835088,1.188717156130427,2.5864145986817697e-14,3.739928638505326e-16,19.558837592428937
410,g01_t03_060,g01_t08_027,True,,7.965236442048196,0.03608362479434493,0.8370839014210931,3.552713678800501e-14,2.1420849872268348e-16,13.77364537868036
411,g01_t03_060,g01_t09_000,True,,9.885430287510221,0.04694102108075737,1.0898044369925677,5.662093887263079e-14,5.86841850455709e-16,17.930148022649412
412,g01_t03_060,g01_t10_000,False,clearance;input,-4.153958493437241,0.06551242536695041,1.5199055817663392,1.1534357011360609e-13,1.3803341964836966e-15,523.494849031016
413,g01_t03_060,g01_t11_000,False,clearance;input,-5.0490464721151325,0.06465179684717429,1.502703563069571,6.112319729142702e-14,2.739105846732383e-16,630.5837683683486
414,g01_t03_060,g01_t12_000,True,,6.064788026387341,0.03922557788650946,0.9131672430590673,1.464821375527116e-14,1.6011933619402142e-16,14.990719063891973
415,g01_t03_060,g01_t13_000,False,clearance,-3.31869827450405,0.05531185311466393,1.2837930385799605,6.444038954788686e-14,8.181129530347103e-16,419.3755007876248
416,g01_t03_060,g01_t14_000,False,clearance;input,-5.327499086970569,0.0726836234620731,1.689576950724796,4.325711579826191e-14,1.942890293094024e-16,667.0785046126125
417,g01_t04_000,g01_t00_000,True,,2.6814886566374403,0.05537285620882574,1.2865660935142806,2.040878629308206e-14,5.756172183604806e-16,21.15059293771153
418,g01_t04_000,g01_t00_054,False,input,0.14613537514121733,0.06728801175187955,1.5628439146326372,2.864289338439558e-14,2.082824332422744e-16,25.712562051457155
419,g01_t04_000,g01_t00_023,True,,5.889632552057752,0.05181237043396942,1.2024946853448497,1.7763568394002505e-14,4.749468862266127e-16,19.7889978426513
420,g01_t04_000,g01_t01_000,False,clearance;speed;input,-5.874122729947647,0.09070858648820575,2.110379482906855,4.0194366942304644e-14,4.509747244882934e-16,739.5738629059194
421,g01_t04_000,g01_t01_049,False,clearance;input,-3.5900958243410552,0.07832405305562434,1.8218047918442508,6.275343527539581e-14,1.276831898851135e-15,460.7578953416464
422,g01_t04_000,g01_t01_029,False,clearance;input,-5.543334987119675,0.08321259819457086,1.9364847160288257,3.4970439206834014e-14,1.962615573354719e-16,697.0168411407075
423,g01_t04_000,g01_t02_000,False,clearance;input,-5.389069799889436,0.07866761940559196,1.8275314753342025,5.90221124448794e-14,1.1445231709044298e-16,676.7504184349776
424,g01_t04_000,g01_t02_045,False,clearance;input,-4.944105866650799,0.06773333477380633,1.572616879734436,3.6241597746139513e-14,1.0026641665932502e-15,619.1717919377019
425,g01_t04_000,g01_t02_057,False,input,8.567172508192774,0.07570150708455531,1.7560852526262745,1.5888218580782548e-14,8.412264220804784e-16,28.906594364374676
426,g01_t04_000,g01_t03_000,False,clearance,-0.2859682432128582,0.02662463834423874,0.6202016823838031,3.972054645195637e-15,1.11724811264373e-16,44.50084377046395
427,g01_t04_000,g01_t03_026,True,,5.794295562868781,0.01949357319604751,0.4537942605554103,2.135787485786098e-14,1.2473433828897183e-16,7.451640982092831
428,g01_t04_000,g01_t03_060,True,,3.0028031431982547,0.031682610295331017,0.7374785911449073,2.0791723739534308e-14,4.1905781469630556e-17,12.11485989791286
429,g01_t04_000,g01_t04_015,True,,22.221092715907687,0.01959330948030835,0.45388231955728864,1.7404671430534633e-14,3.3205344346380335e-16,7.462160061173634
430,g01_t04_000,g01_t04_047,True,,18.227435121828886,0.019298837090355937,0.4456210331762534,2.0116800053149086e-14,1.0621551912199956e-16,7.338291984177618
431,g01_t04_000,g01_t05_005,False,clearance,-4.018024348245057,0.058459855153674876,1.3582332518259772,5.422982071392023e-14,5.3281714580598e-16,504.4955213123506
432,g01_t04_000,g01_t05_052,False,clearance,-1.259398460833393,0.0588487516519813,1.3663648852908437,5.870046366090628e-14,6.070243377409904e-16,173.60963458672936
433,g01_t04_000,g01_t05_018,True,,12.15522741543635,0.04810586246485739,1.1179296280831865,4.02948254515533e-14,4.176496645698048e-16,18.371515553270054
434,g01_t04_000,g01_t06_000,False,clearance,-1.9325751366249455,0.0550070383234491,1.2784444546586455,6.081266252743834e-14,7.328996257944194e-16,252.9289109356807
435,g01_t04_000,g01_t06_025,False,clearance;input,-5.090455829161563,0.06769937506931575,1.5723846056351207,1.7763568394002505e-14,8.908037299743142e-16,636.7284687414133
436,g01_t04_000,g01_t06_053,False,clearance;input,-5.067499533554936,0.06886403609711292,1.6005862575713112,4.8841738066824975e-14,4.0125770192081414e-16,634.4175457510003
437,g01_t04_000,g01_t07_000,False,clearance;input,-0.9956646773361681,0.06863513021683834,1.5917956270588,6.521915363565902e-14,7.473417450352271e-17,145.68812876624767
438,g01_t04_000,g01_t07_025,False,clearance;input,-0.259733429682242,0.06541212868614725,1.517741243075965,4.325711579826191e-14,1.6551843842577912e-16,56.15351977583643
439,g01_t04_000,g01_t07_056,False,clearance;input,-5.340227638295168,0.07510477389419144,1.743837252985461,1.1381166927749112e-13,1.2408015141605673e-15,669.522810991765
440,g01_t04_000,g01_t08_000,False,clearance;input,-3.6416260705735906,0.07399751241947074,1.721252144996123,4.466575006986829e-14,5.005631686059007e-16,465.28731751719675
441,g01_t04_000,g01_t08_013,False,clearance;input,-5.082170866312476,0.06742563355616323,1.5667052541480444,8.910160576636239e-14,7.656716496459005e-16,635.6290829124487
442,g01_t04_000,g01_t08_027,False,clearance,-4.875889329879742,0.05966896472067515,1.387007436682951,2.6407442894293542e-14,5.0515910130503314e-17,607.912938648878
443,g01_t04_000,g01_t09_000,False,clearance;input,-3.637812824772346,0.062376655953388246,1.449490834123237,1.6280579355608324e-14,1.9478403400799703e-16,460.37662925128814
444,g01_t04_000,g01_t10_000,False,input,0.8833710937467605,0.06723459152075836,1.5595982061293405,4.5496934130773415e-14,7.416830457584993e-17,25.676775356466152
445,g01_t04_000,g01_t11_000,False,clearance;input,-4.0232667850442985,0.07843074470416805,1.8235650074510723,4.14314051144892e-14,5.928593550334434e-16,512.7656021200843
446,g01_t04_000,g01_t12_000,False,clearance,-0.477705974409919,0.05133326531840386,1.1949327953643292,3.2171190647067566e-14,5.188882405926498e-16,76.9472710665629
447,g01_t04_000,g01_t13_000,False,clearance;input,-1.7564385955439836,0.061016701971248685,1.4163963755806261,8.087789949110096e-14,3.604219398828532e-16,234.08526369855977
448,g01_t04_000,g01_t14_000,False,clearance;input,-4.629067190968129,0.07432342944886743,1.7273567359767974,5.5331448319764295e-14,4.408382565644961e-16,583.8907717903393
449,g01_t04_015,g01_t00_000,False,input,2.62984634036942,0.061096084277655595,1.4221997020701127,1.7495085916501026e-14,1.6725469333392293e-16,23.360017811621063
450,g01_t04_015,g01_t00_054,False,input,4.9696675950833535,0.06940090540235198,1.6134991839344837,8.132533325706673e-14,7.110250420355457e-16,26.524196821333284
451,g01_t04_015,g01_t00_023,True,,6.53287126081418,0.05275025055213453,1.2264731624606455,3.8428474007872526e-14,3.1142031045204765e-16,20.162235426846838
452,g01_t04_015,g01_t01_000,False,clearance;speed;input,-6.335369778477524,0.10145716445407624,2.362164486991233,7.246142549764705e-14,1.6033500209773542e-15,799.0488384162371
453,g01_t04_015,g01_t01_049,False,clearance;speed;input,-4.037942275459051,0.08734401113693983,2.0333599360999015,3.142696061245355e-14,6.832608714974581e-16,517.9643978018105
454,g01_t04_015,g01_t01_029,False,clearance;speed;input,-6.095602426273593,0.09541246894702274,2.221759126873576,3.696425829973285e-14,3.331391796911832e-16,767.9680584605595
455,g01_t04_015,g01_t02_000,False,input,0.544896305330119,0.08080931473421238,1.8788243366731818,4.6728652726691796e-14,3.788057786240879e-16,30.88396370149978
456,g01_t04_015,g01_t02_045,False,clearance;input,-0.5121518732324253,0.06954254389986277,1.6160590185099424,5.940180829784213e-14,3.5381555418772976e-16,88.03199775979546
457,g01_t04_015,g01_t02_057,False,input,16.733345388596558,0.07345139495834332,1.7049704414703553,7.856238108948326e-14,5.585701844806365e-16,28.047281894712157
458,g01_t04_015,g01_t03_000,False,clearance,-3.5758603368664232,0.043043308195010815,1.0015874822893587,2.2469334198890888e-14,7.473417450352271e-17,445.55445739414466
459,g01_t04_015,g01_t03_026,True,,5.540455452376606,0.02894117343388194,0.672641347942976,2.124242838608766e-14,1.8651302801813725e-16,11.05245362970432
460,g01_t04_015,g01_t03_060,False,clearance,-2.4134855917123232,0.0430532868582333,1.0019081821727465,1.9131948672901813e-14,1.6782945342419286e-16,306.0788174103927
461,g01_t04_015,g01_t04_000,True,,22.22772578132377,0.019585318008613732,0.45388226235720425,1.3293037379376718e-14,1.8622238335152588e-16,7.457708308461778
462,g01_t04_015,g01_t04_047,True,,18.318417706464192,0.01980219304331272,0.46099911282214445,1.9860273225978185e-14,1.9066181500318588e-16,7.571365417755613
463,g01_t04_015,g01_t05_005,False,clearance;input,-4.143760473190891,0.06438962328712161,1.4986790758242767,5.35564958840998e-14,3.559862221219806e-16,521.8723444351815
464,g01_t04_015,g01_t05_052,True,,0.26025233754551524,0.05953158648084363,1.384183506142692,1.7763568394002505e-14,2.1658354325290185e-16,22.753577434223924
465,g01_t04_015,g01_t05_018,True,,12.07946665345258,0.056276353592586176,1.3104394324026496,2.5757174171303632e-14,5.689893001203927e-16,21.517893932681595
466,g01_t04_015,g01_t06_000,False,clearance,-4.452925205531308,0.05478985026999776,1.2747825104366064,5.123796534383003e-14,6.829172520119268e-16,555.3057608710855
467,g01_t04_015,g01_t06_025,False,clearance;input,-2.657820633249213,0.064051981613855,1.4880401013431952,4.6048432255985435e-14,8.363184457454395e-17,343.41714898799034
468,g01_t04_015,g01_t06_053,False,clearance;input,-3.8730303461379973,0.06347355760264234,1.4762524728542994,2.1316282072803006e-14,3.1775285574562636e-16,489.03497858284226
469,g01_t04_015,g01_t07_000,False,clearance,-4.64893654345273,0.0563239333444018,1.3050686379106093,5.695433295429594e-14,2.811964816267239e-16,579.3635415618288
470,g01_t04_015,g01_t07_025,False,clearance,-3.174928343143874,0.05808353586292784,1.3475291676960603,4.281720149348427e-14,2.2924782588685816e-16,403.17100364575845
471,g01_t04_015,g01_t07_056,False,clearance;input,-4.887950335914665,0.06177400384569925,1.4333554374919193,5.552358433678174e-14,1.6199010924212654e-16,610.1449494684617
472,g01_t04_015,g01_t08_000,False,clearance;input,-5.289262282769983,0.07549853421746087,1.7571552180853147,4.6728652726691796e-14,5.9952203952087355e-16,663.5913842186403
473,g01_t04_015,g01_t08_013,False,clearance;input,-4.9370498024692715,0.06263830383868339,1.4564789660883615,1.9131948672901813e-14,3.347971367310914e-16,616.3979536989315
474,g01_t04_015,g01_t08_027,False,clearance;input,-1.7262984019819592,0.061047210554729565,1.4205213463051394,7.289559011057347e-14,8.73627479021748e-16,230.50652325479626
475,g01_t04_015,g01_t09_000,False,clearance;input,-5.179677533589189,0.06833281267199798,1.5899871349957118,4.0351070721557915e-14,5.505827578543946e-16,647.6933152709571
476,g01_t04_015,g01_t10_000,False,clearance,-4.729347658318648,0.05712953872359401,1.324472916662309,8.572647311676217e-14,6.478582562511192e-16,589.3279193720188
477,g01_t04_015,g01_t11_000,False,clearance;input,-3.7330750319992174,0.07041432467382548,1.6377783120907652,3.4809342861069267e-14,8.491573300505515e-16,474.88897797576465
478,g01_t04_015,g01_t12_000,False,clearance;input,-3.3490658611779427,0.0665409938628989,1.5501319223309766,3.726117541341095e-14,6.176303821775074e-16,427.3417895002832
479,g01_t04_015,g01_t13_000,False,clearance,-4.5260031162051515,0.052491250517971266,1.2183283717007465,7.00704664897814e-14,3.6222504983355106e-16,563.1713757233516
480,g01_t04_015,g01_t14_000,False,clearance;input,-3.42692954095879,0.07967060568798959,1.8540300926684894,5.1728291973635394e-14,3.8758552044962204e-16,441.69609455165454
481,g01_t04_047,g01_t00_000,True,,2.7035908912389877,0.04188205854020616,0.9746861961315842,1.3293037379376718e-14,7.778803861823789e-16,16.009810149925293
482,g01_t04_047,g01_t00_054,True,,3.242471975784984,0.05084676457028074,1.1811570642002913,5.052478490102847e-14,8.838582090426453e-17,19.424092291082232
483,g01_t04_047,g01_t00_023,True,,6.470911553053833,0.03448033422978818,0.8007700263817622,3.097183980245201e-14,2.587995809146611e-16,13.171265840672831
484,g01_t04_047,g01_t01_000,False,clearance;input,-4.396364742052604,0.08350520452227236,1.9440192319968155,4.507888299247583e-14,5.998030623559167e-16,559.5013684291137
485,g01_t04_047,g01_t01_049,False,clearance;input,-3.7985018826414683,0.07156941305899556,1.6660417507050644,4.469223435922176e-14,6.877560572917588e-16,483.1989733616933
486,g01_t04_047,g01_t01_029,False,clearance;input,-5.531482007222809,0.07908975453412065,1.841453402848567,2.947281442640202e-14,4.281921656285468e-16,694.0294326149792
487,g01_t04_047,g01_t02_000,False,clearance;input,-1.2402069754151626,0.06239231996088618,1.4496968632624425,6.07087979554246e-14,1.7095829673479095e-16,172.6613734974774
488,g01_t04_047,g01_t02_045,False,clearance,-1.9566140544700215,0.05197265419157616,1.2066176887803721,3.94914928765923e-14,2.330476870336199e-16,254.6431330539554
489,g01_t04_047,g01_t02_057,True,,12.407060347502645,0.05734098239045945,1.3293263708344818,4.999111268755843e-14,5.53646584047771e-16,21.878182841392423
490,g01_t04_047,g01_t03_000,False,clearance,-0.5356069801955123,0.03298875470004303,0.7661221766452305,8.881784197001252e-15,1.7067422303575003e-16,76.86760264376717
491,g01_t04_047,g01_t03_026,True,,3.1684316049607912,0.02902617792328548,0.6738683593916193,1.5151595604785606e-14,1.988208040134332e-16,11.079100029421674
492,g01_t04_047,g01_t03_060,False,clearance,-4.019783986226253,0.03703352767636518,0.861020696317639,2.5864145986817697e-14,7.21978489602291e-16,496.52623578486606
493,g01_t04_047,g01_t04_000,True,,18.300874345079023,0.01929689878231396,0.4456210217651578,2.1972320632906738e-14,1.6919557637241406e-16,7.337428322253021
494,g01_t04_047,g01_t04_015,True,,18.32101349250836,0.019805718233679107,0.46099913647591007,1.1234667099445444e-14,3.044427344733911e-16,7.573225767830376
495,g01_t04_047,g01_t05_005,False,clearance,-3.73747575493549,0.04471422839013296,1.040471168372842,2.4868995751603507e-14,5.917212721286936e-16,465.59239113669076
496,g01_t04_047,g01_t05_052,False,clearance,-0.02494102445881463,0.04166743323370056,0.9679553020571195,2.95110562224397e-14,3.970508821426388e-16,18.911004690213016
497,g01_t04_047,g01_t05_018,True,,12.140997848090082,0.03699659453379421,0.8612966596171384,1.2056020147087156e-14,3.3436541877365107e-16,14.1411848196646
498,g01_t04_047,g01_t06_000,False,clearance,-3.0684093113074913,0.0500157400940645,1.1641543246106885,2.7418687836503485e-14,1.6493562521320161e-16,387.33990686789906
499,g01_t04_047,g01_t06_025,True,,0.07108195838064835,0.05624200545388435,1.3068151589860084,2.2469334198890888e-14,3.606222670534199e-16,21.493596456573442
500,g01_t04_047,g01_t06_053,False,clearance;input,-4.970717922365633,0.062322055920204934,1.4503678047780886,6.204547701064548e-14,8.068235998053638e-16,620.3207642371437
501,g01_t04_047,g01_t07_000,True,,4.0155131723623825,0.051973313680069966,1.2048228430862984,2.0097183471152322e-14,3.608230694101244e-16,19.830974965272347
502,g01_t04_047,g01_t07_025,True,,3.956120442937786,0.050609891488955935,1.1741785321232316,5.1514348342607263e-14,4.1214927040449093e-16,19.322460924444584
503,g01_t04_047,g01_t07_056,False,clearance;input,-4.95361239116189,0.061948087078530695,1.438940356884371,4.325711579826191e-14,2.3055512673781017e-16,618.0983367572796
504,g01_t04_047,g01_t08_000,False,clearance;input,-5.222909379829606,0.0714513222500127,1.6633341752073776,2.040878629308206e-14,2.0502053808399642e-16,654.0822773094234
505,g01_t04_047,g01_t08_013,False,clearance,-4.853874027544814,0.05898490513685636,1.3722982176541283,1.2809491335957507e-14,2.83732042031538e-16,605.0232338375074
506,g01_t04_047,g01_t08_027,False,clearance,-4.672927262169934,0.05424786726972634,1.2626533637613124,1.3411200035432724e-14,1.1210126175528405e-16,581.503428371979
507,g01_t04_047,g01_t09_000,False,clearance,-4.099123823595987,0.0513965261988688,1.1956221366152404,3.972054645195637e-14,3.898151775035868e-16,511.54941524082875
508,g01_t04_047,g01_t10_000,True,,5.721858811030642,0.05148326614070085,1.19390038049054,6.331036454979516e-14,1.8952201313520799e-16,19.649292713713603
509,g01_t04_047,g01_t11_000,False,clearance;input,-5.350861561914776,0.07322830463936167,1.7043633797453088,4.7796874181478123e-14,1.2441341954564312e-15,670.1039963307508
510,g01_t04_047,g01_t12_000,False,clearance,-0.11255273401499455,0.05032481748097301,1.1720227916724462,2.3566036520288945e-14,1.469096744237406e-16,32.75551662461751
511,g01_t04_047,g01_t13_000,True,,2.9676099465923036,0.04753131049517231,1.1038192524350154,2.683710130522266e-14,4.494775313252277e-16,18.157690519508915
512,g01_t04_047,g01_t14_000,False,clearance;input,-4.839278923805969,0.06017352747569208,1.3999637448645146,2.5680492922932105e-14,3.213689363765041e-16,603.7204739536414
513,g01_t05_005,g01_t00_000,False,clearance,-2.3044818250891885,0.011045296560408173,0.2564343431648175,7.944109290391274e-15,7.43923880761421e-17,280.7510019634754
514,g01_t05_005,g01_t00_054,True,,3.6405885399707785,0.015183275751105065,0.3493089767077082,1.0048591735576161e-14,2.7279871106245724e-16,5.750793699987566
515,g01_t05_005,g01_t00_023,True,,2.7984405328455417,0.01756593832549376,0.4078540211666059,1.3293037379376718e-14,8.528420021082405e-17,6.69587950122273
516,g01_t05_005,g01_t01_000,True,,3.4116490695440342,0.05163653132247783,1.201553301372271,3.197442310920451e-14,3.915559482824599e-16,19.747712256327297
517,g01_t05_005,g01_t01_049,True,,3.433396748408486,0.05100934396791517,1.187456473015834,8.881784197001252e-15,3.1179814750958106e-16,19.51837573619384
518,g01_t05_005,g01_t01_029,True,,2.4475982634191715,0.0560391773313304,1.303747145330169,1.713380256414241e-14,8.355534721610419e-17,21.431013140851164
519,g01_t05_005,g01_t02_000,True,,3.592802509234821,0.023679353432763842,0.5471213717799874,3.256115871121665e-14,1.5550709907979195e-16,9.005141256760382
520,g01_t05_005,g01_t02_045,True,,3.623679997111941,0.024366397097146154,0.5638794773802119,2.0734733982992197e-14,1.1464934308770758e-16,9.27566523371314
521,g01_t05_005,g01_t02_057,True,,3.5817144532463323,0.03183346148741222,0.7353884444719516,2.6822400070865448e-14,1.9845721796578468e-16,12.102156064373467
522,g01_t05_005,g01_t03_000,False,clearance,-4.241314685856993,0.05103408407011376,1.1845319101941016,5.163671038754328e-14,3.7218612447275885e-16,528.4452314159378
523,g01_t05_005,g01_t03_026,False,clearance;input,-4.2730985423103425,0.06314120806671081,1.4678568936383096,8.556420496961068e-14,5.579233166498663e-16,536.8997175367518
524,g01_t05_005,g01_t03_060,False,clearance,-4.837407880721166,0.05908995232710907,1.3735286154193636,8.788928253162695e-14,9.38881321331955e-16,603.0694118879078
525,g01_t05_005,g01_t04_000,False,clearance,-4.325868869494577,0.058462819239533635,1.3582332577404437,2.416106516409301e-14,3.356589068483857e-16,541.4373245757278
526,g01_t05_005,g01_t04_015,False,clearance;input,-3.9543096305514736,0.06439254933532867,1.4986790762269093,7.176129868726432e-14,5.476013991409195e-16,499.13827450655265
527,g01_t05_005,g01_t04_047,False,clearance,-3.8614200754280814,0.044715525123437745,1.0404711622098917,3.2281345321980565e-14,1.9918372637938335e-16,480.46522450552243
528,g01_t05_005,g01_t05_052,True,,3.3844311328079653,0.017841431449424267,0.41352190035780645,1.7404671430534633e-14,2.1347673716136606e-16,6.794042966031689
529,g01_t05_005,g01_t05_018,False,clearance,-1.6512915180880823,0.015509711422173894,0.3593404234350348,2.6530381502787474e-14,1.7409788860344818e-16,204.06853945047723
530,g01_t05_005,g01_t06_000,False,clearance;input,-2.928249044657658,0.06563461891135201,1.528944735703103,3.3339241374938417e-14,3.771497891490194e-16,376.49824581738244
531,g01_t05_005,g01_t06_025,False,input,1.2788403737403784,0.06118955231589875,1.424586144279773,4.2780337774645346e-14,3.868394456087541e-16,23.39642610683651
532,g01_t05_005,g01_t06_053,False,clearance;input,-4.2026159370174145,0.07952554636654917,1.8528624688431325,7.944109290391274e-15,1.1407043520021417e-16,534.7365237198784
533,g01_t05_005,g01_t07_000,False,input,3.2497673749182296,0.06317914493190849,1.4698998169590898,2.2748467065386707e-14,3.851554932315348e-16,24.139712571165923
534,g01_t05_005,g01_t07_025,True,,2.9268131934876145,0.05724714937484513,1.3321815384328983,3.2766441552384e-14,3.713442931002523e-16,21.877575819204814
535,g01_t05_005,g01_t07_056,False,input,3.101830335275852,0.07904817629801905,1.840707445150789,4.1469467965984394e-14,3.9161070295549173e-16,30.223595763428527
536,g01_t05_005,g01_t08_000,False,clearance;input,-1.7131899091729585,0.08250681949785994,1.9216223807111648,1.509903313490213e-14,4.46899245057492e-16,237.14609600669132
537,g01_t05_005,g01_t08_013,False,clearance;input,-2.12191552204969,0.07225622162286965,1.6833488301001152,3.6230712748823524e-14,1.1050283856037894e-15,282.2706933293402
538,g01_t05_005,g01_t08_027,False,clearance;input,-2.6567764951553396,0.06431438966713972,1.4981009588605174,2.4868995751603507e-14,5.36329818541153e-16,343.4180137172769
539,g01_t05_005,g01_t09_000,True,,3.5470044884910075,0.03165293555350618,0.7364233821695549,1.0658141036401503e-14,1.2300645156085197e-16,12.103348548524345
540,g01_t05_005,g01_t10_000,False,input,3.3309564943695946,0.06093967677097984,1.417979726970032,8.881784197001252e-16,2.356432049211244e-16,23.28629355377527
541,g01_t05_005,g01_t11_000,False,clearance;speed;input,-5.254064343823265,0.09473170138293743,2.207001653981783,1.6280579355608324e-14,1.1983223171587272e-15,666.7220954952138
542,g01_t05_005,g01_t12_000,False,clearance,-2.3803529492473636,0.03925876235909354,0.911600580743008,3.351623381340333e-14,3.8384946475550056e-16,300.64498273042403
543,g01_t05_005,g01_t13_000,False,input,0.46681798907702055,0.060979926281458624,1.420123970460975,2.2486881514489034e-14,2.1788568821550755e-16,23.316180166879363
544,g01_t05_005,g01_t14_000,True,,3.6195628672960005,0.01595119998508127,0.3698489257735676,7.105427357601002e-15,1.0315407380583415e-16,6.083909961232502
545,g01_t05_052,g01_t00_000,False,clearance,-3.3473514431192886,0.016273820312016324,0.3757519656998891,3.3937249765157416e-14,2.4286748199871715e-16,407.8629301245721
546,g01_t05_052,g01_t00_054,True,,4.729167756724482,0.01376139902211447,0.31896475264445906,1.0658141036401503e-14,6.088854689467823e-17,5.249604230889497
547,g01_t05_052,g01_t00_023,True,,3.632259369102921,0.0101412695326091,0.235287618879035,1.9459014222361976e-14,1.2398116134574891e-16,3.870845694554991
548,g01_t05_052,g01_t01_000,False,input,4.0521350828902065,0.06756715052915767,1.572052509317103,2.4613922385709617e-14,5.342948306008566e-16,25.836579766796767
549,g01_t05_052,g01_t01_049,False,input,4.045316866016085,0.06444803388468304,1.4995760140097767,3.928119054474163e-14,2.950917092636559e-16,24.650849047497623
550,g01_t05_052,g01_t01_029,False,input,3.591559283975209,0.07220682807767917,1.6795229475514877,5.6611468458477185e-14,1.1611819642353665e-15,27.609067673499652
551,g01_t05_052,g01_t02_000,True,,4.706825401623137,0.021652413466105025,0.5022342948759084,2.0097183471152322e-14,8.913170603436999e-17,8.258181355013587
552,g01_t05_052,g01_t02_045,True,,4.656556675400561,0.026972255315361727,0.6264360808872819,2.2748467065386707e-14,4.1698725646864586e-16,10.303589974059221
553,g01_t05_052,g01_t02_057,True,,4.740948163945279,0.02086328143061822,0.4798103889396033,2.040878629308206e-14,6.321633202427609e-17,7.902559272866207
554,g01_t05_052,g01_t03_000,False,clearance,-4.192376985644685,0.05897956614470099,1.3692562211585073,6.801382468451552e-14,6.468076469627715e-16,525.6193686835418
555,g01_t05_052,g01_t03_026,False,clearance;input,-0.39384246438676707,0.06583268982188424,1.529812994677458,7.279290098464778e-14,6.99005312491287e-16,72.42169913063194
556,g01_t05_052,g01_t03_060,False,clearance;input,-4.874195509022046,0.0654599995809435,1.5213556327237927,6.377591102696641e-14,7.2815418263566e-16,609.9261280152766
557,g01_t05_052,g01_t04_000,False,clearance,-1.5609193328126054,0.0588478458184951,1.3663648848243972,7.920241106378951e-14,3.089366695724869e-16,209.7921037771537
558,g01_t05_052,g01_t04_015,True,,0.23761999545401258,0.05953014320569058,1.3841835038597092,5.07429009285179e-14,2.7476618026966064e-16,22.753397945010185
559,g01_t05_052,g01_t04_047,False,clearance,-0.23877241228155222,0.041667811506673536,0.967955303237482,3.2378945984060766e-14,7.196489415735149e-17,44.57085901412911
560,g01_t05_052,g01_t05_005,True,,3.049537524490248,0.01785323842403984,0.4135219875299051,1.9860273225978185e-14,1.4654050252376534e-16,6.8007698302953195
561,g01_t05_052,g01_t05_018,False,clearance,-3.598301732373783,0.023692435715029242,0.5480229390629334,3.081863932567592e-14,1.156944817763202e-16,440.81765776158534
562,g01_t05_052,g01_t06_000,False,clearance;input,-5.167839342137674,0.06796884324706227,1.582074978848033,4.974592103558154e-14,7.476316058793833e-16,646.1334031457236
563,g01_t05_052,g01_t06_025,False,input,4.322096001511537,0.06031110243052536,1.404448814751391,1.9131948672901813e-14,2.882983075955557e-16,23.072128006709022
564,g01_t05_052,g01_t06_053,False,input,0.7201649361098785,0.07849960447645755,1.8280983270639517,2.929642751054232e-14,9.092400484417597e-16,30.024421803322006
565,g01_t05_052,g01_t07_000,True,,4.523944661553275,0.05109546860145408,1.1889962304487243,2.3832327871173822e-14,2.270036631301596e-16,19.524531986215436
566,g01_t05_052,g01_t07_025,True,,4.472376490482548,0.05137025343975565,1.1958190753011528,1.6280579355608324e-14,4.241815708566056e-16,19.641155104234272
567,g01_t05_052,g01_t07_056,False,input,4.337218341890943,0.06954082743495989,1.619755041384941,4.1583447479068616e-14,6.777420539824541e-16,26.595185145307745
568,g01_t05_052,g01_t08_000,False,clearance;speed;input,-2.4961011036920566,0.08714339271491671,2.0285493757998623,3.696359138182859e-14,4.706698331666709e-16,332.8626845278141
569,g01_t05_052,g01_t08_013,False,input,2.444811248636491,0.07129939772873647,1.6605687050702487,3.499017183300205e-14,5.015108145605114e-16,27.274623447483172
570,g01_t05_052,g01_t08_027,False,clearance;input,-2.7711989494898868,0.06819796434979411,1.5874294304936012,2.409567650518791e-14,2.9764538874609303e-16,358.62717535312095
571,g01_t05_052,g01_t09_000,True,,4.241306953822599,0.041773401959223834,0.9719262220013736,2.2748467065386707e-14,1.4530315555880083e-16,15.978768979658188
572,g01_t05_052,g01_t10_000,True,,4.5060529600944,0.05194390809567244,1.2089977226376094,3.794299872214038e-14,4.2480540932182583e-16,19.854801016819508
573,g01_t05_052,g01_t11_000,False,speed;input,3.6266090855466615,0.09213667632622649,2.1457996275386084,5.317214951750687e-14,1.0008377311411683e-15,35.23675743974398
574,g01_t05_052,g01_t12_000,False,clearance,-4.239980705497488,0.05438797524450702,1.2629640974843142,5.136098584586421e-14,2.964296775167217e-17,529.5778432707727
575,g01_t05_052,g01_t13_000,True,,4.299170770518419,0.0550611974444232,1.2826712248529994,2.6645352591003757e-14,2.0017837022367557e-16,21.06294496689396
576,g01_t05_052,g01_t14_000,True,,4.604861842453115,0.025618027670336153,0.5959490126381276,1.464821375527116e-14,2.655203815655688e-16,9.792287233547626
577,g01_t05_018,g01_t00_000,True,,2.8581326983365014,0.009650765134988153,0.22342195904518627,1.1374233532693354e-14,3.015875509520002e-17,3.6785534969196343
578,g01_t05_018,g01_t00_054,False,clearance,-3.782744425857512,0.028647544421267414,0.66251849493317,1.464821375527116e-14,5.225903057807643e-16,464.8393934484747
579,g01_t05_018,g01_t00_023,False,clearance,-2.742281934357674,0.022825607164637177,0.5288289949853647,1.4210854715202004e-14,1.1474629503195492e-16,337.77098581047534
580,g01_t05_018,g01_t01_000,False,clearance;input,-4.852166719530455,0.06052940777995071,1.4088172370737597,7.105427357601002e-15,1.6302709355362946e-16,605.4140370914146
581,g01_t05_018,g01_t01_049,False,clearance,-4.811334833222041,0.059325977549439426,1.3807866304138787,2.95110562224397e-14,3.575424580721021e-16,600.0550648690398
582,g01_t05_018,g01_t01_029,False,clearance;input,-4.957623558905288,0.06193008152518259,1.4416203650704114,8.982692299641997e-15,3.9350319887992495e-16,618.6067908664697
583,g01_t05_018,g01_t02_000,False,clearance,-4.008855045301116,0.03585899734628209,0.8298579594660007,1.6280579355608324e-14,2.9327730891854427e-16,494.72713839530894
584,g01_t05_018,g01_t02_045,False,clearance,-4.080676378538275,0.0379334409214872,0.879167520520894,5.2100579410074716e-14,4.694406606659775e-16,504.1482693635362
585,g01_t05_018,g01_t02_057,False,clearance,-4.211767062139951,0.04308145039808783,0.9964946361685646,5.0867118742119833e-14,3.8928311841676224e-16,521.8194591957367
586,g01_t05_018,g01_t03_000,False,clearance,-3.2622677027858042,0.04353715473346689,1.0109634559092826,2.3848872356242537e-14,2.3633021048361517e-16,408.093430686895
587,g01_t05_018,g01_t03_026,False,clearance,-1.1647230461611624,0.05633044967098153,1.310209316810956,4.8026482332195954e-14,1.0973329255424305e-15,161.2918908251378
588,g01_t05_018,g01_t03_060,False,clearance,-3.397617124927316,0.05459316780165427,1.269769221329095,2.3364326363345898e-14,2.4630629965187236e-16,428.57753938768917
589,g01_t05_018,g01_t04_000,True,,12.16263975163655,0.04810649781985107,1.117929630781349,3.162713435991701e-14,2.91192246397212e-16,18.37173016512802
590,g01_t05_018,g01_t04_015,True,,12.079516940588942,0.056278275236708225,1.3104394401039199,2.5864145986817697e-14,5.555125222725382e-16,21.51850371863337
591,g01_t05_018,g01_t04_047,True,,12.144557862275258,0.0369971212380308,0.8612966614214951,2.0961763384985138e-14,5.063491126155459e-17,14.141327364398464
592,g01_t05_018,g01_t05_005,False,clearance,-1.650004325389666,0.015515122811172516,0.35934045139711246,2.1972320632906738e-14,1.1375425219721623e-16,203.91621207119917
593,g01_t05_018,g01_t05_052,False,clearance,-3.4803069908179274,0.023689208669831794,0.5480229230273443,3.5704330589399866e-14,1.1963305103201057e-16,426.65706537887735
594,g01_t05_018,g01_t06_000,False,clearance;input,-4.886111737241333,0.06829352344170847,1.5908473570962052,4.322062729257126e-14,7.025865653487839e-16,612.4586332882063
595,g01_t05_018,g01_t06_025,False,clearance;input,-5.177443865733558,0.06826764811971547,1.5884921108961674,2.774758085844075e-14,4.967007407645019e-16,647.3910945632956
596,g01_t05_018,g01_t06_053,False,clearance;input,-5.228048762063649,0.08346725467302651,1.944370581490365,7.553172887309252e-14,8.324359398719685e-16,659.2958830923526
597,g01_t05_018,g01_t07_000,False,input,1.4830885662436222,0.06793394840545239,1.5793384464966573,5.411332257568737e-14,2.8990649736378127e-16,25.950530486277792
598,g01_t05_018,g01_t07_025,False,clearance;input,-0.3287797808218069,0.06396730897837519,1.4875272504529882,4.466575006986829e-14,5.042528144767512e-16,63.89485448925413
599,g01_t05_018,g01_t07_056,False,input,2.6035330216553083,0.08350647252797759,1.9434297829878415,4.5531598466568455e-14,7.093979803103366e-16,31.921902265902958
600,g01_t05_018,g01_t08_000,False,clearance;speed;input,-5.733146193666903,0.08645090363028941,2.0136208998687697,7.32410687763558e-15,2.0218274671598237e-16,721.052054405952
601,g01_t05_018,g01_t08_013,False,clearance;input,-3.0053230886702353,0.07723460190178064,1.798614615237166,1.9131948672901813e-14,3.2046874150913587e-16,390.1789486896861
602,g01_t05_018,g01_t08_027,False,clearance;input,-5.1785730610721,0.06823798604242275,1.5892472979666232,1.464821375527116e-14,3.5613834938132105e-16,647.5317170482484
603,g01_t05_018,g01_t09_000,False,clearance,-3.9315795854273263,0.04105504515619075,0.9546573061486805,4.263256414560601e-14,4.989252903111349e-16,487.48267590738556
604,g01_t05_018,g01_t10_000,False,input,0.5435307662431761,0.06682597517952102,1.5538304912010341,6.394884621840902e-14,8.65451438518851e-16,25.53056332685821
605,g01_t05_018,g01_t11_000,False,clearance;speed;input,-6.1859312946040745,0.0979867542806938,2.282656941299841,1.5888218580782548e-14,5.790547498447947e-16,779.7929538796694
606,g01_t05_018,g01_t12_000,False,clearance,-0.9712585580430795,0.03570157364050016,0.8299059821762641,2.4868995751603507e-14,7.546047120499111e-17,130.19676863435728
607,g01_t05_018,g01_t13_000,False,input,0.3293800579137769,0.06586910551929864,1.5329898754583489,3.6404482152219934e-14,4.841339424497384e-16,25.179688033663517
608,g01_t05_018,g01_t14_000,False,clearance,-3.821003975196408,0.029680869232343195,0.6883124887139995,2.2539441496237913e-14,2.244171741327437e-16,469.8483851073275
609,g01_t06_000,g01_t00_000,False,clearance;input,-3.8744335686649767,0.07141705323738881,1.6636607253263171,2.9134418374455476e-14,5.063045376682686e-16,492.25231958440895
610,g01_t06_000,g01_t00_054,False,clearance;input,-2.968210267127672,0.06746665503643146,1.5702616914634204,3.5704330589399866e-14,6.183017822721088e-16,381.97870790112836
611,g01_t06_000,g01_t00_023,False,clearance,-4.786999666604366,0.05800230709073922,1.3503352363658654,2.2748467065386707e-14,1.0500451862475693e-16,596.6205577012878
612,g01_t06_000,g01_t01_000,False,input,12.637794837490627,0.07521672463847041,1.7523457603869979,1.464821375527116e-14,1.0071261302705288e-15,28.76753148577707
613,g01_t06_000,g01_t01_049,True,,13.058261305253481,0.0528612711437108,1.2316317978916032,1.7404671430534633e-14,4.779910843468613e-16,20.22123895301279
614,g01_t06_000,g01_t01_029,False,input,12.6145943717815,0.06700837382784806,1.561108397130848,2.6938183887222655e-14,2.266852847643224e-16,25.62852945820763
615,g01_t06_000,g01_t02_000,False,clearance;input,-2.3903092133119728,0.08071244479378638,1.878481286330735,4.986471270604724e-14,4.777265937854909e-16,317.69474264340516
616,g01_t06_000,g01_t02_045,True,,1.743475331677715,0.05462253155454516,1.2702705493305406,3.102273850532274e-14,2.391654643720554e-16,20.869668257675983
617,g01_t06_000,g01_t02_057,False,input,1.136071769293744,0.0719232813270477,1.6717820448767422,1.7404671430534633e-14,2.5172027167143304e-16,27.476129237835888
618,g01_t06_000,g01_t03_000,True,,2.3349587207403957,0.04712694584450969,1.0946402917904363,3.412270059808006e-14,4.0077744118387634e-16,17.998295869972317
619,g01_t06_000,g01_t03_026,False,clearance,-2.668125681977461,0.03985683776445219,0.9246681902125385,2.146494985914589e-14,3.1039433865322265e-16,335.39012541640807
620,g01_t06_000,g01_t03_060,True,,2.18557863732217,0.033972267522937284,0.7878469957540899,2.8254685205885128e-14,1.9242142079520307e-16,12.962374923696949
621,g01_t06_000,g01_t04_000,False,clearance,-1.9363615611053462,0.055021141037153304,1.2784445090276442,1.7130564986077266e-14,3.818283603795215e-16,253.38745165866618
622,g01_t06_000,g01_t04_015,False,clearance,-4.690918775583586,0.05479980478550003,1.27478254372725,5.19717205745273e-14,6.1259322468453e-16,583.867536311529
623,g01_t06_000,g01_t04_047,False,clearance,-3.124993614407501,0.050020395375748046,1.164154334171694,4.638978928000127e-14,5.993613958846775e-16,394.13075802247994
624,g01_t06_000,g01_t05_005,False,clearance;input,-3.514187509479977,0.06562930617200244,1.5289447048578182,5.786126235883532e-14,4.1634809001243615e-16,446.8084383890907
625,g01_t06_000,g01_t05_052,False,clearance;input,-4.538701688668094,0.06795783120169013,1.582074919719925,1.5888218580782548e-14,3.122502256758253e-16,570.6322872144083
626,g01_t06_000,g01_t05_018,False,clearance;input,-5.180967510384914,0.06829171526969971,1.5908473452297431,3.408800541818999e-14,3.021856428651069e-16,647.8403964721466
627,g01_t06_000,g01_t06_025,True,,13.309338563674373,0.02359287126028718,0.5452952537073036,3.256115871121665e-14,3.756827957235535e-16,8.97849765191387
628,g01_t06_000,g01_t06_053,True,,13.295144550534786,0.020041617256016393,0.46598720833016527,1.464821375527116e-14,1.3836485371193495e-16,7.6579185268785945
629,g01_t06_000,g01_t07_000,True,,10.07847626581373,0.05483470607506851,1.273138667443693,6.521915363565902e-14,6.061934036713223e-16,20.937379543084084
630,g01_t06_000,g01_t07_025,True,,12.153727362436712,0.035620488601848126,0.8253511263468076,1.9479273482635503e-14,1.9348972210317788e-16,13.580388058587566
631,g01_t06_000,g01_t07_056,True,,13.107140172522163,0.05007173034701911,1.1628182997113181,2.774758085844075e-14,1.7291634505335761e-16,19.122014277131306
632,g01_t06_000,g01_t08_000,True,,13.271009197794388,0.022319638803362907,0.5193686430981717,6.217248937900877e-15,2.1634416938298366e-16,8.536081824824707
633,g01_t06_000,g01_t08_013,True,,13.32152916985687,0.0181280370746072,0.42017040998852834,1.7404671430534633e-14,9.057599115250635e-17,6.914341657812937
634,g01_t06_000,g01_t08_027,True,,13.345919096225575,0.00810021172574119,0.1878330616156872,8.140289677804162e-15,2.138710737318089e-17,3.087046201753533
635,g01_t06_000,g01_t09_000,True,,6.769737769046591,0.04319865209961748,1.0059403293236273,1.8115356374411762e-14,2.1513368861258285e-16,16.516312509220395
636,g01_t06_000,g01_t10_000,True,,12.205564110580191,0.04430708842183478,1.0276998842974192,3.117493601007525e-14,4.12634755553405e-16,16.90563877162687
637,g01_t06_000,g01_t11_000,True,,13.112420517644304,0.035175183009062104,0.81819633877164,2.5864145986817697e-14,2.397011644009366e-16,13.436286503475424
638,g01_t06_000,g01_t12_000,False,input,6.908426990512833,0.060275096779305974,1.4036803635660284,1.8115356374411762e-14,8.360431358887756e-16,23.051806909914596
639,g01_t06_000,g01_t13_000,True,,12.60511447626178,0.03192981077786613,0.7406943254595576,3.6415315207705135e-14,3.9512492376769706e-16,12.183637173818234
640,g01_t06_000,g01_t14_000,False,clearance;input,-0.3731838609595646,0.0756609759412411,1.7621586298788259,3.552713678800501e-14,5.647850449853784e-16,73.71955854382489
641,g01_t06_025,g01_t00_000,False,clearance;input,-3.935952751764925,0.06815557737710735,1.586761854381253,3.449061096984636e-14,3.4583269010671523e-16,498.3733748506691
642,g01_t06_025,g01_t00_054,True,,13.67567583114786,0.05768541168358377,1.344081063416279,3.5704330589399866e-14,7.394106199807586e-16,22.067188645810944
643,g01_t06_025,g01_t00_023,True,,5.224225368641708,0.051715925599086665,1.2042809804777213,3.9879112138130155e-14,4.2277456865484225e-16,19.777255219459956
644,g01_t06_025,g01_t01_000,False,input,19.122401018641085,0.07352070847259337,1.7118771017902332,8.225126821621292e-14,9.375727037765894e-16,28.10707891290121
645,g01_t06_025,g01_t01_049,True,,19.040876210673076,0.05314993803139294,1.236981715521237,5.1728291973635394e-14,6.078170050122664e-16,20.31687468033425
646,g01_t06_025,g01_t01_029,False,input,16.945872039577672,0.07039586369314928,1.6381065144821743,5.016635827804658e-14,6.598884454405563e-16,26.90740052441894
647,g01_t06_025,g01_t02_000,False,input,18.45889568879058,0.06968157382614928,1.6233168787143326,5.90221124448794e-14,6.693155773823164e-16,26.65281360166303
648,g01_t06_025,g01_t02_045,True,,19.416104760766306,0.043018269575551785,1.0021156899579127,4.5531598466568455e-14,5.015241277715091e-16,16.450611974989606
649,g01_t06_025,g01_t02_057,True,,22.610186998072585,0.05761454728217997,1.3406264584803014,2.7974095480984613e-14,2.4951089245224825e-16,22.017874628910008
650,g01_t06_025,g01_t03_000,False,clearance;input,-4.6116598211502975,0.061991589938392454,1.4392808202330998,9.381115210168569e-14,4.23897704418565e-16,577.0845408563599
651,g01_t06_025,g01_t03_026,False,clearance,-2.0282180684938016,0.057345693117881166,1.330737848448362,7.87429153323469e-14,2.3571821926947387e-16,265.29432481211643
652,g01_t06_025,g01_t03_060,True,,2.0551134676090976,0.05266483718132384,1.2218645248925561,5.739584601870544e-14,4.094682389649548e-16,20.117032625035325
653,g01_t06_025,g01_t04_000,False,clearance;input,-5.15333734700973,0.06770502343021359,1.5723846042921208,1.2183270001374245e-13,1.0087920413118926e-15,644.2741476739078
654,g01_t06_025,g01_t04_015,False,clearance;input,-2.2625820746518475,0.06403829626509341,1.4880400741171398,8.966643935170255e-14,6.114309680137667e-16,295.98644044778774
655,g01_t06_025,g01_t04_047,True,,0.5131740303987189,0.056228374718912774,1.3068151137967592,5.261285885047999e-14,1.577740299643925e-16,21.490131113721276
656,g01_t06_025,g01_t05_005,False,input,1.6148647115776145,0.061180327357592754,1.4245860798525594,3.8263897345803626e-14,5.887846720064156e-17,23.391360313639993
657,g01_t06_025,g01_t05_052,False,input,4.408827454975073,0.060297587843313225,1.4044487027429573,5.411332257568737e-14,3.296522366252803e-16,23.063401258302385
658,g01_t06_025,g01_t05_018,False,clearance;input,-5.156254176269803,0.06825730683441514,1.5884920603200878,8.146223143239729e-14,5.051591013050332e-16,644.8443813635018
659,g01_t06_025,g01_t06_000,True,,13.300927795612393,0.023595682021052857,0.5452952686085996,5.464282685093744e-14,3.9136376602653333e-16,8.979627918269632
660,g01_t06_025,g01_t06_053,True,,24.950451416208583,0.023277263433567275,0.5394392994616258,2.6586074758753436e-14,3.7084152287924965e-17,8.86327350549649
661,g01_t06_025,g01_t07_000,True,,24.842695669791905,0.040599565173092766,0.944052535745681,2.6586074758753436e-14,4.3249964837975335e-16,15.51073533441473
662,g01_t06_025,g01_t07_025,True,,25.04898488605505,0.017745276333715993,0.41189312361289326,3.6067043581494844e-14,8.848046324741092e-17,6.76534036352615
663,g01_t06_025,g01_t07_056,True,,25.08143359940469,0.03756151246526481,0.8743681295699229,1.3411200035432724e-14,2.7132761032412845e-16,14.360781391737152
664,g01_t06_025,g01_t08_000,True,,23.337841620372316,0.03583745937243968,0.8313324599022667,4.973799150320701e-14,1.714131521035004e-16,13.676847371875539
665,g01_t06_025,g01_t08_013,True,,25.043742424420625,0.014575868043301165,0.3368635969811167,2.929642751054232e-14,1.4380428636816757e-16,5.535873337015568
666,g01_t06_025,g01_t08_027,True,,17.18583906272511,0.02287010953188068,0.5288481358646357,6.589302256184982e-14,7.664258822861523e-17,8.70787178083802
667,g01_t06_025,g01_t09_000,True,,16.1705200070128,0.03938551825330221,0.9168233735309818,4.935587579328812e-14,8.783938091597279e-17,15.05342007353035
668,g01_t06_025,g01_t10_000,True,,25.023194905939707,0.028295523955171945,0.6574933496604801,3.102273850532274e-14,2.1490976589917082e-16,10.801670958911025
669,g01_t06_025,g01_t11_000,True,,25.033201434095563,0.038083298712949916,0.8849282905477109,4.0971892881709936e-14,2.2536054332247035e-16,14.5304612661548
670,g01_t06_025,g01_t12_000,False,input,0.8627847490289908,0.0686856751299494,1.5969286220548808,6.824540119616012e-14,3.3103687685155823e-16,26.249278592759474
671,g01_t06_025,g01_t13_000,True,,24.304834949399147,0.01922478148664706,0.4475620700976215,1.6110097386971715e-14,1.7368905267604862e-17,7.349320458038056
672,g01_t06_025,g01_t14_000,False,input,14.23836359165525,0.0676775678487092,1.5766320950518722,5.197930934883577e-14,4.191655162631897e-16,25.88226925104828
673,g01_t06_053,g01_t00_000,False,clearance;input,-5.690385676786871,0.08516518480296938,1.9842681786773415,2.2748467065386707e-14,2.0396099332657776e-16,715.4266882888512
674,g01_t06_053,g01_t00_054,False,input,8.318370783555261,0.07818501802568496,1.820894694973398,6.153480596427405e-14,6.069846772046872e-16,29.89753827099689
675,g01_t06_053,g01_t00_023,False,clearance;input,-0.9545459362681701,0.06916277602257455,1.610893544013211,2.3566036520288945e-14,5.898099678560441e-16,140.9964818029083
676,g01_t06_053,g01_t01_000,False,speed;input,16.321546266561334,0.09053588735791704,2.1096199771434363,1.6280579355608324e-14,5.266364486568646e-16,34.630650314543665
677,g01_t06_053,g01_t01_049,False,input,19.58160626079321,0.06796018284101296,1.5835326387000035,2.929642751054232e-14,6.275096925085084e-16,25.996466188085606
678,g01_t06_053,g01_t01_029,False,input,18.085787404992384,0.08385874864476324,1.9536659429972427,4.8784291215413634e-14,1.1522743178863966e-15,32.07532409043921
679,g01_t06_053,g01_t02_000,False,speed;input,11.323907906677661,0.0908625950606373,2.1159988402670775,4.14314051144892e-14,2.342840229615247e-16,34.7450689200616
680,g01_t06_053,g01_t02_045,False,input,12.914041687354972,0.06471444221840855,1.5066341797715084,4.507888299247583e-14,7.057574879993473e-16,24.7369418236383
681,g01_t06_053,g01_t02_057,False,input,18.052352785762057,0.07851587287937428,1.8268082950557543,5.560876503273892e-14,5.841872868741823e-16,30.005295677372025
682,g01_t06_053,g01_t03_000,False,clearance;input,-0.9194386398012502,0.06587415795001833,1.5310321384375531,4.635576669436108e-14,1.0232221977740275e-15,135.50159385450084
683,g01_t06_053,g01_t03_026,False,clearance,-4.706344369722411,0.05486430697783086,1.273728699260688,2.1614876153176178e-14,2.3633021048361517e-16,585.7147474577257
684,g01_t06_053,g01_t03_060,False,clearance,-4.28481252103352,0.052464312589946875,1.2183926371867249,2.869792300935272e-14,1.2643266404855218e-16,534.2148666743896
685,g01_t06_053,g01_t04_000,False,clearance;input,-4.064876837153496,0.06887536461961438,1.600586278646542,3.859234884089423e-14,8.475682092058662e-16,514.1044448295617
686,g01_t06_053,g01_t04_015,False,clearance;input,-5.009459218757176,0.06348207981830149,1.4762524720327046,2.2748467065386707e-14,6.385667682203542e-16,625.4063788547202
687,g01_t06_053,g01_t04_047,False,clearance;input,-4.9707143746182085,0.062325670270928106,1.45036778575698,2.7418687836503485e-14,4.488343482654874e-16,620.3188647216424
688,g01_t06_053,g01_t05_005,False,clearance;input,-3.1287038357680546,0.07952093131303033,1.8528624270886376,2.1683198553528097e-14,1.6365348541700846e-16,405.86377588564613
689,g01_t06_053,g01_t05_052,False,input,2.089313960756434,0.0784897283115596,1.8280982531532597,8.293893593196879e-14,8.624629225485349e-16,30.01863285093078
690,g01_t06_053,g01_t05_018,False,clearance;input,-4.387180271544562,0.08346171410702317,1.9443705531750446,3.592459381734991e-14,7.213780361041159e-16,558.3894375286561
691,g01_t06_053,g01_t06_000,True,,13.292209315541939,0.020041471254395503,0.4659872055309316,1.6758116906701664e-14,1.2561800502003056e-16,7.657694670579769
692,g01_t06_053,g01_t06_025,True,,25.00438047121411,0.023273651350745054,0.5394392736799886,7.944109290391274e-15,9.194034422677078e-17,8.861246942016377
693,g01_t06_053,g01_t07_000,True,,22.879126466058693,0.050967920856128404,1.1840135926952697,3.117493601007525e-14,2.5286532809710436e-16,19.460119426531737
694,g01_t06_053,g01_t07_025,True,,26.155502480602635,0.033537142522857735,0.7781029944696464,3.467310224881561e-14,3.938089749761706e-16,12.786307260448215
695,g01_t06_053,g01_t07_056,True,,25.82898084909737,0.03903628410916563,0.906159867270667,4.6048432255985435e-14,7.24649457599557e-17,14.897391170421795
696,g01_t06_053,g01_t08_000,True,,25.807406230412568,0.026871584898236333,0.6251368591011965,1.591302455776226e-14,3.571340232560386e-16,10.278278128209704
697,g01_t06_053,g01_t08_013,True,,27.6100681353091,0.008803226890889628,0.2026121386128258,3.097183980245201e-14,8.294536356236366e-17,3.3279786527460993
698,g01_t06_053,g01_t08_027,True,,20.33342837128741,0.0238969352939896,0.5559522025746161,1.8202241076109967e-14,2.7511642410880956e-16,9.131706904094202
699,g01_t06_053,g01_t09_000,True,,8.580312752731118,0.057784424511389806,1.3462323348233858,2.2748467065386707e-14,3.609725435941047e-16,22.097982439500512
700,g01_t06_053,g01_t10_000,True,,24.72706445053186,0.040228169366471445,0.9337092254034398,2.2748467065386707e-14,1.559322466582485e-16,15.346576899270596
701,g01_t06_053,g01_t11_000,True,,27.48761989801882,0.016645318786427155,0.3860403113622459,4.819135301037582e-14,2.092073376739547e-16,6.337285697519933
702,g01_t06_053,g01_t12_000,False,input,5.359865650820396,0.07970039497803443,1.8556677390236342,5.783398860650275e-14,6.10188828559375e-16,30.47829203827977
703,g01_t06_053,g01_t13_000,True,,22.846861985988063,0.028684316937766397,0.6659968558933387,2.9417348844303596e-14,1.6943551349561353e-16,10.942345328248162
704,g01_t06_053,g01_t14_000,False,speed;input,7.262824544784527,0.08831912592199181,2.0577309898987184,3.6241597746139513e-14,6.546139416680338e-16,33.78181033701782
705,g01_t07_000,g01_t00_000,False,clearance;input,-4.336254383848978,0.06496731657738246,1.5111467900530298,8.474544047399891e-14,6.398376291900517e-16,545.1712726506886
706,g01_t07_000,g01_t00_054,True,,18.727075063808545,0.055242402578527965,1.286314924627366,2.935023183045314e-14,2.0613303810414136e-16,21.118881050348055
707,g01_t07_000,g01_t00_023,True,,6.878293935749581,0.04656920465468328,1.0828308518064997,4.6728652726691796e-14,1.5862051936649424e-16,17.78641877160809
708,g01_t07_000,g01_t01_000,False,speed;input,12.63471640101709,0.09799500148194257,2.2807399822396732,4.2186137559376095e-14,7.918855914161363e-16,37.46617858374324
709,g01_t07_000,g01_t01_049,False,input,13.619787275195835,0.08350759642924789,1.9427383592327254,6.99803436660041e-14,6.667118051786499e-16,31.925857103363928
710,g01_t07_000,g01_t01_029,False,speed;input,7.168912770970614,0.09872563053871979,2.2966976749786165,5.425870739217291e-14,1.6004645656917944e-16,37.74095080385043
711,g01_t07_000,g01_t02_000,False,input,23.410772353409396,0.06436084872390975,1.4994139469678356,2.5618982671915014e-14,2.78621648632148e-16,24.61361741759412
712,g01_t07_000,g01_t02_045,True,,18.828203643219894,0.050510413205263845,1.1760022488772355,7.6450444385775e-14,7.464472988586534e-16,19.314285761366445
713,g01_t07_000,g01_t02_057,True,,25.522157881176234,0.046169965165123325,1.075423209058626,6.473352399285872e-14,3.614484837257966e-16,17.65445597920749
714,g01_t07_000,g01_t03_000,False,clearance;input,-4.963193657097938,0.0765889120887119,1.7777382484510493,4.790403295431318e-14,9.954350588497638e-16,624.8389346915683
715,g01_t07_000,g01_t03_026,False,clearance;input,-3.9215467674265536,0.06849493759417362,1.5884134946901918,1.0957946246798838e-13,1.2525856722225486e-15,496.7391760119219
716,g01_t07_000,g01_t03_060,False,clearance;input,-5.035556655228026,0.07234355240768271,1.6787152270529548,1.1264119494916038e-13,9.458300371461413e-16,631.8971982115954
717,g01_t07_000,g01_t04_000,False,clearance;input,-0.9802276669969809,0.06863480727781435,1.5917956265570323,5.224422199693188e-14,1.0328526677402942e-16,143.8356453600081
718,g01_t07_000,g01_t04_015,False,clearance,-4.735870432580516,0.056319513157802065,1.3050686254578427,8.563440298696854e-14,5.558482808539776e-16,589.7946522056574
719,g01_t07_000,g01_t04_047,True,,3.623073559918848,0.05197182129920052,1.2048228375323906,5.2372410365128874e-14,3.399228856708215e-17,19.830540391695262
720,g01_t07_000,g01_t05_005,False,input,3.2070188244807385,0.06318301540699606,1.4698998411229256,3.467310224881561e-14,3.7553457920377367e-16,24.14161315651179
721,g01_t07_000,g01_t05_052,True,,4.524593007030872,0.05109337668870712,1.1889962154855058,5.422982071392023e-14,1.3571924829861478e-16,19.523343173573885
722,g01_t07_000,g01_t05_018,False,input,1.8932110648469793,0.06793428971484343,1.5793384481334065,6.1549226494714e-14,8.857424004236745e-16,25.95065251728839
723,g01_t07_000,g01_t06_000,True,,8.822326886027676,0.054855635518601495,1.2731387733757522,3.692088357856443e-14,6.806573919267329e-16,20.945463554521776
724,g01_t07_000,g01_t06_025,True,,24.599657979109352,0.04062595330500757,0.9440527349421944,3.8428474007872526e-14,3.9166352915537505e-16,15.525953189624188
725,g01_t07_000,g01_t06_053,True,,21.40228420298961,0.05099113347094094,1.1840137398163328,5.0242958677880804e-14,5.558049685633556e-16,19.471388714103455
726,g01_t07_000,g01_t07_025,True,,25.37593923628441,0.02312612382229134,0.5369332734659408,2.9417348844303596e-14,2.521264072383756e-16,8.834777503425126
727,g01_t07_000,g01_t07_056,True,,25.696073933644072,0.02119320426847965,0.4920703424032313,1.6758116906701664e-14,1.7344686697525666e-16,8.086873927103944
728,g01_t07_000,g01_t08_000,False,input,18.716252467189356,0.07328578869343202,1.7029788153327672,5.987798271676743e-14,5.333957351724351e-16,28.006244880040697
729,g01_t07_000,g01_t08_013,True,,23.925017112721626,0.046083740575025206,1.0701402200573837,3.692088357856443e-14,3.66778143590166e-16,17.60010217425413
730,g01_t07_000,g01_t08_027,True,,9.169365198313034,0.05846697242730223,1.3577835252603458,4.14314051144892e-14,7.473417450352271e-16,22.333551456347063
731,g01_t07_000,g01_t09_000,False,input,8.791911601747742,0.06141942753977793,1.428445422179643,5.826883674891095e-14,1.8515278288508872e-16,23.473422974346224
732,g01_t07_000,g01_t10_000,True,,25.77574436337942,0.012505917371067408,0.28984974380896766,3.117493601007525e-14,2.042747381915588e-16,4.775777842425931
733,g01_t07_000,g01_t11_000,True,,23.056431915398857,0.05745674159548682,1.334733426895687,2.864289338439558e-14,4.443059973708341e-16,21.940503240762446
734,g01_t07_000,g01_t12_000,False,clearance;speed;input,-5.643230525473257,0.08635533983822304,2.0069557503702367,2.4868995751603507e-14,6.546139416680338e-16,710.1841251607061
735,g01_t07_000,g01_t13_000,True,,23.418077480324648,0.023647982001806418,0.5475141632776349,4.993585206445984e-14,1.8792948856309237e-16,9.010897470091518
736,g01_t07_000,g01_t14_000,False,input,18.486315361965808,0.07019690110116812,1.634465631665263,2.0116800053149086e-14,6.713536737333183e-16,26.835146289169963
737,g01_t07_025,g01_t00_000,False,clearance;input,-4.167292411768081,0.06237378568875384,1.4514234680562073,2.3364326363345898e-14,5.887846720064157e-16,523.9118081168031
738,g01_t07_025,g01_t00_054,True,,16.709106221370526,0.05122630518137866,1.1933333758318607,1.6758116906701664e-14,1.526655219511716e-16,19.588777646875265
739,g01_t07_025,g01_t00_023,True,,6.900527327164401,0.04396718642740053,1.0230768863463457,2.7288911567313107e-14,2.533409074679899e-16,16.80065979594086
740,g01_t07_025,g01_t01_000,False,input,18.943933930492232,0.08117388800925986,1.8894742207423827,5.739584601870544e-14,5.051591013050332e-16,31.031474026082094
741,g01_t07_025,g01_t01_049,False,input,17.507144356594132,0.06386560581985637,1.4857691650397153,3.182604911552452e-14,7.013433594157003e-16,24.412031868024258
742,g01_t07_025,g01_t01_029,False,input,15.010642186891873,0.08033042445047915,1.8687452306516175,5.864671029351537e-14,1.0853991648152638e-15,30.7040961028379
743,g01_t07_025,g01_t02_000,False,input,21.135965411243948,0.06253878926792877,1.4572696813177988,2.040878629308206e-14,5.036795825963254e-16,23.92150483448585
744,g01_t07_025,g01_t02_045,True,,19.202226594659965,0.03999970259700613,0.9319791401179509,2.2539441496237913e-14,5.419020877771671e-16,15.299059461960933
745,g01_t07_025,g01_t02_057,True,,26.11510103048689,0.04719319946283023,1.0985215302408209,1.0658141036401503e-14,1.7402657376242655e-16,18.035518669523718
746,g01_t07_025,g01_t03_000,False,clearance;input,-5.079904323549028,0.06563870711089077,1.5233222007160627,3.040633126371917e-14,2.7161582047477197e-16,634.6616055600363
747,g01_t07_025,g01_t03_026,False,clearance,-4.503891876801035,0.05969294431849736,1.3841913294456065,2.8591206918129104e-14,3.6348795875842665e-16,563.26127974432
748,g01_t07_025,g01_t03_060,False,clearance,-3.0392709958651176,0.05892905365019587,1.3667145566705117,3.588064934363216e-14,2.8660235890186877e-16,387.2152284255723
749,g01_t07_025,g01_t04_000,False,input,1.7266506822871022,0.06540439476801257,1.5177412355498126,5.851201866846837e-14,5.96906223549092e-17,24.984931437257572
750,g01_t07_025,g01_t04_015,False,clearance,-3.1983825702179525,0.058071448282729685,1.3475291377369871,9.625166217222205e-14,8.338023095729587e-16,405.9832210949761
751,g01_t07_025,g01_t04_047,True,,5.229888329731811,0.05059878724044564,1.174178492641675,4.645775970367801e-14,4.8715779517228e-16,19.319431084088656
752,g01_t07_025,g01_t05_005,True,,3.4027598284642835,0.05724188477923643,1.3321815039615748,4.354792321283889e-14,4.192148702340308e-16,21.874849877472194
753,g01_t07_025,g01_t05_052,True,,4.518403550727952,0.05135852101713237,1.1958189859086454,3.351623381340333e-14,2.1898779786837934e-16,19.634133924484377
754,g01_t07_025,g01_t05_018,False,clearance;input,-0.37995531669964167,0.06395977534521276,1.4875272140294633,4.9724111778783504e-14,6.461745986520615e-16,70.03306220577687
755,g01_t07_025,g01_t06_000,True,,11.493996707523813,0.03563356062263385,0.8253511938071115,2.4884851026246757e-14,1.9626922365282547e-16,13.585531124957773
756,g01_t07_025,g01_t06_025,True,,24.87331703913134,0.01776741982556343,0.4118933030769483,7.105427357601002e-15,7.31960938314185e-17,6.778987111339264
757,g01_t07_025,g01_t06_053,True,,25.323925537707918,0.03355179896143539,0.7781030922083789,2.040878629308206e-14,2.6784489994850477e-16,12.793864524611017
758,g01_t07_025,g01_t07_000,True,,25.69157801818108,0.02309971952486059,0.5369330567173628,7.944109290391274e-15,4.0497527310531634e-17,8.818272638870885
759,g01_t07_025,g01_t07_056,True,,30.333078308541193,0.02572398086113117,0.5990816374143757,1.3411200035432724e-14,1.3329179921125024e-16,9.834833124794894
760,g01_t07_025,g01_t08_000,True,,19.77184329959912,0.05220487794413405,1.2122247110626923,5.0242958677880804e-14,4.616450859790452e-16,19.939005862187468
761,g01_t07_025,g01_t08_013,True,,26.42915411259465,0.026423341907013252,0.6123255899681476,2.929642751054232e-14,1.9104023776717333e-16,10.071404869579354
762,g01_t07_025,g01_t08_027,True,,12.152888220830764,0.037488601222539934,0.8691612084127901,3.28025345777039e-14,4.2878999307764543e-16,14.302835362640426
763,g01_t07_025,g01_t09_000,True,,13.826231872605726,0.044629166717329784,1.0379758198423263,2.864289338439558e-14,2.695472261998043e-16,17.051249817792865
764,g01_t07_025,g01_t10_000,True,,30.38451803245232,0.011011559717454395,0.25538098917872054,1.591302455776226e-14,1.0637122930226486e-16,4.192965138188478
765,g01_t07_025,g01_t11_000,True,,26.075397779480728,0.04477025456319415,1.0399018793625054,3.776586443654626e-14,5.3063260158928595e-16,17.085021236361534
766,g01_t07_025,g01_t12_000,False,clearance;input,-3.1907020087928277,0.07337920099460318,1.7052810598442878,5.434606912323529e-14,3.387999773988765e-16,410.9203561344465
767,g01_t07_025,g01_t13_000,True,,24.357264165032042,0.008684723093289002,0.19866829956397372,1.4210854715202004e-14,3.1348257962563605e-17,3.266036463350853
768,g01_t07_025,g01_t14_000,False,input,14.144410218859528,0.0640282033597001,1.4912726086456258,1.432144669219779e-14,7.012232090613988e-16,24.479582344964236
769,g01_t07_056,g01_t00_000,False,clearance;input,-4.942731731321148,0.08196695598405013,1.9084264830263593,4.7432386632872754e-14,6.93368778045034e-16,624.4654631938686
770,g01_t07_056,g01_t00_054,False,input,18.6340626168821,0.07245265210776129,1.6882134823601227,3.8263897345803626e-14,5.568435337205102e-16,27.712910917536362
771,g01_t07_056,g01_t00_023,False,input,6.842116481797148,0.06329798043372842,1.4739826898611046,1.8460441789282214e-14,1.7392279088443822e-16,24.20212100473266
772,g01_t07_056,g01_t01_000,False,speed;input,17.48392928031971,0.10682826869119622,2.487516369282673,4.0351070721557915e-14,7.327682229021407e-16,40.85156777167247
773,g01_t07_056,g01_t01_049,False,speed;input,13.48447754262508,0.08880911345714018,2.0673098295604677,7.369205161712792e-14,1.639753272708739e-15,33.96055293023365
774,g01_t07_056,g01_t01_029,False,speed;input,8.917324522134265,0.1052731184211906,2.4502771532998766,2.1708480122017892e-14,3.212940164695817e-16,40.25215126845734
775,g01_t07_056,g01_t02_000,False,input,23.617231243355665,0.0826981740334332,1.927308244269806,1.6280579355608324e-14,7.786802500409676e-16,31.636136107545866
776,g01_t07_056,g01_t02_045,False,input,18.670181261859593,0.06409683339479409,1.4936074553218823,2.3092638912203256e-14,5.656369082824507e-16,24.520941295224393
777,g01_t07_056,g01_t02_057,False,input,28.69950241192386,0.06499748589907682,1.5138900185606068,1.6280579355608324e-14,1.5116002524090717e-16,24.850434517684953
778,g01_t07_056,g01_t03_000,False,clearance;input,-5.638342132079057,0.08235875996517712,1.913480392689427,9.987170412891968e-14,1.1427285988121395e-15,708.0748778897225
779,g01_t07_056,g01_t03_026,False,clearance;input,-5.245659172001028,0.07040797999220103,1.6340712835179991,4.5506720001624155e-14,4.910952833065001e-16,656.3750540143907
780,g01_t07_056,g01_t03_060,False,clearance;input,-5.35428827361756,0.07415368498133426,1.7219811549871271,1.2265869388011245e-13,1.3155381590916967e-15,670.8469330284634
781,g01_t07_056,g01_t04_000,False,clearance;input,-5.386708849710611,0.07510070991645088,1.7438372471047294,1.0700983553014278e-13,6.375102873792049e-16,675.100100209407
782,g01_t07_056,g01_t04_015,False,clearance;input,-4.945256046279213,0.06176546846981798,1.433355413998365,6.404745667978754e-14,6.942015703916954e-16,617.0198280769584
783,g01_t07_056,g01_t04_047,False,clearance;input,-4.934430684133119,0.06194221840498271,1.4389403352615378,4.4806818719782766e-14,2.6558837364083264e-16,615.7948500207362
784,g01_t07_056,g01_t05_005,False,input,3.0807769099068487,0.07904744703485686,1.8407074405613861,2.864289338439558e-14,3.379473302432609e-16,30.223227586091497
785,g01_t07_056,g01_t05_052,False,input,4.362722720197854,0.06953507712266858,1.619754999801634,4.6728652726691796e-14,6.256173854266648e-16,26.5918887192776
786,g01_t07_056,g01_t05_018,False,input,2.7655971780482487,0.08350325674553621,1.9434297675593561,4.2597855547370366e-14,1.7554167342883506e-16,31.920681505239955
787,g01_t07_056,g01_t06_000,True,,12.984041825302652,0.0500880822081867,1.1628183827173042,5.947480390056799e-14,6.528463040355634e-16,19.12837807267576
788,g01_t07_056,g01_t06_025,True,,25.051153234178045,0.03758121050978391,0.8743682800257586,2.3832327871173822e-14,2.079643342346131e-16,14.37241443056785
789,g01_t07_056,g01_t06_053,True,,24.690286832923597,0.03905806985335227,0.9061600067374063,2.5618982671915014e-14,4.372191487601905e-16,14.908035644442528
790,g01_t07_056,g01_t07_000,True,,25.812809618312958,0.021178574547938606,0.4920702146999684,7.944109290391274e-15,4.185862945154403e-17,8.076927966182394
791,g01_t07_056,g01_t07_025,True,,30.32733184125152,0.025733959087394134,0.5990817317070014,2.161031364628563e-14,1.5446833478624345e-16,9.842204926874386
792,g01_t07_056,g01_t08_000,False,input,23.423904459301035,0.06491547574605919,1.50844253566778,2.4112040294174312e-14,3.77006140395323e-16,24.807996240071123
793,g01_t07_056,g01_t08_013,True,,26.553113979091496,0.036941114599658514,0.8577308634987354,2.161031364628563e-14,3.872126627197854e-16,14.108351527871356
794,g01_t07_056,g01_t08_027,True,,15.523706886841675,0.05459697293883387,1.2684816467141358,3.182604911552452e-14,4.2774214746361787e-16,20.86012361058644
795,g01_t07_056,g01_t09_000,False,input,11.98788750617268,0.06995523409585212,1.6285765824681926,3.8428474007872526e-14,4.0053709487069576e-16,26.748662219907242
796,g01_t07_056,g01_t10_000,True,,30.00208459358334,0.018946803104691018,0.4404184329687626,7.105427357601002e-15,1.4582837625270342e-16,7.232296266970964
797,g01_t07_056,g01_t11_000,True,,28.510980743035827,0.04045318878349795,0.9381598583593823,5.826883674891095e-14,3.8163916471489756e-16,15.430899503038557
798,g01_t07_056,g01_t12_000,False,clearance;speed;input,-5.681465383547014,0.09553815338756695,2.2221855125999483,2.409567650518791e-14,5.495323605393213e-16,718.2952262277918
799,g01_t07_056,g01_t13_000,True,,24.224885008048098,0.02212153216965656,0.5138003915612099,7.32410687763558e-15,1.962615573354719e-17,8.447103164807235
800,g01_t07_056,g01_t14_000,False,speed;input,14.79172325360013,0.08663896634730434,2.0184315021087986,1.5888218580782548e-14,5.561953340631188e-16,33.134374889007624
801,g01_t08_000,g01_t00_000,False,clearance;speed;input,-4.955445475126892,0.08968354386534876,2.088948644399655,4.081757258616412e-14,9.693752128336969e-16,628.9642360433633
802,g01_t08_000,g01_t00_054,False,input,7.141300116624517,0.0843359190028463,1.963196272308174,4.3944641265813476e-14,2.737127597257086e-16,32.25030255408838
803,g01_t08_000,g01_t00_023,False,clearance;input,-2.6345837524614426,0.07740771905605186,1.802204573705447,3.709141974507642e-14,5.275385075650455e-16,345.7568730780777
804,g01_t08_000,g01_t01_000,False,input,27.383490662881645,0.07880937664062801,1.8362222305015312,3.351623381340333e-14,8.16271730727623e-16,30.142636168932853
805,g01_t08_000,g01_t01_049,True,,27.819281684603446,0.055055486755794344,1.282810624336699,2.0175535360778957e-14,5.834037790602957e-16,21.058262364495732
806,g01_t08_000,g01_t01_029,False,input,21.291071988330327,0.06872959534591427,1.6014837661175088,6.56050691554078e-14,3.930756696933181e-16,26.28810913145373
807,g01_t08_000,g01_t02_000,False,speed;input,10.994626220076462,0.09695279602697429,2.256799528270165,5.955433342649105e-14,9.84834158624391e-16,37.07392497248057
808,g01_t08_000,g01_t02_045,False,input,15.09889609896831,0.06946353738258497,1.616185820202051,3.980981736442674e-14,3.11864493316497e-16,26.552361808432813
809,g01_t08_000,g01_t02_057,False,speed;input,11.00209751456729,0.08917411974752672,2.0740068521436186,7.502873729216785e-14,7.515818336606974e-16,34.08320186251175
810,g01_t08_000,g01_t03_000,False,input,3.336867027879465,0.06172725508766376,1.435198263143178,3.7566902446706864e-14,2.6945789820192466e-16,23.591156008139745
811,g01_t08_000,g01_t03_026,False,clearance,-4.763250670745023,0.056443813234128705,1.3117511495758458,3.067753347204868e-14,3.11864493316497e-16,593.1606019759013
812,g01_t08_000,g01_t03_060,True,,1.98354450240534,0.04739872278895888,1.1012928177848333,6.07087979554246e-14,3.5135752366389115e-16,18.108069906899974
813,g01_t08_000,g01_t04_000,False,clearance;input,-2.9367247649076607,0.07401336546302695,1.721252208515152,4.832213032818602e-14,4.4256872386577647e-16,380.7040331857366
814,g01_t08_000,g01_t04_015,False,clearance;input,-5.429875875593792,0.07550885971168707,1.7571552553331213,6.404745667978754e-14,4.184101240945297e-16,680.4678661894325
815,g01_t08_000,g01_t04_047,False,clearance;input,-5.06761479086237,0.07145618846733386,1.6633341878550836,1.6304788408914756e-14,2.967543541502068e-16,635.4478977996595
816,g01_t08_000,g01_t05_005,False,clearance;input,-1.694481754798621,0.08249981847929125,1.9216223418980012,4.1923526769970276e-14,4.3626829675564165e-16,234.8980895739274
817,g01_t08_000,g01_t05_052,False,clearance;speed;input,-1.0170319835775956,0.0871307245514079,2.028549309939199,5.9448270415464e-14,4.388541835720876e-16,155.36929071106195
818,g01_t08_000,g01_t05_018,False,clearance;speed;input,-5.689768785637195,0.0864491767351347,2.0136208876154056,2.9134418374455476e-14,2.698373379649116e-16,715.8458116371726
819,g01_t08_000,g01_t06_000,True,,13.282196512530172,0.02231666776174891,0.5193686194571522,3.078022006371032e-14,9.937847029232521e-17,8.534270399644361
820,g01_t08_000,g01_t06_025,True,,23.892235535873716,0.03582414326951634,0.8313323915546129,5.859285502108464e-14,7.476718554423108e-16,13.671622200575843
821,g01_t08_000,g01_t06_053,True,,26.551935453466097,0.026868806778148385,0.625136811686701,2.6586074758753436e-14,1.8837531479823681e-16,10.274636378719315
822,g01_t08_000,g01_t07_000,False,input,20.40091216808413,0.0732619869337643,1.7029786974347407,5.07429009285179e-14,8.857424004236745e-16,27.997238821598362
823,g01_t08_000,g01_t07_025,True,,21.227022387610738,0.05218631566506263,1.2122246177533669,5.106060410683998e-14,6.64985377503492e-16,19.93187626294598
824,g01_t08_000,g01_t07_056,False,input,25.634287291990276,0.06489397013740038,1.5084424288683096,5.0242958677880804e-14,7.418128695028437e-16,24.799827158881914
825,g01_t08_000,g01_t08_013,True,,27.429421563409214,0.02830062005485933,0.6574595275684124,5.123796534383003e-14,2.0253964504621835e-16,10.810460863586634
826,g01_t08_000,g01_t08_027,True,,20.544849564523798,0.019118049173760598,0.4446129173335148,3.182604911552452e-14,1.5524563663653608e-16,7.304054811663176
827,g01_t08_000,g01_t09_000,True,,17.838097969711537,0.054798358103856123,1.2760551952046406,5.2934241614903995e-14,4.728641100182568e-16,20.95466171591473
828,g01_t08_000,g01_t10_000,False,input,22.01336585553999,0.0616294877323408,1.4320072064743419,4.373771479125257e-14,7.514857336922286e-16,23.544751810218674
829,g01_t08_000,g01_t11_000,True,,26.49715690183633,0.03744503692219348,0.8710121941941018,4.6728652726691796e-14,2.754662226278516e-16,14.307722804918907
830,g01_t08_000,g01_t12_000,False,input,4.194467043891203,0.0714699668406197,1.6643712878681411,4.6048432255985435e-14,3.917864425521418e-16,27.33526614355596
831,g01_t08_000,g01_t13_000,True,,20.65561610961421,0.049718218444687094,1.1557028397657945,3.351623381340333e-14,2.7529684447369866e-16,18.999402627406603
832,g01_t08_000,g01_t14_000,False,speed;input,11.464769549687507,0.09049464218237846,2.1075297811958564,3.852073938439816e-14,6.587199833544176e-16,34.61334117585375
833,g01_t08_013,g01_t00_000,False,clearance;input,-4.677967809328628,0.07835708995269107,1.8253279164784335,2.2469334198890888e-14,7.28550816809042e-16,591.3282790962361
834,g01_t08_013,g01_t00_054,False,input,10.383827028261859,0.07026459661571625,1.6366434487527335,6.081266252743834e-14,5.681424633657484e-16,26.87149527550838
835,g01_t08_013,g01_t00_023,False,input,0.5574246971592252,0.062131161505248965,1.447301030400108,4.322062729257126e-14,3.2414736699297147e-16,23.765298298086392
836,g01_t08_013,g01_t01_000,False,input,15.803572081734156,0.08371764560532512,1.9503681695629491,2.5864145986817697e-14,4.771341074464534e-16,32.017802674555746
837,g01_t08_013,g01_t01_049,False,input,17.992680151742107,0.06169906839171363,1.4374168681369488,8.881784197001252e-15,2.913715829675568e-16,23.600235004003284
838,g01_t08_013,g01_t01_029,False,input,15.800709708422211,0.07817092801698748,1.820548547297109,2.2500101497848744e-14,8.307279020970442e-16,29.893713023619153
839,g01_t08_013,g01_t02_000,False,input,13.811631112186745,0.08276280308913826,1.9275624067942911,3.097183980245201e-14,3.287014905352939e-16,31.649945287772834
840,g01_t08_013,g01_t02_045,True,,15.259400558340086,0.05639978592613347,1.313227810896922,3.794299872214038e-14,2.317268526993508e-16,21.560205654829918
841,g01_t08_013,g01_t02_057,False,input,19.500993163338592,0.070504844320765,1.6404256546102283,4.618527782440651e-14,3.937478387536527e-16,26.94333140554242
842,g01_t08_013,g01_t03_000,False,input,1.4708350683143472,0.06335104030339035,1.4717633040433307,2.930988785010413e-14,4.014976168611859e-16,24.204149083317006
843,g01_t08_013,g01_t03_026,False,clearance,-4.695731062022703,0.054575219891457215,1.26663753901381,2.2914812273410555e-14,1.3947004136484323e-16,584.3322989872116
844,g01_t08_013,g01_t03_060,True,,0.749364150260883,0.05120939772944041,1.1887171580848432,3.726117541341095e-14,5.722379214928348e-16,19.55898769484941
845,g01_t08_013,g01_t04_000,False,clearance;input,-5.1448371828973425,0.06743671661903047,1.5667052667599326,4.412378852824695e-14,5.74211813252823e-16,643.1500085787588
846,g01_t08_013,g01_t04_015,False,clearance;input,-3.849173989223809,0.06263998902837593,1.4564789547946622,3.197442310920451e-14,5.299062048057741e-16,485.8519907289712
847,g01_t08_013,g01_t04_047,False,clearance,-4.798967974580187,0.05898093560357395,1.3722981885407568,1.778575899402738e-14,4.0839384567343154e-16,598.4322615210914
848,g01_t08_013,g01_t05_005,False,clearance;input,-1.6000242870609274,0.07224987912586948,1.6833487805091083,5.3438529890894854e-14,5.11975649256e-16,219.63983466892438
849,g01_t08_013,g01_t05_052,False,input,3.9850110333810087,0.07128884078029585,1.660568618307514,1.7404671430534633e-14,6.941284158009849e-16,27.267838347852155
850,g01_t08_013,g01_t05_018,False,clearance;input,-4.489601841702192,0.07722735750317952,1.7986145790131258,2.222665386185376e-14,3.667125009688635e-16,568.2895562510877
851,g01_t08_013,g01_t06_000,True,,13.316586624656575,0.01812860156283063,0.4201704131118506,2.262677015149172e-14,5.594315114139762e-17,6.914574821371154
852,g01_t08_013,g01_t06_025,True,,25.08689080300639,0.014572199324605517,0.33686356835168185,1.6280579355608324e-14,1.0603120319208158e-16,5.533616521650951
853,g01_t08_013,g01_t06_053,True,,27.602528605790578,0.00880582923346278,0.20261215963852397,1.464821375527116e-14,2.7373474733547418e-17,3.3296711741349307
854,g01_t08_013,g01_t07_000,True,,24.65329510014472,0.046058939464584996,1.0701400517660535,2.774758085844075e-14,3.9313595363064377e-16,17.587237909748154
855,g01_t08_013,g01_t07_025,True,,26.994357176122225,0.02640608814673786,0.6123254656899982,2.4501492788668817e-14,2.407706197318431e-16,10.06184375130717
856,g01_t08_013,g01_t07_056,True,,27.561521426436805,0.036919172507071996,0.8577307129840249,2.864289338439558e-14,4.1314106709611766e-16,14.096834684012602
857,g01_t08_013,g01_t08_000,True,,26.730769480777184,0.028311698429312665,0.6574595865186261,3.03543989777123e-14,3.490201555533615e-16,10.814961765352665
858,g01_t08_013,g01_t08_027,True,,20.542300582046256,0.02050621987985511,0.4764077371221318,2.3566036520288945e-14,6.546139416680338e-17,7.833589858675795
859,g01_t08_013,g01_t09_000,True,,10.296575203085203,0.05032404701526429,1.1726730461069084,2.6822400070865448e-14,3.613058801666496e-16,19.249421032224905
860,g01_t08_013,g01_t10_000,True,,27.912868278708032,0.03449545801087255,0.8006297238194735,3.182604911552452e-14,2.605552351031352e-16,13.158429798749347
861,g01_t08_013,g01_t11_000,True,,29.611293025948147,0.02437604604609724,0.5659083403088665,1.464821375527116e-14,1.563682666447643e-16,9.2903938542215
862,g01_t08_013,g01_t12_000,False,input,1.5779975526683399,0.07479886994936112,1.741033951358249,3.5704330589399866e-14,5.006713685883698e-16,28.60237048415099
863,g01_t08_013,g01_t13_000,True,,24.239296174787953,0.022991475902475897,0.5340336469427285,2.1186360118499727e-14,1.6161814523979628e-16,8.77314960971634
864,g01_t08_013,g01_t14_000,False,input,9.447483141366508,0.08035124864114968,1.8723572601418212,4.6398291028314195e-14,4.224327714674015e-17,30.7377191567059
865,g01_t08_027,g01_t00_000,False,clearance;input,-4.660747817998322,0.0711229370430291,1.6565967334400822,6.743140409107549e-14,3.6994071208549927e-16,586.4968118463502
866,g01_t08_027,g01_t00_054,False,input,4.776138524046622,0.06611508419785589,1.5388593415423004,6.56050691554078e-14,5.027227436193981e-16,25.278860180412586
867,g01_t08_027,g01_t00_023,False,clearance,-2.9311115731846513,0.05839254359731143,1.359476401137181,3.517007107451656e-14,3.775166431889533e-16,374.06599185492837
868,g01_t08_027,g01_t01_000,False,input,18.45948030310306,0.06894597270059019,1.6061699978971338,5.728578676879116e-14,1.4296479124179332e-16,26.366634613124553
869,g01_t08_027,g01_t01_049,True,,19.75886636959521,0.04604180870509462,1.0728331869600924,7.32410687763558e-15,5.882119639289624e-16,17.612721361981457
870,g01_t08_027,g01_t01_029,False,input,17.3995943456566,0.06073020487301104,1.4146696146341633,1.0436096431476471e-14,6.108197594024093e-16,23.224129611689573
871,g01_t08_027,g01_t02_000,False,input,6.188702378161447,0.07906296466202982,1.8401352550561567,4.986471270604724e-14,7.061326097850568e-16,30.22881718422843
872,g01_t08_027,g01_t02_045,True,,8.92254223571448,0.052144561814167024,1.2126609455539514,5.394541573998955e-14,3.430369070552906e-16,19.92389224830386
873,g01_t08_027,g01_t02_057,False,input,5.343643817425245,0.07128993052584143,1.6571946893354916,6.759498770648678e-14,1.0233868788282264e-15,27.23663751037499
874,g01_t08_027,g01_t03_000,True,,3.388115661877645,0.04847933857641103,1.125897692867887,4.366551050794191e-14,6.807192847419331e-16,18.51686696823495
875,g01_t08_027,g01_t03_026,True,,1.5224676981217964,0.04459425324324803,1.035108102617516,5.772860814113519e-14,8.22105203568309e-16,17.031299732904934
876,g01_t08_027,g01_t03_060,True,,7.963131258310417,0.03609104379235408,0.8370839260447911,3.299436390059666e-14,6.973502068242161e-17,13.775534241299308
877,g01_t08_027,g01_t04_000,False,clearance,-4.827103630425533,0.05968369849186441,1.3870074878764744,6.637016871120738e-14,6.408247907126943e-16,602.062574173155
878,g01_t08_027,g01_t04_015,False,clearance;input,-1.9792105790385075,0.061057115838641755,1.420521372988898,3.499017183300205e-14,3.003026301015899e-16,260.85802639482563
879,g01_t08_027,g01_t04_047,False,clearance,-4.6897687241212225,0.05425267077448211,1.2626533671328741,1.1916163935586911e-14,3.0317487791022667e-16,583.5246620524958
880,g01_t08_027,g01_t05_005,False,clearance;input,-2.6712180244939105,0.06431145301485504,1.4981009175543831,2.1683198553528097e-14,3.77660097765209e-16,345.1477651727783
881,g01_t08_027,g01_t05_052,False,clearance;input,-1.021755909458037,0.06818555074925037,1.5874293587050972,1.6280579355608324e-14,2.776424787817943e-16,148.68844888278932
882,g01_t08_027,g01_t05_018,False,clearance;input,-5.1149793121058895,0.06823485650718128,1.5892472795467567,2.2748467065386707e-14,3.925231146709438e-17,639.8990306403838
883,g01_t08_027,g01_t06_000,True,,13.348189133497357,0.008096892919687893,0.18783303693352602,1.2080532582046505e-14,9.028898239944117e-17,3.085129669653947
884,g01_t08_027,g01_t06_025,True,,17.832868662060218,0.022862377400723253,0.5288480921047309,1.7404671430534633e-14,2.8874158296511534e-16,8.704538526970746
885,g01_t08_027,g01_t06_053,True,,20.400452192980634,0.023895924861232962,0.5559521878912099,1.0048591735576161e-14,2.5018537765542007e-16,9.130554354082538
886,g01_t08_027,g01_t07_000,True,,10.42090478116933,0.05844456016885149,1.3577834063209493,6.740800259667266e-14,9.532333123437818e-16,22.324466504191363
887,g01_t08_027,g01_t07_025,True,,13.020003974108445,0.03747254361477686,0.8691611208927026,1.7404671430534633e-14,4.654048422804712e-16,14.296159057094098
888,g01_t08_027,g01_t07_056,True,,16.32199471476959,0.054579105096526255,1.2684815514944399,3.972054645195637e-14,3.2398021848425308e-16,20.852804540447273
889,g01_t08_027,g01_t08_000,True,,20.488641848623075,0.01912188224140705,0.4446129434764116,2.683710130522266e-14,1.112930229387288e-16,7.306074194361271
890,g01_t08_027,g01_t08_013,True,,20.568866738854148,0.020501741516070815,0.476407710227214,1.464821375527116e-14,7.941927075885423e-17,7.831510160758537
891,g01_t08_027,g01_t09_000,True,,13.099751562052456,0.03887497938136646,0.905340525540317,1.6280579355608324e-14,2.9901721968504993e-16,14.864546515627143
892,g01_t08_027,g01_t10_000,True,,12.479989439628005,0.047261934309419815,1.0971822411588354,1.888293221827313e-14,3.089366695724869e-16,18.043046973207183
893,g01_t08_027,g01_t11_000,True,,20.02800441833332,0.03966774565595916,0.9230640641217858,2.6586074758753436e-14,1.1210126175528405e-16,15.155249937281368
894,g01_t08_027,g01_t12_000,True,,4.529099497978392,0.05792603521419382,1.3487184240143801,3.4809342861069267e-14,5.843521020239911e-16,22.153608064650136
895,g01_t08_027,g01_t13_000,True,,12.964362679870447,0.03550473395555341,0.8246841391950687,2.6586074758753436e-14,1.4788962752995067e-16,13.559168412908129
896,g01_t08_027,g01_t14_000,False,input,7.955077049314381,0.07316285064677393,1.7040227977130764,6.225490845990242e-14,5.541131485391184e-16,27.983951993131594
897,g01_t09_000,g01_t00_000,False,clearance,-3.783444577680271,0.041569776781282014,0.9674157347737734,2.4613922385709617e-14,5.068837062319223e-16,469.90731308606877
898,g01_t09_000,g01_t00_054,True,,12.51571923023166,0.034429654830812104,0.8005837008982154,2.2539441496237913e-14,3.075112360051471e-16,13.155391038212748
899,g01_t09_000,g01_t00_023,True,,1.5378414971117096,0.03462739577825888,0.8060928773749569,2.1900397950137233e-14,2.881939084222627e-17,13.243881641760485
900,g01_t09_000,g01_t01_000,True,,17.879537427891158,0.037993007103912894,0.8837539051953064,2.2469334198890888e-14,3.3516096621164527e-16,14.514121522175802
901,g01_t09_000,g01_t01_049,True,,18.017993398843146,0.024418263233761634,0.567663097597403,1.888293221827313e-14,2.538630157467958e-16,9.33210287997638
902,g01_t09_000,g01_t01_029,True,,17.699717963192697,0.037574688401757476,0.8732356728734219,2.3006074091088066e-14,1.8683543625880677e-16,14.352049832862491
903,g01_t09_000,g01_t02_000,True,,15.434899518169624,0.04552816910695442,1.0586627066087093,3.256115871121665e-14,3.833385641397772e-16,17.396931528435463
904,g01_t09_000,g01_t02_045,True,,17.86200771234465,0.021569886424044116,0.4994141127508971,1.1374233532693354e-14,2.0631544061581046e-16,8.212256548525676
905,g01_t09_000,g01_t02_057,True,,15.306072486457762,0.045408362143843445,1.0538031501954308,1.6280579355608324e-14,8.44865542934803e-17,17.326264423853132
906,g01_t09_000,g01_t03_000,False,clearance,-1.7950147299598898,0.046756966042309445,1.084424402571162,5.849179212456675e-14,2.886112785300463e-16,233.25339815142576
907,g01_t09_000,g01_t03_026,False,clearance,-1.357771703240836,0.05685243943372978,1.3207906274793846,3.025698938196972e-14,9.99224815253781e-16,184.65512155780843
908,g01_t09_000,g01_t03_060,True,,8.601161454573393,0.046943098640040176,1.0898044399248354,3.03543989777123e-14,3.269390033530591e-16,17.93037531646628
909,g01_t09_000,g01_t04_000,False,clearance;input,-4.352264493888054,0.06238751242771414,1.449490853898364,2.040878629308206e-14,2.5133742693021536e-16,546.112350020534
910,g01_t09_000,g01_t04_015,False,clearance;input,-5.179681910225039,0.06832810900226209,1.589987133835592,3.793260195561498e-14,1.2177709378935645e-16,647.693750796308
911,g01_t09_000,g01_t04_047,False,clearance,-2.728034846473647,0.05138801577590827,1.1956221158929259,3.7314065681925976e-14,2.4394924734781536e-16,347.0171419974487
912,g01_t09_000,g01_t05_005,True,,3.5604532681600376,0.03164270434811422,0.7364232942611619,3.117493601007525e-14,4.487035890506323e-16,12.096577834188853
913,g01_t09_000,g01_t05_052,True,,4.413224311056044,0.04175712205282154,0.9719260994130318,2.929642751054232e-14,7.786744531620705e-16,15.969392273445044
914,g01_t09_000,g01_t05_018,False,clearance,-4.003372250680469,0.04104518573633518,0.9546572557500195,3.6760287412418215e-14,5.116934394141132e-16,496.0939266248665
915,g01_t09_000,g01_t06_000,True,,6.39118725808099,0.0431999173175478,1.0059403365762953,5.572921481462953e-14,5.14567057016661e-16,16.516885576863693
916,g01_t09_000,g01_t06_025,True,,16.276091753732388,0.03938617280427646,0.9168233782055626,3.056159864571351e-14,5.706595939642494e-16,15.0537936551355
917,g01_t09_000,g01_t06_053,True,,8.455853800154202,0.057785567853008216,1.3462323448620945,2.1316282072803006e-14,5.279516689972288e-16,22.098781177286277
918,g01_t09_000,g01_t07_000,False,input,10.006846475749565,0.061402741764997965,1.4284453161759467,3.097183980245201e-14,8.045527044939629e-16,23.46518045400031
919,g01_t09_000,g01_t07_025,True,,14.521049385244622,0.044621156274427344,1.0379757663378713,3.66205343881779e-14,6.016065032884629e-16,17.04705255319529
920,g01_t09_000,g01_t07_056,False,input,12.79294176194933,0.06994526888566104,1.6285765186271297,7.105427357601002e-15,8.350058611272074e-16,26.74364507793907
921,g01_t09_000,g01_t08_000,True,,17.77771088739155,0.05480381756947886,1.2760552251522068,4.113522385619252e-14,4.098649038392732e-16,20.957013021786068
922,g01_t09_000,g01_t08_013,True,,10.282942043278283,0.05032499869554736,1.1726730554598273,2.040878629308206e-14,7.225222195571917e-16,19.25016554796522
923,g01_t09_000,g01_t08_027,True,,12.778281642057363,0.03887808540106761,0.905340545206757,2.95110562224397e-14,2.3520701021126763e-16,14.866099413656748
924,g01_t09_000,g01_t10_000,True,,12.480322654302803,0.053268969825919464,1.2391917467476818,4.608268174547748e-14,3.6008781360366896e-16,20.35385917180513
925,g01_t09_000,g01_t11_000,False,input,7.6643602694927075,0.07426745886847842,1.730037984147692,4.451537480371452e-14,2.5387635102844576e-16,28.39866101685454
926,g01_t09_000,g01_t12_000,False,clearance,-3.2872682939159374,0.03677207561576678,0.8532453123154147,3.552713678800501e-15,9.022229924233907e-17,408.5162972671445
927,g01_t09_000,g01_t13_000,True,,12.868153678208014,0.04856763120608995,1.1310485521416809,2.3313626137889344e-14,8.322985580965712e-16,18.570217804435252
928,g01_t09_000,g01_t14_000,True,,16.372333866493694,0.0364127820226492,0.8478828670508578,1.2080532582046505e-14,1.4882269437304651e-16,13.926065165893593
929,g01_t10_000,g01_t00_000,False,clearance;input,-4.412403665206774,0.06456811835460234,1.5022291917803938,4.207379078851762e-14,6.767467331101678e-16,554.1603995692267
930,g01_t10_000,g01_t00_054,True,,19.00478252741949,0.05378340671151663,1.2526678355375618,3.552713678800501e-14,4.798290289831157e-16,20.56346863727976
931,g01_t10_000,g01_t00_023,True,,6.895362345733183,0.04573137729159834,1.0637806837738897,2.3832327871173822e-14,4.847799515902576e-16,17.47027317056654
932,g01_t10_000,g01_t01_000,False,speed;input,15.897642491283502,0.09002413575462172,2.0953711310493577,3.8263897345803626e-14,7.832041159795668e-16,34.41669580032021
933,g01_t10_000,g01_t01_049,False,input,17.570159403428804,0.07386684544317978,1.7184539694618057,5.772476473450155e-14,4.460365043975677e-16,28.237389603471797
934,g01_t10_000,g01_t01_029,False,speed;input,13.512429548972362,0.08989661097208355,2.091310818848022,5.870980704875211e-14,1.3059875798602896e-15,34.36310204517711
935,g01_t10_000,g01_t02_000,False,input,23.96580493033278,0.06418226268632192,1.495466517757378,3.6404482152219934e-14,1.6792412216209308e-16,24.547521881914005
936,g01_t10_000,g01_t02_045,True,,19.06977522513541,0.04539589694458509,1.057304770637887,2.5680492922932105e-14,1.887902037535748e-16,17.359746818660536
937,g01_t10_000,g01_t02_057,True,,29.944376393511774,0.04700074999090516,1.0945237083227344,4.0351070721557915e-14,1.798766884999431e-16,17.967200381513244
938,g01_t10_000,g01_t03_000,False,clearance;input,-4.94850878381523,0.07138463778428529,1.6567853787342173,1.5026760978682746e-13,1.0479567751287318e-15,621.088211802749
939,g01_t10_000,g01_t03_026,False,clearance;input,-2.5622323579287913,0.06387639834386612,1.481113929171713,5.999666694004489e-14,1.9827517492062503e-16,331.8573265897477
940,g01_t10_000,g01_t03_060,False,clearance;input,-5.014049418736432,0.06551951665673848,1.5199055942677135,6.176513043496964e-14,3.1031676915590914e-16,626.7067119633579
941,g01_t10_000,g01_t04_000,False,input,0.6839560389405679,0.06722975435802016,1.5595981996394193,1.0143915243978962e-13,7.964704718284905e-16,25.676276305710896
942,g01_t10_000,g01_t04_015,False,clearance,-4.782295335723756,0.05712007899985572,1.3244728911870798,5.880787539512812e-14,1.722188176232883e-16,595.679692268987
943,g01_t10_000,g01_t04_047,True,,5.573106975817455,0.051475839338169536,1.1939003533052002,5.786126235883532e-14,3.544273982392691e-16,19.647200074800498
944,g01_t10_000,g01_t05_005,False,input,3.3136101421758584,0.06093824900826711,1.4179797178974198,1.6280579355608324e-14,1.4898437035160061e-16,23.285571596582507
945,g01_t10_000,g01_t05_052,True,,4.52057860679925,0.05193584707177763,1.2089976636044524,7.105427357601002e-15,6.001641840771763e-16,19.850139425561164
946,g01_t10_000,g01_t05_018,False,input,0.6972684678004715,0.06682162433227007,1.5538304702754946,5.987798271676743e-14,5.204748636968141e-16,25.528916641558883
947,g01_t10_000,g01_t06_000,True,,11.084539958955158,0.044324278275623796,1.0276999719477125,4.4524234466416185e-14,2.3981297249694785e-16,16.91232291154331
948,g01_t10_000,g01_t06_025,True,,24.880050516465854,0.02831973353260104,0.6574935373507489,2.3832327871173822e-14,7.36185250743806e-17,10.815994597963204
949,g01_t10_000,g01_t06_053,True,,23.59240754202738,0.040247864296804936,0.933709352669835,2.842170943040401e-14,3.9129455730789976e-16,15.356346178262116
950,g01_t10_000,g01_t07_000,True,,25.91382484529508,0.012478418179886689,0.2898495070827783,1.9131948672901813e-14,1.1888236033874157e-16,4.758057025276733
951,g01_t10_000,g01_t07_025,True,,30.378451931769504,0.011034345049902203,0.25538118221627787,1.9131948672901813e-14,2.797157557069881e-17,4.207453974846233
952,g01_t10_000,g01_t07_056,True,,30.032108766781043,0.018945123207421276,0.4404184178582696,1.4210854715202004e-14,6.334858857274741e-17,7.231115325335046
953,g01_t10_000,g01_t08_000,False,input,20.427553751601653,0.061650905683018696,1.4320073131566666,5.756739235742288e-14,1.1247859265068955e-15,23.552899160871657
954,g01_t10_000,g01_t08_013,True,,26.910380898639296,0.034517291478660124,0.8006298753659402,3.197442310920451e-14,2.2084876237282098e-16,13.170022080549938
955,g01_t10_000,g01_t08_027,True,,11.304982617885406,0.047281253260323855,1.0971823447122366,6.173958125892926e-14,6.109478376133258e-16,18.05095315931127
956,g01_t10_000,g01_t09_000,True,,11.553306747216247,0.0532810533744979,1.2391918249594407,4.686351203372723e-14,6.877560572917588e-16,20.359971226332018
957,g01_t10_000,g01_t11_000,True,,26.01356251790581,0.04853766714641834,1.127089072278602,3.5704330589399866e-14,4.473838055522836e-16,18.52464034064893
958,g01_t10_000,g01_t12_000,False,clearance;input,-5.449878276420625,0.08048390080796265,1.87047453951703,7.636268598860126e-14,2.8744111503786724e-16,684.7370863338613
959,g01_t10_000,g01_t13_000,True,,24.3171357878414,0.012787133198138,0.2936435654782042,3.097183980245201e-14,8.099505462106327e-17,4.837470303302228
960,g01_t10_000,g01_t14_000,False,input,15.919572476934466,0.06784424866367186,1.5799609199319251,4.325711579826191e-14,1.0595320673306478e-15,25.937003620871593
961,g01_t11_000,g01_t00_000,False,clearance;speed;input,-6.241798616929254,0.09966436325027825,2.321936027496621,4.05460987825042e-14,1.3938068632222892e-15,787.1376394397262
962,g01_t11_000,g01_t00_054,False,speed;input,8.028473126860812,0.0928129659556381,2.161695995738203,1.4210854715202004e-14,3.3219841332160006e-16,35.490009784765775
963,g01_t11_000,g01_t00_023,False,input,1.123311707260251,0.0830770152489753,1.934968801418384,3.197442310920451e-14,2.1319462161963365e-16,31.768947163376787
964,g01_t11_000,g01_t01_000,False,speed;input,17.75201247366352,0.10691860159418877,2.4916343888146497,1.0054870144020999e-13,1.796423213795642e-16,40.90111857720609
965,g01_t11_000,g01_t01_049,False,input,21.557138321072113,0.08415709903954562,1.9606829868099451,2.1390168887322673e-14,7.007338127874794e-16,32.18685220243222
966,g01_t11_000,g01_t01_029,False,speed;input,18.568350633818113,0.09992458512753351,2.3282242458693134,1.977194685263916e-14,7.836957695847857e-16,38.22296914181851
967,g01_t11_000,g01_t02_000,False,speed;input,12.178367816554058,0.10529813949146548,2.452388927237843,8.709584642567778e-14,1.113881599822381e-15,40.26470481429433
968,g01_t11_000,g01_t02_045,False,input,15.368340987494394,0.07994648843854166,1.8615705360718626,2.96311016924951e-14,3.442278893820556e-16,30.561502136020586
969,g01_t11_000,g01_t02_057,False,speed;input,20.999368544916603,0.09154035406398674,2.1305039304001694,4.0194366942304644e-14,3.98609107286759e-16,34.986940798660726
970,g01_t11_000,g01_t03_000,False,clearance;input,-4.039733151517135,0.0787695916056695,1.8317492626769678,4.431111365216517e-14,4.1360697202803076e-16,514.868160669629
971,g01_t11_000,g01_t03_026,False,clearance;input,-5.046014459386797,0.06459687351563337,1.5006795164773181,4.615123801208778e-14,1.1247003100708814e-15,630.1950508942795
972,g01_t11_000,g01_t03_060,False,clearance;input,-4.98894124871547,0.06465465217375012,1.5027035667068651,4.4550802883181196e-14,1.5406844766068322e-16,623.3714243712669
973,g01_t11_000,g01_t04_000,False,clearance;input,-5.504962158984686,0.07844064915494664,1.8235650243141872,4.521866281009272e-14,3.4219371797089426e-16,690.5703525028135
974,g01_t11_000,g01_t04_015,False,clearance;input,-1.9531060169462506,0.07042197165501582,1.637778309255902,4.618527782440651e-14,5.214799211354908e-16,261.29247461540274
975,g01_t11_000,g01_t04_047,False,clearance;input,-5.0053392064048845,0.07323135871114188,1.7043633618404481,6.127787454580989e-14,7.426885862005046e-16,628.6399157141806
976,g01_t11_000,g01_t05_005,False,clearance;speed;input,-5.041079133709367,0.09472783530190937,2.207001618054352,9.243885181758805e-14,1.0551682808207708e-15,641.1610272178443
977,g01_t11_000,g01_t05_052,False,speed;input,3.878677578846733,0.09212827616696494,2.145799563321083,6.637016871120738e-14,2.453514781374947e-16,35.231705795383526
978,g01_t11_000,g01_t05_018,False,clearance;speed;input,-6.043961051323517,0.0979860095836669,2.2826569160474084,2.1316282072803006e-14,9.568631540412097e-16,762.7545319214639
979,g01_t11_000,g01_t06_000,True,,13.086980670859424,0.035175112240502605,0.8181963373636293,1.9479273482635503e-14,1.3342124270915745e-16,13.436170688463779
980,g01_t11_000,g01_t06_025,True,,25.04788557619625,0.038081156977719584,0.8849282749989051,3.776586443654626e-14,2.3961800113314623e-16,14.529229683336705
981,g01_t11_000,g01_t06_053,True,,27.485024528348625,0.01664541159272056,0.38604031220797247,3.552713678800501e-14,5.557728628416663e-17,6.337349625614511
982,g01_t11_000,g01_t07_000,True,,24.08213856899993,0.05743619218892302,1.3347332946881958,2.0097183471152322e-14,4.773737117496309e-16,21.930295074391893
983,g01_t11_000,g01_t07_025,True,,26.9981134508943,0.044759333078653846,1.0399018053727171,4.181990706439917e-14,5.319014089382401e-16,17.079227765818963
984,g01_t11_000,g01_t07_056,True,,29.770054271884774,0.04043222855287505,0.9381597219939499,5.0242958677880804e-14,5.687353814911081e-16,15.420447677041208
985,g01_t11_000,g01_t08_000,True,,25.734558819606658,0.037446564527558124,0.8710122300454353,4.7664655742347644e-14,3.976416080268664e-16,14.31051721913595
986,g01_t11_000,g01_t08_013,True,,29.71233202750741,0.02437518395959723,0.5659083332420065,2.3566036520288945e-14,1.1125245686377491e-16,9.289829767706955
987,g01_t11_000,g01_t08_027,True,,19.94182161135752,0.03966837369934826,0.9230640735728726,3.03543989777123e-14,9.309503074677274e-17,15.155995113950617
988,g01_t11_000,g01_t09_000,False,input,7.767757217570295,0.07426658875463685,1.7300379763064069,9.291551940735602e-14,6.951459272044323e-16,28.39803613900255
989,g01_t11_000,g01_t10_000,True,,27.224580181501892,0.04852139680426991,1.1270889655294443,3.7356323980498535e-14,2.2771838694454674e-16,18.51635386981958
990,g01_t11_000,g01_t12_000,False,speed;input,5.417813707365818,0.09513438376775188,2.2152547376841585,1.0054870144020999e-13,1.0982813670603169e-15,36.378642889643
991,g01_t11_000,g01_t13_000,True,,22.854293793429836,0.03891933840922831,0.9044478164640891,2.1316282072803006e-14,7.601177430610147e-17,14.853007966456303
992,g01_t11_000,g01_t14_000,False,speed;input,7.057657895392713,0.1037852378431346,2.4179836301621065,5.861977570020827e-14,6.197116006441765e-16,39.69424829723256
993,g01_t12_000,g01_t00_000,False,clearance,-2.7010991285607786,0.04305333974940472,1.0003120021522098,6.112319729142702e-14,5.028431961259134e-16,340.58678968548526
994,g01_t12_000,g01_t00_054,False,clearance,-4.631175264082499,0.05273856957900392,1.2235016883976892,6.163727865135184e-14,3.925231146709438e-16,575.8807013985178
995,g01_t12_000,g01_t00_023,False,clearance,-3.825697490012751,0.04877331718188917,1.132907080817353,3.776586443654626e-14,2.1986550799095255e-16,477.72155264508865
996,g01_t12_000,g01_t01_000,False,clearance,-4.133186987660584,0.044153315883367655,1.0255034533501988,3.256115871121665e-14,8.886119947416683e-17,512.8489978452017
997,g01_t12_000,g01_t01_049,False,clearance,-4.191904254278262,0.04037822713326357,0.9383561151996689,1.432144669219779e-14,1.2456232622454378e-16,518.4643777391983
998,g01_t12_000,g01_t01_029,False,clearance,-4.0701204033806455,0.03651037429336491,0.8486343197438325,3.019811729103986e-14,3.110335488641078e-16,502.36488130602174
999,g01_t12_000,g01_t02_000,False,clearance;input,-4.920828956456196,0.061623427111060995,1.4297696108601117,2.4868995751603507e-14,8.225516558401596e-16,614.032819177831
1000,g01_t12_000,g01_t02_045,False,clearance,-4.520882272308487,0.050959290398481495,1.1813599011071139,1.706135029904003e-14,4.809409384954737e-16,561.955572007961
1001,g01_t12_000,g01_t02_057,False,clearance;input,-5.1672628441614314,0.0688133474384168,1.5959040132434121,1.002973292933483e-13,8.385732949148747e-16,646.3394789214345
1002,g01_t12_000,g01_t03_000,True,,5.893154968197605,0.028724298168129738,0.6673619810599644,1.649718195029833e-14,1.4376242803912823e-16,10.96159297288752
1003,g01_t12_000,g01_t03_026,False,clearance,-1.7951263318835913,0.04954622671612078,1.15357867478052,1.7763655129964547e-14,6.518129683673256e-16,234.35615726624462
1004,g01_t12_000,g01_t03_060,True,,5.901626908737702,0.039225675767951204,0.9131672438203959,1.3411200035432724e-14,7.351698239813883e-17,14.990780445049918
1005,g01_t12_000,g01_t04_000,False,clearance,-1.0288605166088374,0.05134482971300689,1.1949328807087045,3.412270059808006e-14,2.766000127273731e-16,143.0924858516139
1006,g01_t12_000,g01_t04_015,False,clearance;input,-2.9827907593652085,0.06654774232855093,1.5501319848124073,3.6230712748823524e-14,7.561813890862665e-16,383.3936705934685
1007,g01_t12_000,g01_t04_047,False,clearance,-0.3191773850647788,0.050328649402797514,1.172022844416171,3.1225503660520366e-14,4.04663061721137e-16,57.554583690745815
1008,g01_t12_000,g01_t05_005,False,clearance,-2.390517814488333,0.03926526017083179,0.9116005843882342,3.9879112138130155e-14,1.5011185305773422e-16,301.8650441363629
1009,g01_t12_000,g01_t05_052,False,clearance,-4.4564554370594145,0.05437780694997039,1.2629640845606336,3.256115871121665e-14,2.8143181938601944e-16,555.5538252587716
1010,g01_t12_000,g01_t05_018,False,clearance,-1.1449321426193808,0.035711552368322165,0.8299060227612939,2.5680492922932105e-14,2.2381052855595066e-16,151.0406974430591
1011,g01_t12_000,g01_t06_000,False,input,6.8754748291924255,0.060272970689916355,1.4036803562199671,3.1776437161565096e-14,1.4372055751893362e-16,23.051225274745377
1012,g01_t12_000,g01_t06_025,False,input,0.5842580635020913,0.06868764830569395,1.5969286254468136,1.6280579355608324e-14,1.318938676183737e-15,26.249544584526774
1013,g01_t12_000,g01_t06_053,False,input,5.716053051414248,0.07969869669332502,1.8556677384317273,8.788928253162695e-14,4.259373202259666e-16,30.478245496910876
1014,g01_t12_000,g01_t07_000,False,clearance;speed;input,-5.803744844321058,0.08634568005229534,2.0069557250031083,1.5888218580782548e-14,1.159106867033638e-15,729.4438793136314
1015,g01_t12_000,g01_t07_025,False,clearance;input,-1.4815845188993766,0.07337634766562588,1.7052810534053102,6.705600017716361e-14,5.222641365954993e-16,205.82575945460863
1016,g01_t12_000,g01_t07_056,False,clearance;speed;input,-4.480423398852912,0.0955327072475447,2.222185498673953,2.5680492922932105e-14,8.205517098621985e-16,574.1691030994194
1017,g01_t12_000,g01_t08_000,False,input,4.603343837748571,0.07146457463330658,1.6643712679470843,7.538536967616574e-14,8.662230118931654e-16,27.33370024703835
1018,g01_t12_000,g01_t08_013,False,input,2.839621749379218,0.07480069532169575,1.7410339525822083,6.365209823104904e-14,4.492766355308661e-16,28.60246704733066
1019,g01_t12_000,g01_t08_027,True,,4.594295934818627,0.05792282247641122,1.3487184143165363,3.6792462724847006e-14,5.097135955591513e-16,22.152843631847265
1020,g01_t12_000,g01_t09_000,False,clearance,-3.5841583073739045,0.0367738379347869,0.8532453117729539,6.833781207288092e-14,6.256582697145814e-16,444.1430561056657
1021,g01_t12_000,g01_t10_000,False,clearance;input,-5.5745379266782065,0.08047802337238949,1.8704745248759196,4.5496934130773415e-14,8.134798884369879e-16,699.6951099075878
1022,g01_t12_000,g01_t11_000,False,speed;input,6.163579145727047,0.09513297995380726,2.2152547375416956,2.864289338439558e-14,1.283770385100376e-15,36.378632420866154
1023,g01_t12_000,g01_t13_000,False,clearance;input,-1.7845414537955446,0.07418497578193498,1.7254023682552242,1.1816445329460086e-14,6.341784611894861e-16,242.50115842476376
1024,g01_t12_000,g01_t14_000,False,clearance,-3.7929389966663614,0.04894383317043809,1.1359551565793464,1.0114710613661323e-13,1.0804194274878176e-15,473.8510921316781
1025,g01_t13_000,g01_t00_000,False,clearance;input,-4.345271968434433,0.06528087296488912,1.5201024196637178,6.297930319915621e-14,1.1180020276847962e-15,546.3916391650152
1026,g01_t13_000,g01_t00_054,True,,12.978040151159844,0.05647496505897249,1.3160592292359552,2.95110562224397e-14,8.927086569137053e-17,21.602973071875486
1027,g01_t13_000,g01_t00_023,True,,6.881496765703912,0.04706337147646005,1.0962593899597866,2.5121479338940402e-14,4.720488264635378e-16,17.99780377768382
1028,g01_t13_000,g01_t01_000,False,input,13.456239577164347,0.08581119883712625,1.9982549224439983,4.8841738066824975e-14,6.661699538672011e-16,32.81359110137446
1029,g01_t13_000,g01_t01_049,False,input,10.423545582829124,0.06745930780067687,1.5704468231049378,4.081757258616412e-14,4.202472794680645e-16,25.796949467603227
1030,g01_t13_000,g01_t01_029,False,input,7.3046310968900805,0.08349067650704042,1.943334445001701,4.751576205990739e-14,1.0180092843755265e-15,31.922321588878052
1031,g01_t13_000,g01_t02_000,False,input,16.239878075308727,0.06835764474761939,1.5926381932155855,6.56050691554078e-14,5.430543460228409e-16,26.144748225118384
1032,g01_t13_000,g01_t02_045,True,,15.369635883645964,0.04609077082110396,1.0736793974358394,4.2789556681718124e-14,8.32673141209925e-16,17.62531763897223
1033,g01_t13_000,g01_t02_057,True,,22.27876866548804,0.05337572860965301,1.2419248201772852,3.014577520672848e-14,7.272940665411442e-16,20.39251469447199
1034,g01_t13_000,g01_t03_000,False,clearance;input,-4.994354592178778,0.06313967791135927,1.4661617825730484,8.556067554929069e-14,5.184356862730334e-16,623.4467966517287
1035,g01_t13_000,g01_t03_026,False,clearance,-4.314689578957098,0.054609553287708695,1.2667884817628754,5.698032425452922e-14,4.949900528585379e-16,538.621472813618
1036,g01_t13_000,g01_t03_060,False,clearance,-4.7214101183208825,0.05531291222338181,1.2837930412120147,1.0736310142264625e-13,5.565408190834498e-16,587.7011223430779
1037,g01_t13_000,g01_t04_000,False,clearance;input,-1.71494660003457,0.061022775024646134,1.4163963745047017,8.541302975239736e-14,4.2531514201421414e-16,229.10614095749162
1038,g01_t13_000,g01_t04_015,False,clearance,-4.607202820807116,0.05248083109101996,1.2183283506979767,6.245100732104073e-14,2.561053526745152e-16,572.9137341708717
1039,g01_t13_000,g01_t04_047,True,,3.0122920809111786,0.047522210325820165,1.103819222141294,6.639987650048933e-14,3.664498128972097e-16,18.15535535941239
1040,g01_t13_000,g01_t05_005,False,input,0.9724741126240382,0.06097633756641235,1.4201239454823045,1.9131948672901813e-14,6.385667682203542e-16,23.314198432835923
1041,g01_t13_000,g01_t05_052,True,,4.374338220697252,0.055052695308734786,1.2826711546956786,3.4809342861069267e-14,4.048563638248832e-16,21.057413638054108
1042,g01_t13_000,g01_t05_018,False,input,1.2683990095569775,0.06586353026893743,1.532989848212515,4.8062271541339243e-14,2.7833528704240246e-16,25.177540970305287
1043,g01_t13_000,g01_t06_000,True,,11.653371119104593,0.03194274836005797,0.740694393724278,1.888293221827313e-14,2.0026854743534788e-16,12.188844050025958
1044,g01_t13_000,g01_t06_025,True,,24.29563992039828,0.019243119477681366,0.4475622330698711,1.1234667099445444e-14,2.4384167243058535e-16,7.361768026200312
1045,g01_t13_000,g01_t06_053,True,,21.957708751649367,0.028699510577456157,0.6659969638220318,5.1728291973635394e-14,2.55987824628e-16,10.95065485947667
1046,g01_t13_000,g01_t07_000,True,,24.064126894688034,0.02362412255393901,0.5475139818911405,2.5864145986817697e-14,1.602554973115527e-16,8.997064197659267
1047,g01_t13_000,g01_t07_025,True,,24.35820077771695,0.008688951741711373,0.1986683344625326,1.6110097386971715e-14,7.473920761626731e-17,3.2688543800473173
1048,g01_t13_000,g01_t07_056,True,,24.254014323154383,0.022110295179021425,0.5138003052690155,3.197442310920451e-14,1.9110323537408506e-16,8.440423209818986
1049,g01_t13_000,g01_t08_000,True,,19.607131494334592,0.04973485795041708,1.1557029249422648,5.552358433678174e-14,6.011686646273264e-16,19.005909031785603
1050,g01_t13_000,g01_t08_013,True,,24.167885195272053,0.023009161251377128,0.5340337838224876,2.3832327871173822e-14,7.277573322931826e-17,8.783618773024086
1051,g01_t13_000,g01_t08_027,True,,12.10194050380081,0.035519535142086354,0.8246842224771445,3.6230712748823524e-14,9.739201700399851e-17,13.565535420848736
1052,g01_t13_000,g01_t09_000,True,,12.330532010639871,0.04857432593656001,1.1310485997795063,3.370400129833633e-14,2.3716911990868395e-16,18.57397268104123
1053,g01_t13_000,g01_t10_000,True,,24.327292806301507,0.012770763786718254,0.29364343672233423,2.864289338439558e-14,1.962941371164245e-16,4.827544249498374
1054,g01_t13_000,g01_t11_000,True,,22.050648965726808,0.03893048232495926,0.904447897102457,1.9131948672901813e-14,4.236846797785386e-16,14.85931126596174
1055,g01_t13_000,g01_t12_000,False,clearance;input,-3.2465036981369293,0.07418767792915165,1.7254023729715209,4.5496934130773415e-14,6.580252272875716e-16,417.93699469002456
1056,g01_t13_000,g01_t14_000,False,input,10.149926035596598,0.06937016504859857,1.6163177620477176,1.6110097386971715e-14,7.778068501222042e-16,26.53131709134537
1057,g01_t14_000,g01_t00_000,False,clearance,-3.398949020066955,0.02297182386530228,0.5331612022278833,3.3937249765157416e-14,9.185848120258998e-17,416.64036220444325
1058,g01_t14_000,g01_t00_054,True,,19.07226875691056,0.015324604133037044,0.35506315202270655,2.95110562224397e-14,1.4222881305673162e-16,5.828643762279492
1059,g01_t14_000,g01_t00_023,True,,5.598416808846613,0.028953736065665696,0.6741541546665574,6.48309409388569e-14,1.958932212760709e-16,11.068684816407227
1060,g01_t14_000,g01_t01_000,True,,19.586251677264784,0.047526484014299764,1.104977162630773,2.2748467065386707e-14,2.695472261998043e-16,18.16714354633419
1061,g01_t14_000,g01_t01_049,True,,18.45963988439388,0.052160088076160106,1.21362058642671,5.18501491318319e-14,4.0125770192081414e-16,19.950906193866388
1062,g01_t14_000,g01_t01_029,True,,15.697801623305535,0.056600180386895675,1.3157067998421335,4.4096718256060924e-14,1.1968649162610038e-16,21.63596902098443
1063,g01_t14_000,g01_t02_000,True,,19.87397473182478,0.014819106293179661,0.34148855058871797,2.5864145986817697e-14,8.961991810530957e-17,5.613012019061708
1064,g01_t14_000,g01_t02_045,True,,19.820321356277045,0.025338433053126892,0.5884070545517108,2.1093068779688048e-14,2.5119969957889064e-16,9.66461550400959
1065,g01_t14_000,g01_t02_057,True,,19.798074702322324,0.030037283820310363,0.6955513807060328,4.14314051144892e-14,9.539401966176753e-17,11.428421440051231
1066,g01_t14_000,g01_t03_000,False,clearance;input,-5.065080638011796,0.06530529083979368,1.5165388236420838,6.331036454979516e-14,2.5962963631595154e-16,632.7580120236521
1067,g01_t14_000,g01_t03_026,False,clearance;input,-4.599144074890507,0.0781141383917543,1.816149742764194,5.125925073600402e-14,6.010860650248393e-16,581.7529734711353
1068,g01_t14_000,g01_t03_060,False,clearance;input,-5.328733882361957,0.07267976621119349,1.6895769535652245,2.929642751054232e-14,5.026748538604307e-16,667.2268997130112
1069,g01_t14_000,g01_t04_000,False,clearance;input,-5.316207645523877,0.0743265872770686,1.7273567358592943,2.1900397950137233e-14,1.1847437459085478e-15,666.3476160443822
1070,g01_t14_000,g01_t04_015,False,clearance;input,-3.4070200826511687,0.0796689804191749,1.8540300831579206,9.565974336450907e-14,6.160002818935192e-16,439.3062126871881
1071,g01_t14_000,g01_t04_047,False,clearance;input,-4.895279528457778,0.060168884319880094,1.3999637296063374,2.5184204728315197e-14,5.335734195300991e-16,610.4393498167448
1072,g01_t14_000,g01_t05_005,True,,3.6180701183304556,0.015946938152194914,0.3698488956882944,2.040878629308206e-14,1.1301027804460024e-16,6.081581464626186
1073,g01_t14_000,g01_t05_052,True,,4.638257150098495,0.0256072805267664,0.5959489117204061,4.6728652726691796e-14,1.8990270721780401e-16,9.784421934142173
1074,g01_t14_000,g01_t05_018,False,clearance,-3.809209060789649,0.029673645189763287,0.6883124532203977,3.632041641770971e-14,1.368563798628543e-16,468.43026693837487
1075,g01_t14_000,g01_t06_000,False,clearance;input,-0.9657608905406998,0.07566816999740926,1.7621586678250294,4.2036275140586214e-14,1.802243283025095e-15,144.8317857081126
1076,g01_t14_000,g01_t06_025,False,input,13.550852489550472,0.06768498472311128,1.576632160014548,5.90221124448794e-14,1.8619006149354548e-16,25.88740122298281
1077,g01_t14_000,g01_t06_053,False,speed;input,6.181429224632862,0.08832556456766961,2.0577310359308574,4.618527782440651e-14,3.4654547911449743e-16,33.78544893092323
1078,g01_t14_000,g01_t07_000,False,input,18.67445274453284,0.07019194240744261,1.6344655945755178,4.322062729257126e-14,2.0170589995134094e-16,26.83220943972973
1079,g01_t14_000,g01_t07_025,False,input,13.84418585862511,0.06403162552087256,1.4912726360438084,5.0242958677880804e-14,1.736110700089722e-16,24.481758299557146
1080,g01_t14_000,g01_t07_056,False,speed;input,14.761150618951786,0.08663850765160022,2.0184314986355405,2.2469334198890888e-14,5.476625315824659e-16,33.134101406694626
1081,g01_t14_000,g01_t08_000,False,speed;input,10.048617395072503,0.09050510281297577,2.1075298348010088,3.5626916741427515e-14,2.5286532809710436e-16,34.617533158682605
1082,g01_t14_000,g01_t08_013,False,input,8.437499486416188,0.08035798265982545,1.872357312681047,3.5704330589399866e-14,1.204803857159286e-15,30.74187190275535
1083,g01_t14_000,g01_t08_027,False,input,7.348697628676263,0.07317178957616616,1.7040228481361264,2.9777166713245526e-14,1.2163665284472787e-15,27.98790638616695
1084,g01_t14_000,g01_t09_000,True,,15.84795209038395,0.036420707882836995,0.8478829580760292,1.8115356374411762e-14,2.898597830398228e-16,13.933132195236668
1085,g01_t14_000,g01_t10_000,False,input,15.864861160755297,0.06784414570658522,1.5799609191419832,2.1334777765716796e-14,5.560566740672721e-16,25.936943056766836
1086,g01_t14_000,g01_t11_000,False,speed;input,6.032358001230424,0.10379069849836518,2.417983669985997,3.256115871121665e-14,5.949772775833766e-16,39.69740226066176
1087,g01_t14_000,g01_t12_000,False,clearance,-4.485015134039841,0.048950650259996974,1.1359551679260835,6.712654832942343e-14,5.05016111510791e-16,556.9010929262957
1088,g01_t14_000,g01_t13_000,False,input,9.879765578880335,0.06937234101283382,1.6163177810209994,4.1440924104876605e-14,2.0808729376824923e-16,26.532824502461814
