method,time,boresight_x,boresight_y,boresight_z,yaw_rad,pitch_rad,qx,qy,qz,qw
safe_graph_adp,2.0,0.00014140876662352243,0.9609765420882932,-0.2766298349050365,1.5706491756841154,0.28028530881938984,-0.09876449914297625,0.09877903351813183,0.7001228450450051,0.7002258764801175
safe_graph_adp,4.0,0.0005489686761278176,0.959329526921538,-0.28228807521730526,1.570224084827147,0.28617835215781723,-0.10080555880829371,0.10086326049086305,0.6996800113945577,0.7000805122637049
safe_graph_adp,6.0,0.0011962589885191562,0.9565473672335821,-0.2915745242694136,1.5695457265571595,0.2958724739127289,-0.10416038573061825,0.1042907302552107,0.698945859196959,0.6998205080866868
safe_graph_adp,8.0,0.002060247202678668,0.9525443273418355,-0.30439293656449085,1.5686334416347223,0.3093010585358923,-0.10880120443623881,0.10903678380412057,0.6979117825171848,0.6994229203526026
safe_graph_adp,10.0,0.0031203374606429335,0.9471882696166656,-0.3206628219714883,1.5675020227236058,0.32642917916940795,-0.11470901234904564,0.11508752252155528,0.6965591815700437,0.6988576473189859
safe_graph_adp,12.0,0.0043574480300761055,0.940303674089207,-0.34030870271123453,1.5661622740321093,0.34724517558662465,-0.12187046547828302,0.12243653225017678,0.6948601093425305,0.6980876117359086
safe_graph_adp,14.0,0.005753105875287354,0.9316747974359628,-0.363247812925894,1.5646213902513055,0.37175146256615343,-0.13027437252671994,0.13108130244485916,0.6927778426102524,0.6970689641638145
safe_graph_adp,16.0,0.007288553692226749,0.9210499815271392,-0.3893761786677917,1.5628831823330651,0.39995422319137186,-0.13990771283903286,0.14101922636566183,0.6902675575087656,0.6957514705225308
safe_graph_adp,18.0,0.008943879383835448,0.9081482221050238,-0.41855323879890305,1.5609481654268127,0.4318517221698523,-0.15075113130564025,0.15224311146231673,0.6872773059838037,0.6940792722031018
safe_graph_adp,20.0,0.010697199558660168,0.8926691586185483,-0.450585555885733,1.5588135138404235,0.4674211441640822,-0.16277394041296606,0.16473621033138874,0.6837495018106574,0.6919922283535895
safe_graph_adp,22.0,0.012523956081064715,0.8743075571528288,-0.4852107233249614,1.5564728779234676,0.5066041442360313,-0.1759287818730126,0.17846690955011188,0.6796231192029151,0.6894280540775886
safe_graph_adp,24.0,0.014396414447407108,0.852773015399874,-0.5220832572079521,1.5539160470820188,0.549291702883076,-0.1901462662937664,0.19338338707411765,0.6748367642475018,0.68632543639169
safe_graph_adp,26.0,0.01628347756989641,0.8278149092442467,-0.560764945758176,1.5511284303739012,0.5953093866496829,-0.2053301024279931,0.20940875434465872,0.6693326787322356,0.6826282207921514
safe_graph_adp,28.0,0.01815093708027717,0.7992514699177647,-0.6007225909830597,1.5480903095555292,0.6444046537926167,-0.22135340766431066,0.22643739898041762,0.6630615626039897,0.6782905995630015
safe_graph_adp,30.0,0.01996226289211937,0.7670004121172808,-0.6413360085572517,1.54477579655308,0.6962382730853919,-0.2380569930312571,0.24433337372658562,0.6559878589099992,0.673283001058972
safe_graph_adp,32.0,0.021679969667105232,0.7311070226922594,-0.6819182504415715,1.541151394278407,0.7503820478664094,-0.2552503585774775,0.2629316565619034,0.6480948689382294,0.6675981121001031
safe_graph_adp,34.0,0.023267495927037026,0.6917645801998321,-0.7217481480504367,1.5371740103698333,0.806324661474568,-0.27271585181173635,0.2820428670728399,0.6393888278425062,0.6612562378791732
safe_graph_adp,36.0,0.02469140578992637,0.6493220088000893,-0.7601126649174673,1.532788197656958,0.8634864837485229,-0.29021592169780863,0.30146155245651124,0.6299009680065168,0.6543091178396145
safe_graph_adp,38.0,0.025923611366939357,0.6042751869043099,-0.7963538565646916,1.5279222756064716,0.9212426972528812,-0.3075027222934871,0.3209775337907338,0.6196867088441939,0.6468414654809664
safe_graph_adp,40.0,0.02694326024372919,0.557241240185398,-0.829913405702112,1.5224827932499216,0.97895244955181,-0.3243286493620981,0.3403892077708816,0.6088214492864449,0.6389699189514494
safe_graph_adp,42.0,0.0277379687992932,0.5089187198706552,-0.860367561947859,1.5163464708363008,1.0359904046890043,-0.3404559235487735,0.3595173553093028,0.5973929082536534,0.6308397169806276
safe_graph_adp,44.0,0.028304207506441057,0.46003964616797993,-0.8874471228141271,1.5093482007161798,1.0917765056806774,-0.3556631847740866,0.3782180970249946,0.5854903648477671,0.6226201111027289
safe_graph_adp,46.0,0.028646821005482968,0.4113209204531709,-0.9110403174634127,1.5012626943566485,1.1458001697156914,-0.36974718592382416,0.39639422063908647,0.5731912519754552,0.6145001456502305
safe_graph_adp,48.0,0.028777835227055844,0.36342212792612344,-0.9311800003937438,1.4917755159122978,1.1976363612777254,-0.3825178077241417,0.41400513864907956,0.5605451164345547,0.6066869410061869
safe_graph_adp,50.0,0.028714814862157677,0.3169146144425984,-0.94801929651254,1.480435648151119,1.2469525857827888,-0.39378427141430433,0.43107716953554515,0.5475537110404276,0.5994091716163379
safe_graph_adp,52.0,0.028479064509434132,0.2722638294625271,-0.961801096927565,1.4665743501722583,1.2935072939825556,-0.4348374729957756,0.41814363042695596,0.5575987554493358,0.5702244333009286
safe_graph_adp,54.0,0.028093925906400145,0.22982425488574298,-0.9728265740579761,1.4491588914984193,1.3371410618477129,-0.44675648992992745,0.43074864868193063,0.548095464956143,0.5607634097002859
safe_graph_adp,56.0,0.02758334204759128,0.1898444300770872,-0.98142664097231,1.4265115305135005,1.377761923385654,-0.4576608590614544,0.44233673925310873,0.539023689723496,0.5516685681701716
safe_graph_adp,58.0,0.0269707697254038,0.15247881366633528,-0.9879386564778838,1.3957250916961583,1.4153249930330902,-0.46758655481429073,0.45293686246583614,0.5304364370562248,0.5429992620801655
safe_graph_adp,60.0,0.026278448442779344,0.11780330864227426,-0.9926891878228419,1.3513191231253823,1.4498026279470773,-0.4765806317876051,0.46259039589434103,0.5223704637562572,0.5347991451248935
safe_graph_adp,62.0,0.025526985706852367,0.08583187677974967,-0.9959825610567626,1.2817202893182025,1.481128809844208,-0.48469662838935673,0.4713462938419946,0.5148486946938778,0.5270983506722593
safe_graph_adp,64.0,0.024735195765386343,0.05653245354363864,-0.9980943100663305,1.158352519151683,1.5090501444491575,-0.49199087757183063,0.4792571603337887,0.5078828372627884,0.5199159300009889
safe_graph_adp,66.0,0.023920124680657413,0.029841118395175503,-0.9992684000248317,0.8950910596939647,1.5325421976322389,-0.49851969676479524,0.48637621829416655,0.5014759335576701,0.5132622860466813
safe_graph_adp,68.0,0.023097201799741302,0.005674064259458458,-0.9997171221219538,0.24089003588434943,1.5470101452727913,-0.5043373502163283,0.4927550729554761,0.4956246938730684,0.5071414379407814
safe_graph_adp,70.0,0.022280469960855625,-0.016062684176567324,-0.9996227142454133,-0.6246360071149333,1.5433259980358907,-0.5094946431759044,0.4984421294839696,0.4903215359078752,0.5015530316481854
safe_graph_adp,72.0,0.021482860013708624,-0.03546560983525397,-0.9991399687954862,-1.026168543202145,1.5293197187270695,0.5140380031355836,-0.5034815176953013,-0.485556311185821,-0.4964940697926171
safe_graph_adp,74.0,0.020716487171279746,-0.052627785040687235,-0.9983992905651493,-1.1957832909838502,1.514207694326051,0.518008915565116,-0.5079123871489132,-0.4813177364226801,-0.491960371351893
safe_graph_adp,76.0,0.01999295646719418,-0.0676343397625165,-0.9975098384359873,-1.283377762023965,1.5002102696030828,0.5214436008348219,-0.5117684541059444,-0.47759456775429826,-0.48794779370544555
safe_graph_adp,78.0,0.019323672108933706,-0.08055896684492683,-0.9965625161308769,-1.3353743548311066,1.4878571314896922,0.5243728393881177,-0.515077701549475,-0.47437656488494795,-0.48445326024964497
safe_graph_adp,80.0,0.018720151145028924,-0.09146114406331131,-0.9956326707514862,-1.3689060590275348,1.477302884421371,0.5268218704131096,-0.5178621511300597,-0.47165529452602645,-0.4814756405332956
safe_graph_adp,82.0,0.01819434610442569,-0.10038378894794767,-0.9947824187661772,-1.3914949618062302,1.4685992157829253,0.5288103037194202,-0.5201376397335732,-0.46942482111641126,-0.4790165297068439
safe_graph_adp,84.0,0.01775898462611638,-0.10735109552834857,-0.9940625537429286,-1.4068521045400275,1.461770356288777,0.5303519947052455,-0.5219135426244222,-0.46768232991226777,-0.47708097218944445
safe_graph_adp,86.0,0.01742793703125625,-0.1123663270786982,-0.9935140037008423,-1.4169230721159316,1.4568400210515593,0.531454838129085,-0.5231923895233797,-0.4664287244898067,-0.4756781722391897
safe_graph_adp,88.0,0.017216625682173903,-0.1154093527663791,-0.9931688019134338,-1.4227096314025238,1.4538434317449074,0.5321204379373257,-0.5239693193589908,-0.4656692383327342,-0.47482223238858123
safe_graph_adp,90.0,0.01714249313546462,-0.11643371742373457,-0.9930505145137332,-1.4246168824451733,1.452834047559406,0.5323436076093281,-0.5242313134435809,-0.4654140988812928,-0.4745329598723551
safe_graph_adp,92.0,0.01673755669766392,-0.11768509217757427,-0.9929099018918827,-1.4295205388171275,1.4516452274836973,0.5325424705322783,-0.5246262522708813,-0.4651865400883581,-0.4740962934132787
safe_graph_adp,94.0,0.015531385956097373,-0.12137978895083164,-0.9924846209813704,-1.4435309544024377,1.448119422555594,0.5331267005192638,-0.525793101731573,-0.4645168685779271,-0.4728018762351646
safe_graph_adp,96.0,0.013545113250009417,-0.1274002480671103,-0.99175889544762,-1.4648748728170182,1.4423249385811359,0.5340724391117596,-0.5276938635172664,-0.4634292068711421,-0.47067949435493855
safe_graph_adp,98.0,0.010800215759614125,-0.1356284115455511,-0.9907009081055577,-1.4913330805584202,1.4343152663846062,0.5353551551694333,-0.5302876901142256,-0.46194681277557487,-0.46775524124623025
safe_graph_adp,100.0,0.007319140031730972,-0.1459442738467989,-0.9892657373630841,-1.5206880691043154,1.4241435268618683,0.536949583211817,-0.5335309596410299,-0.4600925397011519,-0.4640524917555358
safe_graph_adp,102.0,0.003126012849840158,-0.15822423309436276,-0.9873982581032658,-1.5510420441856472,1.4118730842054465,0.5388296235850232,-0.5373772946709393,-0.4578893280556148,-0.45959291027184324
safe_graph_adp,104.0,-0.0017526126847997201,-0.1723394159705327,-0.9850360673862216,-1.5809655168234067,1.3975831510007268,-0.5409682362441135,0.5417775733338055,0.4553607002969548,0.4543974703192495
safe_graph_adp,106.0,-0.007287026625025413,-0.18815413681831497,-0.9821124783043546,-1.6095060073898029,1.381370326586339,-0.5433373563484523,0.5466799759605592,0.4525312333930942,0.4484874623484613
safe_graph_adp,108.0,-0.013443698371999959,-0.2055246402932909,-0.978559599210184,-1.6361148874714742,1.3633477451885263,-0.5459078560870968,0.5520301047258295,0.4494269825704614,0.44188546420581626
safe_graph_adp,110.0,-0.020184730564272616,-0.22429826339210096,-0.9743114828900127,-1.6605451555541928,1.3436432501155318,-0.5486495728047297,0.5577712066976465,0.4460758301692524,0.43461624564557105
safe_graph_adp,112.0,-0.027467479414561416,-0.24431313327059714,-0.9693072941467602,-1.6827535517632524,1.3223974106864569,-0.5515314182733385,0.5638445220536252,0.4425077340085705,0.4267075754543374
safe_graph_adp,114.0,-0.03524438473783769,-0.2653984892310327,-0.9634944085246872,-1.7028218255172687,1.2997616829546998,-0.5545215776984307,0.5701897688507533,0.43875485167328154,0.4181908983920196
safe_graph_adp,116.0,-0.04346304323590344,-0.2873756793346097,-0.9568313241108098,-1.7208999425366767,1.2758967141720634,-0.5575877998419168,0.5767457638773787,0.43485152117412534,0.4091018502151989
safe_graph_adp,118.0,-0.05206654450206977,-0.31005983498131673,-0.9492902473295365,-1.7371682836510751,1.2509706735980957,0.44697256493852144,0.37817323590461677,-0.6188847032335392,0.5236241533211053
safe_graph_adp,120.0,-0.06099407123775698,-0.33326217341624687,-0.9408592068124342,-1.7518141834430014,1.2251574861772516,0.4416556961310563,0.3681593993989922,-0.628455004159448,0.5238732770967742
safe_graph_adp,122.0,-0.07018174474837817,-0.35679282346527436,-0.9315435598122885,-1.7650184146483447,1.1986348908929982,0.43565806869291784,0.3583115563797833,-0.6377332521822008,0.5245104143947649
safe_graph_adp,124.0,-0.07956367606882397,-0.3804640202905843,-0.921366784030519,-1.7769481602038226,1.1715823055853736,0.42907947282715186,0.3486311261947438,-0.6467133645461463,0.5254607197155288
safe_graph_adp,126.0,-0.0890731646459095,-0.40409347732918105,-0.9103704921184415,-1.7877540046088285,1.14417853562577,0.42201669003521775,0.3391236608663792,-0.6553866987996779,0.5266548499812417
safe_graph_adp,128.0,-0.09864397292350821,-0.42750772355230704,-0.8986136616527651,-1.7975692891710637,1.1165994062894904,0.4145628763424366,0.3297987613372547,-0.6637429950531807,0.5280299566283448
safe_graph_adp,130.0,-0.10821159842834903,-0.4505451951802946,-0.8861711330581311,-1.8065107700057863,1.0890154245853028,0.4068070919479222,0.3206695232241039,-0.6717714314328948,0.5295301603560466
safe_graph_adp,132.0,-0.11771446604652289,-0.4730588932787284,-0.8731314837831051,-1.8146799237907874,1.0615895853329396,0.39883388216744114,0.3117517341909923,-0.6794616172030399,0.5311066761131762
safe_graph_adp,134.0,-0.1270949719042725,-0.49491845920665667,-0.8595944316089773,-1.822164511715565,1.0344754300350332,0.39072288337579264,0.30306297732228743,-0.686804424657185,0.5327176948951203
safe_graph_adp,136.0,-0.1363003252420114,-0.5160115729097811,-0.8456679478152731,-1.8290401799096319,1.007815448616333,0.3825484642030299,0.29462174612589653,-0.6937926126233498,0.5343280920136031
safe_graph_adp,138.0,-0.14528315364698546,-0.5362446372093329,-0.831465269467473,-1.8353719778529738,0.9817398873959218,0.3743794273445562,0.2864466410046713,-0.7004212294616959,0.5359090105210675
safe_graph_adp,140.0,-0.15400185733465044,-0.5555427670581908,-0.8171019899050587,-1.841215738019565,0.9563659960869524,0.36627879896103743,0.27855569005335823,-0.7066878067479463,0.5374373570606484
safe_graph_adp,142.0,-0.16242071729428934,-0.5738491499395761,-0.8026933808791713,-1.8466192957674195,0.9317977163175836,0.3583037265755355,0.2709658163530603,-0.7125923694618574,0.5388952410950938
safe_graph_adp,144.0,-0.17050977801859188,-0.5911238779900949,-0.7883520637824206,-1.8516235482938945,0.908125787513299,0.35050549680943976,0.26369245814637743,-0.7181372964315507,0.5402693843788225
safe_graph_adp,146.0,-0.17824453697113118,-0.607342372302311,-0.7741861067250873,-1.856263361672126,0.8854282252614502,0.342929674139331,0.25674933661439936,-0.7233270675383519,0.541550524059507
safe_graph_adp,148.0,-0.1856054794866732,-0.622493525721001,-0.7602975841208228,-1.8605683395233952,0.8637711135906251,0.3356163529540159,0.2501483579383499,-0.7281679330786847,0.5427328291954605
safe_graph_adp,150.0,-0.1925774997367166,-0.6365776844961955,-0.7467816000656532,-1.8645634681796426,0.8432096459596355,0.3286005085376249,0.24389963146186527,-0.7326675369095622,0.5438133465817624
safe_graph_adp,152.0,-0.19914924651544286,-0.6496045745507645,-0.733725748720223,-1.868269652706798,0.8237893493625956,0.32191242853226876,0.23801158358097185,-0.7368345196439968,0.5447914877260249
safe_graph_adp,154.0,-0.20531242795311017,-0.6615912582608596,-0.7212099652118038,-1.8717041567517712,0.805547430515921,0.3155782048085106,0.23249114693333428,-0.7406781221112029,0.5456685648571693
safe_graph_adp,156.0,-0.2110611029253394,-0.6725601856302442,-0.7093067090736918,-1.8748809573342453,0.7885141911046746,0.30962026607872906,0.22734400597551763,-0.7442078032442777,0.54644738023955
safe_graph_adp,158.0,-0.21639097985601313,-0.682537382021237,-0.6980814178736966,-1.8778110236934564,0.7727144690862393,0.3040579334858254,0.22257488259732464,-0.7474328809764753,0.547131869987778
safe_graph_adp,160.0,-0.22129873655455695,-0.6915507948717524,-0.6875931699134337,-1.8805025272463578,0.7581690738500486,0.2989079842354553,0.21818784856796858,-0.7503621998838692,0.5477268011363131
safe_graph_adp,162.0,-0.2257813681893639,-0.6996288050204442,-0.6778955000324197,-1.882960987657355,0.7448961936792091,0.2941852116252623,0.21418665497890346,-0.7530038253047792,0.5482375189334616
safe_graph_adp,164.0,-0.22983556475524206,-0.7067988946974313,-0.6690373200563091,-1.8851893579459214,0.7329127638286365,0.2899029731709422,0.21057507218632504,-0.7553647604643369,0.5486697401616268
safe_graph_adp,166.0,-0.23345711453424955,-0.713086453772327,-0.6610639039606907,-1.8871880494115303,0.7222357922784746,0.2860737216563196,0.20735723690590907,-0.7574506806187922,0.5490293876565969
safe_graph_adp,168.0,-0.23664032602913035,-0.7185136980406173,-0.6540179063487663,-1.888954894845796,0.7128836477181834,0.28270951666001365,0.2045380060022818,-0.7592656762393356,0.5493224610147455
safe_graph_adp,170.0,-0.239377457530818,-0.7230986675674984,-0.6479403906133571,-1.890485045903559,0.7048773206029534,0.27982251632634664,0.2021233191438628,-0.7608119955834537,0.549554938647068
safe_graph_adp,172.0,-0.24165814068214467,-0.7268542687279157,-0.6428718496512782,-1.891770797446371,0.6982416733359951,0.2774254507912335,0.2001205749100998,-0.762089775445599,0.5497327067877704
safe_graph_adp,174.0,-0.2434687819188786,-0.7297873199218281,-0.6388532068576105,-1.8928013279193123,0.6930066999481341,0.2755320796999598,0.19853902723157701,-0.7630967472250019,0.549861511743435
safe_graph_adp,176.0,-0.2447919233141976,-0.7318975573883957,-0.6359267880574274,-1.8935623400503978,0.6892088192474048,0.2741576366034555,0.19739021133255671,-0.7638279034751136,0.5499469325625054
safe_graph_adp,178.0,-0.245605541958499,-0.7331765535394564,-0.6341372557256642,-1.894035579911811,0.6868922284269255,0.27331926258407374,0.1966884107748539,-0.7642751075667138,0.5499943724450722
safe_graph_adp,180.0,-0.24588226445447242,-0.7336064953038159,-0.6335324948846689,-1.894198203992344,0.6861103465879369,0.27303643004088507,0.19645117994449726,-0.7644266257304562,0.5500090686918652
safe_graph_adp,182.0,-0.24641960798678839,-0.7343868616735708,-0.6324186225917777,-1.8945357754015315,0.6846715540445647,0.2725195212479047,0.19600946006325853,-0.7647156959021464,0.5500211873604677
safe_graph_adp,184.0,-0.24801115891057982,-0.7366922799264326,-0.6291064693298152,-1.8955334199089553,0.6804031731270693,0.27098400732385297,0.1947000159707942,-0.765570038099887,0.550056441030751
safe_graph_adp,186.0,-0.25061877032537677,-0.7404518200845897,-0.6236355779572028,-1.8971603637426298,0.6733848942629118,0.26845257542560186,0.1925502815143702,-0.7669639980151775,0.5501125608315749
safe_graph_adp,188.0,-0.2542093650048568,-0.7455936344608698,-0.6160095218381438,-1.899385203782964,0.6636668693687295,0.26493379033096665,0.18958041490967129,-0.7688718675989553,0.5501866994379626
safe_graph_adp,190.0,-0.2587531413784932,-0.7520425443096789,-0.6062003162115527,-1.9021760181284835,0.6512742403109721,0.2604240892569051,0.18580445086358713,-0.7712673185922811,0.5502751339516124
safe_graph_adp,192.0,-0.26422153852863745,-0.7597169834351556,-0.5941524077690395,-1.9055004652438432,0.6362114808595983,0.2549096504709548,0.1812314232485566,-0.7741226908517934,0.5503728743610617
safe_graph_adp,194.0,-0.27058494357297214,-0.7685253863950954,-0.5797866148660908,-1.909325873522489,0.6184667695739912,0.2483682504752939,0.1758665173394393,-0.777408155260403,0.550473196776515
safe_graph_adp,196.0,-0.27781012357865326,-0.7783621112579234,-0.5630044040638771,-1.9136193228881822,0.5980166131530986,0.24077122630555728,0.16971231230823258,-0.7810907711913638,0.5505671210615392
safe_graph_adp,198.0,-0.2858573794654626,-0.7891030252108991,-0.5436929043202107,-1.9183477198329189,0.5748309343502902,0.2320856595975407,0.16277017387916792,-0.785133466506222,0.5506428578275062
safe_graph_adp,200.0,-0.2946774533805567,-0.8006009566875605,-0.5217310673326946,-1.9234778670538564,0.5488788201945433,0.22227689460561306,0.15504185205457002,-0.7894939840187303,0.5506852598664748
safe_graph_adp,202.0,-0.3042082765902864,-0.8126813302901866,-0.49699736402896616,-1.9289765286171812,0.5201350865732868,0.21131148871925975,0.14653132693378226,-0.7941238622042334,0.5506753276115673
safe_graph_adp,204.0,-0.31437172374749967,-0.8251384462060548,-0.46937933902195067,-1.9348104913493362,0.48858774358547635,0.1991606651572601,0.137246923429813,-0.798967548704452,0.5505898360670745
safe_graph_adp,206.0,-0.32507063945030373,-0.8377330299636934,-0.4387851978761591,-1.9409466229412382,0.4542463313428474,0.18580428657019454,0.12720367954321687,-0.8039617799596062,0.5504011694818511
safe_graph_adp,208.0,-0.33618651515204384,-0.8501918319105904,-0.4051573471904948,-1.947351927053474,0.4171509298404245,0.1712352891918452,0.11642590015046304,-0.8090353931381349,0.5500774655985857
safe_graph_adp,210.0,-0.34757829879794816,-0.8622101500225055,-0.36848742638371423,-1.953993595533308,0.3773814291713248,0.15546440749448642,0.10494975917522181,-0.8141097576175077,0.5495831771473852
safe_graph_adp,212.0,-0.35908288328603066,-0.8734581176251229,-0.3288318714567795,-1.9608390577000976,0.33506639307819586,0.13852488417015618,0.09282573290131899,-0.8191000091285242,0.5488801461363213
safe_graph_adp,214.0,-0.3705177995569709,-0.8835913654148715,-0.2863264905239185,-1.9678560265259357,0.2903905970614239,0.12047671675035192,0.08012056890447912,-0.8239172253430002,0.5479292481174646
safe_graph_adp,216.0,-0.3816864913520234,-0.8922661793530124,-0.24119802549390684,-1.9750125414337885,0.24360013418341964,0.10140987186208741,0.06691843976293098,-0.828471585569298,0.5466925938888357
safe_graph_adp,218.0,-0.392386244373522,-0.8991585333958085,-0.19377039775967153,-1.9822770073560552,0.19500393742207592,0.08144584478273895,0.05332092522599272,-0.8326764084083355,0.5451361776481773
safe_graph_adp,220.0,-0.40241839679205976,-0.9039854736375861,-0.14446348111386997,-1.9896182296416887,0.1449707444547282,0.06073700151762846,0.03944553611965986,-0.8364527769553178,0.5432327477708038
safe_graph_adp,222.0,-0.4115999443840078,-0.9065264717892887,-0.09378295009406444,-1.9970054443684744,0.0939209710149149,0.039463343088508,0.025422649955389065,-0.8397342800322313,0.5409645758830007
safe_graph_adp,224.0,-0.41977520300926524,-0.9066418276469667,-0.04230100825628161,-2.004408343606933,0.04231363382182279,0.01782667038066965,0.011390958860137853,-0.8424712740271203,0.5383257455467891
safe_graph_adp,226.0,-0.4268259578320041,-0.9042852389921628,0.009370606259955075,-2.01179709519133,-0.009370743401481876,-0.00395745346037095,-0.0025082084130131138,-0.844634055556937,0.5353236027358659
safe_graph_adp,228.0,-0.4326786291813502,-0.899508387791034,0.060612409152931826,-2.0191423565788096,-0.060649584271240314,-0.025669146405009752,-0.016137102952325788,-0.8462144577463689,0.5319791164436467
safe_graph_adp,230.0,-0.4373074371921414,-0.8924566985527503,0.11082980909830513,-2.026415282416867,-0.11105796412560573,-0.047093990854770985,-0.02936759981675572,-0.8472256267825434,0.5283260711239793
safe_graph_adp,232.0,-0.4407332462798608,-0.8833569735491495,0.15948248463609555,-2.033587525489302,-0.1601664056810448,-0.06803203362147196,-0.0420863787356468,-0.847700041208475,0.5244092097412063
safe_graph_adp,234.0,-0.44301852139270526,-0.8724989668148191,0.20610711440921764,-2.0406312307684655,-0.20759497906437996,-0.08830504981960939,-0.05419870945890241,-0.8476861215033205,0.5202816136286229
safe_graph_adp,236.0,-0.444259424612224,-0.8602137668402882,0.25033145823419384,-2.0475190223642117,-0.25302259887138656,-0.10776146103903733,-0.06563056127711119,-0.8472439682479678,0.5160017007807437
safe_graph_adp,238.0,-0.44457638607383226,-0.8468519690414135,0.2918793920032928,-2.05422398322489,-0.296191205970976,-0.1262787117502704,-0.07632902920061604,-0.8464408262472976,0.5116302316339174
safe_graph_adp,240.0,-0.44410447112447093,-0.8327641228406257,0.3305678968634693,-2.060719627510646,-0.33690523627639474,-0.14376328492529397,-0.08626129729284647,-0.8453468070275008,0.507227643514481
safe_graph_adp,242.0,-0.4429846082350262,-0.8182850833794177,0.3662979104302946,-2.0669798656223826,-0.37502727702590755,-0.1601488030577684,-0.09541250184709404,-0.8440312545212951,0.5028519232951694
safe_graph_adp,244.0,-0.4413563611177386,-0.8037229696128652,0.39904128936437866,-2.072978961929516,-0.41047104548023355,0.17539278675189973,0.10378290503914325,0.8425599617715677,-0.49855710785880214
safe_graph_adp,246.0,-0.43935254159207715,-0.7893526486906836,0.4288260022451816,-2.0786914852952325,-0.44319282433324003,0.18947264467482963,0.11138476056157312,0.8409932852946447,-0.49439240095685855
safe_graph_adp,248.0,-0.43709564683574886,-0.7754131414388262,0.4557212476955725,-2.084092252548949,-0.4731823253190833,0.20238138487706164,0.11823917606714314,0.8393850848453513,-0.4904018267068019
safe_graph_adp,250.0,-0.43469589906557565,-0.7621080854274535,0.47982365662988324,-2.0891562651023063,-0.5004537093169558,0.2141234120962369,0.12437318249218858,0.8377823470386283,-0.4866243056604111
safe_graph_adp,252.0,-0.43225056394122835,-0.7496083476034526,0.5012452245914282,-2.093858638948066,-0.5250372349169353,0.22471064436438395,0.12981712949413987,0.8362253254120662,-0.4830940326051744
safe_graph_adp,254.0,-0.42984420230373854,-0.7380559718588096,0.520103205286615,-2.0981745283221565,-0.5469717808992238,0.23415906748294177,0.13460245170403307,0.8347480345272654,-0.47984104655984766
safe_graph_adp,256.0,-0.4275495388096392,-0.7275688074229032,0.536511903249946,-2.1020790433498515,-0.5662983111515205,0.24248575764485455,0.1387597964270685,0.8333789583978816,-0.47689190382578456
safe_graph_adp,258.0,-0.42542868460304645,-0.7182453392846355,0.5505761227231171,-2.1055471620403257,-0.5830542259911761,0.24970634162779876,0.14231746856682517,0.8321418631713309,-0.4742703877002421
safe_graph_adp,260.0,-0.42353451055571706,-0.7101694002012591,0.5623859363338605,-2.1085536370429923,-0.5972684646754858,0.25583282649685507,0.1453001289573713,0.8310566333306232,-0.47199820932792896
safe_graph_adp,262.0,-0.42191202125758837,-0.7034145701438538,0.5720124026869293,-2.1110728976381954,-0.6089571791058483,0.26087171067482096,0.14772767330209982,0.8301400756315421,-0.47009567105090255
safe_graph_adp,264.0,-0.420599621974885,-0.6980481591296491,0.5795038615318212,-2.1130789475088503,-0.6181197771655665,0.2648222796501576,0.14961421629153113,0.8294066537416452,-0.4685822758208545
safe_graph_adp,266.0,-0.4196301989262343,-0.6941347248674427,0.5848824496275545,-2.114545258934359,-0.6247351263138785,0.2676749876033409,0.1509671058477258,0.828869128641596,-0.4674772738309684
safe_graph_adp,268.0,-0.41903194694693935,-0.6917391008131704,0.588140496687691,-2.11544466417027,-0.6287577070194347,0.26940982730342034,0.15178589343958995,0.8285390853944159,-0.4668001408299611
safe_graph_adp,270.0,-0.4188288777862143,-0.6909289054763995,0.5892364709601103,-2.115749244934681,-0.6301135070431642,0.2699945925998259,0.15206118654366463,0.8284273259858345,-0.46657098181707235
safe_graph_adp,272.0,-0.41870341604618194,-0.6904451145336616,0.5898923573058534,-2.1159269550240682,-0.630925527650684,0.27034444753458614,0.15222658576429288,0.8283590855478301,-0.4664356029122653
safe_graph_adp,274.0,-0.4183230388898778,-0.6890125734696891,0.5918340212716857,-2.116444993612965,-0.6333322370283673,0.27138062722167405,0.15271747518702414,0.8281539061173591,-0.46603759046222004
safe_graph_adp,276.0,-0.41768057760441224,-0.6866612810677774,0.5950119496063951,-2.1172799724556186,-0.6372805165490819,0.27307910700871907,0.15352320608358824,0.8278109168137505,-0.46538963515866405
safe_graph_adp,278.0,-0.41676484171391903,-0.6834097494373341,0.5993814987845153,-2.118413579220603,-0.6427282062138638,0.2754206111013628,0.1546341996632213,0.8273274352706277,-0.4645008784960393
safe_graph_adp,280.0,-0.41556099488930315,-0.6792664665138864,0.6049017498704661,-2.119831905670551,-0.6496424783494286,0.27838987208777644,0.15604173052292505,0.8266991446590848,-0.46337736422304876
safe_graph_adp,282.0,-0.41405086189540763,-0.6742311586404293,0.6115343232248329,-2.1215249468442816,-0.657998332815174,0.2819749504627836,0.15773767888695928,0.8259202477279863,-0.46202239811918966
safe_graph_adp,284.0,-0.4122131967341983,-0.6682959198860752,0.6192421528786598,-2.123486238167469,-0.6677771710924899,0.28616659480381107,0.15971425438532746,0.8249836091179256,-0.4604368378521557
safe_graph_adp,286.0,-0.4100239398187005,-0.6614462684592097,0.6279882186131662,-2.125712607026938,-0.6789654099137448,0.2909576255893361,0.161963691466335,0.8238808970694418,-0.4586193303842147
safe_graph_adp,288.0,-0.4074564908770977,-0.6536621859929158,0.6377342351207785,-2.1282040225707877,-0.6915530985669999,0.2963423280021276,0.16447791497109912,0.8226027357876393,-0.45656651125080405
safe_graph_adp,290.0,-0.4044820239532745,-0.6449191919963052,0.6484393017804332,-2.130963533113085,-0.7055325078680715,0.30231584157420044,0.1672481736585571,0.8211388800833355,-0.4542731776768751
safe_graph_adp,292.0,-0.40106987092160185,-0.6351895026454457,0.6600585234416422,-2.1339972850697553,-0.7208966633382633,0.3088735373883766,0.17026463941647593,0.8194784243805192,-0.4517324456361201
safe_graph_adp,294.0,-0.39718799989144327,-0.6244433194819591,0.6725416221295056,-2.1373146212246,-0.7376378007663301,0.31601037694748674,0.17351597045729128,0.8176100586110631,-0.4489358993395223
safe_graph_adp,296.0,-0.392803614178025,-0.6126502885229329,0.6858315716423736,-2.140928259617882,-0.7557457295141227,0.32372025094507334,0.1769888379424304,0.8155223837104661,-0.44587374001957814
safe_graph_adp,298.0,-0.38788389550570784,-0.5997811626866049,0.6998633012907746,-2.1448545576998646,-0.775206098083499,0.33199530117395254,0.1806674171717568,0.8132042991311227,-0.4425349390111053
safe_graph_adp,300.0,-0.3823969110561983,-0.585809689190175,0.71456253082959,-2.149113869794741,-0.7959985679467712,0.34082523476809456,0.1845328466500227,0.8106454737031092,-0.43890739776993287
safe_graph_adp,302.0,-0.37631269712514887,-0.5707147276542768,0.7298448147523559,-2.1537310095492104,-0.8180949156132332,0.3501966468379575,0.18856266086553744,0.8078369089673254,-0.43497811436999506
safe_graph_adp,304.0,-0.3696045218354782,-0.5544825833221054,0.7456148886866545,-2.158735833050343,-0.8414570992004801,0.36009237509018044,0.1927302052495601,0.80477160045705,-0.43073335195242735
safe_graph_adp,306.0,-0.36225031514651196,-0.5371095129150993,0.7617664210979357,-2.164163962827462,-0.8660353437804116,0.3704909177311393,0.19700404415667766,0.8014452970472593,-0.42615879939933454
safe_graph_adp,308.0,-0.3542342363203352,-0.5186043289594312,0.7781822767212622,-2.1700576781109095,-0.8917663182631588,0.38136595305762244,0.20134737429843966,0.7978573512998998,-0.42123970810962696
safe_graph_adp,310.0,-0.34554832777657374,-0.49899099393121626,0.7947353906466922,-2.1764670025555994,-0.9185714936846009,0.3926860045495581,0.20571745622758394,0.7940116448085248,-0.41596098127422665
safe_graph_adp,312.0,-0.33619418149986613,-0.4783110617570283,0.8112903306008888,-2.183451027078379,-0.946355785950492,0.40441429765548526,0.21006507449799242,0.7899175622975387,-0.4103071838292471
safe_graph_adp,314.0,-0.32618452247662183,-0.45662579599860575,0.8277055875885689,-2.1910795122030597,-0.9750065923911271,0.41650885232496093,0.21433403237391385,0.785590977420597,-0.40426243295244874
safe_graph_adp,316.0,-0.3155445965419542,-0.43401777743088704,0.8438365816122979,-2.1994348206201138,-1.0043933278760222,0.4289228472848623,0.218460679066194,0.7810552028972821,-0.397810121548044
safe_graph_adp,318.0,-0.30431324153130346,-0.4105918148564726,0.859539302534549,-2.2086142350248195,-1.0343675502652447,0.4416052769856328,0.222373456638762,0.7763418490254022,-0.3909324220025641
safe_graph_adp,320.0,-0.2925435245704882,-0.38647499691315446,0.874674432570687,-2.218732715765504,-1.0647637354629866,0.45450189950750336,0.22599244110937633,0.7714915286940416,-0.38360951638199375
safe_graph_adp,322.0,-0.2803028473736978,-0.3618157716506806,0.8891117259034547,-2.229926142009332,-1.0954007201356795,0.46755644360564647,0.22922884044228065,0.7665543440593997,-0.37581850454174165
safe_graph_adp,324.0,-0.2676724560960549,-0.3367820130057089,0.9027343640093292,-2.242355049347525,-1.1260837786253097,0.4807120060760182,0.23198440572184292,0.7615900889257363,-0.36753195666002003
safe_graph_adp,326.0,-0.2547463403089003,-0.31155812238873726,0.9154429739054347,-2.2562088091063552,-1.1566072456879526,0.4939125273640019,0.2341507183836925,0.75666809846514,-0.3587161066337194
safe_graph_adp,328.0,-0.24162956175892375,-0.28634130837569693,0.9271589993101962,-2.2717100611843932,-1.186757546512027,0.5071041837233268,0.23560834794301355,0.7518666685383957,-0.3493287362511658
safe_graph_adp,330.0,-0.22843611013514878,-0.26133727418570196,0.937827155027785,-2.289118964788016,-1.216316459310328,0.5202364766730632,0.23622594995555274,0.7472719422239612,-0.33931689211004973
safe_graph_adp,332.0,-0.21528643156311947,-0.2367556074283604,0.9474167692921877,-2.308736392361438,-1.2450644229652448,0.5332627317395819,0.23585952218273898,0.7429761110407856,-0.3286147336259878
safe_graph_adp,334.0,-0.2023048083221095,-0.21280519879797657,0.9559219172580511,-2.330904442820909,-1.2727837211211375,-0.3838949344780641,-0.49852555087876077,-0.5938220939659309,0.5014701138861899
safe_graph_adp,336.0,-0.18961678030787957,-0.18969001085800732,0.963360356463957,-2.356001426026547,-1.2992614316488058,0.3950519624516204,0.5008736798742935,0.5864588194947055,-0.4991247908180716
safe_graph_adp,338.0,-0.17734678874214618,-0.16760547643727997,0.9697713755267687,-2.3844265821156974,-1.3242921315691805,0.4055187954855518,0.5031092206103223,0.5792706677434541,-0.4968713235203598
safe_graph_adp,340.0,-0.16561619314434825,-0.146735736277318,0.9752127461572307,-2.416567136120573,-1.347680493761402,0.4152467216609164,0.5052107841508461,0.5723374530378572,-0.4947343363641614
safe_graph_adp,342.0,-0.15454176927148086,-0.12725183936154355,0.9797570162696179,-2.452737106118811,-1.3692440942705826,0.42419349383806015,0.5071597429314366,0.565738349226442,-0.4927362328363109
safe_graph_adp,344.0,-0.1442347457992783,-0.10931093997374973,0.9834873951944035,-2.4930748292808476,-1.388816930517275,0.43232257079338104,0.5089402500461494,0.5595508866784165,-0.49089695648166615
safe_graph_adp,346.0,-0.1348003880490465,-0.09305644453075737,0.9864934634923438,-2.537387691899488,-1.4062542293505589,0.4396020837667065,0.5105391131701408,0.553850167417118,-0.48923390512457987
safe_graph_adp,348.0,-0.12633809363930418,-0.07861899655980563,0.9888668967437003,-2.5849441095578567,-1.4214388866028007,0.4460035870762507,0.5119455503318051,0.5487083016641149,-0.48776198447138674
safe_graph_adp,350.0,-0.11894193082533604,-0.0661181433219942,0.9906973343131561,-2.634241744788804,-1.43428900216395,0.4515006513800867,0.5131508585292542,0.5441940479308437,-0.48649377836791446
safe_graph_adp,352.0,-0.11270152626596056,-0.05566450175470374,0.9920684599470561,-2.682828254429458,-1.4447642104600118,0.45606735320165587,0.5141480271180122,0.5403726208308819,-0.48543980699017236
safe_graph_adp,354.0,-0.10770319367044474,-0.047362230586787075,0.9930542992138097,-2.7272971846640006,-1.4528662104390067,0.459676706677369,0.5149313269718344,0.537305616328592,-0.4846088407190131
safe_graph_adp,356.0,-0.10403118536604075,-0.041311613650863555,0.9937156852183114,-2.7635818826119367,-1.4586276329764731,0.4622990754316928,0.5154959047635767,0.5350509927614395,-0.48400823564478906
safe_graph_adp,358.0,-0.10176894161221205,-0.037611559787305786,0.9940968026774335,-2.787583988527243,-1.4620855689170056,0.4639005962493652,0.5158374104372643,0.5336630367558572,-0.4836442556191249
safe_graph_adp,360.0,-0.1010002036058477,-0.03636182070059643,0.9942216940234784,-2.796021757069259,-1.463242811087508,0.4644416438377252,0.5159516860459051,0.5331922350047041,-0.4835223445368248
safe_graph_adp,362.0,-0.09997961684599864,-0.03763088850340227,0.9942776234260589,-2.7816077606795298,-1.463765092883022,0.46437547114900335,0.5153973094883774,0.5332498680685642,-0.48411322371129434
safe_graph_adp,364.0,-0.09697156903819155,-0.04138812152421772,0.994426235673098,-2.7381926571555275,-1.4651653668937912,0.46417553276200874,0.5137554960620767,0.5334239165852103,-0.48585521533272596
safe_graph_adp,366.0,-0.09207782962030056,-0.047529476887804074,0.9946168217555877,-2.665078618628355,-1.4669886685260172,0.463841316006196,0.5110652416712665,0.533714561882698,-0.48868427307975637
safe_graph_adp,368.0,-0.08539757569377504,-0.05594806188625745,0.9947748832961142,-2.5616068712600035,-1.468525379187876,0.46337333386953017,0.5073594725520069,0.5341209165148253,-0.4925305732761668
safe_graph_adp,370.0,-0.07702966020458052,-0.06653198221107645,0.9948064770556291,-2.429187716492734,-1.4688353084842969,0.462773410410529,0.5026669468796234,0.5346407865258768,-0.49731875142077425
safe_graph_adp,372.0,-0.067075077930057,-0.07916189100995762,0.9946025984946975,-2.2737296922888595,-1.4668514969130162,-0.4620450288166036,-0.49701423281347235,-0.5352703908734948,0.5029680431009862
safe_graph_adp,374.0,-0.055639414018440005,-0.09370852745187967,0.9940437452599783,-2.106607374166207,-1.461597636527923,-0.46119369759040757,-0.4904277048723208,-0.5360040795580643,0.5093924482102848
safe_graph_adp,376.0,-0.04283506883196298,-0.11003052374659418,0.9930047536251835,-1.942046138033137,-1.4524458540357388,-0.4602272906859301,-0.4829354962187943,-0.536834090672238,0.5165010227404269
safe_graph_adp,378.0,-0.028783060646706903,-0.12797274694242264,0.9913599303279405,-1.7920303860941524,-1.4392475509076852,-0.45915631783071886,-0.47456933584800604,-0.5377503842826483,0.5241983836991321
safe_graph_adp,380.0,-0.013614222127195598,-0.14736541744737647,0.9889884158555305,-1.66291894174908,-1.4222577603402107,-0.4579940832377183,-0.4653661905901155,-0.5387405866641587,0.5323854887726038
safe_graph_adp,382.0,0.002530365580075744,-0.16802420226255582,0.9857796227880058,-1.5557379346984839,-1.4019519677358432,-0.4567566958607205,-0.45536962615392435,-0.5397900710335429,0.5409607227668523
safe_graph_adp,384.0,0.01949981107294298,-0.1897514126773332,0.9816385071680287,-1.4683907693453941,-1.378869463979033,-0.4554629033524352,-0.44463080279458617,-0.5408821901946582,0.5498212884258319
safe_graph_adp,386.0,0.03713476771014348,-0.2123383439880631,0.9764903669261263,-1.3976623530438121,-1.3535299827839178,-0.4541337353221873,-0.43320903234190616,-0.5419986627680161,0.5588648622854986
safe_graph_adp,388.0,0.05526966903051519,-0.23556868523881577,0.9702848335515264,-1.3403423204077591,-1.3264052097905026,-0.4527919587765011,-0.4211718454709467,-0.5431200991192826,0.567991440589202
safe_graph_adp,390.0,0.07373572070584902,-0.25922281267237596,0.9629987418902536,-1.2936666692852223,-1.2979164304957107,-0.45146136811188625,-0.408594550311836,-0.544226637626774,0.5771052706876524
safe_graph_adp,392.0,0.0923644434742846,-0.28308267825833844,0.9546376311730914,-1.255406422030181,-1.2684404558184708,-0.45016595116536645,-0.39555930257229033,-0.5452986488259263,0.5861167444703514
safe_graph_adp,394.0,0.1109914991441132,-0.3069369316353237,0.9452357415565892,-1.2238160931365691,-1.2383161220779284,-0.3333704879358487,-0.4750472752978449,-0.46779732434039945,0.6666032308243569
safe_graph_adp,396.0,0.129460500093207,-0.3305858836484931,0.9348545087060134,-1.1975441906058408,-1.20784904437016,-0.32007181956995107,-0.4690826201759087,-0.4639302160910634,0.6799149067080265
safe_graph_adp,398.0,0.1476265078833973,-0.3538459385211413,0.9235797020085739,-1.1755460835930787,-1.1773144897565047,-0.30788832018215856,-0.4620622673939571,-0.461178064427458,0.692111288910322
safe_graph_adp,400.0,0.16535896785759446,-0.376553186395278,0.9115174762804245,-1.1570115222338742,-1.1469589146155021,-0.29665638341093825,-0.45427339761678864,-0.4592996802621376,0.7033309847506647
safe_graph_adp,402.0,0.1825438962443614,-0.39856594670175804,0.898789692905776,-1.141308112225121,-1.11700079053822,-0.28625088268886345,-0.44594887143253675,-0.4581022330723417,0.7136752624842949
safe_graph_adp,404.0,0.1990852218623592,-0.4197661681469422,0.885528903263608,-1.1279384809137176,-1.0876312229277965,-0.2765761965504393,-0.43727961655670616,-0.4574318812816182,0.7232207259425524
safe_graph_adp,406.0,0.21490527179051705,-0.4400597042818412,0.8718733743061675,-1.1165081976377047,-1.0590147020293479,-0.267558937717643,-0.42842330421462965,-0.45716609291433724,0.732027902980935
safe_graph_adp,408.0,0.22994446668043628,-0.45937557875291046,0.8579624816321971,-1.106701815618286,-1.0312901744814718,-0.259142259612363,-0.4195105642524863,-0.4572074508801693,0.7401469601526557
safe_graph_adp,410.0,0.2441603479881594,-0.47766442121508584,0.843932713654091,-1.0982649408426113,-1.0045725033205,-0.2512815007397351,-0.41064959066169604,-0.45747867676570647,0.7476214158115498
safe_graph_adp,412.0,0.25752609247389585,-0.4948962899559961,0.8299144376879567,-1.0909907452514018,-0.9789542993486187,-0.2439409150503538,-0.4019296992191409,-0.45791862885087237,0.7544904745597151
safe_graph_adp,414.0,0.27002867962108285,-0.5110581028308644,0.8160294894873666,-1.0847097564448211,-0.9545080542190504,-0.2370912608839405,-0.3934241972551472,-0.45847907389934567,0.7607904270053644
safe_graph_adp,416.0,0.28166686922369105,-0.5261508804030822,0.8023895723604496,-1.0792820709133109,-0.9312884799618016,-0.23070805595055194,-0.38519278988116956,-0.4591220752825066,0.7665554301753805
safe_graph_adp,418.0,0.29244912502270604,-0.5401869722466612,0.7890953961901175,-1.0745913693825773,-0.9093349543566581,-0.22477034073482804,-0.37728365860767804,-0.4598178752900457,0.7718178907211872
safe_graph_adp,420.0,0.3023915918765879,-0.5531873970728681,0.7762364516576687,-1.0705402808247633,-0.888673979992933,-0.21925982413146167,-0.36973529277339195,-0.4605431764118108,0.7766086050644394
safe_graph_adp,422.0,0.3115162036216976,-0.5651793861757455,0.7638912987612391,-1.0670467628603642,-0.8693215812721223,-0.21416031209306832,-0.3625781209438705,-0.4612797463600187,0.7809567609893959
safe_graph_adp,424.0,0.3198489702448462,-0.5761941821711827,0.7521282474853564,-1.0640412536685275,-0.8512855834483969,-0.20945734263090568,-0.3558359707253535,-0.4620132864058374,0.7848898691793789
safe_graph_adp,426.0,0.3274184685191445,-0.586265113684259,0.741006317752663,-1.0614644137244849,-0.8345677378203633,-0.20513796902757372,-0.3495273758489293,-0.4627325137404861,0.7884336674209279
safe_graph_adp,428.0,0.3342545408464704,-0.5954259424352697,0.7305763813582986,-1.0592653215922672,-0.819165675364325,-0.2011906480761342,-0.3436667451942463,-0.4634284171523773,0.7916120221105414
safe_graph_adp,430.0,0.3403871927629208,-0.6037094618351705,0.7208824069802695,-1.0574000215294266,-0.8050746864125438,-0.19760520205089288,-0.3382654071959195,-0.46409365209310743,0.7944468393189605
safe_graph_adp,432.0,0.3458456698556686,-0.6111463147730112,0.7119627480293135,-1.0558303452877766,-0.7922893361433715,-0.19437283242946726,-0.3333325432822165,-0.46472204667002304,0.7969579894456047
safe_graph_adp,434.0,0.3506576888612712,-0.6177639914838626,0.7038514303945104,-1.0545229486842311,-0.7808049348615991,-0.19148617058348077,-0.32887602474692795,-0.46530819455068967,0.7991632442160423
safe_graph_adp,436.0,0.35484879452339785,-0.623585964888327,0.6965794121416348,-1.0534485170159735,-0.7706188887830503,-0.18893935615583732,-0.3249031682912027,-0.46584711437620757,0.8010782214971998
safe_graph_adp,438.0,0.35844181247938517,-0.6286309193526295,0.6901757995615039,-1.0525811034457018,-0.7617319619000751,-0.1867281380174079,-0.3214214262031012,-0.4663339581650385,0.8027163314099474
safe_graph_adp,440.0,0.3614563682265811,-0.632912028357027,0.6846690136331891,-1.0518975719677401,-0.7541494831247272,-0.18484999586435216,-0.31843902774039207,-0.4667637534111483,0.8040887159649982
safe_graph_adp,442.0,0.36390844242824866,-0.6364362361828548,0.6800879081433865,-1.0513771221088564,-0.7478825358865895,-0.1833042829458288,-0.31596558880586695,-0.4671311651735917,0.8052041735285778
safe_graph_adp,444.0,0.3658099329134711,-0.639203497689463,0.6764628456341104,-1.0510008765545136,-0.7429491702526143,-0.1820923923164069,-0.3140127075542098,-0.4674302654276238,0.8060690585286248
safe_graph_adp,446.0,0.36716819325996947,-0.6412059279118898,0.6738267402447471,-1.0507515157146894,-0.7393756809306871,-0.18121795055582016,-0.31259456425779986,-0.467654297282182,0.8066871456930085
safe_graph_adp,448.0,0.36798551643862837,-0.6424268089810846,0.6722160774585629,-1.050612945030231,-0.7371979986609369,-0.18068704421173337,-0.3117285446939234,-0.4677954213154446,0.8070594465548008
safe_graph_adp,450.0,0.3682585292861883,-0.6428393951624514,0.6716719196416858,-1.0505699816441851,-0.7364632478920947,-0.18050848537076553,-0.31143590758972234,-0.4678444301481762,0.8071839637605831
safe_graph_adp,452.0,0.3675754801353875,-0.6431247299123859,0.6717729141446236,-1.0515615612121136,-0.7365995790239958,-0.1806947876567164,-0.3114013806641778,-0.46823225012033304,0.806930687098581
safe_graph_adp,454.0,0.3655543778740266,-0.6439634086928775,0.6720722618006066,-1.0544932701267966,-0.7370037634955151,-0.1812459238070999,-0.3112991031292611,-0.46937797078037674,0.806180565407232
safe_graph_adp,456.0,0.36224699012888545,-0.6453217823058294,0.6725599716190304,-1.0592860618507334,-0.7376625956662504,-0.18214664529423646,-0.31112905339285524,-0.4712485724863505,0.8049509889878379
safe_graph_adp,458.0,0.3576980564594257,-0.6471652447121743,0.6732230287518253,-1.0658709129466575,-0.7385589324101961,-0.18338239235825501,-0.31088768894632113,-0.473814116117178,0.8032558287386876
safe_graph_adp,460.0,0.3519465072765122,-0.6494582415136624,0.6740457317911339,-1.0741871346171878,-0.739672100336053,-0.18493905421335594,-0.3105684100544415,-0.47704717695213344,0.8011059854132445
safe_graph_adp,462.0,0.34502663991598786,-0.6521642241959293,0.6750099572800426,-1.0841807146376303,-0.7409781978688634,-0.18680268962735747,-0.31016196717918176,-0.48092227454916897,0.7985099092096347
safe_graph_adp,464.0,0.3369692600850804,-0.6552455735934407,0.6760953749611931,-1.0958026821884617,-0.7424503269205929,-0.18895921985902417,-0.3096568333000748,-0.4854153021362528,0.7954740996869787
safe_graph_adp,466.0,0.3278027964806173,-0.6586635129839816,0.6772796344812734,-1.1090074869071975,-0.7440587849812162,-0.19139410406975615,-0.30903956050896125,-0.49050295799324134,0.7920035954259578
safe_graph_adp,468.0,0.31755439472677366,-0.6623780290745034,0.6785385420070763,-1.1237513850617908,-0.74577124550845,-0.19409200681502853,-0.3082951383689575,-0.4961621814434053,0.788102461773786
safe_graph_adp,470.0,0.3062509941530084,-0.6663478176117232,0.6798462433112267,-1.1399908296120527,-0.7475529521698756,-0.19703646776923261,-0.3074073694394814,-0.5023695971471542,0.7837742834806003
safe_graph_adp,472.0,0.29392038752072824,-0.6705302691646288,0.6811754281634619,-1.1576808667289906,-0.749366950453173,-0.2002095851768289,-0.3063592749259413,-0.5091009731934201,0.7790226670410086
safe_graph_adp,474.0,0.28059225977819213,-0.6748815095184227,0.682497569125856,-1.1767735487816553,-0.7511743780482217,-0.20359172637882023,-0.30513354043622404,-0.5163307008224082,0.7738517550792191
safe_graph_adp,476.0,0.2662991974579146,-0.679356507838961,0.683783205914069,-1.1972163825210396,-0.7529348328546123,-0.2071612808277175,-0.30371300814996044,-0.5240313062704792,0.7682667521471802
safe_graph_adp,478.0,0.25107765565023593,-0.6839092640792869,0.6850022841857606,-1.2189508407001701,-0.7546068341321358,-0.2108944729131497,-0.30208121721431286,-0.5321730079412157,0.7622744578692132
safe_graph_adp,480.0,0.23496886487102922,-0.688493084800133,0.686124554817576,-1.2419109749808392,-0.7561483878908564,-0.21476525325071566,-0.3002229888480937,-0.5407233345543753,0.7558837995563013
safe_graph_adp,482.0,0.2180196559388068,-0.6930609535050035,0.6871200363481332,-1.2660221767720694,-0.7575176619029604,-0.2187452873690699,-0.2981250465773276,-0.5496468217263363,0.7491063524114759
safe_graph_adp,484.0,0.20028317759787126,-0.6975659976568876,0.6879595392784742,-1.2912001394864097,-0.7586737686437506,-0.22280405948724288,-0.2957766555271208,-0.5589048051737033,0.7419568315440871
safe_graph_adp,486.0,0.18181947952285657,-0.7019620497498982,0.6886152464017619,-1.3173500793035988,-0.7595776461606497,-0.22690910588546884,-0.29317025823916015,-0.568455327992056,0.7344535366023404
safe_graph_adp,488.0,0.16269593297310908,-0.7062042942727261,0.6890613384487411,-1.3443662706073172,-0.7601930176897324,-0.23102638696221206,-0.2903020787391704,-0.5782531768984602,0.7266187274036782
safe_graph_adp,490.0,0.14298746313915278,-0.7102499863697816,0.689274649357391,-1.3721319457217365,-0.7604874014062837,-0.23512079940413658,-0.2871726623463249,-0.5882500577401988,0.7184789080113183
safe_graph_adp,492.0,0.12277657142681421,-0.7140592218599519,0.6892353307727604,-1.400519595785608,-0.7604331328598569,-0.23915682027207855,-0.2837873168336572,-0.5983949139915432,0.7100649977507382
safe_graph_adp,494.0,0.10215313265889797,-0.7175957325056859,0.6889275013944511,-1.4293916906317337,-0.7600083554181333,-0.24309926390519707,-0.28015642174384825,-0.6086343837035779,0.7014123710187898
safe_graph_adp,496.0,0.08121396129242346,-0.7208276756036194,0.6883398539784517,-1.4586018113482873,-0.7591979294787367,-0.2469141214176016,-0.27629557739366206,-0.6189133810691858,0.692560753501659
safe_graph_adp,498.0,0.060062151817511095,-0.7237283836703695,0.6874661915970303,-1.4879961616895325,-0.7579942102275917,-0.2505694425290853,-0.27222557339028686,-0.6291757793205124,0.6835539703486616
safe_graph_adp,500.0,0.03880621080018535,-0.7262770387342571,0.686305865493462,-1.5174153963938073,-0.756397646940994,-0.25403621194516485,-0.26797216783363426,-0.6393651631630002,0.6744395513466303
safe_graph_adp,502.0,0.017559010590350355,-0.7284592368750428,0.6848640896984732,-1.546696678954066,-0.7544171643920199,-0.2572891687371013,-0.2635656817561624,-0.6494256124493661,0.6652682082782452
safe_graph_adp,504.0,-0.0035633935788556767,-0.7302674123131999,0.6831521124461121,-1.5756758616576425,-0.7520702984107861,-0.2603075180139623,-0.25904042729733595,-0.6593024752077316,0.6560932092896427
safe_graph_adp,506.0,-0.024443031661345177,-0.7317010963968267,0.6811872310421595,-1.6041896693857376,-0.7493830720773021,-0.26307548985343343,-0.254434000956795,-0.6689430880035986,0.6469696830669143
safe_graph_adp,508.0,-0.044961313888004464,-0.7327669948416713,0.6789926446760454,-1.6320777672954594,-0.7463896149528881,-0.26558271048152776,-0.24978648342698853,-0.6782974050084382,0.637953890927301
safe_graph_adp,510.0,-0.06500029175458769,-0.7334788758704147,0.6765971480310061,-1.659184601286241,-0.7431315434848116,-0.267824363916402,-0.24513959374014613,-0.6873185036489343,0.6291025069219489
safe_graph_adp,512.0,-0.0844438249096981,-0.7338572716196263,0.6740346766492198,-1.6853609178635531,-0.7396571345558883,-0.2698011370972747,-0.24053584711916134,-0.6959629434858702,0.6204719445439645
safe_graph_adp,514.0,-0.10317859908573968,-0.7339290044183835,0.6713437220710003,-1.7104648942842575,-0.7360203346643639,-0.2715189560967584,-0.23601776301072444,-0.7041909649280396,0.612117763945188
safe_graph_adp,516.0,-0.12109494887547062,-0.7337265574258857,0.6685666401225876,-1.7343628376312858,-0.7322796534405887,-0.2729885336785125,-0.23162716294088043,-0.7119665243715424,0.6040941864000351
safe_graph_adp,518.0,-0.13808745049886262,-0.7332873149431939,0.6657488789011404,-1.7569294395133743,-0.7284969917373343,-0.274224757916404,-0.2274045881675318,-0.71925717134401,0.5964537340785606
safe_graph_adp,520.0,-0.15405526268507905,-0.7326527010258135,0.6629381537659538,-1.7780475985958766,-0.7247364515403364,-0.27524595709467903,-0.22338885593514046,-0.7260337804720443,0.589247004031836
safe_graph_adp,522.0,-0.16890220731683162,-0.7318672456402566,0.6601835950116044,-1.7976078440874903,-0.721063168076046,-0.276073077513691,-0.21961676176606768,-0.7322701561649239,0.5825225765699592
safe_graph_adp,524.0,-0.18253659455552812,-0.7309776056266876,0.6575348901163692,-1.8155074085401466,-0.7175421946959164,-0.2767288085078258,-0.2161229247277126,-0.7379425307467402,0.5763270506093524
safe_graph_adp,526.0,-0.19487080902022635,-0.730031563482841,0.6550414369416648,-1.8316490077281855,-0.7142374594691547,-0.27723668369223775,-0.21293976371956466,-0.7430289775891443,0.570705192463865
safe_graph_adp,528.0,-0.20582068377768298,-0.7290770209699112,0.65275151751867,-1.8459393896327192,-0.7112107999578652,-0.27762018014331724,-0.21009758585781413,-0.7475087600192789,0.5657001800321002
safe_graph_adp,530.0,-0.2153046973066686,-0.7281609973488631,0.6507114946407454,-1.8582877149303778,-0.7085210702580698,-0.2779018288731202,-0.20762476295601542,-0.7513616349407206,0.5613539212080385
safe_graph_adp,532.0,-0.2232430354540981,-0.7273286343001034,0.6489650259053925,-1.8686038294885179,-0.7062233027209042,-0.2781023414898151,-0.20554796857068264,-0.7545671277915005,0.5577074232344711
safe_graph_adp,534.0,-0.22955656621943343,-0.7266222018532779,0.6475522825837594,-1.876796486975672,-0.7043678962455756,-0.2782397501158346,-0.2038924455594602,-0.7571037932499739,0.5548011881257658
safe_graph_adp,536.0,-0.23416578072372904,-0.7260800925099952,0.6465091541492073,-1.882771578608739,-0.7029997939050194,-0.2783285510955484,-0.2026822719348014,-0.7589484745390901,0.5526756076426644
safe_graph_adp,538.0,-0.23698975981540055,-0.7257357847066801,0.6458664138495034,-1.8864304290461835,-0.7021576050842341,-0.27837883830897875,-0.20194059030654035,-0.76007557380457,0.5513713290279457
safe_graph_adp,540.0,-0.23794523335779674,-0.7256167523797937,0.6456488167634978,-1.8876682242267895,-0.7018726214754643,-0.2783954095609453,-0.20168976275106537,-0.7604563473864344,0.5509295592509947
safe_graph_adp,542.0,-0.237759553916003,-0.7261382197122488,0.6451307467442463,-1.8872246505038688,-0.7011943891802194,-0.2780928129902246,-0.2015646043368687,-0.7604284892325662,0.5511665904290485
safe_graph_adp,544.0,-0.23720824844141514,-0.7276820730914633,0.6435922990315114,-1.885912416763534,-0.6991826116842642,-0.27719582017431477,-0.2011920063324504,-0.7603459086551534,0.5518680576525349
safe_graph_adp,546.0,-0.23630096997197486,-0.7302081262982871,0.641060015816186,-1.883768420362595,-0.6958786150599369,-0.27572449397966786,-0.2005757384645964,-0.7602104038523607,0.553014935090969
safe_graph_adp,548.0,-0.2350436134337873,-0.7336786834656055,0.6375500680042033,-1.8808286533864165,-0.6913140237943158,-0.27369548961999607,-0.19971558968705716,-0.7600233482945407,0.5545890120122982
safe_graph_adp,550.0,-0.2334388053494659,-0.7380577164465935,0.6330696101935821,-1.8771284609794578,-0.6855122313257886,-0.27112261275794813,-0.19860788897771617,-0.7597856994643608,0.5565726602848643
safe_graph_adp,552.0,-0.23148633609005323,-0.7433099948895997,0.627617979108969,-1.872702788289414,-0.6784897512014073,-0.26801734044438547,-0.197245969422665,-0.7594979891951918,0.5589485997621713
safe_graph_adp,554.0,-0.22918355549542907,-0.749400176159732,0.6211877927504985,-1.8675864138403406,-0.6702574900784118,-0.26438931750383005,-0.1956205963232545,-0.7591602993056531,0.5616996626687116
safe_graph_adp,556.0,-0.2265257506663487,-0.7562918610421651,0.6137660019962214,-1.8618141673089375,-0.6608219792501432,-0.26024683967387124,-0.19372037778033313,-0.7587722257475029,0.5648085579261242
safe_graph_adp,558.0,-0.22350652317769834,-0.7639466224346919,0.605334942133397,-1.8554211297877135,-0.6501865971073972,-0.2555973334654763,-0.19153217431142677,-0.7583328344417024,0.5682576365844009
safe_graph_adp,560.0,-0.2201181816694709,-0.7723230176857656,0.5958734282138096,-1.8484428147090144,-0.6383528106611602,-0.2504478412546692,-0.18904152236222582,-0.7578406123042678,0.5720286601002965
safe_graph_adp,562.0,-0.2163521645076365,-0.7813756006687986,0.5853579345941546,-1.8409153277006507,-0.6253214596111712,-0.24480551844079518,-0.1862330848912497,-0.7572934176035778,0.576102574102143
safe_graph_adp,564.0,-0.2121995057134221,-0.7910539569286031,0.5737638948231049,-1.8328755037689022,-0.6110941010769619,-0.23867814749275415,-0.1830911403319361,-0.7566884346867357,0.5804592914690194
safe_graph_adp,566.0,-0.20765135535344123,-0.8013017940367242,0.5610671523921232,-1.8243610203757121,-0.5956744266403474,-0.23207467122788863,-0.17960011895746342,-0.7560221391911652,0.5850774899940578
safe_graph_adp,568.0,-0.2026995627662164,-0.8120561292172369,0.5472455849571588,-1.8154104852071873,-0.5790697554404559,-0.2250057446166114,-0.17574519277949543,-0.7552902810165151,0.5899344315315186
safe_graph_adp,570.0,-0.19733732708151341,-0.823246626648266,0.5322809136654951,-1.8060634977286936,-0.5612925974602065,-0.21748430070255756,-0.1715129214109622,-0.7544878934282735,0.5950058112381448
safe_graph_adp,572.0,-0.19155991422219534,-0.834795146545062,0.5161606945206052,-1.7963606839912372,-0.5423622697502373,-0.20952612186185543,-0.1668919516706794,-0.7536093375076036,0.600265647148355
safe_graph_adp,574.0,-0.18536543282255685,-0.8466155757199979,0.4988804699151919,-1.7863437045923838,-0.5223065353011963,-0.20115040268707035,-0.16187376304670573,-0.7526483915138446,0.6056862216424863
safe_graph_adp,576.0,-0.1787556532898197,-0.8586140129359555,0.48044603568657374,-1.7760552361950577,-0.5011632200862451,-0.19238028550352584,-0.15645344454414437,-0.7515983943138663,0.611238087086098
safe_graph_adp,578.0,-0.17173684487735028,-0.870689379894523,0.4608757531596383,-1.7655389275560145,-0.4789817493646375,-0.18324334431427136,-0.15063048118738448,-0.7504524505762722,0.6168901476971781
safe_graph_adp,580.0,-0.16432059576988767,-0.8827345179863694,0.44020280844311005,-1.7548393315945658,-0.45582453104663395,-0.17377198842076935,-0.14440952102360938,-0.7492037026888452,0.622609828187243
safe_graph_adp,582.0,-0.15652457182671367,-0.8946378102263085,0.4184772955943243,-1.744001815619063,-0.43176810359645296,-0.16400375384747015,-0.13780108663138904,-0.7478456701997848,0.6283633366218796
safe_graph_adp,584.0,-0.1483731621730347,-0.9062853362728944,0.3957679800129126,-1.733072452398669,-0.4069039607302527,-0.15398144988496443,-0.13082218984844496,-0.7463726520510883,0.6341160240877113
safe_graph_adp,586.0,-0.13989795589784973,-0.9175635267705101,0.37216358805781424,-1.7220978952947206,-0.38133896723097965,-0.14375313041816226,-0.12349680580723761,-0.7447801802574598,0.6398328371895695
safe_graph_adp,588.0,-0.13113799533683443,-0.9283622341189074,0.34777347288254673,-1.711125241123529,-0.35519529137946565,-0.13337186589135777,-0.11585616349545291,-0.7430655065662328,0.6454788514895282
safe_graph_adp,590.0,-0.12213975908214562,-0.938578085023669,0.32272752836511737,-1.7002018847871068,-0.32860980078647845,-0.12289530205118757,-0.10793881578707958,-0.7412280968686736,0.651019865436282
safe_graph_adp,592.0,-0.11295684252758229,-0.9481179325652072,0.29717526423724444,-1.689375369960317,-0.3017328994945994,-0.11238500568012547,-0.09979046257144812,-0.7392701027659427,0.656423026130625
safe_graph_adp,594.0,-0.10364932490760688,-0.9569021898256508,0.27128401455498885,-1.6786932402480665,-0.2747268231620832,-0.10190561435648579,-0.0914635158823636,-0.7371967767945271,0.6616574516385528
safe_graph_adp,596.0,-0.09428283763938264,-0.9648678107278698,0.2452363234675352,-1.6682028952166958,-0.24776345233066036,-0.09152382512917914,-0.08301641460905963,-0.7350167982605214,0.6666948106997925
safe_graph_adp,598.0,-0.08492737637120569,-0.9719706919790025,0.2192266285754601,-1.657951455559022,-0.22102174627144527,-0.08130727365317997,-0.07451271649200555,-0.7327424808666309,0.6715098205279534
safe_graph_adp,600.0,-0.07565592475656965,-0.9781873045508174,0.19345743269472673,-1.6479856413790421,-0.1946849361501352,-0.07132336842692742,-0.06602001418277152,-0.7303898411845495,0.6760806273943604
safe_graph_adp,602.0,-0.06654297780113118,-0.9835154211222625,0.16813520904336735,-1.6383516671929825,-0.16893764109836332,-0.06163815224940418,-0.057608737587616726,-0.7279785177147239,0.6803890425974788
safe_graph_adp,604.0,-0.057663063564420254,-0.9879738801102825,0.14346631423508077,-1.6290951567564542,-0.14396308048900988,-0.05231526357131808,-0.04935091432373215,-0.7255315424139889,0.6844206173218728
safe_graph_adp,606.0,-0.04908936232565467,-0.9916014069234583,0.11965318338380575,-1.6202610802649493,-0.11994054877097306,-0.04341506381128509,-0.041318962543393685,-0.7230749784753757,0.688164552321198
safe_graph_adp,608.0,-0.0408925121013345,-0.9944545874088954,0.09689105240137373,-1.6118937158608362,-0.09704329664308822,-0.03499398383728257,-0.033584585388871865,-0.7206374481491541,0.6916134505954383
safe_graph_adp,610.0,-0.033139670415354,-0.9966051469045747,0.07536539927627715,-1.6040366367384677,-0.07543692745218777,-0.02710412551511713,-0.026217824828032883,-0.7182495811825882,0.694762931633794
safe_graph_adp,612.0,-0.025893877528722374,-0.9981367238451351,0.055250227313812544,-1.5967327244923775,-0.05527837535691373,-0.019793134889261856,-0.01928631638268654,-0.7159434172926992,0.6976111331156452
safe_graph_adp,614.0,-0.019213739555230376,-0.9991413367553921,0.03670723905378922,-1.5900242087207839,-0.03671548740930636,-0.013104344636868312,-0.012854767575271682,-0.7137517949036631,0.7001581295493348
safe_graph_adp,616.0,-0.013153424437240805,-0.9997157292100837,0.01988587929975186,-1.5839527322920086,-0.01988719017221815,-0.0070771669758676915,-0.006984664065969555,-0.7117077537068891,0.7024052971675082
safe_graph_adp,618.0,-0.007762942226281199,-0.999957743763277,0.004924166513002439,-1.578559441113534,-0.004924186412938432,-0.0017477055510502285,-0.0017341903053848587,-0.7098439713747839,0.704354651019049
safe_graph_adp,620.0,-0.0030886649314430296,-0.9999628296438433,-0.008049812396511659,-1.5738850967145426,0.008049899336322549,0.0028504535385597,0.0028416627128423967,-0.7081922460877046,0.7060081744915585
safe_graph_adp,622.0,0.0008259694320538825,-0.9998207372278266,-0.018915897644652138,-1.5699702094586587,0.018917025879612206,0.006685315776073399,0.006690840913854521,-0.7067830274786164,0.7073671545025264
safe_graph_adp,624.0,0.00393962987894033,-0.9996124011895857,-0.02755951204952051,-1.566855189733455,0.027563001940011742,0.009725462840567798,0.009763867952223703,-0.7056449900219949,0.7084315283159036
safe_graph_adp,626.0,0.006212206628701672,-0.9994069686351058,-0.03386915311003025,-1.5645805140000744,0.0338756317827495,0.011938992899750634,0.012013435043469977,-0.7048046353877828,0.7091992412311866
safe_graph_adp,628.0,0.0076039320455645095,-0.9992588917927824,-0.03773390240231097,-1.563186902107175,0.037742862697719204,0.013292461080644235,0.013393995862724675,-0.7042859041980375,0.7096656089322645
safe_graph_adp,630.0,0.008074576378145387,-0.9992049792901343,-0.03904113955964436,-1.562715501750148,0.03905106418805282,0.013749865380112183,0.013861426998677706,-0.7041097731550725,0.709822674610428
safe_graph_adp,632.0,0.008127634949199195,-0.9991590998000375,-0.04018749602689135,-1.562662030975287,0.04019832126383084,0.014153379073868516,0.014268977639968256,-0.7040827925766334,0.7098334306972242
safe_graph_adp,634.0,0.008284628535008826,-0.9990158458045683,-0.04357412949698442,-1.562503726967449,0.043587930359791416,0.015345416208083778,0.01547320016677968,-0.7040016092375743,0.709863953493136
safe_graph_adp,636.0,0.00854098058823229,-0.9987575660591398,-0.04909557913106276,-1.562244929852234,0.04911532368825679,0.017288745819127704,0.01743722450215618,-0.7038646552481133,0.7099095643545857
safe_graph_adp,638.0,0.008891934630706456,-0.9983547951230435,-0.05664482812533777,-1.5618899745031802,0.056675164058438775,0.019945596939777342,0.020124035249541174,-0.7036682854086306,0.7099634782705864
safe_graph_adp,640.0,0.00933252987527991,-0.9977685319497178,-0.06611248397263521,-1.5614431978525463,0.06616074035575045,0.023277461507933573,0.023496203160958358,-0.7034071818650837,0.710017200301082
safe_graph_adp,642.0,0.009857570310552548,-0.9969524870640032,-0.07738583103172639,-1.56090894579128,0.07746327829326588,0.027244862668533577,0.02751558357197094,-0.7030747524306484,0.7100609147203141
safe_graph_adp,644.0,0.010461593115170538,-0.9958553187451784,-0.09034787876000022,-1.5602915796653056,0.09047124682088666,0.03180712081522237,0.03214301390108588,-0.7026635255225429,0.7100838708371224
safe_graph_adp,646.0,0.011138841671612745,-0.9944228690925986,-0.10487651611232864,-1.5595954823739036,0.10506973158061912,0.03692214611747043,0.03733803885487522,-0.7021655431724526,0.710074767867361
safe_graph_adp,648.0,0.01188324779841887,-0.9926003967613761,-0.1208438693973339,-1.5588250640747345,0.12113993784215087,0.04254628262416984,0.04305868854364133,-0.7015727513534802,0.710022138904185
safe_graph_adp,650.0,0.01268842705690151,-0.9903347864871294,-0.13811594582926973,-1.5579847674990033,0.13855887562907787,0.04863422499785241,0.0492613309352543,-0.7008773842449453,0.7099147312792636
safe_graph_adp,652.0,0.013547690067816892,-0.9875766983402982,-0.15655262689939783,-1.5570790728793202,0.15719926857483812,0.05513902424470651,0.05590061565428548,-0.7000723363592961,0.7097418777550399
safe_graph_adp,654.0,0.014454071675101382,-0.9842826041309474,-0.17600805384189602,-1.5561125024920461,0.1769297150268891,0.06201219331523007,0.06292952088745606,-0.6991515140249105,0.7094938503734796
safe_graph_adp,656.0,0.015400378533056583,-0.980416646679356,-0.1963314219758156,-1.5550896248152615,0.19761511502931292,0.06920391717620318,0.07029950907048096,-0.6981101558908317,0.7091621867485586
safe_graph_adp,658.0,0.01637925432582715,-0.9759522517002027,-0.21736817253000532,-1.554015058303003,0.21911736047969727,0.0766633651045789,0.07796079028561996,-0.6969451111925012,0.7087399774344295
safe_graph_adp,660.0,0.01738326044666517,-0.9708734232314523,-0.23896154150633664,-1.5528934747760434,0.2412962688289581,0.0843390959192665,0.08586268526449263,-0.695655064709399,0.7082221029612485
safe_graph_adp,662.0,0.018404968689233928,-0.9651756624949598,-0.26095439765400347,-1.551729602429265,0.2640107243714925,0.09217954018128766,0.09395407309080364,-0.6942406987529837,0.7076054103217297
safe_graph_adp,664.0,0.019437061463335417,-0.9588664664341627,-0.28319127844927205,-1.5505282284555693,0.2871199768431328,0.10013353765894549,0.1021839027384087,-0.6927047850920909,0.7068888210797878
safe_graph_adp,666.0,0.020472434359724685,-0.9519653845203312,-0.30552051667023067,-1.549294201286287,0.31048503606672073,0.10815090414851683,0.1105017430548728,-0.6910522032393591,0.7060733666636355
safe_graph_adp,668.0,0.02150429563564178,-0.9445036384306786,-0.3277963426587076,-1.5480324324481995,0.33397009486898027,0.11618299951224144,0.11885834318852988,-0.6892898856335097,0.7051621504605585
safe_graph_adp,670.0,0.022526257405889306,-0.9365233359711751,-0.3498808495884065,-1.5467478980375207,0.3574439110979118,0.12418326878365604,0.12720617503575732,-0.6874266945135514,0.7041602406108648
safe_graph_adp,672.0,0.02353241397655319,-0.9280763351000592,-0.3716457207068031,-1.5454456398115448,0.3807810833830098,0.13210773037651297,0.13549993107693936,-0.6854732392222677,0.7030745014314224
safe_graph_adp,674.0,0.024517403767346655,-0.9192228334096759,-0.39297363709388466,-1.544130765899118,0.4038631637878853,0.13991538953765856,0.1436969547329534,-0.6834416458753463,0.7019133747509009
safe_graph_adp,676.0,0.0254764525100532,-0.9100297710126546,-0.4137593095486293,-1.542808451131604,0.42657956267432645,0.14756856071023358,0.15175758564325817,-0.681345293478059,0.7006866247795349
safe_graph_adp,678.0,0.02640539673995683,-0.900569139542029,-0.4339101058140209,-1.541483936996628,0.4488282155442888,0.1550330887902396,0.15964540842909325,-0.6791985315042499,0.6994050612843291
safe_graph_adp,680.0,0.027300687872175128,-0.8909162870767977,-0.45334627147799383,-1.540162531217534,0.4705159968300071,0.1622784656994351,0.16732739989856255,-0.6770163936767698,0.6980802557774606
safe_graph_adp,682.0,0.02815937825590987,-0.8811482993417551,-0.47200076693091664,-1.5388496069621977,0.4915588801198881,0.16927784465223458,0.17477397565857963,-0.674814321354059,0.6967242642809628
safe_graph_adp,684.0,0.02897909144390443,-0.8713425232511071,-0.4898187618226557,-1.537550601685578,0.5118818569540381,0.17600795948837378,0.18195894222914863,-0.672607907789447,0.6953493682449788
safe_graph_adp,686.0,0.029757979461268493,-0.8615752818190804,-0.5067568415095697,-1.53627101561114,0.5314186362829602,0.18244896017606027,0.188859364684481,-0.670412671897198,0.6939678426709041
safe_graph_adp,688.0,0.030494670106866763,-0.8519208116626321,-0.5227819868273539,-1.5350164098570478,0.5501111535485107,0.18858417794433965,0.19545536242997333,-0.6682438673447999,0.6925917577350246
safe_graph_adp,690.0,0.031188207303359795,-0.8424504374887248,-0.5378703896853392,-1.5337924042137623,0.5679089220887165,0.1943998345222356,0.20172984698417246,-0.6661163300686018,0.6912328175003031
safe_graph_adp,692.0,0.03183798728140055,-0.8332319833509895,-0.5520061634500523,-1.5326046745804025,0.584768260460974,0.1998847098113115,0.207668215716321,-0.664044364888747,0.6899022368599396
safe_graph_adp,694.0,0.032443693001524734,-0.8243294088266511,-0.5651800001131736,-1.5314589500678968,0.6006514277970948,0.20502978123701676,0.21325801461803293,-0.6620416699124101,0.6886106558184121
safe_graph_adp,696.0,0.033005228745503094,-0.8158026498758147,-0.5773878170961492,-1.5303610097775635,0.6155256960240572,0.20982784628006787,0.21848858162109994,-0.6601212959210212,0.6873680886528118
safe_graph_adp,698.0,0.033522656301243306,-0.8077076388867321,-0.5886294263783703,-1.5293166792642976,0.6293623832931169,0.21427313754052624,0.22335067996737226,-0.6582956369348735,0.6861839044156898
safe_graph_adp,700.0,0.03399613366383814,-0.8000964758973628,-0.5989072483720089,-1.5283318266939867,0.6421358677902025,0.21836093735760703,0.2278361289154038,-0.656576447589254,0.6850668345995348
safe_graph_adp,702.0,0.034425856708964926,-0.7930177226755161,-0.6082250832647333,-1.527412358705125,0.6538225956912989,0.22208719667209834,0.23193743681051837,-0.6549748827636708,0.6840250035114297
safe_graph_adp,704.0,0.03481200387990419,-0.7865167926401107,-0.616586943813262,-1.5265642159848276,0.6644000917055377,0.22544816059712391,0.23564743937750146,-0.653501554990403,0.683065976918281
safe_graph_adp,706.0,0.03515468357164744,-0.7806364119315198,-0.6239959459721351,-1.5257933685695502,0.6738459756329412,0.22844000112863713,0.23895894409685545,-0.6521666054393557,0.6821968247288842
safe_graph_adp,708.0,0.035453883592353345,-0.7754171297634862,-0.6304532472813321,-1.5251058108807944,0.6821369837719387,0.2310584556091198,0.24186437973323924,-0.6509797846477867,0.6814241937939283
safe_graph_adp,710.0,0.03570942182548343,-0.7708978590614781,-0.6359570174841371,-1.5245075565059125,0.6892479898836132,0.23329846795360001,0.2443554485025246,-0.649950539560041,0.6807543872522929
safe_graph_adp,712.0,0.035920896993443564,-0.767116430934137,-0.6405014211928478,-1.5240046327338095,0.695151016737767,0.2351538282308688,0.24642277697326093,-0.6490881037979856,0.6801934471641791
safe_graph_adp,714.0,0.036087638221858204,-0.7641101484127734,-0.644075588312566,-1.5236030748548917,0.6998142259780012,0.23661680492601592,0.24805556056730355,-0.648401588339134,0.6797472373886729
safe_graph_adp,716.0,0.036208651908733305,-0.761916325833761,-0.6466625441100903,-1.5233089202339984,0.7032008710833276,0.23767776304969776,0.2492411954163061,-0.6479000698819873,0.6794215237288692
safe_graph_adp,718.0,0.03628256420150754,-0.7605727999274746,-0.648238067028962,-1.5231282021643133,0.7052681955144847,0.23832476016458326,0.24996489031269326,-0.647592674070831,0.6792220482237363
safe_graph_adp,720.0,0.03630755716597411,-0.7601183967619328,-0.6487694383960363,-1.5230669435093673,0.7059662556872025,0.23854311134117567,0.25020925054485704,-0.6474886503706409,0.6791545940466416
safe_graph_adp,722.0,0.035561795314404926,-0.7600941388072685,-0.6488391625548302,-1.524044378508926,0.7060578828277243,0.23869504320722332,0.2501237402092724,-0.647809552975658,0.6788266155694724
safe_graph_adp,724.0,0.03335841569788023,-0.7600175685500626,-0.649045847068894,-1.5269328420414676,0.7063295368006773,0.2391441516816963,0.2498708220056571,-0.648756783749717,0.677856387862047
safe_graph_adp,726.0,0.02976392588067578,-0.7598800888742394,-0.6493815205629488,-1.5316470995028495,0.706770860524291,0.23987596669744704,0.24945566795888338,-0.6502998591287326,0.676270274033469
safe_graph_adp,728.0,0.024843210137938852,-0.7596694281973959,-0.6498347288136298,-1.5381053185888611,0.7073669760333268,0.24087470045972903,0.24888071258934075,-0.6524084501537764,0.6740927115370743
safe_graph_adp,730.0,0.01866000934552076,-0.7593703117815525,-0.6503910620818932,-1.5462282674749848,0.7080991499694369,0.24212335597525383,0.2481461439983359,-0.6550522777198755,0.6713466207288459
safe_graph_adp,732.0,0.01127744238641811,-0.758965096575736,-0.6510336408151306,-1.5559384465465838,0.7089454007355942,0.24360379268053006,0.24725038606852706,-0.658200976446978,0.6680538252153567
safe_graph_adp,734.0,0.0027585408872585326,-0.7584343793044044,-0.6517435713080079,-1.5671591911395264,0.7098810658784457,0.24529676788910684,0.2461905719383581,-0.6618239432394651,0.6642354748933446
safe_graph_adp,736.0,-0.006833227183146475,-0.7577575859897513,-0.6525003815180865,-1.5798137778836987,0.710879346152157,0.24718197059734096,0.24496300892048722,-0.6658901845290969,0.6599124637556424
safe_graph_adp,738.0,-0.017433466598447828,-0.7569135490474185,-0.6532824454329094,-1.5938245641111866,0.7119118399928099,0.24923806217097538,0.2435636341995199,-0.6703681745091622,0.6551058350114377
safe_graph_adp,740.0,-0.028976415757905643,-0.7558810756898947,-0.6540674022940698,-1.6091121877934784,0.7129490789343672,0.2514427364572326,0.2419884592198324,-0.6752257352051716,0.6498371660685051
safe_graph_adp,742.0,-0.04139457626147643,-0.7546395087554889,-0.6548325746947895,-1.6255948540240628,0.7139610709345204,0.25377280979546324,0.2402339988966912,-0.680429947830666,0.6441289256645579
safe_graph_adp,744.0,-0.05461842580506451,-0.7531692783935111,-0.6555553871693637,-1.6431877326156403,0.7149178547595714,0.25620434911305257,0.2382976798847634,-0.6859471034008899,0.6380047951175797
safe_graph_adp,746.0,-0.06857622651047993,-0.7514524404223915,-0.6562137844794298,-1.661802489441115,0.715790064631325,0.25871284370586534,0.23617822035044972,-0.691742698904249,0.6314899454832076
safe_graph_adp,748.0,-0.08319393789599934,-0.7494731947878935,-0.6567866464779751,-1.6813469713028801,0.716549500429681,0.26127342338004667,0.2338759722506026,-0.6977814833827529,0.6246112625363646
safe_graph_adp,750.0,-0.09839524031269951,-0.7472183755381774,-0.6572541943128956,-1.701725060069239,0.7171696950731314,0.2638611224069487,0.23139321624078116,-0.7040275560190075,0.6173975120826092
safe_graph_adp,752.0,-0.11410167081900756,-0.7446779022514874,-0.6575983809397912,-1.722836706424023,0.7176264674962132,0.2664511853217106,0.22873439921133865,-0.7104445157976319,0.6098794392592293
safe_graph_adp,754.0,-0.13023286922142768,-0.7418451820338481,-0.6578032575683411,-1.7445781468700685,0.7178984471504071,0.269019407157315,0.22590630521498647,-0.7169956595927391,0.6020897972578617
safe_graph_adp,756.0,-0.1467069275298108,-0.7387174511494361,-0.6578553068738164,-1.7668422998406417,0.7179675544010786,0.27154249748788056,0.22291815226168998,-0.7236442227760403,0.5940633032709047
safe_graph_adp,758.0,-0.16344083158219316,-0.7352960461094179,-0.6577437336437179,-1.7895193283286777,0.7178194207606918,0.27399845493033786,0.2197816100737955,-0.7303536538311195,0.5858365223376664
safe_graph_adp,760.0,-0.18035097935333155,-0.7315865956207651,-0.6574607040381296,-1.8124973479252977,0.717443733694331,0.2763669367952551,0.21651073726626685,-0.7370879122093126,0.5774476829720089
safe_graph_adp,762.0,-0.19735375675677913,-0.7275991271133287,-0.6570015258109438,-1.8356632512501785,0.7168344927624504,0.27862960761772276,0.21312184029169196,-0.74381177697659,0.5689364317570147
safe_graph_adp,764.0,-0.2143661488535655,-0.7233480844832665,-0.6563647636033488,-1.8589036131584542,0.715990167016836,0.2807704504901617,0.20963326053542264,-0.7504911528486331,0.5603435372204885
safe_graph_adp,766.0,-0.23130636251700248,-0.7188522570177918,-0.6555522856642172,-1.8821056364477775,0.7149137476132421,0.2827760265017859,0.20606509978887483,-0.7570933600999961,0.5517105559778244
safe_graph_adp,768.0,-0.24809443592525549,-0.7141346229621324,-0.6545692409131841,-1.9051580955255225,0.713612694225574,0.2846356700781782,0.20243889760016567,-0.763587395588126,0.5430794760958277
safe_graph_adp,770.0,-0.26465281081997216,-0.7092221145969184,-0.6534239679501844,-1.927952235856212,0.7120987786558299,0.28634161139939424,0.19877727638758425,-0.769944153690331,0.5344923537069658
safe_graph_adp,772.0,-0.280906845236569,-0.7041453147610519,-0.6521278402271272,-1.9503825899497684,0.7103878336253936,0.2878890210464439,0.19510357148708746,-0.7761365981650831,0.525990958993247
safe_graph_adp,774.0,-0.2967852472365555,-0.6989380972605512,-0.6506950539388915,-1.9723476758645961,0.708499418728124,0.2892759762136732,0.191441463399333,-0.7821398786085515,0.5176164467705298
safe_graph_adp,776.0,-0.31222041382748456,-0.6936372253791845,-0.6491423670949699,-1.9937505511589269,0.7064564186152019,0.2905033518463418,0.18781462844647814,-0.7879313880378505,0.5094090651453883
safe_graph_adp,778.0,-0.3271486634560526,-0.6882819236498103,-0.6474887995755874,-2.0144992032585267,0.7042845904583723,0.2915746435730347,0.18424642200536548,-0.7934907609457384,0.5014079132774347
safe_graph_adp,780.0,-0.341510354891142,-0.6829134381265066,-0.6457553046846463,-2.0345067655950415,0.702012078511392,-0.2924957320325409,-0.18075960570257107,0.7987998137154402,-0.4936507564029221
safe_graph_adp,782.0,-0.35524988966739207,-0.6775745996563572,-0.643964422768706,-2.053691556920845,0.6996689131840007,-0.2932745999773926,-0.1773761267379993,0.8038424313863516,-0.48617390322229787
safe_graph_adp,784.0,-0.3683155992612101,-0.6723094031840395,-0.6421399269093743,-2.071976948349778,0.6972865105825434,-0.2939210143139781,-0.17411695415352815,0.8086044063118276,-0.47901214777293205
safe_graph_adp,786.0,-0.3806595216014966,-0.6671626140716922,-0.6403064695902627,-2.0892910684978174,0.6948971861522417,-0.2944461850556572,-0.17100197365634118,0.8130732352047904,-0.47219877520533804
safe_graph_adp,788.0,-0.3922370742289884,-0.6621794099427205,-0.6384892376917511,-2.1055663613770323,0.6925336931131554,-0.29486241214421655,-0.16804993975840576,0.8172378814407042,-0.4657656286052032
safe_graph_adp,790.0,-0.4030066333391769,-0.6574050638255238,-0.6367136212938915,-2.1207390143826634,0.6902287930572129,-0.29518272941168133,-0.16527848164482348,0.8210885093427933,-0.45974323223673624
safe_graph_adp,792.0,-0.41292902907556195,-0.6528846715312284,-0.6350048996868244,-2.134748274913612,0.688014862588761,-0.29542055280666263,-0.16270415739749222,0.8246161966050346,-0.45416096534337347
safe_graph_adp,794.0,-0.42196696784823906,-0.6486629233696931,-0.633387945804502,-2.1475356741052627,0.6859235364264799,-0.2955893375909603,-0.16034254996850358,0.8278126301245455,-0.4490472798920152
safe_graph_adp,796.0,-0.43008439225530276,-0.6447839175748026,-0.6318869480969497,-2.1590441751325566,0.6839853840681751,-0.29570224669360384,-0.15820839755343474,0.8306697894297262,-0.4444299553053368
safe_graph_adp,798.0,-0.4372457885381049,-0.6412910102169141,-0.6305251466996861,-2.169217261905155,0.682229614023764,-0.29577182992627415,-0.15631575064863235,0.8331796207110488,-0.44033638318109797
safe_graph_adp,800.0,-0.4434154505902383,-0.6382266939302582,-0.6293245786815482,-2.1779979820856883,0.6806837967647074,-0.2958097114125779,-0.15467814795086812,0.8353337032836688,-0.4367938751160417
safe_graph_adp,802.0,-0.44855670856736424,-0.6356324954421197,-0.6283058251657678,-2.1853279565774932,0.6793735948949158,-0.2958262804244561,-0.15330880321804383,0.83712290921915,-0.4338299868918111
safe_graph_adp,804.0,-0.4526311293287446,-0.6335488795941583,-0.6274877512171628,-2.1911463663084714,0.6783224865611891,-0.2958303788852936,-0.15222079509293412,0.8385370559525961,-0.431472852291093
safe_graph_adp,806.0,-0.4555976955154115,-0.6320151452071747,-0.6268872275535691,-2.1953889266474094,0.6775514657155329,-0.29582897711002226,-0.1514272515301517,0.8395645509737355,-0.42975151953696705
safe_graph_adp,808.0,-0.4574119702896147,-0.6310692956595766,-0.6265188213545531,-2.197986860516893,0.677078700441944,-0.29582682792908654,-0.1509415196862208,0.8401920273244812,-0.4286962826204669
safe_graph_adp,810.0,-0.4580252559123054,-0.6307478643273489,-0.62639444170024,-2.198865883651428,0.67691912811151,-0.29582608823010753,-0.15077731075275702,0.8404039686474114,-0.4283389984186823
safe_graph_adp,812.0,-0.4573929750739482,-0.6304773651260097,-0.627128342858754,-2.1984131037040817,0.6778609795636596,-0.2961876355369591,-0.15104606766129455,0.8401675862475496,-0.42845816250603913
safe_graph_adp,814.0,-0.45550977258076814,-0.6296779405323188,-0.6292984492992133,-2.197055753249301,0.6806501748430269,-0.2972560577368826,-0.15184522260187003,0.8394628727128869,-0.4288169187990874
safe_graph_adp,816.0,-0.4523986510233444,-0.6283655569975936,-0.6328445206615619,-2.194793648500617,0.6852214881797477,-0.29900095915989944,-0.15316323700365386,0.8382960982506329,-0.42941716420025405
safe_graph_adp,818.0,-0.44806934914397706,-0.6265454415564616,-0.6377104891896568,-2.1916129939323072,0.6915222703575786,-0.3013943203134956,-0.15499481811486265,0.8366667681517709,-0.43026362745504937
safe_graph_adp,820.0,-0.4425201617685246,-0.6242132674777205,-0.6438429180577716,-2.187486898662654,0.6995101056189876,-0.30440953314179,-0.15734036060008189,0.8345682068054705,-0.43136383164115083
safe_graph_adp,822.0,-0.4357396191891161,-0.6213561208832346,-0.6511893390634275,-2.1823754395921897,0.7091505416068129,-0.3080203462496516,-0.16020553144322672,0.8319879790535145,-0.43272815566090306
safe_graph_adp,824.0,-0.4277081132623753,-0.6179533299050918,-0.6596964846872748,-2.176225318956604,0.72041482719091,-0.31219970524935825,-0.1636009693016145,0.8289081851898676,-0.43436998907731433
safe_graph_adp,826.0,-0.41839955302586657,-0.6139772321530158,-0.6693084284733586,-2.1689691405859453,0.7332775948797594,-0.3169184680639316,-0.1675420753200319,0.8253056582323849,-0.43630597988920283
safe_graph_adp,828.0,-0.40778312814089845,-0.6093939532954888,-0.6799646535596677,-2.160524311545539,0.7477144280772838,-0.3221439720211535,-0.17204887643297803,0.8211520859065019,-0.4385563786105328
safe_graph_adp,830.0,-0.39582525270714325,-0.6041642682981143,-0.6915980814252816,-2.150791562732813,0.7636992590931336,-0.3278384285724457,-0.17714594460385583,0.8164140742686761,-0.44114548438987544
safe_graph_adp,832.0,-0.382491753316784,-0.5982446159263607,-0.7041331111088114,-2.1396530731817758,0.7812015522848591,-0.3339571224716001,-0.18286235624260352,0.8110531643041629,-0.444102199602858
safe_graph_adp,834.0,-0.3677503516503765,-0.5915883347960686,-0.7174837426689463,-2.1269701791037883,0.8001832389606482,-0.3404463954889959,-0.18923167484620895,0.8050258064559712,-0.44746069768568725
safe_graph_adp,836.0,-0.3515734713296502,-0.5841471834847238,-0.731551886255571,-2.112580652225862,0.8205953877408324,-0.3472414006624739,-0.1962919359035108,0.7982832902949161,-0.451261203740293
safe_graph_adp,838.0,-0.3339413691434085,-0.5758731956618003,-0.7462259875486054,-2.096295546812533,0.8423746169131902,-0.35426362238417997,-0.20408560483285654,0.7907716171384197,-0.4555508767234839
safe_graph_adp,840.0,-0.3148455507931071,-0.5667209014621617,-0.7613801277888069,-2.0778956476754953,0.8654392845806912,-0.361418171383676,-0.21265946380084105,0.7824312927359772,-0.4603847629940919
safe_graph_adp,842.0,-0.29429238092358884,-0.5566499163854579,-0.7768737768250308,-2.057127613364498,0.8896855282812691,-0.36859088376671306,-0.22206435809524638,0.7731970068006864,-0.46582675958158404
safe_graph_adp,844.0,-0.2723067385084058,-0.5456278578512295,-0.7925523836943483,-2.033700016333737,0.9149832679120113,-0.37564528312511364,-0.23235469218166885,0.7629971600703144,-0.4719504762278033
safe_graph_adp,846.0,-0.24893550666798572,-0.5336334980237535,-0.8082489735885139,-2.0072796599131255,0.9411723335377078,-0.38241951063338686,-0.2435875030280427,0.7517532053157846,-0.47883981095239786
safe_graph_adp,848.0,-0.22425062910855542,-0.5206600032019539,-0.8237868755996046,-1.9774888348879405,0.9680589326729091,-0.3887234011816394,-0.25582084633301333,0.7393787994903144,-0.48658894646251527
safe_graph_adp,850.0,-0.19835142507383963,-0.5067180517969035,-0.8389836280609576,-1.943904610301591,0.9954127312127974,-0.39433600265283547,-0.2691111042854954,0.7257788410302144,-0.49530132694639856
safe_graph_adp,852.0,-0.171365844194026,-0.49183857473724546,-0.8536559985404565,-1.906061880094452,1.0229648931590036,0.3990040288007717,0.2835086635712133,-0.7108486194521851,0.5050869854824416
safe_graph_adp,854.0,-0.14345037409789643,-0.47607483613475116,-0.8676259220254102,-1.8634627358316787,1.0504075166034215,0.4024420406615387,0.299051241927886,-0.6944735716716204,0.5160573774874536
safe_graph_adp,856.0,-0.11478839461632225,-0.45950357993835406,-0.8807270204128202,-1.8155957595946306,1.0773950317130259,0.4043356010352605,0.31575402528024943,-0.6765305557234504,0.5283166895218185
safe_graph_adp,858.0,-0.08558690177953225,-0.44222501812683007,-0.892811242977207,-1.7619698070543324,1.1035483033586302,0.4043492385853669,0.33359585429578087,-0.6568921196714375,0.5419485606269916
safe_graph_adp,860.0,-0.05607169038379708,-0.42436152857816223,-0.903755087731355,-1.702167215392903,1.128462398426266,0.4021416797168525,0.3525012129337651,-0.6354358662147763,0.556997508291204
safe_graph_adp,862.0,-0.026481262489485673,-0.4060550574627291,-0.9134648504709433,-1.6359200455239997,1.1517191701473142,0.3973911145915455,0.3723190584696485,-0.6120613939344788,0.5734454383801011
safe_graph_adp,864.0,0.002940109576757985,-0.3874633638450714,-0.9218804138463613,-1.5632083754598418,1.172905805671182,0.3898325642035178,0.3928018744674173,-0.5867168249049147,0.5911857801697273
safe_graph_adp,866.0,0.03194962398795161,-0.36875537899223476,-0.9289772289950501,-1.4843703720750179,1.1916399683871313,0.37930671758642454,0.4135915561223004,-0.5594347260497494,0.6100010049071952
safe_graph_adp,868.0,0.06031290997483876,-0.3501060550425301,-0.9347663361038008,-1.4002003727127492,1.2076007737152186,0.36581419128835,0.4342216124140542,-0.5303726391181199,0.6295525652711376
safe_graph_adp,870.0,0.08781016135001254,-0.3316911285182465,-0.9392924841741133,-1.3119984763540515,1.2205624291828139,0.3495618776117219,0.45414506070909716,-0.49984715979839706,0.6493932355634556
safe_graph_adp,872.0,0.11424100438188536,-0.3136822159171289,-0.9426306065130379,-1.2215333974462654,1.2304245167410588,0.3309826578991925,0.47279137343831085,-0.4683458284338327,0.6690074606167922
safe_graph_adp,874.0,0.13942781805397075,-0.29624259613405396,-0.9448810548362502,-1.1308997514042691,1.2372311251638985,0.31071213980788803,0.4896438189106336,-0.4365031747600759,0.6878748979305678
safe_graph_adp,876.0,0.16321739948292552,-0.27952393311309004,-0.9461640720948031,-1.0422901807168052,1.2411721885888538,0.28951947484451956,0.504316132515004,-0.4050389348490417,0.7055403414598037
safe_graph_adp,878.0,0.1854810300452951,-0.26366407296434446,-0.9466139889739582,-0.9577420893024544,1.2425649976099544,0.26820866929386905,0.5166037816749834,-0.374673214597012,0.7216679463148268
safe_graph_adp,880.0,0.20611312562566542,-0.2487859338427498,-0.9463735724156764,-0.8789316484404918,1.2418200323821043,0.24751996645604932,0.5264947020028561,-0.34604445660939426,0.7360641473529526
safe_graph_adp,882.0,0.22502873516183475,-0.23499741055652137,-0.945588856418684,-0.8070645742360015,1.2393997079246075,0.2280587709965185,0.5341415642967681,-0.31965359642851554,0.7486678599702774
safe_graph_adp,884.0,0.2421601840565988,-0.2223921484084294,-0.9444046683408321,-0.7428709483180883,1.2357791683953088,0.21026479577693485,0.5398111044239432,-0.29584435014430016,0.7595188000867281
safe_graph_adp,886.0,0.25745315018861087,-0.21105100418557818,-0.9429609478076065,-0.6866769369556192,1.2314154301155915,0.19441757797880388,0.5438291298848348,-0.27481503305750593,0.7687186614536954
safe_graph_adp,888.0,0.27086242201693606,-0.2010440028440046,-0.9413898540241332,-0.638513989012187,1.2267271732326388,0.18066514395053568,0.5465343893116706,-0.2566494696882331,0.7763963657628753
safe_graph_adp,890.0,0.2823475336025249,-0.19243260926706188,-0.9398135778755494,-0.598232525594837,1.2220843032574205,0.16906181104839743,0.5482465570605481,-0.24135439890334018,0.7826824840548678
safe_graph_adp,892.0,0.2918684118236319,-0.18527215734976996,-0.9383427187816362,-0.5656010538941855,1.2178047875977753,0.15960524622890782,0.5492476179033369,-0.22889484117317743,0.7876930692141614
safe_graph_adp,894.0,0.29938111552495994,-0.17961430586902863,-0.9370750497127844,-0.540384222224266,1.2141559538186066,0.152267899674726,0.5497731289367385,-0.21922351364903428,0.791520716400479
safe_graph_adp,896.0,0.304833700875393,-0.17550941572794193,-0.9360944716220941,-0.5224012219817026,1.2113578083396566,0.14702164164254627,0.5500093566469163,-0.21230369088442322,0.7942301223993127
safe_graph_adp,898.0,0.30816221568516267,-0.17300876125895334,-0.9354699446543718,-0.5115694808260934,1.209586490396587,0.14385644774169667,0.550092895635662,-0.20812664012228585,0.7958557848540915
safe_graph_adp,900.0,0.3092868105667333,-0.17216649555730593,-0.9352541721997147,-0.5079393547048553,1.2089764321810879,0.1427947074302464,0.550110198280893,-0.20672533580572533,0.7964000733383172
safe_graph_adp,902.0,0.30874728791573625,-0.17117826002064593,-0.9356137640613146,-0.5062367633309806,1.209993661897134,0.1424311296047078,0.5506366385359557,-0.20597487308881923,0.7962958101593873
safe_graph_adp,904.0,0.3071561828667038,-0.16824870422207372,-0.9366682725780505,-0.501123902036424,1.212992646443254,0.14132864692989786,0.5521931593302922,-0.20372683513832598,0.7959926538544914
safe_graph_adp,906.0,0.3045614938333335,-0.1634466854608147,-0.9383642562917035,-0.4925455338644696,1.2178670928629838,0.13944668503063457,0.5547347425677491,-0.19997154415472818,0.7955095027406233
safe_graph_adp,908.0,0.30100407004921276,-0.15683496977963535,-0.9406377315779064,-0.48033708452682083,1.2245043692459616,0.13670463788877862,0.5582165618135617,-0.19465927949224426,0.7948672071511721
safe_graph_adp,910.0,0.2965191868745913,-0.14847231049538107,-0.9434152557762644,-0.46422134863602554,1.2327827626097834,0.13298027434150855,0.5625916723031185,-0.18769927228917277,0.794088055616852
safe_graph_adp,912.0,0.2911381244034066,-0.13841563572349916,-0.9466148658805893,-0.44379866336989227,1.2425677178136905,0.12810569432616747,0.5678076928842577,-0.17895631226574052,0.793194801598519
safe_graph_adp,914.0,0.2848897390843489,-0.12672228969109114,-0.9501469875024069,-0.41853096666637724,1.253706971843588,-0.5929319322447472,0.45730012763317146,0.3852683788276824,0.5393297630083891
safe_graph_adp,916.0,0.2778020161283202,-0.11345227099148866,-0.9539154166077382,-0.38772032289715974,1.2660244000732381,-0.5887973293977555,0.4558303270316369,0.39155804792402216,0.5405725788071672
safe_graph_adp,918.0,0.2699035847057447,-0.09867040385064275,-0.9578184621142675,-0.35048347292058935,1.2793123083410267,-0.584139402323297,0.4541663230510892,0.3984735357001535,0.5419713562599537
safe_graph_adp,920.0,0.2612251696395103,-0.08244836833805727,-0.9617503196283332,-0.305726430177367,1.2933218660220496,-0.5789626085497124,0.45231086354290934,0.40595849283062485,0.5435208208717194
safe_graph_adp,922.0,0.2518009438511138,-0.06486650487258462,-0.9656027243236751,-0.2521283296857627,1.3077514631392517,-0.5732731480409172,0.4502683981129328,0.4139539802142946,0.5452140585685713
safe_graph_adp,924.0,0.2416697367593081,-0.04601530018451039,-0.9692669036357406,-0.18815350100439426,1.3222331761713721,-0.5670798309709575,0.44804538421279994,0.4223984674521802,0.5470423509067689
safe_graph_adp,926.0,0.2308760468613374,-0.025996459029567723,-0.9726358183326406,-0.11212692518931096,1.336318608561869,-0.5603948791763163,0.445650532566011,0.43122799003886797,0.5489950845168203
safe_graph_adp,928.0,0.21947080359596044,-0.00492347112952709,-0.9756066450168221,-0.02242961421487659,1.3494677121923018,-0.5532346321782822,0.4430949745183969,0.4403764772993227,0.5510597459046896
safe_graph_adp,930.0,0.20751182587864517,0.017078401890563876,-0.9780834168461171,0.08211579256906062,1.361048332953006,-0.545620126006279,0.4403923352691154,0.4497762533714874,0.5532220088140158
safe_graph_adp,932.0,0.19506393353268997,0.039872768480113806,-0.9799797059982851,0.20163109490870695,1.3703595288717838,-0.5375775133539981,0.4375587001734998,0.4593587020359278,0.5554659160582918
safe_graph_adp,934.0,0.18219868354958998,0.06331339035108209,-0.9812212055979262,0.3344427202887679,1.3766939601719617,-0.5291382974165418,0.43461246647798957,0.4690550737462749,0.5577741514106928
safe_graph_adp,936.0,0.16899372498498144,0.08724607487691334,-0.9817480549174887,0.47657725363874426,1.3794446131091578,-0.5203393592468442,0.4315740797231984,0.47879740101485896,0.5601283903812361
safe_graph_adp,938.0,0.1555317924720297,0.11151109715727792,-0.9815167531638049,0.6220224032082579,1.3782322202820403,-0.5112227692756958,0.42846566208961984,0.4885194777837306,0.5625097122806891
safe_graph_adp,940.0,0.14189938593745022,0.13594602712996331,-0.9805015257398398,0.7639745670580843,1.3729975861758603,-0.501835386849991,0.4253105483363362,0.4981578509921529,0.5648990506929933
safe_graph_adp,942.0,0.1281852096410598,0.16038880061712352,-0.9786950417090496,0.8965339435348565,1.3640063789839325,-0.4922282658680465,0.4221327526962749,0.5076527694010304,0.5672776560918521
safe_graph_adp,944.0,0.11447846360941812,0.18468085063352604,-0.9761084288023051,1.0158931599463363,1.3517652032920415,-0.4824558981526611,0.4189563961292176,0.5169490364994493,0.5696275433495278
safe_graph_adp,946.0,0.10086709203006418,0.20867011016509668,-0.9727705869674951,1.1205323806794767,1.3368993762348216,-0.4725753374172741,0.41580512685634174,0.525996720964066,0.5719318984634287
safe_graph_adp,948.0,0.08743609457809756,0.2322137108402431,-0.9687268561688243,1.2106824498009998,1.3200473742972578,-0.4626452541567094,0.41270156760627574,0.5347516889232551,0.574175422754512
safe_graph_adp,950.0,0.07426599788406975,0.25518023153457725,-0.9640371419153118,1.2875858361342971,1.3017963119044238,-0.4527249746852025,0.4096668204305571,0.5431759358589837,0.5763445985157818
safe_graph_adp,952.0,0.061431566892056255,0.2774513926251049,-0.9587736371634217,1.352897892408103,1.2826547375656967,-0.44287355568789205,0.4067200546833266,0.5512377106769488,0.5784278668238519
safe_graph_adp,954.0,0.04900081237563808,0.2989231394852408,-0.9530182983903377,1.4083169290087119,1.263048828314418,-0.4331489395625388,0.40387819655972124,0.5589114385623611,0.5804157151074282
safe_graph_adp,956.0,0.037034324689303684,0.3195061066728204,-0.9468602360399255,1.4554001222444761,1.243329722704862,-0.3873786153404847,0.43487373194287027,0.540710342902213,0.6070049182021021
safe_graph_adp,958.0,0.0255849382421869,0.3391254966396182,-0.9403931669594774,1.4954951113355235,1.2237845338355646,-0.39059749907614,0.4211757037649482,0.5566134722022161,0.600188356132105
safe_graph_adp,960.0,0.014697708945317372,0.35772043975631507,-0.9337130524590022,1.5297322862200111,1.2046474456671912,-0.3923082182142188,0.4087580384627539,0.5705856741274034,0.5945108210909568
safe_graph_adp,962.0,0.0044101698530334904,0.37524292398478937,-0.9269160147506423,1.559044028403143,1.1861095332290703,-0.3928706221173194,0.39751509999948414,0.5829036458505671,0.5897946754622894
safe_graph_adp,964.0,-0.005247180774616567,0.39165639247092776,-0.9200965913047268,1.5841929340493142,1.1683270142699662,-0.39257403300650867,0.38734978831245276,0.5937876151298598,0.5858856869916659
safe_graph_adp,966.0,-0.014250209811015881,0.40693410697179666,-0.9133463549516186,1.6058004929988317,1.1514280625526658,-0.39165139717855724,0.37817643063682566,0.6034133676148533,0.5826526222223464
safe_graph_adp,968.0,-0.02258034871387253,0.4210573665873917,-0.906752900130157,1.6243727305280042,1.1355184334303434,-0.3902909264926322,0.36992133429691804,0.6119218747429479,0.5799851880355106
safe_graph_adp,970.0,-0.030223708709701924,0.43401365732099884,-0.9003991740837404,1.6403217764330333,1.120686150700208,-0.38864540501776434,0.36252224697312646,0.6194267307796835,0.5777913938470588
safe_graph_adp,972.0,-0.0371701515863493,0.44579479103387026,-0.8943631164790483,1.6539834174932964,1.1070054633311561,-0.3868395361726282,0.35592739773015136,0.6260197787116772,0.5759948762450681
safe_graph_adp,974.0,-0.04341234780008281,0.45639507448375827,-0.8887175614588976,1.6656311030392446,1.0945402356625396,-0.3849757206616319,0.3500944659669936,0.6317753072092378,0.5745324365090415
safe_graph_adp,976.0,-0.048944845044130145,0.46580953189271235,-0.8835303515677876,1.675486971662812,1.0833468966952202,-0.3831386039092651,0.34498964637694735,0.6367531440164029,0.5733518881737414
safe_graph_adp,978.0,-0.053763162237072545,0.4740321888631632,-0.8788646120466272,1.6837304308188321,1.0734770453945381,-0.3813986646455465,0.34058688342556687,0.6410009016818897,0.5724102353103565
safe_graph_adp,980.0,-0.05786291657163123,0.4810544119421802,-0.8747791353460528,1.6905047358145142,1.064979788361617,-0.3798150533600443,0.3368673017147404,0.6445555672874494,0.571672167378552
safe_graph_adp,982.0,-0.06123898509346193,0.4868632868301799,-0.8713288280790651,1.6959219182481198,1.057903871794694,-0.37843783617435706,0.33381883772607057,0.647444573786781,0.5711088439211387
safe_graph_adp,984.0,-0.0638846973695091,0.4914400090002986,-0.8685651748693317,1.7000663206869977,1.0522996594007155,-0.3773097562164265,0.3314360720697789,0.6496864465384136,0.5706969416241393
safe_graph_adp,986.0,-0.0657910521751111,0.49475825307429977,-0.8665366746240801,1.7029969072989164,1.0482210001708763,-0.3764675886094508,0.3297202632320083,0.6512910824675636,0.5704179420732047
safe_graph_adp,988.0,-0.06694594876945945,0.496782481423994,-0.8652892037310856,1.7047484366284444,1.0457270232981892,-0.37594313377389754,0.32867959085672677,0.6522596882676289,0.5702576485971333
safe_graph_adp,990.0,-0.06733342226906139,0.4974661479797454,-0.8648662566314691,1.7053314966596602,1.0448838906800357,-0.3757638635749267,0.3283296277544062,0.6525843751371802,0.5702059344629038
safe_graph_adp,992.0,-0.06695829946215992,0.49798853717132296,-0.8645947044593215,1.7044522378621811,1.0443432044305483,-0.3754431162733782,0.32834055206015994,0.6524351550950557,0.5705815600874731
safe_graph_adp,994.0,-0.06584560393595701,0.4995326007928491,-0.8637890582702706,1.7018551887413835,1.0427420373910592,-0.37449458623885407,0.32837021581759845,0.651993714181266,0.5716913528380598
safe_graph_adp,996.0,-0.06401837807690633,0.502055650684844,-0.862462619992206,1.6976244112615226,1.0401153618148435,-0.3729440982804468,0.3284087649316253,0.6512732699524353,0.5735010989695933
safe_graph_adp,998.0,-0.06149445736988907,0.5055197090912706,-0.860620854635222,1.691847582896904,1.036487583274317,-0.37081502407267536,0.3284403937109521,0.6502877335948597,0.5759765526799131
safe_graph_adp,1000.0,-0.05828723157440534,0.5098906188784696,-0.8582622882400945,1.6846154715507635,1.031874067153898,-0.36812871922387735,0.32844420088195686,0.6490516333037116,0.5790834398386686
safe_graph_adp,1002.0,-0.05440634621218745,0.5151371672418685,-0.8553792424520615,1.6760214968857656,1.026282522698031,-0.36490494655342337,0.32839495283859954,0.6475800553261564,0.5827874457079096
safe_graph_adp,1004.0,-0.049858365319977664,0.521230215800453,-0.8519584529448798,1.666161343415266,1.0197142836179338,-0.3611622822919203,0.32826378157822517,0.6458885912941583,0.5870541910162148
safe_graph_adp,1006.0,-0.0446474147633484,0.5281418295169867,-0.8479816131670541,1.6551325957412382,1.0121655200344788,-0.35691850267613273,0.32801884129299463,0.6439932819047691,0.591849199598811
safe_graph_adp,1008.0,-0.03877582377249156,0.5358443977382876,-0.8434258810964107,1.6430343721013498,1.0036284126585615,-0.3521909492422733,0.3276259441706602,0.6419105487468867,0.5971378596149978
safe_graph_adp,1010.0,-0.03224478065021428,0.5443097426674317,-0.8382643844027575,1.629966938574109,0.9940923164563648,-0.346996872007629,0.327049192657604,0.6396571080720644,0.6028853792320842
safe_graph_adp,1012.0,-0.02505501666182424,0.5535082137197146,-0.832466758186107,1.616031292600393,0.9835449374396811,-0.34135375063688056,0.32625162227418514,0.6372498625298985,0.6090567367620379
safe_graph_adp,1014.0,-0.01720752975064425,0.5634077705027657,-0.8259997488238018,1.6013287106455507,0.9719735424474478,-0.3352795945579849,0.32519586604243744,0.6347057693012025,0.6156166246924389
safe_graph_adp,1016.0,-0.008704356707999069,0.5739730626406894,-0.8188279169258748,1.5859602605927965,0.9593662176004281,-0.3287932237371843,0.3238448486538281,0.6320416856144686,0.622529386993506
safe_graph_adp,1018.0,0.00045060147143519255,0.5851645213393712,-0.8109144713987896,1.5700262845829385,0.945713186254163,-0.321914532331612,0.32216251560119646,0.6292741952486143,0.6297589496064643
safe_graph_adp,1020.0,0.01025070131765557,0.5969374853789917,-0.8022222645077248,1.5536258622793666,0.9310081914832545,-0.3146647375819732,0.32011459952031246,0.6264194222045818,0.6372687451784339
safe_graph_adp,1022.0,0.02068563223190929,0.609241392876676,-0.7927149738871179,1.5368562677640614,0.9152499411698312,-0.30706661595662554,0.31766942279868216,0.6234928401375572,0.6450216348936685
safe_graph_adp,1024.0,0.03174045958002407,0.6220190792181794,-0.7823584909197426,1.5198124353430613,0.8984436054817373,-0.2991447276031945,0.31479873196253166,0.6205090882209301,0.652979832565465
safe_graph_adp,1026.0,0.04339465846986229,0.6352062302568569,-0.7711225250627535,1.50258645041499,0.8806023468856715,-0.2909256285447526,0.31147855530882707,0.6174818056815883,0.6611048388045362
safe_graph_adp,1028.0,0.055621170822858126,0.648731047139246,-0.7589824199768476,1.4852670812716424,0.8617488520249568,-0.28243806779352915,0.30769007062100356,0.6144234981100681,0.6693573957703663
safe_graph_adp,1030.0,0.0683855282233247,0.6625141835379332,-0.7459211594670595,1.4679393663723488,0.8419168232564215,-0.27371316377197785,0.30342046461138455,0.6113454486158781,0.6776974753454501
safe_graph_adp,1032.0,0.0816450920895174,0.6764690160115056,-0.731931519552287,1.4506842694492437,0.8211523761810998,-0.2647845513818004,0.29866376014588947,0.6082576857967024,0.686084315076724
safe_graph_adp,1034.0,0.09534846959861087,0.6905023019615886,-0.7170182984631214,1.4335784119935389,0.7995152792815222,-0.2556884881316673,0.2934215817110456,0.6051690181981252,0.6944765164037211
safe_graph_adp,1036.0,0.10943516689894389,0.7045152657350544,-0.7012005309410897,1.4166938895040628,0.7770799642905158,-0.24646390542409444,0.28770382459489713,0.6020871414205727,0.7028322180809407
safe_graph_adp,1038.0,0.12383553877692437,0.7184051309518227,-0.6845135697397995,1.4000981746097885,0.7539362328728147,-0.23715238997897586,0.2815291897007764,0.5990188193687759,0.7111093539785016
safe_graph_adp,1040.0,0.13847108466583186,0.732067086294044,-0.667010899368531,1.383854107046396,0.7301895883032539,-0.22779808099100626,0.27492554475963643,0.5959701355820618,0.7192659985219174
safe_graph_adp,1042.0,0.15325512385470694,0.7453966343648714,-0.6487655389197247,1.3680199676707971,0.7059611314500092,-0.2184474714160713,0.2679300749061678,0.5929468045562113,0.7272607951479841
safe_graph_adp,1044.0,0.16809385814767852,0.7582922320353682,-0.6298708960476325,1.3526496313822387,0.6813869791943028,-0.20914910695220063,0.26058919187686086,0.5899545270638452,0.7350534539303494
safe_graph_adp,1046.0,0.18288779951279696,0.7706580906767657,-0.6104409554279667,1.337792792072513,0.6566171900589677,-0.19995318366942338,0.25295818177404666,0.5869993684129224,0.7426052949561162
safe_graph_adp,1048.0,0.19753350631203706,0.7824069715341601,-0.5906097228955993,1.3234952515844727,0.6318142146030852,-0.1909110542834304,0.24510058607615356,0.5840881350867415,0.7498798053744398
safe_graph_adp,1050.0,0.211925538553413,0.793462790999472,-0.5705298987854834,1.3097992641034524,0.6071509240850731,-0.18207466279600032,0.2370873282674348,0.5812287239102203,0.7568431716309723
safe_graph_adp,1052.0,0.22595851488083513,0.803762847312454,-0.5503708157533647,1.296743927389164,0.5828083059846811,-0.1734959363874293,0.22899561730642576,0.578430419163819,0.7634647454188482
safe_graph_adp,1054.0,0.23952913610485563,0.8132594965823184,-0.5303157400789982,1.2843656126997052,0.5589729447191523,-0.16522617069838225,0.22090767685374635,0.5757041169339098,0.7697174030569771
safe_graph_adp,1056.0,0.2525380352022018,0.8219211411938033,-0.510558692448662,1.2726984260743637,0.5358344260984909,-0.15731544879593007,0.21290936331430066,0.5730624620510388,0.775577763458466
safe_graph_adp,1058.0,0.26489132317713376,0.8297324435896138,-0.4913009861177519,1.2617746947342723,0.513582811632723,-0.14981213439993749,0.20508874421562015,0.5705198904573732,0.781026238979909
safe_graph_adp,1060.0,0.2765017230029292,0.8366937364064785,-0.4727477008242108,1.251625473640324,0.49240632232350945,-0.14276247614462895,0.19753470987522748,0.5680925777485966,0.7860469050295402
safe_graph_adp,1062.0,0.2872892169474963,0.8428196579110608,-0.4551043067961198,1.2422810686365786,0.47248935160323485,-0.13621035218006727,0.19033568533571216,0.5657983018833095,0.7906271867528527
safe_graph_adp,1064.0,0.2971811713769262,0.8481370917974538,-0.4385736253998814,1.2337715740377677,0.45401089599334504,-0.13019717421982066,0.18357849683944,0.5636562337184862,0.7947573727331108
safe_graph_adp,1066.0,0.3061119425937711,0.852682526585538,-0.4233532655562855,1.2261274239379267,0.4371434534712906,-0.1247619584708378,0.17734742920532917,0.561686672493994,0.7984299750231115
safe_graph_adp,1068.0,0.31402200293140314,0.8564989688108473,-0.4096336144665192,1.2193799578823108,0.4220523975831527,-0.11994155904357312,0.1717234893875446,0.5599107444288457,0.8016389610541012
safe_graph_adp,1070.0,0.32085665510617384,0.8596325457942533,-0.3975963947087156,1.213562002824779,0.40889579382576796,-0.11577104852883927,0.16678386934340822,0.5583500813770461,0.8043788857718855
safe_graph_adp,1072.0,0.3265644234750071,0.8621289207616198,-0.38741373401938217,1.2087084744615122,0.3978245866052129,-0.11228422113991332,0.1626015799088694,0.5570264935114272,0.8066439520758254
safe_graph_adp,1074.0,0.33109522397583296,0.8640296203018505,-0.37924763400901135,1.2048570020634897,0.3889830517131256,-0.1095141863703293,0.15924520790610813,0.5559616459532293,0.8084270251368155
safe_graph_adp,1076.0,0.3343984223182137,0.8653683476588335,-0.37324967249993635,1.202048581792948,0.38250938098057297,-0.10749401526640258,0.15677873178061552,0.5551767449219708,0.8097186226344392
safe_graph_adp,1078.0,0.33642089565458294,0.8661673315922679,-0.3695607320174839,1.2003282641376207,0.37853624175617084,-0.10625739656346517,0.15526131673140323,0.5546922351174023,0.8105058997335219
safe_graph_adp,1080.0,0.3371052201440218,0.866433745809261,-0.3683105139343476,1.1997458814616122,0.3771911327538709,-0.10583925530276,0.15474699830139746,0.5545275073832645,0.8107716460933795
safe_graph_adp,1082.0,0.33626171081858247,0.8668620555364072,-0.36807368624849424,1.2007583705271407,0.3769364107821132,-0.10584690326385526,0.1545901717661041,0.5549513702875553,0.8105105110229869
safe_graph_adp,1084.0,0.33375641958629837,0.8681289528105892,-0.3673673552139938,1.2037623142915888,0.3761768630367422,-0.10586774811588975,0.15412351343372024,0.5562083537791362,0.8097346662345757
safe_graph_adp,1086.0,0.32963373662379875,0.8701960190798789,-0.3661973348578105,1.2086948169714573,0.3749191913847211,-0.10589649363810286,0.1533535921005124,0.5582703713058488,0.8084570495376082
safe_graph_adp,1088.0,0.3239236886869432,0.8730219825246112,-0.3645628367459333,1.2155043532393914,0.37316328695426887,-0.10592542278100628,0.15228397829545365,0.5611129526316766,0.8066855949824174
safe_graph_adp,1090.0,0.31664428623948204,0.8765621089888818,-0.3624572596553323,1.2241485023613556,0.3709030897466678,-0.10594449897680018,0.150915757959728,0.5647143444961354,0.804423959275391
safe_graph_adp,1092.0,0.3078037534480536,0.8807674107156354,-0.3598688894369242,1.2345917561365392,0.36812736427095727,-0.10594140946617157,0.14924803358519312,0.5690546087564236,0.8016721864230715
safe_graph_adp,1094.0,0.2974027244095174,0.885583727997439,-0.35678155812759527,1.2468033590599457,0.3648204407136466,-0.10590157634607991,0.14727843119193415,0.5741147110995188,0.7984273406717571
safe_graph_adp,1096.0,0.2854364821307362,0.8909507372895705,-0.3531753082988683,1.2607551460429756,0.3609629677902811,-0.10580816021803169,0.1450036299614006,0.579875595479452,0.7946841349219471
safe_graph_adp,1098.0,0.27189730806842854,0.8968009438550311,-0.3490271063482999,1.2764193524332235,0.35653272046286066,-0.10564208182647307,0.14241992891910055,0.5863172433183798,0.7904355790205695
safe_graph_adp,1100.0,0.2567769983078553,0.9030587264772478,-0.3443116461482228,1.293766383147758,0.3515055023452639,-0.10538208840655787,0.13952386150497,0.5934177221121849,0.7856736692781554
safe_graph_adp,1102.0,0.2400695862677967,0.9096395149105836,-0.3390022812053734,1.3127625426679599,0.3458561779076595,-0.1050048929906672,0.13631286384800956,0.6011522353078756,0.7803901367789812
safe_graph_adp,1104.0,0.22177428963269546,0.9164491958488561,-0.33307211814545284,1.3333677454644377,0.3395598624730294,-0.10448541588609189,0.13278599576444255,0.6094921939717504,0.7745772670840902
safe_graph_adp,1106.0,0.2018986697091027,0.9233838579072415,-0.32649529571807606,1.3555332467905024,0.3325932874004371,-0.10379715699895593,0.12894470474184622,0.6184043404314743,0.7682287973341572
safe_graph_adp,1108.0,0.1804619538916347,0.9303299972012847,-0.31924846045841954,1.379199455806699,0.3249363428423746,-0.10291272457589125,0.12479361252938817,0.6278499640248836,0.7613408882138041
safe_graph_adp,1110.0,0.1574984268859495,0.9371653084531467,-0.31131243174722306,1.4042939150590323,0.31657378051160345,-0.10180453917453078,0.12034129190576448,0.6377842582092137,0.7539131576292034
safe_graph_adp,1112.0,0.13306074603879206,0.9437601774101447,-0.3026740249812862,1.4307295500095347,0.3074970341743216,-0.10044572034257455,0.11560098876219124,0.6481558750623245,0.745949750508878
safe_graph_adp,1114.0,0.10722298516061647,0.9499799639692752,-0.2933279726009449,1.458403306460376,0.2977060873433332,-0.09881114714099705,0.11059123345447482,0.6589067358152515,0.7374604055683183
safe_graph_adp,1116.0,0.0800831667674659,0.9556881180732253,-0.28327885091222615,1.4871952987371517,0.2872112884698415,-0.09687866267467278,0.10533627764722107,0.6699721525762803,0.7284614664497361
safe_graph_adp,1118.0,0.0517650141463684,0.960750100999038,-0.2725428897270385,1.5169685839352325,0.27603498785331476,-0.09463036873592272,0.0998662911185939,0.6812813052073513,0.7189767731895709
safe_graph_adp,1120.0,0.02241865258432937,0.965037995998557,-0.26114951712647694,1.5475696548156856,0.2642128526942237,-0.0920539323995943,0.09421725959394557,0.6927580975365373,0.7090383627293629
safe_graph_adp,1122.0,-0.007779977015961545,0.9684355925476256,-0.24914247940598286,1.5788297052811857,0.25179471280297006,-0.08914380600891628,0.08843054120271998,0.7043223891731505,0.6986869065198403
safe_graph_adp,1124.0,-0.03863115349575669,0.9708436313689015,-0.2365803825553416,1.6105666695399714,0.2388448042328697,-0.08590225017427772,0.08255206564737909,0.7158915652563796,0.6879718211286836
safe_graph_adp,1126.0,-0.06991490548462613,0.9721848206224754,-0.22353653066628984,1.6425879737727564,0.2254413139875043,-0.08234005052835588,0.07663119459018446,0.7273823703926253,0.6769510051227302
safe_graph_adp,1128.0,-0.1013959361683966,0.9724081957344929,-0.21009798903588411,1.6746938746848672,0.21167518472677269,-0.07847683578008875,0.07071929984484088,0.7387129000590511,0.6656901818126408
safe_graph_adp,1130.0,-0.13282968627627503,0.9714924109541284,-0.1963638711735974,1.7066812016753294,0.1976482084114567,-0.07434093704874127,0.06486815174372836,0.7498046185690577,0.6542618603744051
safe_graph_adp,1132.0,-0.1639691366781134,0.9694476259414494,-0.18244293018235047,1.738347277329874,0.18347051243160836,-0.06996877310888477,0.05912823703381368,0.7605842622118406,0.6427439633715596
safe_graph_adp,1134.0,-0.19457185047599523,0.9663157795962803,-0.168450613253796,1.769493771409943,0.16925760900226172,-0.06540379651458478,0.053547138353778514,0.7709854922189645,0.6312182017048313
safe_graph_adp,1136.0,-0.2244067140165751,0.962169207870933,-0.15450579966235772,1.7999302497514307,0.1551272268764975,-0.06069508326341199,0.04816810280227265,0.7809501846345369,0.6197683033677666
safe_graph_adp,1138.0,-0.25325986589321914,0.957107735662402,-0.14072747657418513,1.829477210418191,0.14119616532844365,-0.055895685528163035,0.04302890579553369,0.7904292797035346,0.6084782160379508
safe_graph_adp,1140.0,-0.28093939764108883,0.9512545258207316,-0.12723160754559798,1.8579684498807902,0.1275774008373217,-0.051060887027114185,0.038161082200398405,0.7993831563310793,0.5974304034742959
safe_graph_adp,1142.0,-0.30727855144539223,0.9447510763544068,-0.11412841692063908,1.8852526638453004,0.11437763988681995,-0.046246501416260695,0.03358955588254433,0.8077815406768772,0.5867043423940713
safe_graph_adp,1144.0,-0.3321373027324819,0.937751805961942,-0.10152025683925228,1.9111942515215006,0.10169545470098394,-0.041507337204138385,0.029332658381430104,0.8156029956532279,0.5763753027255601
safe_graph_adp,1146.0,-0.35540237160270877,0.9304186567134403,-0.0895001536240455,1.9356733502725902,0.08962007323862223,-0.03689592283238207,0.025402493573250005,0.8228340653628867,0.5665134641621438
safe_graph_adp,1148.0,-0.37698583422544846,0.9229160810874474,-0.07815105926045257,1.9585851736030262,0.07823083111443828,-0.03246154914301857,0.021805581958963316,0.8294681631673123,0.5571833905587202
safe_graph_adp,1150.0,-0.39682259001757597,0.9154066859808441,-0.06754577198693593,1.979838756064139,0.06759723988308043,-0.02824964988963518,0.01854370707218323,0.8355042943856178,0.5484438551687174
safe_graph_adp,1152.0,-0.4148669790811537,0.9080476982667952,-0.057747444449540344,1.9993552234535186,0.05777958842493825,-0.024301509342377046,0.01561488655720432,0.8409456967357538,0.5403479870445579
safe_graph_adp,1154.0,-0.4310888417581889,0.9009883121706863,-0.04881057102105311,2.017065707440258,0.04882997346504525,-0.02065426245020787,0.013014399236139194,0.8457984667115547,0.5329436936145727
safe_graph_adp,1156.0,-0.445469278323311,0.8943678902362653,-0.04078233667214574,2.032909013617012,0.04079364999835619,-0.017341138425435523,0.010735813782531757,0.8500702214900144,0.5262743065706841
safe_graph_adp,1158.0,-0.457996313773522,0.8883149230320226,-0.033704214699011,2.046829134630243,0.033710599148967894,-0.014391892282669023,0.008771981350067836,0.8537688265742402,0.5203793967383443
safe_graph_adp,1160.0,-0.4686606116426958,0.8829466087126435,-0.02761371502598579,2.058772678989481,0.027617225553071445,-0.011833369006154181,0.007115971173715387,0.8569012012919592,0.5152957069068365
safe_graph_adp,1162.0,-0.4774513206820109,0.8783688889426365,-0.022546204041515888,2.0686862643634836,0.02254811463552591,-0.00969014938818171,0.005761943088637721,0.8594721987085149,0.5110581578096853
safe_graph_adp,1164.0,-0.48435208514955785,0.8746767671512851,-0.018536736958052916,2.0765139038823124,0.018537798692168896,-0.00798523293552295,0.004705963213044659,0.861483543943247,0.5077008897768316
safe_graph_adp,1166.0,-0.489337206792806,0.8719547324806636,-0.015621861374021877,2.082194396761179,0.015622496843632585,-0.006740719609872506,0.003946778444581291,0.8629328052266366,0.5052583094841074
safe_graph_adp,1168.0,-0.49236791599985463,0.8702771121565376,-0.013841363749188323,2.0856587215445312,0.013841805749768976,-0.005978456933977606,0.0034865720312285318,0.8638123649354635,0.5037661164198733
safe_graph_adp,1170.0,-0.49338869178305467,0.8697081711043324,-0.013239937120817995,2.0868274223175844,0.013240323969194006,-0.005720620840130884,0.0033317265275176356,0.8641083528643113,0.5032622860951099
safe_graph_adp,1172.0,-0.49524771387317656,0.8686588656903699,-0.012707358534009875,2.0889623055519873,0.01270770054980246,-0.005493908698456814,0.0031918391638891134,0.8646465573281027,0.5023404821738189
safe_graph_adp,1174.0,-0.5007382559576926,0.8655271863323621,-0.011130531884531256,2.0952836146900293,0.011130761721940085,-0.004820972071881278,0.002780534593554452,0.8662340310829518,0.49960747617448215
safe_graph_adp,1176.0,-0.5096797727322937,0.8603217060428754,-0.008549349626353148,2.1056305273402818,0.008549453777071156,-0.00371395938343575,0.002116526485932631,0.8688126418749794,0.4951225304301465
safe_graph_adp,1178.0,-0.5218765273543077,0.8530063785545887,-0.005000834109811023,2.119853311653366,0.005000854953807044,-0.0021811696838611957,0.0012225478917933816,0.8723168971502308,0.4889345342902835
safe_graph_adp,1180.0,-0.5371117537237141,0.8435109316249922,-0.0005217671646385798,2.1378056989986742,0.0005217671883129828,-0.00022870965477857382,0.00012550753749081633,0.8766731780485332,0.4810863444643142
safe_graph_adp,1182.0,-0.5551409968854931,0.8317421274932426,0.004848394579164396,2.1593366452167135,-0.004848413574510659,0.002137666916427979,-0.0011433053789857539,0.8817988383387432,0.4716194779029041
safe_graph_adp,1184.0,-0.5756856367294232,0.8175962480955485,0.011064482071968963,2.1842818522255656,-0.011064707841818929,0.004910575434785707,-0.002548112349400172,0.8876014451814319,0.46057905714891956
safe_graph_adp,1186.0,-0.5984276859999327,0.8009729605353322,0.018072662228657842,2.2124555061944906,-0.018073646192150346,0.008078944931343644,-0.004048777281843035,0.8939784395624363,0.44801884742589787
safe_graph_adp,1188.0,-0.6230070186377621,0.781790387641922,0.025807838320567586,2.243642802413742,-0.025810704041107056,0.011626012139706153,-0.005601312936808893,0.9008174812981069,0.4340061365036747
safe_graph_adp,1190.0,-0.6490221502256864,0.760000772928108,0.0341917192475745,2.2775939344683533,-0.034198384861260124,0.015527540778766042,-0.007158866141735193,0.9079977014003989,0.4186261104667511
safe_graph_adp,1192.0,-0.6760354791646794,0.7356056488664718,0.0431318938410928,2.314020281822322,-0.04314527852619336,0.019750485326132806,-0.008673229281671366,0.91539200055286,0.4019852966801678
safe_graph_adp,1194.0,-0.7035834505248524,0.7086689958929604,0.05252220870837268,2.352593488544796,-0.05254638654068359,0.02425233300000152,-0.010096841791079447,0.9228704020870276,0.38421361126544024
safe_graph_adp,1196.0,-0.731191427751887,0.6793266528344425,0.06224463616176315,2.392947949972666,-0.0622848997817901,0.028981324882111515,-0.011385143656212304,0.9303043009574185,0.36546459326743824
safe_graph_adp,1198.0,-0.7583922384256205,0.6477903392980752,0.07217263337208452,2.4346869035664422,-0.07223543723544203,0.033877667747682715,-0.01249904371300737,0.9375712736208756,0.34591355049371414
safe_graph_adp,1200.0,-0.7847465715610367,0.614345149426912,0.0821757616260663,2.4773918857079145,-0.08226853065335414,0.03887570906798766,-0.01340719673750032,0.9445599678454303,0.3257535778221674
safe_graph_adp,1202.0,-0.8098628626889836,0.5793402354669136,0.09212510627589995,2.520634842004358,-0.0922559179893371,0.04390688516168509,-0.014087771401491724,0.951174519234736,0.30518970181004945
safe_graph_adp,1204.0,-0.8334141957265793,0.5431734507316185,0.10189887527212903,2.563991768399744,-0.10207604683546002,0.04890310745764047,-0.014529449443826788,0.9573379721718704,0.28443169341284175
safe_graph_adp,1206.0,-0.8551501524142393,0.5062717057327725,0.11138750738001181,2.607056516445285,-0.11161913704936634,0.05380016631121847,-0.014731516711775743,0.9629943191018784,0.2636863020669931
safe_graph_adp,1208.0,-0.8749023699119592,0.4690694462736541,0.12049770825606934,2.6494533838923147,-0.12079122853409327,0.05854073239880003,-0.014703059565807084,0.9681089840484821,0.24314974335629574
safe_graph_adp,1210.0,-0.8925836094634919,0.4319878218684643,0.12915503038776524,2.690847335017564,-0.12951682580624602,0.06307662223094795,-0.01446142480625854,0.9726678117036253,0.22300119953979697
safe_graph_adp,1212.0,-0.9081811241196148,0.3954167668810572,0.13730486612704018,2.7309510942077044,-0.1377399940377906,0.06737013995134647,-0.014030201290340683,0.9766748258819616,0.20339789129469502
safe_graph_adp,1214.0,-0.9217458165889201,0.35970150363558406,0.14491196597632947,2.7695288311025146,-0.14542399874921674,0.07139447038528626,-0.013437017456040602,0.9801491492912424,0.18447200683015422
safe_graph_adp,1216.0,-0.933378989007636,0.3251341166001244,0.15195877434929494,2.806396600453995,-0.15254976144962373,0.07513323769777294,-0.012711423312478466,0.9831215154909331,0.16632949855402054
safe_graph_adp,1218.0,-0.9432184219877442,0.29195005496983534,0.15844296710823091,2.8414200355785373,-0.15911349996833773,0.07857943395786085,-0.011883057005465205,0.985630764510766,0.14905053359512038
safe_graph_adp,1220.0,-0.951425188880155,0.2603288431218523,0.16437458259475346,2.8745099842764863,-0.16512393612243131,0.08173395557707012,-0.01098021033103602,0.9877206231628273,0.13269124336461705
safe_graph_adp,1222.0,-0.9581721540593523,0.2303979674105298,0.16977308325631993,2.905616824975294,-0.17059940518259456,0.0846039720433854,-0.0100288270462337,0.9894369609316973,0.1172863627401154
safe_graph_adp,1224.0,-0.9636346456516932,0.2022388389551023,0.1746645977805122,2.9347241409495575,-0.17556511934646435,0.08720130785847434,-0.009051906522164794,0.9908256081743955,0.10285236546587076
safe_graph_adp,1226.0,-0.9679834145076446,0.17589383702376019,0.17907950004168643,2.9618423049309968,-0.18005074672610175,0.08954096302409341,-0.008069247946658845,0.9919307407734663,0.08939076399100543
safe_graph_adp,1228.0,-0.971379726618741,0.1513736377380426,0.18305039883062826,2.987002375560257,-0.1840883860601413,0.09163984360105412,-0.007097454755783047,0.9927937799187504,0.07689132431818241
safe_graph_adp,1230.0,-0.9739722842200152,0.12866426178586984,0.18661054983666664,3.010250560881736,-0.18771095455806655,0.09351572980931737,-0.006150119548965737,0.9934527256691891,0.06533503017695132
safe_graph_adp,1232.0,-0.975895610054174,0.1077334880017916,0.18979266013194346,3.031643380097707,-0.19095096401666836,0.09518647775778477,-0.00523812000211656,0.9939418328684685,0.05469670396815285
safe_graph_adp,1234.0,-0.9772695315907636,0.08853645384713223,0.1926280326550216,3.051243560203635,-0.1938396362885119,0.09666943161656856,-0.004369970814460437,0.9942915413250093,0.04494724903203488
safe_graph_adp,1236.0,-0.978199441197041,0.07102039210270297,0.19514598931921442,3.0691166387578965,-0.19640629905981805,0.0979810135226841,-0.0035521917354556357,0.9945285830645568,0.03605551817055287
safe_graph_adp,1238.0,-0.9787770640501983,0.05512853863695862,0.1973735116904683,3.0853282036739835,-0.198678002182428,0.09913645588711821,-0.002789665051551265,0.9946762034923724,0.02798983903209036
safe_graph_adp,1240.0,-0.9790815243332012,0.04080329690135811,0.19933504376138872,3.0999416797711605,-0.20067929962143452,0.10014964243772526,-0.0020859666381520254,0.9947544475446115,0.02071924112980926
safe_graph_adp,1242.0,-0.9791805540682573,0.02798877003129083,0.2010524093034357,3.113016564100083,-0.20243214952071434,0.10103302824785926,-0.001443662670040064,0.9947804747140063,0.014214435231082708
safe_graph_adp,1244.0,-0.9791317341056348,0.016632779528546665,0.20254480470366906,3.1246070128092756,-0.20395589300085679,0.10179761374310414,-0.0008645696363361378,0.9947688774645904,0.0084485965338881
safe_graph_adp,1246.0,-0.978983692289058,0.006688487294119188,0.20382883596243037,3.1347606876611773,-0.20526727991021712,0.10245295235608294,-0.0003499789011867217,0.9947319858430701,0.003398000734724298
safe_graph_adp,1248.0,-0.9787772101550682,-0.0018842696549664312,0.204918575070511,-3.1396675297642167,-0.20638051622737696,0.1030071756151002,9.915081461290617e-05,0.9946801472064526,-0.0009574415208055432
safe_graph_adp,1250.0,-0.9785462078596586,-0.009117831564983634,0.2058256160710668,-3.1322751909753124,-0.20730731289536414,0.10346702277205927,0.0004820285455402803,0.9946219742084481,-0.00463371005316652
safe_graph_adp,1252.0,-0.9783185886777175,-0.01503566361943257,0.20655911470366548,-3.126224980788261,-0.20805691948673255,0.10383786451916699,0.0007978888660417671,0.9945645568349077,-0.007642221747654091
safe_graph_adp,1254.0,-0.9781169305506099,-0.019651313265108595,0.2071257976622172,-3.1215043909007605,-0.20863612827116138,0.10412371190745741,0.0010458674093431438,0.9945136356212856,-0.009989361506513581
safe_graph_adp,1256.0,-0.9779590136024825,-0.022967294374128512,0.20752992820986482,-3.1181120445071473,-0.20904923500551043,0.1043272022761998,0.0012248894046258487,0.9944737334123952,-0.011675960944592913
safe_graph_adp,1258.0,-0.9778581697204451,-0.0249738140705147,0.20777321415849637,-3.1160589032002424,-0.2092979420586223,0.1044495538216109,0.0013335668726450112,0.9944482422226,-0.0126966864277187
safe_graph_adp,1260.0,-0.9778234330994376,-0.025647251673691564,0.20785464190923364,-3.1153697468389425,-0.20938118718572188,0.10449047931282537,0.001370100560010589,0.9944394598838958,-0.013039293817425527
safe_graph_adp,1262.0,-0.9776427399372177,-0.026460006652520088,0.20860139284290122,-3.1145341509474647,-0.21014467352385546,0.10486950850327666,0.0014188925091891754,0.9943939645395361,-0.013454226758619636
safe_graph_adp,1264.0,-0.9771003979951851,-0.02887337029729714,0.21081067507440393,-3.11205119538752,-0.212404197990535,0.105991008010588,0.001565678331800443,0.9942573850110211,-0.014686974613816491
safe_graph_adp,1266.0,-0.9761883664897927,-0.03283967484798366,0.21442441298944723,-3.1079646201232776,-0.21610249804944312,0.10782587711428193,0.001813156971867685,0.9940276131510088,-0.01671517213909147
safe_graph_adp,1268.0,-0.9748843235973262,-0.03831957778539132,0.21939044090965582,-3.102306083642606,-0.2211896460319531,0.11034821651571682,0.0021678803023039354,0.9936988789837986,-0.01952202123596311
safe_graph_adp,1270.0,-0.9731531050305146,-0.045280002850663414,0.22566070883366515,-3.095097021523279,-0.2276211853842114,0.1135343691336627,0.0026399017321409274,0.9932620920150441,-0.023095335246840105
safe_graph_adp,1272.0,-0.9709479179670313,-0.053692024187849234,0.23318942328951942,-3.086350354229298,-0.23535624416499232,0.11736192264200566,0.0032424958708656706,0.992705114927914,-0.027426631770165962
safe_graph_adp,1274.0,-0.968211461739002,-0.06352867678866826,0.2419311319006011,-3.0760721087878946,-0.2443556143481291,0.12180867352560257,0.003991913515382174,0.9920130016768867,-0.03251024737574585
safe_graph_adp,1276.0,-0.9648770793641127,-0.07476268169244445,0.25183876418044554,-3.0642630122773014,-0.2545797895844882,0.1268515541684156,0.004907138174399861,0.9911682297556725,-0.03834245066504212
safe_graph_adp,1278.0,-0.9608700582379717,-0.087364086043883,0.2628616511617355,-3.050920109067952,-0.2659869631443495,0.13246552959915023,0.006009611219443821,0.9901509550023052,-0.044920533712666647
safe_graph_adp,1280.0,-0.9561091915926956,-0.10129783584628267,0.27494356185374025,-3.036038447763978,-0.27853100145928283,0.13862247873052216,0.007322893206290719,0.9889393161521273,-0.05224186629761705
safe_graph_adp,1282.0,-0.950508701682778,-0.11652132266880516,0.2880208141590323,-3.019612876950341,-0.29215942666610295,0.14529008595056442,0.008872229719330146,0.9875098148277801,-0.06030290277497908
safe_graph_adp,1284.0,-0.9439806078335055,-0.13298197374725834,0.30202054018322866,-3.0016399802459315,-0.30681146315451635,0.1524307822522075,0.010683992157808905,0.9858377940758432,-0.06909813821824304
safe_graph_adp,1286.0,-0.9364375943074765,-0.1506149859910618,0.31685920842313925,-2.982120169837931,-0.32241622703752226,0.16000078979780452,0.012784968214975071,0.983898034219746,-0.07861901875717187
safe_graph_adp,1288.0,-0.9277963919174008,-0.1693413352213299,0.3324415246784159,-2.9610599427179776,-0.338891161508007,0.16794933839500814,0.015201484426837593,0.9816654780677179,-0.08885282085549455
safe_graph_adp,1290.0,-0.9179816324612352,-0.18906621791689093,0.34865984527388305,-2.9384742845392875,-0.3561408419706642,0.17621813460603214,0.017958354974545242,0.9791160879677271,-0.09978152537094565
safe_graph_adp,1292.0,-0.9069300678997799,-0.20967809796879902,0.3653942352740222,-2.9143891820580574,-0.37405628839347144,0.18474117127159245,0.021077667418913894,0.9762278247858271,-0.11138072403836416
safe_graph_adp,1294.0,-0.8945949716493506,-0.23104852896965103,0.3825132859923404,-2.8888441768939357,-0.392514923614772,0.19344496385835513,0.02457743704542729,0.9729817240898996,-0.12361860755227909
safe_graph_adp,1296.0,-0.8809504661689893,-0.25303289754862657,0.3998757668511391,-2.8618948622278424,-0.4113813005980884,0.20224928711781895,0.02847018582023525,0.9693630287997661,-0.13645509435649278
safe_graph_adp,1298.0,-0.8659954613275687,-0.27547218168618803,0.4173331260241675,-2.833615192714802,-0.430508685338218,0.2110684588650391,0.032761527193559695,0.9653623221359584,-0.1498411659343087
safe_graph_adp,1300.0,-0.8497568557383751,-0.29819574043113317,0.4347327759835449,-2.804099450396165,-0.449741524405237,0.21981317686663787,0.03744886049205364,0.9609765921795568,-0.16371847606977263
safe_graph_adp,1302.0,-0.8322916611130785,-0.3210250541483912,0.4519220125759031,-2.773463691066596,-0.4689187499502442,0.2283928621561113,0.04252029386482308,0.9562101521978255,-0.17801929659337565
safe_graph_adp,1304.0,-0.8136877656970884,-0.3437782292677625,0.46875233229969265,-2.7418464923620993,-0.4878777878887609,0.23671840296135335,0.04795391796488301,0.9510753411798466,-0.1926668493822485
safe_graph_adp,1306.0,-0.7940631567884903,-0.366274984760631,0.4850838469478207,-2.7094088423419844,-0.5064590485489036,0.2447051360479627,0.05371753994766184,0.945592937947517,-0.2075760535261783
safe_graph_adp,1308.0,-0.7735635639052574,-0.38834176677945637,0.5007894615233103,-2.6763330491909048,-0.5245106073858816,0.25227585651458634,0.059768957280038906,0.9397922396457026,-0.22265468840157665
safe_graph_adp,1310.0,-0.7523586436673646,-0.4098166076830679,0.5157584893786488,-2.6428206190121317,-0.5418927401190868,0.2593636224659542,0.06605680476364119,0.933710779833938,-0.23780494004047875
safe_graph_adp,1312.0,-0.730636979481174,-0.4305533637602837,0.5298994292970427,-2.6090891349327863,-0.558481971880741,0.2659141244183757,0.07252195113209399,0.9273936900500138,-0.25292526306049706
safe_graph_adp,1314.0,-0.7086002882574031,-0.4504250307191784,0.5431417155615583,-2.5753682672925695,-0.5741743372435962,0.27188742294169044,0.07909936168187298,0.920892738113523,-0.2679124579362163
safe_graph_adp,1316.0,-0.6864572934416922,-0.46932593651183757,0.5554363596290696,-2.5418951380006654,-0.5888876230494791,0.27725891834104605,0.0857202903220267,0.9142651029914428,-0.28266383829472613
safe_graph_adp,1318.0,-0.6644177300649531,-0.4871727297895583,0.5667555128313487,-2.5089093372169726,-0.602562467316594,0.282019494211391,0.09231462731848325,0.9075719666315869,-0.29707934942078135
safe_graph_adp,1320.0,-0.6426868969433666,-0.5039041994807303,0.5770910762115377,-2.476647934222072,-0.6151622990145548,0.2861748600320009,0.09881321426561272,0.9008770155566083,-0.31106349997063526
safe_graph_adp,1322.0,-0.621461077412181,-0.5194800592935236,0.5864525532880627,-2.4453408287070495,-0.6266722080136502,0.28974419346782687,0.10514994752803998,0.8942449481215653,-0.3245269844644477
safe_graph_adp,1324.0,-0.6009240327854052,-0.5338788988270518,0.5948643779956401,-2.415206753002716,-0.637096917583195,0.29275823976298687,0.11126352288943203,0.8877400773125743,-0.33738790235895366
safe_graph_adp,1326.0,-0.5812446525737841,-0.54709553612196,0.6023629538822969,-2.386450166677422,-0.6464580843420663,0.2952570569744558,0.11709872082254846,0.8814251050818867,-0.3495725161105932
safe_graph_adp,1328.0,-0.5625757392864135,-0.5591380072147465,0.608993617745102,-2.3592591948190957,-0.6547911698689025,0.29728760048199476,0.12260718491662008,0.8753601246630032,-0.3610155300765483
safe_graph_adp,1330.0,-0.5450538242422707,-0.5700244035208967,0.6148077000733824,-2.3338046650677704,-0.6621421173786657,0.29890132165876665,0.12774769682492332,0.8696018848168757,-0.37165990877347427
safe_graph_adp,1332.0,-0.528799858509378,-0.5797797267106398,0.6198598052267928,-2.310240210076674,-0.6685640331100207,0.30015192044649774,0.13248599271996944,0.8642033273412533,-0.38145628241987345
safe_graph_adp,1334.0,-0.5139205986218884,-0.5884328820778131,0.6242053841498952,-2.2887033319549497,-0.6741140242701851,0.3010933477431795,0.13679419465469927,0.8592133888736351,-0.39036200715984204
safe_graph_adp,1336.0,-0.5005105051649701,-0.5960138825114889,0.6278986272266308,-2.2693172788156932,-0.6788502922116975,0.30177810831553353,0.14064994447746335,0.8546770417537677,-0.3983399562672731
safe_graph_adp,1338.0,-0.4886539869926515,-0.6025512910030668,0.6309906676859198,-2.2521935613078274,-0.6828295279384411,0.30225587394644277,0.14403532959655235,0.8506355373039257,-0.4053571180681872
safe_graph_adp,1340.0,-0.47842784791911563,-0.6080698927592687,0.6335280576700728,-2.2374349355522805,-0.6861046116623326,0.3025723829792057,0.14693568206817562,0.8471268082729515,-0.4113830685610761
safe_graph_adp,1342.0,-0.46990382019443583,-0.6125885591230521,0.6355514589694672,-2.2251386924765577,-0.6887225811854552,0.30276857739199364,0.14933831892460006,0.84418598460173,-0.4163883745336924
safe_graph_adp,1344.0,-0.4631510951940143,-0.6161182439849356,0.6370944768631291,-2.2154001155074345,-0.6907228056387209,0.30287991138696807,0.151231275951435,0.8418459768693488,-0.4203429691111951
safe_graph_adp,1346.0,-0.4582387830110513,-0.6186600378271567,0.6381825564368331,-2.2083159924973073,-0.6921352805133688,0.3029357544976902,0.1526020722709866,0.8401380833197162,-0.42321452850934776
safe_graph_adp,1348.0,-0.45523824647647554,-0.6202031933988966,0.6388318541234733,-2.2039880879465503,-0.6929789452454762,0.30295880522869173,0.1534365314063422,0.8390925777697169,-0.4249668682334728
safe_graph_adp,1350.0,-0.45422525945880166,-0.6207230288800412,0.6390479912241113,-2.2025264932128454,-0.6932599140303057,0.3029644260868779,0.15371767773704942,0.8387392355676044,-0.42555837061024643
safe_graph_adp,1352.0,-0.45452562756828385,-0.6210861778348525,0.6384813337805199,-2.202562801858559,-0.6925234234123303,0.3026583315085358,0.15355546291274008,0.8388584705382643,-0.42559971873149455
safe_graph_adp,1354.0,-0.45541373989006045,-0.622159736555762,0.6368010582028057,-2.2026700365163436,-0.6903421907515384,0.30175148685328634,0.15307502678981952,0.8392108829837267,-0.42572194004631797
safe_graph_adp,1356.0,-0.45686420692731233,-0.6239124304922326,0.634041304258605,-2.2028448354009758,-0.6867681414617258,0.30026462631874523,0.15228776479758102,0.839786008550162,-0.4259214137819418
safe_graph_adp,1358.0,-0.4588526042618787,-0.626313768336281,0.6302264284798751,-2.2030838442505494,-0.6818448117267418,0.2982145185026036,0.15120319178516084,0.8405735523586971,-0.4261945551310117
safe_graph_adp,1360.0,-0.46135510871568863,-0.6293336365810408,0.6253723990788349,-2.2033837159792586,-0.6756086767103281,0.2956145760951203,0.14982923397709397,0.8415632804511386,-0.4265377685999893
safe_graph_adp,1362.0,-0.4643481037634085,-0.6329418477012385,0.6194880595781238,-2.20374111030788,-0.6680903869043087,0.29247541921727216,0.148172499682712,0.8427448974746041,-0.4269473940334765
safe_graph_adp,1364.0,-0.4678077634838405,-0.6371076561768125,0.612576306157148,-2.2041526933779214,-0.6593159395923682,0.288805406756217,0.14623853538371523,0.8441079152044163,-0.42741964775435376
safe_graph_adp,1366.0,-0.47170962305612363,-0.6417992546927493,0.6046352191132115,-2.204615137354978,-0.6493078094453916,0.2846111485057047,0.14403207312264302,0.8456415159156127,-0.42795056095091394
safe_graph_adp,1368.0,-0.4760281437878577,-0.6469832626190498,0.5956591846120532,-2.2051251200264574,-0.6380860591036616,0.2798980093530828,0.14155727438316942,0.8473344144805739,-0.42853591735845514
safe_graph_adp,1370.0,-0.4807362816653626,-0.6526242199776296,0.5856400387517504,-2.2056793243984685,-0.625669447163784,0.2746706151049621,0.1388179748655862,0.8491747232972133,-0.42917119237570045
safe_graph_adp,1372.0,-0.48580507024656755,-0.6586841022673551,0.5745682615172683,-2.2062744382963446,-0.6120765471501294,0.26893336772619486,0.13581793368026465,0.8511498246572733,-0.42985149598455913
safe_graph_adp,1374.0,-0.4912032311866207,-0.665121874481003,0.5624342430530881,-2.2069071539729586,-0.5973268866695188,0.26269097568716926,0.13256108946587064,0.8532462558681003,-0.43057152216468375
safe_graph_adp,1376.0,-0.4968968285797926,-0.6718931061091915,0.5492296384121007,-2.2075741677287013,-0.5814421108899701,0.25594900268034065,0.12905182474637525,0.8554496132558171,-0.4313255078673678
safe_graph_adp,1378.0,-0.5028489863455116,-0.6789496725132443,0.5349488191644597,-2.2082721795467455,-0.564447168653809,0.2487144351029753,0.1252952384387323,0.8577444819976034,-0.4321072049834996
safe_graph_adp,1380.0,-0.5090196907270661,-0.6862395712870131,0.5195904206699141,-2.2089978927469756,-0.5463715129083361,0.2409962653681396,0.12129742479601062,0.8601143994268374,-0.43290986904328727
safe_graph_adp,1382.0,-0.5153657021605975,-0.6937068845280638,0.5031589722889594,-2.2097480136617507,-0.5272502997986234,0.23280608431396843,0.11706575523072463,0.8625418598726435,-0.4337262685451489
safe_graph_adp,1384.0,-0.521840601772186,-0.7012919186081747,0.48566658443515315,-2.210519251336479,-0.5071255629491386,0.2241586718236455,0.11260915746028731,0.8650083690590382,-0.4345487187418301
safe_graph_adp,1386.0,-0.5283949969745388,-0.7089315513161785,0.4671346515949268,-2.2113083172578185,-0.48604733157565666,0.21507257043551367,0.107938384349273,0.8674945554130804,-0.43536914332436516
safe_graph_adp,1388.0,-0.5349769074635007,-0.7165598114057922,0.4475955151237382,-2.2121119251121586,-0.4640746537259415,0.20557062251793196,0.10306626284462594,0.8699803441428966,-0.43617916665728046
safe_graph_adp,1390.0,-0.5415323468518146,-0.72410870702143,0.4270940150937712,-2.2129267905769217,-0.441276479946279,0.19568044792575753,0.09800791171782143,0.872445197514789,-0.43697023797241324
safe_graph_adp,1392.0,-0.5480061059305238,-0.7315093068987422,0.4056888484829052,-2.213749631147109,-0.41773235895413013,0.18543483645990094,0.09278091569442548,0.8748684213344118,-0.4377337872061373
safe_graph_adp,1394.0,-0.5543427311746838,-0.7386930618162258,0.3834536436368308,-2.2145771659994296,-0.39353289645882306,0.1748720284844029,0.08740544323963452,0.8772295332918432,-0.4384614100082335
safe_graph_adp,1396.0,-0.5604876771415832,-0.7455933343018927,0.36047766035777934,-2.2154061158962786,-0.3687799320157379,0.1640358582590607,0.08190429603491331,0.8795086837898856,-0.4391450769784648
safe_graph_adp,1398.0,-0.5663885949279333,-0.7521470835672934,0.33686603304099466,-2.2162332031317904,-0.3435863973588162,0.1529757383380362,0.07630288021688311,0.8816871145335938,-0.4397773595991113
safe_graph_adp,1400.0,-0.5719967024743677,-0.7582966322046131,0.3127394921425683,-2.217055151522141,-0.3180758332047249,0.1417464699485736,0.07062909282650971,0.8837476350654004,-0.4403516629012933
safe_graph_adp,1402.0,-0.5772681682478173,-0.7639914239610325,0.28823352692184073,-2.2178686864422765,-0.29238155960908235,0.1304078734440684,0.06491312153805748,0.8856750932345869,-0.4408624529486347
safe_graph_adp,1404.0,-0.5821654298465824,-0.7691896706246723,0.2634969883999664,-2.218670534911243,-0.26664551641903034,0.11902424416690685,0.05918716131101125,0.8874568129544308,-0.4413054660631402
safe_graph_adp,1406.0,-0.5866583652779753,-0.7738597830696152,0.23869017281157964,-2.219457425728301,-0.241016813366399,0.10766365140552943,0.05348505765097677,0.8890829720825044,-0.4416778866176583
safe_graph_adp,1408.0,-0.5907252383364406,-0.7779814882766007,0.2139824681867199,-2.2202260896620536,-0.21565005153780695,0.09639711032141601,0.04784189204855607,0.8905468951904973,-0.44197848132398976
safe_graph_adp,1410.0,-0.5943533509624126,-0.7815465508245328,0.18954968502750724,-2.220973259694877,-0.19070349680495163,0.08529766734348497,0.042293530198123284,0.8918452403778285,-0.44220768024148327
safe_graph_adp,1412.0,-0.5975393538243605,-0.7845590425783643,0.16557122135107338,-2.2216956713249796,-0.1663371989647205,0.07443944724432344,0.03687615713978731,0.8929780657702528,-0.44236759802428943
safe_graph_adp,1414.0,-0.6002891896537637,-0.7870351353138717,0.14222722863890505,-2.2223900629285307,-0.14271115609123122,0.06389671389807587,0.031625825037786014,0.8939487692354419,-0.44246199286056825
safe_graph_adp,1416.0,-0.6026176692597318,-0.7890024240545664,0.11969594618025581,-2.2230531761843726,-0.11998362112090932,0.05374299604407653,0.026578038678079317,0.8947639032112843,-0.4424961646685094
safe_graph_adp,1418.0,-0.6045477044892351,-0.7904988198304147,0.09815135680935885,-2.2236817565639475,-0.09830963721677234,0.044050324306929796,0.021767401001164945,0.8954328743676279,-0.44247679790451927
safe_graph_adp,1420.0,-0.606109242716777,-0.7915710756481816,0.077761289151324,-2.2242725538891923,-0.07783987122852706,0.034888616888036406,0.017227336424781046,0.8959675441878997,-0.4424117573632637
safe_graph_adp,1422.0,-0.6073379614835108,-0.7922730259283963,0.05868605394227905,-2.224822322961282,-0.05871979257005336,0.026325239819235718,0.012989903904276777,0.8963817507838461,-0.4423098472866101
safe_graph_adp,1424.0,-0.6082737884323969,-0.7926636261380048,0.04107765942515695,-2.225327824263252,-0.04108922043559088,0.018424754757018155,0.009085705275910964,0.8966907739995086,-0.44218054479583946
safe_graph_adp,1426.0,-0.6089593106069294,-0.7928048759259259,0.025079607915806504,-2.225785824739683,-0.02508223778368512,0.011248854285740758,0.005543888063409312,0.8969107651314066,-0.4420337181412674
safe_graph_adp,1428.0,-0.6094381294087146,-0.7927596971197657,0.010827236276368606,-2.226193098656781,-0.010827447831957807,0.004856472658522712,0.002392236114813011,0.8970581597147023,-0.44187933869888024
safe_graph_adp,1430.0,-0.609753204683436,-0.7925898197166272,-0.001551470220166217,-2.226546428546376,0.0015514708425805022,-0.0006959504648311646,-0.00034266349913354157,0.8971490873447091,-0.441727193311927
safe_graph_adp,1432.0,-0.6099452155471168,-0.7923537071724173,-0.011934687315074032,-2.2268426062375126,0.01193497065627033,-0.005354084153004359,-0.002635192841984164,0.8971987870768907,-0.44158660080365236
safe_graph_adp,1434.0,-0.6100509487628452,-0.7921045295507458,-0.02020530075856336,-2.2270784339794956,0.020206675827609544,-0.00906523571619338,-0.004460433296209456,0.8972210312493977,-0.44146613360481834
safe_graph_adp,1436.0,-0.610101709669032,-0.7918881718699364,-0.026249325923044978,-2.2272507256604297,0.0262523412742879,-0.011777838424190836,-0.005793874569895192,0.8972275552233026,-0.4413733427468606
safe_graph_adp,1438.0,-0.6101217375445239,-0.7917412473769372,-0.02995434154946939,-2.2273563081254673,0.029958822844061175,-0.01344094497375886,-0.006611125677443969,0.8972274860867443,-0.44131448223001973
safe_graph_adp,1440.0,-0.6101265983854341,-0.7916890733125804,-0.031208094143774904,-2.227392022599146,0.03121316219389429,-0.014003779160891535,-0.006887653351736405,0.8972267603142605,-0.4412942272186391
safe_graph_adp,1442.0,-0.6108474883863103,-0.7911772816592206,-0.030064179989862314,-2.2282758309596367,0.030068710775757804,-0.013493291452506365,-0.006629170241350882,0.897429550602757,-0.4409015614540536
safe_graph_adp,1444.0,-0.612973525558152,-0.7896533155106874,-0.026666425853276204,-2.230890928784869,0.02666958727322223,-0.01197571368173845,-0.0058641677839608355,0.8980269340700632,-0.43973835345889156
safe_graph_adp,1446.0,-0.6164376330644357,-0.7871218581533505,-0.021067153560289924,-2.235180579398617,0.021068712226370027,-0.0094707162209322,-0.00461238420621201,0.8989980769969156,-0.4378258660723972
safe_graph_adp,1448.0,-0.6211776389993627,-0.783557103238826,-0.013289348033563098,-2.241110865230261,0.013289739229461257,-0.005982613136066211,-0.002891709251911606,0.900322418646389,-0.43517282640392757
safe_graph_adp,1450.0,-0.6271335081876052,-0.7789046602112629,-0.0033306470067908465,-2.2486684036511573,0.003330653164749081,-0.001502091105384201,-0.0007190496320391084,0.90197906686432,-0.4317765505773889
safe_graph_adp,1452.0,-0.6342440134592684,-0.7730824744953868,0.008832837549109521,-2.2578586359453086,-0.008832952408029109,0.003992282124131121,0.00188860230961516,0.9039460381632027,-0.42762373057842246
safe_graph_adp,1454.0,-0.6424428070018041,-0.7659810853408799,0.023242560780823478,-2.2687045586359162,-0.023244653959359176,0.010532619435706811,0.004912873933762968,0.9061993528857837,-0.42269097509518755
safe_graph_adp,1456.0,-0.6516538315444321,-0.7574635522202623,0.03995310865655976,-2.2812457842080187,-0.03996374549646255,0.01816018444114338,0.008332454751175762,0.9087119928613442,-0.41694519055728124
safe_graph_adp,1458.0,-0.6617860224180444,-0.7473654291952521,0.05902690721950624,-2.295537826593527,-0.05906123775963765,0.02692359008542401,0.012121232737531337,0.9114527343345594,-0.41034389125206894
safe_graph_adp,1460.0,-0.6727273026691283,-0.7354952551905638,0.0805276712421671,-2.311651506187274,-0.08061495924276511,0.036876523249728545,0.01624608449240434,0.9143848839920911,-0.4028355380281736
safe_graph_adp,1462.0,-0.6843379773709561,-0.7216361526132622,0.1045121809616329,-2.3296723596871765,-0.10470338314023114,0.04807477078945305,0.020664295950336562,0.9174649723876956,-0.39436002298415523
safe_graph_adp,1464.0,-0.6964438059845887,-0.7055492745168185,0.13102002264727206,-2.3496999213978436,-0.13139780192293846,0.06057231006392471,0.025320626657222057,0.9206414985530361,-0.38484944103015845
safe_graph_adp,1466.0,-0.70882928675301,-0.6869799827338142,0.16006106823418106,-2.3718467144361486,-0.16075251850535624,0.07441623887263189,0.030144094126561705,0.9238538720846464,-0.3742293147463816
safe_graph_adp,1468.0,-0.7212320261744233,-0.6656677224513307,0.19160075079914068,-2.3962367525506036,-0.19279285551235378,0.08964037653661766,0.035044653131967377,0.9270317607148483,-0.3624204599731668
safe_graph_adp,1470.0,-0.7333394629248158,-0.6413604972807879,0.22554366460817174,-2.423003307175856,-0.22750104385102166,0.10625749520995507,0.03991008232417482,0.9300951116908881,-0.34934168553051115
safe_graph_adp,1472.0,-0.7447895935827756,-0.6138345283604625,0.2617167038675457,-2.452285643364699,-0.26480047604783813,0.12425036328403762,0.044603562662471494,0.9329551537931515,-0.3349134969397275
safe_graph_adp,1474.0,-0.7551775646001909,-0.5829189804726905,0.29985381126342797,-2.484224379865441,-0.30453941027158205,0.14356211346502132,0.048962617454477955,0.9355166724287184,-0.3190629048908081
safe_graph_adp,1476.0,-0.7640698432593941,-0.5485244859502031,0.3395852807979617,-2.5189550965708034,-0.34647594161018935,0.16408686848759016,0.05280023655921141,0.937681745929283,-0.301729312398115
safe_graph_adp,1478.0,-0.7710269326371016,-0.5106726606799373,0.3804351492466174,-2.556599819211294,-0.3902667804505769,0.18566199797764124,0.05590905519591793,0.939354908362995,-0.2828712714087444
safe_graph_adp,1480.0,-0.7756341150192735,-0.4695221880172386,0.4218301015548476,-2.597256089056348,-0.43546285059945244,0.20806370982427624,0.05806931288811638,0.9404493672762712,-0.2624736846705258
safe_graph_adp,1482.0,-0.7775376064886346,-0.42538591493957917,0.4631221155018864,-2.640983516001559,-0.48151463117209875,0.2310077249836445,0.05906090717915455,0.9408935181451153,-0.24055483315361523
safe_graph_adp,1484.0,-0.7764812700069844,-0.37873347135811203,0.5036246568639932,-2.6877880597981534,-0.5277892502451524,0.2541563905116236,0.05867916775442276,0.9406366940934957,-0.21717249862404525
safe_graph_adp,1486.0,-0.7723374912453473,-0.33017571819206376,0.542659004102206,-2.7376048136261653,-0.5735995418983646,0.2771327064946012,0.056753100877017154,0.9396530376492788,-0.1924284733824588
safe_graph_adp,1488.0,-0.7651258356308915,-0.2804307895339335,0.5796041993735938,-2.7902807591032475,-0.6182429010804932,0.29954051780741425,0.05316399334057768,0.9379426995438095,-0.16647089948762947
safe_graph_adp,1490.0,-0.7550150935068415,-0.2302757379617986,0.61394241837733,-2.8455597232246332,-0.6610454553635701,0.3209888669522777,0.0478616808848447,0.93553022733437,-0.1394940878290985
safe_graph_adp,1492.0,-0.7423078707206637,-0.18049135555551055,0.6452921010177396,-2.9030723890926606,-0.7014055847495066,0.34111759266438174,0.04087570464705617,0.9324607831592375,-0.11173563717330819
safe_graph_adp,1494.0,-0.7274108101974744,-0.13180926149518363,0.6734239614031774,-2.9623343941554436,-0.7388307024730482,0.35962094924065113,0.032319102981460616,0.9287953922588177,-0.0834707599612933
safe_graph_adp,1496.0,-0.710796434749721,-0.08486928541977826,0.6982590011875407,-3.022754987048361,-0.7729625140994365,0.3762663498516087,0.022383656271768058,0.9246065051181328,-0.05500378709222104
safe_graph_adp,1498.0,-0.6929635769654012,-0.040192097974526775,0.7198514265178076,-3.0836572572019114,-0.8035882518743725,0.39090614667453893,0.011326819671711731,0.9199747233695202,-0.026657006759259937
safe_graph_adp,1500.0,-0.6744023891043508,0.0018317634485555316,0.7383617421108791,3.1388765319187444,-0.8306379265729843,0.40348142630342093,-0.0005479526597926322,0.9149868273915522,0.0012426085392277502
safe_graph_adp,1502.0,-0.6555677243054405,0.04093854917675667,0.7540258576735205,3.079226164231875,-0.854169791048644,0.4140179287891858,-0.01291460867885287,0.9097346179163418,0.028377675880741155
safe_graph_adp,1504.0,-0.636862217325693,0.07697758997534154,0.7671251311126431,3.02130608298842,-0.8743475665475757,0.42261524434314535,-0.02544816043540162,0.9043138281555251,0.05445407777143115
safe_graph_adp,1506.0,-0.6186284171036417,0.10989164906585701,0.7779606076257521,2.9657889431997604,-0.8914134407672241,0.42943125699196083,-0.03784532803687111,0.8988225295894637,0.07921229050143487
safe_graph_adp,1508.0,-0.6011481608722125,0.13969518557058344,0.7868329834268242,2.913264427084561,-0.9056605303342692,0.4346642418494782,-0.0498397740882942,0.8933588737763419,0.10243493750333506
safe_graph_adp,1510.0,-0.5846469894503196,0.16645331167878474,0.7940284584055181,2.864224156254996,-0.9174076628708491,0.43853499425732967,-0.06121082947129414,0.8880184283451532,0.1239498450445344
safe_graph_adp,1512.0,-0.5693015522439874,0.1902630932979685,0.7998097886005615,2.81905832897829,-0.9269782659696345,0.4412709125520235,-0.07178590386437009,0.8828915902467127,0.14362870748395243
safe_graph_adp,1514.0,-0.5552483740075583,0.21123790398574355,0.8044114563341774,2.7780624577180935,-0.9346841094375359,0.44309323553638064,-0.08143772849931864,0.8780615487428262,0.1613821477677204
safe_graph_adp,1516.0,-0.5425928490493719,0.22949488388992237,0.8080378075491498,2.7414514658045186,-0.940813808679158,0.44420786875384305,-0.09007804023587924,0.8736030970594995,0.17715232093450736
safe_graph_adp,1518.0,-0.531417771769935,0.24514516305693246,0.8108631209253923,2.709378153169993,-0.9456254377075157,0.4447996009890384,-0.09764932354124732,0.8695823684372311,0.1909042405894243
safe_graph_adp,1520.0,-0.5217910546975154,0.25828631885704095,0.8130327623957927,2.6819534289401274,-0.9493423111230772,0.4450291035689413,-0.10411593538689738,0.866057388021873,0.2026168048999559
safe_graph_adp,1522.0,-0.5137725203532448,0.2689964798671687,0.8146647722523336,2.6592664121161076,-0.9521509135372525,0.44503191872864656,-0.10945552473578708,0.8630792248000388,0.2122741885771252
safe_graph_adp,1524.0,-0.5074197965143293,0.2773295043373501,0.8158513934101947,2.6414032450967078,-0.9542000019747032,0.44491862177999486,-0.11365125966600151,0.8606934933142552,0.21985795809164002
safe_graph_adp,1526.0,-0.5027934168500054,0.283310708490036,0.8166601633648911,2.6284640749268307,-0.9556000080083206,0.4447754101849581,-0.11668506727840737,0.858941967480479,0.22534002323111535
safe_graph_adp,1528.0,-0.49996124897300176,0.2869326724494821,0.8171342551908802,2.6205780558686596,-0.956421966511538,0.4446644654041304,-0.11853190060247622,0.8578640993922438,0.2286763842646593
safe_graph_adp,1530.0,-0.4990023515710009,0.28815069622023143,0.8172917651575885,2.6179163955288276,-0.9566952620173736,0.44462350520807814,-0.11915497132830467,0.8574982615686468,0.22980157273391683
safe_graph_adp,1532.0,-0.497630428556184,0.28849728450427203,0.8180056683230561,2.6162019006391635,-0.9579352860859174,0.44505264798641053,-0.1196789923303041,0.8570251764521828,0.23046241828591515
safe_graph_adp,1534.0,-0.493563145269437,0.2895081923889682,0.8201100097983276,2.6111084057676712,-0.9616032479075304,0.4463163503319412,-0.12123850146349183,0.8556183719378666,0.23242233711856838
safe_graph_adp,1536.0,-0.486885289481365,0.29112841136910017,0.8235210762210957,2.6026889009619434,-0.9675902272966239,0.4483583448693361,-0.12382228032104238,0.8532940217983364,0.23565260415566597
safe_graph_adp,1538.0,-0.47766005835807723,0.2932994132798304,0.8281402796743227,2.59091804915906,-0.9757816631947889,0.4511071836444691,-0.12744355545065927,0.8500518627431702,0.24015053546747853
safe_graph_adp,1540.0,-0.46593439365985395,0.2959589539245159,0.8338545666941752,2.575696042506699,-0.9860544012819558,0.45447486274301924,-0.1321381741675081,0.8458762910482858,0.24593780169950885
safe_graph_adp,1542.0,-0.4517445895452081,0.2990407600958142,0.8405364058849261,2.5568495731161622,-0.9982725893916646,0.45835419565385693,-0.13796339680986922,0.8407368172699984,0.25305955139828606
safe_graph_adp,1544.0,-0.4351221705519826,0.30247422005875624,0.8480436562429899,2.534130627312636,-1.0122825877414126,0.46261505568263,-0.14499698444755002,0.8345878981731693,0.2615840686658227
safe_graph_adp,1546.0,-0.4161000158208709,0.30618419181501316,0.8562196082293713,2.507213905857299,-1.0279070229551013,0.46709956512891765,-0.15333618187336384,0.8273681304225673,0.2716026294901075
safe_graph_adp,1548.0,-0.39471865515871585,0.3100910386393569,0.8648934795830406,2.4756939836691707,-1.0449381219469853,0.4716163256805718,-0.16309604148221668,0.8189987843899337,0.2832290835564013
safe_graph_adp,1550.0,-0.3710325888961496,0.31411099350925265,0.8738816291315724,2.4390839371783932,-1.0631305201291732,0.4759338896733441,-0.17440627985599194,0.8093817047567039,0.2965984460720021
safe_graph_adp,1552.0,-0.34511639491765883,0.31815693891295216,0.8829897146516366,2.3968182010045433,-1.0821938655205623,0.4797739230390895,-0.18740548404821405,0.7983967572626308,0.3118634081017721
safe_graph_adp,1554.0,-0.3170702950208319,0.3221396623173509,0.8920159561226837,2.348263980096267,-1.101785768151351,0.4828050026319722,-0.20223099362736857,0.7858993400728259,0.3291871533385309
safe_graph_adp,1556.0,-0.2870247758127763,0.3259696079062036,0.9007555677269509,2.292747643707693,-1.1215060201790348,0.4846388520946254,-0.21900226346504698,0.7717191176221918,0.3487302612822921
safe_graph_adp,1558.0,-0.25514381712063094,0.3295590922409612,0.9090062911258797,2.2296048180830037,-1.1408935889446958,0.4848321680581605,-0.237795232434744,0.7556621837776597,0.37062900622550876
safe_graph_adp,1560.0,-0.22162629409517542,0.332824889047354,0.9165748081833012,2.1582642274485138,-1.1594286792105433,0.48289897242451574,-0.2586057926485129,0.737520298741819,0.394962574662156
safe_graph_adp,1562.0,-0.18670520351492892,0.33569102422715613,0.9232836526408187,2.0783731705597073,-1.1765430511186183,0.4783400877848419,-0.2813029178954488,0.7170922326597681,0.42170861819569855
safe_graph_adp,1564.0,-0.15064452467764758,0.3380915676064467,0.9289781047463179,1.9899627885345037,-1.1916423344141922,0.47069629615072517,-0.30557757948676795,0.694222302475102,0.4506913960252238
safe_graph_adp,1566.0,-0.1137337487341268,0.33997317526607757,0.9335324710466065,1.893630166957573,-1.2041433909545958,0.4596272059661288,-0.33090241029750345,0.6688575851602239,0.4815350009798938
safe_graph_adp,1568.0,-0.07628036757156482,0.3412971359667508,0.9368551491580969,1.7906838669449685,-1.2135266287196613,0.44500614105873776,-0.3565258940884506,0.6411158012638694,0.5136432133633505
safe_graph_adp,1570.0,-0.03860086083718656,0.34204071210557646,0.9388919665248703,1.6831754236448577,-1.2193969979976216,0.4270040638903746,-0.38152529158952475,0.6113418702298424,0.5462298957421791
safe_graph_adp,1572.0,-0.0010109097286567072,0.3421976368234823,0.939627455651411,1.57375048742932,-1.221539996130891,0.4061231699218475,-0.40492518548852297,0.5801215812408754,0.57841033530557
safe_graph_adp,1574.0,0.036184340394438956,0.34177772317719046,0.9390839586799654,1.4653182712127826,-1.2199551960217756,0.38314942890490195,-0.42585514491518556,0.5482291722920687,0.6093346250846632
safe_graph_adp,1576.0,0.07269916902752602,0.3408056418205408,0.9373186999766924,1.3606306761704425,-1.2148544910823555,0.3590278334343133,-0.443691734062391,0.5165153053017361,0.6383170053611497
safe_graph_adp,1578.0,0.10827465387845879,0.33931901218639,0.9344191817896038,1.2619154602244682,-1.2066248514043192,0.33470388743517165,-0.4581328344186524,0.4857746175834039,0.6649140054736502
safe_graph_adp,1580.0,0.14268407385400916,0.33736601395475024,0.9304974087533543,1.1706756028770424,-1.1957684437394343,0.3109887722861956,-0.4691873254279987,0.45664123415512614,0.6889325224134286
safe_graph_adp,1582.0,0.17573613623907205,0.3350027528216164,0.9256835128820764,1.0876777144988736,-1.1828384249875954,0.2884848994693044,-0.4771027441568321,0.4295403396637903,0.710383368961944
safe_graph_adp,1584.0,0.2072760631242446,0.3322906074892073,0.9201193323858421,1.0130751685610127,-1.1683850768772452,0.2675742358592369,-0.4822706399260397,0.4046937092459011,0.7294121330677656
safe_graph_adp,1586.0,0.23718476751976708,0.3292937503409403,0.9139524123514269,0.9465867641830518,-1.152918969375448,0.2484488470584724,-0.48514171452520904,0.38215851824557967,0.7462342488489786
safe_graph_adp,1588.0,0.26537647915679413,0.32607698320035566,0.9073307695307696,0.8876694821655872,-1.136890914380916,0.23115886501412866,-0.48616543368838666,0.3618769563099948,0.7610872608996796
safe_graph_adp,1590.0,0.2917952395608183,0.3227039732098276,0.9003986249679835,0.8356548702973046,-1.1206848885546232,0.21566019463586958,-0.48575481739684034,0.34372174443196507,0.7742017180490031
safe_graph_adp,1592.0,0.3164106845361933,0.3192359215259797,0.8932931798232852,0.7898428003369409,-1.1046193865322158,0.20185344006850928,-0.48427054021952604,0.3275312223397819,0.7857865683508503
safe_graph_adp,1594.0,0.3392134862139715,0.315730655239854,0.8861424062262094,0.7495588079780383,-1.0889534312167215,0.1896120549328477,-0.4820173792369033,0.3131333629727142,0.7960238763574423
safe_graph_adp,1596.0,0.3602107547985009,0.3122421032838486,0.8790637525597178,0.7141849395533679,-1.0738946290118867,0.17880098628973223,-0.47924742501219086,0.3003606635695395,0.80506868321968
safe_graph_adp,1598.0,0.3794216185639346,0.3088200999101563,0.8721636206915563,0.6831732932244742,-1.059607679532095,0.16928811901629534,-0.47616634613312725,0.2890584742370643,0.8130512542527021
safe_graph_adp,1600.0,0.3968731217461716,0.305510452679092,0.8655374564623213,0.6560492306141574,-1.0462224797837896,0.1609507531764735,-0.47294054135520674,0.27908902427282617,0.8200801277466805
safe_graph_adp,1602.0,0.41259651127024555,0.30235521305004154,0.8592702974204836,0.6324090055362244,-1.0338414259626343,0.15367888207269476,-0.4697040549145563,0.2703328414412514,0.8262451554109165
safe_graph_adp,1604.0,0.4266239281273707,0.2993930938344276,0.8534376364523782,0.6119148120255802,-1.0225457850337996,0.14737653473438983,-0.4665647544800401,0.2626887241837659,0.8316201783707322
safe_graph_adp,1606.0,0.4389854779938348,0.2966599865429658,0.8481064806348622,0.5942890474361424,-1.0124011520483023,0.14196203301065996,-0.46360961178884674,0.25607301470494204,0.8362652211950451
safe_graph_adp,1608.0,0.4497066267852614,0.29418954119871277,0.8433365067840429,0.5793088153635643,-1.0034620778330674,0.13736771396392533,-0.4609090944537697,0.25041863600214587,0.8402281979039717
safe_graph_adp,1610.0,0.45880584774565153,0.29201378022345764,0.8391812356303018,0.5668012314935376,-0.9957759775697428,0.1335394672489963,-0.45852074865242265,0.245674172802914,0.8435461662290216
safe_graph_adp,1612.0,0.46629243461525766,0.29016372574052623,0.8356891633166919,0.5566398394982758,-0.9893864330978988,0.1304363101088466,-0.45649207160272226,0.24180316634863633,0.8462461735882872
safe_graph_adp,1614.0,0.4721643878204067,0.28867002560504595,0.8329048007974037,0.5487423210146517,-0.9843359912288538,0.12803014774815913,-0.45486276503544565,0.23878373285068158,0.8483457285669492
safe_graph_adp,1616.0,0.4764062753069472,0.287563567386874,0.8308695779482456,0.5430696473937824,-0.9806685421999868,0.12630582811269345,-0.4536664390173403,0.23660858914217853,0.8498529140023234
safe_graph_adp,1618.0,0.47898696493764664,0.2868760711437751,0.8296225691390834,0.5396268451988205,-0.9784313383464688,0.12526158699112358,-0.4529318046742408,0.23528556659028632,0.8507661354880603
safe_graph_adp,1620.0,0.47985712021095045,0.2866406507885422,0.829200989807884,0.5384656208437486,-0.9776766821646379,0.12490998582291667,-0.4526833550336636,0.23483871054404737,0.8510734724729669
