method,time,boresight_x,boresight_y,boresight_z,yaw_rad,pitch_rad,qx,qy,qz,qw
safe_graph_adp,2.0,0.00014140876662352243,0.9609765420882932,-0.2766298349050365,1.5706491756841154,0.28028530881938984,-0.09876449914297625,0.09877903351813183,0.7001228450450051,0.7002258764801175
safe_graph_adp,4.0,0.0005489686761278176,0.959329526921538,-0.28228807521730526,1.570224084827147,0.28617835215781723,-0.10080555880829371,0.10086326049086305,0.6996800113945577,0.7000805122637049
safe_graph_adp,6.0,0.0011962589885191562,0.9565473672335821,-0.2915745242694136,1.5695457265571595,0.2958724739127289,-0.10416038573061825,0.1042907302552107,0.698945859196959,0.6998205080866868
safe_graph_adp,8.0,0.002060247202678668,0.9525443273418355,-0.30439293656449085,1.5686334416347223,0.3093010585358923,-0.10880120443623881,0.10903678380412057,0.6979117825171848,0.6994229203526026
safe_graph_adp,10.0,0.0031203374606429335,0.9471882696166656,-0.3206628219714883,1.5675020227236058,0.32642917916940795,-0.11470901234904564,0.11508752252155528,0.6965591815700437,0.6988576473189859
safe_graph_adp,12.0,0.0043574480300761055,0.940303674089207,-0.34030870271123453,1.5661622740321093,0.34724517558662465,-0.12187046547828302,0.12243653225017678,0.6948601093425305,0.6980876117359086
safe_graph_adp,14.0,0.005753105875287354,0.9316747974359628,-0.363247812925894,1.5646213902513055,0.37175146256615343,-0.13027437252671994,0.13108130244485916,0.6927778426102524,0.6970689641638145
safe_graph_adp,16.0,0.007288553692226749,0.9210499815271392,-0.3893761786677917,1.5628831823330651,0.39995422319137186,-0.13990771283903286,0.14101922636566183,0.6902675575087656,0.6957514705225308
safe_graph_adp,18.0,0.008943879383835448,0.9081482221050238,-0.41855323879890305,1.5609481654268127,0.4318517221698523,-0.15075113130564025,0.15224311146231673,0.6872773059838037,0.6940792722031018
safe_graph_adp,20.0,0.010697199558660168,0.8926691586185483,-0.450585555885733,1.5588135138404235,0.4674211441640822,-0.16277394041296606,0.16473621033138874,0.6837495018106574,0.6919922283535895
safe_graph_adp,22.0,0.012523956081064715,0.8743075571528288,-0.4852107233249614,1.5564728779234676,0.5066041442360313,-0.1759287818730126,0.17846690955011188,0.6796231192029151,0.6894280540775886
safe_graph_adp,24.0,0.014396414447407108,0.852773015399874,-0.5220832572079521,1.5539160470820188,0.549291702883076,-0.1901462662937664,0.19338338707411765,0.6748367642475018,0.68632543639169
safe_graph_adp,26.0,0.01628347756989641,0.8278149092442467,-0.560764945758176,1.5511284303739012,0.5953093866496829,-0.2053301024279931,0.20940875434465872,0.6693326787322356,0.6826282207921514
safe_graph_adp,28.0,0.01815093708027717,0.7992514699177647,-0.6007225909830597,1.5480903095555292,0.6444046537926167,-0.22135340766431066,0.22643739898041762,0.6630615626039897,0.6782905995630015
safe_graph_adp,30.0,0.01996226289211937,0.7670004121172808,-0.6413360085572517,1.54477579655308,0.6962382730853919,-0.2380569930312571,0.24433337372658562,0.6559878589099992,0.673283001058972
safe_graph_adp,32.0,0.021679969667105232,0.7311070226922594,-0.6819182504415715,1.541151394278407,0.7503820478664094,-0.2552503585774775,0.2629316565619034,0.6480948689382294,0.6675981121001031
safe_graph_adp,34.0,0.023267495927037026,0.6917645801998321,-0.7217481480504367,1.5371740103698333,0.806324661474568,-0.27271585181173635,0.2820428670728399,0.6393888278425062,0.6612562378791732
safe_graph_adp,36.0,0.02469140578992637,0.6493220088000893,-0.7601126649174673,1.532788197656958,0.8634864837485229,-0.29021592169780863,0.30146155245651124,0.6299009680065168,0.6543091178396145
safe_graph_adp,38.0,0.025923611366939357,0.6042751869043099,-0.7963538565646916,1.5279222756064716,0.9212426972528812,-0.3075027222934871,0.3209775337907338,0.6196867088441939,0.6468414654809664
safe_graph_adp,40.0,0.02694326024372919,0.557241240185398,-0.829913405702112,1.5224827932499216,0.97895244955181,-0.3243286493620981,0.3403892077708816,0.6088214492864449,0.6389699189514494
safe_graph_adp,42.0,0.0277379687992932,0.5089187198706552,-0.860367561947859,1.5163464708363008,1.0359904046890043,-0.3404559235487735,0.3595173553093028,0.5973929082536534,0.6308397169806276
safe_graph_adp,44.0,0.028304207506441057,0.46003964616797993,-0.8874471228141271,1.5093482007161798,1.0917765056806774,-0.3556631847740866,0.3782180970249946,0.5854903648477671,0.6226201111027289
safe_graph_adp,46.0,0.028646821005482968,0.4113209204531709,-0.9110403174634127,1.5012626943566485,1.1458001697156914,-0.36974718592382416,0.39639422063908647,0.5731912519754552,0.6145001456502305
safe_graph_adp,48.0,0.028777835227055844,0.36342212792612344,-0.9311800003937438,1.4917755159122978,1.1976363612777254,-0.3825178077241417,0.41400513864907956,0.5605451164345547,0.6066869410061869
safe_graph_adp,50.0,0.028714814862157677,0.3169146144425984,-0.94801929651254,1.480435648151119,1.2469525857827888,-0.39378427141430433,0.43107716953554515,0.5475537110404276,0.5994091716163379
safe_graph_adp,52.0,0.028479064509434132,0.2722638294625271,-0.961801096927565,1.4665743501722583,1.2935072939825556,-0.4348374729957756,0.41814363042695596,0.5575987554493358,0.5702244333009286
safe_graph_adp,54.0,0.028093925906400145,0.22982425488574298,-0.9728265740579761,1.4491588914984193,1.3371410618477129,-0.44675648992992745,0.43074864868193063,0.548095464956143,0.5607634097002859
safe_graph_adp,56.0,0.02758334204759128,0.1898444300770872,-0.98142664097231,1.4265115305135005,1.377761923385654,-0.4576608590614544,0.44233673925310873,0.539023689723496,0.5516685681701716
safe_graph_adp,58.0,0.0269707697254038,0.15247881366633528,-0.9879386564778838,1.3957250916961583,1.4153249930330902,-0.46758655481429073,0.45293686246583614,0.5304364370562248,0.5429992620801655
safe_graph_adp,60.0,0.026278448442779344,0.11780330864227426,-0.9926891878228419,1.3513191231253823,1.4498026279470773,-0.4765806317876051,0.46259039589434103,0.5223704637562572,0.5347991451248935
safe_graph_adp,62.0,0.025526985706852367,0.08583187677974967,-0.9959825610567626,1.2817202893182025,1.481128809844208,-0.48469662838935673,0.4713462938419946,0.5148486946938778,0.5270983506722593
safe_graph_adp,64.0,0.024735195765386343,0.05653245354363864,-0.9980943100663305,1.158352519151683,1.5090501444491575,-0.49199087757183063,0.4792571603337887,0.5078828372627884,0.5199159300009889
safe_graph_adp,66.0,0.023920124680657413,0.029841118395175503,-0.9992684000248317,0.8950910596939647,1.5325421976322389,-0.49851969676479524,0.48637621829416655,0.5014759335576701,0.5132622860466813
safe_graph_adp,68.0,0.023097201799741302,0.005674064259458458,-0.9997171221219538,0.24089003588434943,1.5470101452727913,-0.5043373502163283,0.4927550729554761,0.4956246938730684,0.5071414379407814
safe_graph_adp,70.0,0.022280469960855625,-0.016062684176567324,-0.9996227142454133,-0.6246360071149333,1.5433259980358907,-0.5094946431759044,0.4984421294839696,0.4903215359078752,0.5015530316481854
safe_graph_adp,72.0,0.021482860013708624,-0.03546560983525397,-0.9991399687954862,-1.026168543202145,1.5293197187270695,0.5140380031355836,-0.5034815176953013,-0.485556311185821,-0.4964940697926171
safe_graph_adp,74.0,0.020716487171279746,-0.052627785040687235,-0.9983992905651493,-1.1957832909838502,1.514207694326051,0.518008915565116,-0.5079123871489132,-0.4813177364226801,-0.491960371351893
safe_graph_adp,76.0,0.01999295646719418,-0.0676343397625165,-0.9975098384359873,-1.283377762023965,1.5002102696030828,0.5214436008348219,-0.5117684541059444,-0.47759456775429826,-0.48794779370544555
safe_graph_adp,78.0,0.019323672108933706,-0.08055896684492683,-0.9965625161308769,-1.3353743548311066,1.4878571314896922,0.5243728393881177,-0.515077701549475,-0.47437656488494795,-0.48445326024964497
safe_graph_adp,80.0,0.018720151145028924,-0.09146114406331131,-0.9956326707514862,-1.3689060590275348,1.477302884421371,0.5268218704131096,-0.5178621511300597,-0.47165529452602645,-0.4814756405332956
safe_graph_adp,82.0,0.01819434610442569,-0.10038378894794767,-0.9947824187661772,-1.3914949618062302,1.4685992157829253,0.5288103037194202,-0.5201376397335732,-0.46942482111641126,-0.4790165297068439
safe_graph_adp,84.0,0.01775898462611638,-0.10735109552834857,-0.9940625537429286,-1.4068521045400275,1.461770356288777,0.5303519947052455,-0.5219135426244222,-0.46768232991226777,-0.47708097218944445
safe_graph_adp,86.0,0.01742793703125625,-0.1123663270786982,-0.9935140037008423,-1.4169230721159316,1.4568400210515593,0.531454838129085,-0.5231923895233797,-0.4664287244898067,-0.4756781722391897
safe_graph_adp,88.0,0.017216625682173903,-0.1154093527663791,-0.9931688019134338,-1.4227096314025238,1.4538434317449074,0.5321204379373257,-0.5239693193589908,-0.4656692383327342,-0.47482223238858123
safe_graph_adp,90.0,0.01714249313546462,-0.11643371742373457,-0.9930505145137332,-1.4246168824451733,1.452834047559406,0.5323436076093281,-0.5242313134435809,-0.4654140988812928,-0.4745329598723551
safe_graph_adp,92.0,0.01673755669766392,-0.11768509217757427,-0.9929099018918827,-1.4295205388171275,1.4516452274836973,0.5325424705322783,-0.5246262522708813,-0.4651865400883581,-0.4740962934132787
safe_graph_adp,94.0,0.015531385956097373,-0.12137978895083164,-0.9924846209813704,-1.4435309544024377,1.448119422555594,0.5331267005192638,-0.525793101731573,-0.4645168685779271,-0.4728018762351646
safe_graph_adp,96.0,0.013545113250009417,-0.1274002480671103,-0.99175889544762,-1.4648748728170182,1.4423249385811359,0.5340724391117596,-0.5276938635172664,-0.4634292068711421,-0.47067949435493855
safe_graph_adp,98.0,0.010800215759614125,-0.1356284115455511,-0.9907009081055577,-1.4913330805584202,1.4343152663846062,0.5353551551694333,-0.5302876901142256,-0.46194681277557487,-0.46775524124623025
safe_graph_adp,100.0,0.007319140031730972,-0.1459442738467989,-0.9892657373630841,-1.5206880691043154,1.4241435268618683,0.536949583211817,-0.5335309596410299,-0.4600925397011519,-0.4640524917555358
safe_graph_adp,102.0,0.003126012849840158,-0.15822423309436276,-0.9873982581032658,-1.5510420441856472,1.4118730842054465,0.5388296235850232,-0.5373772946709393,-0.4578893280556148,-0.45959291027184324
safe_graph_adp,104.0,-0.0017526126847997201,-0.1723394159705327,-0.9850360673862216,-1.5809655168234067,1.3975831510007268,-0.5409682362441135,0.5417775733338055,0.4553607002969548,0.4543974703192495
safe_graph_adp,106.0,-0.007287026625025413,-0.18815413681831497,-0.9821124783043546,-1.6095060073898029,1.381370326586339,-0.5433373563484523,0.5466799759605592,0.4525312333930942,0.4484874623484613
safe_graph_adp,108.0,-0.013443698371999959,-0.2055246402932909,-0.978559599210184,-1.6361148874714742,1.3633477451885263,-0.5459078560870968,0.5520301047258295,0.4494269825704614,0.44188546420581626
safe_graph_adp,110.0,-0.020184730564272616,-0.22429826339210096,-0.9743114828900127,-1.6605451555541928,1.3436432501155318,-0.5486495728047297,0.5577712066976465,0.4460758301692524,0.43461624564557105
safe_graph_adp,112.0,-0.027467479414561416,-0.24431313327059714,-0.9693072941467602,-1.6827535517632524,1.3223974106864569,-0.5515314182733385,0.5638445220536252,0.4425077340085705,0.4267075754543374
safe_graph_adp,114.0,-0.03524438473783769,-0.2653984892310327,-0.9634944085246872,-1.7028218255172687,1.2997616829546998,-0.5545215776984307,0.5701897688507533,0.43875485167328154,0.4181908983920196
safe_graph_adp,116.0,-0.04346304323590344,-0.2873756793346097,-0.9568313241108098,-1.7208999425366767,1.2758967141720634,-0.5575877998419168,0.5767457638773787,0.43485152117412534,0.4091018502151989
safe_graph_adp,118.0,-0.05206654450206977,-0.31005983498131673,-0.9492902473295365,-1.7371682836510751,1.2509706735980957,0.44697256493852144,0.37817323590461677,-0.6188847032335392,0.5236241533211053
safe_graph_adp,120.0,-0.06099407123775698,-0.33326217341624687,-0.9408592068124342,-1.7518141834430014,1.2251574861772516,0.4416556961310563,0.3681593993989922,-0.628455004159448,0.5238732770967742
safe_graph_adp,122.0,-0.07018174474837817,-0.35679282346527436,-0.9315435598122885,-1.7650184146483447,1.1986348908929982,0.43565806869291784,0.3583115563797833,-0.6377332521822008,0.5245104143947649
safe_graph_adp,124.0,-0.07956367606882397,-0.3804640202905843,-0.921366784030519,-1.7769481602038226,1.1715823055853736,0.42907947282715186,0.3486311261947438,-0.6467133645461463,0.5254607197155288
safe_graph_adp,126.0,-0.0890731646459095,-0.40409347732918105,-0.9103704921184415,-1.7877540046088285,1.14417853562577,0.42201669003521775,0.3391236608663792,-0.6553866987996779,0.5266548499812417
safe_graph_adp,128.0,-0.09864397292350821,-0.42750772355230704,-0.8986136616527651,-1.7975692891710637,1.1165994062894904,0.4145628763424366,0.3297987613372547,-0.6637429950531807,0.5280299566283448
safe_graph_adp,130.0,-0.10821159842834903,-0.4505451951802946,-0.8861711330581311,-1.8065107700057863,1.0890154245853028,0.4068070919479222,0.3206695232241039,-0.6717714314328948,0.5295301603560466
safe_graph_adp,132.0,-0.11771446604652289,-0.4730588932787284,-0.8731314837831051,-1.8146799237907874,1.0615895853329396,0.39883388216744114,0.3117517341909923,-0.6794616172030399,0.5311066761131762
safe_graph_adp,134.0,-0.1270949719042725,-0.49491845920665667,-0.8595944316089773,-1.822164511715565,1.0344754300350332,0.39072288337579264,0.30306297732228743,-0.686804424657185,0.5327176948951203
safe_graph_adp,136.0,-0.1363003252420114,-0.5160115729097811,-0.8456679478152731,-1.8290401799096319,1.007815448616333,0.3825484642030299,0.29462174612589653,-0.6937926126233498,0.5343280920136031
safe_graph_adp,138.0,-0.14528315364698546,-0.5362446372093329,-0.831465269467473,-1.8353719778529738,0.9817398873959218,0.3743794273445562,0.2864466410046713,-0.7004212294616959,0.5359090105210675
safe_graph_adp,140.0,-0.15400185733465044,-0.5555427670581908,-0.8171019899050587,-1.841215738019565,0.9563659960869524,0.36627879896103743,0.27855569005335823,-0.7066878067479463,0.5374373570606484
safe_graph_adp,142.0,-0.16242071729428934,-0.5738491499395761,-0.8026933808791713,-1.8466192957674195,0.9317977163175836,0.3583037265755355,0.2709658163530603,-0.7125923694618574,0.5388952410950938
safe_graph_adp,144.0,-0.17050977801859188,-0.5911238779900949,-0.7883520637824206,-1.8516235482938945,0.908125787513299,0.35050549680943976,0.26369245814637743,-0.7181372964315507,0.5402693843788225
safe_graph_adp,146.0,-0.17824453697113118,-0.607342372302311,-0.7741861067250873,-1.856263361672126,0.8854282252614502,0.342929674139331,0.25674933661439936,-0.7233270675383519,0.541550524059507
safe_graph_adp,148.0,-0.1856054794866732,-0.622493525721001,-0.7602975841208228,-1.8605683395233952,0.8637711135906251,0.3356163529540159,0.2501483579383499,-0.7281679330786847,0.5427328291954605
safe_graph_adp,150.0,-0.1925774997367166,-0.6365776844961955,-0.7467816000656532,-1.8645634681796426,0.8432096459596355,0.3286005085376249,0.24389963146186527,-0.7326675369095622,0.5438133465817624
safe_graph_adp,152.0,-0.19914924651544286,-0.6496045745507645,-0.733725748720223,-1.868269652706798,0.8237893493625956,0.32191242853226876,0.23801158358097185,-0.7368345196439968,0.5447914877260249
safe_graph_adp,154.0,-0.20531242795311017,-0.6615912582608596,-0.7212099652118038,-1.8717041567517712,0.805547430515921,0.3155782048085106,0.23249114693333428,-0.7406781221112029,0.5456685648571693
safe_graph_adp,156.0,-0.2110611029253394,-0.6725601856302442,-0.7093067090736918,-1.8748809573342453,0.7885141911046746,0.30962026607872906,0.22734400597551763,-0.7442078032442777,0.54644738023955
safe_graph_adp,158.0,-0.21639097985601313,-0.682537382021237,-0.6980814178736966,-1.8778110236934564,0.7727144690862393,0.3040579334858254,0.22257488259732464,-0.7474328809764753,0.547131869987778
safe_graph_adp,160.0,-0.22129873655455695,-0.6915507948717524,-0.6875931699134337,-1.8805025272463578,0.7581690738500486,0.2989079842354553,0.21818784856796858,-0.7503621998838692,0.5477268011363131
safe_graph_adp,162.0,-0.2257813681893639,-0.6996288050204442,-0.6778955000324197,-1.882960987657355,0.7448961936792091,0.2941852116252623,0.21418665497890346,-0.7530038253047792,0.5482375189334616
safe_graph_adp,164.0,-0.22983556475524206,-0.7067988946974313,-0.6690373200563091,-1.8851893579459214,0.7329127638286365,0.2899029731709422,0.21057507218632504,-0.7553647604643369,0.5486697401616268
safe_graph_adp,166.0,-0.23345711453424955,-0.713086453772327,-0.6610639039606907,-1.8871880494115303,0.7222357922784746,0.2860737216563196,0.20735723690590907,-0.7574506806187922,0.5490293876565969
safe_graph_adp,168.0,-0.23664032602913035,-0.7185136980406173,-0.6540179063487663,-1.888954894845796,0.7128836477181834,0.28270951666001365,0.2045380060022818,-0.7592656762393356,0.5493224610147455
safe_graph_adp,170.0,-0.239377457530818,-0.7230986675674984,-0.6479403906133571,-1.890485045903559,0.7048773206029534,0.27982251632634664,0.2021233191438628,-0.7608119955834537,0.549554938647068
safe_graph_adp,172.0,-0.24165814068214467,-0.7268542687279157,-0.6428718496512782,-1.891770797446371,0.6982416733359951,0.2774254507912335,0.2001205749100998,-0.762089775445599,0.5497327067877704
safe_graph_adp,174.0,-0.2434687819188786,-0.7297873199218281,-0.6388532068576105,-1.8928013279193123,0.6930066999481341,0.2755320796999598,0.19853902723157701,-0.7630967472250019,0.549861511743435
safe_graph_adp,176.0,-0.2447919233141976,-0.7318975573883957,-0.6359267880574274,-1.8935623400503978,0.6892088192474048,0.2741576366034555,0.19739021133255671,-0.7638279034751136,0.5499469325625054
safe_graph_adp,178.0,-0.245605541958499,-0.7331765535394564,-0.6341372557256642,-1.894035579911811,0.6868922284269255,0.27331926258407374,0.1966884107748539,-0.7642751075667138,0.5499943724450722
safe_graph_adp,180.0,-0.24588226445447242,-0.7336064953038159,-0.6335324948846689,-1.894198203992344,0.6861103465879369,0.27303643004088507,0.19645117994449726,-0.7644266257304562,0.5500090686918652
safe_graph_adp,182.0,-0.2464625601266675,-0.7343032360425826,-0.6324989833930171,-1.894622693472246,0.6847752997507061,0.2725677082307631,0.1960261456232236,-0.7647254607343975,0.5499777853390954
safe_graph_adp,184.0,-0.24818156848422815,-0.7363628292287226,-0.6294248905111548,-1.8958765298669484,0.6808128812813323,0.271174248877779,0.19476617476304178,-0.7656088566691782,0.5498852084785135
safe_graph_adp,186.0,-0.2510004612295237,-0.7397253550048875,-0.6243437896107075,-1.8979213557347396,0.674291193467366,0.26887343727678253,0.19269725370960716,-0.767051496985396,0.549733430047879
safe_graph_adp,188.0,-0.254888603121083,-0.7443319879576844,-0.6172533448284785,-1.9007198362095896,0.6652468252075487,0.26566784034880303,0.1898377488776626,-0.7690292131392689,0.5495237001657539
safe_graph_adp,190.0,-0.2598215498781404,-0.7501226711161325,-0.6081190183644313,-1.9042354973285813,0.6536889799183346,0.2615469796919672,0.18619947434007791,-0.7715183281650209,0.5492562266146279
safe_graph_adp,192.0,-0.26577887767102604,-0.7570332003174338,-0.5968771412954879,-1.9084325622450264,0.6396032231023309,0.2564888821825045,0.18178869400855063,-0.7744948738153007,0.5489298812063853
safe_graph_adp,194.0,-0.2727417765221136,-0.7649917374748958,-0.5834377129863151,-1.9132757884260283,0.6229551008604353,0.2504615360366772,0.17660712035065831,-0.7779336818151692,0.5485418222023652
safe_graph_adp,196.0,-0.2806903312956021,-0.7739147604938542,-0.5676873095348404,-1.9187303084386766,0.6036938855267453,0.24342438262292082,0.17065297485827635,-0.7818073469978531,0.5480870408036014
safe_graph_adp,198.0,-0.2896004175638041,-0.7837024778671811,-0.5494925152645039,-1.9247614765357217,0.5817567130348607,0.23532998059890126,0.1639221789813997,-0.7860850641119522,0.5475578430169901
safe_graph_adp,200.0,-0.2994401592411605,-0.7942337917536386,-0.5287043361561037,-1.9313347229358568,0.5570733838637908,0.2261259868417476,0.1564097465944072,-0.790731351845147,0.5469432863234227
safe_graph_adp,202.0,-0.3101659366764776,-0.8053609913530677,-0.5051640974301395,-1.9384154174348198,0.5295720972662082,0.2157576041045837,0.14811144777755178,-0.7957046986008544,0.5462286040961338
safe_graph_adp,204.0,-0.3217180056919881,-0.816904505012955,-0.47871134779019897,-1.9459687437632405,0.4991863646415161,0.20417064205944066,0.13902580498899558,-0.8009561963011185,0.545394670009748
safe_graph_adp,206.0,-0.33401589737056464,-0.8286482360978835,-0.44919425766098414,-1.9539595859100753,0.46586328573528496,0.19131531739735408,0.12915646146646906,-0.8064282715448057,0.5444175792935672
safe_graph_adp,208.0,-0.34695391883779914,-0.8403362434398514,-0.41648286419070457,-1.9623524274436623,0.42957325092694215,0.17715086851273615,0.11851492193053818,-0.81205367599605,0.5432684514733795
safe_graph_adp,210.0,-0.36039726076840506,-0.8516717698017537,-0.38048523092674524,-1.9711112646755997,0.3903209346746488,0.16165096863210468,0.10712360173858454,-0.817754953720707,0.5419135853215897
safe_graph_adp,212.0,-0.37417941441465935,-0.8623198078850667,-0.3411661102122604,-1.980199534318004,0.3481571574868153,0.14480977845938878,0.09501902984328464,-0.8234446497336483,0.5403151125548991
safe_graph_adp,214.0,-0.3881017615760171,-0.8719144248908269,-0.29856700810520026,-1.9895800560769987,0.30319082443602907,0.1266482851177486,0.0822549373382418,-0.8290265412346521,0.5384322901616554
safe_graph_adp,216.0,-0.40193625072939215,-0.8800718217105765,-0.25282570870191645,-1.9992149904018222,0.2555997390513844,0.1072203457984956,0.06890484252236076,-0.8343981352098437,0.5362235280945391
safe_graph_adp,218.0,-0.4154319219953364,-0.886409471959386,-0.20419247343607783,-2.009065811369491,0.20563872946516856,0.08661763518060876,0.055063645368885576,-0.8394545586012132,0.5336491584159493
safe_graph_adp,220.0,-0.42832561875177133,-0.8905706356609688,-0.15303956096163573,-2.0190932944317064,0.15364333904167016,0.06497255544288111,0.040847711972493185,-0.8440937588932274,0.5306748134812281
safe_graph_adp,222.0,-0.44035651465922243,-0.8922521898317003,-0.09986075173819547,-2.0292575184880652,0.10002747237649687,0.04245819109265908,0.026393008325520127,-0.8482226514548761,0.5272751128960367
safe_graph_adp,224.0,-0.4512831943765822,-0.8912323757299915,-0.04525849007582069,-2.0395178814840214,0.045273955062365874,0.019284646542976788,0.011851060557246853,-0.8517635526083278,0.5234372027468256
safe_graph_adp,226.0,-0.4609011836972213,-0.8873941935197482,0.010081873533016655,-2.0498331284715254,-0.010082044334780388,-0.004308396579653909,-0.002617137396147146,-0.8546600157024198,0.519163602220246
safe_graph_adp,228.0,-0.46905833204513925,-0.8807402329557349,0.06542876425632638,-2.0601613908240575,-0.06547553700192946,-0.028062402467671572,-0.016848745294000173,-0.8568811386677778,0.5144738434023376
safe_graph_adp,230.0,-0.4756655581997029,-0.8713959242319789,0.12004757379664277,-2.07046023507588,-0.12033780260586585,-0.05171282477972441,-0.03068735401218341,-0.8584235932239878,0.5094045589248787
safe_graph_adp,232.0,-0.4807012401977341,-0.859600318580587,0.17324436489685197,-2.0806867196678773,-0.17412289777725196,-0.07500245661667033,-0.043990864177826286,-0.859311017017561,0.5040079477573717
safe_graph_adp,234.0,-0.48420876857290845,-0.8456859556882752,0.22440395002921876,-2.09079745773902,-0.22633134371326286,0.09769357542966595,0.05663796710225369,0.8595909055876396,-0.49834885475268614
safe_graph_adp,236.0,-0.4862881045859,-0.8300513804532,0.273017554648029,-2.100748684012098,-0.27652836336854814,0.11957746252798272,0.06853250897893606,0.8593295918947526,-0.4925009422959705
safe_graph_adp,238.0,-0.48708318881946727,-0.8131308567315647,0.31869762628618786,-2.1104963237922223,-0.32435514931117265,0.14048045118625618,0.0796054326346334,0.8586061783523262,-0.48654254533881436
safe_graph_adp,240.0,-0.4867674826672051,-0.7953656338694814,0.36117990846284664,-2.1199960621322465,-0.3695329064710655,0.16026632646504718,0.08981441165137516,0.857506333966881,-0.4805527684529518
safe_graph_adp,242.0,-0.48552978176156103,-0.7771800213250488,0.4003149328663218,-2.1292034113242915,-0.4118604917723929,0.17883547638164513,0.0991416112929146,0.8561167162198301,-0.47460824003231294
safe_graph_adp,244.0,-0.48356189157337404,-0.7589640172608033,0.43605219586802163,-2.1380737750523076,-0.451207154688684,0.19612156010487358,0.10759017521028902,0.854520508814684,-0.4687807460586915
safe_graph_adp,246.0,-0.48104905041390383,-0.7410628042082709,0.4684204642357712,-2.14656250778659,-0.4875021240582141,0.212086588394273,0.11518005074813019,0.8527942783090245,-0.463135783346878
safe_graph_adp,248.0,-0.47816333708579334,-0.7237723767730485,0.4975071554131362,-2.1546249683149394,-0.5207226705599215,0.22671525007379087,0.12194367207227874,0.8510061159500707,-0.4577319377551471
safe_graph_adp,250.0,-0.4750598304649298,-0.707339997198182,0.5234389036385317,-2.162216566682951,-0.5508819430586404,0.24000914349587468,0.1279218743759057,0.8492148781601861,-0.45262091843607033
safe_graph_adp,252.0,-0.47187502497021655,-0.6919680210856785,0.5463645473528894,-2.1692928042529958,-0.5780174685137959,0.2519813583861819,0.13316026052697424,0.8474702693909072,-0.44784805742656336
safe_graph_adp,254.0,-0.46872691678854084,-0.6778197620464905,0.5664410363463679,-2.175809307082465,-0.6021808183919506,0.26265165389531114,0.13770611252171697,0.8458135048392327,-0.44345309820970624
safe_graph_adp,256.0,-0.4657162037166458,-0.6650263315335233,0.583822229760755,-2.1817218533615454,-0.6234286321862585,0.2720423202355215,0.1416058456876943,0.8442783227854401,-0.4394711300444558
safe_graph_adp,258.0,-0.46292813064690885,-0.6536936927341275,0.5986502333878928,-2.1869863962340723,-0.6418149658831429,0.2801747008243338,0.14490294337967152,0.842892165299549,-0.43593356339531897
safe_graph_adp,260.0,-0.4604346208390171,-0.6439094410840334,0.611048763697038,-2.1915590839474093,-0.6573847920254619,0.2870662841486683,0.1476362773174959,0.8416773966546446,-0.4328690773034817
safe_graph_adp,262.0,-0.45829643395549774,-0.6357490395028786,0.621117973814026,-2.195396279934796,-0.6701684000187441,0.29272823924665853,0.1498387052460824,0.8406524724212299,-0.43030449796603587
safe_graph_adp,264.0,-0.4565651721746812,-0.6292813874120877,0.6289301861207024,-2.1984545861223577,-0.6801764103650385,0.29716325488295725,0.15153583544726631,0.839833005223443,-0.4282655879942095
safe_graph_adp,266.0,-0.45528501075379946,-0.6245736941308839,0.6345260117462591,-2.2006908734687785,-0.6873951072561688,0.30036354104062135,0.1527448507289271,0.8392326947591457,-0.42677773821585313
safe_graph_adp,268.0,-0.45449405870490556,-0.6216956679458754,0.63791037541278,-2.2020623244827267,-0.6917817976767804,0.3023088557036667,0.15347328868283408,0.8388641004437657,-0.42586655939470863
safe_graph_adp,270.0,-0.4542252594588013,-0.6207230288800408,0.6390479912241117,-2.2025264932128454,-0.6932599140303064,0.3029644260868781,0.15371767773704959,0.8387392355676043,-0.42555837061024643
safe_graph_adp,272.0,-0.45452562756828385,-0.6210861778348525,0.6384813337805199,-2.202562801858559,-0.6925234234123303,0.3026583315085358,0.15355546291274008,0.8388584705382643,-0.42559971873149455
safe_graph_adp,274.0,-0.45541373989006045,-0.622159736555762,0.6368010582028057,-2.2026700365163436,-0.6903421907515384,0.30175148685328634,0.15307502678981952,0.8392108829837267,-0.42572194004631797
safe_graph_adp,276.0,-0.45686420692731233,-0.6239124304922326,0.634041304258605,-2.2028448354009758,-0.6867681414617258,0.30026462631874523,0.15228776479758102,0.839786008550162,-0.4259214137819418
safe_graph_adp,278.0,-0.4588526042618787,-0.626313768336281,0.6302264284798751,-2.2030838442505494,-0.6818448117267418,0.2982145185026036,0.15120319178516084,0.8405735523586971,-0.4261945551310117
safe_graph_adp,280.0,-0.46135510871568863,-0.6293336365810408,0.6253723990788349,-2.2033837159792586,-0.6756086767103281,0.2956145760951203,0.14982923397709397,0.8415632804511386,-0.4265377685999893
safe_graph_adp,282.0,-0.4643481037634085,-0.6329418477012385,0.6194880595781238,-2.20374111030788,-0.6680903869043087,0.29247541921727216,0.148172499682712,0.8427448974746041,-0.4269473940334765
safe_graph_adp,284.0,-0.4678077634838405,-0.6371076561768125,0.612576306157148,-2.2041526933779214,-0.6593159395923682,0.288805406756217,0.14623853538371523,0.8441079152044163,-0.42741964775435376
safe_graph_adp,286.0,-0.47170962305612363,-0.6417992546927493,0.6046352191132115,-2.204615137354978,-0.6493078094453916,0.2846111485057047,0.14403207312264302,0.8456415159156127,-0.42795056095091394
safe_graph_adp,288.0,-0.4760281437878577,-0.6469832626190498,0.5956591846120532,-2.2051251200264574,-0.6380860591036616,0.2798980093530828,0.14155727438316942,0.8473344144805739,-0.42853591735845514
safe_graph_adp,290.0,-0.4807362816653626,-0.6526242199776296,0.5856400387517504,-2.2056793243984685,-0.625669447163784,0.2746706151049621,0.1388179748655862,0.8491747232972133,-0.42917119237570045
safe_graph_adp,292.0,-0.48580507024656755,-0.6586841022673551,0.5745682615172683,-2.2062744382963446,-0.6120765471501294,0.26893336772619486,0.13581793368026465,0.8511498246572733,-0.42985149598455913
safe_graph_adp,294.0,-0.4912032311866207,-0.665121874481003,0.5624342430530881,-2.2069071539729586,-0.5973268866695188,0.26269097568716926,0.13256108946587064,0.8532462558681003,-0.43057152216468375
safe_graph_adp,296.0,-0.4968968285797926,-0.6718931061091915,0.5492296384121007,-2.2075741677287013,-0.5814421108899701,0.25594900268034065,0.12905182474637525,0.8554496132558171,-0.4313255078673678
safe_graph_adp,298.0,-0.5028489863455116,-0.6789496725132443,0.5349488191644597,-2.2082721795467455,-0.564447168653809,0.2487144351029753,0.1252952384387323,0.8577444819976034,-0.4321072049834996
safe_graph_adp,300.0,-0.5090196907270661,-0.6862395712870131,0.5195904206699141,-2.2089978927469756,-0.5463715129083361,0.2409962653681396,0.12129742479601062,0.8601143994268374,-0.43290986904328727
safe_graph_adp,302.0,-0.5153657021605975,-0.6937068845280638,0.5031589722889594,-2.2097480136617507,-0.5272502997986234,0.23280608431396843,0.11706575523072463,0.8625418598726435,-0.4337262685451489
safe_graph_adp,304.0,-0.521840601772186,-0.7012919186081747,0.48566658443515315,-2.210519251336479,-0.5071255629491386,0.2241586718236455,0.11260915746028731,0.8650083690590382,-0.4345487187418301
safe_graph_adp,306.0,-0.5283949969745388,-0.7089315513161785,0.4671346515949268,-2.2113083172578185,-0.48604733157565666,0.21507257043551367,0.107938384349273,0.8674945554130804,-0.43536914332436516
safe_graph_adp,308.0,-0.5349769074635007,-0.7165598114057922,0.4475955151237382,-2.2121119251121586,-0.4640746537259415,0.20557062251793196,0.10306626284462594,0.8699803441428966,-0.43617916665728046
safe_graph_adp,310.0,-0.5415323468518146,-0.72410870702143,0.4270940150937712,-2.2129267905769217,-0.441276479946279,0.19568044792575753,0.09800791171782143,0.872445197514789,-0.43697023797241324
safe_graph_adp,312.0,-0.5480061059305238,-0.7315093068987422,0.4056888484829052,-2.213749631147109,-0.41773235895413013,0.18543483645990094,0.09278091569442548,0.8748684213344118,-0.4377337872061373
safe_graph_adp,314.0,-0.5543427311746838,-0.7386930618162258,0.3834536436368308,-2.2145771659994296,-0.39353289645882306,0.1748720284844029,0.08740544323963452,0.8772295332918432,-0.4384614100082335
safe_graph_adp,316.0,-0.5604876771415832,-0.7455933343018927,0.36047766035777934,-2.2154061158962786,-0.3687799320157379,0.1640358582590607,0.08190429603491331,0.8795086837898856,-0.4391450769784648
safe_graph_adp,318.0,-0.5663885949279333,-0.7521470835672934,0.33686603304099466,-2.2162332031317904,-0.3435863973588162,0.1529757383380362,0.07630288021688311,0.8816871145335938,-0.4397773595991113
safe_graph_adp,320.0,-0.5719967024743677,-0.7582966322046131,0.3127394921425683,-2.217055151522141,-0.3180758332047249,0.1417464699485736,0.07062909282650971,0.8837476350654004,-0.4403516629012933
safe_graph_adp,322.0,-0.5772681682478173,-0.7639914239610325,0.28823352692184073,-2.2178686864422765,-0.29238155960908235,0.1304078734440684,0.06491312153805748,0.8856750932345869,-0.4408624529486347
safe_graph_adp,324.0,-0.5821654298465824,-0.7691896706246723,0.2634969883999664,-2.218670534911243,-0.26664551641903034,0.11902424416690685,0.05918716131101125,0.8874568129544308,-0.4413054660631402
safe_graph_adp,326.0,-0.5866583652779753,-0.7738597830696152,0.23869017281157964,-2.219457425728301,-0.241016813366399,0.10766365140552943,0.05348505765097677,0.8890829720825044,-0.4416778866176583
safe_graph_adp,328.0,-0.5907252383364406,-0.7779814882766007,0.2139824681867199,-2.2202260896620536,-0.21565005153780695,0.09639711032141601,0.04784189204855607,0.8905468951904973,-0.44197848132398976
safe_graph_adp,330.0,-0.5943533509624126,-0.7815465508245328,0.18954968502750724,-2.220973259694877,-0.19070349680495163,0.08529766734348497,0.042293530198123284,0.8918452403778285,-0.44220768024148327
safe_graph_adp,332.0,-0.5975393538243605,-0.7845590425783643,0.16557122135107338,-2.2216956713249796,-0.1663371989647205,0.07443944724432344,0.03687615713978731,0.8929780657702528,-0.44236759802428943
safe_graph_adp,334.0,-0.6002891896537637,-0.7870351353138717,0.14222722863890505,-2.2223900629285307,-0.14271115609123122,0.06389671389807587,0.031625825037786014,0.8939487692354419,-0.44246199286056825
safe_graph_adp,336.0,-0.6026176692597318,-0.7890024240545664,0.11969594618025581,-2.2230531761843726,-0.11998362112090932,0.05374299604407653,0.026578038678079317,0.8947639032112843,-0.4424961646685094
safe_graph_adp,338.0,-0.6045477044892351,-0.7904988198304147,0.09815135680935885,-2.2236817565639475,-0.09830963721677234,0.044050324306929796,0.021767401001164945,0.8954328743676279,-0.44247679790451927
safe_graph_adp,340.0,-0.606109242716777,-0.7915710756481816,0.077761289151324,-2.2242725538891923,-0.07783987122852706,0.034888616888036406,0.017227336424781046,0.8959675441878997,-0.4424117573632637
safe_graph_adp,342.0,-0.6073379614835108,-0.7922730259283963,0.05868605394227905,-2.224822322961282,-0.05871979257005336,0.026325239819235718,0.012989903904276777,0.8963817507838461,-0.4423098472866101
safe_graph_adp,344.0,-0.6082737884323969,-0.7926636261380048,0.04107765942515695,-2.225327824263252,-0.04108922043559088,0.018424754757018155,0.009085705275910964,0.8966907739995086,-0.44218054479583946
safe_graph_adp,346.0,-0.6089593106069294,-0.7928048759259259,0.025079607915806504,-2.225785824739683,-0.02508223778368512,0.011248854285740758,0.005543888063409312,0.8969107651314066,-0.4420337181412674
safe_graph_adp,348.0,-0.6094381294087146,-0.7927596971197657,0.010827236276368606,-2.226193098656781,-0.010827447831957807,0.004856472658522712,0.002392236114813011,0.8970581597147023,-0.44187933869888024
safe_graph_adp,350.0,-0.609753204683436,-0.7925898197166272,-0.001551470220166217,-2.226546428546376,0.0015514708425805022,-0.0006959504648311646,-0.00034266349913354157,0.8971490873447091,-0.441727193311927
safe_graph_adp,352.0,-0.6099452155471168,-0.7923537071724173,-0.011934687315074032,-2.2268426062375126,0.01193497065627033,-0.005354084153004359,-0.002635192841984164,0.8971987870768907,-0.44158660080365236
safe_graph_adp,354.0,-0.6100509487628452,-0.7921045295507458,-0.02020530075856336,-2.2270784339794956,0.020206675827609544,-0.00906523571619338,-0.004460433296209456,0.8972210312493977,-0.44146613360481834
safe_graph_adp,356.0,-0.610101709669032,-0.7918881718699364,-0.026249325923044978,-2.2272507256604297,0.0262523412742879,-0.011777838424190836,-0.005793874569895192,0.8972275552233026,-0.4413733427468606
safe_graph_adp,358.0,-0.6101217375445239,-0.7917412473769372,-0.02995434154946939,-2.2273563081254673,0.029958822844061175,-0.01344094497375886,-0.006611125677443969,0.8972274860867443,-0.44131448223001973
safe_graph_adp,360.0,-0.6101265983854341,-0.7916890733125804,-0.031208094143774904,-2.227392022599146,0.03121316219389429,-0.014003779160891535,-0.006887653351736405,0.8972267603142605,-0.4412942272186391
safe_graph_adp,362.0,-0.6092896278506533,-0.7923742949937973,-0.030151716811734244,-2.226310311517779,0.030156287300215943,-0.013526047931147115,-0.006661772618155045,0.8969952255786598,-0.44178301472786113
safe_graph_adp,364.0,-0.606800117039308,-0.7943949754515808,-0.027022970568843018,-2.223103873732851,0.027026260529964253,-0.012112635023058755,-0.005989795305596222,0.8963058523025782,-0.44323044294491354
safe_graph_adp,366.0,-0.6026909611081516,-0.7976741964049862,-0.021897072594123438,-2.217846545049482,0.021898822846383347,-0.009801929524461519,-0.004879241438532679,0.8951657240740735,-0.4455989695045555
safe_graph_adp,368.0,-0.5969744402174818,-0.802123000633336,-0.01483946030007742,-2.210602772154863,0.014840004985946042,-0.006630449775523518,-0.0033305498605563067,0.8935749143448283,-0.44885277878947505
safe_graph_adp,370.0,-0.5896462707119148,-0.8076399916035438,-0.005909263757780351,-2.201429877450114,0.005909298149643109,-0.0026341586694410292,-0.0013383324906638037,0.8915275341917948,-0.45295686974826516
safe_graph_adp,372.0,-0.580689721070375,-0.8141105891389724,0.0048369923512012365,-2.190380299045143,-0.004837011212844384,0.002150086463960544,0.00110737805718614,0.8890127300826608,-0.4578760930568554
safe_graph_adp,374.0,-0.5700799217202966,-0.8214062058374832,0.01734150694288793,-2.177503816737657,-0.01734237623958702,0.007683001280638206,0.004019839581663828,0.8860156893361912,-0.4635741695038382
safe_graph_adp,376.0,-0.5577884724838915,-0.8293836096774138,0.0315412105435135,-2.1628497685754158,-0.031546442671020164,0.013921317408478125,0.007414229608858796,0.8825187054341981,-0.4700127239550719
safe_graph_adp,378.0,-0.5437884061365945,-0.8378847430194826,0.04736377061212309,-2.146469252804289,-0.04738149724867747,0.020816272803262672,0.011306164854212318,0.8785023470114275,-0.4771503743247855
safe_graph_adp,380.0,-0.5280595004325022,-0.8467372673187613,0.06472375249113063,-2.1284172972488147,-0.06476902762953063,0.028312239232560918,0.01571010075368172,0.8739467620802541,-0.4849419211548814
safe_graph_adp,382.0,-0.5105938448290916,-0.8557560850221256,0.08351915091911512,-2.1087549631841447,-0.08361655423122417,0.03634559535194133,0.020637624598696298,0.8688331317724187,-0.4933376888947033
safe_graph_adp,384.0,-0.49140146665841594,-0.8647460438034237,0.1036285592502621,-2.087551334554422,-0.1038149370800875,-0.04484396857094277,-0.026095684283032983,-0.8631452650573994,0.5022830727324986
safe_graph_adp,386.0,-0.47051571483812943,-0.8735059440820188,0.12490927805309375,-2.0648853274065955,-0.12523639256702515,-0.05372597402935549,-0.03208482587282134,-0.856871298018422,0.5117183427389842
safe_graph_adp,388.0,-0.4479980038998447,-0.8818338448034079,0.14719666660965597,-2.040847240543277,-0.1477334653210712,-0.06290156867320727,-0.038597543363504815,-0.8500054303333743,0.5215787483290778
safe_graph_adp,390.0,-0.4239414588259722,-0.889533500064294,0.17030499626221532,-2.015539958962219,-0.1711391787414897,-0.07227310787280775,-0.045616867776973824,-0.8425496013809538,0.5317949496426413
safe_graph_adp,392.0,-0.39847299512217615,-0.8964215775349716,0.1940299654385248,-1.9890797191452099,-0.19526852667140032,-0.08173713930584678,-0.05311533403192286,-0.8345149841984656,0.5422937787740226
safe_graph_adp,394.0,-0.3717534372318426,-0.9023351377287092,0.21815288475383876,-1.9615963520061415,-0.21992136709395976,-0.0911868964920996,-0.06105445713990015,-0.8259231634233741,0.5529993049654021
safe_graph_adp,396.0,-0.34397542829709904,-0.9071387274313406,0.24244635266812176,-1.933232936937638,-0.2448866443342706,-0.10051537047085787,-0.06938482083588512,-0.8168068687187454,0.5638341477336725
safe_graph_adp,398.0,-0.31535910378938314,-0.9107303963579527,0.26668104695842854,-1.904144829291897,-0.269947716447912,-0.10961875576300897,-0.07804683226870673,-0.8072101609045267,0.5747209553255199
safe_graph_adp,400.0,-0.28614575937157993,-0.9130460065490279,0.29063309226331147,-1.8744980624635252,-0.2948884241097563,-0.11840000181167132,-0.08697213122356977,-0.7971880130033442,0.5855839477694094
safe_graph_adp,402.0,-0.2565899933992988,-0.9140613706220804,0.314091365726331,-1.8444671712552305,-0.3194994334486477,-0.12677216831283294,-0.09608557131982529,-0.7868052870207422,0.5963504176586224
safe_graph_adp,404.0,-0.22695099686267176,-0.9137920035682924,0.3368640960946796,-1.8142325304166376,-0.34358434017621464,-0.1346612916118336,-0.10530762600313948,-0.7761351701455866,0.6069520888094025
safe_graph_adp,406.0,-0.19748375866134707,-0.9122905578854569,0.35878420123805455,-1.783977345095376,-0.3669650470123032,-0.14200852045930046,-0.11455702571037396,-0.7652571902250028,0.6173262514961493
safe_graph_adp,408.0,-0.1684309341257104,-0.9096422787196907,0.3797129773857998,-1.75388446234139,-0.38948601699332613,-0.14877136436804908,-0.12375341252926597,-0.7542549701196648,0.6274166192261839
safe_graph_adp,410.0,-0.1400159985389506,-0.9059590155502316,0.39954196562613503,-1.7241331898491061,-0.411017144062553,-0.15492400085489139,-0.13281980756136463,-0.7432138978711563,0.637173881047896
safe_graph_adp,412.0,-0.11243810676627503,-0.9013724297459242,0.41819303561961013,-1.694896307126801,-0.4314551428446859,-0.1604566902980489,-0.14168472058396206,-0.732218883487842,0.64655595052204
safe_graph_adp,414.0,-0.08586884888889684,-0.8960270375942118,0.435616905882493,-1.6663374353984253,-0.45072351354399476,-0.16537443217851885,-0.15028378341919701,-0.7213523472517853,0.6555279343683106
safe_graph_adp,416.0,-0.060450873368001264,-0.8900736429607284,0.45179044037657956,-1.6386088987172875,-0.46877126249353895,-0.16969505291321896,-0.15856084739970044,-0.7106925455890821,0.6640618588149595
safe_graph_adp,418.0,-0.03629817626560858,-0.8836635733177384,0.4667131148694204,-1.6118501650886528,-0.4855706404985259,-0.17344693939527786,-0.16646854164542854,-0.7003122966043425,0.6721361998000156
safe_graph_adp,420.0,-0.013497744039260785,-0.8769439718161978,0.48040304037451975,-1.5861869089976677,-0.5011141966610205,-0.17666662647483092,-0.17396833511285278,-0.6902781253941722,0.6797352654308677
safe_graph_adp,422.0,0.00788781047255716,-0.8700542456904692,0.4928928808594599,-1.5617306916095908,-0.515411440327148,-0.179396418249486,-0.18103017745266928,-0.680649814232823,0.686848476998773
safe_graph_adp,424.0,0.027816974209570206,-0.8631236470660953,0.5042259273591023,-1.53857921688115,-0.5284853688428629,-0.18168218141197545,-0.18763181077462635,-0.6714803172697243,0.6934695898611353
safe_graph_adp,426.0,0.04626573539749911,-0.8562698749601749,0.5144525079769902,-1.516817093955402,-0.5403690662729087,-0.18357140284686038,-0.19375784811712712,-0.662815983961062,0.6995958888927132
safe_graph_adp,428.0,0.06322391099006956,-0.8495985368739386,0.5236268358485675,-1.4965170196511908,-0.5511025193527282,-0.18511156009520804,-0.19939870785674932,-0.65469702902184,0.7052273858934811
safe_graph_adp,430.0,0.07869158154104393,-0.8432032891590373,0.5318043325753845,-1.4777412890734767,-0.5607297402342979,-0.18634881661854344,-0.20454948004446616,-0.6471581873414077,0.7103660389653987
safe_graph_adp,432.0,0.09267574937427397,-0.8371664790187547,0.5390394158920639,-1.4605435456478852,-0.5692962364067068,-0.18732702598242443,-0.20920878404390844,-0.6402294979081582,0.7150150068521061
safe_graph_adp,434.0,0.10518727951087717,-0.8315601291206871,0.5453837070227593,-1.444970691881942,-0.5768468289867444,-0.188087010244101,-0.21337765952335325,-0.6339371693321804,0.7191779448320659
safe_graph_adp,436.0,0.11623813793214181,-0.8264471311077057,0.5508845929719864,-1.4310648964125672,-0.5834237916498473,-0.18866606683198273,-0.21705851664802375,-0.6283044893875013,0.722858343102036
safe_graph_adp,438.0,0.12583890830002745,-0.821882541354512,0.5555840686831345,-1.4188656491900642,-0.589065262651639,-0.1890976532847032,-0.22025415728563794,-0.6233527508950126,0.7260589037207877
safe_graph_adp,440.0,0.13399654469803654,-0.8179148974773534,0.559517780319444,-1.4084118331925641,-0.5938038697778285,-0.1894111984454537,-0.22296686759863527,-0.6191021754155241,0.7287809480581084
safe_graph_adp,442.0,0.14071230212896918,-0.8145874951904492,0.5627141909610203,-1.3997437965867465,-0.5976655005176984,-0.18963199027554237,-0.2251975735285703,-0.6155728241340415,0.7310238432011785
safe_graph_adp,444.0,0.14597977614142219,-0.8119395809783665,0.5651937913657356,-1.3929054229371345,-0.6006681452188105,-0.18978109281159128,-0.22694504409218658,-0.6127854917434684,0.7327844327508256
safe_graph_adp,446.0,0.14978297599133533,-0.8100074261796337,0.566968279215887,-1.3879462084544387,-0.6028207376133728,-0.18987524668051972,-0.22820512269814888,-0.6107625839707727,0.7340564547047315
safe_graph_adp,448.0,0.15209435048669936,-0.8088252521168715,0.5680396289768069,-1.384923364104992,-0.6041219133556806,-0.18992670798365383,-0.22896996345288528,-0.6095289825701767,0.7348299264713173
safe_graph_adp,450.0,0.1528726808716931,-0.8084259733874632,0.5683989699107788,-1.3839039664612305,-0.6045586017904124,-0.1899429784040182,-0.22922724734275224,-0.6091129030317929,0.7350904742892926
safe_graph_adp,452.0,0.15328008914118332,-0.8081762516404309,0.5686443181438583,-1.3833609046265851,-0.6048568364905467,-0.1899715265413031,-0.22938845113591294,-0.6088849595078493,0.7352216425501624
safe_graph_adp,454.0,0.15448196076505158,-0.807438999745431,0.5693659504117566,-1.3817574177198233,-0.6057343781599874,-0.190054438777005,-0.2298634716214665,-0.6082119729433165,0.7356087891560863
safe_graph_adp,456.0,0.15643635521762572,-0.80623708978361,0.5705343301007226,-1.3791450891960935,-0.6071563197365417,-0.19018572675129683,-0.23063502031037972,-0.6071155654384246,0.7362387975031565
safe_graph_adp,458.0,0.1590988912084115,-0.8045925468000636,0.5721174498737488,-1.3755762672652423,-0.6090852528914248,-0.19035806283870266,-0.23168503633674342,-0.605617534697796,0.7370978588467764
safe_graph_adp,460.0,0.16242315592944334,-0.8025268242272519,0.5740813660219616,-1.3711040467030455,-0.611481776629754,-0.1905630891766078,-0.23299480828977218,-0.6037398788760692,0.7381715837176271
safe_graph_adp,462.0,0.16636110061361048,-0.8000610766482562,0.5763907162984682,-1.3657822516708025,-0.6143049888098017,-0.19079171764890435,-0.2345450902520601,-0.6015048215366589,0.739445110054415
safe_graph_adp,464.0,0.17086342596822734,-0.7972164169212828,0.5790092177656516,-1.359665412017601,-0.617512960460835,-0.19103441740067886,-0.23631621528438032,-0.5989348323562028,0.7409032084911611
safe_graph_adp,466.0,0.1758799597294252,-0.7940141469363856,0.5819001411156897,-1.3528087269258493,-0.6210631920882078,-0.19128148666786254,-0.23828820881222038,-0.5960526400212913,0.7425303850502314
safe_graph_adp,468.0,0.18136002713647417,-0.7904759536014038,0.585026757794042,-1.3452680111618027,-0.6249130503803734,-0.1915233058757889,-0.24044090353751585,-0.5928812345974748,0.7443109812938717
safe_graph_adp,470.0,0.18725281368914884,-0.786624064006831,0.5883527561683328,-1.3370996205976147,-0.629020182987803,-0.1917505691492414,-0.2427540566659065,-0.5894438574857418,0.7462292717895194
safe_graph_adp,472.0,0.19350771824415217,-0.7824813560445071,0.5918426230195751,-1.3283603550640006,-0.6333429084214723,-0.1919544916278799,-0.24520746944639724,-0.5857639779003297,0.7482695585589182
safe_graph_adp,474.0,0.2000746934230919,-0.7780714229926758,0.5954619868419884,-1.3191073379512126,-0.6378405776896187,-0.19212699032417135,-0.2477811083029792,-0.5818652555846596,0.7504162620176363
safe_graph_adp,476.0,0.20690456951258604,-0.7734185926666036,0.5991779198472035,-1.3093978732732428,-0.6424739041026651,-0.19226083670959515,-0.250455226227384,-0.5777714902096648,0.7526540077778232
safe_graph_adp,478.0,0.21394935757644298,-0.7685479036063815,0.6029591961773726,-1.2992892821142101,-0.6472052577495182,-0.19234977976691855,-0.2532104826227989,-0.573506558551607,0.7549677085888107
safe_graph_adp,480.0,0.22116252738189696,-0.7634850423741487,0.606776504615164,-1.2888387214526549,-0.6519989214817649,-0.19238863888574645,-0.2560280594563417,-0.5690943411070536,0.7573426406314637
safe_graph_adp,482.0,0.228499255951441,-0.7582562473150163,0.610602614993898,-1.278102989275436,-0.6568213058118365,-0.1923733666779746,-0.25888977140104097,-0.5645586402564363,0.7597645133649651
safe_graph_adp,484.0,0.2359166430508602,-0.7528881850681093,0.614412498502807,-1.2671383206181794,-0.6616411208951909,-0.19230108251393166,-0.26177816762471623,-0.5599230924239649,0.7622195321489736
safe_graph_adp,486.0,0.24337389065677778,-0.7474078066835382,0.6181834030893141,-1.2560001796803861,-0.6664295046701356,-0.19217007828959973,-0.2646766230035325,-0.5552110768951363,0.764694452927807
safe_graph_adp,488.0,0.2508324443458544,-0.741842190414616,0.6218948861217054,-1.2447430534461492,-0.6711601072096515,-0.1919797985911118,-0.26756941678439594,-0.5504456240435844,0.7671766283626238
safe_graph_adp,490.0,0.25825609553997037,-0.7362183781378512,0.6255288073370576,-1.2334202522925815,-0.6758091323331681,-0.1917307979892856,-0.27044179706874627,-0.5456493256920986,0.7696540449269249
safe_graph_adp,492.0,0.265611044555594,-0.7305632119481059,0.6290692858168748,-1.222083722895879,-0.6803553384718474,-0.19142467864562415,-0.2732800299123121,-0.5408442501990096,0.7721153506330622
safe_graph_adp,494.0,0.2728659253758461,-0.7249031768367457,0.6325026252757985,-1.2107838783692497,-0.6847800016255522,-0.1910640117223713,-0.2760714323004686,-0.5360518646359181,0.7745498732247502
safe_graph_adp,496.0,0.2799917939359378,-0.7192642545481054,0.6358172123007475,-1.1995694500176848,-0.6890668439516001,-0.19065224625331714,-0.2788043887364989,-0.5312929661244334,0.7769476288441413
safe_graph_adp,498.0,0.28696208244534854,-0.7136717927878522,0.6390033923365369,-1.1884873644097593,-0.6932019320559552,-0.19019360914967495,-0.28146835164189077,-0.5265876240487642,0.7792993213530311
safe_graph_adp,500.0,0.2937525228364239,-0.708150392987332,0.6420533281894295,-1.1775826486894934,-0.697173549401775,-0.18969299989628285,-0.2840538261892667,-0.5219551344790335,0.7815963326478451
safe_graph_adp,502.0,0.3003410428161721,-0.7027238188660895,0.6449608456320071,-1.1668983662271775,-0.7009720474062485,-0.1891558832549275,-0.2865523405500972,-0.5174139877478914,0.7838307044497136
safe_graph_adp,504.0,0.30670763820576413,-0.6974149271268376,0.6477212703678255,-1.1564755838813479,-0.7045896797738037,-0.18858818295644955,-0.28895640282725543,-0.5129818497395894,0.7859951121680508
safe_graph_adp,506.0,0.31283422529083027,-0.6922456207991035,0.6503312601829546,-1.1463533713555256,-0.7080204244303676,-0.18799617895722004,-0.2912594461488486,-0.5086755570927807,0.7880828315240094
safe_graph_adp,508.0,0.31870447679306557,-0.6872368250443289,0.6527886356050085,-1.1365688324177154,-0.711259797103973,-0.18738641038509993,-0.29345576352235386,-0.5045111261993926,0.7900876986762417
safe_graph_adp,510.0,0.3243036448328179,-0.6824084846605034,0.6550922118385358,-1.1271571671354264,-0.7143046601696581,-0.18676558583038672,-0.29554043408947,-0.5005037756119315,0.7920040646144699
safe_graph_adp,512.0,0.32961837390844745,-0.6777795820830059,0.6572416341752376,-1.1181517637833513,-0.7171530298702322,-0.18614050217094624,-0.29750924238875753,-0.49666796125685797,0.7938267445770341
safe_graph_adp,514.0,0.3346365064965739,-0.6733681743669391,0.6592372185105326,-1.1095843187158863,-0.7198038844667259,-0.18551797267620476,-0.2993585921343273,-0.49301742369521434,0.7955509632087676
safe_graph_adp,516.0,0.33934688340133745,-0.6691914474454028,0.6610797980514347,-1.1014849822657682,-0.7222569752878791,-0.18490476472581155,-0.30108541586543475,-0.48956524657339545,0.7971722961081633
safe_graph_adp,518.0,0.34373914047088033,-0.6652657858742089,0.6627705767861997,-1.0938825286300473,-0.7245126420573444,-0.18430754711468547,-0.30268708162529756,-0.48632392536427854,0.7986866083214418
safe_graph_adp,520.0,0.3478035027718464,-0.6616068562802135,0.6643109898102296,-1.0868045477269204,-0.7265716332960159,-0.18373284660131933,-0.3041612975988867,-0.4833054455073295,0.8000899902296612
safe_graph_adp,522.0,0.35153057677988586,-0.6582297028102979,0.6657025701670886,-1.08027765713926,-0.7284349320355192,-0.18318701309094096,-0.30550601538887945,-0.4805213691099146,0.8013786911471771
safe_graph_adp,524.0,0.3549111406135451,-0.6551488530135898,0.6669468214658272,-1.0743277324882918,-0.7301035865427441,-0.1826761926261141,-0.30671933234484555,-0.4779829294641805,0.802549050808983
safe_graph_adp,526.0,0.35793593181380157,-0.6523784327639918,0.6680450951702165,-1.0689801548878841,-0.7315785452448915,-0.18220630717829792,-0.30779939308958515,-0.47570113275751436,0.8035974287734802
safe_graph_adp,528.0,0.3605954316510689,-0.6499322890277912,0.6689984711129577,-1.0642600745003636,-0.7328604945558324,-0.1817830400860636,-0.30874429011278093,-0.4736868665027779,0.8045201316080307
safe_graph_adp,530.0,0.3628796444212331,-0.6478241194876442,0.6698076394568651,-1.0601926896333504,-0.7339496978296108,-0.18141182585844368,-0.30955196302813287,-0.4719510143805317,0.805313337558321
safe_graph_adp,532.0,0.36477786966427705,-0.6460676082361037,0.6704727819913885,-1.056803541269562,-0.7348458331939115,-0.18109784294300826,-0.310220095816315,-0.4705045773630452,0.8059730182292258
safe_graph_adp,534.0,0.36627846469231023,-0.6446765669362807,0.6709934503002954,-1.0541188233948486,-0.7355478275300477,-0.1808460079339962,-0.31074601110102107,-0.46935880117309936,0.806494856623706
safe_graph_adp,536.0,0.3673685942344917,-0.643665081001097,0.6713684379459797,-1.052165709971694,-0.7360536833480138,-0.18066096955087466,-0.3111265602261613,-0.4685253103137449,0.806874160695572
safe_graph_adp,538.0,0.3680339633778477,-0.6430476604516446,0.6715956433659018,-1.0509726998842641,-0.7363602947334155,-0.18054710053488252,-0.31135800761479965,-0.46801624908246353,0.8071057713691377
safe_graph_adp,540.0,0.36825852928618824,-0.6428393951624519,0.6716719196416855,-1.0505699816441856,-0.7364632478920942,-0.18050848537076544,-0.31143590758972206,-0.4678444301481765,0.8071839637605831
safe_graph_adp,542.0,0.3678641114013463,-0.6425034366230009,0.672209289931738,-1.0508066795327207,-0.7371888307638383,-0.1807150949408343,-0.31170734125960736,-0.46787442514439015,0.8070155575707314
safe_graph_adp,544.0,0.36670066519652805,-0.6415010055213287,0.673800476446513,-1.051499031171383,-0.7393401365405599,-0.18132645589985893,-0.31251247727264697,-0.46795899280882425,0.8065178541043345
safe_graph_adp,546.0,0.3648005457073083,-0.6398405212523922,0.6764056986861635,-1.0526199296283865,-0.7428715779717161,-0.18232837430543067,-0.313833938141075,-0.46808972047804004,0.8057025733959108
safe_graph_adp,548.0,0.36218765671869024,-0.6375221274586439,0.6799894398600824,-1.0541495981834967,-0.7477482321845249,-0.18371066613766598,-0.3156571538032622,-0.4682592582036992,0.8045770438600646
safe_graph_adp,550.0,0.35887856837462645,-0.6345385792602534,0.6845195136676221,-1.0560747336835465,-0.7539443864388086,-0.18546663892472107,-0.317969899829656,-0.468461160199013,0.8031447005573034
safe_graph_adp,552.0,0.3548834750413791,-0.630875973479856,0.6899661044054257,-1.058387914048007,-0.7614422243428435,-0.18759266979520858,-0.3207618294814989,-0.4686897814407653,0.801405470258218
safe_graph_adp,554.0,0.3502070390075707,-0.6265143733662909,0.6963007753801468,-1.0610872248217127,-0.7702306070537278,-0.19008785837381328,-0.3240239924533596,-0.46894022306771654,0.7993560693474733
safe_graph_adp,556.0,0.34484916045845987,-0.6214283742435927,0.7034954386604512,-1.0641760755718799,-0.7803039074784371,-0.1929537379662175,-0.32774833081114774,-0.4692083241176317,0.7969902353442571
safe_graph_adp,558.0,0.3388057104713899,-0.6155876536772856,0.7115212795075567,-1.067663189424528,-0.7916608583424597,-0.19619403247860398,-0.33192714107504434,-0.4694907004212678,0.7942989090106315
safe_graph_adp,560.0,0.33206926115966495,-0.6089575486256685,0.7203476311925312,-1.0715627595054495,-0.804303377412181,-0.19981444991011357,-0.3365524903359468,-0.4697848344389588,0.7912703812142543
safe_graph_adp,562.0,0.32462984512595516,-0.6014997020890721,0.7299408003668901,-1.0758947755316781,-0.8182353354553626,-0.20382250639726573,-0.34161557360820954,-0.47008922270709047,0.787890416523081
safe_graph_adp,564.0,0.31647577460394,-0.5931728223841188,0.740262849853817,-1.080685533150266,-0.8334612350974615,-0.20822737799713403,-0.3471059992616107,-0.4704035905205537,0.7841423635759062
safe_graph_adp,566.0,0.3075945485259584,-0.5839335986367563,0.7512703548658362,-1.0859683486372897,-0.8499847720545407,-0.21303978098210402,-0.3530109893280239,-0.4707291866356606,0.7800072602111319
safe_graph_adp,568.0,0.2979738726266157,-0.5737378155291842,0.7629131603686601,-1.091784513078828,-0.8678072548350619,-0.21827188570236694,-0.35931448172219804,-0.4710691742317685,0.7754639387007244
safe_graph_adp,570.0,0.28760281286629497,-0.562541707683254,0.7751331815554042,-1.0981845341100696,-0.8869258654769523,-0.2239372743880577,-0.36599612186949243,-0.47142913819931004,0.7704891326766363
safe_graph_adp,572.0,0.2764730951716613,-0.5503035880653327,0.7878633057889051,-1.1052297308699033,-0.907331752775062,-0.23005095996155234,-0.3730301316805978,-0.47181773310519526,0.7650575817587844
safe_graph_adp,574.0,0.2645805540026246,-0.5369857740875087,0.8010264720165642,-1.1129942705709375,-0.9290079611922846,-0.23662949136632033,-0.3803840438035083,-0.4722475010186696,0.7591421216195482
safe_graph_adp,576.0,0.25192671797932176,-0.5225568183249166,0.8145350209722768,-1.1215677650361662,-0.9519272134103698,-0.2436911814263334,-0.38801728779402306,-0.4727358939019857,0.75271373515082
safe_graph_adp,578.0,0.2385205024956633,-0.5069940269309179,0.8282904240334955,-1.131058585478805,-0.9760495819889641,-0.25125650610391853,-0.39587961090697543,-0.4733065417045385,0.7457415231756129
safe_graph_adp,580.0,0.22437995725717205,-0.4902862175425653,0.8421835071224526,-1.1415981074415267,-1.001320104911494,-0.25934873937655895,-0.40390930748303777,-0.47399081499538237,0.7381925290954764
safe_graph_adp,582.0,0.2095339922225473,-0.4724366304966233,0.8560952845730893,-1.1533461701777494,-1.0276664190424427,-0.2679949057341798,-0.4120312142294908,-0.4748297404220779,0.7300313189252923
safe_graph_adp,584.0,0.1940239808044105,-0.453465864909231,0.8698985022604263,-1.1664981324083081,-1.054996501749923,-0.2772271520342691,-0.4201543996047796,-0.4758763390740729,0.7212191737448288
safe_graph_adp,586.0,0.17790511787540178,-0.433414668976329,0.8834599559402104,-1.181294037483876,-1.0831966200675045,-0.2870846609021138,-0.42816942797363583,-0.47719847234775237,0.7117126923221331
safe_graph_adp,588.0,0.16124739660681325,-0.4123463781092569,0.8966435978401357,-1.1980305746416178,-1.1121295837237823,-0.2976162462338579,-0.43594500536885844,-0.47888229659336906,0.7014615230225206
safe_graph_adp,590.0,0.14413606735297596,-0.39034877312922756,0.9093143732530159,-1.2170767467551231,-1.1416333776320342,-0.3088837815694886,-0.4433237039858183,-0.48103644332608164,0.6904048400466356
safe_graph_adp,592.0,0.12667145807292904,-0.36753513193644655,0.9213426444608636,-1.2388944272567504,-1.1715202058996583,-0.32096660098943003,-0.4501163063960596,-0.48379704596029127,0.6784660419547588
safe_graph_adp,594.0,0.1089680717372581,-0.3440442785634307,0.9326089715039375,-1.2640652806381167,-1.2015759097781522,-0.3339669514147951,-0.456094099449942,-0.487333701459603,0.6655449731095089
safe_graph_adp,596.0,0.09115293128647879,-0.32003949632449813,0.9430089415855208,-1.2933257307086907,-1.2315596268596791,-0.34801640449783755,-0.460978184970103,-0.4918563279438723,0.6515067519555242
safe_graph_adp,598.0,0.07336321247677328,-0.29570626421786506,0.9524576863868558,-1.3276115125270558,-1.2612034466490796,-0.44117180853853627,-0.3974304447457144,-0.55260061106629,0.5848495888595834
safe_graph_adp,600.0,0.05574328083856683,-0.27124888852585693,0.9608937127043968,-1.3681121614407186,-1.2902117127847936,-0.44298692744164436,-0.41032399084736104,-0.5511466067352782,0.5758769161332088
safe_graph_adp,602.0,0.038441319572736034,-0.24688621947010359,0.9682817046630937,-1.416332032900125,-1.3182595839818416,-0.4449015153061664,-0.4227489781600364,-0.5496022577084969,0.566818578969184
safe_graph_adp,604.0,0.02160578846037691,-0.22284674724910228,0.9746140349623025,-1.4741448391946836,-1.3449906315510998,-0.4468819137915009,-0.43462690970965656,-0.5479932071896928,0.5577628970774535
safe_graph_adp,606.0,0.005381979867911402,-0.19936344490647767,0.9799108383560838,-1.5438070609065022,-1.370013923571521,-0.4488935123851137,-0.4458860790913845,-0.5463466065956262,0.5488037941491581
safe_graph_adp,608.0,-0.010091068508268389,-0.1766687542947128,0.9842186350564166,-1.6278529117871807,-1.3929028243963735,-0.45090172496301656,-0.456462375041753,-0.5446904023620907,0.5400389802331328
safe_graph_adp,610.0,-0.02468308248696493,-0.15499009113164586,0.9876076230416337,-1.7287259533917159,-1.4132015486630658,-0.45287283265711253,-0.46629962878213777,-0.5430526654396635,0.531568110591334
safe_graph_adp,612.0,-0.0382743229005318,-0.13454618023962378,0.9901678653589161,-1.8479450313703358,-1.430451830425494,-0.45477464231800857,-0.4753494890559351,-0.5414610094037496,0.5234910345500309
safe_graph_adp,614.0,-0.05075653747202202,-0.1155444347143585,0.9920046660728923,-1.9847011168775917,-1.4442577087461128,-0.45657693070474425,-0.48357084526238325,-0.5399421324070156,0.5159062294760786
safe_graph_adp,616.0,-0.06203308925814065,-0.09817947954308381,0.993233449715494,-2.1342945716094732,-1.454398774261707,-0.4582516660821442,-0.49092884830302164,-0.5385215042437386,0.5089094869462238
safe_graph_adp,618.0,-0.07201832748800502,-0.08263280779751701,0.9939744360803899,-2.2876669633271915,-1.4609635002040182,-0.4597730183844295,-0.497393598851384,-0.5372232046046327,0.5025928847702368
safe_graph_adp,620.0,-0.08063632039826747,-0.06907345920031724,0.9943473442749924,-2.4332766373917813,-1.464419739272235,0.4611171846756508,0.5029385829326797,0.5360699040207366,-0.4970440441225184
safe_graph_adp,622.0,-0.08781910494404561,-0.057659534139349794,0.9944662804387386,-2.5606115114676276,-1.4655458561894912,0.4622620676085138,0.5075389360647329,0.535082966324197,-0.49234563913807455
safe_graph_adp,624.0,-0.09350462658554502,-0.04854030242077787,0.9944348766249086,-2.662764784283952,-1.4652473541289768,0.46318685131749127,0.5111696122875306,0.534282641273875,-0.4885750991135504
safe_graph_adp,626.0,-0.09763454831990771,-0.04185863128785518,0.9943416666121736,-2.7365688874352876,-1.4643662786232996,0.4638715228373315,0.5138035265151251,0.5336883081917525,-0.4858044216972723
safe_graph_adp,628.0,-0.10015210802491943,-0.03775343409309684,0.9942556177725842,-2.7811039009201197,-1.46355929660386,0.46429638932642314,0.5154097313342204,0.5333187253964056,-0.4840999988080839
safe_graph_adp,630.0,-0.10100020360584823,-0.03636182070059666,0.9942216940234784,-2.7960217570692585,-1.4632428110875073,0.46444164383772496,0.5159516860459051,0.5331922350047044,-0.48352234453682463
safe_graph_adp,632.0,-0.10157221032271706,-0.03597517077884351,0.9941774857527155,-2.8011960218092287,-1.4628317648733877,0.4643917845243711,0.5161839155718516,0.5332356612852052,-0.48327442028821643
safe_graph_adp,634.0,-0.10326109428957678,-0.03482724479875364,0.994044369948267,-2.816300028061094,-1.4616033687201366,0.46424618042159044,0.5168704510617957,0.5333624320890665,-0.48254008830269823
safe_graph_adp,636.0,-0.10601545786984787,-0.03294267672212736,0.993818646807871,-2.840316878408175,-1.4595512649001434,0.4640117769849401,0.517990982658623,0.5335663696479362,-0.48133703564587077
safe_graph_adp,638.0,-0.10978694185268939,-0.03034416536978974,0.993491851514971,-2.871933339978577,-1.4566453732726623,0.46369507450055103,0.519525353608865,0.5338416224723664,-0.4796805259311491
safe_graph_adp,640.0,-0.11452956479938149,-0.027052946927371636,0.9930514170220036,-2.909635002331006,-1.452841716400921,0.4633021777946136,0.5214534402503472,0.5341826392262934,-0.4775838247376868
safe_graph_adp,642.0,-0.12019906484625105,-0.02308927141494711,0.9924812695238202,-2.951812432956906,-1.4480920375671085,0.4628388366825832,0.5237550201810122,0.5345841479676638,-0.47505860568480157
safe_graph_adp,644.0,-0.1267522529335129,-0.01847287928517059,0.9917623803649713,-2.9968715003750908,-1.4423521422273367,0.4623104783553455,0.5264096359907415,0.5350411401031248,-0.47211534092432866
safe_graph_adp,646.0,-0.13414638545620444,-0.013223474500715097,0.9908732951246411,-3.0433351305446426,-1.43558817945989,0.46172223280438385,0.5293964610704986,0.535548858400552,-0.46876367927350354
safe_graph_adp,648.0,-0.142338564198857,-0.0073611900714501115,0.9897906576759249,-3.089922623070302,-1.427780512614751,0.46107895235695256,0.5326941734297583,0.5361027883656408,-0.46501281444062015
safe_graph_adp,650.0,-0.15128517185600118,-0.0009070412545572634,0.9884897440300848,-3.1355971526743645,-1.418925296009576,0.460385226413063,0.5362808430546517,0.5366986522254297,-0.4608718448469078
safe_graph_adp,652.0,-0.16094135222016231,0.0061166394256228305,0.9869450176517851,3.1036055426785656,-1.4090342355553802,0.45964539253561776,0.5401338380339666,0.5373324046814764,-0.4563501254636583
safe_graph_adp,654.0,-0.17126054501631996,0.013685792360701915,0.9851307145796301,3.0618499946444078,-1.3981331778031674,0.45886354512861044,0.5442297543833454,0.5380002295092482,-0.45145761090477105
safe_graph_adp,656.0,-0.18219408616228677,0.021774254438308667,0.9830214630470412,3.0226455052956176,-1.3862601471640073,0.45804354302909145,0.5485443741319261,0.5386985360007551,-0.4462051877872035
safe_graph_adp,658.0,-0.19369088472838925,0.030353425227054042,0.9805929383541978,2.9861462676595263,-1.373463304281694,0.4571890174174631,0.5530526557312062,0.5394239541889613,-0.44060499314994145
safe_graph_adp,660.0,-0.205697187856798,0.03939198567563606,0.977822549531527,2.9523788009511795,-1.359799113739861,0.45630338149666577,0.5577287601457277,0.5401733277705484,-0.4346707145717426
safe_graph_adp,662.0,-0.2181564442001977,0.04885567946915302,0.9746901499643533,2.921279832139762,-1.345330847001629,0.4553898433822797,0.562546115048212,0.5409437036737397,-0.42841786662575587
safe_graph_adp,664.0,-0.23100927490608414,0.0587071668091586,0.9711787597927617,2.892727554051012,-1.3301274331602828,0.45445142356187673,0.5674775183480473,0.5417323173141729,-0.42186403753998947
safe_graph_adp,666.0,-0.2441935587164844,0.0689059592814456,0.9672752838033662,2.8665657801185476,-1.314262606427485,0.45349097810588496,0.5724952808379072,0.5425365727548401,-0.4150290994837901
safe_graph_adp,668.0,-0.2576446343578835,0.07940844257635675,0.962971204987039,2.8426216169272553,-1.2978142736239975,0.45251122853271497,0.5775714060851079,0.5433540172408897,-0.4079353758536655
safe_graph_adp,670.0,-0.27129561913932493,0.0901679911226468,0.9582632312745368,2.8207177601890767,-1.280864023269626,0.45151479884572393,0.5826778038902436,0.5441823099139713,-0.4006077593527651
safe_graph_adp,672.0,-0.2850778377371575,0.10113517525668682,0.9531538715007698,2.8006806135455684,-1.2634967087998157,0.45050425977772074,0.5877865317838193,0.5450191849119882,-0.39307377558614753
safe_graph_adp,674.0,-0.2989213498035145,0.11225805752793643,0.9476519166612284,2.7823453185054823,-1.2458000543872743,0.5740067725670707,-0.10422858699779222,0.79912269180283,0.1451053070889488
safe_graph_adp,676.0,-0.3127555596600786,0.12348257037534231,0.9417728041917591,2.7655585918326033,-1.2278642484823525,0.5659335056423571,-0.10767694553821487,0.802984094007845,0.15277921115555212
safe_graph_adp,678.0,-0.3265098863541019,0.13475296300209424,0.93553884637421,2.750180064047094,-1.2097815053608592,0.557816587429215,-0.11058365545113123,0.8068619450216478,0.15995534255464555
safe_graph_adp,680.0,-0.3401144681997472,0.14601230117437736,0.9289793089337168,2.736082632667771,-1.1916455878037884,0.5496942774269795,-0.11300607427861574,0.8107322993911182,0.16667023508760465
safe_graph_adp,682.0,-0.35350087300790334,0.15720300022569034,0.9221303321671463,2.723152197801355,-1.1735512942889799,0.5416049073114417,-0.11499755246097736,0.814571052414666,0.17295573963362085
safe_graph_adp,684.0,-0.36660278383630424,0.16826736907871667,0.9150346940891361,2.711287035822069,-1.1555939217873372,0.5335870064983679,-0.11660760425673673,0.8183544822066147,0.17883935410853657
safe_graph_adp,686.0,-0.37935663045020007,0.17914814184243752,0.9077414225471218,2.700396984521164,-1.1378687205691131,0.5256793218250112,-0.11788213450029142,0.822059680066329,0.18434461039177755
safe_graph_adp,688.0,-0.391702138790331,0.18978897363523275,0.9003052704241853,2.690402554251773,-1.1204703605244075,0.51792075828283,-0.1188636822123007,0.825664880230532,0.18949147406828862
safe_graph_adp,690.0,-0.40358277444731794,0.2001348787294488,0.8927860743119564,2.681234038568727,-1.103492429602774,0.5103502661126703,-0.11959165781724532,0.8291496985491714,0.1942967283694394
safe_graph_adp,692.0,-0.4149460611328821,0.21013259178425428,0.8852480218675094,2.6728306699144584,-1.087026984332774,0.5030066971470263,-0.12010256130097097,0.8324952884763899,0.19877432444558502
safe_graph_adp,694.0,-0.4257437609943061,0.2197308365935424,0.8777588560785502,2.665139847324338,-1.0711641702873487,0.49592865037937406,-0.12043017546287627,0.8356844220967231,0.20293568743752186
safe_graph_adp,696.0,-0.4359319098506939,0.22888049110500222,0.8703890456373284,2.658116451152801,-1.05599192714388,0.4891543235525674,-0.1206057325435513,0.8387015036370093,0.20678997273679223
safe_graph_adp,698.0,-0.4454707065445928,0.23753464210671282,0.863210949542403,2.6517222524580077,-1.0415957889963217,0.48272138422514305,-0.12065805472166265,0.8415325229027578,0.2103442700419135
safe_graph_adp,700.0,-0.4543242611594124,0.2456485275756772,0.8562980010614621,2.6459254205231626,-1.0280587861528776,0.4766668704133661,-0.12061366984192064,0.8441649561708721,0.2136037548139572
safe_graph_adp,702.0,-0.46246021150924543,0.25317936893231635,0.849723931590642,2.6407001300763877,-1.015461450106107,0.4710271276249908,-0.12049690366524601,0.8465876221406211,0.21657178783656922
safe_graph_adp,704.0,-0.46984922084887326,0.26008609911865,0.8435620491184689,2.636026269465668,-1.0038819189455614,0.46583778599227516,-0.1203299492058338,0.8487905005056066,0.21924996400770194
safe_graph_adp,706.0,-0.47646437210379905,0.26632899538705024,0.8378845793615354,2.631889251961451,-0.9933961363720623,0.4611337783505819,-0.12013291252474942,0.8507645205227005,0.2216381113712551
safe_graph_adp,708.0,-0.48228047514442685,0.2718692279283468,0.8327620705820544,2.628279934293149,-0.9840781337556547,0.4569493975405291,-0.11992383279481024,0.8525013266265431,0.2237342408196253
safe_graph_adp,710.0,-0.48727330390487505,0.276668337062126,0.8282628559635553,2.6251946494234915,-0.976000381352784,0.45331838894835946,-0.11971867257807332,0.8539930277166095,0.2255344459031177
safe_graph_adp,712.0,-0.4914187797499583,0.2806876528282411,0.8244525604659341,2.6226353645076736,-0.9692341917712357,0.45027407231865474,-0.1195312720439373,0.8552319363064838,0.22703275077088722
safe_graph_adp,714.0,-0.4946921167679312,0.28388767170178086,0.8213936324706965,2.620609980191727,-0.9638501558732301,0.4478494851212464,-0.11937325821845306,0.8562103033754477,0.22822090240087337
safe_graph_adp,716.0,-0.49706694400402,0.2862274061077848,0.8191448743484352,2.6191327942563967,-0.9599185882985721,0.4460775381491415,-0.1192538971406286,0.8569200546251572,0.22908810086250922
safe_graph_adp,718.0,-0.4985144194754293,0.28766372378498467,0.8177609403690249,2.618225161697456,-0.9575099563747986,0.44499117246671116,-0.11917987277308757,0.8573525340625671,0.2296206582365514
safe_graph_adp,720.0,-0.49900235157100087,0.28815069622023204,0.8172917651575885,2.6179163955288267,-0.9566952620173735,0.44462350520807803,-0.11915497132830485,0.8574982615686468,0.22980157273391724
safe_graph_adp,722.0,-0.4987238806005535,0.28945568002237354,0.817000550930971,2.6157150903609434,-0.9561900593380916,0.444275532324832,-0.11958598469159891,0.8573570624690844,0.23077545596793944
safe_graph_adp,724.0,-0.4978869379349328,0.29332733798992416,0.8161296893395813,2.609193397412905,-0.954681428503692,0.4432369466693306,-0.12085784082273052,0.8569345665096805,0.23366116523672195
safe_graph_adp,726.0,-0.49648005896575886,0.29970178387826174,0.8146694985020271,2.5984912944964687,-0.9521590632435166,0.44150437715347657,-0.12292731667833687,0.8562294694164313,0.2383985223767994
safe_graph_adp,728.0,-0.49447234094942033,0.30855282316752813,0.812583693751818,2.583709731451697,-0.9485714191994108,0.43905036948463905,-0.1257478048138216,0.8552331027615894,0.2449461217914907
safe_graph_adp,730.0,-0.4918135997961192,0.3198873641250125,0.8098095191640651,2.564919430688907,-0.9438273736346305,0.43582527615149125,-0.12926672265999872,0.8539302748531654,0.2532775725748666
safe_graph_adp,732.0,-0.48843359962973454,0.33374122889334806,0.806256417580349,2.5421704983415103,-0.937796287935229,0.4317585946299906,-0.1334219152046479,0.8523000600480978,0.2633775164061431
safe_graph_adp,734.0,-0.4842404878932467,0.35017489388124207,0.8018034008285142,2.5155030473209647,-0.9303069375673361,0.4267600959033142,-0.13813713156457852,0.8503166332782947,0.2752373096038594
safe_graph_adp,736.0,-0.47911855438273987,0.36926860247953097,0.7962952405163601,2.4849590097563166,-0.9211457903327042,0.42072110719374617,-0.14331666580755714,0.8479502405761643,0.28885026011810766
safe_graph_adp,738.0,-0.4729254611573169,0.391116166475789,0.7895376194396451,2.450595191815045,-0.9100552035638866,0.41351634902268697,-0.14883933124071783,0.8451683761561801,0.3042063419987966
safe_graph_adp,740.0,-0.4654891736349425,0.41581660590924935,0.7812914817651415,2.412497387740089,-0.8967322768350341,0.4050067662875806,-0.15455209169758632,0.841937193482609,0.3212863713944397
safe_graph_adp,742.0,-0.456604980598476,0.44346258464675464,0.7712670275015555,2.3707950186051567,-0.8808293381024384,0.39504381935429483,-0.16026390664181608,0.838223103074081,0.34005571674467305
safe_graph_adp,744.0,-0.4460332471563039,0.4741244213390653,0.7591181564954826,2.3256753160961248,-0.8619573464164758,0.38347569315389446,-0.16574065078343406,0.8339944006143181,0.3604577217677383
safe_graph_adp,746.0,-0.43349892372076226,0.5078283803789069,0.7444387276429654,2.2773955975678644,-0.8396938294963978,0.3701558176467168,-0.17070231253837467,0.8292226373866263,0.3824071244131174
safe_graph_adp,748.0,-0.41869434171692377,0.5445281370528164,0.7267627922314274,2.226291796248914,-0.8135972662773723,0.35495395274162395,-0.17482399618572017,0.8238833298569145,0.4057838347872362
safe_graph_adp,750.0,-0.40128741692516523,0.5840690258708745,0.7055719538330418,2.172781286621599,-0.7832299386377274,0.3377698612877794,-0.17774245035912092,0.8179555793580224,0.43042747628729716
safe_graph_adp,752.0,-0.38093789896952424,0.6261462735100787,0.6803140166850352,2.1173583489693333,-0.7481909951266386,0.3185492613080337,-0.17906978726919295,0.8114203354440459,0.45613311503917814
safe_graph_adp,754.0,-0.3573244142825417,0.6702612363125842,0.6504376511660168,2.0605814421015656,-0.7081604853242963,0.297301283706431,-0.17841558702692276,0.8042574745982218,0.4826486709452721
safe_graph_adp,756.0,-0.3301841900038575,0.7156837828866389,0.6154470924332706,2.0030527307999226,-0.6629530888660832,0.274116007603368,-0.17541754163263082,0.7964425786517776,0.5096747191824034
safe_graph_adp,758.0,-0.29936482881721016,0.7614336999672655,0.5749777559361777,1.9453917746011822,-0.612576960175203,0.24917974942014612,-0.16977906766635728,0.7879451012544894,0.5368678031604318
safe_graph_adp,760.0,-0.2648829012048394,0.8062973486340886,0.5288871658822383,1.8882065128297232,-0.5572887946659872,0.22278471330225438,-0.16130993903785346,0.7787300907053893,0.5638488458056934
safe_graph_adp,762.0,-0.22697801115189484,0.848894365561079,0.4773461412561994,1.8320652741739243,-0.49763206872181553,0.19532875124318566,-0.14996334662588068,0.7687652439104627,0.5902183268603495
safe_graph_adp,764.0,-0.18614572103245416,0.8877995562142321,0.42090583094929956,1.7774732886644216,-0.4344436851924787,0.16730112148774812,-0.135860830808916,0.7580334393469316,0.6155789748137234
safe_graph_adp,766.0,-0.14313221251090852,0.9217069342871933,0.3605128250543048,1.724856173727051,-0.3688176315921256,0.13925218144025178,-0.1192966962110153,0.7465483269880062,0.6395644797115275
safe_graph_adp,768.0,-0.09888115667301292,0.9496021076832504,0.29745311216817943,1.6745514451860588,-0.3020239068678304,0.1117491367172162,-0.10071701284129814,0.7343682057802013,0.6618697395307105
safe_graph_adp,770.0,-0.054438240179032725,0.9708974245879396,0.23322664713689137,1.6268077010815718,-0.23539452349336662,0.08532503722225653,-0.08067487968507613,0.7216028574481359,0.6822759836997813
safe_graph_adp,772.0,-0.010834690480669415,0.9854913678765919,0.16937937691145225,1.5817900851644884,-0.17019991301924334,0.06043161625611235,-0.059770871050705984,0.7084100424289413,0.7006644521569075
safe_graph_adp,774.0,0.031020898240208206,0.9937388273187362,0.10733520835007301,1.5395901113768937,-0.10754238298116937,0.037406077282932604,-0.03859197938710306,0.6949821652437429,0.7170155050641566
safe_graph_adp,776.0,0.07041773683028836,0.9963491194319728,0.048267738157410804,1.500237886411165,-0.04828649999191964,0.01645747710370427,-0.01766167377211151,0.6815271064781088,0.7313945719394733
safe_graph_adp,778.0,0.10687415443666329,0.9942481486540887,-0.006966635584378168,1.4637150566220545,0.006966691938737411,-0.002327750524193145,0.0025913756122884837,0.6682486120854307,0.7439298749182135
safe_graph_adp,780.0,0.1401290815607038,0.9884426948879389,-0.05783493255483618,1.42996725315899,0.05786722299456431,-0.018966375349251486,0.021844836863460653,0.6553306511388407,0.7547879287498332
safe_graph_adp,782.0,0.17010690813282753,0.9799127616693885,-0.10408947748433495,1.398915273187471,0.10427836150423049,-0.03355214229195804,0.039878382694535044,0.6429278812800502,0.7641516261934107
safe_graph_adp,784.0,0.19687070135825252,0.9695418833039555,-0.14570677220407013,1.3704646294314895,0.14622733135673652,-0.04622898289627365,0.056559445368642644,0.6311621649469059,0.7722034911987269
safe_graph_adp,786.0,0.22057549628383816,0.9580828555799327,-0.18282147653637437,1.3445133905934712,0.18385553435454288,-0.057167718398619324,0.07182470535744331,0.6201237485844235,0.7791146257868706
safe_graph_adp,788.0,0.2414284303796631,0.9461501212416655,-0.21566701435034916,1.3209584222894826,0.21737486789189636,-0.06654803351339046,0.08566139975530208,0.6098753228342092,0.7850385814884083
safe_graph_adp,790.0,0.25965821692326796,0.934228917484357,-0.2445279945532528,1.2997002407409164,0.24703287953792374,-0.07454584479412636,0.09809077713715711,0.6004574014690754,0.7901088693879876
safe_graph_adp,792.0,0.2754937052300525,0.9226929639968643,-0.26970523274363517,1.2806467336762484,0.2730869075125442,-0.08132528223059386,0.10915462982450516,0.5918939213852843,0.794438827780428
safe_graph_adp,794.0,0.28914995423498563,0.9118250038142446,-0.2914917947130907,1.2637160069420086,0.29578598744683005,-0.08703418088811292,0.11890494898663942,0.5841974289476048,0.7981228154078971
safe_graph_adp,796.0,0.3008198852109278,0.9018368227978101,-0.31015760785064694,1.2488385986173305,0.3153588113939918,-0.09180200385211905,0.12739629536683464,0.5773735717205476,0.8012380012793948
safe_graph_adp,798.0,0.3106697247254818,0.8928870756854723,-0.3259401666147317,1.2359592771945462,0.3320060322953445,-0.09573929650842533,0.134680315077398,0.5714248422740403,0.80384628472539
safe_graph_adp,800.0,0.3188367857324052,0.885096329838235,-0.3390392174523686,1.2250386144788543,0.3458954392549834,-0.09893798612313318,0.14080182708339312,0.5663536462527418,0.8059960718068676
safe_graph_adp,802.0,0.3254284884813263,0.8785593412157905,-0.3496137623824835,1.2160545019263085,0.35715881861116117,-0.10147203054130816,0.14579597753679213,0.5621648234223021,0.8077237592509503
safe_graph_adp,804.0,0.3305218162597918,0.8733548580982907,-0.35778012914699875,1.2090037637439552,0.3658895780730389,-0.10339806388863045,0.1496860438320195,0.558867766248889,0.8090548488909628
safe_graph_adp,806.0,0.3341626106867536,0.8695533314891789,-0.3636101666827859,1.2039040125628315,0.3721404119448816,-0.10475578280656617,0.1524815519898847,0.5564782753705478,0.8100046489446591
safe_graph_adp,808.0,0.33636423891497175,0.867222879029717,-0.3671288287053479,1.2007958946006574,0.3759204168424605,-0.10556786868650733,0.15417643431226366,0.5550202767874975,0.8105785246097224
safe_graph_adp,810.0,0.3371052201440219,0.8664337458092615,-0.36831051393434683,1.1997458814616124,0.37719113275387,-0.10583925530275975,0.15474699830139707,0.5545275073832645,0.8107716460933795
safe_graph_adp,812.0,0.3364687418214566,0.866138845191111,-0.3695839371889618,1.2002691661012042,0.3785612149830724,-0.10625973461778922,0.1552745771317898,0.5546669584406624,0.8105203512001937
safe_graph_adp,814.0,0.3345816934862809,0.865258678593484,-0.3733396704108874,1.201821695154146,0.38260639150844605,-0.10750315348737595,0.1568302037353798,0.5550796703655961,0.8097739923789911
safe_graph_adp,816.0,0.33148743329377667,0.8637929349921348,-0.37944412899131463,1.2043696203629972,0.3891954201907972,-0.10953438934503917,0.15935774647646778,0.5557529954854525,0.8085455671746014
safe_graph_adp,818.0,0.327224935127629,0.8617255583669234,-0.3877536639258655,1.2078833537889586,0.3981933403275462,-0.11231976814469696,0.16279665615867117,0.5566729571119302,0.8068436882369076
safe_graph_adp,820.0,0.32183080610495357,0.8590283771840715,-0.3981145305491076,1.2123368034917386,0.40946055149069704,-0.11582637752450667,0.1670819888084567,0.5578245297253734,0.8046736315563143
safe_graph_adp,822.0,0.3153414111928009,0.8556648028492791,-0.4103626926900607,1.217706659757901,0.4228517498077262,-0.12002135002357742,0.17214434759395184,0.5591919330561308,0.8020383913098664
safe_graph_adp,824.0,0.30779500023146245,0.8515935784826439,-0.42432371477403774,1.2239717191941653,0.43821489965724353,-0.12487116110735819,0.17790983710721084,0.5607589408513738,0.798939730667734
safe_graph_adp,826.0,0.29923373192583097,0.8467725386713153,-0.4398129618711524,1.2311122360757043,0.45539040051053503,-0.13034098353078927,0.18430011205413632,0.5625092023548746,0.7953792139446078
safe_graph_adp,828.0,0.2897054870379252,0.8411623106992001,-0.4566362861614274,1.2391092923290605,0.47421058772529995,-0.1363941360624143,0.19123258903366938,0.5644265703991239,0.7913591998370589
safe_graph_adp,830.0,0.27926536334172763,0.8347298545760715,-0.47459132600272336,1.2479441794897463,0.49449968012871354,-0.14299165985376294,0.19862087372742543,0.5664954252673982,0.7868837696147568
safe_graph_adp,832.0,0.2679767518036846,0.8274517098821675,-0.49346948062248364,1.2575977879559592,0.5160742546047715,-0.1500920490188171,0.20637543608828862,0.5687009789665624,0.7819595595190172
safe_graph_adp,834.0,0.2559119098598701,0.8193167988126983,-0.5130585518000711,1.2680500009027147,0.5387442883443944,-0.1576511529318889,0.214404543363159,0.5710295411406491,0.7765964646514825
safe_graph_adp,836.0,0.24315197485297027,0.810328632630714,-0.533145969002803,1.2792790923515298,0.5623147643378951,-0.16562225652996854,0.22261543622612004,0.5734687263725626,0.7708081833818362
safe_graph_adp,838.0,0.22978639779239993,0.8005067866252453,-0.553522443950123,1.2912611311170294,0.5865877882370075,-0.17395633226334886,0.23091570895343638,0.5760075836847393,0.7646125772976033
safe_graph_adp,840.0,0.21591182143675575,0.7898875470260573,-0.5739858433942608,1.303969394657011,0.6113651194180103,-0.18260244452088836,0.23921483298823917,0.5786366329226236,0.7580318317678841
safe_graph_adp,842.0,0.20163047217063707,0.7785236888046041,-0.5943450333453777,1.317373799191451,0.6364509811069847,-0.1915082759017757,0.24742574703369608,0.5813477991869402,0.7510924153168157
safe_graph_adp,844.0,0.18704817612178473,0.766483409069599,-0.6144234398446723,1.3314403547513005,0.6616549885876971,-0.20062073614158005,0.2554664281089161,0.584134244885865,0.7438248505467553
safe_graph_adp,846.0,0.1722721405107964,0.7538485076811184,-0.6340620924410945,1.3461306559584072,0.68679502421563,-0.20988661001055225,0.2632613579535412,0.5869901082242011,0.7362633232707417
safe_graph_adp,848.0,0.15740865690934272,0.74071196505876,-0.6531219637623492,1.3614014211800065,0.7116998944502576,-0.21925320065339796,0.27074280765031833,0.5899101657464053,0.7284451677771719
safe_graph_adp,850.0,0.14256088193122787,0.7271751087145111,-0.6714854847344279,1.377204094075032,0.7362116261505045,-0.2286689294464603,0.2778518789411296,0.5928894436598361,0.7204102731578886
safe_graph_adp,852.0,0.12782683375791795,0.7133445796843726,-0.689057190083923,1.3934845222702272,0.760187293478026,-0.23808386161394182,0.2845392610370971,0.5959228071231238,0.7122004575384323
safe_graph_adp,854.0,0.11329771319782042,0.6993293066140138,-0.7057635220772659,1.4101827277889663,0.7835003079351582,-0.24745013716584516,0.2907656838701586,0.5990045579831667,0.7038588539014868
safe_graph_adp,856.0,0.09905662074913009,0.6852376714559849,-0.7215518827522681,1.4272327827468188,0.8060411468354157,-0.2567222975892547,0.2965020698815136,0.6021280695843809,0.6954293438553332
safe_graph_adp,858.0,0.08517770195303626,0.6711750121004505,-0.7363890698686121,1.4445628016177405,0.8277175348563865,-0.2658575086471356,0.3017294043357636,0.6052854827126347,0.6869560656056954
safe_graph_adp,860.0,0.0717257171962341,0.6572415607346416,-0.7502592567478115,1.462095058033301,0.8484541254917389,-0.2748156874855062,0.3064383573937843,0.6084674802482728,0.6784830112169248
safe_graph_adp,862.0,0.05875600271846751,0.643530869172457,-0.7631616817992694,1.4797462296747883,0.868191752060043,-0.28355954739347694,0.3106286993061884,0.6116631506050628,0.6700537175788522
safe_graph_adp,864.0,0.046314768889366115,0.6301287294365455,-0.7751082031054823,1.4974277695396478,0.8868863309275606,-0.2920545758905612,0.3143085534337163,0.6148599424208099,0.6617110465649395
safe_graph_adp,866.0,0.03443967020924583,0.6171125632474487,-0.7861208516494409,1.5150463960112377,0.9045075035736118,-0.300268961651755,0.31749353123460156,0.6180437059946168,0.6534970434311083
safe_graph_adp,868.0,0.02316057806617813,0.604551229511749,-0.7962294886020443,1.5325046881378326,0.921037100758655,-0.3081734837293091,0.32020579000700106,0.6211988111811735,0.6454528588202475
safe_graph_adp,870.0,0.012500490369129315,0.5925051844152086,-0.8054696419987727,1.5497017668064146,0.9364675034311208,-0.3157413733239002,0.3224730491580494,0.6243083271766808,0.6376187186368529
safe_graph_adp,872.0,0.002476519787602886,0.5810269231058732,-0.813880569540681,1.5665340375755297,0.9507999632074096,-0.3229481547161029,0.32432759502952296,0.6273542469837631,0.6300339270700155
safe_graph_adp,874.0,-0.0068990874594500205,0.5701616333070196,-0.8215035693756289,1.582895967273498,0.964042932076195,-0.3297714684945776,0.32580529851329665,0.630317738279978,0.622736890538215
safe_graph_adp,876.0,-0.01561793912526454,0.5599479974379705,-0.8283805406591139,1.598680864449581,0.9762104377842832,-0.33619087733904834,0.32694466422768426,0.6331794027727679,0.6157651536351897
safe_graph_adp,878.0,-0.023674516646625916,0.5504190889865413,-0.8345527806800326,1.613781633627258,0.9873205290712781,-0.3421876525719158,0.3277859250518318,0.6359195276615022,0.6091554416600158
safe_graph_adp,880.0,-0.031065242937685415,0.5416033193494509,-0.8400599949711207,1.6280914751272035,0.9973938040363608,-0.347744538544283,0.3283701913166934,0.6385183152607925,0.6029437075248244
safe_graph_adp,882.0,-0.03778760557274363,0.5335254019274114,-0.8449394903561276,1.6415045059090538,1.0064520256163292,-0.35284549159237305,0.3287386598222715,0.6409560798718027,0.5971651834095529
safe_graph_adp,884.0,-0.04383933559611826,0.5262073101234044,-0.8492255174140625,1.6539162821795106,1.0145168203698727,-0.35747539061720557,0.3289318839552197,0.6432134043346182,0.5918544392880881
safe_graph_adp,886.0,-0.0492176365631677,0.519669214582903,-0.8529487274543087,1.6652242110707833,1.0216084502923064,-0.36161971708647894,0.3289891023925113,0.6452712521014349,0.587045451334657
safe_graph_adp,888.0,-0.05391845400977884,0.5139303923331806,-0.8561357089582575,1.675327846088929,1.027744641942862,-0.36526420321190883,0.3289476201000887,0.6471110339310998,0.5827716832920762
safe_graph_adp,890.0,-0.05793577209797948,0.5090101064048239,-0.8588085688261154,1.6841290688449801,1.0329394524377826,-0.36839444802635124,0.32884223150721376,0.6487146312719836,0.5790661832764631
safe_graph_adp,892.0,-0.061260921402153154,0.5049284591371225,-0.8609845240550903,1.6915321674409696,1.0372021475292745,-0.37099550193219955,0.32870467181707996,0.650064380985993,0.5759616973766561
safe_graph_adp,894.0,-0.06388187939956061,0.5017072258084522,-0.8626754691400277,1.6974438295039527,1.0405360627463132,-0.37305142093580196,0.32856307836827814,0.6511430282456697,0.5734907999593357
safe_graph_adp,896.0,-0.06578254294858482,0.4993706776139336,-0.8638874830570348,1.7017730750670634,1.0429374141260053,-0.3745447922023634,0.3284414397470048,0.6519336562344415,0.5716860389757616
safe_graph_adp,898.0,-0.06694194964719764,0.4979464044046829,-0.8646202367038839,1.7044311612157335,1.0443940201332162,-0.37545623279512763,0.32835900590300016,0.6524196027603649,0.5705800929157029
safe_graph_adp,900.0,-0.0673334222690612,0.4974661479797458,-0.8648662566314691,1.7053314966596598,1.0448838906800355,-0.37576386357492647,0.3283296277544063,0.6525843751371799,0.5702059344629039
safe_graph_adp,902.0,-0.06711272411572773,0.49606846273987704,-0.8656858336236428,1.7052691044311417,1.0465188097920275,-0.3762869419694199,0.3288073771414267,0.6522592052207768,0.5699576960138697
safe_graph_adp,904.0,-0.06647094796270032,0.4919157395344973,-0.8681016750791167,1.7051094796911979,1.0513651477031225,-0.3778400156977364,0.3302176716071155,0.6513000563025658,0.569211251255792
safe_graph_adp,906.0,-0.06543999247679934,0.4850718744209596,-0.8720222956039446,1.7048945303455925,1.0593188721120625,-0.38039141636062007,0.33251961345084446,0.6497312543728374,0.567963356318664
safe_graph_adp,908.0,-0.06404593200726363,0.47556827004070884,-0.877344253485374,1.704663328627526,1.0702994819714649,-0.3839140859935943,0.3356772612096137,0.6475675581052872,0.5662040344010906
safe_graph_adp,910.0,-0.062310157034170296,0.4634099447209531,-0.8839506023891268,1.7044548005893527,1.0842449124133942,-0.38838460894985394,0.33965754502134043,0.644816121562699,0.563916941591387
safe_graph_adp,912.0,-0.060250453437576394,0.44858179656915725,-0.8917086153264158,1.7043104794814903,1.1011062720562,-0.39378212732310414,0.344428037576679,0.6414784124581793,0.5610796819366234
safe_graph_adp,914.0,-0.057882049605918806,0.43105528246346253,-0.90046710755794,1.7042777520650831,1.1208423216063454,-0.4000872502700975,0.3499544731719842,0.6375522657083719,0.5576640273214267
safe_graph_adp,916.0,-0.05521865723368819,0.41079575510670263,-0.9100537058215974,1.7044141772256125,1.143413614164842,-0.4072811065646497,0.3561978717818894,0.633034284028043,0.5536359558578455
safe_graph_adp,918.0,-0.05227352386826562,0.3877706468652401,-0.9202724619003371,1.7047937979484917,1.168776254115032,-0.41534478323905394,0.36311104735790967,0.6279228688467833,0.5489553252332748
safe_graph_adp,920.0,-0.0490605027386177,0.3619585884350082,-0.930902275928666,1.705517075874343,1.1968752931255753,-0.4242595795119766,0.37063411115256023,0.6222223131803138,0.5435747950586121
safe_graph_adp,922.0,-0.045595127973558136,0.3333593948205996,-0.941696659328214,1.70672756842745,1.227637867046098,-0.43400887567848556,0.37868820632593764,0.6159487043386187,0.5374371887444316
safe_graph_adp,924.0,-0.041895661409994546,0.302004637350934,-0.9523854012811988,1.708641780795189,1.26096627821701,-0.405089955632385,0.4301693885659984,0.5795706409453056,0.5612078911960835
safe_graph_adp,926.0,-0.03798405246845021,0.2679682574200356,-0.9626786716102853,1.7116065746382267,1.2967313205913933,-0.4166101405275238,0.43881207301598735,0.5713457716738934,0.5544762975776439
safe_graph_adp,928.0,-0.03388672853885188,0.23137639376163172,-0.9722739603829759,1.716219602193212,1.3347661692252808,-0.42862491774284417,0.44795388644310913,0.5623883710479264,0.5471172777572594
safe_graph_adp,930.0,-0.02963511552417321,0.19241534288268314,-0.9808659927590558,1.723611946081513,1.3748609349877048,-0.4410321143547202,0.45752254988610286,0.5527121077991735,0.5391410913162884
safe_graph_adp,932.0,-0.025265783662585493,0.1513364260523712,-0.9881593628183718,1.7362217429326385,1.4167568641511619,-0.4537199670838514,0.4674341668747204,0.5423450852265824,0.53057073009933
safe_graph_adp,934.0,-0.020820129347888315,0.10845657820015037,-0.9938831384318036,1.7604564556114588,1.4601337065529034,-0.46656914857737086,0.4775948440657174,0.5313315627701664,0.5214433477587408
safe_graph_adp,936.0,-0.016343543413204868,0.0641537681712286,-0.9978061848967127,1.8202459876397659,1.5045450217461058,-0.47945575721432415,0.48790326380601645,0.5197327937258137,0.5118109076284294
safe_graph_adp,938.0,-0.011884078478412875,0.018856918537180804,-0.9997515617902285,2.1331432520605733,1.5485051403133703,-0.49225510030340974,0.49825407475897915,0.5076267489260982,0.50173984990837
safe_graph_adp,940.0,-0.00749070314911107,-0.02696924884742914,-0.9996081977369621,-1.841717192139488,1.5428024756648002,-0.5048459637617545,0.508541835743226,0.4951066075841296,0.4913096796307903
safe_graph_adp,942.0,-0.0032113030188767955,-0.07284320399124083,-0.997338235086378,-1.6148529426041047,1.4978176095606925,-0.51711495902053,0.5186651447246505,0.48227805170585547,0.48061051554013806
safe_graph_adp,944.0,0.0009093611041373324,-0.11828752821921293,-0.9929789694299529,-1.5631087607112581,1.452227681708462,0.5289604994045172,-0.5285305377915335,-0.4692555700998378,-0.4697397903326824
safe_graph_adp,946.0,0.004831513465687618,-0.16284950329060965,-0.9866390909322581,-1.5411364475161617,1.4071456754357188,0.5402959985561832,-0.5380557678558788,-0.4561581238388471,-0.4587984205258566
safe_graph_adp,948.0,0.008521845891270705,-0.20611918150719183,-0.9784897859239057,-1.5294755957388186,1.3630090587619499,0.5510519963642347,-0.5471721664625983,-0.4431046121436691,-0.4478868386642175
safe_graph_adp,950.0,0.011954489525631854,-0.24774321801938137,-0.968751974504095,-1.5225801767663514,1.3201486250347814,0.5611770769531959,-0.5558259322260138,-0.43020958648345675,-0.43710128467562626
safe_graph_adp,952.0,0.015111424697781742,-0.287433484421365,-0.9576813858883321,-1.5182710436860904,1.2788356909067906,0.5706376111100778,-0.5639783425491847,-0.41757959335506784,-0.4265306895587639
safe_graph_adp,954.0,0.01798235858632211,-0.32497029668862404,-0.9455532460151467,-1.5155173108706388,1.23929027742558,0.3991440983051095,0.4218415168875509,-0.5595163584175614,0.5913333815043441
safe_graph_adp,956.0,0.020564163172959865,-0.3602007971250115,-0.9326481120677306,-1.5137674004207788,1.201684381095182,0.38819415635547594,0.41098860189179115,-0.5663976408218442,0.5996560502137374
safe_graph_adp,958.0,0.022860001760329526,-0.39303350821957145,-0.9192399478569966,-1.5126987968635637,1.1661455658625892,0.377854932288006,0.40047069206564484,-0.5728815094906613,0.6071701993887638
safe_graph_adp,960.0,0.024878280563871823,-0.4234302880608722,-0.905587026358523,-1.5121096588784397,1.1327616553322861,0.3681252452860778,0.39038897155095115,-0.578927724858168,0.61394050531383
safe_graph_adp,962.0,0.02663154841798436,-0.451396894904793,-0.8919257838515332,-1.511866560922757,1.101586312954976,0.35901046880091886,0.3808156700143838,-0.5845200178458422,0.6200219814654451
safe_graph_adp,964.0,0.02813544121179219,-0.4769731856812853,-0.8784674024053846,-1.5118771309376635,1.0726450826329266,0.35051677723544955,0.3718021607137126,-0.5896570466658723,0.6254643950556822
safe_graph_adp,966.0,0.029407736788950162,-0.5002237111741072,-0.8653966858014626,-1.5120747450897118,1.0459414812386258,0.34264869145256266,0.36338433834789724,-0.594346661679012,0.6303140032081802
safe_graph_adp,968.0,0.030467557059505084,-0.5212291970175533,-0.8528727057089248,-1.512409483112271,1.0214628306106996,0.33540832554525624,0.3555865634976373,-0.598602052560955,0.6346140824821649
safe_graph_adp,970.0,0.031334730610589716,-0.5400791587293718,-0.8410306991803188,-1.5128425222129902,0.9991856287869358,0.3287955159496483,0.3484247558714225,-0.6024390626367491,0.6384049451537006
safe_graph_adp,972.0,0.03202931242770915,-0.5568657117461223,-0.8299847602377364,-1.5133425067803772,0.9790803619360886,0.3228083904216905,0.3419089191881037,-0.6058742730680748,0.64172377179532
safe_graph_adp,974.0,0.0325712470979345,-0.5716785073128456,-0.8198309570509289,-1.5138830936839902,0.9611157392826495,0.3174441323696739,0.33604525035988075,-0.6089236127476072,0.6446044107613849
safe_graph_adp,976.0,0.03298015686831878,-0.58460064501678,-0.8106505998880811,-1.5144412134802872,0.945262391586192,0.3126998070138886,0.3308379286798563,-0.611601329717867,0.6470772049204302
safe_graph_adp,978.0,0.03327523473309434,-0.5957053710319764,-0.8025134700907598,-1.514995770363931,0.931496112165974,0.3085731806253521,0.32629065577337907,-0.6139192052611085,0.6491688605942995
safe_graph_adp,980.0,0.03347522398265587,-0.6050533554122017,-0.7954808900808034,-1.5155266044142546,0.9198007425785599,0.3050635025232392,0.32240800603690645,-0.6158859193486876,0.6509023516777164
safe_graph_adp,982.0,0.03359846829516028,-0.6126903412032486,-0.7896085667749977,-1.5160135956337029,0.9101708176455447,0.3021722420661126,0.3191966422787954,-0.6175064934155451,0.6522968421449846
safe_graph_adp,984.0,0.033663019718167146,-0.6186449642240269,-0.7849491762806727,-1.5164358190285594,0.9026140908384721,0.29990378544805674,0.31666644905850644,-0.6187817468070569,0.6533676065837742
safe_graph_adp,986.0,0.03368679526632244,-0.6229265488707371,-0.781554677893158,-1.5167706727840589,0.8971540644524052,0.2982661030854532,0.31483163568641415,-0.6197077081478458,0.6541259277718466
safe_graph_adp,988.0,0.03368777603885352,-0.6255226879320025,-0.77947835160951,-1.5169929015014973,0.893832652013602,0.2972713995400949,0.3137118618608802,-0.6202749226821549,0.6545789509561853
safe_graph_adp,990.0,0.03368424554172114,-0.6263964103340781,-0.7787765460790832,-1.5170734241438635,0.8927131045503124,0.2969367548346161,0.3133334418156054,-0.6204675909901548,0.6547294757372297
safe_graph_adp,992.0,0.03307265670655533,-0.6265292127683785,-0.778695925844104,-1.5180581805867248,0.8925845956707793,0.29705110827717673,0.313145148361572,-0.6208089784340521,0.6544440139726077
safe_graph_adp,994.0,0.031263949963255905,-0.6269178536646409,-0.7784578152920137,-1.5209683132369987,0.8922051663885477,0.29738847817720426,0.31258859621742996,-0.621817010488768,0.6535993176473446
safe_graph_adp,996.0,0.02830772745097694,-0.6275433343260557,-0.7780668583801122,-1.5257180842485552,0.8915825632772262,0.29793593125009477,0.3116784304758357,-0.6234602571540797,0.6522177892357947
safe_graph_adp,998.0,0.024249507464045864,-0.6283854405530659,-0.7775240828994819,-1.5322252855638816,0.8907189825435055,0.2986782827960408,0.3104266450021131,-0.6257080344223727,0.6503199498078092
safe_graph_adp,1000.0,0.019131479693207318,-0.6294228814879452,-0.776827408594831,-1.540410410050505,0.8896118910932302,0.29959834404173874,0.3088430805976213,-0.6285301995293205,0.6479248197854838
safe_graph_adp,1002.0,0.012993246341926255,-0.6306333949356803,-0.7759720979142204,-1.5501957554418888,0.8882547731611602,0.30067711013245363,0.30693591926218117,-0.6318969206252842,0.6450503070407451
safe_graph_adp,1004.0,0.005872546914242317,-0.6319938326670755,-0.7749511653410946,-1.5615044989294649,0.8866378238906598,0.3018939120551017,0.3047121719895901,-0.6357784352935111,0.6417135960233254
safe_graph_adp,1006.0,-0.0021940349850866165,-0.6334802373865103,-0.7737557593008371,-1.57425977534903,0.8847486088498273,0.3032265530056729,0.30217815792230834,-0.6401448104665255,0.6379315324231547
safe_graph_adp,1008.0,-0.011170384710352045,-0.6350679215738995,-0.7723755288026871,-1.588383788813416,0.8825727057299312,0.30465144721835385,0.29933997223150705,-0.6449657148869362,0.6337209980366648
safe_graph_adp,1010.0,-0.021020192144111157,-0.636731557172547,-0.7707989852243243,-1.6037969857364454,0.8800943414382879,0.3061437768908187,0.2962039390294815,-0.6502102141426839,0.6290992702260664
safe_graph_adp,1012.0,-0.03170631360818288,-0.6384452839827632,-0.769013867909772,-1.6204173158633541,0.8772970344857138,0.30767768039871685,0.29277704419559436,-0.6558465973047221,0.6240843598267575
safe_graph_adp,1014.0,-0.04319016539518562,-0.6401828435345319,-0.7670075204697653,-1.6381596065974813,0.8741642489896452,0.30922648233285754,0.2890673414306864,-0.6618422431484619,0.6186953207568766
safe_graph_adp,1016.0,-0.055431155772023864,-0.6419177440606454,-0.7647672827925298,-1.656935074073982,0.8706800627985736,0.3107629728900679,0.28508432337499756,-0.6681635327162294,0.6129525240950681
safe_graph_adp,1018.0,-0.06838616386378744,-0.6436234608972481,-0.7622809017512138,-1.6766509916429877,0.866829848259121,0.31225974073390245,0.2808392484572091,-0.6747758134802134,0.6068778891876868
safe_graph_adp,1020.0,-0.08200907521719344,-0.645273675141806,-0.7595369614120223,-1.697210532368985,0.8626009601094834,0.3136895596182028,0.27634541350302816,-0.6816434185440634,0.6004950645741739
safe_graph_adp,1022.0,-0.0962503849070148,-0.6468425516619346,-0.7565253312115392,-1.7185127966677267,0.8579834210595506,0.3150258249244137,0.271618362209012,-0.6887297421807783,0.5938295522935729
safe_graph_adp,1024.0,-0.11105687962242272,-0.6483050555634706,-0.7532376281223447,-1.7404530293128473,0.8529705920235291,0.316243031980865,0.2666760205191358,-0.6959973706065913,0.5869087705191823
safe_graph_adp,1026.0,-0.12637141009332425,-0.6496373040177329,-0.7496676863381512,-1.7629230219856085,0.8475598109535067,0.3173172838677422,0.2615387517919814,-0.7034082643513329,0.5797620514591625
safe_graph_adp,1028.0,-0.1421327643491106,-0.6508169479790612,-0.7458120255947206,-1.785811688751499,0.8417529820412183,0.31822681268255876,0.2562293273853855,-0.7109239860647468,0.5724205739797831
safe_graph_adp,1030.0,-0.1582756505397325,-0.6518235758966682,-0.7416703070445149,-1.8090057929377519,0.835557095950718,0.31895249528855485,0.25077281177805505,-0.7185059652798956,0.5649172333000103
safe_graph_adp,1032.0,-0.1747307953432482,-0.652639129178283,-0.7372457637885268,-1.8323907955773702,0.8289846619055002,0.31947834271269865,0.2451963653573309,-0.7261157897244614,0.5572864531512707
safe_graph_adp,1034.0,-0.1914251603601034,-0.6532483170644819,-0.732545591914613,-1.8558517886223111,0.8220540339849124,0.3197919418521759,0.23952897220949454,-0.7337155113886545,0.5495639487324135
safe_graph_adp,1036.0,-0.20828227446483658,-0.6536390169048445,-0.7275812873648022,-1.8792744711788907,0.8147896168824258,0.3198848291278591,0.23380110428581244,-0.7412679548362744,0.5417864513453823
safe_graph_adp,1038.0,-0.22522267505625088,-0.6538026447701486,-0.72236891428969,-1.9025461245773947,0.8072219405151426,0.3197527781874345,0.2280443368125231,-0.7487370152302223,0.5339914075275854
safe_graph_adp,1040.0,-0.2421644458112399,-0.6537344810438684,-0.7169292918267735,-1.9255565424029695,0.7993875980000713,0.3193959875536927,0.22229093243977202,-0.7560879342118062,0.5262166666203014
safe_graph_adp,1042.0,-0.25902383327015477,-0.6534339362187606,-0.711288088467459,-1.9481988746473617,0.791329047272905,0.3188191589374462,0.21657341314497577,-0.7632875430359211,0.5185001709347279
safe_graph_adp,1044.0,-0.2757159197687304,-0.6529047436195925,-0.7054758162723348,-1.970370350570593,0.7830942825901126,0.3180314623831579,0.2109241392006017,-0.7703044640834236,0.5108796620047279
safe_graph_adp,1046.0,-0.29215532629045726,-0.6521550681377648,-0.6995277209820522,-1.9919728521334734,0.7747363878642355,0.31704639002152674,0.20537491359564075,-0.7771092638817348,0.5033924149498971
safe_graph_adp,1048.0,-0.3082569161078118,-0.6511975231665346,-0.6934835682937789,-2.0129133182672656,0.7663129887896976,-0.3158815054947498,-0.199956628297415,0.7836745528941432,-0.4960750108929742
safe_graph_adp,1050.0,-0.32393646888792066,-0.6500490915539094,-0.6873873309091186,-2.0331039690203894,0.7578856246366048,-0.31455810067308254,-0.19469896588669333,0.7899750294323312,-0.48896315490738407
safe_graph_adp,1052.0,-0.33911129541283375,-0.6487309502670375,-0.6812867850538832,-2.052462347038373,0.7495190631341087,-0.3131007747633561,-0.1896301666863526,0.795987466979803,-0.4820915443524904
safe_graph_adp,1054.0,-0.35370076521857885,-0.6472682022732379,-0.6752330286721487,-2.0709111812871024,0.7412805828644302,-0.3115369531078531,-0.18477686784432204,0.8016906458971137,-0.4754937899058052
safe_graph_adp,1056.0,-0.36762672315771844,-0.6456895225712654,-0.6692799360970039,-2.0883780839889234,0.7332392470037077,-0.3098963638002432,-0.1801640172197157,0.8070652318605438,-0.4692023892996796
safe_graph_adp,1058.0,-0.38081377587730836,-0.6440267280653874,-0.6634835654629728,-2.1047950961703226,0.7254651901575884,-0.3082104897396107,-0.17581486160314094,0.8120936044435534,-0.4632487518340608
safe_graph_adp,1060.0,-0.3931894351261,-0.6423142828388833,-0.6579015353123819,-2.12009809997262,0.7180289366296011,-0.3065120120393323,-0.17175100595664627,0.8167596399895933,-0.45766327022446335
safe_graph_adp,1062.0,-0.4046841112648503,-0.6405887512104647,-0.6525923857297109,-2.1342261170697014,0.7110007639807888,-0.3048342580109449,-0.16799253808791428,0.8210484533687435,-0.4524754352564253
safe_graph_adp,1064.0,-0.4152309569622513,-0.6388882106988711,-0.6476149369881826,-2.1471205124087325,0.7044501204775819,-0.3032106634993934,-0.16455821150431652,0.8249461033956257,-0.4477139880092333
safe_graph_adp,1066.0,-0.4247655674834957,-0.6372516357236251,-0.6430276552746299,-2.158724121360988,0.698445099270924,-0.301674255409569,-0.16146567808555848,0.8284392666587688,-0.44340710400413563
safe_graph_adp,1068.0,-0.4332255499829688,-0.635718260663572,-0.6388880308010448,-2.1689803166029464,0.6930519661652634,-0.30025715607388176,-0.15873176157388194,0.831514884328078,-0.4395826034261822
safe_graph_adp,1070.0,-0.440549979684663,-0.6343269279768637,-0.6352519687834725,-2.177832029019627,0.688334731835306,-0.2989901068743324,-0.1563727625707959,0.8341597862330148,-0.43626818145372903
safe_graph_adp,1072.0,-0.4466787657956013,-0.6331154237027601,-0.6321731886571851,-2.185220735008252,0.6843547534874734,-0.2979020044189953,-0.15440478558066256,0.8363602962166428,-0.43349165259015565
safe_graph_adp,1074.0,-0.4515519546002871,-0.6321197990959073,-0.6297026217887376,-2.191085421131806,0.6811703453419946,-0.2970194387148585,-0.15284407846339207,0.8381018225602543,-0.43128120261074077
safe_graph_adp,1076.0,-0.45510900168963125,-0.6313736736885447,-0.6278877931239771,-2.1953615365045023,0.6788363719886856,-0.2963662192853952,-0.15170737424311245,0.8393684372461689,-0.4296656411928529
safe_graph_adp,1078.0,-0.4572880500260694,-0.6309075120563564,-0.626772167963937,-2.1979799439842114,0.6774037936876349,-0.2959628721582656,-0.15101222434417885,0.8401424481072589,-0.428674647361837
safe_graph_adp,1080.0,-0.4580252559123052,-0.6307478643273488,-0.6263944417002405,-2.198865883651428,0.6769191281115106,-0.2958260882301078,-0.1507773107527571,0.8404039686474113,-0.42833899841868234
safe_graph_adp,1082.0,-0.45869792150377425,-0.6307572754228016,-0.6258925437399949,-2.1995566903265065,0.6762754280542811,-0.2956076026060906,-0.15053734715622322,0.8406470530865221,-0.42809716715903695
safe_graph_adp,1084.0,-0.4606865255879934,-0.6307812645939662,-0.6244060548864816,-2.201597645543446,0.674370905794582,-0.2949600035712522,-0.14982869665912,0.8413647392489336,-0.4273819527065341
safe_graph_adp,1086.0,-0.4639343942687809,-0.6308097669132045,-0.6219677771246419,-2.204925723327636,0.6712531906338164,-0.29389588309234344,-0.14867343917388073,0.8425339195656165,-0.4262135764695691
safe_graph_adp,1088.0,-0.468387985241899,-0.6308286810277874,-0.6186015441896153,-2.2094777694907624,0.6669615792141407,-0.29242283874417113,-0.1470933465041186,0.8441312338938589,-0.42461145858284494
safe_graph_adp,1090.0,-0.4739960507559216,-0.6308203151812292,-0.6143235904817953,-2.2151904687817536,0.6615284392548282,-0.2905442906057361,-0.1451100154291116,0.8461330325664658,-0.42259435611286716
safe_graph_adp,1092.0,-0.4807087477521327,-0.6307637486926102,-0.6091438197747904,-2.222000271600931,0.6549805516931881,-0.2882602491827384,-0.14274502165517144,0.8485153108039541,-0.4201805027188188
safe_graph_adp,1094.0,-0.4884767157840365,-0.630635141326049,-0.6030670084339848,-2.2298432980921663,0.6473404063380885,-0.2855680486060372,-0.1400200845832049,0.8512536248412281,-0.41738774745232016
safe_graph_adp,1096.0,-0.49725014053557604,-0.630408019552911,-0.5960939746556128,-2.238655234953689,0.6386274649533374,-0.28246305795623655,-0.13695723419196065,0.8543229987951142,-0.41423369083432093
safe_graph_adp,1098.0,-0.5069778204853319,-0.6300535660643595,-0.5882227413365844,-2.2483712379802503,0.6288594032147468,-0.27893938155036163,-0.1335789722660117,0.8576978304805383,-0.4107358167698986
safe_graph_adp,1100.0,-0.5176062559258413,-0.6295409367010663,-0.5794497155439602,-2.2589258511376786,0.6180533394529754,-0.2749905564924465,-0.12990842081804305,0.8613518039474248,-0.4069116192455728
safe_graph_adp,1102.0,-0.5290787826293788,-0.6288376268746361,-0.5697709020282545,-2.2702529508403386,0.6062270536534989,-0.2706102527855874,-0.12596945096971665,0.865257816339776,-0.4027787230882871
safe_graph_adp,1104.0,-0.5413347764393234,-0.6279099071900931,-0.5591831616473409,-2.28228572202222,0.5934001949623964,-0.2657929778643489,-0.12178678586238716,0.8693879266524069,-0.39835499833482707
safe_graph_adp,1106.0,-0.5543089593916201,-0.6267233449679497,-0.5476855178022909,-2.2949566705443263,0.5795954700926459,-0.26053478358194365,-0.1173860714640657,0.8737133339500109,-0.39365866794483245
safe_graph_adp,1108.0,-0.5679308419776572,-0.625243424358259,-0.5352805049946312,-2.30819767446114,0.5648397987535119,-0.25483396956196286,-0.11279390951738226,0.8782043924762694,-0.3887084086670418
safe_graph_adp,1110.0,-0.582124339092216,-0.6234362724482091,-0.5219755435193616,-2.321940074690857,0.5491654158424304,-0.24869177254294203,-0.1080378474289114,0.8828306706662583,-0.38352344481575257
safe_graph_adp,1112.0,-0.596807598231761,-0.6212694920099286,-0.5077843134546027,-2.336114803727753,0.5326108940652181,-0.2421130271222827,-0.1031463207231072,0.8875610602303181,-0.37812363451892866
safe_graph_adp,1114.0,-0.6118930767604287,-0.6187130933065752,-0.4927280901102202,-2.3506525492443915,0.5152220554232535,-0.23510677944074418,-0.0981485448538863,0.8923639400621693,-0.3725295476613727
safe_graph_adp,1116.0,-0.62728789976141,-0.6157405078927519,-0.4768369928527934,-2.3654839478094662,0.4970527362581387,-0.227686832210971,-0.09307435474315001,0.8972073976343772,-0.36676253428755246
safe_graph_adp,1118.0,-0.6428945205714346,-0.6123296571080328,-0.46015109088774764,-2.380539802550682,0.4781653689548133,-0.21987219750622397,-0.08795399242481745,0.9020595077389587,-0.3608447816971541
safe_graph_adp,1120.0,-0.6586116923607515,-0.6084640377640772,-0.44272130447217317,-2.395751317475226,0.4586313446210038,-0.21168743332121656,-0.08281784559450307,0.9068886649591893,-0.3547993579383985
safe_graph_adp,1122.0,-0.6743357414043664,-0.6041337784265023,-0.4246100394818068,-2.4110503403679746,0.43853112559567364,-0.20316284147697425,-0.07769614261758002,0.9116639622824475,-0.34865023898001085
safe_graph_adp,1124.0,-0.6899621119675041,-0.5993366129258136,-0.4058914983785134,-2.42636960574991,0.4179540847484362,-0.19433450822133455,-0.07261861248210016,0.9163556040669619,-0.34242231663637224
safe_graph_adp,1126.0,-0.705387130640676,-0.5940787145461349,-0.38665162207047016,-2.44164296930783,0.39699806010594835,-0.18524417492876624,-0.06761412108036113,0.9209353375513768,-0.33614138444205677
safe_graph_adp,1128.0,-0.7205099167157099,-0.5883753357901992,-0.3669876348708376,-2.4568056254920783,0.37576862782550896,-0.17593893441444386,-0.06271029779253498,0.9253768837120508,-0.329834099206336
safe_graph_adp,1130.0,-0.7352343473288254,-0.5822512053333052,-0.34700718781585693,-2.471794300591491,0.35437811291323257,-0.16647075803815237,-0.05793316833094966,0.9296563460072494,-0.32352791696203004
safe_graph_adp,1132.0,-0.7494709741081452,-0.57574064576169,-0.32682712217210474,-2.486547414485321,0.33294437393766735,-0.1568958691945771,-0.053306810902950856,0.9337525748106025,-0.31725100342726337
safe_graph_adp,1134.0,-0.7631387839790776,-0.5688873922044796,-0.3065719024596371,-2.5010052053773104,0.31158941365326365,-0.14727398897322505,-0.04885305274537528,0.9376474663896855,-0.311032120820946
safe_graph_adp,1136.0,-0.7761667017480138,-0.5617441115471858,-0.286371793722204,-2.515109813064669,0.29043788022611927,-0.13766748864856035,-0.044591222864431256,0.9413261781749521,-0.3049004947440913
safe_graph_adp,1138.0,-0.7884947460751155,-0.554371642526134,-0.26636087808613224,-2.5288053176089536,0.2696155321770935,-0.1281404902308575,-0.04053797441167557,0.9447772465868112,-0.29888566664501953
safe_graph_adp,1140.0,-0.8000747721714,-0.5468379963399381,-0.24667501838208925,-2.54203773158362,0.24924774321899223,-0.1187579598090498,-0.036707186720964874,0.9479925994060989,-0.2930173389004344
safe_graph_adp,1142.0,-0.8108707616180658,-0.5392171732605747,-0.22744988022378282,-2.554754945309591,0.22945812049278294,-0.10958483844939819,-0.03310995293777514,0.9509674609709269,-0.28732522056545323
safe_graph_adp,1144.0,-0.8208586489799713,-0.5315878613196497,-0.20881911811991033,-2.5669066256027526,0.21036730162430725,-0.10068525200588688,-0.02975465479785928,0.9537001546648957,-0.28183888223331677
safe_graph_adp,1146.0,-0.8300257030267875,-0.5240320874483071,-0.19091281685485972,-2.5784440695082136,0.19209198348003534,-0.09212183479126138,-0.02664712189574494,0.956191812560674,-0.2765876281421457
safe_graph_adp,1148.0,-0.8383695043623348,-0.5166338892780122,-0.17385625845717353,-2.5893200152639455,0.1747442199089394,-0.08395519341975116,-0.023790869131605885,0.9584460061616044,-0.27160039270348035
safe_graph_adp,1150.0,-0.8458965788379013,-0.5094780677923569,-0.1577690601762626,-2.59948841331587,0.15843100874526395,-0.07624352721914483,-0.02118740325545379,0.9604683146060787,-0.26690566711524305
safe_graph_adp,1152.0,-0.8526207560615671,-0.5026490684109034,-0.14276470277576514,-2.6089041606076973,0.1432541714994955,-0.06904241140308481,-0.018836587732080228,0.9622658473589277,-0.2625314598231298
safe_graph_adp,1154.0,-0.8585613244683266,-0.49623002248734466,-0.1289504436184778,-2.6175228016155114,0.12931051380024428,-0.06240473955467411,-0.01673705458057944,0.9638467374215312,-0.2585052924931132
safe_graph_adp,1156.0,-0.8637410495878166,-0.4903019642675033,-0.11642758733377845,-2.6253001997246335,0.11669224166259211,-0.05638081352829773,-0.014886652319946158,0.9652196187275792,-0.25485423102624555
safe_graph_adp,1158.0,-0.8681841118259918,-0.4849432215201229,-0.10529206938131132,-2.632192182599978,0.10548759844857283,-0.05101856196569528,-0.013282920494402547,0.9663930980383373,-0.25160494912055414
safe_graph_adp,1160.0,-0.8719140061300212,-0.48022896238133744,-0.09563529476318537,-2.638154165234748,0.09578167986619499,-0.04636386328395758,-0.01192358320658468,0.9673752277314767,-0.24878382004538777
safe_graph_adp,1162.0,-0.874951430296445,-0.4762308670354517,-0.08754516494282916,-2.6431407544376198,0.08765737901918341,-0.04246094500095684,-0.010807056366021828,0.9681729817966024,-0.2464170306642851
safe_graph_adp,1164.0,-0.8773121732760483,-0.47301688083592447,-0.08110721956712398,-2.647105338705172,0.08119640954634451,-0.03935282818433534,-0.009932965667955044,0.9687917334654871,-0.2445307102919181
safe_graph_adp,1166.0,-0.8790050013001783,-0.4706509951380894,-0.07640581433895993,-2.649999667803023,0.07648035124394212,-0.037081783071421556,-0.009302674362032576,0.9692347295159224,-0.24315106562414004
safe_graph_adp,1168.0,-0.8800295295067613,-0.4691929930364172,-0.07352525063974168,-2.651773427035479,0.07359165810631343,-0.0356897588660696,-0.008919821365946278,0.9695025536532539,-0.24230451163505223
safe_graph_adp,1170.0,-0.8803740614265887,-0.4686980888940386,-0.07255076453304167,-2.652373812222781,0.07261456229171004,-0.03521874672318681,-0.008790870933411073,0.969592569743357,-0.24201778687929873
safe_graph_adp,1172.0,-0.879863058976818,-0.46965476780189364,-0.07256305209199435,-2.651286345870325,0.07262688232288927,-0.03521993352228998,-0.008811513314504684,0.9694606163849656,-0.24254489645069094
safe_graph_adp,1174.0,-0.8783384996626338,-0.4724943966320495,-0.07259838263838242,-2.648054815641302,0.07266230629853994,-0.03522281432383993,-0.00887273261723675,0.9690668317754044,-0.2441108426919858
safe_graph_adp,1176.0,-0.8758086170974926,-0.47715900840102476,-0.0726536091294042,-2.6427342637897606,0.07271767901531608,-0.03522589764126407,-0.008973233403111246,0.9684130263637719,-0.24668771267864328
safe_graph_adp,1178.0,-0.8722625170186917,-0.4836002338005245,-0.0727249288228909,-2.635361909515117,0.07278918787577528,-0.03522717375117844,-0.009111968790605366,0.9674958555643042,-0.2502554449360862
safe_graph_adp,1180.0,-0.8676720115773283,-0.49177667241966294,-0.07280786213861754,-2.6259600187581253,0.07287234163113585,-0.03522412587096175,-0.009288062332327773,0.9663072687746767,-0.25480042222877586
safe_graph_adp,1182.0,-0.8619931126466617,-0.5016511442968961,-0.07289720965396822,-2.6145385997502513,0.07296192720014887,-0.03521372804175827,-0.009500724741144096,0.9648348524761757,-0.2603141122453224
safe_graph_adp,1184.0,-0.8551673544056152,-0.5131877770199309,-0.07298699525423989,-2.60109803864537,0.07305195261222652,-0.03519243589279092,-0.009749163582356144,0.9630621117104816,-0.26679170761686755
safe_graph_adp,1186.0,-0.847123110571932,-0.5263488877793664,-0.07307040350482692,-2.5856317809271814,0.07313558417251408,-0.035156176522771095,-0.010032484187015623,0.9609687323461692,-0.2742307203183731
safe_graph_adp,1188.0,-0.8377770736000043,-0.5410916339054114,-0.0731397201784718,-2.568129154780868,0.07320508681821554,-0.03510034425247762,-0.010349580553221707,0.9585308669950982,-0.2826294907354068
safe_graph_adp,1190.0,-0.82703606866284,-0.5573644307030275,-0.0731862864053389,-2.5485784203243913,0.07325177817810585,-0.03501980984817203,-0.010699015960681896,0.9557214894460065,-0.2919855794157956
safe_graph_adp,1192.0,-0.8147993800076297,-0.575103173547997,-0.07320047892059448,-2.5269701110900753,0.07326600886337262,-0.03490895180932756,-0.011078894525143351,0.9525108650823442,-0.30229402091301627
safe_graph_adp,1194.0,-0.8009617656128964,-0.5942273536274398,-0.07317173106604105,-2.5033007086719863,0.07323718370843661,-0.034761719197297605,-0.011486727051931123,0.948867186653687,-0.313545435418856
safe_graph_adp,1196.0,-0.7854173207213563,-0.6146362234992364,-0.07308861110653901,-2.477576655243383,0.07315384058973211,-0.03457173588950998,-0.01191929734660044,0.9447574242690245,-0.3257240161807352
safe_graph_adp,1198.0,-0.7680643132222781,-0.6362052472447878,-0.07293897540128311,-2.4498186595069993,0.07300380442746894,-0.03433245559897362,-0.012372538523637368,0.9401484334410286,-0.3388054395687966
safe_graph_adp,1200.0,-0.7488110451733083,-0.6587831536442597,-0.0727102131820671,-2.4200661888323536,0.07277443317295268,-0.03403737494045245,-0.01284143254565742,0.9350083530091213,-0.35275477958563356
safe_graph_adp,1202.0,-0.7275826879092598,-0.6821899871891837,-0.07238959616932569,-2.388381965746363,0.07245296903119279,-0.0336803076974567,-0.013319949682531126,0.9293083034682758,-0.36752454736898155
safe_graph_adp,1204.0,-0.7043288910639882,-0.7062166024245613,-0.07196473909131999,-2.3548562063565375,0.07202700095146015,-0.033255716864141395,-0.013801046953478715,0.9230243640527492,-0.3830530142994021
safe_graph_adp,1206.0,-0.6790317852835146,-0.7306260487503772,-0.07142416581307871,-2.319610262340434,0.07148503298872197,-0.03275909202800679,-0.014276744797660343,0.9161397640096951,-0.39926300761245487
safe_graph_adp,1208.0,-0.6517138040584961,-0.7551572211352692,-0.07075796044871759,-2.2827992723732247,0.07081713772288414,-0.03218734892189021,-0.0147382980279492,0.90864717277967,-0.4160613807362231
safe_graph_adp,1210.0,-0.622444576064618,-0.7795309890658727,-0.06995846491826502,-2.2446134121214865,0.07001565593067494,-0.031539217073111615,-0.015176469651630813,0.9005509218257578,-0.4333393471104443
safe_graph_adp,1212.0,-0.5913460315610803,-0.803458758811712,-0.06902096671088406,-2.205277372566918,0.06907588595220536,-0.03081557282132447,-0.015581904235195506,0.8918689477949916,-0.4509738181881
safe_graph_adp,1214.0,-0.5585948734901348,-0.826653094374753,-0.06794430712860297,-2.1650478065912226,0.06799669270400634,-0.030019671430177187,-0.015945582204722534,0.8826342250067237,-0.4688298012948375
safe_graph_adp,1216.0,-0.5244217226304246,-0.8488396701993776,-0.06673133543658327,-2.1242086629875963,0.06678096150971068,-0.029157236124100448,-0.016259320288398445,0.8728954667192239,-0.486763797201878
safe_graph_adp,1218.0,-0.4891065639774442,-0.8697695264979047,-0.06538914168108413,-2.0830645576091076,0.06543582939449166,0.02823637484119617,0.016516269843801473,-0.8627169262389424,0.5046280067010802
safe_graph_adp,1220.0,-0.452970564275361,-0.8892304246339988,-0.06392902162006697,-2.0419325780352526,0.06397264736460025,0.027267316287398327,0.016711357951978215,-0.8521772190413689,0.5222750341772068
safe_graph_adp,1222.0,-0.41636482228053523,-0.9070561156735641,-0.0623661589845329,-2.0011331344858543,0.062406659167128745,0.026261982009718517,0.016841618757616143,-0.8413672034361042,0.5395626906677794
safe_graph_adp,1224.0,-0.3796570521784031,-0.923132558196707,-0.060719047492601465,-1.9609806097662357,0.060756419386449274,0.02523343538697726,0.016906375201899772,-0.8303870787570904,0.5563584704571053
safe_graph_adp,1226.0,-0.34321748830795745,-0.9374005162514034,-0.059008709960304745,-1.9217745929691992,0.05904300872595393,0.024195266108662364,0.01690725185492844,-0.8193429617618575,0.5725433127231095
safe_graph_adp,1228.0,-0.3074053724666829,-0.9498544528820709,-0.05725779701247338,-1.8837923980920652,0.05728912944760664,0.023160975866215863,0.01684802353022703,-0.808343262690094,0.5880143560862976
safe_graph_adp,1230.0,-0.2725572351526592,-0.9605381051160413,-0.05548965837003203,-1.8472833891485578,0.05551817428733397,0.02214342646377927,0.016734326379274213,-0.7974951911434711,0.6026865280459764
safe_graph_adp,1232.0,-0.23897785630164892,-0.9695374890542818,-0.053727474496638575,-1.8124653977211884,0.05375335679129884,0.02115439730820312,0.016573273672005936,-0.7869016804853178,0.6164929548045965
safe_graph_adp,1234.0,-0.2069343734513468,-0.9769722816573295,-0.051993518418839056,-1.7795232751179602,0.052016972866976055,0.020204279408384405,0.016373025059445653,-0.7766589410906671,0.6293843026068529
safe_graph_adp,1236.0,-0.17665358819793905,-0.9829865489048663,-0.050308592197496255,-1.7486094118326923,0.050329837862923915,0.01930191242688621,0.016142355915004705,-0.7668547570723435,0.6413272503782256
safe_graph_adp,1238.0,-0.14832217979451165,-0.987739668958329,-0.048691655826178404,-1.719845909419902,0.048710916706561094,0.018454554011949408,0.015890264512837638,-0.7575675477414328,0.6523023375237623
safe_graph_adp,1240.0,-0.1220893093972721,-0.991398087846666,-0.04715964318007025,-1.6933280136565296,0.04717714145708399,0.017667958944482517,0.015625642453587246,-0.7488661389037088,0.6623014332825349
safe_graph_adp,1242.0,-0.09807099705188145,-0.9941283018298986,-0.045727442942417984,-1.6691284069029868,0.04574339396262061,0.016946540091823222,0.015357020929043718,-0.7408101379126271,0.6713250451554564
safe_graph_adp,1244.0,-0.07635565741091699,-0.9960912317466655,-0.04440801300167747,-1.6473019960978157,0.04442262193351231,0.016293582904662793,0.015092394357448856,-0.7334507811285075,0.6793796364704129
safe_graph_adp,1246.0,-0.05701025740570493,-0.9974379691407297,-0.04321259384660912,-1.6278909016320267,0.04322605384308011,0.015711488632914487,0.014839114783826404,-0.7268321191136814,0.6864750690462731
safe_graph_adp,1248.0,-0.04008667569627045,-0.9983067427478702,-0.042150988312965654,-1.6109294337687081,0.04216347995384465,0.015202026858210442,0.014603845436214829,-0.7209924171214358,0.6926222350829253
safe_graph_adp,1250.0,-0.025627971214220616,-0.9988208744232466,-0.041231879751282424,-1.5964489238512976,0.041243571530652064,0.014766583913049596,0.014392559523539102,-0.7159656694545289,0.6978308981353781
safe_graph_adp,1252.0,-0.013674386673004111,-0.9990874552800869,-0.04046316659725717,-1.5844823487939999,0.040474216247221535,0.014406399294886983,0.014210570002515147,-0.7117831502899641,0.7021077284312246
safe_graph_adp,1254.0,-0.004269011266364456,-0.9991964621407863,-0.03985229715014951,-1.5750687451362348,0.039862853636705484,0.014122786742567046,0.014062576818861338,-0.7084749463223071,0.7054544926934989
safe_graph_adp,1256.0,0.0025368997927767184,-0.9992200381039834,-0.03940659324168237,-1.568257452227555,0.039416799324325395,0.013917340012440667,0.013952719323864536,-0.7060714352861763,0.7078663415810689
safe_graph_adp,1258.0,0.006678903449042276,-0.9992116678317278,-0.039133554881395936,-1.5641122535402787,0.03914355018785671,0.013792125561935379,0.013884622612432132,-0.7046046874172703,0.709330126948662
safe_graph_adp,1260.0,0.008074576378145196,-0.9992049792901344,-0.039041139559644764,-1.5627155017501482,0.039051064188053215,0.013749865380112325,0.01386142699867785,-0.7041097731550726,0.7098226746104279
safe_graph_adp,1262.0,0.008110292146142502,-0.9992401812858563,-0.03812195253542644,-1.5626800458332122,0.03813119224520699,0.013425778575508071,0.013535190576444337,-0.7041034388092335,0.7098414573288269
safe_graph_adp,1264.0,0.008217585247934284,-0.9993393288947714,-0.03540306507692118,-1.5625734941704899,0.03541046481596188,0.012467260008475424,0.012570200010036139,-0.7040832319035446,0.7098967249197929
safe_graph_adp,1266.0,0.00839600485051157,-0.99948537857417,-0.03095941083092589,-1.5623961965384627,0.03096435865440568,0.01090104162003334,0.010992998555414201,-0.7040462708924072,0.7099853306349746
safe_graph_adp,1268.0,0.008645022217122633,-0.9996535206797145,-0.024861660916302434,-1.5621485237984893,0.024864222803428072,0.008752512068783124,0.008828531242050042,-0.703988313772002,0.7101027423134255
safe_graph_adp,1270.0,0.008963999283455999,-0.9998122724730951,-0.0171775006631268,-1.5618308846253324,0.017178345526228826,0.0060461013954856155,0.006100551818682033,-0.7039039590922753,0.7102432289713458
safe_graph_adp,1272.0,0.009352150769001135,-0.9999244818116121,-0.00797295113322793,-1.5614437424174008,0.007973035606337218,0.0028056735962807993,0.002832037372217275,-0.7037868314907731,0.7104000306729806
safe_graph_adp,1274.0,0.009808501626765338,-0.9999482872062788,0.00268630025631034,-1.560987632495393,-0.0026863034871382092,-0.0009450821064905679,-0.0009543978904895615,-0.703629759398566,0.7105655195921026
safe_graph_adp,1276.0,0.0103318416365243,-0.9998380740266458,0.014733593420658676,-1.5604631796798616,-0.014734126531139514,-0.005182269874507707,-0.0052360976154445975,-0.7034249515502697,0.7107313591626656
safe_graph_adp,1278.0,0.010920679026326546,-0.9995454597573722,0.028100047117890194,-1.5598711163224397,-0.0281037464579473,-0.009881424272964321,-0.009989974962199206,-0.7031641777615606,0.7108886670692542
safe_graph_adp,1280.0,0.011573195133053393,-0.9990203332933849,0.042713403292015506,-1.5592123008496226,-0.04272640193672358,-0.015017174524477185,-0.015192149276481466,-0.7028389581076411,0.7110281865269675
safe_graph_adp,1282.0,0.012287202249679413,-0.9982119642194743,0.058497001204972865,-1.558487736861667,-0.05853041448863622,-0.02056294523948199,-0.020817616638426847,-0.7024407631342702,0.7111404688301165
safe_graph_adp,1284.0,0.013060106914768157,-0.9970701878703241,0.07536891977208952,-1.557698592811989,-0.07544045798937381,-0.02649070318028724,-0.026839963616708068,-0.7019612260628573,0.7112160685068906
safe_graph_adp,1286.0,0.013888880936919557,-0.9955466608877666,0.09324132657538933,-1.5568462222740684,-0.0933769637254079,-0.03277075961683064,-0.033231133738234164,-0.7013923661418136,0.7112457506253348
safe_graph_adp,1288.0,0.014770042372809754,-0.9935961703809223,0.11202006986549617,-1.5559321847829994,-0.11225568334054083,-0.03937163732657614,-0.03996125587801373,-0.7007268204102417,0.7112207079104416
safe_graph_adp,1290.0,0.015699648457367026,-0.9911779682895027,0.13160454481441294,-1.5549582672172146,-0.13198742965403418,-0.04626001012353017,-0.046998542820471854,-0.6999580792762298,0.7111327834462805
safe_graph_adp,1292.0,0.016673302095046697,-0.9882570920101845,0.15188785694985896,-1.5539265056623173,-0.152478011193543,-0.05340072087434147,-0.05430926653229774,-0.6990807196033949,0.7109746929797319
safe_graph_adp,1294.0,0.017686172955601986,-0.9848056237847579,0.17275729405179563,-1.5528392076732216,-0.17362837028226882,-0.060756881254147646,-0.06185781418406345,-0.6980906276025834,0.7107402393688361
safe_graph_adp,1296.0,0.018733033491303196,-0.9808038358199532,0.1940951032279797,-1.5516989748228223,-0.19533492678273642,-0.06829005308844477,-0.06960682572383875,-0.6969852029039063,0.7104245106940139
safe_graph_adp,1298.0,0.019808309344271552,-0.9762411665498841,0.21577955328122,-1.5505087253951286,-0.21749012049871047,-0.07596050720028687,-0.07751741000466326,-0.6957635348838233,0.7100240531263791
safe_graph_adp,1300.0,0.02090614270426121,-0.9711169765120707,0.23768624513690992,-1.5492717170482866,-0.23998313536910285,-0.0837275515115355,-0.08554943236167867,-0.6944265427462172,0.7095370099367713
safe_graph_adp,1302.0,0.022020466288073765,-0.9654410401903666,0.25968961662068546,-1.5479915692382809,-0.26270077873241726,-0.09154991608257555,-0.09366186246426657,-0.6929770720418447,0.7089632190807295
safe_graph_adp,1304.0,0.023145084829196288,-0.9592337425334229,0.28166457397687134,-1.5466722851576515,-0.2855284799764214,-0.09938617920037081,-0.10181316761422966,-0.6914199422100571,0.708304263575019
safe_graph_adp,1306.0,0.02427376037365765,-0.9525259647595692,0.3034881727780735,-1.545318272905662,-0.3083513656848796,-0.10719521590656031,-0.109961733794394,-0.689761942204774,0.7075634712685321
safe_graph_adp,1308.0,0.025400297342208875,-0.9453586620817455,0.32504126649079457,-1.543934365567542,-0.3310553636910954,-0.1149366487918669,-0.11806629500207676,-0.6880117741095555,0.706745863401831
safe_graph_adp,1310.0,0.026518623278733906,-0.9377821543747702,0.346210042540096,-1.5425258398414468,-0.3535282867472575,-0.12257128065028154,-0.12608635092776715,-0.6861799475868944,0.7058580542850785
safe_graph_adp,1312.0,0.027622861464714193,-0.9298551677201852,0.36688737316589065,-1.541098432813462,-0.37566084800317856,-0.13006148971996123,-0.1339825539181461,-0.6842786307588554,0.7049081072197861
safe_graph_adp,1314.0,0.028707392108365277,-0.9216436785365439,0.3869739208938559,-1.5396583564444526,-0.3973475649962158,-0.13737157061829813,-0.1417170482993651,-0.6823214654157767,0.7039053541777079
safe_graph_adp,1316.0,0.029766899552748954,-0.9132196213827422,0.40637895468709734,-1.5382123092990168,-0.4184875159033614,-0.14446800745190466,-0.14925374829923366,-0.6803233560905098,0.7028601885149356
safe_graph_adp,1318.0,0.030796403806862327,-0.9046595258273009,0.4250208510679065,-1.5367674850177286,-0.4389849206670499,-0.1513196695977958,-0.15655854466228492,-0.6783002433950589,0.7017838410053662
safe_graph_adp,1320.0,0.03179127559633783,-0.8960431469535534,0.44282727286553886,-1.5353315770108076,-0.4587495294087363,-0.1578979249146199,-0.16359943421475154,-0.6762688720667575,0.700688149682743
safe_graph_adp,1322.0,0.0327472349695823,-0.8874521486428579,0.4597350350702259,-1.5339127788360873,-0.47769681039926354,-0.16417666926669047,-0.17034657072448733,-0.6742465634748286,0.6995853334320888
safe_graph_adp,1324.0,0.03366033421000846,-0.8789688897095654,0.47568968122464533,-1.5325197797184953,-0.49574793896312797,-0.17013227489962743,-0.1767722390806185,-0.6722510010296903,0.6984877780909855
safe_graph_adp,1326.0,0.034526926346900425,-0.8706753514700126,0.4906448040075486,-1.5311617546740761,-0.5128295964293986,-0.17574346315466205,-0.1828507578397705,-0.6703000351961586,0.6974078421783456
safe_graph_adp,1328.0,0.03534362090271426,-0.8626522326865039,0.5045611498148417,-1.5298483487207448,-0.5288735942009076,-0.18099110911349556,-0.18855831740162587,-0.6684115128327088,0.6963576874518037
safe_graph_adp,1330.0,0.0361072286628932,-0.8549782251924474,0.5174055493373242,-1.5285896546921938,-0.5438163420222355,-0.18585798699396622,-0.19387276243914325,-0.6666031335455669,0.6953491374856212
safe_graph_adp,1332.0,0.03681469722411053,-0.8477294717925606,0.5291497148469451,-1.5273961842222283,-0.5575981816226808,-0.19032846552322144,-0.19877332775913864,-0.6648923338101461,0.6943935655113973
safe_graph_adp,1334.0,0.03746303889966969,-0.840979197852035,0.5397689408409394,-1.5262788315355311,-0.5701626072968836,-0.19438816221886449,-0.20324033661511884,-0.6632961978805082,0.693501810984663
safe_graph_adp,1336.0,0.03804925227479229,-0.8347974996320017,0.5492407386651935,-1.5252488297682507,-0.5814553939826166,-0.19802356466840784,-0.20725486978692248,-0.6618313930392011,0.6926841227958189
safe_graph_adp,1338.0,0.03857023834946346,-0.8292512658973517,0.5575434285518084,-1.5243176996481882,-0.5914236513867888,-0.20122162568857271,-0.21079841265150936,-0.6605141255483279,0.6919501257532797
safe_graph_adp,1340.0,0.039022711820066246,-0.8244042043832006,0.5646547048927425,-1.5234971904893355,-0.6000148201040818,-0.20396933784252258,-0.21385248616902772,-0.6593601127223976,0.6913088059110168
safe_graph_adp,1342.0,0.03940310766706148,-0.8203169409517896,0.5705501831510319,-1.522799213598054,-0.6071756228696769,-0.20625329135696568,-0.2163982663619937,-0.658384565798738,0.6907685094428881
safe_graph_adp,1344.0,0.039707482864516815,-0.8170471561836568,0.5752019300878288,-1.52223576834632,-0.612850981471541,-0.20805921815835246,-0.21841619562367393,-0.6576021776553228,0.6903369490122874
safe_graph_adp,1346.0,0.03993141273639194,-0.8146497211436833,0.578576973372943,-1.5218188613385015,-0.616982907785497,-0.20937152367138484,-0.21988558819416712,-0.6570271088290872,0.6900212108650854
safe_graph_adp,1348.0,0.04006988128338765,-0.8131767905357765,0.5806357825245263,-1.5215604192783863,-0.6195093762532209,-0.21017280732268803,-0.2207842315255389,-0.6566729646239317,0.6898277550981796
safe_graph_adp,1350.0,0.040117164727959745,-0.8126778068002632,0.5813307108939831,-1.5214721963282154,-0.6203631852902086,-0.21044337250580944,-0.2210879851662236,-0.6565527552688815,0.6897624006368868
safe_graph_adp,1352.0,0.03947923843734151,-0.8124030611143565,0.5817582453428837,-1.5222388962766342,-0.6208887252821624,-0.21070069567772376,-0.2211884705428725,-0.6567617842720709,0.6894525625883147
safe_graph_adp,1354.0,0.037593421586280755,-0.8115786395949071,0.5830324574212966,-1.5245080601373289,-0.6224562040577795,-0.21146679442975436,-0.22148896989102557,-0.6573780688640837,0.6885335907904163
safe_graph_adp,1356.0,0.034494009136031296,-0.8101958266220253,0.5851434745923229,-1.528247119427106,-0.6250569725063302,-0.2127368419184863,-0.22198681092588296,-0.6583880703710697,0.6870153132635144
safe_graph_adp,1358.0,0.03018568511838878,-0.8082271326953856,0.5880966981619001,-1.5334656550705645,-0.6287035528454668,-0.21451868172915092,-0.22268009148928722,-0.659788401152315,0.6848901939350437
safe_graph_adp,1360.0,0.024644935101729104,-0.8056256675829889,0.5919120803846588,-1.5402148139054777,-0.6334290808146544,-0.21683268441363446,-0.22356725753640633,-0.6615853790757361,0.6821334579983904
safe_graph_adp,1362.0,0.017819958157415737,-0.8023231379177044,0.5966238609485515,-1.5485895276102646,-0.639287580185177,-0.21971229821423732,-0.22464639309525447,-0.663795163428135,0.6787020591482879
safe_graph_adp,1364.0,0.00962917021861574,-0.798226341962583,0.6022806539130527,-1.5587337041136933,-0.6463549842834666,-0.22320529836752492,-0.22591411019564925,-0.6664444685832422,0.674532415744397
safe_graph_adp,1366.0,-4.171785791857611e-05,-0.7932118654167737,0.6089457568795944,-1.570848920382687,-0.6547308304109377,-0.2273757953345231,-0.2273638371401292,-0.6695719113656696,0.6695366971025815
safe_graph_adp,1368.0,-0.011344153290043122,-0.787118482757624,0.6166974982010774,-1.5852075853197594,-0.6645405239660012,-0.23230711379149477,-0.2289831694999287,-0.6732301127629308,0.6635972635845059
safe_graph_adp,1370.0,-0.024472900282659374,-0.7797365118576974,0.6256293225447044,-1.6021721424302082,-0.6759379714278549,-0.23810569906093654,-0.23074973476546112,-0.6774887527088543,0.6565586233790346
safe_graph_adp,1372.0,-0.03967411421610371,-0.7707930253200012,0.6358490990629831,-1.622222756024553,-0.6891081573307729,-0.2449062326005053,-0.23262467113726987,-0.6824388760074627,0.6482159209132212
safe_graph_adp,1374.0,-0.05725549993942229,-0.7599313583114902,0.647476747367456,-1.6459972362065065,-0.7042687755744156,-0.2528781051052789,-0.23454223675581687,-0.6881988732534292,0.6382984521277272
safe_graph_adp,1376.0,-0.07759851612153437,-0.7466827474509193,0.6606385887570319,-1.6743489416255084,-0.7216690958887204,-0.26223320892653956,-0.2363930858610111,-0.6949227057866766,0.6264459163210523
safe_graph_adp,1378.0,-0.1011720221229222,-0.7304272122145802,0.675455631108362,-1.7084313502940605,-0.7415824156297587,-0.2732344396460744,-0.23799711249818145,-0.7028110596056305,0.6121739376434076
safe_graph_adp,1380.0,-0.12854545071703477,-0.7103401171317026,0.692020942669565,-1.7498221207581233,-0.7642848745893515,-0.28620278986163783,-0.23905909563325597,-0.7121260240670377,0.5948237030557019
safe_graph_adp,1382.0,-0.16039677375656938,-0.6853207859992474,0.7103578642106085,-1.800704278768899,-0.7900065238881547,-0.3015171816710196,-0.23909631630618286,-0.7232090558110417,0.5734884499960576
safe_graph_adp,1384.0,-0.19750483254098147,-0.6539015886911665,0.7303455027794223,-1.864124184431081,-0.8188276168364206,-0.31959223284038235,-0.23732223675256608,-0.7364988609721332,0.5469080255743265
safe_graph_adp,1386.0,-0.24070482410326527,-0.6141437344354258,0.7515907537397762,-1.9443314053049274,-0.8504703630994909,-0.3407985084836491,-0.23246833646798842,-0.7525363011785139,0.5133263723633216
safe_graph_adp,1388.0,-0.29076736285993016,-0.563547395546087,0.7732196800836771,-2.0471294886566787,-0.883902806139213,0.3652458055155848,0.22254521810594222,0.7719179407995022,-0.4703316065536172
safe_graph_adp,1390.0,-0.3481364358803395,-0.49905247928073554,0.7935664086491346,-2.1799062671806535,-0.9166479402162357,0.39227465172586595,0.204643034293804,0.7951034187168325,-0.41479197156307257
safe_graph_adp,1392.0,-0.4124465765881634,-0.41729627600512664,0.8097849340985279,-2.3503497345817586,-0.9437854703575359,0.4194605061033297,0.1751841150348043,0.8219086409897114,-0.34326315783296163
safe_graph_adp,1394.0,-0.48179484871290074,-0.3154031874366433,0.8175540062335447,-2.5619610187127884,-0.9571505116237142,0.4413098928067677,0.13160399998982927,0.8506337705165058,-0.2536693796153348
safe_graph_adp,1396.0,-0.5519873808634256,-0.1925534293426404,0.8113156649639672,-2.8059546009837093,-0.946399120265627,0.4493341298860127,0.07612278253911324,0.8776098292579771,-0.14867800539376055
safe_graph_adp,1398.0,-0.6164526969273711,-0.05205152205056122,0.7856695943608808,-3.0573552968509676,-0.9037777384240189,0.43627832254649607,0.018386339984860608,0.898826062687129,-0.03787976784947394
safe_graph_adp,1400.0,-0.6677377222019322,0.09753238454205816,0.7379795175437565,2.9965543848532543,-0.8300713439638883,0.40216275996121964,-0.029215728606996144,0.9126967197831536,0.06630424872818041
safe_graph_adp,1402.0,-0.7004670845078584,0.24407625368449365,0.670650912105846,2.8063012593383663,-0.7350859481014607,0.3542859962711048,-0.05995727946985824,0.9201297011250656,0.15571734197661305
safe_graph_adp,1404.0,-0.7137169632648562,0.3762910509322819,0.5907733417616867,2.656401224996882,-0.6320169898931222,0.3016749730905431,-0.07465539080940738,0.9226511010428171,0.2283281169247275
safe_graph_adp,1406.0,-0.7107699080539757,0.4875635342849372,0.507038398783094,2.540348145467229,-0.5317452664794762,0.25096757719875656,-0.07780451097921377,0.9215917817007014,0.2857102048719969
safe_graph_adp,1408.0,-0.6968289889469348,0.5766279652596392,0.42653200330540386,2.4503052074960765,-0.44065501914011335,0.2056236909655252,-0.07404500246991406,0.9181131913237592,0.33061216438638014
safe_graph_adp,1410.0,-0.6768155454604383,0.6457647435901855,0.35342412673584,2.379667619987596,-0.3612289386386271,0.16675560897936303,-0.06679049376745522,0.9132068783537052,0.3657660374388287
safe_graph_adp,1412.0,-0.6543593086597496,0.6986386787180753,0.2893404426785115,2.3234793108703773,-0.29353773622602536,0.13417697980851911,-0.05816708082439409,0.9076322190393217,0.3934677671164305
safe_graph_adp,1414.0,-0.6317467876204155,0.7389149340476299,0.23430901940103024,2.278166074412433,-0.23650774033919644,0.10715395291276647,-0.0493654304426792,0.9019071172174088,0.41550527862466546
safe_graph_adp,1416.0,-0.6102527387909179,0.7696793799393992,0.18757730911356482,2.2411722076215552,-0.18869509174431232,0.08482037697193226,-0.04099490696006315,0.8963513747402827,0.43321949893198525
safe_graph_adp,1418.0,-0.590500935028057,0.7933273875359856,0.14812259083717927,2.210661636697344,-0.1486696518395038,0.06636538803495026,-0.033333638387226076,0.8911449579422521,0.44759933842326216
safe_graph_adp,1420.0,-0.572735436229524,0.8116456508399645,0.11491500145562844,2.1853022749268343,-0.11516943385700426,0.0510983344389649,-0.0264819972237436,0.8863782612055666,0.45937048457949675
safe_graph_adp,1422.0,-0.5569959258116208,0.8259426012123396,0.08703078841334977,2.164117236032005,-0.08714103164804803,0.038457380400455383,-0.020450397337506806,0.8820882859184497,0.46906616482850716
safe_graph_adp,1424.0,-0.5432223929162591,0.8371698032854225,0.06368792900841386,2.146383504781713,-0.06373106244162245,0.027996410989576444,-0.015207544541586567,0.878282373184812,0.47707966264930346
safe_graph_adp,1426.0,-0.5313147085522316,0.846018291148538,0.044246259934199415,2.1315629405803005,-0.0442607097173864,0.01936618175078513,-0.010706244124321636,0.8749529876586892,0.4837019709782872
safe_graph_adp,1428.0,-0.5211654291446707,0.8529898576150622,0.028193940311481296,2.1192551169234077,-0.02819767686728181,0.0122962237077054,-0.0068968802555437435,0.8720866629040236,0.489148329558831
safe_graph_adp,1430.0,-0.5126774293630864,0.8584479700445032,0.015130636078142986,2.109165022871123,-0.015131213462551583,0.006579701789126759,-0.003734278713282984,0.8696693451214862,0.49357673450318035
safe_graph_adp,1432.0,-0.5057732983432578,0.8626533425382659,0.0047519775398190784,2.1010810813470613,-0.004751995424298392,0.0020616324007127077,-0.0011811123355105937,0.8676896070285041,0.49710069452799543
safe_graph_adp,1434.0,-0.5004005464798861,0.8657882472052248,-0.003162923321207048,2.0948605664548645,0.003162928594922521,-0.0013697716774120404,0.0007904130507879484,0.8661406632222922,0.4997978096046528
safe_graph_adp,1436.0,-0.49653498804112567,0.8679725011859815,-0.008760298850534155,2.090420602337938,0.008760410902766769,-0.0037889973094383618,0.0021976297418561186,0.865021771080983,0.5017152075419146
safe_graph_adp,1438.0,-0.49418372814448974,0.8692730459319953,-0.012116701420938084,2.087733703862475,0.012116997925010024,-0.005236663371291248,0.0030466895675386584,0.8643393903756348,0.5028724622451413
safe_graph_adp,1440.0,-0.49338869178305494,0.8697081711043322,-0.013239937120817825,2.086827422317585,0.013240323969193836,-0.005720620840130811,0.0033317265275175914,0.8641083528643114,0.5032622860951095
safe_graph_adp,1442.0,-0.49220135054550557,0.8704076170878898,-0.01133184171094407,2.085449473520172,0.011332084246460447,-0.00489418961090323,0.002854925189895141,0.8637664757762442,0.5038604684188865
safe_graph_adp,1444.0,-0.4886672855575311,0.872451836779851,-0.005663614155171721,2.0813668897961355,0.005663644433785899,-0.002443151350718771,0.001431854430326283,0.862746540167885,0.5056287059025742
safe_graph_adp,1446.0,-0.48280849594285363,0.8757182356742984,0.0036780365541025537,2.074658992495469,-0.0036780448468705777,0.0015834880605334768,-0.0009351819199483516,0.8610478345633321,0.5085206432330309
safe_graph_adp,1448.0,-0.4745895826360344,0.8800496780126146,0.016652095461175288,2.065368798489748,-0.016652865140149423,0.007149640836446042,-0.004267377775215034,0.858648112328293,0.5124978939643485
safe_graph_adp,1450.0,-0.4639252247639984,0.8852500880131648,0.033251578915255015,2.0535070922542196,-0.03325770949770908,0.014227377183475724,-0.008606687058705802,0.8555048435396919,0.5175277474266282
safe_graph_adp,1452.0,-0.45068772846688054,0.8910776565976877,0.05349001142023405,2.039055870953082,-0.053515551754835376,0.022791182197935158,-0.014013198247866386,0.8515559256492237,0.5235806506934536
safe_graph_adp,1454.0,-0.4347158392809095,0.897236680746966,0.07738525570456709,2.021971436669785,-0.07746270123565077,0.03281102580180402,-0.020562201706241793,0.8467202108733713,0.5306274747366355
safe_graph_adp,1456.0,-0.41582614750216546,0.9033693730053308,0.10493993982017841,2.002187418552864,-0.1051335072083134,0.044244052024037105,-0.02834048648114323,0.8408982641063631,0.5386366030167387
safe_graph_adp,1458.0,-0.3938284660181617,0.9090495167508744,0.13611802029409473,1.9796180295009043,-0.13654189911252274,0.057024810007896165,-0.03744137678972423,0.8339738463004526,0.5475709433803829
safe_graph_adp,1460.0,-0.3685463944221704,0.9137805373523711,0.17081769438330988,1.954161895200444,-0.17165950112181594,0.07105420662017337,-0.047958043251890924,0.8258167007868846,0.5573850576670427
safe_graph_adp,1462.0,-0.33984371991758683,0.917001227296537,0.20884203400949142,1.925706832603423,-0.2103907341582772,0.08618779256479381,-0.05997474953028739,0.8162872591052568,0.568022714734204
safe_graph_adp,1464.0,-0.3076561520952788,0.9181026582530072,0.24987036836465548,1.8941359899254857,-0.252546374478373,0.10222460183570943,-0.07355597704746851,0.8052438104625405,0.579415269674429
safe_graph_adp,1466.0,-0.27202605053133344,0.916459226016225,0.2934353674696805,1.859335773145893,-0.297818425613313,0.11889847444875305,-0.08873384633107176,0.7925524145322885,0.5914812993731015
safe_graph_adp,1468.0,-0.23313546141909555,0.9114747677430939,0.3389123845429351,1.8212059471948636,-0.3457606246597979,0.1358744123198099,-0.10549490149831943,0.7780993230092208,0.6041278121119723
safe_graph_adp,1470.0,-0.19133056539480356,0.9026410263595891,0.38552793968558535,1.7796721752864146,-0.3957799248818624,0.15275272980109322,-0.12376801865939276,0.7618049358297241,0.6172530444160745
safe_graph_adp,1472.0,-0.14712965082092827,0.8896009335089685,0.432392235070524,1.7347010015821542,-0.44714416450948485,0.16908320009415528,-0.14341569674778237,0.7436375214691714,0.6307503833018699
safe_graph_adp,1474.0,-0.10120816311842051,0.872204808148108,0.47855582784197426,1.6863168487996911,-0.49900923783370277,0.1843898490803678,-0.1642309948458261,0.7236243928248691,0.6445124529416861
safe_graph_adp,1476.0,-0.054358775183465415,0.8505459060034332,0.5230839180679832,1.6346199785732871,-0.5504653775254501,0.19820467455306182,-0.1859416993439132,0.7018582991151635,0.6584341420321262
safe_graph_adp,1478.0,-0.007430878699895792,0.8249646332440842,0.5651355022808258,1.5798035950358105,-0.6005974899098762,0.2101060258046557,-0.20822201662161313,0.6784976279575166,0.6724135770272828
safe_graph_adp,1480.0,0.03873996102738362,0.7960180659102727,0.6040318320784638,1.522167506748174,-0.6485504813889814,0.21975561072130703,-0.23071058952750523,0.6537603868132262,0.6863508228815619
safe_graph_adp,1482.0,0.08339896356979722,0.7644206378927126,0.6393009473160367,1.4621252582459479,-0.6935888292189921,0.22692786785668295,-0.2530324639440005,0.6279132825522401,0.700145145362673
safe_graph_adp,1484.0,0.12592332178616875,0.7309691291796178,0.6706917691583282,1.4002017307337942,-0.7351410297282422,0.23152689073794291,-0.2748221465142506,0.6012579537039119,0.71369248262701
safe_graph_adp,1486.0,0.16585060875074192,0.696467528973025,0.6981594063415726,1.337019167505897,-0.7728233945139387,0.23358867737033792,-0.29574508722130016,0.5741163113943851,0.7268848837193873
safe_graph_adp,1488.0,0.2028838314545698,0.6616646637239013,0.7218296362116552,1.2732714387335702,-0.8064423996592436,0.23326932065701156,-0.31551549849931804,0.5468162895154478,0.7396129661975249
safe_graph_adp,1490.0,0.23687770087944748,0.6272117121183953,0.7419531137528693,1.2096887705922308,-0.8359788126986055,0.23082209314240854,-0.33390908329748964,0.519678625355812,0.7517712496212402
safe_graph_adp,1492.0,0.2678131729115523,0.593640677269879,0.7588589135706363,1.1469974147381112,-0.8615591873847929,0.22656779831446058,-0.35076987364486445,0.49300497896815365,0.7632651041562912
safe_graph_adp,1494.0,0.2957672499506086,0.5613605531762111,0.7729140076323837,1.085880022389581,-0.88342091960375,0.22086316471829537,-0.36601102410177533,0.46706777373381847,0.7740174981522856
safe_graph_adp,1496.0,0.3208833983203169,0.530665932905948,0.7844918816249565,1.026942309592691,-0.901876339910077,0.21407155452404616,-0.37961009716094773,0.44210233540810134,0.7839738954224285
safe_graph_adp,1498.0,0.34334581978670453,0.5017527353186219,0.7939507797308829,0.9706900279352171,-0.9172798874578526,0.20653908749994598,-0.39160003318656017,0.4183019293703206,0.7931043533029195
safe_graph_adp,1500.0,0.3633589567620061,0.4747367468911696,0.8016204149670939,0.9175178938734972,-0.9300007930020423,0.1985777895894267,-0.4020574438825222,0.3958160348415026,0.8014027326274727
safe_graph_adp,1502.0,0.38113231880667897,0.44967204213494827,0.8077952773340714,0.8677097957876324,-0.9404022500606989,0.19045593833243823,-0.4110899743840917,0.3747517492388092,0.8088836102661804
safe_graph_adp,1504.0,0.39686999597841566,0.4265675980579745,0.8127326070603682,0.8214479336748793,-0.9488269587725917,0.18239469233610933,-0.4188242432413895,0.35517777982873544,0.8155778161505031
safe_graph_adp,1506.0,0.4107639340994149,0.4054013610992655,0.8166533700793958,0.7788278082686244,-0.9555882370727294,0.17456949505358532,-0.42539541067176523,0.3371302085688744,0.8215275153313149
safe_graph_adp,1508.0,0.4229900248416376,0.3861316386074938,0.819744958234427,0.7398760567725575,-0.960965566862494,0.16711460420420693,-0.4309389072201752,0.3206191600997394,0.8267815439900011
safe_graph_adp,1510.0,0.43370617727238453,0.36870603216214476,0.8221647119908653,0.7045687276203341,-0.9652033880438632,0.16012928186339762,-0.4355844100542727,0.30563562142112793,0.8313914250977723
safe_graph_adp,1512.0,0.4430516995408243,0.35306828820441,0.8240436732348565,0.6728483746029639,-0.9685120679510734,0.15368452493590237,-0.4394518487635585,0.29215787315743924,0.8354082334796792
safe_graph_adp,1514.0,0.4511474805975385,0.33916348455567247,0.8254902067829439,0.6446390973038193,-0.9710701687890972,0.1478295901430888,-0.44264906183125197,0.28015721971982654,0.8388802969297203
safe_graph_adp,1516.0,0.45809659959930615,0.3269419525244156,0.8265932888156519,0.6198592402462921,-0.9730273473859495,0.14259789243065424,-0.4452706779126417,0.26960289982039026,0.8418516145224102
safe_graph_adp,1518.0,0.4639850979391389,0.31636228815770767,0.8274253631126056,0.598431858703039,-0.9745074120023822,0.13801209867489553,-0.4473978206092774,0.2604661996200262,0.8443608290233036
safe_graph_adp,1520.0,0.46888272649071644,0.30739375336427227,0.8280447265644874,0.5802932887014167,-0.9756112126719123,0.13408839892039054,-0.44909829418098646,0.2527238788052483,0.8464405853456723
safe_graph_adp,1522.0,0.4728435325961804,0.3000183191485262,0.8284974362406065,0.5654002665823936,-0.976419150335072,0.13084002965845504,-0.4504269740140646,0.24636106588185344,0.8481171221812851
safe_graph_adp,1524.0,0.4759061819795731,0.2942325642160121,0.8288187402010743,0.5537360738146937,-0.9769931584922894,0.12828016642283444,-0.4514261838226088,0.24137379636068562,0.8494099657364025
safe_graph_adp,1526.0,0.47809392377838933,0.2900496146298826,0.8290340289151226,0.5453161707600169,-0.9773780440849149,0.1264243126149882,-0.45212588361129313,0.23777136808184615,0.8503316147651001
safe_graph_adp,1528.0,0.47941410455658545,0.28750129424588916,0.8291592863612794,0.5401937522629411,-0.9776020760320048,0.12529229958918978,-0.4525435152388931,0.23557868014090988,0.8508871205641472
safe_graph_adp,1530.0,0.47985712021095056,0.28664065078854223,0.8292009898078837,0.5384656208437485,-0.9776766821646377,0.12490998582291667,-0.4526833550336635,0.23483871054404737,0.851073472472967
