run_id,scenario,method,seed,coverage_ratio,total_delta_v,minimum_distance,safety_violations,success
fixed_waypoints_000,full_station,fixed_waypoints,1942955373,0.5059176449647667,0.23947801369896457,2.06105950537781,0,False
fixed_waypoints_001,full_station,fixed_waypoints,1999951809,0.4003658971909001,0.18915234990829927,2.5364588482177233,0,False
random_safe_000,full_station,random_safe,1940605046,0.4262799706590241,0.21175747281240873,3.637529601698366,0,False
random_safe_001,full_station,random_safe,815623033,0.5161721106252541,0.21716659754696607,1.7594480715222751,1,False
greedy_nbv_000,full_station,greedy_nbv,793110136,0.6475363746562512,0.1566147255549598,2.4201782507606273,0,False
greedy_nbv_001,full_station,greedy_nbv,2043387526,0.6765264500915007,0.16169680337933723,2.344082795292872,0,False
greedy_nbv_safety_filter_000,full_station,greedy_nbv_safety_filter,799609893,0.8478676622615953,0.1340697492366273,3.436206450740745,0,True
greedy_nbv_safety_filter_001,full_station,greedy_nbv_safety_filter,404257171,0.7614151871690849,0.09989963839544697,4.028551349641179,0,True
