method,time,boresight_x,boresight_y,boresight_z,yaw_rad,pitch_rad,qx,qy,qz,qw
safe_graph_adp,2.0,-4.2998898292451136e-05,0.9614760602327005,-0.27488867519506704,1.5708410485514148,0.2784739151637128,-0.09813977489277363,0.0981353860077947,0.7002791910818481,0.7002478740666404
safe_graph_adp,4.0,-0.00016951901021878925,0.96133447846141,-0.2753833542257671,1.570972663972289,0.2789884526136995,-0.09832640128495224,0.09830906421342671,0.7002999981426458,0.70017652010421
safe_graph_adp,6.0,-0.0003747757617765765,0.9611032565135424,-0.2761890473248216,1.5711862700608683,0.2798266519481557,-0.09863041862190321,0.09859196585105393,0.7003335006627293,0.7000604635612412
safe_graph_adp,8.0,-0.0006539486180960748,0.9607862727222524,-0.27728921814539886,1.571476965700424,0.28097153620340903,-0.09904569016517226,0.0989782987470299,0.7003786623578646,0.699902119550053
safe_graph_adp,10.0,-0.0010021981321778229,0.9603872679878963,-0.27866698958730013,1.5718398618372666,0.28240583731353414,-0.09956599045158157,0.09946214402578546,0.7004344230346499,0.6997038762786059
safe_graph_adp,12.0,-0.0014146819802723985,0.9599098829090934,-0.2803052182324569,1.5722700911359448,0.28411205961514463,-0.10018502440992315,0.1000374839866435,0.7004997093416658,0.6994680978385268
safe_graph_adp,14.0,-0.0018865700205988952,0.9593576930753211,-0.28218656522016633,1.572762817085613,0.2860725403407188,-0.10089644563357279,0.10069822858494053,0.700573444950745,0.6991971268878413
safe_graph_adp,16.0,-0.0024130584050865824,0.9587342420638196,-0.28429356349282126,1.573313242540415,0.28826950703780807,-0.10169387381410414,0.10143824047072192,0.7006545600884556,0.698893287152007
safe_graph_adp,18.0,-0.00298938276652876,0.9580430717730682,-0.28660868133798545,1.573916617680391,0.2906851318490857,-0.10257091133322355,0.10225135854303337,0.70074200035346,0.6985588856818068
safe_graph_adp,20.0,-0.0036108304964665165,0.9572877498113552,-0.28911438214699364,1.5745682473829714,0.2933015825854645,-0.10352115900281714,0.10313141998211042,0.700834734770407,0.6981962148210775
safe_graph_adp,22.0,-0.004272752122681309,0.9564718937410548,-0.2917931803053299,1.5752634979985665,0.2961010705224054,-0.10453823093601836,0.10407228072591818,0.7009317630453383,0.6978075538509361
safe_graph_adp,24.0,-0.004970571789679092,0.9555991920563344,-0.29462769312704595,1.575997803527032,0.29906589484878,-0.10561576852631337,0.10506783436180067,0.7010321220010969,0.6973951702899559
safe_graph_adp,26.0,-0.0056997968412114365,0.9546734218434638,-0.2976006887452727,1.5767666711949062,0.302178483698772,-0.10674745350703543,0.10611202940865201,0.7011348911838456,0.6969613208415212
safe_graph_adp,28.0,-0.006456026500828756,0.9536984631380556,-0.3006951298739828,1.577565686436242,0.3054214317006246,-0.10792702006031689,0.10719888497013508,0.7012391976434105,0.6965082519902299
safe_graph_adp,30.0,-0.007234959644746106,0.9526783100519989,-0.3038942133628186,1.5783905172825603,0.3087775339816981,-0.10914826594273812,0.10832250474509342,0.7013442199007006,0.6960382002586641
safe_graph_adp,32.0,-0.008032401660901679,0.9516170787941695,-0.30718140547697464,1.5792369181699653,0.3122298165772639,-0.11040506259453224,0.10947708938740587,0.7014491911248547,0.6955533921440155
safe_graph_adp,34.0,-0.008844270388921188,0.9505190127529782,-0.3105404728475684,1.5801007331737225,0.31576156320055465,-0.11169136420020738,0.11065694721404756,0.7015534015509641,0.6950560437609589
safe_graph_adp,36.0,-0.009666601137639078,0.9493884848453569,-0.3139555090542019,1.5809778986826328,0.31935633834352034,-0.1130012156707118,0.11185650326692907,0.7016562001762081,0.6945483602227578
safe_graph_adp,38.0,-0.010495550779704295,0.9482299973658759,-0.31741095681992715,1.581864445527332,0.3229980066911228,-0.11432875952062489,0.11307030674103763,0.7017569957779828,0.6940325347969092
safe_graph_adp,40.0,-0.011327400926423358,0.9470481795914896,-0.3208916258189017,1.5827565005781832,0.32667074884639197,-0.1156682416181155,0.1142930367983315,0.7018552573021213,0.6935107478747259
safe_graph_adp,42.0,-0.012158560190161172,0.9458477834121739,-0.32438270611791153,1.583650287829728,0.33035907337837295,-0.11701401579034565,0.1155195067935608,0.7019505136726185,0.6929851657961634
safe_graph_adp,44.0,-0.012985565546119984,0.9446336772657978,-0.3278697772938885,1.584542128989718,0.3340478252200138,-0.11836054727238839,0.11674466694452104,0.7020423530764172,0.6924579395720153
safe_graph_adp,46.0,-0.013805082809942583,0.9434108386574287,-0.3313388132898068,1.5854284435915518,0.3377221904574813,-0.11970241499333788,0.11796360548501755,0.7021304217778535,0.6919312035454042
safe_graph_adp,48.0,-0.014613906252142714,0.9421843455394491,-0.33477618309021595,1.5863057486495227,0.3413676975658753,-0.12103431269889889,0.11917154834386845,0.702214422517365,0.6914070740334046
safe_graph_adp,50.0,-0.015408957374675262,0.9409593668199034,-0.3381686473144902,1.58717065787662,0.3449702151583975,-0.12235104891513748,0.12036385739745294,0.7022941125481141,0.6908876479877376
safe_graph_adp,52.0,-0.016187282878866498,0.939741152253091,-0.34150335084012384,1.5880198804847496,0.34851594632634686,-0.12364754576306708,0.12153602734651169,0.7023693013623682,0.6903750017109087
safe_graph_adp,54.0,-0.016946051857298743,0.938535021949143,-0.3447678115795779,1.5888502195871477,0.3519914196555186,-0.12491883663816297,0.1226836812700181,0.7024398481568981,0.6898711896610256
safe_graph_adp,56.0,-0.01768255224498147,0.9373463557188724,-0.34794990554195104,1.5896585702224633,0.35538347701041995,-0.12616006277260366,0.1238025649099054,0.7025056590834122,0.6893782433749429
safe_graph_adp,58.0,-0.018394186567164367,0.9361805824471229,-0.35103784831481954,1.5904419170194974,0.35867925818098,-0.12736646870091364,0.12488853974020413,0.7025666843262223,0.6888981705354407
safe_graph_adp,60.0,-0.019078467022408098,0.9350431696627902,-0.3540201731018126,1.5911973315209123,0.36186618248697805,-0.12853339665163815,0.12593757487269575,0.702622915045039,0.6884329542039578
safe_graph_adp,62.0,-0.019733009939999043,0.9339396134471233,-0.35688570544776094,1.5919219691833801,0.36493192743315805,-0.12965627988865663,0.12694573784852517,0.7026743802161091,0.6879845522360476
safe_graph_adp,64.0,-0.020355529650473773,0.9328754287943031,-0.35962353477559533,1.5926130660706315,0.36786440450291796,-0.13073063502570054,0.12790918436135165,0.7027211433998913,0.6875548968922701
safe_graph_adp,66.0,-0.02094383180692402,0.9318561405100128,-0.36222298284761906,1.593267935254703,0.37065173217055447,-0.1317520533365614,0.1288241469525854,0.7027632994582177,0.6871458946527571
safe_graph_adp,68.0,-0.02149580619291829,0.9308872747050011,-0.36467356924846167,1.5938839629393788,0.3732822062013779,-0.1327161910813696,0.1296869227131071,0.7028009712384181,0.6867594262391993
safe_graph_adp,70.0,-0.022009419050350195,0.9299743509117151,-0.36696497396808936,1.5944586043183775,0.37574426729565047,-0.13361875886620167,0.13049386001863628,0.7028343062362649,0.6863973468435617
safe_graph_adp,72.0,-0.022482704957365488,0.9291228748229824,-0.36908699714088655,1.5949893791792618,0.37802646611636437,-0.13445551004917933,0.1312413443176738,0.7028634732438247,0.6860614865584077
safe_graph_adp,74.0,-0.022913758282796536,0.9283383316224317,-0.3710295159712198,1.5954738672623587,0.3801174257224667,-0.13522222820118873,0.13192578298173,0.7028886589823852,0.6857536509993275
safe_graph_adp,76.0,-0.023300724239318765,0.9276261798467119,-0.3727824388472704,1.595909703382149,0.3820058014083953,-0.13591471362343915,0.13254358921743334,0.7029100647145549,0.6854756221055561
safe_graph_adp,78.0,-0.02364178955291532,0.9269918456893274,-0.3743356566134595,1.5962945723166557,0.38368023792783484,-0.13652876891734345,0.1330911650291324,0.7029279028233592,0.6852291591004115
safe_graph_adp,80.0,-0.023935172761274458,0.926440717624674,-0.3756789909376978,1.5966262034683008,0.3851293240545779,-0.13706018359471206,0.13356488320880516,0.7029423933396359,0.6850159995885838
safe_graph_adp,82.0,-0.02417911414853236,0.925978141198119,-0.37680213967315607,1.596902365297519,0.3863415444064023,-0.13750471770807274,0.1339610683175121,0.7029537603921734,0.6848378607624998
safe_graph_adp,84.0,-0.024371865318398203,0.9256094137930679,-0.3776946190754575,1.5971208595281128,0.3873052284291032,-0.13785808447213901,0.13427597660930457,0.7029622285477483,0.6846964406848289
safe_graph_adp,86.0,-0.024511678402248962,0.9253397791481157,-0.3783457026953276,1.5972795151208923,0.3880084964073687,-0.13811593183812979,0.13450577483445944,0.7029680190003711,0.6845934196085737
safe_graph_adp,88.0,-0.024596794893356255,0.9251744213556145,-0.3787443567240022,1.5973761820095596,0.3884392023372288,-0.13827382297289273,0.1346465178441763,0.702971345560483,0.6845304612899146
safe_graph_adp,90.0,-0.02462543409311485,0.9251184580261931,-0.37887917152433276,1.5974087245900535,0.3885848734615118,-0.13832721558471023,0.1346941249034888,0.7029724103853868,0.6845092142418711
safe_graph_adp,92.0,-0.024034964334380286,0.924956930485539,-0.3793112142241711,1.5967754357893569,0.3890517661186732,-0.13844861046237675,0.1348977631339354,0.7027233279667402,0.6847002994696636
safe_graph_adp,94.0,-0.022291698711069834,0.9244755411832926,-0.3805890880233342,1.59490446042323,0.3904332410724132,-0.1388072763565065,0.13550059084171376,0.7019867799589116,0.68526395693554
safe_graph_adp,96.0,-0.019449347492956685,0.9236781102979581,-0.38267541263908184,1.5918496283782075,0.3926904012254501,-0.1393911264142919,0.1364869470024945,0.7007824106271622,0.6861817835897982
safe_graph_adp,98.0,-0.015559012059695931,0.9225631491897822,-0.3855322981291681,1.5876597113634783,0.395784648482179,-0.1401866899610446,0.13784237885142364,0.6991273021577891,0.6874359504185958
safe_graph_adp,100.0,-0.010669756168400596,0.9211247480607964,-0.3891212597806003,1.5823792085097776,0.3996774781676545,-0.14117925178246,0.13955338712981225,0.6970363908898853,0.6890091006524838
safe_graph_adp,102.0,-0.004829195776967738,0.919353408796139,-0.39340308667201246,1.5760490960951745,0.40433023200633544,-0.14235295678085555,0.14160716655687441,0.694522863747636,0.6908842434208963
safe_graph_adp,104.0,0.0019159095720980165,0.917236838548218,-0.3983376850118275,1.5687075458986182,0.40970382801564037,-0.14369089279431638,0.14399134548531467,0.6915985379100217,0.6930446465517365
safe_graph_adp,106.0,0.009519078475001759,0.9147607176377268,-0.4038839147724224,1.5603906166266408,0.41575848328212944,-0.14517516283922186,0.14669372808465767,0.6882742265282957,0.6954737315902781
safe_graph_adp,108.0,0.01793355577837568,0.911909452743898,-0.4099994360648177,1.551132922351028,0.4224534438948411,-0.14678695671401285,0.14970204219028016,0.684560092814993,0.6981549736468446
safe_graph_adp,110.0,0.027111799604831604,0.9086669232837791,-0.41664057993932657,1.540968281043426,0.4297467350967486,-0.1485066307060148,0.15300369604594213,0.6804659941494983,0.7010718083326153
safe_graph_adp,112.0,0.0370050194079607,0.9050172254503112,-0.42376225666856765,1.5299303451734683,0.43759494377917824,-0.15031380298987862,0.15658554745425554,0.6760018170274921,0.704207547768909
safe_graph_adp,114.0,0.047562776848008435,0.9009454147020712,-0.43131791289699445,1.518053215008874,0.4459530445965562,-0.15218747111474426,0.1604336892425087,0.6711778027706472,0.7075453074253996
safe_graph_adp,116.0,0.05873266080488251,0.8964382437010123,-0.43925954717572513,1.5053720337709244,0.45477428004745,-0.1541061566758645,0.16453325536471788,0.6660048629527019,0.7110679453308489
safe_graph_adp,118.0,0.07046004701463655,0.8914848889345873,-0.4475377912265974,1.4919235622097828,0.46401010370073686,-0.15604808079902413,0.16886825231147576,0.6604948825342628,0.714758014985673
safe_graph_adp,120.0,0.08268795146207093,0.8860776557250517,-0.4561020617228152,1.4777467285323151,0.47361019421874023,-0.15799137239845207,0.17342142070677566,0.6546610077811327,0.7185977330737199
safe_graph_adp,122.0,0.09535698466905873,0.8802126482409373,-0.4649007844169558,1.4628831480138216,0.48352254585443316,-0.15991430929470415,0.1781741319603606,0.6485179152233519,0.7225689628106975
safe_graph_adp,124.0,0.10840541133247213,0.8738903887204572,-0.4738816891333169,1.4473776051426845,0.4936936386350459,-0.16179559022464124,0.18310632454952555,0.6420820572510401,0.7266532134726277
safe_graph_adp,126.0,0.1217693164087593,0.8671163686277255,-0.4829921705775467,1.431278489886209,0.5040686885015184,-0.16361463360323372,0.18819648387501603,0.6353718794947578,0.7308316563171435
safe_graph_adp,128.0,0.13538287481770625,0.8599015140945838,-0.4921797062699107,1.4146381787410183,0.5145919743241175,-0.16535189670403086,0.1934216686425236,0.628408004954336,0.7350851567439194
safe_graph_adp,130.0,0.14917871763062485,0.8522625488991156,-0.5013923193967623,1.3975133507610087,0.5252072350922761,-0.16698920684036808,0.19875758536280475,0.6212133799633062,0.739394322140857
safe_graph_adp,132.0,0.16308838317484875,0.8442222404551333,-0.510579071245903,1.3799652288534319,0.5358581268704778,-0.16851009430360078,0.204178710870854,0.613813377533996,0.7437395644344974
safe_graph_adp,134.0,0.17704283723546144,0.8358095177846094,-0.5196905653985615,1.362059737394223,0.5464887255545389,-0.16990011540729832,0.20965846080420297,0.6062358544291832,0.7481011759129359
safe_graph_adp,136.0,0.19097304279741553,0.8270594550467512,-0.528679444221607,1.3438675686991168,0.5570440583106664,-0.17114715314827914,0.21516939985291528,0.5985111594350003,0.752459416425861
safe_graph_adp,138.0,0.204810556863798,0.8180131196165,-0.5375008576108717,1.3254641531112454,0.5674706440884535,-0.1722416828495707,0.22068348742903424,0.5906720917262472,0.7567946096009451
safe_graph_adp,140.0,0.2184881300746228,0.808717289558585,-0.5461128844712515,1.306929530381554,0.5777170219937364,-0.17317699077307536,0.22617235035092859,0.582753809854063,0.761087245264361
safe_graph_adp,142.0,0.23194028431522307,0.7992240511861204,-0.5544768890742147,1.2883481235090588,0.5877342457552612,-0.17394933509487068,0.23160757235507654,0.5747936936590174,0.7653180848364057
safe_graph_adp,144.0,0.24510384431351168,0.7895902927641628,-0.5625577970976328,1.2698084200866735,0.5974763231063331,-0.17455804076595055,0.2369609888829121,0.5668311632143002,0.7694682661167441
safe_graph_adp,146.0,0.25791840132870664,0.7798771148912672,-0.5703242796207413,1.2514025702150642,0.606900580618869,-0.17500552250521645,0.24220497476766853,0.5589074606170863,0.7735194036073235
safe_graph_adp,148.0,0.2703266902609065,0.7701491813185087,-0.5777488373393881,1.233225913905617,0.6159679372626203,-0.175297233294427,0.24731271225095644,0.5510654019520935,0.777453680375733
safe_graph_adp,150.0,0.2822748655940827,0.7604740357142271,-0.584807781461874,1.2153764542769994,0.624643073515804,-0.17544153902381535,0.25225842722644587,0.5433491079372438,0.7812539274666057
safe_graph_adp,152.0,0.29371266619220476,0.7509214100584038,-0.5914811118152169,1.197954295450483,0.6328944869530737,-0.17544952310596496,0.25701758271837905,0.5358037225304606,0.7849036870457368
safe_graph_adp,154.0,0.30459346374060486,0.7415625489951372,-0.5977522963354767,1.1810610656014628,0.6406944295688816,-0.175334727672443,0.26156702028123113,0.5284751290561321,0.7883872558218662
safe_graph_adp,156.0,0.3148741942173862,0.7324695717485611,-0.6036079590913552,1.1647993459330581,0.6480187263366238,-0.17511284016271825,0.2658850421326693,0.5214096731567373,0.7916897058310405
safe_graph_adp,158.0,0.3245151758968922,0.7237148893713355,-0.609037486132705,1.1492721252977984,0.6548464783599212,-0.17480133553342606,0.2699514292513519,0.5146539010798483,0.7947968803689259
safe_graph_adp,160.0,0.33347982080874083,0.7153706904524794,-0.6140325596863028,1.1345822978003708,0.6611596572002609,-0.17441908485461563,0.2737473932157575,0.5082543204963506,0.7976953636839372
safe_graph_adp,162.0,0.3417342491720168,0.7075085032811483,-0.6185866315462266,1.120832217058933,0.6669425994003478,-0.17398594069244133,0.2772554620671083,0.5022571892645697,0.8003724239548579
safe_graph_adp,164.0,0.34924681805949664,0.7001988371372159,-0.6226943460053317,1.1081233160543678,0.6721814117897026,-0.17352230845378025,0.2804593028100189,0.49670833538160997,0.8028159300229533
safe_graph_adp,166.0,0.3559875764741062,0.693510900094793,-0.6263509214855539,1.096555795879337,0.6768632988758128,-0.1730487109001536,0.28334348522087793,0.4916530088851619,0.8050142432856999
safe_graph_adp,168.0,0.36192765926763987,0.6875123856428951,-0.6295514983261198,1.0862283804590391,0.6809758235957529,-0.17258535048642734,0.28589319337034824,0.48713576377708584,0.8069560870526332
safe_graph_adp,170.0,0.3670386320885043,0.6822693156271501,-0.6322904581822029,1.0772381276951122,0.6845061121124141,-0.17215167123435934,0.2880938926948854,0.4832003652188766,0.8086303964948814
safe_graph_adp,172.0,0.3712917990437158,0.6778459224957921,-0.6345607183861206,1.0696802806984687,0.6874400124339771,-0.171765918716905,0.28993096164314863,0.4798897143707303,0.8100261530896367
safe_graph_adp,174.0,0.3746574842653496,0.6743045495202465,-0.6363530026488888,1.0636481360040284,0.6897612157155686,-0.17144469361545722,0.291389298000457,0.4772457803670202,0.8111322081903645
safe_graph_adp,176.0,0.3771042983719116,0.671705543431539,-0.6376550878592353,1.0592328990457163,0.6914503485126356,-0.17120249143020946,0.29245291112665117,0.475309526085467,0.8119371010823714
safe_graph_adp,178.0,0.3785984012207235,0.6701071096169395,-0.6384510257129694,1.056523490847211,0.6924840443799212,-0.17105121849396038,0.2931045127312342,0.4741208116147444,0.8124288776638194
safe_graph_adp,180.0,0.37910277369128664,0.6695650955079271,-0.6387203377512208,1.055606264012689,0.6928340044692675,-0.17099967270732566,0.29332512067316685,0.47371825670584916,0.8125949167818064
safe_graph_adp,182.0,0.3783336262342258,0.6696245061600287,-0.639113986711603,1.0565145623279966,0.6933457183506762,-0.1712541613346933,0.29345527445174735,0.47404344608836946,0.8123046382624339
safe_graph_adp,184.0,0.37605911814968424,0.6697999488064393,-0.6402714801046294,1.0592049220917437,0.6948516348811017,-0.17200646507451192,0.2938357089810766,0.47500633369750545,0.8114452138298758
safe_graph_adp,186.0,0.372344630561939,0.6700819851168376,-0.642144539269448,1.0636101755367926,0.6972925273412492,-0.17323502855680184,0.2944449576192794,0.4765814218489966,0.810038233765477
safe_graph_adp,188.0,0.3672541993312174,0.6704562743046809,-0.6446803373138295,1.0696686947383218,0.7006050503379303,-0.17491934736860185,0.29525766768396405,0.4787439921379873,0.8081029152167137
safe_graph_adp,190.0,0.3608513129832883,0.6709044213523397,-0.6478221880486336,1.077322953332037,0.7047221464481991,-0.17703955593638138,0.2962451775184904,0.4814697688384952,0.8056566589593194
safe_graph_adp,192.0,0.3531997323488279,0.671404801101279,-0.6515102010919461,1.086518112813689,0.7095734086334933,-0.17957600525810868,0.29737606076591755,0.48473457923788704,0.8027155937877087
safe_graph_adp,194.0,0.3443642872189612,0.6719333641819782,-0.6556819288246898,1.0972006383812123,0.7150854391445461,-0.18250884334343215,0.29861666157343675,0.4885140180396617,0.799295105521686
safe_graph_adp,196.0,0.3344116099938032,0.6724644282561544,-0.6602730252187163,1.1093169514757693,0.7211822392772107,-0.18581761077388287,0.2999316401978799,0.4927831228961761,0.7954103472568027
safe_graph_adp,198.0,0.32341077078682295,0.6729714546851722,-0.665217930093587,1.1228121298234723,0.7277856575334215,-0.18948086393824076,0.3012845435984312,0.4975160684794749,0.7910767267431329
safe_graph_adp,200.0,0.3114337832483828,0.6734278069564332,-0.6704505854046577,1.1376286703835519,0.7348159164049554,-0.19347583891255102,0.3026384101425839,0.5026858870927031,0.7863103658106487
safe_graph_adp,202.0,0.29855595588964634,0.6738074834148746,-0.6759051830670727,1.1537053356648064,0.7421922301048813,-0.19777816932690218,0.3039564116064331,0.5082642244920622,0.7811285257129729
safe_graph_adp,204.0,0.28485607017710124,0.6740858134638885,-0.6815169369648756,1.1709761088225714,0.749833517198532,-0.20236167158719895,0.30520252938102466,0.5142211401438823,0.7755499912713463
safe_graph_adp,206.0,0.27041637419486525,0.6742401037902546,-0.687222865603444,1.1893692871702082,0.757659203435247,-0.20719821021411272,0.3063422554547733,0.5205249613855706,0.7695954058994252
safe_graph_adp,208.0,0.2553223890972363,0.6742502196424538,-0.6929625667651771,1.2088067465573522,0.7655901014900436,-0.21225765457705068,0.3073433026772608,0.5271422006923896,0.7632875491071943
safe_graph_adp,210.0,0.23966253455750977,0.6740990859711833,-0.6986789619147592,1.229203409798923,0.7735493462452869,-0.21750793576036284,0.308176303455538,0.5340375442885315,0.756651548045744
safe_graph_adp,212.0,0.22352758845316892,0.6737730944247202,-0.7043189862765648,1.2504669503670094,0.7814633572129401,-0.2229152086255286,0.3088154718745276,0.5411739185366645,0.7497150151824502
safe_graph_adp,214.0,0.20701000449578447,0.6732624047395254,-0.7098342006433663,1.2724977574287417,0.7892627942801398,-0.2284441193836634,0.3092392017499508,0.5485126378244726,0.7425081053880253
safe_graph_adp,216.0,0.19020311877032048,0.6725611327935307,-0.7151813030732319,1.2951891798452524,0.7968834696714674,-0.23405817338080206,0.3094305727265701,0.5560136340746931,0.7350634876381785
safe_graph_adp,218.0,0.173200281605212,0.6716674221822382,-0.720322522507066,1.3184280551268999,0.8042671782553452,-0.23972019169902484,0.3093777384925742,0.563635763700827,0.727416229193705
safe_graph_adp,220.0,0.15609395440498353,0.670583401227408,-0.7252258816372289,1.3420955151847367,0.8113624102822862,-0.2453928391056458,0.3090741755454783,0.571337183113782,0.7196035934583446
safe_graph_adp,222.0,0.13897481180007326,0.6693150323795158,-0.7298653225876278,1.3660680450735005,0.8181249152882099,-0.2510392004475956,0.3085187775084259,0.5790757791728729,0.7116647565663685
safe_graph_adp,224.0,0.12193088770228545,0.6678718655820792,-0.7342206955596158,1.3902187551835616,0.824518092919912,-0.2566233784105279,0.3077157882782526,0.586809636758933,0.7036404518675072
safe_graph_adp,226.0,0.10504679983573421,0.6662667109445456,-0.73827761697847,1.414418813097839,0.8305131952849257,-0.26211108318477694,0.3066745765682071,0.5944975224244787,0.6955725555178052
safe_graph_adp,228.0,0.08840308148227305,0.6645152487416565,-0.742027209322039,1.4385389701498703,0.8360893353403807,-0.2674701843732661,0.3054092638067771,0.6020993612684422,0.6875036299631206
safe_graph_adp,230.0,0.07207564211855813,0.6626355961722625,-0.7454657393191372,1.4624511109013243,0.8412333059495336,-0.27267119756383545,0.30393822593923464,0.6095766840633191,0.6794764448296813
safe_graph_adp,232.0,0.05613537097521992,0.6606478504562696,-0.7485941743114122,1.4860297521222996,0.8459392236776028,-0.27768768221261453,0.3022834966017978,0.6168930232986761,0.6715334962866677
safe_graph_adp,234.0,0.04064788995038251,0.6585736268337429,-0.7514176781801395,1.5091534216061482,0.8502080193962857,-0.28249653342004266,0.3004701037548867,0.6240142400413121,0.6637165461104989
safe_graph_adp,236.0,0.025673455313597264,0.6564356080585778,-0.7539450684002289,1.531705855827018,0.8540468037328712,-0.2870781571942133,0.298525373819406,0.6309087679920017,0.6560662004087494
safe_graph_adp,238.0,0.01126700166877956,0.6542571193121957,-0.7561882546712182,1.5535769680211537,0.8574681389955613,-0.29141652614543245,0.29647823663591316,0.6375477663413697,0.6486215453742793
safe_graph_adp,240.0,-0.00252168301844885,0.6520617393827859,-0.7581616774460777,1.574663553309157,0.860489250357233,-0.29549911950287394,0.29435856144970124,0.6439051784311778,0.641419853811684
safe_graph_adp,242.0,-0.01564766575945869,0.649872955732204,-0.7598817618315159,1.594869713372226,0.8631312079562504,-0.2993167572585391,0.2921965491465599,0.6499576982747196,0.6344963718923092
safe_graph_adp,244.0,-0.028070476498994648,0.6477138679369344,-0.7613663990689994,1.6141069984132046,0.8654181085386401,-0.30286334267911075,0.2900221997976967,0.65568465124174,0.6278841910828288
safe_graph_adp,246.0,-0.03975363246688129,0.645606941118604,-0.7626344643963893,1.6322942773989222,0.867376280805991,-0.30613553015709416,0.2878648679235687,0.6610677983753156,0.6216142058720944
safe_graph_adp,248.0,-0.050664095125265575,0.6435738084900505,-0.763705376759094,1.6493573580103025,0.8690335332774782,-0.3091323363897542,0.28575291139494535,0.6660910757486136,0.6157151541383232
safe_graph_adp,250.0,-0.06077167446059376,0.6416351200927428,-0.7645987027498982,1.6652283848747576,0.8704184577279671,-0.3118547123480043,0.28371343405850313,0.6707402810067608,0.6102137339949395
safe_graph_adp,252.0,-0.0700483932831217,0.6398104331967298,-0.7653338044089429,1.679845048485794,0.8715597955560236,-0.31430509172006704,0.28177211733305396,0.6750027189094935,0.6051347888506158
safe_graph_adp,254.0,-0.0784678216987519,0.6381181386401862,-0.7659295281527126,1.6931496380238789,0.8724858690857978,-0.316486928838567,0.2799531323222337,0.6788668165055248,0.6005015512261029
safe_graph_adp,256.0,-0.08600438920275524,0.6365754165367681,-0.7664039301170767,1.7050879696037344,0.8732240750141598,-0.3184042358801001,0.2782791214229533,0.6823217167740206,0.5963359355029948
safe_graph_adp,258.0,-0.09263267906991318,0.6351982141900778,-0.7667740315491041,1.715608217929677,0.8738004330612819,-0.32006112567953815,0.27677123684579774,0.6853568574033558,0.5926588700878359
safe_graph_adp,260.0,-0.09832670700013366,0.6340012386284571,-0.7670555964909532,1.7246596746149252,0.8742391793494955,-0.3214613630791913,0.2754492226897484,0.6879615390555495,0.5894906602713919
safe_graph_adp,262.0,-0.10305918340767388,0.6329979558067224,-0.7672629227714931,1.7321914511508287,0.8745623910211038,-0.32260792451384723,0.27433152696766905,0.6901244851586009,0.586851374145985
safe_graph_adp,264.0,-0.10680075637400596,0.6322005881076355,-0.7674086361478479,1.7381511392670868,0.8747896259509266,-0.32350256262606364,0.27343542997989134,0.6918333931075565,0.584761245114078
safe_graph_adp,266.0,-0.1095192301609477,0.6316201012050079,-0.7675034761997689,1.7424834367004116,0.8749375589139151,-0.32414537016647327,0.27277717539750007,0.6930744748312663,0.5832410855891123
safe_graph_adp,268.0,-0.1111787523401957,0.6312661705072385,-0.7675560611455058,1.7451287426297029,0.8750195930083654,-0.32453433528153647,0.272372090064962,0.6938319830648787,0.582312707274428
safe_graph_adp,270.0,-0.11173896108794813,0.6311471161602038,-0.7675726169800771,1.7460217246708045,0.875045422275446,-0.3246648785369155,0.27223467758489633,0.6940877184219741,0.5819993437286985
safe_graph_adp,272.0,-0.11171695998316923,0.6304341114493027,-0.7681615402851455,1.7461820261035286,0.8759647400333777,-0.3250057280098573,0.27247612141496486,0.6939850454082149,0.5818185256325189
safe_graph_adp,274.0,-0.11165619962054966,0.6283247321717961,-0.7698966969844309,1.746665022317506,0.8786792616667759,-0.32601333068191235,0.27318682605279765,0.6936836871957373,0.5812806623374043
safe_graph_adp,276.0,-0.11156445777914567,0.624876612059123,-0.7727111953776505,1.7474731550200535,0.883101346170039,-0.32765717439448605,0.27433902050536413,0.693195737665582,0.5803951646751104
safe_graph_adp,278.0,-0.11144815470219326,0.6201442801720138,-0.7765309913863134,1.7486115169006742,0.8891413101468092,-0.3299062077475792,0.2759028181358809,0.6925328239843767,0.5791699377026699
safe_graph_adp,280.0,-0.11131251406251311,0.6141802682429789,-0.7812759578497633,1.7500876970914876,0.8967074057826674,-0.332728891829513,0.277846358001273,0.6917063382510565,0.5776116580459987
safe_graph_adp,282.0,-0.111161720748651,0.6070362525055493,-0.7868608898555183,1.7519116771846395,0.9057057486931632,-0.33609324000698876,0.28013591381497194,0.6907276816266857,0.575726040445696
safe_graph_adp,284.0,-0.1109990735617762,0.5987641780937746,-0.7931964855570869,1.7540957677744264,0.9160402384631327,-0.33996685945801197,0.28273598760384205,0.6896085107469079,0.5735180883715598
safe_graph_adp,286.0,-0.11082713146463566,0.5894173193085976,-0.8001903340020966,1.756654577332595,0.9276125084592528,-0.3443170059488564,0.28560940232479576,0.6883609772757247,0.5709923236630221
safe_graph_adp,288.0,-0.1106478522742165,0.5790512336955077,-0.8077479319334799,1.7596050063811206,0.9403219349530697,-0.349110660813968,0.2887174048434505,0.6869979521640305,0.5681529902842423
safe_graph_adp,290.0,-0.1104627227402591,0.567724572673848,-0.815773740976691,1.7629662605156704,0.954065728704408,-0.35431463626107595,0.2920197877725164,0.6855332267070825,0.565004227560336
safe_graph_adp,292.0,-0.11027287889436857,0.555499717009202,-0.8241722857406966,1.766759875918759,0.9687391249358714,-0.35989571206182724,0.2954750357693202,0.683981683003502,0.5615502087902079
safe_graph_adp,294.0,-0.11007921546970467,0.54244321215056,-0.832849282831748,1.771009750606576,0.9842356801682145,-0.36582080348872353,0.29904049908534625,0.6823594270189571,0.5577952420019486
safe_graph_adp,296.0,-0.10988248314548209,0.5286259865481451,-0.8417127813237619,1.7757421737660057,1.000447676870603,-0.3720571571350779,0.30267259457028517,0.6806838782201564,0.5537438308927901
safe_graph_adp,298.0,-0.10968337241323856,0.5141233454399772,-0.8506742875446893,1.7809858441181765,1.0172666295899186,-0.37857256814210316,0.3063270321161908,0.6789738106889731,0.5494006957073074
safe_graph_adp,300.0,-0.10948258302299396,0.499014742890687,-0.8596498417334553,1.78677186622683,1.0345838795116085,-0.3853356095045765,0.3099590628617141,0.6772493417208946,0.5447707559480774
safe_graph_adp,302.0,-0.1092808782559868,0.48338334549907086,-0.8685610116403603,1.793133710967875,1.0522912586567459,-0.3923158616793165,0.3135237445423781,0.6755318650782649,0.5398590793409166
safe_graph_adp,304.0,-0.10907912367482842,0.46731541141818517,-0.8773357686937105,1.8001071228897847,1.0702818005061068,-0.3994841288038975,0.3169762193331991,0.6738439271928225,0.53467080432391
safe_graph_adp,306.0,-0.1088783104915552,0.45089951735299716,-0.8859092158654512,1.8077299528168191,1.088450471065579,-0.4068126265358959,0.320272000509908,0.6722090455618396,0.5292110464126653
safe_graph_adp,308.0,-0.10867956422549536,0.43422567327087097,-0.8942241424789509,1.8160418886836358,1.1066948934394454,-0.41427512589036586,0.32336726632543433,0.6706514692311971,0.5234848020294133
safe_graph_adp,310.0,-0.10848413984530159,0.41738436909721544,-0.902231389298413,1.825084051184068,1.1249160399067712,-0.4218470374867944,0.32621916266298717,0.6691958815131114,0.5174968666967603
safe_graph_adp,312.0,-0.10829340505232192,0.40046559933561066,-0.909890016524494,1.8348984133928066,1.143018868193094,-0.42950542128783464,0.3287861202137328,0.6678670449131039,0.5112517878288532
safe_graph_adp,314.0,-0.10810881372222413,0.38355791030188346,-0.9171672769132279,1.845526995244563,1.1609128828390036,-0.4372289081864198,0.33102819697893515,0.66668938769564,0.5047538756512915
safe_graph_adp,316.0,-0.10793187174764525,0.3667475107379884,-0.9240384052779079,1.857010775034229,1.1785126079117307,-0.4449975216693442,0.33290746255941117,0.6656865307681062,0.4980072989769518
safe_graph_adp,318.0,-0.10776409760167503,0.35011748046426533,-0.9304862433918362,1.8693882516948237,1.1957379633250727,-0.45279239031416124,0.334388446594274,0.6648807529061929,0.4910162955266869
safe_graph_adp,320.0,-0.10760697987173698,0.33374710409951486,-0.9365007252469542,1.8826935847926103,1.2125145432249211,-0.4605953452228645,0.33543867931022087,0.664292392217827,0.4837855289517885
safe_graph_adp,322.0,-0.10746193381204865,0.31771134846859905,-0.9420782514396772,1.8969542359169655,1.228773800755689,-0.4683884009413589,0.3360293566859679,0.6639391827202541,0.476320626214709
safe_graph_adp,324.0,-0.10733025865736749,0.30208049385497626,-0.9472209830915256,1.9121880382646534,1.2444531485615296,-0.4761531243508121,0.33613616517415923,0.6638355276653202,0.46862892872962547
safe_graph_adp,326.0,-0.10721309706438488,0.28691992137714983,-0.9519360853202241,1.9283996345166179,1.2594959881425218,-0.3897658260127706,0.4533474910701612,0.5899852547925097,0.5426564772859439
safe_graph_adp,328.0,-0.10711139763452188,0.2722900519639414,-0.956234948168207,1.9455762512675687,1.273851683260185,-0.39442707256235693,0.45730560283837735,0.5868792758565337,0.5393251205095387
safe_graph_adp,330.0,-0.10702588105482498,0.2582464269917637,-0.9601324094782063,1.9636828264819401,1.2874754925793417,-0.3988475019376631,0.46107729322677193,0.5838841239476252,0.5361042153076894
safe_graph_adp,332.0,-0.10695700999814067,0.24483991677274947,-0.9636459999226743,1.9826565794943325,1.3003284742936712,-0.40301904417573897,0.46465347837651727,0.5810126074636193,0.5330076406887648
safe_graph_adp,334.0,-0.10690496256822161,0.23211704073828104,-0.9667952256694228,2.002401213732417,1.3123773703350512,-0.40693494083478227,0.46802620370692755,0.5782767105182366,0.5300485568735016
safe_graph_adp,336.0,-0.10686960877031726,0.2201203822216494,-0.9696008993662671,2.022781069099038,1.3235944697955606,-0.41058951948488104,0.4711884526343828,0.5756876292653635,0.5272394542368923
safe_graph_adp,338.0,-0.10685048923607834,0.20888908099958353,-0.9720845255373424,2.0436156852480005,1.3339574405760082,-0.4139779660349095,0.4741339483526145,0.5732558273908774,0.5245922216536959
safe_graph_adp,340.0,-0.1068467952299008,0.19845938795625767,-0.9742677422973252,2.0646753808224663,1.3434491056736293,-0.41709609757076194,0.4768569515312836,0.5709911079791362,0.5221182316068756
safe_graph_adp,342.0,-0.1068573488039743,0.18886526812605453,-0.9761718176132004,2.085678568961687,1.3520571272466013,-0.4199401374522069,0.47935205584764684,0.5689026990238504,0.5198284395400414
safe_graph_adp,344.0,-0.1068805818398157,0.18013904070790762,-0.9778171952049204,2.10629158047005,1.3597735497008703,-0.4225064935097247,0.4816139823321067,0.5669993500367677,0.5177334951712215
safe_graph_adp,346.0,-0.10691451260153059,0.17231204720897794,-0.9792230825413728,2.1261317173908956,1.3665941452263686,-0.42479153932492164,0.4836373726076199,0.5652894374724895,0.5158438637971748
safe_graph_adp,348.0,-0.10695671831610919,0.16541534148982778,-0.9804070711734245,2.144774087328704,1.3725175043895388,-0.4267913977821976,0.48541658024725187,0.563781076996309,0.5141699559689027
safe_graph_adp,350.0,-0.10700430217417539,0.15948039800490926,-0.9813847777342043,2.1617624729847518,1.3775438230300927,-0.4285017253487257,0.48694545866444067,0.5624822409402499,0.5127222642777253
safe_graph_adp,352.0,-0.1070538529964035,0.15453983685017675,-0.9821694921880567,2.1766241044639627,1.3816733559711598,-0.4299174948702018,0.48821714317880294,0.561400879590093,0.5115115063283799
safe_graph_adp,354.0,-0.10710139562229166,0.1506281662547366,-0.9827718181686392,2.188887785447023,1.384904537093376,-0.4310327740519728,0.48922382415218174,0.5605450451953536,0.5105487732645287
safe_graph_adp,356.0,-0.10714232983552122,0.14778254480515549,-0.9831992883481602,2.198104451882833,1.3872318010924414,-0.43184049621767606,0.48995650734661056,0.5599230177680422,0.5098456834265744
safe_graph_adp,358.0,-0.10717135533056288,0.14604356688140058,-0.9834559355503266,2.20386897298174,1.3886431799204944,-0.4323322193899137,0.49040475689769764,0.5595434318061392,0.5094145408330136
safe_graph_adp,360.0,-0.10718237983602263,0.14545607539721236,-0.9835417975778797,2.205841860780719,1.3891177809093422,-0.4324978692135376,0.490556415504131,0.5594154030108124,0.5092684981497858
safe_graph_adp,362.0,-0.10822872930144996,0.14554274357463687,-0.9834143846550959,2.2102027524122074,1.3884139465473622,-0.43217531152298244,0.49080532244537833,0.5596646318198186,0.5090286194894037
safe_graph_adp,364.0,-0.11132537513560642,0.14580558811175864,-0.9830297001242133,2.2228937668919824,1.3863050435649777,-0.4312177848598702,0.4915398921219482,0.5604027319888321,0.5083193233123678
safe_graph_adp,366.0,-0.11639207309796532,0.14624656152422277,-0.9823771315346767,2.243008967398761,1.3827810401065121,-0.42964437410593104,0.4927375820351639,0.5616099285083223,0.5071584321000097
safe_graph_adp,368.0,-0.12335659641187963,0.14686617544931352,-0.9814343975175153,2.269412272904465,1.3778023603947984,-0.42747039587708147,0.4943776264731733,0.5632664206649384,0.5055598505051123
safe_graph_adp,370.0,-0.13215261784508833,0.14766354973857362,-0.9801689454758776,2.3008185836677697,1.3713122497817491,-0.42470811514294143,0.49644062282493984,0.5653521176503454,0.5035342173171412
safe_graph_adp,372.0,-0.14271752418847483,0.1486364046558967,-0.9785391803604394,2.335882197008778,1.3632486305019496,-0.421367461200796,0.49890810722320567,0.5678463371733551,0.5010895135072758
safe_graph_adp,374.0,-0.15499018396512712,0.14978101079676354,-0.9764956178494382,2.37328490450637,1.3535543434614432,-0.4174567505646332,0.5017621254883093,0.5707274843636125,0.49823164233662853
safe_graph_adp,376.0,-0.16890869014218965,0.15109211058159228,-0.9739820473265662,2.4118137382158404,1.3421850218867621,-0.41298342332244004,0.5049848047320005,0.5739727276281326,0.4949649957217009
safe_graph_adp,378.0,-0.1844081065986009,0.15256282511780422,-0.970936781985724,2.450419180685457,1.3291143133422152,-0.40795479703730503,0.5085579315329269,0.5775576885249224,0.49129301875250664
safe_graph_adp,380.0,-0.20141825880694886,0.15418456066878736,-0.9672940640108106,2.4882486177110317,1.3143366335994493,-0.4023788384498368,0.5124625440319657,0.5814561637542078,0.48721878141578834
safe_graph_adp,382.0,-0.21986162424167155,0.15594692965531531,-0.9629856807434336,2.524655095366279,1.2978679713830976,-0.39626494820047864,0.5166785473514105,0.5856398985961185,0.4827455631146041
safe_graph_adp,384.0,-0.23965139476184427,0.1578377017287608,-0.9579428317502489,2.5591858922394763,1.2797454007055256,-0.38962474771543787,0.5211843641296626,0.5900784320475384,0.477877451431598
safe_graph_adp,386.0,-0.26068979951120186,0.1598428006244336,-0.9520982656844549,2.591557733507811,1.26002591228072,-0.38247285060913194,0.5259566343422967,0.5947390339862727,0.47261995174910226
safe_graph_adp,388.0,-0.28286679009020677,0.1619463618243388,-0.9453886793038739,2.6216255756352593,1.2387850163761946,-0.5610311022862925,0.14923647013634625,0.7868683949850489,0.20931007434503526
safe_graph_adp,390.0,-0.3060591968202624,0.16413086414009437,-0.9377573393359082,2.649350518242864,1.2161153754567986,-0.5540588969650516,0.13918743602682632,0.796025411693879,0.19997284886638791
safe_graph_adp,392.0,-0.33013046263802553,0.16637734485617492,-0.929156852612632,2.6747704779694716,1.192125554014962,-0.5461654462365718,0.12984774716815567,0.8051116654690624,0.19141074687225298
safe_graph_adp,394.0,-0.354931046688816,0.16866570290259073,-0.9195519739311947,2.6979754717773647,1.1669388529665088,-0.5374257147822976,0.12119982940316922,0.8141106341874246,0.18359759733266842
safe_graph_adp,396.0,-0.38029956122113884,0.17097508775822137,-0.9089223086166814,2.7190880305819,1.1406921311452378,-0.5279203821456759,0.11321358087131171,0.8230021055361064,0.1764944461012699
safe_graph_adp,398.0,-0.40606466286076065,0.1732843638442276,-0.8972647428841046,2.738248447428005,1.1135344981489947,-0.5177344849026039,0.10585156069234608,0.8317618520522415,0.17005490793345301
safe_graph_adp,400.0,-0.43204766505324177,0.17557263181067073,-0.8845954250848895,2.7556041625210574,1.085625778248891,-0.5069565675035436,0.09907281321358262,0.8403620709007323,0.1642291269489191
safe_graph_adp,402.0,-0.4580657772898419,0.17781978038621937,-0.8709511291566534,2.7713024648828064,1.0571346818131635,-0.4956780569857721,0.09283555355236058,0.8487723184939221,0.15896658509853204
safe_graph_adp,404.0,-0.48393581583136613,0.1800070365216691,-0.8563898603780388,2.7854857274394154,1.0282366681531896,-0.4839926640291053,0.08709895495523878,0.8569607225313121,0.1542180055970333
safe_graph_adp,406.0,-0.5094781784947596,0.1821174785012619,-0.8409906121128846,2.7982885033597977,0.9991115332367495,-0.47199569379658096,0.08182425848429305,0.8648953000050789,0.14993657255687953
safe_graph_adp,408.0,-0.5345208409638478,0.18413647728255408,-0.8248522463503828,2.8098359438742566,0.9699408003354065,-0.4597832180596347,0.07697539104851663,0.8725452479125949,0.1460786497363754
safe_graph_adp,410.0,-0.5589031204099533,0.18605203578143686,-0.8080915430677393,2.8202431237295174,0.9409050259362811,-0.44745111293886536,0.07251924052963035,0.8798821057152953,0.14260414203239047
safe_graph_adp,412.0,-0.5824789669139044,0.1878550037279891,-0.7908405342907431,2.829614967839821,0.912181153461607,-0.4350940038459541,0.06842570248424643,0.8868807172875559,0.13947660864942457
safe_graph_adp,414.0,-0.6051195829553953,0.18953915606324234,-0.7732432984790248,2.8380465585281764,0.8839400518525768,-0.42280418153824273,0.0646675838541608,0.8935199466582505,0.13666320864109363
safe_graph_adp,416.0,-0.6267152306242576,0.19110113419233776,-0.7554524314700336,2.8456236684201515,0.8563443654254439,-0.4106705619945941,0.06122042562015499,0.8997831265360647,0.1341345376810738
safe_graph_adp,418.0,-0.6471761567042185,0.1925402601909349,-0.7376254268930564,2.8524234127272288,0.8295467781535232,-0.39877776021507827,0.05806228789160028,0.9056582407712648,0.13186439855296905
safe_graph_adp,420.0,-0.666432637580773,0.19385824289139622,-0.7199211909856483,2.858514949858336,0.8036887637202217,-0.3872053368005514,0.05517352676656483,0.9111378604440306,0.12982953578745132
safe_graph_adp,422.0,-0.6844342098639925,0.19505880069051462,-0.7024968872820936,2.8639601842364275,0.778899857099771,-0.3760272594333469,0.05253658165687802,0.9162188671490052,0.1280093560293551
safe_graph_adp,424.0,-0.7011482017608572,0.19614722851268887,-0.6855052617699641,2.8688144425337496,0.755297448710499,-0.365311602328972,0.05013578397699895,0.9209020056691377,0.12638564919883277
safe_graph_adp,426.0,-0.7165577107892179,0.1971299357696174,-0.669092546313275,2.8731271063617867,0.7329870721753764,-0.35512048816418984,0.04795719258036582,0.9251913116077229,0.12494232065804815
safe_graph_adp,428.0,-0.7306591848610516,0.19801397894505876,-0.6533969847807147,2.8769421923371516,0.7120631339608302,-0.3455102610402127,0.0459884576195022,0.9290934582679533,0.12366514094682589
safe_graph_adp,430.0,-0.7434597582382476,0.1988066074110063,-0.638547978408868,2.880298875553719,0.6926100187756475,-0.33653186701577853,0.044218712205153984,0.9326170621482548,0.12254151689835764
safe_graph_adp,432.0,-0.7549744752870372,0.1995148351148609,-0.6246658084401231,2.883231955660852,0.674703498448066,-0.32823141112943643,0.042638490001568906,0.9357719790707054,0.12156028588507117
safe_graph_adp,434.0,-0.7652235079395455,0.20014504463277044,-0.6118618667686707,2.885772266569706,0.6584123729537956,-0.32065085642467456,0.041239666427968454,0.9385686143712044,0.12071153343550069
safe_graph_adp,436.0,-0.7742294417448429,0.20070262433647704,-0.6002393090425854,2.8879470316948543,0.6438002786644579,-0.31382883061761563,0.040015421198775374,0.9410172617644726,0.11998643340294177
safe_graph_adp,438.0,-0.7820146740148188,0.201191634417828,-0.5898940378286424,2.889780166863738,0.6309276088417075,-0.3078015087647856,0.0389602203352299,0.9431274771942761,0.1193771091738791
safe_graph_adp,440.0,-0.7885989384481866,0.20161449339360799,-0.5809159236344205,2.891292532769515,0.619853503103027,-0.30260354458076716,0.03806981637394899,0.9449074866384259,0.11887651400954827
safe_graph_adp,442.0,-0.7939969452951334,0.20197167344516523,-0.5733901760474768,2.892502138206413,0.6106378744489243,-0.29826902795612287,0.03734126618184708,0.9463636206487985,0.11847832845943973
safe_graph_adp,444.0,-0.798216105268848,0.2022613903975518,-0.5673987832590766,2.8934242943527404,0.6033434531734363,-0.29483245088476256,0.036772966496049865,0.9474997633611866,0.11817687282569343
safe_graph_adp,446.0,-0.8012542890773299,0.20247927213015776,-0.5630219432604952,2.894071719043943,0.5980378355388911,-0.29232966770201974,0.03636470800521744,0.9483167996773865,0.11796703286326138
safe_graph_adp,448.0,-0.8030975624130143,0.20261798756287178,-0.5603394117517048,2.8944545882407597,0.5947955305942653,-0.29079883762551023,0.03611774945978045,0.9488120411232499,0.11784419726547837
safe_graph_adp,450.0,-0.8037178283148797,0.2026668169678319,-0.5594316881880583,2.8945805296168245,0.5937000000776907,-0.2902813374709527,0.03603491394326202,0.9489786083650893,0.1178042060311729
safe_graph_adp,452.0,-0.8040971712010729,0.2030279254158208,-0.558755224376274,2.8942701649804587,0.5928841032391066,-0.2898885909900922,0.03603183892369437,0.9490786543718669,0.11796617825988365
safe_graph_adp,454.0,-0.8052157250257012,0.2040963567879102,-0.5567515723527297,2.893352736331527,0.5904700828060115,-0.2887263390987693,0.036021873021776014,0.9493736288610789,0.1184450868452211
safe_graph_adp,456.0,-0.8070335347125845,0.20584285114273543,-0.553466886527768,2.891856315430748,0.5865210808577183,-0.28682438114455666,0.03600254807281969,0.9498529275043356,0.11922670432730172
safe_graph_adp,458.0,-0.8095080336969478,0.20823945946816136,-0.5489381303029598,2.889809697290713,0.5810933198668113,-0.2842088814153347,0.035969701169054916,0.9505052327295641,0.12029669520053465
safe_graph_adp,460.0,-0.8125940796147209,0.21125912108563047,-0.5431946663335635,2.8872422771516795,0.5742374021124802,-0.2809030485845863,0.035917746082078365,0.9513185351519983,0.12164060789278007
safe_graph_adp,462.0,-0.8162438911236672,0.21487521187876138,-0.5362597817507408,2.8841839377608673,0.5659995793957632,-0.27692779859608785,0.03583992727340128,0.952280129570533,0.12324385908795218
safe_graph_adp,464.0,-0.8204069289805109,0.21906107637627034,-0.5281521709674557,2.880664945783994,0.5564229957099514,-0.2723024034585063,0.035728561143837864,0.9533765963190236,0.12509171267700095
safe_graph_adp,466.0,-0.825029760041712,0.22378955544871004,-0.5188873961830097,2.8767158562885147,0.5455489051817238,-0.2670451281378407,0.0355752686612652,0.9545937776250875,0.1271692553921277
safe_graph_adp,468.0,-0.830055939959144,0.22903252129124158,-0.5084793414972913,2.872367424371136,0.533417865828048,-0.2611738566880848,0.035371202879053466,0.9559167578751095,0.12946137108458178
safe_graph_adp,470.0,-0.8354259484033202,0.23476043213694725,-0.49694167086015917,2.8676505231482845,0.5200709067822133,-0.25470670709960214,0.03510727412228256,0.957329856165242,0.13195271560986307
safe_graph_adp,472.0,-0.8410772090557056,0.24094192046763957,-0.48428929305574225,2.8625960674792976,0.5055506628936197,-0.24766263219615736,0.03477437477604171,0.958816639085278,0.13462769434933547
safe_graph_adp,474.0,-0.8469442247510905,0.2475434300433567,-0.4705398287107525,2.8572349429415103,0.4899024662617852,-0.24006200140184594,0.03436360465957307,0.9603599611866094,0.1374704444867876
safe_graph_adp,476.0,-0.8529588554108207,0.2545289185154278,-0.4557150651620257,2.8515979397187823,0.47317537962088513,-0.2319271554775579,0.03386649691795555,0.9619420398817782,0.14046482423253986
safe_graph_adp,478.0,-0.859050762216102,0.261859643351298,-0.439842375311731,2.8457156911961112,0.45542315190107896,-0.2232829235811374,0.03327524322787638,0.963544570477244,0.14359441120394992
safe_graph_adp,480.0,-0.8651480353466187,0.2694940488956556,-0.4229560669215091,2.839618617169632,0.4367050721812175,-0.2141570894714559,0.0325829159315835,0.9651488855418653,0.14684251208626736
safe_graph_adp,482.0,-0.8711780142346206,0.2773877712458406,-0.40509861994024177,2.833336871681371,0.4170866951026624,-0.20458079163548465,0.03178368353986366,0.9667361607894619,0.1501921854707766
safe_graph_adp,484.0,-0.8770682985853252,0.2854937749085364,-0.38632176240164967,2.826900295570245,0.3966404091619665,-0.1945888408824165,0.03087301495890314,0.9682876670907309,0.15362627936448567
safe_graph_adp,486.0,-0.8827479356450111,0.29376263071962244,-0.36668733126078695,2.8203383738945225,0.37544581965584195,-0.1842199388373938,0.02984786689387108,0.969785065189391,0.1571274842675251
safe_graph_adp,488.0,-0.8881487549990367,0.30214293821469584,-0.3462678643487606,2.813680198426433,0.3535899208497055,-0.17351678205979282,0.028706848272005214,0.9712107363295602,0.16067840192165234
safe_graph_adp,490.0,-0.8932068075943351,0.3105818877301456,-0.3251468743216144,2.806954435447669,0.3311670374527881,-0.16252603939948734,0.027450355317020232,0.9725481385464356,0.16426162887280993
safe_graph_adp,492.0,-0.8978638520931735,0.31902594845505733,-0.30341876559757947,2.8001892990864654,0.30827852373382353,-0.1512981947396664,0.0260806711850209,0.9737821751485933,0.16785985291883
safe_graph_adp,494.0,-0.9020688206794993,0.32742165916537125,-0.28118837078957026,2.793412530434487,0.28503221931409733,-0.13988725332042273,0.02460202489503645,0.9748995592935786,0.17145595941441716
safe_graph_adp,496.0,-0.905779189661813,0.33571648938409526,-0.2585701033205653,2.786651382666939,0.2615416731972954,-0.12835031704601188,0.023020605658240777,0.9758891568954101,0.17503314338513626
safe_graph_adp,498.0,-0.9089621789935676,0.3438597312570969,-0.23568674629487102,2.7799326123643646,0.2379251609832499,-0.11674704199907596,0.021344530568760567,0.9767422897118682,0.1785750225750574
safe_graph_adp,500.0,-0.9115957099808387,0.3518033774986797,-0.21266792218163091,2.7732824772018008,0.21430453326952867,-0.1051389991078953,0.019583765839099387,0.9774529815320933,0.1820657460264579
safe_graph_adp,502.0,-0.9136690620382949,0.3595029391178394,-0.18964831093288848,2.766726740132694,0.19080394467304793,-0.09358896575323443,0.017750004159927946,0.9780181329461485,0.18549009264673
safe_graph_adp,504.0,-0.9151831866057712,0.36691815869495703,-0.16676570323063494,2.7602906801534015,0.16754852148059837,-0.0821601813083831,0.015856503114469334,0.9784376140622695,0.1888335544983676
safe_graph_adp,506.0,-0.9161506576565498,0.37401358068822793,-0.1441589883990648,2.753999109691305,0.14466303069809147,-0.07091560257715487,0.013917891649877315,0.978714269396486,0.19208240024230264
safe_graph_adp,508.0,-0.9165952614122413,0.38075894907597096,-0.12196618160452087,2.7478763986173487,0.12227061366150732,-0.059917195474773255,0.011949953193424831,0.9788538345048231,0.19522371520980003
safe_graph_adp,510.0,-0.9165512504396034,0.38712941363824993,-0.10032259174136329,2.7419465048436638,0.10049164334868065,-0.049225297037800764,0.009969394945460317,0.9788647692016621,0.19824541586563507
safe_graph_adp,512.0,-0.9160623068497843,0.39310553813388155,-0.0793592203686692,2.736233011430072,0.07944275655010136,-0.03889807721816805,0.00799361310481412,0.9787580168634241,0.20113623781864193
safe_graph_adp,514.0,-0.915180273914079,0.3986731152450318,-0.05920146467253298,2.7307591700904594,0.059236101008946995,-0.028991123447274048,0.006040463290247619,0.9785467029019508,0.20388569789032646
safe_graph_adp,516.0,-0.9139637238327579,0.4038228032687229,-0.039968175814619,2.725547950961662,0.03997882469896649,-0.019557163360667602,0.004128044295926733,0.9782457877070926,0.2064840319368671
safe_graph_adp,518.0,-0.9124764312578105,0.40854960724036243,-0.021771100632626238,2.72062209847369,0.02177282084692339,-0.01064593312687703,0.0022745017013433093,0.9778716900856247,0.2089221110341192
safe_graph_adp,520.0,-0.9107858178820825,0.41285223196327786,-0.004714711847579133,2.716004193140391,0.004714729314588704,-0.00230419124968552,0.0004978559212278457,0.9774418965240456,0.21119133922025207
safe_graph_adp,522.0,-0.9089614239963547,0.4167323361734502,0.011103588336088972,2.7117167190732356,-0.011103816508379195,0.005424128908209076,-0.001184142791859603,0.976974569681333,0.21328353623149096
safe_graph_adp,524.0,-0.9070734497914261,0.4201937160271639,0.025592922747598244,2.7077821370066193,-0.02559571745564759,0.012497639923361914,-0.002754131931478938,0.9764881666733177,0.2151908085877113
safe_graph_adp,526.0,-0.9051913938695819,0.4232414427608295,0.03866809530058364,2.704222962609221,-0.03867773801861027,0.01887711028226059,-0.004195228357651638,0.9760010742790287,0.21690541204082583
safe_graph_adp,528.0,-0.9033828003418876,0.42588097438878153,0.05024849948118929,2.7010618498405288,-0.050269669047141245,0.024524981756789924,-0.005491097100700616,0.9755312645033857,0.21841960786267628
safe_graph_adp,530.0,-0.9017121101653289,0.42811725537640494,0.0602568338876485,2.698321679092033,-0.06029335787840744,0.029404813605833052,-0.006626001957060997,0.9750959702412525,0.21972551480003802
safe_graph_adp,532.0,-0.9002395978076801,0.4299538120208186,0.06861768043174173,2.696025649825753,-0.06867164126265775,0.03348067338348838,-0.007584843732992945,0.9747113773058086,0.22081495784015184
safe_graph_adp,534.0,-0.8990203613596623,0.4313918453812441,0.07525600042060791,2.694197377385076,-0.07532721703168002,0.03671649410951485,-0.008353193082881865,0.9743923259371203,0.2216793142818578
safe_graph_adp,536.0,-0.8981033230012508,0.43242931853321787,0.08009560341871357,2.6928609935999446,-0.0801814912289454,0.039075417640898315,-0.008917325904037638,0.9741520121620376,0.22230935705805094
safe_graph_adp,538.0,-0.8975301872593805,0.43306003112311653,0.08305764505322154,2.692041250735243,-0.08315343926132795,0.04051914478835971,-0.009264270282973365,0.9740016770651959,0.2226950948627512
safe_graph_adp,540.0,-0.8973342967331975,0.4332726721142528,0.084059214279655,2.69176362823172,-0.08415852343127322,0.04100731457003982,-0.009381875132745491,0.9739502701809741,0.2228256084590706
safe_graph_adp,542.0,-0.8969261512718368,0.433925781718545,0.08504054988439183,2.690995239076727,-0.08514338562396384,0.04148326329498358,-0.009507538595585464,0.9738442803373504,0.22319512367092761
safe_graph_adp,544.0,-0.8957110681940386,0.43585161663900274,0.08794913636791578,2.688723650113383,-0.08806291468751425,0.04289360560552728,-0.009882065359354358,0.973528571168434,0.22428687991306628
safe_graph_adp,546.0,-0.8936959990664063,0.43898775060779643,0.09272117379005317,2.685005940918006,-0.09285454775479446,0.04520642986867495,-0.01050343697735044,0.9730044590570313,0.2260716239719737
safe_graph_adp,548.0,-0.8908677643126728,0.44327521420936294,0.09930614772602768,2.679885408467937,-0.09947009776697983,0.04839569184443851,-0.011375115221701926,0.9722677043438342,0.22852565469671407
safe_graph_adp,550.0,-0.887195195180098,0.44865701108635786,0.10766416326895091,2.673393294093762,-0.10787325526730701,0.052439994860641014,-0.012505469335092608,0.9713090192244476,0.23162998370022586
safe_graph_adp,552.0,-0.8826308764531686,0.4550764396357483,0.11776319467457881,2.665550269103724,-0.11803710083543521,0.057321317051412586,-0.013907321097586722,0.9701144389434027,0.23536955704786286
safe_graph_adp,554.0,-0.8771126734636173,0.46247525861334743,0.12957620622638777,2.656367742133731,-0.12994157079611102,0.0630236686237366,-0.015597563022139969,0.9686656041997048,0.2397325185730897
safe_graph_adp,556.0,-0.8705652207693962,0.47079173147001707,0.14307809743701438,2.6458490446459417,-0.1435708168298788,0.06953165940323086,-0.017596807879303032,0.9669399995538281,0.2447094970693516
safe_graph_adp,558.0,-0.8629015486170382,0.4799585914270751,0.1582424339728608,2.6339905463828015,-0.15891040462553582,0.07682895909493322,-0.019929028996504786,0.9649111918263648,0.2502929018887071
safe_graph_adp,560.0,-0.854025023938788,0.489900986173425,0.17503794512235968,2.620782749625052,-0.175944308148393,0.08489663983546768,-0.022621150966014192,0.9625491132915592,0.25647621444347013
safe_graph_adp,562.0,-0.8438317808405973,0.5005344865742706,0.19342480035718684,2.6062114094004785,-0.1946516755832413,0.0937114031722378,-0.02570255028880338,0.9598204359821426,0.2632532668271976
safe_graph_adp,564.0,-0.8322138056160198,0.5117632762285718,0.21335072262802446,2.590258725878808,-0.2150033719632067,0.10324371215058999,-0.02920442604385933,0.9566890844508777,0.2706175033019044
safe_graph_adp,566.0,-0.8190628163681799,0.5234786750515991,0.23474705452730948,2.5729046545018326,-0.23695834307021854,0.11345587402220071,-0.03315900308141989,0.9531169333815953,0.2785612257040965
safe_graph_adp,568.0,-0.8042750298389431,0.5355581851987213,0.25752496314769,2.5541283782323316,-0.2604598955577249,0.12430014977562641,-0.03759853583758224,0.9490647317345333,0.28707482969826054
safe_graph_adp,570.0,-0.7877568312748269,0.5478652740000856,0.28157204464338276,2.533909983780292,-0.2854320476920136,0.13571700152855587,-0.04255409102930028,0.9444932847691844,0.2961460448135085
safe_graph_adp,572.0,-0.7694312532853541,0.5602501161679376,0.30674965982302543,2.512232378701637,-0.3117761691053094,0.14763362431165836,-0.04805410335984594,0.9393649076865488,0.30575919663998186
safe_graph_adp,574.0,-0.7492450287332388,0.5725514950689006,0.3328913823049418,2.4890834775970645,-0.3393681884210013,0.15996293930095137,-0.054122720492304086,0.9336451389543735,0.31589451353827086
safe_graph_adp,576.0,-0.7271758217795329,0.5846000000411411,0.3598029518655437,2.464458671882167,-0.3680566928144602,0.17260324353080164,-0.0607779814329273,0.927304668306326,0.32652750180173234
safe_graph_adp,578.0,-0.7032390824033603,0.5962225479380303,0.3872640782602525,2.4383635774093895,-0.3976622591422192,0.1854387078668544,-0.06802990415606623,0.9203213967643025,0.33762841175320435
safe_graph_adp,580.0,-0.6774938456519993,0.6072481055569253,0.41503232091150505,2.4108170265669973,-0.4279783277182368,0.1983408825630909,-0.07587859020864969,0.912682509076375,0.34916181274316727
safe_graph_adp,582.0,-0.6500467459494151,0.6175143110176815,0.4428490756103422,2.381854236056149,-0.45877384650326053,0.21117130335037365,-0.08431248115140147,0.9043864099469884,0.36108628839461193
safe_graph_adp,584.0,-0.6210535737509963,0.6268745152435095,0.47044744729813426,2.3515300393091727,-0.4897977733128411,0.22378519197014113,-0.09330691836039172,0.895444362236753,0.3733542566777415
safe_graph_adp,586.0,-0.5907178853086755,0.6352046274344786,0.497561515053437,2.3199220262528844,-0.5207853369943453,0.23603612252709266,-0.1028231588129327,0.8858816741902207,0.38591191508948963
safe_graph_adp,588.0,-0.5592864773352537,0.6424090890815605,0.5239362542669883,2.2871333879409255,-0.5514657493450119,0.24778139598324986,-0.11280798183083372,0.8757383158814517,0.3986993116835857
safe_graph_adp,590.0,-0.5270419153421434,0.6484253462140255,0.5493372278115748,2.2532952270055473,-0.5815708623862501,0.2588877517317567,-0.1231939851563494,0.8650688988123253,0.4116505488059072
safe_graph_adp,592.0,-0.49429268891466327,0.6532263432187755,0.5735591357571935,2.218568076338567,-0.6108441182288328,0.2692369698676317,-0.13390061629812286,0.8539420175938847,0.4246941365255288
safe_graph_adp,594.0,-0.46136188065246464,0.6568208004500741,0.5964324363890219,2.1831423778155905,-0.6390490722961368,0.27873089728248523,-0.14483592262386794,0.842439016097857,0.43775352262873723
safe_graph_adp,596.0,-0.42857541208985056,0.6592513159090841,0.6178274990838103,2.1472377182887215,-0.6659768006893928,0.28729547153560037,-0.15589893849291964,0.8306522900839474,0.45074782971214816
safe_graph_adp,598.0,-0.39625093643509113,0.6605905925268124,0.6376560706520312,2.1111007047870074,-0.691451624334059,0.29488341305306803,-0.16698256726934688,0.8186832662548341,0.4635928218691787
safe_graph_adp,600.0,-0.3646882929493502,0.6609362874798744,0.6558701646499937,2.075001480714053,-0.715334772823053,0.30147539269702894,-0.17797676700463616,0.8066402028669614,0.47620210113301387
safe_graph_adp,602.0,-0.3341621662311478,0.6604050788000548,0.6724587560250814,2.0392290268244024,-0.7375258342130933,0.30707963612186356,-0.18877181637453663,0.7946359446049696,0.48848849931568505
safe_graph_adp,604.0,-0.3049172706728312,0.6591265430692723,0.6874428399997937,2.0040855340737314,-0.7579620555662768,0.3117300755043537,-0.1992614260952017,0.782785742976277,0.5003655910328311
safe_graph_adp,606.0,-0.2771660709437141,0.6572373543079979,0.70086948087347,1.9698802551808694,-0.7766157410265843,0.31548328331964,-0.2093454726691733,0.771205231144588,0.5117492183423468
safe_graph_adp,608.0,-0.2510888023205482,0.654876179501701,0.7128054453148411,1.9369233147721072,-0.7934901195028391,0.31841450790106723,-0.21893216550240963,0.7600086236804815,0.5225588962000811
safe_graph_adp,610.0,-0.22683539484200846,0.6521794942163174,0.7233309138773336,1.905519969056626,-0.8086141154314043,0.3206131697568901,-0.22793951155922482,0.749307197677392,0.5327189671463138
safe_graph_adp,612.0,-0.2045288343323383,0.6492784000679231,0.7325336273045032,1.8759657520385926,-0.8220364576941833,0.3221781712779778,-0.23629600692505498,0.7392080994398287,0.542159394261327
safe_graph_adp,614.0,-0.18426949653889754,0.6462964117955899,0.740503680440176,1.8485428361724963,-0.833819515342636,0.3232133269165331,-0.24394055285009011,0.7298135069623206,0.5508161190761375
safe_graph_adp,616.0,-0.16614004510425875,0.6433481021391743,0.7473290472654448,1.8235177908339966,-0.8440331698391478,0.3238231468859166,-0.2508216556557346,0.7212201602882753,0.5586309577787224
safe_graph_adp,618.0,-0.15021056617136888,0.6405384461749302,0.7530918169667514,1.8011407658539769,-0.8527489379177361,0.3241091177789068,-0.25689601776217685,0.7135192493154056,0.5655510557738305
safe_graph_adp,620.0,-0.13654370221766238,0.6379626867112155,0.7578650458682613,1.781645981337799,-0.8600344606557239,0.3241665307632428,-0.26212665701988397,0.7067966233566848,0.5715279601420149
safe_graph_adp,622.0,-0.12519963101515386,0.6357065402350207,0.7617100807368178,1.7652532838047648,-0.8659483833316506,0.32408182235107585,-0.26648070362948184,0.7011332612996715,0.5765163977841643
safe_graph_adp,624.0,-0.11624080369269228,0.6338465702057371,0.7646741796316263,1.7521704379951415,-0.8705355738592306,0.3239303207268742,-0.2699270220331198,0.6966059177344661,0.5804728636787755
safe_graph_adp,626.0,-0.10973640415328523,0.6324505638583446,0.7667882405715212,1.7425957606815978,-0.8738225686453082,0.3237742351016128,-0.2724337955814315,0.6932878400071197,0.5833541313882357
safe_graph_adp,628.0,-0.10576651835044426,0.6315777542697776,0.7680644399447025,1.7367206587577522,-0.8758130952283313,0.32366068651186136,-0.2739662019571013,0.6912494335335276,0.5851158012149804
safe_graph_adp,630.0,-0.10442600449305779,0.631278726842175,0.7684935774761805,1.734731597681106,-0.8764835021003523,0.3236195545756634,-0.27448430461058737,0.690558736653857,0.5857110052318638
safe_graph_adp,632.0,-0.10344787239167731,0.6311330835153466,0.7687454511020184,1.7332598724574968,-0.8768772353928793,0.32355334106513034,-0.27483777144869587,0.6900638634075494,0.5861649079309958
safe_graph_adp,634.0,-0.10055585417487845,0.6306933068565136,0.7694897483901629,1.72890260222409,-0.8780418247099514,0.32335482361507095,-0.2758841718817812,0.6885970162530063,0.5875063667377804
safe_graph_adp,636.0,-0.09582798086480085,0.6299519715189611,0.770699365292816,1.7217584907612515,-0.8799379862619384,0.32301799594602393,-0.27759665813701445,0.6861880834170483,0.5896994012737458
safe_graph_adp,638.0,-0.08933282468554793,0.6288946373495293,0.7723413633534755,1.7118997070862445,-0.8825189177065267,0.322527166495151,-0.27995067123211886,0.6828572574260744,0.5927139398814874
safe_graph_adp,640.0,-0.08113147794380195,0.6275008168836281,0.7743774325850631,1.6993760410798207,-0.8857305537477718,0.3218579994182459,-0.28292305523997324,0.67861644821326,0.596524676135517
safe_graph_adp,642.0,-0.07127955624457273,0.6257448518456862,0.7767641889596849,1.6842189627588695,-0.889511503037198,0.32097838564074443,-0.28649101491481876,0.673470620365405,0.6011098883142543
safe_graph_adp,644.0,-0.059829217295647656,0.6235967476386812,0.7794533732637567,1.6664457201433667,-0.8937927788284104,0.31984924229365735,-0.29063093360407477,0.6674191105147108,0.6064502069884629
safe_graph_adp,646.0,-0.04683118777518873,0.6210230102530341,0.7823920120935701,1.6460636166022569,-0.8984974281848899,0.318425338255211,-0.29531706423863263,0.6604569822911025,0.6125273137334042
safe_graph_adp,648.0,-0.032336787016723045,0.6179875250028793,0.7855225974765148,1.62307460318688,-0.9035401637306539,0.31665624358575156,-0.3005201103818966,0.652576475797599,0.6193225572266843
safe_graph_adp,650.0,-0.016399928621098354,0.6144525106076654,0.7887833381538683,1.5974803027158149,-0.9088271060948344,0.3144874995601214,-0.3062057265947379,0.6437686054096904,0.6268154818683673
safe_graph_adp,652.0,0.0009209295365726367,0.6103795748887854,0.7921085319874888,1.5692875462333367,-0.9142557519822001,0.311862100902883,-0.3123329877003639,0.634024952210777,0.6349822791139342
safe_graph_adp,654.0,0.01956092905880471,0.6057308892650088,0.795429104222732,1.5385144438856204,-0.9197152891526746,0.3087223689223133,-0.3188529044529666,0.6233396833128027,0.643794193400653
safe_graph_adp,656.0,0.03944710404435977,0.6004704879500252,0.7986733494261418,1.505196926657811,-0.9250873816111819,0.3050122691172501,-0.32570709699081674,0.611711807101706,0.6532159426331587
safe_graph_adp,658.0,0.060496891399367606,0.5945656841704422,0.8017679049063683,1.4693955808739325,-0.9302475412719782,0.300680185234495,-0.332826773608904,0.5991476387914783,0.6632042459959326
safe_graph_adp,660.0,0.08261693624967031,0.587988580098281,0.8046389696744278,1.4312024576238709,-0.9350671811052269,0.29568210089863806,-0.3401321943286193,0.5856634035487988,0.6737065854903029
safe_graph_adp,662.0,0.105702275177473,0.5807176302800118,0.8072137653089628,1.390747387081191,-0.9394164045715527,0.2899850604572281,-0.3475328168960134,0.5712878465288628,0.6846603554320597
safe_graph_adp,664.0,0.12963597790245607,0.572739201444382,0.8094222139045392,1.3482031872747993,-0.9431675241619548,0.2835706888767478,-0.35492831532403024,0.5560646563395464,0.6959925670301333
safe_graph_adp,666.0,0.1542893170859925,0.5640490565049815,0.811198784817247,1.303789063954289,-0.9461992190111851,0.2764384600677881,-0.36221061611793176,0.5400544519106124,0.7076202628093307
safe_graph_adp,668.0,0.1795225150924668,0.5546536795328358,0.812484438223626,1.257771494938355,-0.9484011443756146,0.2686083349083221,-0.36926700736763285,0.5233360485610743,0.7194517495732512
safe_graph_adp,670.0,0.20518608592538448,0.5445713537327106,0.8132285723192119,1.210462016535968,-0.9496787073704789,0.2601223695637288,-0.3759842429295115,0.5060067253565212,0.7313886762968397
safe_graph_adp,672.0,0.23112275183108746,0.5338329079583906,0.8133908654310756,1.1622115989502653,-0.9499576425220971,0.2510449436913163,-0.3822534037276318,0.48818127721482363,0.7433288721437958
safe_graph_adp,674.0,0.2571698705281184,0.5224820601949184,0.812942897420861,1.113401694119426,-0.9491879783779281,0.24146138664958705,-0.38797512092944436,0.46998975550082345,0.7551697385497633
safe_graph_adp,676.0,0.28316226537822364,0.5105753086524828,0.8118694388017659,1.0644325025004415,-0.9473470000210356,0.23147497703318998,-0.39306465042405686,0.4515739672499978,0.7668118854690478
safe_graph_adp,678.0,0.30893531257052426,0.4981813511294014,0.8101693119551225,1.015709439628214,-0.9444408892044013,0.22120252252635472,-0.3974562510697869,0.43308298535071593,0.7781626438690306
safe_graph_adp,680.0,0.3343281119482345,0.4853800481563393,0.8078557559446354,0.9676290845030354,-0.9405048567533977,0.21076894245577402,-0.40110638056952386,0.414668078699457,0.7891390934874484
safe_graph_adp,682.0,0.35918655574612574,0.4722609811119003,0.8049562620977991,0.920565981114719,-0.9356017490616001,0.20030142251823682,-0.4039953762870765,0.39647756313012295,0.7996703183251418
safe_graph_adp,684.0,0.3833661144777385,0.45892168856303905,0.8015118876452741,0.87486151745251,-0.9298192806831823,0.18992375466847414,-0.4061275009730047,0.3786520773936846,0.8096987246201506
safe_graph_adp,686.0,0.4067341812057237,0.4454656884687635,0.7975760943232689,0.8308157628724164,-0.923266186355822,0.17975140887010624,-0.4075294562019322,0.36132070481069245,0.8191803962571821
safe_graph_adp,688.0,0.4291718515766583,0.43200040765298653,0.7932131930331946,0.7886826931467409,-0.9160676747738105,0.16988773108877137,-0.4082476507572022,0.34459821511855837,0.8280845878374011
safe_graph_adp,690.0,0.45057506241361284,0.4186351418036353,0.7884965004221762,0.748668778103507,-0.9083605935140645,0.16042146677110955,-0.40834462424848417,0.32858353068977436,0.8363925419357899
safe_graph_adp,692.0,0.47085506037238806,0.40547915969032616,0.7835063261892284,0.7109345378617409,-0.9002886845677378,0.1514256177238692,-0.4078950579576167,0.3133593647995197,0.8440958550325541
safe_graph_adp,694.0,0.48993821824630257,0.39264004638902517,0.7783279105064025,0.6755984403940946,-0.8919982383077226,0.14295748862801516,-0.4069817664367737,0.29899286390289004,0.851194610866588
safe_graph_adp,696.0,0.5077652550318287,0.3802223551953272,0.7730494204073762,0.6427424233740279,-0.8836343602337886,0.1350596852847451,-0.40569197866920453,0.2855370219911094,0.8576954639769876
safe_graph_adp,698.0,0.5242899436039136,0.3683266101333981,0.7677600948886605,0.6124183527258715,-0.8753379681028751,0.12776179053098063,-0.40411411347650855,0.27303261982250177,0.8636098058048407
safe_graph_adp,700.0,0.539477405475417,0.35704867382382655,0.7625486040261034,0.5846548387744246,-0.8672435508904359,0.12108245408359249,-0.4023351525373711,0.2615104630698775,0.8689520942208513
safe_graph_adp,702.0,0.5533020960754071,0.3464794715436552,0.7575016609073476,0.5594639770358699,-0.8594776532114734,0.11503167283924585,-0.400438629954798,0.2509937361812459,0.8737383832026085
safe_graph_adp,704.0,0.5657455780568179,0.3367050432063274,0.7527028994155545,0.5368477314435448,-0.8521580016618634,0.10961309236581453,-0.39850319568613607,0.24150033954329814,0.8779850562568889
safe_graph_adp,706.0,0.5767941668985533,0.3278068813093186,0.7482320078679221,0.5168038119198849,-0.8453931613827367,0.10482621614204267,-0.3966016710626333,0.23304512666230612,0.8817077451506357
safe_graph_adp,708.0,0.5864365153152482,0.3198625043649192,0.744164089301755,0.4993310055219894,-0.8392825981154319,0.10066845878974941,-0.39480049417188895,0.22564199995570003,0.8849204026705004
safe_graph_adp,710.0,0.5946611833851879,0.31294621101115966,0.7405692040509695,0.48443399893174166,-0.8339170183649992,0.0971370193993178,-0.39315944571401434,0.21930585617637988,0.8876344918685904
safe_graph_adp,712.0,0.6014542221061302,0.30712995854895686,0.7375120387305049,0.472127782750097,-0.8293788633696692,0.09423058025184058,-0.39173154674527255,0.21405439549677843,0.8898582520820193
safe_graph_adp,714.0,0.6067967810642313,0.30248430951969135,0.735051636951094,0.4624417598996858,-0.825742837286756,0.0919508556069808,-0.39056302393476505,0.20990982302602348,0.8915960019455336
safe_graph_adp,716.0,0.6106627374138445,0.29907938952227364,0.7332411198897768,0.45542369656214937,-0.8230763529644681,0.09030402618966499,-0.3896932420273041,0.20690047948549262,0.8928474402499335
safe_graph_adp,718.0,0.613016334531972,0.2969857971952672,0.7321273180678869,0.45114365844973914,-0.8214397771384142,0.0893020988811163,-0.3891545045209784,0.20506244011287336,0.8936069059723147
safe_graph_adp,720.0,0.6138098156401686,0.29627540163740695,0.731750228294037,0.44969806985250066,-0.820886348649106,0.08896422855851412,-0.388971620302312,0.204441118122822,0.8938625587063554
safe_graph_adp,722.0,0.6143349628107319,0.2962575078713419,0.7313166499528087,0.4493397425336003,-0.8202504219326063,0.08882957919721393,-0.38870330637447503,0.20430922203411458,0.8940228113784412
safe_graph_adp,724.0,0.6158868474939946,0.29620182666157413,0.7300327862269309,0.44827999009399416,-0.8183699237150686,0.08843190683070462,-0.3879094429453197,0.20391871009511237,0.894496071316852
safe_graph_adp,726.0,0.6184187612894285,0.2961045214756114,0.7279288069907305,0.4465516170640719,-0.8152963255727559,0.08778434982911928,-0.38661033108786297,0.20328076950714924,0.8952671604441844
safe_graph_adp,728.0,0.6218845581547428,0.295960540399758,0.7250289338053784,0.4441898453000403,-0.8110764044404647,0.0869008685331048,-0.3848233818046859,0.20240722748714687,0.8963205442951553
safe_graph_adp,730.0,0.6262383435881853,0.29576379693708316,0.721352419723734,0.441231882095378,-0.8057530987234256,0.08579611303432635,-0.38256363659655745,0.20131043728511597,0.8976403504646467
safe_graph_adp,732.0,0.6314341267412598,0.29550733402210255,0.7169144712764921,0.4377165055051081,-0.7993663393388417,0.08448529902857738,-0.37984426987739267,0.2000031681516085,0.8992103745057003
safe_graph_adp,734.0,0.6374254547766909,0.29518347830315533,0.7117271273034207,0.43368367059192603,-0.7919538549651195,0.08298409128443916,-0.37667707350064444,0.1984985010287097,0.9010140775715113
safe_graph_adp,736.0,0.6441650464549323,0.2947839908221447,0.705800107453013,0.42917413954291705,-0.7835519508829248,0.08130849423473414,-0.37307292369168005,0.19680973141762015,0.903034579621814
safe_graph_adp,738.0,0.6516044405124061,0.29430021934145983,0.6991416408712063,0.42422913793953126,-0.7741962603248581,0.07947474915902443,-0.3690422304308986,0.19495028059067912,0.905254651742985
safe_graph_adp,740.0,0.6596936735977715,0.2937232566916486,0.6917592829109913,0.41889003887879733,-0.7639224663593988,0.07749923738822373,-0.3645953688637549,0.19293361605541104,0.907656710988868
safe_graph_adp,742.0,0.6683810020928598,0.29304410860236696,0.6836607246688877,0.41319807612719933,-0.7527669911466832,0.0753983889317075,-0.35974309167633095,0.1907731819326947,0.9102228210679696
safe_graph_adp,744.0,0.6776126818115972,0.29225387349902643,0.6748545968376523,0.4071940870282458,-0.7407676480357148,0.073188595908301,-0.35449692061571264,0.18848233967186034,0.9129347021199107
safe_graph_adp,746.0,0.687332819104584,0.29134393567274414,0.665351265820139,0.40091828547097635,-0.7279642505416165,0.07088613016128129,-0.3488695145034033,0.18607431928632095,0.9157737526829702
safe_graph_adp,748.0,0.6974833060746226,0.2903061720489733,0.6551636163718848,0.3944100648526951,-0.7143991708701938,0.06850706446094679,-0.3428750102448091,0.18356218105130148,0.9187210867049123
safe_graph_adp,750.0,0.7080038512270529,0.28913317149495954,0.6443078113673055,0.38770783063111985,-0.7001178394761307,0.0660671967535647,-0.3365293325452622,0.18095878736086257,0.9217575880494027
safe_graph_adp,752.0,0.7188321147710218,0.28781846424298063,0.6328040158016005,0.3808488617572958,-0.6851691762877953,0.06358197700916575,-0.32985046737909457,0.1782767841988459,0.9248639843701975
safe_graph_adp,754.0,0.7299039548391082,0.2863567576131336,0.6206770690782143,0.373869200011273,-0.6696059438436656,0.06106643635746622,-0.32285869380543764,0.1755285914450767,0.9280209414502205
safe_graph_adp,756.0,0.7411537870605589,0.2847441728673048,0.6079570872552653,0.36680356602907943,-0.6534850127913497,0.058535118382845065,-0.31557676856644307,0.17272640102451667,0.9312091781367846
safe_graph_adp,758.0,0.7525150552563806,0.28297847680643207,0.5946799755135515,0.35968530061381637,-0.6368675311061193,0.05600201267318023,-0.3080300581177093,0.1698821817254841,0.9344096008735908
safe_graph_adp,760.0,0.7639208056762814,0.28105930074215657,0.5808878309288559,0.35254632976758893,-0.6198189900600564,0.05348049097567872,-0.3002466133878344,0.1670076893768534,0.9376034555840445
safe_graph_adp,762.0,0.77530435143147,0.27898833884201807,0.5666292168972573,0.3454171517657396,-0.602409182430294,0.05098324659229005,-0.292257183678462,0.16411448099603757,0.9407724933705517
safe_graph_adp,764.0,0.7866000079584022,0.27676951766678587,0.5519592933997362,0.33832684452095496,-0.5847120516239728,0.04852223792935329,-0.28409516769538873,0.1612139315100522,0.9438991452509788
safe_graph_adp,766.0,0.7977438749187679,0.2744091290685777,0.5369397917023974,0.3313030914517248,-0.5668054341928518,0.0461086373782711,-0.27579650169859476,0.15831725171766053,0.9469667000578759
safe_graph_adp,768.0,0.808674635379338,0.2719159195404883,0.521638827920761,0.3243722240758231,-0.5487707024120897,0.04375278692173977,-0.2673994870801756,0.1554355063027429,0.9499594787812005
safe_graph_adp,770.0,0.8193343398847132,0.2693011305937788,0.5061305568196746,0.3175592795924519,-0.5306923179411286,0.04146416200963617,-0.25894456218503714,0.15257963092248875,0.9528629981330974
safe_graph_adp,772.0,0.8296691415235067,0.2665784867212252,0.49049467481418085,0.3108880717932073,-0.5126573117604611,0.03925134531014793,-0.2504740257049399,0.14976044766695837,0.955664116022516
safe_graph_adp,774.0,0.8396299485476374,0.26376412986172304,0.47481578880675407,0.3043812737482646,-0.49475470926044973,0.03712201190202341,-0.24203172130671785,0.14698867850106212,0.9583511519824895
safe_graph_adp,776.0,0.8491729636098507,0.26087650183950356,0.45918267461005813,0.2980605108459896,-0.47707492223881953,0.0350829273290646,-0.23366269510449908,0.14427495663342446,0.9609139763865177
safe_graph_adp,778.0,0.8582600831083196,0.2579361788065258,0.4436874546407509,0.29194646291734694,-0.4597091313855507,0.03313995969496551,-0.22541283897931214,0.14162983608381016,0.9633440634713933
safe_graph_adp,780.0,0.8668591361418275,0.2549656640533731,0.42842472879289656,0.2860589743468725,-0.44274868342363993,0.03129810665273339,-0.21732853345560268,0.13906380001683835,0.9656345046604683
safe_graph_adp,782.0,0.8749439496902085,0.25198914747111795,0.4134906945231987,0.28041717125582416,-0.42628452636041275,0.029561537764813878,-0.2094563037889431,0.13658726865257176,0.9677799803313167
safe_graph_adp,784.0,0.882494234237519,0.2490322412803437,0.3989822920135974,0.27503958503709774,-0.41040670432602183,0.027933652310681702,-0.2018425020949855,0.13421060773752672,0.9697766898556315
safe_graph_adp,786.0,0.889495291507028,0.2461217022854793,0.3849964078415865,0.2699442817228503,-0.39520393037584073,0.02641715223378282,-0.1945330268145083,0.131944138652961,0.971622241316743
safe_graph_adp,788.0,0.8959375526729157,0.24328515081961094,0.3716291661066791,0.2651489968724102,-0.3807632516365802,0.025014129583761313,-0.18757308867726252,0.12979815124882946,0.9733155036562526
safe_graph_adp,790.0,0.9018159608555486,0.24055079573926122,0.3589753298144486,0.260671275878566,-0.3671698165586972,0.023726167552262437,-0.18100702975148666,0.12778292042667586,0.9748564250191185
safe_graph_adp,792.0,0.9071292155540295,0.23794717338926458,0.34712782798904274,0.25652861980399505,-0.35450674909226576,0.022554454042651228,-0.17487819931760934,0.12590872736397493,0.9762458216964889
safe_graph_adp,794.0,0.9118788987636584,0.23550290650493666,0.33617741598344253,0.2527386370763693,-0.34285512960193587,0.021499906667264194,-0.16922888735071895,0.12418588609100652,0.9774851422886838
safe_graph_adp,796.0,0.9160685028950909,0.2332464866940879,0.3262124682601996,0.24931920159113227,-0.3322940774996992,0.02056330813143107,-0.164100313479401,0.1226247759158684,0.9785762115472852
safe_graph_adp,798.0,0.9197023794523457,0.23120608158895353,0.31731889490853804,0.24628861799623444,-0.3229009260490284,0.01974545113265953,-0.15953266651128956,0.12123587995979106,0.9795209578593715
safe_graph_adp,800.0,0.9227846250707671,0.22940936510688045,0.3095801656021622,0.24366579516485623,-0.31475147564157163,0.019047292158650468,-0.1555651870318456,0.12002982982727017,0.9803211275887135
safe_graph_adp,802.0,0.9253179183959293,0.22788336661116373,0.30307741769618224,0.24147042910235905,-0.3079203080407726,0.018470113884839823,-0.15223628319420307,0.11901745620391034,0.9809779885864136
safe_graph_adp,804.0,0.9273023178993755,0.22665433219061104,0.29788961868060043,0.2397231967846415,-0.302481140517038,0.018015696221231073,-0.14958366757739974,0.11820984495551198,0.9814920242362402
safe_graph_adp,806.0,0.9287340276189507,0.22574758881913437,0.29409374710290737,0.23844596268908094,-0.2985071952908157,0.017686496405480527,-0.14764450081034985,0.11761839809735197,0.9818626185237802
safe_graph_adp,808.0,0.9296041355546026,0.2251873998345866,0.2917649501148447,0.23766200005849736,-0.2960715560307523,0.017485838846872947,-0.14645552542377893,0.1172548988125592,0.9820877319349441
safe_graph_adp,810.0,0.9298973286542982,0.22499679800270034,0.2909766297318946,0.23739622923481313,-0.29524747908005894,0.01741811565224162,-0.14605317097421858,0.11713157952160709,0.9821635676272432
safe_graph_adp,812.0,0.9296867277810831,0.22448287108172751,0.2920445664254123,0.2369257322134285,-0.2963639048984678,0.017449009049295975,-0.1466055134830064,0.11689080171614252,0.9821094114067633
safe_graph_adp,814.0,0.9290552168813817,0.22296491895520879,0.2952000150758571,0.23553649977448451,-0.29966485631134665,0.017538946011433937,-0.1482384793871785,0.11617979509487125,0.9819470422652633
safe_graph_adp,816.0,0.9279970034756215,0.2204869268659424,0.30034492940863794,0.23326919464848858,-0.30505425885284587,0.01768089033638671,-0.1509041328681364,0.11501930683804805,0.981675041882355
safe_graph_adp,818.0,0.926493705840153,0.21708871996273543,0.30737908306116224,0.23015999662786465,-0.3124375442187154,0.017865129632465244,-0.15455504970971973,0.11342787880036159,0.9812887903483315
safe_graph_adp,820.0,0.9245166808658083,0.21280711205900857,0.3161993672637149,0.2262412508313253,-0.3217206196317936,0.018079627957048754,-0.15914378762081097,0.1114222348941092,0.9807810497179474
safe_graph_adp,822.0,0.9220293079938452,0.20767710330185746,0.32669890719826516,0.22154206297678455,-0.33280871197776596,0.018310332331611133,-0.16462228565215292,0.10901765485341534,0.980142533372993
safe_graph_adp,824.0,0.9189892675427597,0.2017330884759283,0.33876612456853694,0.21608885184851992,-0.3456051685681982,0.01854145279439045,-0.17094123955475835,0.1062283335466716,0.979362470334479
safe_graph_adp,826.0,0.9153508423063027,0.19501003957571755,0.35228386274965706,0.20990586797211266,-0.3600102890542743,0.01875573313999403,-0.17804949577164284,0.10306772483329774,0.9784291714925167
safe_graph_adp,828.0,0.9110672560910845,0.18754462552833995,0.36712868086557443,0.2030156863993765,-0.37592025790403827,0.01893472682784862,-0.1858935037616367,0.09954886847011402,0.9773306012632046
safe_graph_adp,830.0,0.9060930434226893,0.17937622995799327,0.38317041220201986,0.19543968044509571,-0.39322624245498794,0.019059089652711046,-0.19441686364941785,0.09568469792698868,0.9760549537874159
safe_graph_adp,832.0,0.9003864227062226,0.17054782608519925,0.4002720685032919,0.18719848219023824,-0.4118137163777636,0.019108897601541004,-0.203560002926966,0.09148832633326663,0.9745912278414808
safe_graph_adp,834.0,0.8939116227508593,0.16110666762728293,0.4182901533110211,0.1783124345507154,-0.4315620611109814,0.019063994854253287,-0.21326001135155218,0.086973307301184,0.972929789592048
safe_graph_adp,836.0,0.8866410922073296,0.15110475712585636,0.43707542367803043,0.1688020386838733,-0.4523444874386637,0.01890437317041612,-0.22345065674707715,0.08215386719829543,0.9710629077349718
safe_graph_adp,838.0,0.8785575058158333,0.14059905936858919,0.45647411041518016,0.1586883994449986,-0.47402830533585794,0.018610580069815714,-0.23406259586669192,0.07704510567342379,0.9689852420018489
safe_graph_adp,840.0,0.8696554730553283,0.12965143790415476,0.476329573755712,0.1479936704946993,-0.4964755525667386,0.01816414947142731,-0.24502378393519958,0.07166316193423572,0.9666942640781747
safe_graph_adp,842.0,0.8599428559716522,0.11832830684594729,0.496484336371541,0.13674149948191927,-0.5195439720287256,0.01754804507285352,-0.2562600744885075,0.06602534541612383,0.9641905901324422
safe_graph_adp,844.0,0.8494416148279555,0.10670000729566313,0.5167824024108996,0.12495747248090797,-0.543088305906585,0.016747104025626496,-0.26769598857447174,0.060150230981756134,0.9614782066800748
safe_graph_adp,846.0,0.8381881225916358,0.09483993621579417,0.5370717434802295,0.1126695555478249,-0.5669618532658994,0.01574846666240115,-0.2792556204629133,0.05405772048519555,0.9585645763815817
safe_graph_adp,848.0,0.8262329204125672,0.08282347340503626,0.5572068139206889,0.099908529899851,-0.5910182189710201,0.014541977356381328,-0.2908636370246731,0.04776907420597105,0.9554606172422023
safe_graph_adp,850.0,0.8136399229601189,0.0707267672018805,0.5770509511010466,0.08670841583656869,-0.6151131678689387,0.013120542119214405,-0.30244632105934255,0.04130691706735823,0.9521805568559765
safe_graph_adp,852.0,0.8004851205293655,0.05862544971398827,0.5964785230474942,0.07310687916481079,-0.6391064906962918,0.011480430206601971,-0.31393260592711125,0.03469522548032221,0.9487416718933316
safe_graph_adp,854.0,0.7868548595909269,0.04659335639791176,0.6153767050171137,0.0591456126141783,-0.6628637880427617,0.009621509597384625,-0.3252550502225532,0.027959300943709617,0.9451639309392477
safe_graph_adp,856.0,0.772843810758332,0.03470132220514774,0.6336467962593624,0.04487068361473943,-0.6862580859093351,0.007547409430177246,-0.33635070669492523,0.021125736121099577,0.9414695650896312
safe_graph_adp,858.0,0.7585527499383785,0.023016117719154138,0.6512050244631579,0.03033283893514514,-0.709171209972116,0.005265605954406959,-0.3471618484126872,0.014222378053517608,0.937682594678563
safe_graph_adp,860.0,0.7440862832897357,0.011599575025294693,0.667982823790627,0.015587756137280627,-0.7314948638836895,0.002787431918241498,-0.35763652613573804,0.007278291605436759,0.933828341756754
safe_graph_adp,862.0,0.729550639871991,0.0005079363481912201,0.6839266085356196,0.0006962316779109834,-0.7531313776451877,0.00012801227455176738,-0.3677289426554762,0.0003237244043944325,0.9299329564806558
safe_graph_adp,864.0,0.7150516393875345,-0.010208559152077728,0.6989970946500693,-0.014275704149816213,-0.7739941130032513,-0.0026938685619710967,-0.37739964118567654,-0.006609927318466222,0.9260229817698576
safe_graph_adp,866.0,0.7006929191243623,-0.02050585165396205,0.7131682432195965,-0.029256754345381775,-0.7940075319527076,-0.00565596101365085,-0.38661551466216215,-0.013490154199648436,0.9221249750804894
safe_graph_adp,868.0,0.6865744774714037,-0.03034601529814085,0.7264259124235549,-0.04417041187049483,-0.8131069502372131,-0.008732798315728388,-0.39534965031783986,-0.02028337392693764,0.9182651996941181
safe_graph_adp,870.0,0.6727915644380523,-0.039697016943820766,0.7387663078854909,-0.058935111383832096,-0.8312380093342869,-0.011895989884438551,-0.40358102882201874,-0.026954980169435094,0.9144693913104449
safe_graph_adp,872.0,0.6594339251240319,-0.048532311420220305,0.7501943169231046,-0.07346447920737982,-0.8483559075069195,-0.015114551834782906,-0.411294099655655,-0.03346940433333408,0.9107625996300296
safe_graph_adp,874.0,0.6465853818786552,-0.056830308439918646,0.7607218019640669,-0.08766768206878617,-0.8644244333456732,-0.018355266763981994,-0.41847825456462123,-0.03979019373187902,0.9071690995185797
safe_graph_adp,876.0,0.6343237258928672,-0.06457374589927929,0.7703659144263366,-0.10144987247726492,-0.8794148444304016,-0.02158306548654291,-0.42512721938873,-0.04588010885310782,0.9037123625527301
safe_graph_adp,878.0,0.6227208793211979,-0.07174900135101661,0.7791474746558356,-0.114712726075574,-0.893304630131451,-0.024761424127576707,-0.431238381862691,-0.051701241260234045,0.9004150773591996
safe_graph_adp,880.0,0.6118432842663206,-0.07834536880664968,0.7870894477025802,-0.12735506422111806,-0.9060761920212511,-0.027852770838112332,-0.43681206965464436,-0.05721515245864465,0.8972992061123201
safe_graph_adp,882.0,0.6017524742239629,-0.0843543224710677,0.7942155299701624,-0.13927355362961288,-0.9177154686910861,-0.030818897413030982,-0.4418507893870336,-0.06238303299835511,0.8943860646690703
safe_graph_adp,884.0,0.5925057858487185,-0.08976878316051891,0.8005488487941708,-0.1503634743701928,-0.9282105246438294,-0.03362137231364929,-0.44635843399384795,-0.06716588031285195,0.8916964148453813
safe_graph_adp,886.0,0.5841571731115212,-0.09458239748298787,0.8061107660791575,-0.16051954796754286,-0.9375501158776807,-0.03622195306957683,-0.4503394627081707,-0.07152469344188403,0.88925055899425
safe_graph_adp,888.0,0.5767580911135993,-0.09878883468101396,0.8109197682122223,-0.16963681888524615,-0.9457222381445135,-0.03858299778796871,-0.4537980553427825,-0.07542068290800068,0.8870684290619825
safe_graph_adp,890.0,0.5703584221743743,-0.10238110152877843,0.8149904173083952,-0.17761158515975342,-0.9527126578804399,-0.04066787753002528,-0.4567372403491189,-0.07881549461295109,0.8851696644284587
safe_graph_adp,892.0,0.5650074216419475,-0.10535087191079141,0.8183323330268424,-0.1843423772226017,-0.9585034205896144,-0.04244139357903333,-0.4591579944004061,-0.08167144762536642,0.883573674874961
safe_graph_adp,894.0,0.5607546646232079,-0.10768782469572896,0.8209491692642218,-0.18973098765417268,-0.9630713270850776,-0.0438702060276291,-0.4610583099180437,-0.08395178702036835,0.8822996868041478
safe_graph_adp,896.0,0.5576509770039045,-0.1093789812355822,0.8228375455157944,-0.19368355829277056,-0.966386364513101,-0.04492328251125335,-0.4624322260377017,-0.08562095432698562,0.8813667722295676
safe_graph_adp,898.0,0.5557493342387736,-0.11040803225794692,0.8239858881716896,-0.19611173420123088,-0.9684100766057842,-0.04557237811980047,-0.46326881802139674,-0.08664487941979777,0.880793860941306
safe_graph_adp,900.0,0.5551057088760917,-0.11075464311898013,0.8243731321439092,-0.1969338957996255,-0.9690938562990401,-0.045792559297287545,-0.463551140143934,-0.08699129860631506,0.8805997365154331
safe_graph_adp,902.0,0.5543966033108445,-0.11077188954002468,0.8248478615630466,-0.19720922572783353,-0.9699330444758102,-0.04589292147717091,-0.4639142803191475,-0.08709327678153625,0.8803931743338952
safe_graph_adp,904.0,0.5523000438310044,-0.1108174831444885,0.826247025419028,-0.19801783490646707,-0.9724123735421007,-0.046188852650833376,-0.46498667940803495,-0.08739202513723567,0.8797821388311436
safe_graph_adp,906.0,0.5488761292666581,-0.1108810294319341,0.8285169835515536,-0.199331988664485,-0.9764540575942097,-0.046672053252414,-0.4667330630924215,-0.08787595338337308,0.8787831268740501
safe_graph_adp,908.0,0.5441826362486389,-0.11095194615445537,0.8315978138800152,-0.20113057012163005,-0.9819785008517463,-0.04733649876983198,-0.46911629363493035,-0.08853578328510105,0.8774112912474589
safe_graph_adp,910.0,0.5382758462774209,-0.11101961596706887,0.83542429829689,-0.20339828552294772,-0.9889043380369265,-0.04817812884556821,-0.4720975550047396,-0.08936428492320958,0.8756807586327623
safe_graph_adp,912.0,0.5312114049105747,-0.11107353593496543,0.8399268497362359,-0.20612505801789485,-0.9971484187130342,-0.04919460346664086,-0.4756364962796828,-0.0903560786638063,0.8736049412892806
safe_graph_adp,914.0,0.5230451705129991,-0.11110346491942794,0.8450324074767339,-0.20930557324657767,-1.0066257711635103,-0.05038511394807635,-0.47969135281392966,-0.09150749028927894,0.871196835134827
safe_graph_adp,916.0,0.5138340149735362,-0.11109956898191635,0.8506653224554344,-0.21293894918491524,-1.0172495759797155,-0.051750239536955844,-0.48421906113561425,-0.09281644976067653,0.8684692972089663
safe_graph_adp,918.0,0.5036365432686849,-0.11105256403184029,0.8567482479155262,-0.21702850937806514,-1.0289311741422795,-0.053291842757320844,-0.4891753800681888,-0.09428242625643769,0.8654352957499893
safe_graph_adp,920.0,0.492513703197934,-0.11095385407269368,0.8632030435700934,-0.22158164358971094,-1.0415801289589828,-0.05501299828109025,-0.4945150271232208,-0.09590639368860207,0.8621081264082202
safe_graph_adp,922.0,0.4805292614102293,-0.11079566264462704,0.869951694100125,-0.22660974343742013,-1.0551043557246063,-0.056917951280002224,-0.5001918357932036,-0.09769082198809823,0.8585015885408728
safe_graph_adp,924.0,0.4677501272594828,-0.11057115448441444,0.8769172356868814,-0.23212820304413165,-1.069410327411634,-0.05901210197378214,-0.5061589360189845,-0.09963969017609435,0.8546301161615927
safe_graph_adp,926.0,0.45424651219463724,-0.11027454408130236,0.8840246778719858,-0.23815647627097125,-1.0844033591654736,-0.061302013490025974,-0.5123689568919048,-0.10175851765912677,0.8505088590011202
safe_graph_adp,928.0,0.44009191926792707,-0.10990118773918642,0.8912019027855519,-0.24471818277062804,-1.0999879690078311,-0.06379544021298285,-0.5187742476812743,-0.10405441032827117,0.8461537102926366
safe_graph_adp,930.0,0.42536296473109003,-0.10944765598098492,0.8983805200667728,-0.2518412548917438,-1.1160683071436117,-0.06650137351737345,-0.525327110681365,-0.10653611790197652,0.8415812793104703
safe_graph_adp,932.0,0.41013904123815603,-0.10891178364416776,0.9054966539064031,-0.25955811626635283,-1.132548641849366,-0.06943010112972008,-0.5319800372867842,-0.10921409849132926,0.8368088083165681
safe_graph_adp,934.0,0.3945018394380249,-0.10829269578483851,0.9124916387121952,-0.2679058805252753,-1.1493338863300193,-0.07259327527479638,-0.5386859372662975,-0.11210058551371686,0.8318540353354609
safe_graph_adp,936.0,0.3785347512279899,-0.10759080847424354,0.9193126019176623,-0.27692655470574723,-1.1663301483771609,-0.07600398315625082,-0.5453983505344856,-0.11520965072539421,0.8267350060075958
safe_graph_adp,938.0,0.3623221831778747,-0.10680780465873672,0.9259129162298146,-0.28666722611278617,-1.183445283307477,-0.07967681105539454,-0.5520716309202781,-0.11855725513053544,0.8214698395978883
safe_graph_adp,940.0,0.34594881223416957,-0.10594658637258945,0.9322525087924207,-0.2971802030978956,-1.2005894305927054,-0.0836278902310452,-0.5586610925865877,-0.1221612766504808,0.8160764560337401
safe_graph_adp,942.0,0.3294988175213936,-0.10501120565084904,0.9382980208546529,-0.3085230686912693,-1.217675515817946,-0.08787490863621941,-0.5651231119466303,-0.12604149944783882,0.8105722726523976
safe_graph_adp,944.0,0.31305512179072575,-0.1040067774029389,0.944022818037175,-0.320758590366863,-1.234619702044752,-0.09243706695722566,-0.5714151812491981,-0.13021954439554478,0.8049738812829322
safe_graph_adp,946.0,0.29669867391985033,-0.10293937821014738,0.9494068576263341,-0.33395440839639745,-1.2513417781581593,-0.0973349503205919,-0.5774959146165941,-0.13471871303281663,0.7992967186258261
safe_graph_adp,948.0,0.28050780010275295,-0.1018159354584258,0.9544364250007644,-0.34818239817574054,-1.2677654761383277,-0.5437884058358614,-0.39427392796142496,-0.451989125619735,0.5869821715604905
safe_graph_adp,950.0,0.26455764637080875,-0.10064411139556115,0.9591037559034664,-0.3635175676639942,-1.283818714182273,-0.5402631019422447,-0.3995064406675465,-0.4561970853477078,0.5834334613862563
safe_graph_adp,952.0,0.24891972932028794,-0.09943218661847918,0.9634065645507002,-0.3800363093039915,-1.2994337679608825,-0.5368074662295297,-0.40460152142524575,-0.4602583450631096,0.579911725058544
safe_graph_adp,954.0,0.2336616058706459,-0.09818894718422619,0.9673474993986412,-0.39781377740400514,-1.3145473777757546,-0.5334363991440068,-0.4095407049322461,-0.46416118759357283,0.5764342208817923
safe_graph_adp,956.0,0.21884666699586372,-0.09692357904543411,0.970933548791999,-0.4169201102791661,-1.3291008047021458,-0.5301639245246672,-0.41430719685936557,-0.4678955151875288,0.5730179287164887
safe_graph_adp,958.0,0.2045340550384824,-0.09564557289526801,0.9741754178355412,-0.4374151689209953,-1.343039853624431,-0.5270031674388662,-0.4188857970513639,-0.4714527139697071,0.5696794616524661
safe_graph_adp,960.0,0.19077869971468686,-0.09436464182742275,0.9770868958838592,-0.4593414344288578,-1.3563148848976758,-0.5239663552330954,-0.4232627925519924,-0.4748255032996286,0.566434999308031
safe_graph_adp,962.0,0.17763146442099412,-0.09309065352891992,0.979684231307829,-0.482714717720863,-1.3688808384496822,-0.5210648402111733,-0.4274258245518144,-0.47800777430467034,0.5633002436589226
safe_graph_adp,964.0,0.16513939202467887,-0.09183357807376276,0.9819855269503159,-0.5075124209211015,-1.380697293326437,-0.5183091418704832,-0.43136373344797685,-0.48099442143696775,0.5602903974420969
safe_graph_adp,966.0,0.15334603793501775,-0.09060345180903512,0.9840101661923619,-0.5336592944791527,-1.391728580348536,-0.5157090063403192,-0.4350663860297765,-0.48378117034407253,0.5574201644603373
safe_graph_adp,968.0,0.14229187781372613,-0.08941035734453683,0.9857782760376523,-0.56101100582354,-1.4019439536164837,-0.5132734805566036,-0.4385244884106554,-0.48636440469807185,0.5547037705516098
safe_graph_adp,970.0,0.1320147776459307,-0.08826441928349607,0.9873102302577658,-0.5893364105503189,-1.4113178059227254,-0.511010998747462,-0.4417293877680239,-0.48874099394170056,0.5521550035833115
safe_graph_adp,972.0,0.12255051488763137,-0.08717581506595455,0.9886261925360682,-0.6183001916485323,-1.4198298823096722,-0.5089294789631208,-0.4446728652772259,-0.4909081232189241,0.5497872705748489
safe_graph_adp,974.0,0.11393334085519782,-0.08615480013050072,0.9897456967605601,-0.647448423468704,-1.4274654058980414,-0.507036427629032,-0.44734692187966557,-0.4928631260879531,0.5476136699214039
safe_graph_adp,976.0,0.10619657625760576,-0.08521174652042958,0.9906872591519993,-0.6762004318738595,-1.4342149856400985,-0.5053390504021531,-0.4497435577443516,-0.49460331998344925,0.5456470766598618
safe_graph_adp,978.0,0.09937323363906686,-0.08435719404919373,0.9914680147378745,-0.7038507596119049,-1.440074137371122,-0.5038443679390167,-0.45185454549482373,-0.4961258438099479,0.5439002387530881
safe_graph_adp,980.0,0.09349666236358822,-0.08360191317643462,0.9921033687273264,-0.7295847694746457,-1.445042233336445,-0.5025593355163795,-0.45367119649904036,-0.4974274965111349,0.542385882437153
safe_graph_adp,982.0,0.0886012135163785,-0.08295697880716336,0.9926066515143916,-0.7525101997441911,-1.4491207190765796,-0.5014909657601654,-0.4551841187704971,-0.4985045749649011,0.5411168247422418
safe_graph_adp,984.0,0.08472292361443719,-0.08243385428808492,0.9929887642271855,-0.7717048732914403,-1.4523105130457288,-0.5006464540182193,-0.45638296431155084,-0.4993527090934654,0.5401060913248449
safe_graph_adp,986.0,0.08190021720754102,-0.08204448490928894,0.9932577998270776,-0.7862781409913976,-1.4546086335183523,-0.5000333061407005,-0.45725616304892924,-0.49996669164055374,0.5393670376967534
safe_graph_adp,988.0,0.08017462919904511,-0.08180140019511827,0.993418622615317,-0.7954411080809842,-1.4560042611340742,-0.499659468592117,-0.4577906398718023,-0.5003402996423966,0.538913471761252
safe_graph_adp,990.0,0.07959154788570526,-0.08171782414702045,0.9934723864918612,-0.7985787560799388,-1.4564746095323562,-0.49953346089191736,-0.4579715106945016,-0.5004661041962216,0.5387597752173003
safe_graph_adp,992.0,0.07971548480575279,-0.0827939882377481,0.9933733422001374,-0.8043394300552752,-1.4556096129245106,-0.4992962039023764,-0.4576450118033048,-0.5007028068312346,0.5390371445193299
safe_graph_adp,994.0,0.08007336615401532,-0.08597513002115567,0.993074283752535,-0.8209256190809633,-1.453036186660306,-0.4985921087871052,-0.4566808599752839,-0.5014039380132823,0.5398542323000118
safe_graph_adp,996.0,0.08064066021242786,-0.09116639861262521,0.9925652480741544,-0.8465865627545939,-1.4487800752227349,-0.49743684555603185,-0.4551077731818272,-0.5025500817662502,0.5411810369825226
safe_graph_adp,998.0,0.08139294405658454,-0.09827299248714534,0.9918253916922187,-0.8790755911319784,-1.4428450077690447,-0.49584503565115723,-0.45295234556364217,-0.5041207202844399,0.5429863466500745
safe_graph_adp,1000.0,0.08230592287819381,-0.10719921268187167,0.9908249410766545,-0.9160097884842168,-1.4352299324566418,-0.4938306037288143,-0.45023960703170973,-0.5060941956008138,0.5452378345822414
safe_graph_adp,1002.0,0.08335544534745469,-0.1178473957890533,0.9895270895921272,-0.9551766054756372,-1.425943008283247,-0.49140715271708674,-0.4469935872781474,-0.508447647510032,0.5479021198464313
safe_graph_adp,1004.0,0.08451752912826521,-0.13011682262148644,0.9878898722736971,-0.9947367212189447,-1.4150102587332107,-0.48858834870172885,-0.44323787058750913,-0.5111569480237141,0.5509448158182909
safe_graph_adp,1006.0,0.08576840766820688,-0.1439026898113652,0.9858680419361987,-1.0333108642847268,-1.4024789513029374,-0.48538830303262737,-0.4389961285555834,-0.5141966503966223,0.5543305864853659
safe_graph_adp,1008.0,0.08708460642613942,-0.15909522420349576,0.9834149586818598,-1.069971391005621,-1.388417111471789,-0.48182193919825805,-0.4342926178047471,-0.5175399684152232,0.5580232272229355
safe_graph_adp,1010.0,0.0884430536656933,-0.17557901219903058,0.9804844908174225,-1.1041753600258064,-1.372910918257877,-0.47790533184179357,-0.4291526294571295,-0.521158799021167,0.5619857832988587
safe_graph_adp,1012.0,0.08982122777600623,-0.19323260676396406,0.9770329097446074,-1.1356745451708823,-1.3560613867417772,-0.47365600513998246,-0.4236028768990645,-0.5250237983128316,0.5661807155695397
safe_graph_adp,1014.0,0.09119733979687258,-0.211928462484685,0.9730207459262373,-1.16442710487568,-1.3379811732534448,-0.46909317796563765,-0.41767180861947706,-0.5291045174500957,0.570570118639712
safe_graph_adp,1016.0,0.09255054652227848,-0.23153323313866842,0.9684145591071949,-1.190523596770807,-1.3187918462658044,-0.46423794409437896,-0.4113898339480893,-0.5333696009926177,0.5751159922347522
safe_graph_adp,1018.0,0.09386118641297664,-0.25190844667755186,0.9631885652236802,-1.2141310788194934,-1.2986216574673495,-0.4591133774100883,-0.4047894515799662,-0.5377870458491,0.5797805618417974
safe_graph_adp,1020.0,0.09511102780714238,-0.27291154993540495,0.9573260564203422,-1.235454015190261,-1.2776037059311263,-0.45374455471886627,-0.3979052739452583,-0.5423245145325609,0.5845266400828528
safe_graph_adp,1022.0,0.09628351684991392,-0.2943972911420586,0.9508205505515909,-1.2547086827227747,-1.2558743553513096,-0.44815849237168764,-0.39077394470448895,-0.5469496921245464,0.5893180161339826
safe_graph_adp,1024.0,0.09736401142408807,-0.3162193844091896,0.9436766131484255,-1.2721074946823656,-1.233571786265721,-0.3435940305332803,-0.4653047660849247,-0.4845714281162371,0.6562203501065319
safe_graph_adp,1026.0,0.09833998734628234,-0.3382323790931317,0.9359103080005761,-1.287850161261896,-1.210834606654954,-0.3416561527401016,-0.45513939599429687,-0.49363765713406177,0.6576025144173139
safe_graph_adp,1028.0,0.09920120427568936,-0.3602936406613851,0.9275492512903117,-1.3021193285330708,-1.1878004863579812,-0.3391327687709412,-0.4451275089724517,-0.5022558099396516,0.6592340762457597
safe_graph_adp,1030.0,0.0999398211061378,-0.3822653403562459,0.9186322668617714,-1.3150790148617524,-1.1646048150258819,-0.33611261477969523,-0.4352832518207802,-0.5104493903721097,0.6610584094760652
safe_graph_adp,1032.0,0.1005504538708876,-0.404016349776249,0.9092086643558971,-1.3268747048305838,-1.1413794072354664,-0.332678415760496,-0.4256227272651001,-0.5182374620769659,0.6630236033675804
safe_graph_adp,1034.0,0.10103017305419541,-0.4254239437191939,0.8993371849551466,-1.3376343571389142,-1.118251292031281,-0.3289070151962449,-0.41616376498492447,-0.525635457504985,0.6650828985034835
safe_graph_adp,1036.0,0.10137844126782397,-0.44637522943250635,0.8890846788665204,-1.3474698580403566,-1.0953416288914488,-0.32486958143794087,-0.406925515720618,-0.532655990317951,0.6671948558631497
safe_graph_adp,1038.0,0.10159699609226723,-0.4667682410520373,0.8785245924447505,-1.3564786356191818,-1.0727647897492518,-0.3206318351741602,-0.39792796486185994,-0.5393095926596937,0.669323333164909
safe_graph_adp,1040.0,0.10168968612712438,-0.4865126620933226,0.8677353498378613,-1.3647452693380084,-1.050627639244937,-0.31625427603473943,-0.3891914340749931,-0.5456053377479808,0.6714373209416535
safe_graph_adp,1042.0,0.10166227066801554,-0.5055301637510562,0.8567987139698877,-1.372343004534387,-1.0290290348093634,-0.3117924046622971,-0.3807361180351243,-0.551551333140929,0.6735106767742515
safe_graph_adp,1044.0,0.10152219478441825,-0.5237543699719884,0.8457982051892756,-1.379335127818926,-1.0080595563118975,-0.3072969450769143,-0.372581686717774,-0.5571550855285531,0.6755217871679677
safe_graph_adp,1046.0,0.1012783519056045,-0.541130479783335,0.8348176443300311,-1.3857761868956369,-0.9878014633811621,-0.3028140747272633,-0.36474697087710906,-0.5624237470832567,0.6774531807437867
safe_graph_adp,1048.0,0.10094084544083959,-0.5576145918632571,0.823939871994833,-1.3917130540381593,-0.9683288683076304,-0.2983856688942198,-0.3572497385378328,-0.567364258298168,0.6792911123509338
safe_graph_adp,1050.0,0.10052075966033422,-0.5731727852686921,0.8132456794257436,-1.3971858407892237,-0.9497081044362673,-0.2940495638302817,-0.35010656303844756,-0.5719834042061348,0.6810251345151573
safe_graph_adp,1052.0,0.10002994828420368,-0.5877800137177095,0.802812970074767,-1.4022286752775626,-0.9319982645343218,-0.2898398402855325,-0.3433327780044235,-0.5762878008475135,0.6826476698307545
safe_graph_adp,1054.0,0.09948084721156256,-0.6014188695238027,0.792716156274603,-1.40687035468033,-0.9152518808082771,-0.2857871265415064,-0.33694251128381525,-0.5802838275223382,0.6841535952612763
safe_graph_adp,1056.0,0.09888631578784061,-0.6140782681986997,0.7830257831489289,-1.4111348849244916,-0.8995157178147732,-0.28191891808190384,-0.33094878805076006,-0.583977518226355,0.6855398467787625
safe_graph_adp,1058.0,0.09825950912567188,-0.6257520970140672,0.773808362547782,-1.4150419183979517,-0.8848316510606143,-0.2782599096890127,-0.32536369268774573,-0.5873744231048525,0.6868050503765231
safe_graph_adp,1060.0,0.09761378237820717,-0.6364378615434771,0.765126393404244,-1.4186070986253403,-0.8712376071304649,-0.2748323350409255,-0.32019857941911556,-0.590479448032594,0.6879491833013948
safe_graph_adp,1062.0,0.09696262657405973,-0.6461353543455091,0.7570385412333132,-1.4218423187653815,-0.8587685452209077,-0.27165630868822693,-0.3154643227293133,-0.5932966777236376,0.6889732674327189
safe_graph_adp,1064.0,0.09631963467412391,-0.6548453602316421,0.7495999480785296,-1.4247558984966184,-0.847457464542195,-0.26875016545975783,-0.31117160013396733,-0.5958291851974057,0.6898790951336435
safe_graph_adp,1066.0,0.09569849587990312,-0.6625684034878437,0.7428626444948582,-1.4273526813821669,-0.8373364267939768,-0.26613079272204104,-0.30733120169348366,-0.5980788280199256,0.690668986639106
safe_graph_adp,1068.0,0.09511301586354556,-0.6693035342657466,0.7368760365439505,-1.4296340520841806,-0.8284375875333257,-0.26381395133482777,-0.30395436262433967,-0.6000460294926203,0.691345577126865
safe_graph_adp,1070.0,0.09457716043913271,-0.6750471442241542,0.731687442695366,-1.4315978697191065,-0.8207942345182583,-0.26181458145219233,-0.30105311737354395,-0.6017295408238695,0.6919116310328796
safe_graph_adp,1072.0,0.09410512018245303,-0.6797917953448851,0.7273426574436727,-1.4332383100276371,-0.8144418348788577,-0.260147089364727,-0.2986406755183717,-0.6031261782037852,0.6923698809063601
safe_graph_adp,1074.0,0.09371139355799363,-0.6835250405435209,0.7238865198823619,-1.4345456046227987,-0.8094190961341341,-0.2588256112068364,-0.296731821814346,-0.6042305264911253,0.6927228881467714
safe_graph_adp,1076.0,0.09341088614936927,-0.6862282100834249,0.721363465968778,-1.435505660013434,-0.8057690485419248,-0.2578642483821628,-0.2953433446485882,-0.6050345987603524,0.6929729233389909
safe_graph_adp,1078.0,0.09321902352945924,-0.6878751337286725,0.7198180423204013,-1.4360995318623213,-0.8035401579256047,-0.25727726775693344,-0.29449449909958636,-0.6055274380532679,0.693121864653148
safe_graph_adp,1080.0,0.09315187505484948,-0.688430764945518,0.7192953566166644,-1.4363027202838738,-0.8027874787859675,-0.25707925671420845,-0.29420751282069035,-0.6056946440843262,0.6931711140077137
safe_graph_adp,1082.0,0.09263314500818828,-0.6885754167033128,0.71922388444611,-1.4370705072281058,-0.8026846028500171,-0.2571610123841439,-0.2940731563558112,-0.6059739319532125,0.6929536681580207
safe_graph_adp,1084.0,0.09109945306611002,-0.6889998593191741,0.7190132707462455,-1.439338994623721,-0.8023815124367801,-0.2574024430636605,-0.2936763710449086,-0.6067985353944405,0.6923104136425466
safe_graph_adp,1086.0,0.08859452840898599,-0.689685335493509,0.7186690111179105,-1.4430395206977247,-0.8018862990706872,-0.2577948084884586,-0.2930284550132732,-0.608142302712154,0.6912590693227048
safe_graph_adp,1088.0,0.08515993350330742,-0.690611963414317,0.71819419498819,-1.4481048606294344,-0.801203697285929,-0.25832795383664675,-0.29213918881396594,-0.609979284572406,0.6898163777544175
safe_graph_adp,1090.0,0.08083549091060169,-0.6917589146967213,0.7175898740554079,-1.4544688954308946,-0.8003356126145127,-0.25899050380531224,-0.2910171142011473,-0.6122836710110237,0.687998302609804
safe_graph_adp,1092.0,0.07565970917131347,-0.6931045679269187,0.7168554012678928,-1.4620662420790385,-0.7992816136807633,-0.2597700272488962,-0.2896698099211086,-0.6150297119933411,0.6858202297459333
safe_graph_adp,1094.0,0.06967020173123153,-0.6946266464316183,0.7159887464603707,-1.4708318662143876,-0.7980393951310889,-0.26065318230702833,-0.2881041616114679,-0.6181916298337737,0.6832971677234106
safe_graph_adp,1096.0,0.06290409378313802,-0.6963023476579175,0.714986794025872,-1.480700695725764,-0.7966052173947596,-0.2616258506599947,-0.2863266233652922,-0.6217435306142405,0.6804439441702771
safe_graph_adp,1098.0,0.05539841242327702,-0.6981084704089131,0.7138456271802107,-1.4916072511058531,-0.7949743282726279,-0.2626732682707299,-0.28434346866933563,-0.625659320727704,0.6772753947602199
safe_graph_adp,1100.0,0.047190455782159496,-0.7000215451093347,0.7125608025044682,-1.5034853064127816,-0.7931413701671436,-0.26378015869400384,-0.28216102836598,-0.6299126337678685,0.6738065417984942
safe_graph_adp,1102.0,0.038318136879167984,-0.7020179712453978,0.7111276175445622,-1.5162675928402631,-0.7911007754630592,-0.2649308737404274,-0.27978591310810313,-0.6344767721411722,0.6700527595486178
safe_graph_adp,1104.0,0.028820297956151722,-0.7040741651095975,0.7095413733186684,-1.5298855551331236,-0.7888471511999868,-0.2661095449609494,-0.27722521755715784,-0.6393246669512375,0.6660299235460463
safe_graph_adp,1106.0,0.018736991043096354,-0.7061667199658742,0.7077976326460055,-1.5442691692616328,-0.7863756527993891,-0.26730024806065744,-0.27448670339068965,-0.6444288588666428,0.6617545412826867
safe_graph_adp,1108.0,0.00810972056682909,-0.7082725797228163,0.7058924742799819,-1.559346827794989,-0.7836823452749496,-0.2684871809653859,-0.2715789581003718,-0.6497615018094731,0.6572438618508922
safe_graph_adp,1110.0,-0.003018356009428469,-0.7103692261608316,0.7038227419248836,-1.5750452972373585,-0.7807645491247512,-0.26965485487232405,-0.2685115266281489,-0.6552943903868972,0.6525159624400554
safe_graph_adp,1112.0,-0.01460227318309067,-0.7124348787120088,0.7015862863629045,-1.5912897491966609,-0.7776211670365689,-0.27078829625338846,-0.2652950131451043,-0.6609990110369941,0.6475898100037106
safe_graph_adp,1114.0,-0.02659515116367246,-0.7144487047572671,0.6991821981466955,-1.6080038646773278,-0.7742529866938078,-0.2718732564982915,-0.26194115074730545,-0.6668466158923007,0.6424852969673143
safe_graph_adp,1116.0,-0.038948140719620626,-0.7163910374124495,0.6966110276543136,-1.625110008095097,-0.7706629544045707,-0.2728964247437787,-0.25846283752788524,-0.6728083174105713,0.6372232505191983
safe_graph_adp,1118.0,-0.051610420451460935,-0.7182435968591665,0.6938749887923835,-1.642529464911288,-0.7668564140359662,-0.2738456385016777,-0.2548741383670261,-0.6788552009209302,0.6318254157976538
safe_graph_adp,1120.0,-0.06452924659217708,-0.7199897104788814,0.6909781423017536,-1.6601827342083282,-0.7628413058509607,-0.27471008603382124,-0.25119025282267365,-0.684958451428238,0.6263144141205773
safe_graph_adp,1122.0,-0.07765005401842157,-0.7216145264133774,0.6879265544955604,-1.6779898652225747,-0.7586283203269109,-0.27548049407897696,-0.24742745064770533,-0.6910894903521454,0.6207136782549519
safe_graph_adp,1124.0,-0.09091660560374297,-0.7231052147428394,0.6847284273616844,-1.6958708249571548,-0.7542310028707879,-0.27614929455038423,-0.24360297763276498,-0.6972201173878462,0.6150473675396503
safe_graph_adp,1126.0,-0.1042711854270763,-0.7244511502793474,0.6813941962979746,-1.7137458826407868,-0.7496658064980893,-0.2767107642035412,-0.2397349355990878,-0.7033226523913755,0.6093402664032257
safe_graph_adp,1128.0,-0.11765482974944365,-0.725644071042838,0.6779365923130319,-1.7315359960698444,-0.7449520909478776,-0.2771611320063932,-0.2358421413629795,-0.7093700721288193,0.6036176704091861
safe_graph_adp,1130.0,-0.13100758818038097,-0.7266782068280898,0.6743706662958227,-1.749163184818207,-0.7401120682812619,-0.27749864998403595,-0.23194397029130195,-0.7153361368864977,0.5979052643745889
safe_graph_adp,1132.0,-0.1442688061655095,-0.727550372877135,0.670713773896079,-1.7665508759208384,-0.7351706966552344,-0.2777236245881015,-0.2280601906081062,-0.7211955023033276,0.5922289973168255
safe_graph_adp,1134.0,-0.15737741892408552,-0.728260024515113,0.6669855206119844,-1.7836242088807,-0.7301555255703606,-0.27783840706804114,-0.22421079485949535,-0.7269238123287172,0.5866149589772246
safe_graph_adp,1136.0,-0.17027224632271448,-0.7288092696441606,0.6632076677881235,-1.8003102886180071,-0.72509649735222,-0.27784734279667483,-0.22041583488339223,-0.7324977698901305,0.5810892624541171
safe_graph_adp,1138.0,-0.18289227794092167,-0.7292028371589563,0.6594040013139967,-1.8165383771452313,-0.7200257108448616,-0.2777566809221702,-0.21669526627362848,-0.7378951826276291,0.5756779370730123
safe_graph_adp,1140.0,-0.1951769377932287,-0.729448000576849,0.6556001658084714,-1.8322400171594146,-0.7149771541888668,-0.27757444698626677,-0.21306880770582132,-0.7430949818693664,0.5704068350604276
safe_graph_adp,1142.0,-0.20706631882093227,-0.7295544573868216,0.6518234679090409,-1.8473490832388184,-0.7099864140687113,-0.2773102821821722,-0.20955581965522196,-0.7480772138349719,0.5653015549116932
safe_graph_adp,1144.0,-0.21850137832842295,-0.72953416573669,0.648102652896477,-1.8618017587667037,-0.7050903689116864,-0.27697525366418085,-0.20617520604447181,-0.7528230028212017,0.5603873835958938
safe_graph_adp,1146.0,-0.22942408696384142,-0.7294011410251687,0.6444676592289095,-1.8755364389561988,-0.700326873198022,-0.276581640728246,-0.20294534127660052,-0.7573144868124767,0.5556892589659717
safe_graph_adp,1148.0,-0.2397775255648427,-0.7291712156850494,0.6409493556049406,-1.8884935623229646,-0.6957344393178372,-0.2761427017471571,-0.1998840239977593,-0.7615347265442888,0.5512317529763314
safe_graph_adp,1150.0,-0.24950592613000547,-0.7288617658927029,0.6375792649120413,-1.900615374589511,-0.6913519223242739,-0.2756724264777559,-0.19700845784902746,-0.7654675895169897,0.5470390755831468
safe_graph_adp,1152.0,-0.25855465525632065,-0.7284914090938819,0.634389278851476,-1.9118456302873446,-0.6872182115374629,-0.2751852777925129,-0.1943352584483774,-0.7690976108089029,0.5431350985326737
safe_graph_adp,1154.0,-0.26687014053166536,-0.7280796760936381,0.6314113661884715,-1.9221292382680102,-0.6833719313130833,-0.27469592607037224,-0.19188048491830792,-0.7724098327787831,0.5395433976377694
safe_graph_adp,1156.0,-0.2743997425314024,-0.7276466610368444,0.6286772764945714,-1.9314118579917143,-0.6798511514668657,-0.27421897846828047,-0.18965969345076883,-0.7753896258951763,0.5362873115990269
safe_graph_adp,1158.0,-0.28109157720422173,-0.7272126519420172,0.6262182399773273,-1.9396394539109507,-0.676693105904487,-0.27376870414643145,-0.18768800967117927,-0.7780224930088989,0.5333900149307942
safe_graph_adp,1160.0,-0.28689429553278734,-0.7267977435984266,0.6240646625879255,-1.9467578156080811,-0.6739339160008864,-0.27335875529963577,-0.18598021590446387,-0.7802938594263846,0.5308746020809815
safe_graph_adp,1162.0,-0.2917568294346533,-0.7264214336628384,0.6222458141228956,-1.9527120517014545,-0.6716083132527373,-0.27300188261658853,-0.1845508488212192,-0.7821888511840949,0.5287641793564233
safe_graph_adp,1164.0,-0.29562811496846503,-0.7261022017784946,0.6207895055593435,-1.9574460660427129,-0.6697493537349719,-0.27270964261014513,-0.18341430230303543,-0.7836920640117031,0.527081960745399
safe_graph_adp,1166.0,-0.29845680609138486,-0.7258570705778659,0.6197217504572907,-1.9609020255430745,-0.6683881149668129,-0.2724920931990326,-0.18258492965515527,-0.7847873256548646,0.5258513631230001
safe_graph_adp,1168.0,-0.3001909945527476,-0.7257011466276628,0.6190664040090753,-1.9630198302603425,-0.6675533639787578,-0.2723574730454319,-0.1820771384481879,-0.7854574545644679,0.5250960955862586
safe_graph_adp,1170.0,-0.3007779540884446,-0.7256471388494133,0.61884477230888,-1.9637365983416628,-0.6672711837273035,-0.27231185954773846,-0.18190547022147022,-0.7856840185136313,0.5248402367439357
safe_graph_adp,1172.0,-0.30103555935182275,-0.7256588226629603,0.6187057984996921,-1.9640338130533945,-0.6670942750414215,-0.27226938390451977,-0.18181858588618857,-0.7857860914410856,0.524739557220858
safe_graph_adp,1174.0,-0.3017969902704693,-0.7256920527482488,0.6182957393041936,-1.964912474977859,-0.6665724279335846,-0.27214413666041354,-0.18156211896861285,-0.7860875855086772,0.5244416781169511
safe_graph_adp,1176.0,-0.3030390801575228,-0.7257433249736175,0.6176276727556181,-1.9663456867246123,-0.6657226954988235,-0.2719400090440329,-0.18114445775629198,-0.7865788107385937,0.5239552379758883
safe_graph_adp,1178.0,-0.3047383377972819,-0.7258086766432085,0.6167141237121007,-1.9683056646073473,-0.6645616439403312,-0.27166042503037946,-0.1805741202668026,-0.7872497418154617,0.5232890640684866
safe_graph_adp,1180.0,-0.30687099111026434,-0.7258837900554317,0.6155671516169183,-1.9707638910199985,-0.6631054228495574,-0.27130842107834585,-0.17985972732879513,-0.7880900799022555,0.5224521462266597
safe_graph_adp,1182.0,-0.30941302450707203,-0.7259640908491963,0.6141984362263436,-1.973691256243157,-0.6613698360438368,-0.2708867235045855,-0.179009978843983,-0.7890893103621497,0.5214536132537718
safe_graph_adp,1184.0,-0.3123402116951729,-0.7260448412427821,0.6126193603396467,-1.9770581902779032,-0.6593704113374634,-0.27039782270789703,-0.17803363253649626,-0.7902367566327488,0.5203027115317027
safe_graph_adp,1186.0,-0.31562814545585693,-0.7261212282554286,0.6108410887235112,-1.9808347852862564,-0.6571224678727189,-0.2698440435956203,-0.1769394845859104,-0.7915216304829585,0.5190087854825162
safe_graph_adp,1188.0,-0.3192522656668841,-0.726188446973135,0.6088746425573226,-1.9849909091703122,-0.6546411798670495,-0.2692276116814384,-0.17573635163530787,-0.7929330788580796,0.5175812595862284
safe_graph_adp,1190.0,-0.32318788661208714,-0.7262417788834311,0.6067309688415801,-1.9894963107555714,-0.6519416358433283,-0.2685507144262763,-0.17443305376226975,-0.794460227488584,0.516029621703147
safe_graph_adp,1192.0,-0.3274102243942062,-0.7262766652637717,0.604421004313608,-1.9943207169664523,-0.6490388926040187,-0.26781555748418034,-0.1730383980957086,-0.7960922214050168,0.5143634074973983
safe_graph_adp,1194.0,-0.33189442505297195,-0.7262887755687587,0.601955733506701,-1.9994339223006325,-0.6459480233889514,-0.26702441559618273,-0.17156116285248213,-0.7978182624678317,0.5125921858056667
safe_graph_adp,1196.0,-0.33661559378819,-0.7262740707258278,0.5993462406739193,-2.0048058708294483,-0.6426841598219051,-0.26617967794966224,-0.17001008165276274,-0.799627643988448,0.5107255448403958
safe_graph_adp,1198.0,-0.3415488254985485,-0.7262288612199786,0.5966037553784717,-2.010406730878536,-0.6392625274044469,-0.2652838878904604,-0.16839382805065206,-0.8015097824878507,0.5087730791585257
safe_graph_adp,1200.0,-0.34666923667227845,-0.7261498598274505,0.5937396916306286,-2.016206962479491,-0.6356984744572873,-0.2643397769412964,-0.16672100028534062,-0.8034542466127084,0.5067443773644523
safe_graph_adp,1202.0,-0.35195199850687003,-0.7260342288472846,0.5907656805275243,-2.0221773776316208,-0.632007494540094,-0.26335029314354425,-0.16500010631742415,-0.8054507832069406,0.5046490105486924
safe_graph_adp,1204.0,-0.3573723709929786,-0.7258796216791453,0.587693596427422,-2.028289193374024,-0.6282052425002801,-0.26231862380042964,-0.16323954926431514,-0.8074893405194106,0.5024965214914023
safe_graph_adp,1206.0,-0.36290573757356837,-0.7256842186057446,0.5845355767639419,-2.034514077642482,-0.6243075444094032,-0.26124821275797533,-0.16144761338785163,-0.8095600885160726,0.5002964146823156
safe_graph_adp,1208.0,-0.368527639884218,-0.7254467566583211,0.5813040356777948,-2.040824187872485,-0.6203304017419586,0.26014277241503697,0.1596324508163012,0.8116534362574277,-0.498058147225913
safe_graph_adp,1210.0,-0.3742138119951275,-0.7251665534730055,0.5780116717127416,-2.047192202308113,-0.6162899902348276,0.25900629070477116,0.15780206920233958,0.8137600462992907,-0.49579112071293885
safe_graph_adp,1212.0,-0.3799402135102058,-0.7248435250832331,0.5746714698875626,-2.053591343984889,-0.6122026539357537,0.25784303333592734,0.1559643205288158,0.8158708460761959,-0.4935046741470895
safe_graph_adp,1214.0,-0.3856830608338354,-0.7244781976369962,0.5712966985153105,-2.059995397371315,-0.608084895005279,0.2566575416224945,0.15412689127596937,0.8179770362317779,-0.4912080780192644
safe_graph_adp,1216.0,-0.39141885589126396,-0.7240717130756934,0.5679009011935134,-2.0663787176765376,-0.60395335987801,0.2554546262634866,0.1522972941581564,0.8200700958684788,-0.48891052962167875
safe_graph_adp,1218.0,-0.397124411583414,-0.7236258288614937,0.5644978844327436,-2.072716232858456,-0.5998248224155422,0.25423935746015225,0.15048286162611277,0.8221417846992837,-0.48662114969094983
safe_graph_adp,1220.0,-0.4027768732701718,-0.7231429118902039,0.5611017014246714,-2.0789834383954475,-0.5957161646946679,0.25301705177491574,0.1486907413134499,0.8241841420961353,-0.48434898046351227
safe_graph_adp,1222.0,-0.4083537356064561,-0.722625926774346,0.5577266324730871,-2.0851563849139,-0.591644356070721,0.2517932561443421,0.1469278935845981,0.8261894830424926,-0.4821029852189278
safe_graph_adp,1224.0,-0.4138328541007981,-0.7220784187242838,0.5543871626214167,-2.091211658791129,-0.5876264311374265,0.2505737294570416,0.14520109131693512,0.8281503910104554,-0.47989204937734714
safe_graph_adp,1226.0,-0.4191924508247025,-0.7215044912917015,0.5510979570071753,-2.0971263558775703,-0.5836794671719759,0.24936442209654366,0.1435169220234733,0.8300597077953246,-0.4777249832069761
safe_graph_adp,1228.0,-0.424411113770479,-0.7209087792677163,0.5478738344571973,-2.1028780485021588,-0.579820561608074,0.24817145382887715,0.14188179239525076,0.8319105203517687,-0.47561052618631344
safe_graph_adp,1230.0,-0.42946778943319047,-0.7202964170457881,0.5447297398071536,-2.1084447459396745,-0.5760668100213103,0.24700109038514745,0.14030193531540502,0.8336961446854286,-0.473557353054467
safe_graph_adp,1232.0,-0.434341768276565,-0.7196730027661297,0.5416807153849664,-2.113804848527954,-0.5724352850415144,0.24585971905123047,0.13878341937056726,0.8354101068613522,-0.4715740815712496
safe_graph_adp,1234.0,-0.43901266283102547,-0.7190445585526373,0.5387418720406416,-2.118937095625984,-0.5689430165268258,0.24475382353035954,0.13733216086032182,0.8370461211958081,-0.4696692819971909
safe_graph_adp,1236.0,-0.44346037826249307,-0.7184174871348382,0.5359283600353232,-2.1238205076010996,-0.5656069732451675,0.24368995829047227,0.13595393828245256,0.8385980657005702,-0.46785148829210893
safe_graph_adp,1238.0,-0.44766507534183086,-0.717798525115856,0.5332553400207963,-2.12843432202508,-0.5624440462116269,0.24267472254736633,0.13465440925077937,0.8400599548486043,-0.4661292110194805
safe_graph_adp,1240.0,-0.4516071258356462,-0.7171946931029941,0.5307379542480158,-2.132757924245548,-0.5594710337257554,0.24171473396762025,0.1334391297835995,0.8414259097273026,-0.4645109519323947
safe_graph_adp,1242.0,-0.4552670604292023,-0.7166132428607118,0.5283912980403894,-2.136770772481633,-0.5567046280416057,0.24081660210243755,0.13231357588389706,0.8426901256401533,-0.46300522020516693
safe_graph_adp,1244.0,-0.45862550938155217,-0.7160616015772108,0.5262303914552938,-2.1404523175724606,-0.5541614034857524,0.23998690148556198,0.13128316731715212,0.8438468372103748,-0.461620550262424
safe_graph_adp,1246.0,-0.4616631362025872,-0.7155473132565647,0.5242701509364263,-2.143781917485189,-0.5518578057146178,0.2392321442455646,0.13035329347812646,0.8448902810310337,-0.46036552114420537
safe_graph_adp,1248.0,-0.46436056473310156,-0.7150779771595037,0.5225253606306851,-2.1467387466677197,-0.5498101416718016,0.2385587519953527,0.12952934122352897,0.8458146558961659,-0.4592487773308373
safe_graph_adp,1250.0,-0.46669830010467384,-0.714661183119067,0.5210106429069017,-2.1493017003119097,-0.5480345696681286,0.2379730266698262,0.12881672453183207,0.8466140806372329,-0.4582790509343247
safe_graph_adp,1252.0,-0.46865664415942127,-0.7143044434540681,0.5197404274702936,-2.151449293578589,-0.5465470888607465,0.23748111988620516,0.1282209158332939,0.8472825495798801,-0.4574651851429606
safe_graph_adp,1254.0,-0.47021560602464135,-0.7140151210956318,0.5187289183163681,-2.1531595558288035,-0.5453635272515088,0.23708900030062022,0.12774747883072668,0.8478138856286288,-0.45681615878177056
safe_graph_adp,1256.0,-0.47135480866905666,-0.7138003534323422,0.5179900576115533,-2.154409919909978,-0.5444995271574647,0.23680241832901022,0.1274021026026722,0.84820169098331,-0.45634111182207127
safe_graph_adp,1258.0,-0.47205339242170535,-0.7136669712705546,0.5175374854256194,-2.155177106565248,-0.5439705269258438,0.23662686749023373,0.1271906367429852,0.8484392954924747,-0.4560493716374433
safe_graph_adp,1260.0,-0.4722899166182616,-0.7136214122016277,0.5173844940738658,-2.155437004074182,-0.543791737470689,0.2365675415147836,0.12711912724151272,0.8485197026578033,-0.4559504797590636
safe_graph_adp,1262.0,-0.47268382005940907,-0.7137640830405123,0.5168276695528026,-2.155728726152,-0.5431411817118156,0.23631004189558916,0.12693634283619995,0.8486631103665784,-0.45586802264427406
safe_graph_adp,1264.0,-0.4738477033162904,-0.7141847427604637,0.5151781315914401,-2.156589929363577,-0.5412154709426116,0.23554724076362119,0.1263959337840642,0.8490865206685357,-0.45562445688362635
safe_graph_adp,1266.0,-0.47574749630106933,-0.71486764553425,0.5124729935631557,-2.1579937873257915,-0.5380622396648175,0.23429642440622506,0.1255130038286988,0.8497765788843745,-0.4552267977172736
safe_graph_adp,1268.0,-0.4783510933677003,-0.7157951692327628,0.5087411003417809,-2.1599145367756045,-0.5337218841698592,0.23257119114391114,0.12430148783877598,0.8507200989778699,-0.4546813107727787
safe_graph_adp,1270.0,-0.4816278715266078,-0.7169479049229538,0.5040042608900611,-2.162327320904485,-0.5282287024385772,0.23038201841739028,0.12277435539425847,0.8519039813387588,-0.45399360108554987
safe_graph_adp,1272.0,-0.4855481907796479,-0.7183046787186335,0.4982783789826039,-2.165208039045596,-0.5216119571051115,0.2277367855972025,0.12094380903686162,0.8533151179051495,-0.4531686894480133
safe_graph_adp,1274.0,-0.49008288371951586,-0.7198425277067465,0.49157451356831505,-2.168533202758446,-0.5138968815176811,0.22464126483278615,0.11882147807170233,0.8549402892650538,-0.4522110793363738
safe_graph_adp,1276.0,-0.49520274029341477,-0.7215366488763729,0.4838998970181193,-2.1722797983127538,-0.5051056468132705,0.22109959090938983,0.11641860884633415,0.8567660577199541,-0.4511248172656799
safe_graph_adp,1278.0,-0.5008779935479422,-0.7233603383578608,0.47525893623391113,-2.1764251555605516,-0.4952583055629387,0.21711471969974136,0.11374625228213912,0.8587786599967067,-0.4499135491577595
safe_graph_adp,1280.0,-0.5070778130133307,-0.7252849375439642,0.46565421819357067,-2.180946823195256,-0.48437372493292247,0.21268888335325692,0.11081544912299797,0.8609639032748897,-0.4485805751381566
safe_graph_adp,1282.0,-0.5137698139641441,-0.7272798025499354,0.45508753780143857,-2.1858224504222363,-0.4724705193976656,0.20782404881054484,0.10763741291597502,0.863307068384609,-0.44712890507539343
safe_graph_adp,1284.0,-0.5209195929418107,-0.7293123137178186,0.4435609617052662,-2.1910296751020306,-0.4595679897710048,0.20252238450862958,0.10422371016082402,0.8657928243588173,-0.4455613171068977
safe_graph_adp,1286.0,-0.5284903024627677,-0.7313479422136351,0.4310779368312578,-2.1965460184704053,-0.44568707163064286,0.1967867381978086,0.10058643637144217,0.8684051589261073,-0.44388042132773026
safe_graph_adp,1288.0,-0.5364422805502086,-0.7333503909143746,0.41764444660958316,-2.202348786585164,-0.4308512920611761,0.19062112658100264,0.09673838599998387,0.8711273299289964,-0.442088730715775
safe_graph_adp,1290.0,-0.5447327533492966,-0.7352818264182277,0.4032702111085939,-2.2084149786947695,-0.4150877290381829,0.1840312349902301,0.09269321331037524,0.8739418429625885,-0.4401887411932777
safe_graph_adp,1292.0,-0.5533156312819761,-0.7371032178001227,0.3879699195655934,-2.214721202765703,-0.3984279627907377,0.1770249225467491,0.08846558039445578,0.876830460651579,-0.4381830224419123
safe_graph_adp,1294.0,-0.5621414205700462,-0.738774795338771,0.37176447524157996,-2.2212435984416055,-0.38090900326756344,0.1696127252734357,0.08407128766142229,0.8797742488138497,-0.4360743206613924
safe_graph_adp,1296.0,-0.5711572720566457,-0.7402566385581842,0.3546822234724322,-2.2279577677356666,-0.3625741726493805,0.16180834656106133,0.07952738138056438,0.8827536641889815,-0.4338656738609919
safe_graph_adp,1298.0,-0.5803071876255551,-0.7415093973360067,0.33676012479584133,-2.234838713776733,-0.34347391706217234,0.15362912142177804,0.07485223231872785,0.8857486873429059,-0.4315605394824635
safe_graph_adp,1300.0,-0.589532400736438,-0.7424951424567103,0.31804482688784835,-2.241860787938025,-0.32366651772110894,0.14509643834761643,0.07006557930216566,0.888739002725362,-0.4291629331741237
safe_graph_adp,1302.0,-0.598771941363944,-0.743178332962794,0.29859358273394987,-2.2489976456742835,-0.30321866921794266,0.13623610063974936,0.06518853176645258,0.8917042256309579,-0.42667757639756987
safe_graph_adp,1304.0,-0.6079633868607843,-0.7435268773813898,0.27847495910448405,-2.256222211378378,-0.2822058921292768,0.1270786081282013,0.060243526146131626,0.8946241730402061,-0.42411004931008994
safe_graph_adp,1306.0,-0.6170437891693014,-0.743513255076479,0.257769280119198,-2.2635066525420378,-0.2607127490980386,0.11765934059643454,0.05525423237533201,0.8974791721200351,-0.4214669441198936
safe_graph_adp,1308.0,-0.6259507559585223,-0.7431156535867722,0.2365687564097573,-2.2708223634682674,-0.2388328384177006,0.1080186262349595,0.050245408846773414,0.9002503967614132,-0.4187560129801733
safe_graph_adp,1310.0,-0.6346236496279206,-0.7423190690644441,0.21497726167256698,-2.2781399587365394,-0.21666854708328945,0.09820168222552923,0.045242706861284725,0.9029202192274931,-0.4159863036136116
safe_graph_adp,1312.0,-0.6430048550011733,-0.7411163111232119,0.19310973520784175,-2.2854292765680357,-0.1943305560929538,0.08825842007572615,0.04027242875800241,0.9054725611428092,-0.41316827538564715
safe_graph_adp,1314.0,-0.651041055455328,-0.7395088517204549,0.1710912105828546,-2.292659392179676,-0.17193710393197578,0.07824311533393465,0.03536124732210155,0.9078932260544129,-0.41031388859649454
safe_graph_adp,1316.0,-0.658684449729188,-0.7375074609898795,0.14905549526675563,-2.2997986411554967,-0.14961302870200055,0.06821394933320013,0.03053589742161339,0.9101701949818236,-0.40743666041701926
safe_graph_adp,1318.0,-0.6658938390269529,-0.735132581517212,0.12714355169565794,-2.30681465280579,-0.12748862400243446,0.058232438948489604,0.025822853781682698,0.9122938669836854,-0.40455168216265525
safe_graph_adp,1320.0,-0.6726355170819763,-0.7324144060278928,0.10550165402813029,-2.3136743934321142,-0.10569835697024892,0.0483627781783684,0.021248011017510466,0.9142572288851688,-0.4016755944115621
safe_graph_adp,1322.0,-0.6788839046772591,-0.729392640719433,0.08427941406114889,-2.3203442193739754,-0.08437950738201479,0.03867112182306407,0.016836383222785804,0.9160559418172042,-0.3988265186748698
safe_graph_adp,1324.0,-0.6846218840521391,-0.726115955779119,0.06362778198142459,-2.326789939684604,-0.06367079317540632,0.029224845867060378,0.01261184035768825,0.9176883368055092,-0.39602394669764224
safe_graph_adp,1326.0,-0.6898408062412676,-0.7226411438398613,0.043697131189754455,-2.3329768882725888,-0.04371104932194088,0.020091820842574996,0.008596897346957188,0.919155316840761,-0.3932885907506039
safe_graph_adp,1328.0,-0.6945401637374039,-0.7190320240287061,0.024635530779801185,-2.338870005356408,-0.024638023383052928,0.011339733210054019,0.004812569282716579,0.9204601680928952,-0.390642200206305
safe_graph_adp,1330.0,-0.6987269397583418,-0.7153581419129725,0.006587294950290059,-2.3444339281125157,-0.006587342591036683,0.0030354857392647107,0.00127830266422853,0.9216082876262938,-0.3881073510604455
safe_graph_adp,1332.0,-0.7024146617653683,-0.7116933226769301,-0.01030812272502413,-2.3496330904559786,0.010308305286130071,-0.004755298584554497,-0.0019880114693783895,0.9226068386333812,-0.38570721571249816
safe_graph_adp,1334.0,-0.7056221991018573,-0.7081141356491204,-0.025916848353102522,-2.3544318319758,0.025919750548263402,-0.011968652836579607,-0.004969940972624305,0.9234643464897047,-0.38346532020294705
safe_graph_adp,1336.0,-0.7083723517380467,-0.7046983230198928,-0.04011090657240284,-2.358794516153398,0.040121670005088116,-0.01854251557559801,-0.0076523352525826255,0.9241902496965684,-0.38140529525310135
safe_graph_adp,1338.0,-0.7106902789256236,-0.701523235105557,-0.05276815372601798,-2.3626856581189353,0.05279267308920366,-0.02441685593358714,-0.01002107361700179,0.9247944190718143,-0.37955062598223527
safe_graph_adp,1340.0,-0.7126018136144852,-0.6986643001895827,-0.06377186584966406,-2.366070062340898,0.06381517025862085,-0.02953368613445084,-0.012062749017951388,0.925286656606142,-0.3779244032555575
safe_graph_adp,1342.0,-0.7141317018885551,-0.6961935404206279,-0.07301004474966102,-2.3689129707918717,0.07307506376707551,-0.033836981733267595,-0.013764299541060822,0.9256761825835326,-0.3765490774426422
safe_graph_adp,1344.0,-0.7153017979728922,-0.6941781281337953,-0.08037452480362023,-2.3711802222779395,0.08046131477426807,-0.03727253750674461,-0.015112602126053693,0.9259711163116405,-0.3754462131402609
safe_graph_adp,1346.0,-0.7161292363149532,-0.6926789608461315,-0.08575997957139082,-2.37283842374806,0.08586545323909506,-0.03978779371705491,-0.016094044829004475,0.9261779525979436,-0.3746362413243712
safe_graph_adp,1348.0,-0.7166245947036591,-0.6917492194714987,-0.08906294193652282,-2.3738551344984353,0.08918110851039115,-0.04133167361634373,-0.01669409572186426,0.9263010334226444,-0.37413820361497757
safe_graph_adp,1350.0,-0.7167900582282296,-0.6914328643184006,-0.09018096565031718,-2.374199064237926,0.09030364955129651,-0.04185447883201203,-0.016896888575449222,0.9263420125799021,-0.3739694820270578
safe_graph_adp,1352.0,-0.7160096853435783,-0.6921890026741231,-0.09057877826065475,-2.373108588490498,0.09070309695696095,-0.04203023065692014,-0.016994497806203244,0.9261295966095157,-0.3744711164284062
safe_graph_adp,1354.0,-0.7136870265077074,-0.6944289690885215,-0.09175638988779074,-2.3698701084658875,0.09188563325050411,-0.04254988171588352,-0.017284828766468027,0.9254970275200065,-0.37596009670191144
safe_graph_adp,1356.0,-0.7098499639761617,-0.6980946757158463,-0.09368485672844448,-2.364543550792051,0.09382244386235358,-0.04339895988072126,-0.01776454875426229,0.9244508655389092,-0.3784065912390938
safe_graph_adp,1358.0,-0.7045060598398336,-0.7031286536411513,-0.09633954576255208,-2.357173015193088,0.09648919781141999,-0.0445639330175309,-0.01843344627841714,0.9229914614871676,-0.38178662359240956
safe_graph_adp,1360.0,-0.6976453740267793,-0.7094723686819461,-0.09969899786790237,-2.3477895672794773,0.09986490723049955,-0.04603172912656322,-0.019293999792036477,0.9211136892834753,-0.38608081135978395
safe_graph_adp,1362.0,-0.689243084264232,-0.7170642943553391,-0.10374376393118019,-2.3364139060395375,0.10393076607189668,-0.04778921255989971,-0.020350979093981775,0.9188075858317847,-0.3912731130946627
safe_graph_adp,1364.0,-0.6792620699242904,-0.7258377984063235,-0.10845520165870338,-2.3230589941533126,0.10866895295927928,-0.0498226224211946,-0.02161105137618751,0.9160589486602709,-0.3973495581134198
safe_graph_adp,1366.0,-0.6676556130782929,-0.7357189033306771,-0.11381422409767072,-2.3077327303814035,0.11406138636726564,-0.05211698053644099,-0.02308236516531957,0.9128499389042656,-0.4042969376592133
safe_graph_adp,1368.0,-0.6543703597284735,-0.7466239968975394,-0.11979999818685837,-2.290440731953358,0.12008842727885395,-0.05465548045052252,-0.024774086924415795,0.9091597354047848,-0.4121014421140575
safe_graph_adp,1370.0,-0.6393496686897162,-0.7584575941833094,-0.12638860301473478,-2.2711892798187723,0.12672753532579575,-0.05741887553094131,-0.026695867484030408,0.9049652838668085,-0.4207472381227286
safe_graph_adp,1372.0,-0.6225374507651406,-0.7711102859269251,-0.13355167289306408,-2.249988459286375,0.13395189929916446,-0.06038489313931343,-0.028857219573887413,0.9002421820049507,-0.4302149919493548
safe_graph_adp,1374.0,-0.6038825621156011,-0.7844570456732007,-0.14125506952449773,-2.226855501422181,0.14172908167265244,-0.06352771236311405,-0.03126679443630523,0.8949657360052833,-0.4404803613149045
safe_graph_adp,1376.0,-0.5833437588599127,-0.7983561047744671,-0.14945764941456877,-2.2018182954538488,0.15001973861343423,-0.06681755388471235,-0.033931555695494116,0.8891122139291755,-0.4515124971281606
safe_graph_adp,1378.0,-0.5608951423459629,-0.812648632040561,-0.15811021515166782,-2.1749189990941833,0.1587765000639407,-0.07022044042774003,-0.03685586293624421,0.8826603064260942,-0.46327261798335617
safe_graph_adp,1380.0,-0.5365319268404177,-0.82715946351253,-0.16715475883914374,-2.146217623475158,0.16794311576288018,-0.07369819234841736,-0.04004049581256532,0.8755927832704498,-0.47571274212949866
safe_graph_adp,1382.0,-0.5102762493641277,-0.8416991060159119,-0.1765241180884166,-2.1157954158377823,0.17745398805564042,-0.07720872222511042,-0.043481670962508656,0.8678983056628075,-0.48877468073776276
safe_graph_adp,1384.0,-0.48218262751337204,-0.8560671752324897,-0.1861421639870086,-2.0837578125560534,0.18723421548355787,0.08070668151108674,0.047170126191374236,-0.8595733202884882,0.5023894085296605
safe_graph_adp,1386.0,-0.452342574911088,-0.8700573187055682,-0.19592462093796195,-2.0502366965468677,0.19720025673415736,0.08414448893817118,0.051090365437379714,-0.8506239251367309,0.5164769283576858
safe_graph_adp,1388.0,-0.42088783033613186,-0.8834635185191865,-0.20578057663599472,-2.0153916776385428,0.20726128822969067,0.08747373373711491,0.05522016886580408,-0.8410675645383657,0.5309467306030073
safe_graph_adp,1390.0,-0.38799167125521045,-0.896087481310061,-0.21561467685660868,-1.979410133089066,0.2173212693722178,0.09064689924208671,0.059530469637634406,-0.8309343889936965,0.5456989133489181
safe_graph_adp,1392.0,-0.3538678846255993,-0.9077466317826471,-0.22532991971299104,-1.9425058063141363,0.22728165130770042,0.09361930016717566,0.0639856782407592,-0.8202681118347036,0.5606259754269406
safe_graph_adp,1394.0,-0.3187671618480935,-0.9182820671334507,-0.2348308789499968,-1.904915866815803,0.2370445780745322,0.09635107928534228,0.06854449554727783,-0.8091262157749036,0.5756152261680566
safe_graph_adp,1396.0,-0.28297095380765797,-0.9275657433070139,-0.24402711149479073,-1.8668964758956463,0.24651634834410413,0.09880907760275491,0.07316120029966736,-0.7975794102624145,0.5905516821409146
safe_graph_adp,1398.0,-0.24678312689062806,-0.9355061806134496,-0.2528364576482593,-1.8287170634544492,0.2556108489536089,0.1009683863316297,0.07778733381517705,-0.7857103118473375,0.6053212548029953
safe_graph_adp,1400.0,-0.21052004667082214,-0.9420521068602865,-0.2611879359959226,-1.790653675452906,0.26425265290290967,0.10281341428817845,0.0823736462889666,-0.7736114048619445,0.6198139870211034
safe_graph_adp,1402.0,-0.17449992504803005,-0.947193685303753,-0.2690239741713124,-1.7529818711013259,0.2723795019911377,0.10433835888467399,0.08687212786280574,-0.7613824242288518,0.6339270812492853
safe_graph_adp,1404.0,-0.13903235517730902,-0.9509612621313787,-0.27630179539653016,-1.7159697096600912,0.279943965008055,0.10554704323324438,0.09123793328696662,-0.7491273704238669,0.647567482256533
safe_graph_adp,1406.0,-0.10440890958689776,-0.9534218589294403,-0.2829938842349871,-1.6798713561646632,0.28691416333002123,0.10645216135484248,0.09543102507244094,-0.7369514056212065,0.6606538295881086
safe_graph_adp,1408.0,-0.07089550508196642,-0.9546738753601485,-0.2890875629701298,-1.6449217557296532,0.29327356710878866,0.10707404232026463,0.09941740269808941,-0.7249578833158166,0.6731176694458519
safe_graph_adp,1410.0,-0.03872698415061438,-0.9548406170067179,-0.2945838026993821,-1.611332693927785,0.29901996604980013,0.10743908998130382,0.10316984481321849,-0.713245732687216,0.684903898272365
safe_graph_adp,1412.0,-0.008104080464288461,-0.9540633078978439,-0.2994954563976763,-1.5792904020779324,0.3041637925628776,0.10757807192832691,0.10666815466858451,-0.701907362129607,0.6959704865926711
safe_graph_adp,1414.0,0.02080732271035599,-0.9524941957426888,-0.3038451289688804,-1.5489547093408083,0.3087260133637255,0.10752442078439517,0.10989895427580407,-0.6910271763786913,0.7062875903554856
safe_graph_adp,1416.0,0.04787493045314542,-0.9502902370930748,-0.3076628939597596,-1.520459611937233,0.31273580862468786,0.1073126798554723,0.1128551118585981,-0.6806807316949779,0.7158361921339335
safe_graph_adp,1418.0,0.07299717954443641,-0.9476076935968641,-0.31098403626969184,-1.4939150381944333,0.3162282325103268,0.10697718312371615,0.11553490684328178,-0.670934494215714,0.7246064256292055
safe_graph_adp,1420.0,0.09609923884819703,-0.9445978111535224,-0.3138469554683807,-1.4694095409671168,0.31924200589755636,0.10655101595459182,0.11794103830876784,-0.6618461241546643,0.7325957278220662
safe_graph_adp,1422.0,0.11712829786264703,-0.9414036146432612,-0.3162913153667061,-1.4470136422411348,0.32181754204105184,0.10606526473279257,0.12007957083840785,-0.6534651847925338,0.7398069400515829
safe_graph_adp,1424.0,0.13604851146808547,-0.9381577448240458,-0.3183564799936994,-1.4267835790424757,0.32399525761474596,0.10554853485785849,0.12195889159231427,-0.6458341683648608,0.7462464489184536
safe_graph_adp,1426.0,0.15283588376749915,-0.9349811941524114,-0.32008023871263586,-1.4087652438212557,0.3258141805336681,0.1050266981190076,0.12358872928512409,-0.6389897370928103,0.7519224258964274
safe_graph_adp,1428.0,0.1674732836996342,-0.9319827609414598,-0.3214977955675521,-1.3929981656367714,0.32731083472603195,0.10452282133782002,0.12497926348866151,-0.6329640920684322,0.7568431949019555
safe_graph_adp,1430.0,0.17994570148101952,-0.9292590288885053,-0.3226409796471858,-1.3795194323625437,0.32851836062983153,0.10405722609343064,0.12614033362938754,-0.6277864011679107,0.7610157320569992
safe_graph_adp,1432.0,0.1902357844177392,-0.9268946828587884,-0.3235376225650941,-1.368367503144203,0.3294658171230819,0.10364763177794278,0.1270807421948049,-0.6234842361714913,0.7644442822310163
safe_graph_adp,1434.0,0.19831963566141922,-0.9249629836783665,-0.32421104382166854,-1.359585901382434,0.3301776036130777,0.10330933881538687,0.12780763598378725,-0.6200849863958375,0.7671290623775359
safe_graph_adp,1436.0,0.2041628198731356,-0.9235262376662383,-0.3246795825479205,-1.353226810357893,0.3306729377137429,0.10305541369837157,0.12832594213582785,-0.6176172298749318,0.769065011324807
safe_graph_adp,1438.0,0.20771649406876738,-0.922636105286998,-0.32495611290237203,-1.3493546161349894,0.3309653221494892,0.1028968411042557,0.1286378313337795,-0.6161120525645951,0.7702405384846667
safe_graph_adp,1440.0,0.20891356866457658,-0.9223335934029677,-0.3250474785445972,-1.3480494557615816,0.33106193243584414,0.10284260967469294,0.12874217822096487,-0.6156043105880863,0.7706362189565107
safe_graph_adp,1442.0,0.2092858959363686,-0.9220196087259077,-0.32569810390457504,-1.3475920228166156,0.33174999835460817,0.10302488296854001,0.12903086171835892,-0.6153926297543979,0.7707326523882994
safe_graph_adp,1444.0,0.2103825851264128,-0.9210902966724076,-0.32761537395467794,-1.3462423429904646,0.33377854896123355,0.10356138114271367,0.12988244723152473,-0.6147676449992661,0.7710164284235583
safe_graph_adp,1446.0,0.21216140342630613,-0.9195689974861089,-0.33072707442629024,-1.344045827058121,0.33707390046959246,0.10443007536469451,0.13126742573177097,-0.6137492657662419,0.7714758979206526
safe_graph_adp,1448.0,0.2145764182916752,-0.9174760663805688,-0.33495466608476143,-1.3410489963077368,0.34155711647909304,0.10560619449178871,0.13315483240433637,-0.6123573968374477,0.7720981419682346
safe_graph_adp,1450.0,0.217578667782316,-0.9148298701257411,-0.3402143913061175,-1.337299327913794,0.3471448796039325,0.10706275912368435,0.13551242364092228,-0.6106120283353458,0.7728692641708441
safe_graph_adp,1452.0,0.2211168120943696,-0.9116477842660897,-0.3464183494735122,-1.3328451044180047,0.35375033429814495,0.10877110179157479,0.13830684457128442,-0.6085333275158804,0.7737746787419654
safe_graph_adp,1454.0,0.2251377730003859,-0.907947143597245,-0.35347555446173434,-1.3277352638148805,0.36128391489035216,0.11070137291867245,0.1415037981518751,-0.6061417232037409,0.7747993885736578
safe_graph_adp,1456.0,0.2295873647355968,-0.9037461055209343,-0.3612929818160166,-1.3220192476157613,0.36965416810700236,0.11282303107146527,0.145068224156452,-0.6034579753158418,0.7759282479892361
safe_graph_adp,1458.0,0.2344109162046341,-0.8990643934147583,-0.3697766066936317,-1.3157468451561578,0.37876857400309233,0.11510531467057018,0.14896449344954896,-0.6005032236291511,0.7771462054445779
safe_graph_adp,1460.0,0.23955388072856648,-0.8939238952089444,-0.37883242707343845,-1.3089680332856681,0.3885343638044157,0.11751769100399242,0.15315661989534743,-0.5972990117336114,0.7784385220846752
safe_graph_adp,1462.0,0.24496242633735243,-0.8883491008624673,-0.38836746089208196,-1.3017328114089228,0.3988593281998614,0.12003027730281339,0.15760848937177574,-0.5938672839189498,0.779790962822272
safe_graph_adp,1464.0,0.25058399717678875,-0.8823673711515975,-0.3982907012295447,-1.2940910326039528,0.40965260552296806,0.12261422796512927,0.16228410280829372,-0.590230354511959,0.7811899574936365
safe_graph_adp,1466.0,0.25636783517010064,-0.8760090387827443,-0.40851401085045874,-1.2860922322080892,0.42082543633593156,0.12524208185122362,0.16714782809726395,-0.586410850835246,0.7826227306426908
safe_graph_adp,1468.0,0.26226545075773744,-0.869307350898413,-0.41895293651295035,-1.2777854558120385,0.4322918693571515,0.12788806395773708,0.17216465425034147,-0.5824316324239195,0.7840773995442099
safe_graph_adp,1470.0,0.268231032315785,-0.862298269120281,-0.4295274244736605,-1.2692190890258295,0.4439694035017844,0.1305283366829087,0.17730044033845785,-0.578315690343861,0.7855430411382216
safe_graph_adp,1472.0,0.27422178559228283,-0.8550201489707336,-0.4401624213408551,-1.2604406916672282,0.4557795519507679,0.13314119723486711,0.18252215156748486,-0.5740860313498619,0.787009729542785
safe_graph_adp,1474.0,0.2801981969813513,-0.8475133245381296,-0.45078834849486377,-1.251496839171238,0.46764831643246624,0.1357072193846649,0.18779807525010492,-0.5697655521718387,0.7884685466761233
safe_graph_adp,1476.0,0.28612421740069083,-0.8398196264468897,-0.46134144324073995,-1.2424329740319457,0.4795065630137735,0.1382093395752906,0.19309801034240492,-0.5653769094165936,0.7899115691990513
safe_graph_adp,1478.0,0.29196736665211465,-0.8319818615648463,-0.471763965174665,-1.2332932699747627,0.491290294327385,0.1406328892119892,0.1983934254946268,-0.5609423904417018,0.7913318354508087
safe_graph_adp,1480.0,0.29769876114599103,-0.8240432815824118,-0.4820042714447995,-1.2241205113328144,0.5029408169716887,0.14296557663480228,0.2036575820767239,-0.5564837901409769,0.7927232962834346
safe_graph_adp,1482.0,0.303293070521756,-0.8160470649109123,-0.49201676925057186,-1.2149559897851305,0.5144048064963554,0.1451974236944728,0.20886562023781804,-0.5520222979389451,0.7940807537104559
safe_graph_adp,1484.0,0.3087284108248118,-0.808035832634047,-0.5017617577386589,-1.2058394202286415,0.5256342756691036,0.14732066293609208,0.21399460761445,-0.5475783984960799,0.7953997911016046
safe_graph_adp,1486.0,0.3139861834044374,-0.8000512149063771,-0.511205174228455,-1.1968088771248657,0.5365864544157731,0.14932960209820337,0.21902355170926407,-0.5431717887505211,0.7966766983158293
safe_graph_adp,1488.0,0.3190508695480572,-0.7921334796168978,-0.5203182613657282,-1.1879007522098115,0.5472235918220407,0.15122046295278932,0.22393337814251063,-0.538821313033973,0.7979083947160681
safe_graph_adp,1490.0,0.32390979109578966,-0.7843212306696783,-0.529077172398397,-1.1791497340052055,0.5575126918403039,0.1529912014696278,0.22870687788774097,-0.5345449171575267,0.7990923524979917
safe_graph_adp,1492.0,0.3285528469633507,-0.7766511791525971,-0.5374625314132675,-1.1705888091415388,0.5674251948830553,0.15464131593652466,0.23332862722380393,-0.53035962161177,0.8002265222342331
safe_graph_adp,1494.0,0.33297223474802345,-0.769157987162428,-0.545458964241261,-1.162249285116306,0.57693661737734,0.15617164906922065,0.23778488447587803,-0.5262815133944775,0.8013092620212323
safe_graph_adp,1496.0,0.3371621655211159,-0.7618741812402146,-0.5530546140307162,-1.1541608337781075,0.5860261607090346,0.15758418937161534,0.24206346770546627,-0.522325755483919,0.8023392711444759
safe_graph_adp,1498.0,0.34111857863937056,-0.7548301302809644,-0.5602406534044791,-1.146351554558882,0.5946762999223194,0.15888187612725824,0.24615361738169908,-0.5185066126195681,0.8033155287668525
safe_graph_adp,1500.0,0.3448388620436414,-0.7480540813920037,-0.5670108028399564,-1.138848056278348,0.6028723611825967,0.16006841147878137,0.2500458477684412,-0.5148374918281893,0.8042372378026774
safe_graph_adp,1502.0,0.34832158214387,-0.741572246417135,-0.5733608625958306,-1.1316755562189524,0.6106020954752254,0.16114808213446932,0.2537317903387797,-0.5113309960285437,0.8051037738678892
safe_graph_adp,1504.0,0.3515662260815852,-0.7354089316244652,-0.5792882632728844,-1.1248579951152848,0.6178552543966737,0.16212559236958296,0.2572040320225251,-0.507998989044824,0.8059146389907584
safe_graph_adp,1506.0,0.3545729579596354,-0.7295867032674912,-0.5847916380207813,-1.1184181667154456,0.6246231722776152,0.1630059091908602,0.2604559505396407,-0.504852670438292,0.8066694196191391
safe_graph_adp,1508.0,0.3573423895585265,-0.7241265822642734,-0.5898704175349572,-1.1123778606478198,0.6308983573161362,0.1637941198206112,0.2634815485021772,-0.5019026587094668,0.8073677483597265
safe_graph_adp,1510.0,0.3598753651273529,-0.7190482619984128,-0.594524447345537,-1.1067580174584517,0.6366740929296206,0.16449530103655047,0.2662752874008423,-0.4991590816121874,0.808009268820953
safe_graph_adp,1512.0,0.36217275903901996,-0.7143703441410811,-0.5987536254769711,-1.1015788948645495,0.6419440491731476,0.16511439937112327,0.26883192204397116,-0.49663167254076146,0.8085936028932108
safe_graph_adp,1514.0,0.36423528441805175,-0.7101105883536177,-0.6025575573279118,-1.0968602444913538,0.6467019028211946,0.16565612071916028,0.2711463354938905,-0.494329872189825,0.8091203197777849
safe_graph_adp,1516.0,0.3660633102611325,-0.7062861726987285,-0.6059352235472402,-1.0926214986159797,0.6509409635554265,0.1661248275098431,0.27321337405021856,-0.4922629349336889,0.8095889060599775
safe_graph_adp,1518.0,0.36765668404686896,-0.7029139625226336,-0.6088846557159988,-1.0888819667269147,0.6546538026208699,0.1665244412491362,0.27502768135844363,-0.4904400396207103,0.8099987361040124
safe_graph_adp,1520.0,0.3690145563396875,-0.7000107864397305,-0.6114026137312906,-1.0856610420167867,0.6578318792735257,0.1668583479102157,0.27658353026816046,-0.48887040472353993,0.8103490420198677
safe_graph_adp,1522.0,0.3701352033981125,-0.6975937188330966,-0.6134842578665312,-1.0829784182550042,0.6604651593050133,0.16712930331784723,0.2778746506184504,-0.48756340802465675,0.8106388824079112
safe_graph_adp,1524.0,0.371015843262013,-0.6956803689609201,-0.6151228074872328,-1.08085431783338,0.6625417188482429,0.167339335311675,0.2788940506753175,-0.48652871124621916,0.8108671090187672
safe_graph_adp,1526.0,0.3716524401755527,-0.6942891773139243,-0.6163091772611466,-1.0793097321402965,0.664047325490352,0.16748963905378011,0.2796338294729726,-0.4857763902522477,0.8110323303650792
safe_graph_adp,1528.0,0.372039491456869,-0.6934397202813416,-0.6170315803365733,-1.0783666757966957,0.6649649873864448,0.16758046133484436,0.2800849768003957,-0.4853170716575787,0.8111328711790906
safe_graph_adp,1530.0,0.37216978999995565,-0.6931530244225911,-0.61727508628261,-1.0780484566799968,0.6652744595136858,0.16761096909312098,0.2802371570087575,-0.4851620768688245,0.8111667264130369
safe_graph_adp,1532.0,0.3713993519686983,-0.693346232271065,-0.6175220834534982,-1.079027640768375,0.6655884454300718,0.1678243781832772,0.28028236913352483,-0.4855328182198907,0.810885105345847
safe_graph_adp,1534.0,0.3691213145538302,-0.693911553856008,-0.6182525459447724,-1.081922153712369,0.6665174719296054,0.168455905922655,0.28041550061411863,-0.4866276705433202,0.810051396540178
safe_graph_adp,1536.0,0.36539934550094805,-0.6948197286553202,-0.6194423806770296,-1.0866512089528688,0.668032199007932,0.16948843971403604,0.2806289482979616,-0.48841347301922994,0.8086861823685227
safe_graph_adp,1538.0,0.3602926530526823,-0.6960379211907142,-0.6210639390761379,-1.093141515801667,0.6700994551621733,0.17090568632706346,0.28091154392421014,-0.4908588167322407,0.8068070233379333
safe_graph_adp,1540.0,0.353857005336714,-0.6975302731617645,-0.6230864609321944,-1.1013259033292473,0.6726826394160004,0.17269190130010556,0.28124904307680887,-0.49393367277400946,0.8044289961790982
safe_graph_adp,1542.0,0.3461457746305989,-0.6992583984434125,-0.6254764543224122,-1.111141932450802,0.6757420321862562,0.17483158514959315,0.281624565111502,-0.49760900013008,0.8015652213946036
safe_graph_adp,1544.0,0.33721098137992306,-0.7011818456968513,-0.6281980366906175,-1.122530507874448,0.679235051071891,0.1773091601634243,0.2820190044018711,-0.5018563444514934,0.7982273813971196
safe_graph_adp,1546.0,0.3271043158365471,-0.7032585498889882,-0.6312132591835676,-1.1354344990503658,0.6831164836338111,0.18010863988069245,0.2824114312478288,-0.5066474371614637,0.7944262305328297
safe_graph_adp,1548.0,0.3158781165940988,-0.7054452902358967,-0.6344824331224284,-1.1497973793515237,0.6873387254081905,0.18321330272095662,0.28277949829581384,-0.5119538036254038,0.7901720977123455
safe_graph_adp,1550.0,0.3035862856999384,-0.7076981680120791,-0.6379644740322635,-1.1655618948030955,0.6918520475770225,0.18660538131659188,0.28309986534773757,-0.5177463890652678,0.785475381226973
safe_graph_adp,1552.0,0.2902851199508771,-0.7099731133180183,-0.6416172749393716,-1.1826687772139917,0.6966049146968757,0.19026577962397764,0.28334865196066605,-0.5239952112917016,0.7803470337481386
safe_graph_adp,1554.0,0.2760340379292248,-0.7122264253107959,-0.645398116664042,-1.201055521021848,0.7015443684576805,0.19417383054405188,0.28350192324054263,-0.5306690499306523,0.7747990336186942
safe_graph_adp,1556.0,0.2608961827538744,-0.7144153456570045,-0.6492641186098613,-1.2206552479828328,0.7066164884512307,0.19830710726458275,0.2835362097320705,-0.5377351824028572,0.7688448364821673
safe_graph_adp,1558.0,0.24493888179100842,-0.7164986602013984,-0.6531727291586593,-1.2413956884005775,0.7117669352966072,0.20264130153865864,0.283429057397635,-0.54515917723834,0.7624997992171688
safe_graph_adp,1560.0,0.22823394698481964,-0.7184373192571787,-0.6570822503631409,-1.2631983112116982,0.7169415752279388,0.20715018134469398,0.2831595985518951,-0.5529047551391828,0.7557815662354238
safe_graph_adp,1562.0,0.21085780320782424,-0.7201950627659135,-0.6609523873880572,-1.2859776372077785,0.7220871785595375,0.21180563858376228,0.28270912957348376,-0.5609337273260462,0.7487104066780672
safe_graph_adp,1564.0,0.19289143712720383,-0.7217390331318396,-0.6647448093343181,-1.3096407692736807,0.7271521776032761,0.2165778344913755,0.2820616766493856,-0.5692060189440511,0.7413094901393266
safe_graph_adp,1566.0,0.1744201654106708,-0.7230403560951189,-0.6684237049626217,-1.3340871701641925,0.7320874630503688,0.2214354462255134,0.28120452719090433,-0.5776797825629737,0.7336050884912421
safe_graph_adp,1568.0,0.15553322835925207,-0.7240746688263815,-0.67195631468133,-1.359208711643671,0.7368471920684357,0.22634601275252636,0.2801287023827323,-0.5863116030932193,0.7256266923774644
safe_graph_adp,1570.0,0.13632322281111456,-0.7248225746820189,-0.6753134192015738,-1.384890008719478,0.7413895769709375,0.2312763719816692,0.2788293460272096,-0.595056790893509,0.7174070331189637
safe_graph_adp,1572.0,0.11688539585237608,-0.7252700058288262,-0.6784697656354982,-1.4110090395665247,0.7456776208238974,0.23619317457219066,0.2773060067294298,-0.6038697547531167,0.7089820041522202
safe_graph_adp,1574.0,0.09731682788303066,-0.725408478166864,-0.6814044135566035,-1.437438036379146,0.7496797661823504,0.2410634535743352,0.275562794628007,-0.6127044412074124,0.7003904805837453
safe_graph_adp,1576.0,0.077715539317363,-0.7252352274481867,-0.6841009865632326,-1.4640446160335912,0.7533704255173788,0.24585522376289046,0.2736084001341554,-0.6215148218002097,0.6916740407209024
safe_graph_adp,1578.0,0.05817955913509518,-0.7247532208737906,-0.6865478189695985,-1.4906931036442703,0.7567303667672349,0.2505380808513802,0.2714559700340077,-0.630255405978678,0.6828765991091326
safe_graph_adp,1580.0,0.03880599528302747,-0.7239710443203372,-0.6887379920665144,-1.5172459885107374,0.759746934502049,0.2550837692745263,0.26912284511708295,-0.6388817547829745,0.6740439661433177
safe_graph_adp,1582.0,0.01969014640031922,-0.7229026712184385,-0.6906692595446681,-1.543565442116715,0.7624140958441173,0.259466688197977,0.26663017232893627,-0.6473509697248333,0.6652233541568827
safe_graph_adp,1584.0,0.0009246915695376842,-0.7215671244951816,-0.6923438667261061,-1.5695148229237323,0.7647323097457572,0.2636643088550082,0.26400241237424904,-0.6556221323871001,0.6564628534965095
safe_graph_adp,1586.0,-0.01740100994193915,-0.7199880474823794,-0.6937682727939576,-1.5949600932993868,0.7667082276032725,0.2676574818965235,0.2612667698794608,-0.6636566732337755,0.6478109040559927
safe_graph_adp,1588.0,-0.035201483238629025,-0.7181932029589022,-0.6949527889011121,-1.6197710799619383,0.768354241604873,0.27143062057069833,0.2584525770466077,-0.6714186525836782,0.6393157878523656
safe_graph_adp,1590.0,-0.05239554814494561,-0.7162139213523753,-0.6959111476299575,-1.643822520079647,0.769687903931007,0.274971753433553,0.25559066288906634,-0.6788749421774237,0.6310251664879973
safe_graph_adp,1592.0,-0.06890656438846794,-0.714084519525924,-0.6966600206396288,-1.6669948493771374,0.7707312444283615,0.2782724480815003,0.25271273867357696,-0.6859953016649126,0.6229856839803742
safe_graph_adp,1594.0,-0.08466250798211601,-0.7118417106040631,-0.6972185014659747,-1.6891747046989296,0.7715100164164694,0.2813276143085124,0.2498508264491589,-0.692752350060056,0.615242650859336
safe_graph_adp,1596.0,-0.0995958817677403,-0.7095240231383115,-0.6976075694289241,-1.710255129823944,0.7720528998858656,0.2841352005148757,0.24703675209776074,-0.6991214372316583,0.6078398201372639
safe_graph_adp,1598.0,-0.11364346860074193,-0.7071712448371102,-0.6978495486277284,-1.7301354884466789,0.7723906887724772,0.2866958007621689,0.24430171788518798,-0.7050804244472522,0.6008192602812994
safe_graph_adp,1600.0,-0.12674593987872193,-0.7048239023756184,-0.6979675732899517,-1.7487211010229955,0.772555484675315,0.28901219146828677,0.24167596271628772,-0.7106093856574908,0.5942213251334366
safe_graph_adp,1602.0,-0.1388473349844197,-0.7025227847417126,-0.6979850675239934,-1.76592263195209,0.7725799138401834,0.29108881648695734,0.2391885118011979,-0.7156902425732364,0.5880847161965806
safe_graph_adp,1604.0,-0.14989442879645154,-0.7003085134110908,-0.6979252440338674,-1.7816552601289175,0.7724963779845413,0.29293123751363637,0.23686701165336005,-0.7203063467640923,0.5824466290489662
safe_graph_adp,1606.0,-0.1598360049023221,-0.6982211585660562,-0.6978106227820978,-1.7958376694681804,0.7723363430542148,0.29454556380482944,0.23473764150768286,-0.7244420212208647,0.5773429729300722
safe_graph_adp,1608.0,-0.16862205178968306,-0.6962998967014876,-0.6976625670793406,-1.8083908971146243,0.7721296636491354,0.29593787152990014,0.23282508842394686,-0.7280820723621912,0.572808650684948
safe_graph_adp,1610.0,-0.17620289841111844,-0.6945827013518717,-0.6975008312355317,-1.8192370764809247,0.7719039348841721,0.2971136191175317,0.23115257042072554,-0.731211281637155,0.5688778850766861
safe_graph_adp,1612.0,-0.1825283044658708,-0.693106055317606,-0.6973431107789638,-1.8282981108890282,0.771683858002113,0.29807706109066406,0.2297418897415958,-0.7338138839861889,0.5655845767156467
safe_graph_adp,1614.0,-0.1875465198914388,-0.6919046696099929,-0.6972045833530477,-1.835494312387432,0.7714906011788681,0.2988306594251699,0.22861349648147986,-0.7358730387588827,0.5629626781961649
safe_graph_adp,1616.0,-0.19120332780018084,-0.691011191281461,-0.6970974257318072,-1.840743040249223,0.7713411326519625,0.2993744886952484,0.2277865409489577,-0.7373702975185529,0.5610465681370561
safe_graph_adp,1618.0,-0.193441085847191,-0.690455879254902,-0.6970302899505874,-1.8439573757075234,0.771247499550269,0.2997056294429162,0.22727889095490167,-0.7382850727530019,0.5598714073397837
safe_graph_adp,1620.0,-0.1941977832305502,-0.6902662241159798,-0.6970077193496556,-1.8450448746616488,0.7712160226415075,0.29981754361631774,0.2271070873652646,-0.7385941121372016,0.5594734568543912
set_cover_cw_tour,2.0,-4.2998898292451136e-05,0.9614760602327005,-0.27488867519506704,1.5708410485514148,0.2784739151637128,-0.09813977489277363,0.0981353860077947,0.7002791910818481,0.7002478740666404
set_cover_cw_tour,4.0,-0.00016951901021878925,0.96133447846141,-0.2753833542257671,1.570972663972289,0.2789884526136995,-0.09832640128495224,0.09830906421342671,0.7002999981426458,0.70017652010421
set_cover_cw_tour,6.0,-0.0003747757617765765,0.9611032565135424,-0.2761890473248216,1.5711862700608683,0.2798266519481557,-0.09863041862190321,0.09859196585105393,0.7003335006627293,0.7000604635612412
set_cover_cw_tour,8.0,-0.0006539486180960748,0.9607862727222524,-0.27728921814539886,1.571476965700424,0.28097153620340903,-0.09904569016517226,0.0989782987470299,0.7003786623578646,0.699902119550053
set_cover_cw_tour,10.0,-0.0010021981321778229,0.9603872679878963,-0.27866698958730013,1.5718398618372666,0.28240583731353414,-0.09956599045158157,0.09946214402578546,0.7004344230346499,0.6997038762786059
set_cover_cw_tour,12.0,-0.0014146819802723985,0.9599098829090934,-0.2803052182324569,1.5722700911359448,0.28411205961514463,-0.10018502440992315,0.1000374839866435,0.7004997093416658,0.6994680978385268
set_cover_cw_tour,14.0,-0.0018865700205988952,0.9593576930753211,-0.28218656522016633,1.572762817085613,0.2860725403407188,-0.10089644563357279,0.10069822858494053,0.700573444950745,0.6991971268878413
set_cover_cw_tour,16.0,-0.0024130584050865824,0.9587342420638196,-0.28429356349282126,1.573313242540415,0.28826950703780807,-0.10169387381410414,0.10143824047072192,0.7006545600884556,0.698893287152007
set_cover_cw_tour,18.0,-0.00298938276652876,0.9580430717730682,-0.28660868133798545,1.573916617680391,0.2906851318490857,-0.10257091133322355,0.10225135854303337,0.70074200035346,0.6985588856818068
set_cover_cw_tour,20.0,-0.0036108304964665165,0.9572877498113552,-0.28911438214699364,1.5745682473829714,0.2933015825854645,-0.10352115900281714,0.10313141998211042,0.700834734770407,0.6981962148210775
set_cover_cw_tour,22.0,-0.004272752122681309,0.9564718937410548,-0.2917931803053299,1.5752634979985665,0.2961010705224054,-0.10453823093601836,0.10407228072591818,0.7009317630453383,0.6978075538509361
set_cover_cw_tour,24.0,-0.004970571789679092,0.9555991920563344,-0.29462769312704595,1.575997803527032,0.29906589484878,-0.10561576852631337,0.10506783436180067,0.7010321220010969,0.6973951702899559
set_cover_cw_tour,26.0,-0.0056997968412114365,0.9546734218434638,-0.2976006887452727,1.5767666711949062,0.302178483698772,-0.10674745350703543,0.10611202940865201,0.7011348911838456,0.6969613208415212
set_cover_cw_tour,28.0,-0.006456026500828756,0.9536984631380556,-0.3006951298739828,1.577565686436242,0.3054214317006246,-0.10792702006031689,0.10719888497013508,0.7012391976434105,0.6965082519902299
set_cover_cw_tour,30.0,-0.007234959644746106,0.9526783100519989,-0.3038942133628186,1.5783905172825603,0.3087775339816981,-0.10914826594273812,0.10832250474509342,0.7013442199007006,0.6960382002586641
set_cover_cw_tour,32.0,-0.008032401660901679,0.9516170787941695,-0.30718140547697464,1.5792369181699653,0.3122298165772639,-0.11040506259453224,0.10947708938740587,0.7014491911248547,0.6955533921440155
set_cover_cw_tour,34.0,-0.008844270388921188,0.9505190127529782,-0.3105404728475684,1.5801007331737225,0.31576156320055465,-0.11169136420020738,0.11065694721404756,0.7015534015509641,0.6950560437609589
set_cover_cw_tour,36.0,-0.009666601137639078,0.9493884848453569,-0.3139555090542019,1.5809778986826328,0.31935633834352034,-0.1130012156707118,0.11185650326692907,0.7016562001762081,0.6945483602227578
set_cover_cw_tour,38.0,-0.010495550779704295,0.9482299973658759,-0.31741095681992715,1.581864445527332,0.3229980066911228,-0.11432875952062489,0.11307030674103763,0.7017569957779828,0.6940325347969092
set_cover_cw_tour,40.0,-0.011327400926423358,0.9470481795914896,-0.3208916258189017,1.5827565005781832,0.32667074884639197,-0.1156682416181155,0.1142930367983315,0.7018552573021213,0.6935107478747259
set_cover_cw_tour,42.0,-0.012158560190161172,0.9458477834121739,-0.32438270611791153,1.583650287829728,0.33035907337837295,-0.11701401579034565,0.1155195067935608,0.7019505136726185,0.6929851657961634
set_cover_cw_tour,44.0,-0.012985565546119984,0.9446336772657978,-0.3278697772938885,1.584542128989718,0.3340478252200138,-0.11836054727238839,0.11674466694452104,0.7020423530764172,0.6924579395720153
set_cover_cw_tour,46.0,-0.013805082809942583,0.9434108386574287,-0.3313388132898068,1.5854284435915518,0.3377221904574813,-0.11970241499333788,0.11796360548501755,0.7021304217778535,0.6919312035454042
set_cover_cw_tour,48.0,-0.014613906252142714,0.9421843455394491,-0.33477618309021595,1.5863057486495227,0.3413676975658753,-0.12103431269889889,0.11917154834386845,0.702214422517365,0.6914070740334046
set_cover_cw_tour,50.0,-0.015408957374675262,0.9409593668199034,-0.3381686473144902,1.58717065787662,0.3449702151583975,-0.12235104891513748,0.12036385739745294,0.7022941125481141,0.6908876479877376
set_cover_cw_tour,52.0,-0.016187282878866498,0.939741152253091,-0.34150335084012384,1.5880198804847496,0.34851594632634686,-0.12364754576306708,0.12153602734651169,0.7023693013623682,0.6903750017109087
set_cover_cw_tour,54.0,-0.016946051857298743,0.938535021949143,-0.3447678115795779,1.5888502195871477,0.3519914196555186,-0.12491883663816297,0.1226836812700181,0.7024398481568981,0.6898711896610256
set_cover_cw_tour,56.0,-0.01768255224498147,0.9373463557188724,-0.34794990554195104,1.5896585702224633,0.35538347701041995,-0.12616006277260366,0.1238025649099054,0.7025056590834122,0.6893782433749429
set_cover_cw_tour,58.0,-0.018394186567164367,0.9361805824471229,-0.35103784831481954,1.5904419170194974,0.35867925818098,-0.12736646870091364,0.12488853974020413,0.7025666843262223,0.6888981705354407
set_cover_cw_tour,60.0,-0.019078467022408098,0.9350431696627902,-0.3540201731018126,1.5911973315209123,0.36186618248697805,-0.12853339665163815,0.12593757487269575,0.702622915045039,0.6884329542039578
set_cover_cw_tour,62.0,-0.019733009939999043,0.9339396134471233,-0.35688570544776094,1.5919219691833801,0.36493192743315805,-0.12965627988865663,0.12694573784852517,0.7026743802161091,0.6879845522360476
set_cover_cw_tour,64.0,-0.020355529650473773,0.9328754287943031,-0.35962353477559533,1.5926130660706315,0.36786440450291796,-0.13073063502570054,0.12790918436135165,0.7027211433998913,0.6875548968922701
set_cover_cw_tour,66.0,-0.02094383180692402,0.9318561405100128,-0.36222298284761906,1.593267935254703,0.37065173217055447,-0.1317520533365614,0.1288241469525854,0.7027632994582177,0.6871458946527571
set_cover_cw_tour,68.0,-0.02149580619291829,0.9308872747050011,-0.36467356924846167,1.5938839629393788,0.3732822062013779,-0.1327161910813696,0.1296869227131071,0.7028009712384181,0.6867594262391993
set_cover_cw_tour,70.0,-0.022009419050350195,0.9299743509117151,-0.36696497396808936,1.5944586043183775,0.37574426729565047,-0.13361875886620167,0.13049386001863628,0.7028343062362649,0.6863973468435617
set_cover_cw_tour,72.0,-0.022482704957365488,0.9291228748229824,-0.36908699714088655,1.5949893791792618,0.37802646611636437,-0.13445551004917933,0.1312413443176738,0.7028634732438247,0.6860614865584077
set_cover_cw_tour,74.0,-0.022913758282796536,0.9283383316224317,-0.3710295159712198,1.5954738672623587,0.3801174257224667,-0.13522222820118873,0.13192578298173,0.7028886589823852,0.6857536509993275
set_cover_cw_tour,76.0,-0.023300724239318765,0.9276261798467119,-0.3727824388472704,1.595909703382149,0.3820058014083953,-0.13591471362343915,0.13254358921743334,0.7029100647145549,0.6854756221055561
set_cover_cw_tour,78.0,-0.02364178955291532,0.9269918456893274,-0.3743356566134595,1.5962945723166557,0.38368023792783484,-0.13652876891734345,0.1330911650291324,0.7029279028233592,0.6852291591004115
set_cover_cw_tour,80.0,-0.023935172761274458,0.926440717624674,-0.3756789909376978,1.5966262034683008,0.3851293240545779,-0.13706018359471206,0.13356488320880516,0.7029423933396359,0.6850159995885838
set_cover_cw_tour,82.0,-0.02417911414853236,0.925978141198119,-0.37680213967315607,1.596902365297519,0.3863415444064023,-0.13750471770807274,0.1339610683175121,0.7029537603921734,0.6848378607624998
set_cover_cw_tour,84.0,-0.024371865318398203,0.9256094137930679,-0.3776946190754575,1.5971208595281128,0.3873052284291032,-0.13785808447213901,0.13427597660930457,0.7029622285477483,0.6846964406848289
set_cover_cw_tour,86.0,-0.024511678402248962,0.9253397791481157,-0.3783457026953276,1.5972795151208923,0.3880084964073687,-0.13811593183812979,0.13450577483445944,0.7029680190003711,0.6845934196085737
set_cover_cw_tour,88.0,-0.024596794893356255,0.9251744213556145,-0.3787443567240022,1.5973761820095596,0.3884392023372288,-0.13827382297289273,0.1346465178441763,0.702971345560483,0.6845304612899146
set_cover_cw_tour,90.0,-0.02462543409311485,0.9251184580261931,-0.37887917152433276,1.5974087245900535,0.3885848734615118,-0.13832721558471023,0.1346941249034888,0.7029724103853868,0.6845092142418711
set_cover_cw_tour,92.0,-0.024034964334380286,0.924956930485539,-0.3793112142241711,1.5967754357893569,0.3890517661186732,-0.13844861046237675,0.1348977631339354,0.7027233279667402,0.6847002994696636
set_cover_cw_tour,94.0,-0.022291698711069834,0.9244755411832926,-0.3805890880233342,1.59490446042323,0.3904332410724132,-0.1388072763565065,0.13550059084171376,0.7019867799589116,0.68526395693554
set_cover_cw_tour,96.0,-0.019449347492956685,0.9236781102979581,-0.38267541263908184,1.5918496283782075,0.3926904012254501,-0.1393911264142919,0.1364869470024945,0.7007824106271622,0.6861817835897982
set_cover_cw_tour,98.0,-0.015559012059695931,0.9225631491897822,-0.3855322981291681,1.5876597113634783,0.395784648482179,-0.1401866899610446,0.13784237885142364,0.6991273021577891,0.6874359504185958
set_cover_cw_tour,100.0,-0.010669756168400596,0.9211247480607964,-0.3891212597806003,1.5823792085097776,0.3996774781676545,-0.14117925178246,0.13955338712981225,0.6970363908898853,0.6890091006524838
set_cover_cw_tour,102.0,-0.004829195776967738,0.919353408796139,-0.39340308667201246,1.5760490960951745,0.40433023200633544,-0.14235295678085555,0.14160716655687441,0.694522863747636,0.6908842434208963
set_cover_cw_tour,104.0,0.0019159095720980165,0.917236838548218,-0.3983376850118275,1.5687075458986182,0.40970382801564037,-0.14369089279431638,0.14399134548531467,0.6915985379100217,0.6930446465517365
set_cover_cw_tour,106.0,0.009519078475001759,0.9147607176377268,-0.4038839147724224,1.5603906166266408,0.41575848328212944,-0.14517516283922186,0.14669372808465767,0.6882742265282957,0.6954737315902781
set_cover_cw_tour,108.0,0.01793355577837568,0.911909452743898,-0.4099994360648177,1.551132922351028,0.4224534438948411,-0.14678695671401285,0.14970204219028016,0.684560092814993,0.6981549736468446
set_cover_cw_tour,110.0,0.027111799604831604,0.9086669232837791,-0.41664057993932657,1.540968281043426,0.4297467350967486,-0.1485066307060148,0.15300369604594213,0.6804659941494983,0.7010718083326153
set_cover_cw_tour,112.0,0.0370050194079607,0.9050172254503112,-0.42376225666856765,1.5299303451734683,0.43759494377917824,-0.15031380298987862,0.15658554745425554,0.6760018170274921,0.704207547768909
set_cover_cw_tour,114.0,0.047562776848008435,0.9009454147020712,-0.43131791289699445,1.518053215008874,0.4459530445965562,-0.15218747111474426,0.1604336892425087,0.6711778027706472,0.7075453074253996
set_cover_cw_tour,116.0,0.05873266080488251,0.8964382437010123,-0.43925954717572513,1.5053720337709244,0.45477428004745,-0.1541061566758645,0.16453325536471788,0.6660048629527019,0.7110679453308489
set_cover_cw_tour,118.0,0.07046004701463655,0.8914848889345873,-0.4475377912265974,1.4919235622097828,0.46401010370073686,-0.15604808079902413,0.16886825231147576,0.6604948825342628,0.714758014985673
set_cover_cw_tour,120.0,0.08268795146207093,0.8860776557250517,-0.4561020617228152,1.4777467285323151,0.47361019421874023,-0.15799137239845207,0.17342142070677566,0.6546610077811327,0.7185977330737199
set_cover_cw_tour,122.0,0.09535698466905873,0.8802126482409373,-0.4649007844169558,1.4628831480138216,0.48352254585443316,-0.15991430929470415,0.1781741319603606,0.6485179152233519,0.7225689628106975
set_cover_cw_tour,124.0,0.10840541133247213,0.8738903887204572,-0.4738816891333169,1.4473776051426845,0.4936936386350459,-0.16179559022464124,0.18310632454952555,0.6420820572510401,0.7266532134726277
set_cover_cw_tour,126.0,0.1217693164087593,0.8671163686277255,-0.4829921705775467,1.431278489886209,0.5040686885015184,-0.16361463360323372,0.18819648387501603,0.6353718794947578,0.7308316563171435
set_cover_cw_tour,128.0,0.13538287481770625,0.8599015140945838,-0.4921797062699107,1.4146381787410183,0.5145919743241175,-0.16535189670403086,0.1934216686425236,0.628408004954336,0.7350851567439194
set_cover_cw_tour,130.0,0.14917871763062485,0.8522625488991156,-0.5013923193967623,1.3975133507610087,0.5252072350922761,-0.16698920684036808,0.19875758536280475,0.6212133799633062,0.739394322140857
set_cover_cw_tour,132.0,0.16308838317484875,0.8442222404551333,-0.510579071245903,1.3799652288534319,0.5358581268704778,-0.16851009430360078,0.204178710870854,0.613813377533996,0.7437395644344974
set_cover_cw_tour,134.0,0.17704283723546144,0.8358095177846094,-0.5196905653985615,1.362059737394223,0.5464887255545389,-0.16990011540729832,0.20965846080420297,0.6062358544291832,0.7481011759129359
set_cover_cw_tour,136.0,0.19097304279741553,0.8270594550467512,-0.528679444221607,1.3438675686991168,0.5570440583106664,-0.17114715314827914,0.21516939985291528,0.5985111594350003,0.752459416425861
set_cover_cw_tour,138.0,0.204810556863798,0.8180131196165,-0.5375008576108717,1.3254641531112454,0.5674706440884535,-0.1722416828495707,0.22068348742903424,0.5906720917262472,0.7567946096009451
set_cover_cw_tour,140.0,0.2184881300746228,0.808717289558585,-0.5461128844712515,1.306929530381554,0.5777170219937364,-0.17317699077307536,0.22617235035092859,0.582753809854063,0.761087245264361
set_cover_cw_tour,142.0,0.23194028431522307,0.7992240511861204,-0.5544768890742147,1.2883481235090588,0.5877342457552612,-0.17394933509487068,0.23160757235507654,0.5747936936590174,0.7653180848364057
set_cover_cw_tour,144.0,0.24510384431351168,0.7895902927641628,-0.5625577970976328,1.2698084200866735,0.5974763231063331,-0.17455804076595055,0.2369609888829121,0.5668311632143002,0.7694682661167441
set_cover_cw_tour,146.0,0.25791840132870664,0.7798771148912672,-0.5703242796207413,1.2514025702150642,0.606900580618869,-0.17500552250521645,0.24220497476766853,0.5589074606170863,0.7735194036073235
set_cover_cw_tour,148.0,0.2703266902609065,0.7701491813185087,-0.5777488373393881,1.233225913905617,0.6159679372626203,-0.175297233294427,0.24731271225095644,0.5510654019520935,0.777453680375733
set_cover_cw_tour,150.0,0.2822748655940827,0.7604740357142271,-0.584807781461874,1.2153764542769994,0.624643073515804,-0.17544153902381535,0.25225842722644587,0.5433491079372438,0.7812539274666057
set_cover_cw_tour,152.0,0.29371266619220476,0.7509214100584038,-0.5914811118152169,1.197954295450483,0.6328944869530737,-0.17544952310596496,0.25701758271837905,0.5358037225304606,0.7849036870457368
set_cover_cw_tour,154.0,0.30459346374060486,0.7415625489951372,-0.5977522963354767,1.1810610656014628,0.6406944295688816,-0.175334727672443,0.26156702028123113,0.5284751290561321,0.7883872558218662
set_cover_cw_tour,156.0,0.3148741942173862,0.7324695717485611,-0.6036079590913552,1.1647993459330581,0.6480187263366238,-0.17511284016271825,0.2658850421326693,0.5214096731567373,0.7916897058310405
set_cover_cw_tour,158.0,0.3245151758968922,0.7237148893713355,-0.609037486132705,1.1492721252977984,0.6548464783599212,-0.17480133553342606,0.2699514292513519,0.5146539010798483,0.7947968803689259
set_cover_cw_tour,160.0,0.33347982080874083,0.7153706904524794,-0.6140325596863028,1.1345822978003708,0.6611596572002609,-0.17441908485461563,0.2737473932157575,0.5082543204963506,0.7976953636839372
set_cover_cw_tour,162.0,0.3417342491720168,0.7075085032811483,-0.6185866315462266,1.120832217058933,0.6669425994003478,-0.17398594069244133,0.2772554620671083,0.5022571892645697,0.8003724239548579
set_cover_cw_tour,164.0,0.34924681805949664,0.7001988371372159,-0.6226943460053317,1.1081233160543678,0.6721814117897026,-0.17352230845378025,0.2804593028100189,0.49670833538160997,0.8028159300229533
set_cover_cw_tour,166.0,0.3559875764741062,0.693510900094793,-0.6263509214855539,1.096555795879337,0.6768632988758128,-0.1730487109001536,0.28334348522087793,0.4916530088851619,0.8050142432856999
set_cover_cw_tour,168.0,0.36192765926763987,0.6875123856428951,-0.6295514983261198,1.0862283804590391,0.6809758235957529,-0.17258535048642734,0.28589319337034824,0.48713576377708584,0.8069560870526332
set_cover_cw_tour,170.0,0.3670386320885043,0.6822693156271501,-0.6322904581822029,1.0772381276951122,0.6845061121124141,-0.17215167123435934,0.2880938926948854,0.4832003652188766,0.8086303964948814
set_cover_cw_tour,172.0,0.3712917990437158,0.6778459224957921,-0.6345607183861206,1.0696802806984687,0.6874400124339771,-0.171765918716905,0.28993096164314863,0.4798897143707303,0.8100261530896367
set_cover_cw_tour,174.0,0.3746574842653496,0.6743045495202465,-0.6363530026488888,1.0636481360040284,0.6897612157155686,-0.17144469361545722,0.291389298000457,0.4772457803670202,0.8111322081903645
set_cover_cw_tour,176.0,0.3771042983719116,0.671705543431539,-0.6376550878592353,1.0592328990457163,0.6914503485126356,-0.17120249143020946,0.29245291112665117,0.475309526085467,0.8119371010823714
set_cover_cw_tour,178.0,0.3785984012207235,0.6701071096169395,-0.6384510257129694,1.056523490847211,0.6924840443799212,-0.17105121849396038,0.2931045127312342,0.4741208116147444,0.8124288776638194
set_cover_cw_tour,180.0,0.37910277369128664,0.6695650955079271,-0.6387203377512208,1.055606264012689,0.6928340044692675,-0.17099967270732566,0.29332512067316685,0.47371825670584916,0.8125949167818064
set_cover_cw_tour,182.0,0.3783336262342258,0.6696245061600287,-0.639113986711603,1.0565145623279966,0.6933457183506762,-0.1712541613346933,0.29345527445174735,0.47404344608836946,0.8123046382624339
set_cover_cw_tour,184.0,0.37605911814968424,0.6697999488064393,-0.6402714801046294,1.0592049220917437,0.6948516348811017,-0.17200646507451192,0.2938357089810766,0.47500633369750545,0.8114452138298758
set_cover_cw_tour,186.0,0.372344630561939,0.6700819851168376,-0.642144539269448,1.0636101755367926,0.6972925273412492,-0.17323502855680184,0.2944449576192794,0.4765814218489966,0.810038233765477
set_cover_cw_tour,188.0,0.3672541993312174,0.6704562743046809,-0.6446803373138295,1.0696686947383218,0.7006050503379303,-0.17491934736860185,0.29525766768396405,0.4787439921379873,0.8081029152167137
set_cover_cw_tour,190.0,0.3608513129832883,0.6709044213523397,-0.6478221880486336,1.077322953332037,0.7047221464481991,-0.17703955593638138,0.2962451775184904,0.4814697688384952,0.8056566589593194
set_cover_cw_tour,192.0,0.3531997323488279,0.671404801101279,-0.6515102010919461,1.086518112813689,0.7095734086334933,-0.17957600525810868,0.29737606076591755,0.48473457923788704,0.8027155937877087
set_cover_cw_tour,194.0,0.3443642872189612,0.6719333641819782,-0.6556819288246898,1.0972006383812123,0.7150854391445461,-0.18250884334343215,0.29861666157343675,0.4885140180396617,0.799295105521686
set_cover_cw_tour,196.0,0.3344116099938032,0.6724644282561544,-0.6602730252187163,1.1093169514757693,0.7211822392772107,-0.18581761077388287,0.2999316401978799,0.4927831228961761,0.7954103472568027
set_cover_cw_tour,198.0,0.32341077078682295,0.6729714546851722,-0.665217930093587,1.1228121298234723,0.7277856575334215,-0.18948086393824076,0.3012845435984312,0.4975160684794749,0.7910767267431329
set_cover_cw_tour,200.0,0.3114337832483828,0.6734278069564332,-0.6704505854046577,1.1376286703835519,0.7348159164049554,-0.19347583891255102,0.3026384101425839,0.5026858870927031,0.7863103658106487
set_cover_cw_tour,202.0,0.29855595588964634,0.6738074834148746,-0.6759051830670727,1.1537053356648064,0.7421922301048813,-0.19777816932690218,0.3039564116064331,0.5082642244920622,0.7811285257129729
set_cover_cw_tour,204.0,0.28485607017710124,0.6740858134638885,-0.6815169369648756,1.1709761088225714,0.749833517198532,-0.20236167158719895,0.30520252938102466,0.5142211401438823,0.7755499912713463
set_cover_cw_tour,206.0,0.27041637419486525,0.6742401037902546,-0.687222865603444,1.1893692871702082,0.757659203435247,-0.20719821021411272,0.3063422554547733,0.5205249613855706,0.7695954058994252
set_cover_cw_tour,208.0,0.2553223890972363,0.6742502196424538,-0.6929625667651771,1.2088067465573522,0.7655901014900436,-0.21225765457705068,0.3073433026772608,0.5271422006923896,0.7632875491071943
set_cover_cw_tour,210.0,0.23966253455750977,0.6740990859711833,-0.6986789619147592,1.229203409798923,0.7735493462452869,-0.21750793576036284,0.308176303455538,0.5340375442885315,0.756651548045744
set_cover_cw_tour,212.0,0.22352758845316892,0.6737730944247202,-0.7043189862765648,1.2504669503670094,0.7814633572129401,-0.2229152086255286,0.3088154718745276,0.5411739185366645,0.7497150151824502
set_cover_cw_tour,214.0,0.20701000449578447,0.6732624047395254,-0.7098342006433663,1.2724977574287417,0.7892627942801398,-0.2284441193836634,0.3092392017499508,0.5485126378244726,0.7425081053880253
set_cover_cw_tour,216.0,0.19020311877032048,0.6725611327935307,-0.7151813030732319,1.2951891798452524,0.7968834696714674,-0.23405817338080206,0.3094305727265701,0.5560136340746931,0.7350634876381785
set_cover_cw_tour,218.0,0.173200281605212,0.6716674221822382,-0.720322522507066,1.3184280551268999,0.8042671782553452,-0.23972019169902484,0.3093777384925742,0.563635763700827,0.727416229193705
set_cover_cw_tour,220.0,0.15609395440498353,0.670583401227408,-0.7252258816372289,1.3420955151847367,0.8113624102822862,-0.2453928391056458,0.3090741755454783,0.571337183113782,0.7196035934583446
set_cover_cw_tour,222.0,0.13897481180007326,0.6693150323795158,-0.7298653225876278,1.3660680450735005,0.8181249152882099,-0.2510392004475956,0.3085187775084259,0.5790757791728729,0.7116647565663685
set_cover_cw_tour,224.0,0.12193088770228545,0.6678718655820792,-0.7342206955596158,1.3902187551835616,0.824518092919912,-0.2566233784105279,0.3077157882782526,0.586809636758933,0.7036404518675072
set_cover_cw_tour,226.0,0.10504679983573421,0.6662667109445456,-0.73827761697847,1.414418813097839,0.8305131952849257,-0.26211108318477694,0.3066745765682071,0.5944975224244787,0.6955725555178052
set_cover_cw_tour,228.0,0.08840308148227305,0.6645152487416565,-0.742027209322039,1.4385389701498703,0.8360893353403807,-0.2674701843732661,0.3054092638067771,0.6020993612684422,0.6875036299631206
set_cover_cw_tour,230.0,0.07207564211855813,0.6626355961722625,-0.7454657393191372,1.4624511109013243,0.8412333059495336,-0.27267119756383545,0.30393822593923464,0.6095766840633191,0.6794764448296813
set_cover_cw_tour,232.0,0.05613537097521992,0.6606478504562696,-0.7485941743114122,1.4860297521222996,0.8459392236776028,-0.27768768221261453,0.3022834966017978,0.6168930232986761,0.6715334962866677
set_cover_cw_tour,234.0,0.04064788995038251,0.6585736268337429,-0.7514176781801395,1.5091534216061482,0.8502080193962857,-0.28249653342004266,0.3004701037548867,0.6240142400413121,0.6637165461104989
set_cover_cw_tour,236.0,0.025673455313597264,0.6564356080585778,-0.7539450684002289,1.531705855827018,0.8540468037328712,-0.2870781571942133,0.298525373819406,0.6309087679920017,0.6560662004087494
set_cover_cw_tour,238.0,0.01126700166877956,0.6542571193121957,-0.7561882546712182,1.5535769680211537,0.8574681389955613,-0.29141652614543245,0.29647823663591316,0.6375477663413697,0.6486215453742793
set_cover_cw_tour,240.0,-0.00252168301844885,0.6520617393827859,-0.7581616774460777,1.574663553309157,0.860489250357233,-0.29549911950287394,0.29435856144970124,0.6439051784311778,0.641419853811684
set_cover_cw_tour,242.0,-0.01564766575945869,0.649872955732204,-0.7598817618315159,1.594869713372226,0.8631312079562504,-0.2993167572585391,0.2921965491465599,0.6499576982747196,0.6344963718923092
set_cover_cw_tour,244.0,-0.028070476498994648,0.6477138679369344,-0.7613663990689994,1.6141069984132046,0.8654181085386401,-0.30286334267911075,0.2900221997976967,0.65568465124174,0.6278841910828288
set_cover_cw_tour,246.0,-0.03975363246688129,0.645606941118604,-0.7626344643963893,1.6322942773989222,0.867376280805991,-0.30613553015709416,0.2878648679235687,0.6610677983753156,0.6216142058720944
set_cover_cw_tour,248.0,-0.050664095125265575,0.6435738084900505,-0.763705376759094,1.6493573580103025,0.8690335332774782,-0.3091323363897542,0.28575291139494535,0.6660910757486136,0.6157151541383232
set_cover_cw_tour,250.0,-0.06077167446059376,0.6416351200927428,-0.7645987027498982,1.6652283848747576,0.8704184577279671,-0.3118547123480043,0.28371343405850313,0.6707402810067608,0.6102137339949395
set_cover_cw_tour,252.0,-0.0700483932831217,0.6398104331967298,-0.7653338044089429,1.679845048485794,0.8715597955560236,-0.31430509172006704,0.28177211733305396,0.6750027189094935,0.6051347888506158
set_cover_cw_tour,254.0,-0.0784678216987519,0.6381181386401862,-0.7659295281527126,1.6931496380238789,0.8724858690857978,-0.316486928838567,0.2799531323222337,0.6788668165055248,0.6005015512261029
set_cover_cw_tour,256.0,-0.08600438920275524,0.6365754165367681,-0.7664039301170767,1.7050879696037344,0.8732240750141598,-0.3184042358801001,0.2782791214229533,0.6823217167740206,0.5963359355029948
set_cover_cw_tour,258.0,-0.09263267906991318,0.6351982141900778,-0.7667740315491041,1.715608217929677,0.8738004330612819,-0.32006112567953815,0.27677123684579774,0.6853568574033558,0.5926588700878359
set_cover_cw_tour,260.0,-0.09832670700013366,0.6340012386284571,-0.7670555964909532,1.7246596746149252,0.8742391793494955,-0.3214613630791913,0.2754492226897484,0.6879615390555495,0.5894906602713919
set_cover_cw_tour,262.0,-0.10305918340767388,0.6329979558067224,-0.7672629227714931,1.7321914511508287,0.8745623910211038,-0.32260792451384723,0.27433152696766905,0.6901244851586009,0.586851374145985
set_cover_cw_tour,264.0,-0.10680075637400596,0.6322005881076355,-0.7674086361478479,1.7381511392670868,0.8747896259509266,-0.32350256262606364,0.27343542997989134,0.6918333931075565,0.584761245114078
set_cover_cw_tour,266.0,-0.1095192301609477,0.6316201012050079,-0.7675034761997689,1.7424834367004116,0.8749375589139151,-0.32414537016647327,0.27277717539750007,0.6930744748312663,0.5832410855891123
set_cover_cw_tour,268.0,-0.1111787523401957,0.6312661705072385,-0.7675560611455058,1.7451287426297029,0.8750195930083654,-0.32453433528153647,0.272372090064962,0.6938319830648787,0.582312707274428
set_cover_cw_tour,270.0,-0.11173896108794813,0.6311471161602038,-0.7675726169800771,1.7460217246708045,0.875045422275446,-0.3246648785369155,0.27223467758489633,0.6940877184219741,0.5819993437286985
set_cover_cw_tour,272.0,-0.11171695998316923,0.6304341114493027,-0.7681615402851455,1.7461820261035286,0.8759647400333777,-0.3250057280098573,0.27247612141496486,0.6939850454082149,0.5818185256325189
set_cover_cw_tour,274.0,-0.11165619962054966,0.6283247321717961,-0.7698966969844309,1.746665022317506,0.8786792616667759,-0.32601333068191235,0.27318682605279765,0.6936836871957373,0.5812806623374043
set_cover_cw_tour,276.0,-0.11156445777914567,0.624876612059123,-0.7727111953776505,1.7474731550200535,0.883101346170039,-0.32765717439448605,0.27433902050536413,0.693195737665582,0.5803951646751104
set_cover_cw_tour,278.0,-0.11144815470219326,0.6201442801720138,-0.7765309913863134,1.7486115169006742,0.8891413101468092,-0.3299062077475792,0.2759028181358809,0.6925328239843767,0.5791699377026699
set_cover_cw_tour,280.0,-0.11131251406251311,0.6141802682429789,-0.7812759578497633,1.7500876970914876,0.8967074057826674,-0.332728891829513,0.277846358001273,0.6917063382510565,0.5776116580459987
set_cover_cw_tour,282.0,-0.111161720748651,0.6070362525055493,-0.7868608898555183,1.7519116771846395,0.9057057486931632,-0.33609324000698876,0.28013591381497194,0.6907276816266857,0.575726040445696
set_cover_cw_tour,284.0,-0.1109990735617762,0.5987641780937746,-0.7931964855570869,1.7540957677744264,0.9160402384631327,-0.33996685945801197,0.28273598760384205,0.6896085107469079,0.5735180883715598
set_cover_cw_tour,286.0,-0.11082713146463566,0.5894173193085976,-0.8001903340020966,1.756654577332595,0.9276125084592528,-0.3443170059488564,0.28560940232479576,0.6883609772757247,0.5709923236630221
set_cover_cw_tour,288.0,-0.1106478522742165,0.5790512336955077,-0.8077479319334799,1.7596050063811206,0.9403219349530697,-0.349110660813968,0.2887174048434505,0.6869979521640305,0.5681529902842423
set_cover_cw_tour,290.0,-0.1104627227402591,0.567724572673848,-0.815773740976691,1.7629662605156704,0.954065728704408,-0.35431463626107595,0.2920197877725164,0.6855332267070825,0.565004227560336
set_cover_cw_tour,292.0,-0.11027287889436857,0.555499717009202,-0.8241722857406966,1.766759875918759,0.9687391249358714,-0.35989571206182724,0.2954750357693202,0.683981683003502,0.5615502087902079
set_cover_cw_tour,294.0,-0.11007921546970467,0.54244321215056,-0.832849282831748,1.771009750606576,0.9842356801682145,-0.36582080348872353,0.29904049908534625,0.6823594270189571,0.5577952420019486
set_cover_cw_tour,296.0,-0.10988248314548209,0.5286259865481451,-0.8417127813237619,1.7757421737660057,1.000447676870603,-0.3720571571350779,0.30267259457028517,0.6806838782201564,0.5537438308927901
set_cover_cw_tour,298.0,-0.10968337241323856,0.5141233454399772,-0.8506742875446893,1.7809858441181765,1.0172666295899186,-0.37857256814210316,0.3063270321161908,0.6789738106889731,0.5494006957073074
set_cover_cw_tour,300.0,-0.10948258302299396,0.499014742890687,-0.8596498417334553,1.78677186622683,1.0345838795116085,-0.3853356095045765,0.3099590628617141,0.6772493417208946,0.5447707559480774
set_cover_cw_tour,302.0,-0.1092808782559868,0.48338334549907086,-0.8685610116403603,1.793133710967875,1.0522912586567459,-0.3923158616793165,0.3135237445423781,0.6755318650782649,0.5398590793409166
set_cover_cw_tour,304.0,-0.10907912367482842,0.46731541141818517,-0.8773357686937105,1.8001071228897847,1.0702818005061068,-0.3994841288038975,0.3169762193331991,0.6738439271928225,0.53467080432391
set_cover_cw_tour,306.0,-0.1088783104915552,0.45089951735299716,-0.8859092158654512,1.8077299528168191,1.088450471065579,-0.4068126265358959,0.320272000509908,0.6722090455618396,0.5292110464126653
set_cover_cw_tour,308.0,-0.10867956422549536,0.43422567327087097,-0.8942241424789509,1.8160418886836358,1.1066948934394454,-0.41427512589036586,0.32336726632543433,0.6706514692311971,0.5234848020294133
set_cover_cw_tour,310.0,-0.10848413984530159,0.41738436909721544,-0.902231389298413,1.825084051184068,1.1249160399067712,-0.4218470374867944,0.32621916266298717,0.6691958815131114,0.5174968666967603
set_cover_cw_tour,312.0,-0.10829340505232192,0.40046559933561066,-0.909890016524494,1.8348984133928066,1.143018868193094,-0.42950542128783464,0.3287861202137328,0.6678670449131039,0.5112517878288532
set_cover_cw_tour,314.0,-0.10810881372222413,0.38355791030188346,-0.9171672769132279,1.845526995244563,1.1609128828390036,-0.4372289081864198,0.33102819697893515,0.66668938769564,0.5047538756512915
set_cover_cw_tour,316.0,-0.10793187174764525,0.3667475107379884,-0.9240384052779079,1.857010775034229,1.1785126079117307,-0.4449975216693442,0.33290746255941117,0.6656865307681062,0.4980072989769518
set_cover_cw_tour,318.0,-0.10776409760167503,0.35011748046426533,-0.9304862433918362,1.8693882516948237,1.1957379633250727,-0.45279239031416124,0.334388446594274,0.6648807529061929,0.4910162955266869
set_cover_cw_tour,320.0,-0.10760697987173698,0.33374710409951486,-0.9365007252469542,1.8826935847926103,1.2125145432249211,-0.4605953452228645,0.33543867931022087,0.664292392217827,0.4837855289517885
set_cover_cw_tour,322.0,-0.10746193381204865,0.31771134846859905,-0.9420782514396772,1.8969542359169655,1.228773800755689,-0.4683884009413589,0.3360293566859679,0.6639391827202541,0.476320626214709
set_cover_cw_tour,324.0,-0.10733025865736749,0.30208049385497626,-0.9472209830915256,1.9121880382646534,1.2444531485615296,-0.4761531243508121,0.33613616517415923,0.6638355276653202,0.46862892872962547
set_cover_cw_tour,326.0,-0.10721309706438488,0.28691992137714983,-0.9519360853202241,1.9283996345166179,1.2594959881425218,-0.3897658260127706,0.4533474910701612,0.5899852547925097,0.5426564772859439
set_cover_cw_tour,328.0,-0.10711139763452188,0.2722900519639414,-0.956234948168207,1.9455762512675687,1.273851683260185,-0.39442707256235693,0.45730560283837735,0.5868792758565337,0.5393251205095387
set_cover_cw_tour,330.0,-0.10702588105482498,0.2582464269917637,-0.9601324094782063,1.9636828264819401,1.2874754925793417,-0.3988475019376631,0.46107729322677193,0.5838841239476252,0.5361042153076894
set_cover_cw_tour,332.0,-0.10695700999814067,0.24483991677274947,-0.9636459999226743,1.9826565794943325,1.3003284742936712,-0.40301904417573897,0.46465347837651727,0.5810126074636193,0.5330076406887648
set_cover_cw_tour,334.0,-0.10690496256822161,0.23211704073828104,-0.9667952256694228,2.002401213732417,1.3123773703350512,-0.40693494083478227,0.46802620370692755,0.5782767105182366,0.5300485568735016
set_cover_cw_tour,336.0,-0.10686960877031726,0.2201203822216494,-0.9696008993662671,2.022781069099038,1.3235944697955606,-0.41058951948488104,0.4711884526343828,0.5756876292653635,0.5272394542368923
set_cover_cw_tour,338.0,-0.10685048923607834,0.20888908099958353,-0.9720845255373424,2.0436156852480005,1.3339574405760082,-0.4139779660349095,0.4741339483526145,0.5732558273908774,0.5245922216536959
set_cover_cw_tour,340.0,-0.1068467952299008,0.19845938795625767,-0.9742677422973252,2.0646753808224663,1.3434491056736293,-0.41709609757076194,0.4768569515312836,0.5709911079791362,0.5221182316068756
set_cover_cw_tour,342.0,-0.1068573488039743,0.18886526812605453,-0.9761718176132004,2.085678568961687,1.3520571272466013,-0.4199401374522069,0.47935205584764684,0.5689026990238504,0.5198284395400414
set_cover_cw_tour,344.0,-0.1068805818398157,0.18013904070790762,-0.9778171952049204,2.10629158047005,1.3597735497008703,-0.4225064935097247,0.4816139823321067,0.5669993500367677,0.5177334951712215
set_cover_cw_tour,346.0,-0.10691451260153059,0.17231204720897794,-0.9792230825413728,2.1261317173908956,1.3665941452263686,-0.42479153932492164,0.4836373726076199,0.5652894374724895,0.5158438637971748
set_cover_cw_tour,348.0,-0.10695671831610919,0.16541534148982778,-0.9804070711734245,2.144774087328704,1.3725175043895388,-0.4267913977821976,0.48541658024725187,0.563781076996309,0.5141699559689027
set_cover_cw_tour,350.0,-0.10700430217417539,0.15948039800490926,-0.9813847777342043,2.1617624729847518,1.3775438230300927,-0.4285017253487257,0.48694545866444067,0.5624822409402499,0.5127222642777253
set_cover_cw_tour,352.0,-0.1070538529964035,0.15453983685017675,-0.9821694921880567,2.1766241044639627,1.3816733559711598,-0.4299174948702018,0.48821714317880294,0.561400879590093,0.5115115063283799
set_cover_cw_tour,354.0,-0.10710139562229166,0.1506281662547366,-0.9827718181686392,2.188887785447023,1.384904537093376,-0.4310327740519728,0.48922382415218174,0.5605450451953536,0.5105487732645287
set_cover_cw_tour,356.0,-0.10714232983552122,0.14778254480515549,-0.9831992883481602,2.198104451882833,1.3872318010924414,-0.43184049621767606,0.48995650734661056,0.5599230177680422,0.5098456834265744
set_cover_cw_tour,358.0,-0.10717135533056288,0.14604356688140058,-0.9834559355503266,2.20386897298174,1.3886431799204944,-0.4323322193899137,0.49040475689769764,0.5595434318061392,0.5094145408330136
set_cover_cw_tour,360.0,-0.10718237983602263,0.14545607539721236,-0.9835417975778797,2.205841860780719,1.3891177809093422,-0.4324978692135376,0.490556415504131,0.5594154030108124,0.5092684981497858
set_cover_cw_tour,362.0,-0.10649508295669739,0.14532513477385345,-0.9836358078623447,2.2032019426745517,1.3896388314521015,-0.4327308908007823,0.4904116284628529,0.5592351706990195,0.5094079256042379
set_cover_cw_tour,364.0,-0.10446120945105752,0.14493145795439846,-0.983911951454618,2.1953215962811217,1.3911779974111662,-0.4334216534772586,0.4899846267266857,0.558699982367137,0.5098186594971887
set_cover_cw_tour,366.0,-0.10113179182373587,0.14427473314538763,-0.9843562170567867,2.182170826805874,1.3936820024241499,-0.4345540621380783,0.4892883902491175,0.5578196546190313,0.5104868961760206
set_cover_cw_tour,368.0,-0.09654984418605027,0.1433530016306739,-0.9849507827861885,2.163522458132189,1.3970890101863804,-0.43611379338252154,0.4883340689236394,0.5566010772730389,0.511399879867489
set_cover_cw_tour,370.0,-0.09075168970622272,0.14216289733681514,-0.9856743079923854,2.1389481122631584,1.4013264030868435,-0.4380879383400038,0.4871312826868199,0.5550486089352941,0.5125457183782669
set_cover_cw_tour,372.0,-0.08376821225648123,0.14069987547363003,-0.9865021194387055,2.1078030298430264,1.4063070821643424,-0.44046465246893285,0.4856883941405418,0.5531644329902478,0.5139132064825555
set_cover_cw_tour,374.0,-0.07562605538762647,0.1389584384499678,-0.9874063257494629,2.069202715689458,1.4119240710559895,-0.4432328099595293,0.48401275966490126,0.5509488870806255,0.5154916570436098
set_cover_cw_tour,376.0,-0.0663487895324521,0.13693236660417504,-0.9883558899018907,2.0219971382241084,1.4180430742640264,-0.44638166061366547,0.4821109640927488,0.5484007777782473,0.5172707398467077
set_cover_cw_tour,378.0,-0.05595806541241197,0.13461496062952427,-0.9893166870572899,1.9647547940386534,1.4244926049185522,-0.4499004877008852,0.4799890431454663,0.545517690974826,0.5192403282299052
set_cover_cw_tour,380.0,-0.04447476801549673,0.13199930184867142,-0.9902515737535746,1.8957820358603368,1.431051515188821,-0.45377826624948286,0.47765269697567386,0.5422963074552634,0.5213903538346918
set_cover_cw_tour,382.0,-0.03192018117130703,0.1290785356182093,-0.9911204940251461,1.8132253357980364,1.4374345772736798,-0.45800332249395254,0.47510749731103274,0.5387327320522679,0.5237106701212484
set_cover_cw_tour,384.0,-0.018317167586023374,0.12584618203822626,-0.9918806479804044,1.7153333711484406,1.4432787736186667,-0.4625629967388829,0.47235908983004377,0.5348228436108018,0.5261909256676065
set_cover_cw_tour,386.0,-0.0036913631417135532,0.12229647671599657,-0.9924867483352157,1.6009708897819237,1.4481368084653319,-0.4674433136788235,0.46941339251654896,0.5305626716015376,0.5288204486648604
set_cover_cw_tour,388.0,0.011927622707688552,0.1184247425100403,-0.9928913899203546,1.4704158349917664,1.4514895949016429,-0.4726286661759514,0.4662767898334793,0.5259488035053803,0.531588144396191
set_cover_cw_tour,390.0,0.02850501641636734,0.11422779090473371,-0.993045555764753,1.326245595894291,1.4527919206630737,-0.47810152055075533,0.4629563216381872,0.5209788249507418,0.5344824078070666
set_cover_cw_tour,392.0,0.045999724086264335,0.10970434891783273,-0.9928992804975246,1.1737581659472884,1.4515559073017397,-0.4838421534500897,0.4594598648544701,0.5156517919534266,0.537491053495695
set_cover_cw_tour,394.0,0.06436324245283047,0.10485550426125102,-0.9924024870218116,1.0202711899719865,1.447450042829348,-0.48982843213762184,0.4557963050574078,0.5099687314626253,0.5406012655331233
set_cover_cw_tour,396.0,0.08353867826674582,0.0996851579722953,-0.991506005283621,0.8732954392452049,1.4403659109762879,-0.4960356513721566,0.45197569436732626,0.5039331627982032,0.5437995694198123
set_cover_cw_tour,398.0,0.10345992409320927,0.09420047011321772,-0.9901627722435721,0.7385871181425028,1.4304154256132715,-0.5024364406315129,0.4480093914505131,0.49755162860303886,0.5470718281653159
set_cover_cw_tour,400.0,0.12405104309083673,0.08841228070632266,-0.9883291998764286,0.6192045909380491,1.417867766326474,-0.5090007550226398,0.44391017905450075,0.49083421986082304,0.5504032639181939
set_cover_cw_tour,402.0,0.14522591639873403,0.08233548522873094,-0.9859666835539106,0.5157616335616461,1.4030687967968491,-0.5156959615354864,0.4396923544305071,0.4837950756838998,0.5537785057722603
set_cover_cw_tour,404.0,0.16688820324907253,0.07598934220155419,-0.9830432073352989,0.4272781844393975,1.3863786883540596,-0.5224870291643062,0.4353717882688385,0.4764528353940791,0.5571816633554928
set_cover_cw_tour,406.0,0.18893165496240755,0.06939769015614063,-0.9795349867943247,0.35201738209855865,1.3681379962901508,-0.5293368267784951,0.4309659484260011,0.4688310184022314,0.5605964246204905
set_cover_cw_tour,408.0,0.21124080916107,0.0625890529723327,-0.9754280757662264,0.28805189413729737,1.3486557461867987,-0.5362065265977165,0.4264938857538905,0.46095830704523844,0.5640061749790931
set_cover_cw_tour,410.0,0.23369207011471094,0.05559661654154191,-0.9707198527869068,0.23356356458935465,1.3282095945343964,-0.543056104049489,0.4219761807117246,0.4528687092906625,0.5673941336601446
set_cover_cw_tour,412.0,0.25615515620475127,0.04845806595560026,-0.9654202980016332,0.18696524793502373,1.3070507939846565,-0.5498449172175913,0.41743485106977374,0.44460158232959573,0.5707435020325293
set_cover_cw_tour,414.0,0.27849486802021445,0.04121528069822216,-0.9595529735889364,0.1469264996592277,1.2854100397822814,-0.5565323417655049,0.4128932227839172,0.43620150454692774,0.5740376177386901
set_cover_cw_tour,416.0,0.3005731032703808,0.03391389502174253,-0.953155631213952,0.112355587536908,1.2635025263586748,-0.5630784309801808,0.40837576789020164,0.42771799186484755,0.5772601079237055
set_cover_cw_tour,418.0,0.32225102063836014,0.026602740927924626,-0.9462803886125173,0.0823660836245208,1.241531725800892,-0.023947687751914977,0.5811651203691094,0.03349018583374027,0.812743513397995
set_cover_cw_tour,420.0,0.34339123698810425,0.019333200837428288,-0.9389934428446023,0.056241424325849464,1.2196919242795514,-0.016103767726159235,0.5725147568472027,0.02304852919681611,0.819412159513803
set_cover_cw_tour,422.0,0.3638599334990231,0.012158504984248133,-0.9313743176353074,0.033402915679593664,1.1981697435637284,-0.009417296285458097,0.5638083060406931,0.013792290963166674,0.8257368111451635
set_cover_cw_tour,424.0,0.3835287478206115,0.005133013808469494,-0.923514673280504,0.013382849113501226,1.1771449165963082,-0.003714878913609932,0.5551618249850273,0.005565444186061202,0.8317154402708675
set_cover_cw_tour,426.0,0.4022763413435844,-0.0016884725402363228,-0.9155167361963956,-0.004197270511277962,1.1567905680717558,0.001147283066358693,0.546679742923745,-0.0017572720438215385,0.8373391513678062
set_cover_cw_tour,428.0,0.41998955188736226,-0.00825133728041835,-0.9074914279146319,-0.019644002702468903,1.1372732121956952,0.005288902637826049,0.5384577308750533,-0.008276238107226422,0.8425952785605725
set_cover_cw_tour,430.0,0.4365640700204434,-0.014501667569585893,-0.8995562875133979,-0.033205520781651586,1.1187526360814042,0.008809977498917137,0.5305845402645353,-0.01407162471252325,0.8474694208682048
set_cover_cw_tour,432.0,0.4519046086242734,-0.020386645468990536,-0.8918332856485365,-0.04508215214613074,1.1013817944484776,0.011794207792115707,0.5231431782640258,-0.01920704880186148,0.8519467125206207
set_cover_cw_tour,434.0,0.46592456677434435,-0.025854792036845264,-0.8844466223604853,-0.05543451590809444,1.0853068015579233,0.014311637202924379,0.5162116716016647,-0.023732398004476032,0.8560125352047971
set_cover_cw_tour,436.0,0.4785452175396221,-0.030856057935933153,-0.8775205857748354,-0.06438974112453887,1.0706670704667556,0.016420665989848638,0.5098635875204028,-0.02768597751594767,0.8596528197465886
set_cover_cw_tour,438.0,0.4896944727474363,-0.03534176447142679,-0.8711775267100597,-0.07204613571388326,1.0575956180647648,0.018169553207174147,0.5041684203552222,-0.03109610172998883,0.8628540454271335
set_cover_cw_tour,440.0,0.4993052951003539,-0.03926440867953992,-0.8655359775860241,-0.07847657876453933,1.0462195270241739,0.019597495290156017,0.4991919079100246,-0.03398222369081364,0.865603018553268
set_cover_cw_tour,442.0,0.5073138394074809,-0.042577354592971815,-0.8607089155001852,-0.08373082614724918,1.0366605324837803,0.020735340714082468,0.4949963086735325,-0.03635566937681781,0.8678864933556758
set_cover_cw_tour,444.0,0.5136574112850576,-0.04523444009552532,-0.8568021412561814,-0.08783684732618151,1.0290356813690618,0.02160597535266806,0.4916406455920926,-0.038220020398498825,0.8696906849401048
set_cover_cw_tour,446.0,0.5182723354580108,-0.047189535147126656,-0.8539127204061884,-0.09080124505946723,1.0234579947205569,0.02222438934613834,0.4891809021640991,-0.0395711666357302,0.8710007142633104
set_cover_cw_tour,448.0,0.5210918292121401,-0.048396093153841795,-0.8521274104826052,-0.09260874352679202,1.0200370469610218,0.02259741210479175,0.4876701400806211,-0.040397027955993405,0.8718000181074994
set_cover_cw_tour,450.0,0.5220439822513752,-0.0488067435463106,-0.851520981761184,-0.09322065741556276,1.0188793591641254,0.022723075332317308,0.4871584928069948,-0.04067691925809631,0.8720697523553546
set_cover_cw_tour,452.0,0.5220660771433958,-0.05024051156958784,-0.8514240436429616,-0.09593857499441362,1.0186945035950261,0.02338121315135182,0.4870465628868907,-0.041864149440400254,0.8720586892195209
set_cover_cw_tour,454.0,0.522117165031018,-0.05447317611938077,-0.851132386332138,-0.10395522946785114,1.0181386636204433,0.025320654863796956,0.4867065982179091,-0.04536633923562556,0.872019178087717
set_cover_cw_tour,456.0,0.5221653475208795,-0.061362262618690155,-0.8506338945602355,-0.11697849000804711,1.0171897967913408,0.028465129075267184,0.4861177813188022,-0.05105711434506855,0.8719360126678839
set_cover_cw_tour,458.0,0.5221701895857774,-0.07075611580298906,-0.8499010914126581,-0.13468361072231702,1.0157975624942122,0.03272642305859006,0.4852399986017609,-0.058796674770555446,0.8717878618257304
set_cover_cw_tour,460.0,0.5220849274263712,-0.08249388794884614,-0.8488946265616739,-0.1567129302093804,1.0138904845585697,0.03800384831644994,0.48401926440916043,-0.0684316298770506,0.8715492936296408
set_cover_cw_tour,462.0,0.5218587009480253,-0.096405293386594,-0.8475668207592156,-0.18267501635835334,1.0113834199463858,0.04418355447302713,0.4823934795870657,-0.07979461371465268,0.87119295451016
set_cover_cw_tour,464.0,0.5214387935385323,-0.1123103964515013,-0.8458652135192619,-0.21214467388448716,1.008185169493853,0.05113830593811441,0.48029836893656075,-0.09270426110817784,0.8706918343679616
set_cover_cw_tour,466.0,0.5207728505210056,-0.1300196611768024,-0.8437360522507592,-0.24466498443149648,1.0042060104851487,0.05872822668224497,0.4776733661047815,-0.10696602289336822,0.8700215058556091
set_cover_cw_tour,468.0,0.519811032160486,-0.1493344425493246,-0.841127644958084,-0.27975216771078026,0.9993648553027267,0.06680284579836532,0.47446712578518485,-0.12237414134081818,0.869162180420595
set_cover_cw_tour,470.0,0.5185080414127925,-0.17004804147115996,-0.837993481228877,-0.31690355253465613,0.9935956766467037,0.07520454720663954,0.4706422798468103,-0.13871490083693383,0.868100395568301
set_cover_cw_tour,472.0,0.5168249545516902,-0.19194738037800788,-0.8342950134806416,-0.3556083828076569,0.9868528165397387,0.08377326720994821,0.46617905001784066,-0.1557710372585949,0.8668301546305457
set_cover_cw_tour,474.0,0.5147307776594929,-0.2148152872981787,-0.8300039872633472,-0.39536064758189954,0.9791148330708703,0.09235203869389134,0.4610774038272381,-0.17332697092543775,0.8653533901122873
set_cover_cw_tour,476.0,0.5122036559323383,-0.23843330839933918,-0.8251042190507164,-0.4356727245229368,0.9703866399349852,0.10079280328019194,0.4553575883070101,-0.1911743675419234,0.8636797084412078
set_cover_cw_tour,478.0,0.5092316765709343,-0.2625849093878871,-0.8195927433417834,-0.4760884516993187,0.9606998460331686,0.10896184509361861,0.44905906901453313,-0.20911746519679716,0.8618254780402245
set_cover_cw_tour,480.0,0.5058132287250993,-0.28705888119370043,-0.8134802864080428,-0.516194329536949,0.9501113779396456,0.11674425745504514,0.44223809615939424,-0.22697764635039444,0.85981241716657
set_cover_cw_tour,482.0,0.5019569129323296,-0.3116527405754827,-0.8067910676570712,-0.5556278707832064,0.9387006327548447,0.12404701837780148,0.43496427041130636,-0.24459686629103658,0.8576658986445376
set_cover_cw_tour,484.0,0.49768102394221175,-0.3361759144573409,-0.7995619756758087,-0.5940825722659322,0.9265655323572848,0.13080047656853724,0.4273165582607126,-0.26183973545875966,0.8554132026690664
set_cover_cw_tour,486.0,0.4930126604798228,-0.3604525175176688,-0.7918412083377462,-0.6313094644051427,0.9138179138882981,0.13695828050538567,0.41937920334686224,-0.27859424538249133,0.8530819184819941
set_cover_cw_tour,488.0,0.48798653945427567,-0.38432357208133,-0.7836864993440217,-0.6671156018301573,0.9005786922943652,0.1424959708606268,0.41123791022438155,-0.29477128670741604,0.8506986352496548
set_cover_cw_tour,490.0,0.48264360752537655,-0.407648571455391,-0.7751630733628049,-0.7013601289611763,0.8869731791453651,0.14740857321890985,0.4029765677755544,-0.31030320987889526,0.8482879913710046
set_cover_cw_tour,492.0,0.47702954849513673,-0.4303063449474007,-0.7663414769934711,-0.7339486722142928,0.8731268560025528,0.15170756900868787,0.3946746601358959,-0.32514172048361734,0.8458720871107183
set_cover_cw_tour,494.0,0.47119328099952584,-0.4521952375002562,-0.7572954239416667,-0.7648267969877377,0.8591618004446341,0.15541760091369156,0.3864054065730661,-0.33925539239832364,0.8434702186953582
set_cover_cw_tour,496.0,0.4651855291001708,-0.4732326631260016,-0.7480997728020418,-0.7939731642388156,0.8451938656306738,0.15857320673222275,0.37823459128542597,-0.35262704009344126,0.8410988661606584
set_cover_cw_tour,498.0,0.459057531134816,-0.4933541252281314,-0.7388287286163098,-0.8213928730488664,0.8313306316627062,0.16121579526605415,0.37021999315314325,-0.365251134292939,0.8387718598785618
set_cover_cw_tour,500.0,0.4528599323842468,-0.5125118169488923,-0.7295543291137958,-0.8471113190122993,0.817670084833402,0.16339099723959807,0.3624113010501546,-0.3771313864941644,0.8365006564331992
set_cover_cw_tour,502.0,0.4466418873358505,-0.5306729214584706,-0.7203452470224269,-0.8711687579676677,0.8042999400989904,0.1651464547565054,0.3548503960789784,-0.388278576198413,0.8342946674582565
set_cover_cw_tour,504.0,0.44045037958458266,-0.5478177277426259,-0.7112659139131463,-0.8936156527001158,0.791297500564391,0.16653005952871813,0.3475718910327631,-0.3987086539963958,0.8321616003311214
set_cover_cw_tour,506.0,0.4343297529976773,-0.5639376649034914,-0.7023759504454677,-0.9145087996822486,0.7787299414942406,0.16758861367897396,0.34060383344793776,-0.40844112444969455,0.83010778400398
set_cover_cw_tour,508.0,0.42832143724871735,-0.5790333404124074,-0.6937298732821316,-0.9339081808419217,0.7666549110013671,0.1683668652608791,0.33396849727044736,-0.41749769365418127,0.8281384650567704
set_cover_cw_tour,510.0,0.4224638441749892,-0.5931126479941458,-0.6853770401423313,-0.9518744562016273,0.7551213510698437,0.16890686053612597,0.3276832064816218,-0.42590115531943334,0.8262580677677673
set_cover_cw_tour,512.0,0.4167924081912315,-0.6061889911440266,-0.6773617906923455,-0.9684670008660946,0.7441704576263648,0.16924755312368825,0.32176115037666425,-0.43367448393082786,0.8244704178181653
set_cover_cw_tour,514.0,0.4113397435356531,-0.6182796502567371,-0.669723741154836,-0.9837423886640163,0.7338367145155168,0.169424613428187,0.31621216385024686,-0.44084010215192315,0.8227789327228402
set_cover_cw_tour,516.0,0.40613589268958755,-0.6294043058887386,-0.6624981935054214,-0.9977532302890159,0.7241489517997377,0.16947038793387426,0.3110434569049303,-0.44741929056740176,0.821186783842955
set_cover_cw_tour,518.0,0.40120864319751925,-0.6395837181425171,-0.6557166248545166,-1.0105472827213442,0.7151313928023175,0.16941396533588798,0.3062602858796412,-0.45343171006686417,0.8196970354636707
set_cover_cw_tour,520.0,0.39658389372090364,-0.6488385524982511,-0.6494072281959458,-1.0221667567697736,0.7068046662603791,0.16928131395263651,0.3018665649748844,-0.45889500987678233,0.81831276637171
set_cover_cw_tour,522.0,0.39228605402107547,-0.6571883353060077,-0.6435954814619912,-1.0326477592923313,0.6991867697284108,0.1690954617405133,0.2978654209519031,-0.46382449697122285,0.8170371789761469
set_cover_cw_tour,524.0,0.3883384673504809,-0.6646505171199587,-0.6383047272800435,-1.0420198151614446,0.692293978070179,0.16887669614529716,0.2942596968103953,-0.4682328450224457,0.8158737005041219
set_cover_cw_tour,526.0,0.3847638472210422,-0.6712396185767601,-0.6335567506739929,-1.0503054208489688,0.68614169671904,0.16864276580945867,0.2910524121609116,-0.4721298229987105,0.8148260803083424
set_cover_cw_tour,528.0,0.3815847235889971,-0.6769664310641368,-0.6293723460208546,-1.0575195863661224,0.6807452636435117,0.16840906976772488,0.2882471892010562,-0.47552202485604383,0.8138984869223361
set_cover_cw_tour,530.0,0.37882389608680633,-0.6818372424959271,-0.6257718677754401,-1.0636693250619111,0.6761207068927456,0.1681888222180709,0.28584865391541486,-0.4784125824132788,0.8130956082308534
set_cover_cw_tour,532.0,0.37650489402207443,-0.6858530566536911,-0.6227757617764321,-1.06875305134513,0.6722854664426497,0.16799318227512613,0.28386282252678235,-0.48080084336042017,0.8124227580023307
set_cover_cw_tour,534.0,0.37465244444099416,-0.6890087723622677,-0.6204050753195276,-1.0727598445905884,0.6692590899804757,0.1678313382951974,0.282297483456792,-0.4826819953276331,0.8118859920620259
set_cover_cw_tour,536.0,0.37329295059872236,-0.6912922858593469,-0.618681944576257,-1.0756685330619566,0.6670639123289411,0.16771053534838581,0.28116258518247,-0.4840466148979342,0.8114922375676302
set_cover_cw_tour,538.0,0.37245498363497775,-0.6926834757371797,-0.6176300572398727,-1.077446544221482,0.6657257273820125,0.16763603206041217,0.2804706404225167,-0.48488011718722224,0.8112494391816425
set_cover_cw_tour,540.0,0.37216978999995504,-0.6931530244225912,-0.6172750862826103,-1.0780484566799977,0.6652744595136862,0.16761096909312115,0.2802371570087576,-0.4851620768688247,0.8111667264130368
set_cover_cw_tour,542.0,0.37174958453698437,-0.6931975679699525,-0.6174782410394091,-1.0785459058788502,0.6655327067518502,0.16774333631732916,0.28030018223220865,-0.4853421633982549,0.8110098429671638
set_cover_cw_tour,544.0,0.3705081749533904,-0.6933266729574079,-0.6180791347865738,-1.0800152002884602,0.6662968604346513,0.16813486610919412,0.2804865857362338,-0.48587363351527446,0.8105459606186058
set_cover_cw_tour,546.0,0.3684831782640009,-0.6935313070466183,-0.6190593456872046,-1.0824121429728701,0.6675443763949782,0.16877454088822932,0.2807900459015861,-0.48673952067875553,0.8097880855384129
set_cover_cw_tour,548.0,0.36571123809836775,-0.6938012569093842,-0.620399150740487,-1.085694801123753,0.6692515358548261,0.16965172545474155,0.281203086811767,-0.4879233596768553,0.8087483608016853
set_cover_cw_tour,550.0,0.3622282272777611,-0.6941253694414575,-0.6220777144866796,-1.0898231453324223,0.6713935960980866,0.17075608492024377,0.28171724969090184,-0.4894091106505002,0.807438216275147
set_cover_cw_tour,552.0,0.35806945513878813,-0.6944917792645048,-0.6240732599868656,-1.0947586969247682,0.6739449189917924,0.17207749989142898,0.2823232493977522,-0.4911810819647888,0.8058685138411287
set_cover_cw_tour,554.0,0.3532698730991028,-0.6948881243593334,-0.6263632263989574,-1.1004641853829988,0.6768790837900984,0.17360598122726983,0.2830111194631722,-0.49322385354993803,0.8040496874146947
set_cover_cw_tour,556.0,0.34786427292468614,-0.6953017513678913,-0.6289244168954825,-1.106903217429412,0.6801689897971794,0.17533158632944038,0.28377034872177315,-0.49552220204949465,0.8019918773264135
set_cover_cw_tour,558.0,0.3418874729853596,-0.6957199117296914,-0.6317331400508567,-1.1140399591062327,0.6837869536316451,0.1772443386586599,0.2845900121190032,-0.49806102890050113,0.7997050586973514
set_cover_cw_tour,560.0,0.335374488513165,-0.6961299494101174,-0.634765347186502,-1.1218388320973431,0.6877048050265526,0.17933415196881708,0.2854588977857078,-0.5008252923109877,0.7971991634429929
set_cover_cw_tour,562.0,0.32836068254094025,-0.6965194805590098,-0.6379967675177164,-1.1302642255569932,0.691893984313635,0.181590760594976,0.2863656319731588,-0.503799943979893,0.7944841955237424
set_cover_cw_tour,564.0,0.3208818948246033,-0.6968765650300941,-0.641403042310862,-1.1392802247986318,0.6963256439756267,0.18400365700158813,0.2872988029403576,-0.506969871310649,0.7915703390238568
set_cover_cw_tour,566.0,0.3129745466649572,-0.69718986931444,-0.6449598586463955,-1.1488503583201284,0.700970755905456,0.18656203767708912,0.2882470843895217,-0.5103198457913051,0.7884680585986036
set_cover_cw_tour,568.0,0.30467572015919264,-0.6974488201110316,-0.648643082805334,-1.1589373647701002,0.7058002252867464,0.1892547583367673,0.2891993585629171,-0.5138344781417465,0.7851881917900244
set_cover_cw_tour,570.0,0.29602321103762835,-0.6976437474888836,-0.6524288927665902,-1.1695029815671019,0.7107850113105036,0.19207029925614244,0.2901448386535282,-0.5174981807541975,0.781742032682438
set_cover_cw_tour,572.0,0.28705555487969003,-0.6977660163994535,-0.6562939088325832,-1.180507756945342,0.7158962542750472,0.19499674139354514,0.2910731897535337,-0.5212951378699578,0.7781414063560324
set_cover_cw_tour,574.0,0.2778120271502516,-0.6978081451836377,-0.6602153210022013,-1.1919108871965913,0.721105407989898,0.19802175376739994,0.2919746471793315,-0.5252092838377661,0.7743987336056336
set_cover_cw_tour,576.0,0.26833261814312953,-0.6977639096891343,-0.6641710113937427,-1.2036700807908742,0.7263843758314581,0.20113259232813227,0.2928401306816265,-0.5292242896833091,0.7705270854258987
set_cover_cw_tour,578.0,0.2586579845479035,-0.6976284316721518,-0.6681396697938765,-1.2157414508754774,0.7317056482923013,0.2043161103070188,0.2936613527855155,-0.5333235580829234,0.7665402268263304
set_cover_cw_tour,580.0,0.2488293799512081,-0.6973982502988709,-0.6721009002770126,-1.2280794373650514,0.7370424394405197,0.20755877973825787,0.29443091931922116,-0.5374902266769455,0.7624526496308931
set_cover_cw_tour,582.0,0.23888856712429607,-0.6970713757791318,-0.6760353168042993,-1.2406367594435435,0.7423688193738327,0.21084672354277453,0.2951424200899061,-0.5417071794810601,0.7582795940373345
set_cover_cw_tour,584.0,0.22887771541501548,-0.6966473244458449,-0.6799246257702755,-1.2533643988066396,0.7476598395260413,0.21416575724243686,0.2957905076566568,-0.5459570659609687,0.754037058858702
set_cover_cw_tour,586.0,0.21883928693593122,-0.6961271349236036,-0.6837516936113783,-1.2662116133940196,0.7528916475686673,0.21750143905359456,0.2963709622363039,-0.5502223271325527,0.7497418005404134
set_cover_cw_tour,588.0,0.20881591550581788,-0.6955133653911483,-0.6875005978133736,-1.2791259807141897,0.7580415886518866,0.2208391268031517,0.2968807409547083,-0.5544852278440559,0.7454113212352831
set_cover_cw_tour,590.0,0.19885028244815647,-0.6948100723152927,-0.6911566599400647,-1.2920534691781838,0.763088289844793,0.22416403983379188,0.297318009917032,-0.5587278941979694,0.7410638464191007
set_cover_cw_tour,592.0,0.18898499337185004,-0.6940227713986801,-0.6947064596362534,-1.3049385351652296,0.7680117248589494,0.22746132383256484,0.29768215790279207,-0.5629323548885888,0.7367182927322099
set_cover_cw_tour,594.0,0.17926245995608708,-0.6931583818208932,-0.6981378289148451,-1.3177242428812803,0.7727932564591496,0.2307161163428778,0.2979737908779439,-0.5670805850774507,0.7323942269281641
set_cover_cw_tour,596.0,0.16972479053876505,-0.6922251551442724,-0.7014398264014243,-1.3303524034800678,0.7774156543644491,0.2339136106159994,0.2981947069356443,-0.57115455131355,0.7281118169882763
set_cover_cw_tour,598.0,0.1604136929769497,-0.6912325904872374,-0.7046026915601442,-1.3427637294359827,0.781863086899973,0.2370391154334417,0.298347851705673,-0.5751362559377864,0.7238917766096022
set_cover_cw_tour,600.0,0.15137039282357148,-0.6901913377271978,-0.7076177792444016,-1.3548979998258195,0.7861210851521007,0.2400781085912629,0.29843725468429294,-0.5790077793991345,0.7197553043826961
set_cover_cw_tour,602.0,0.14263556936505842,-0.6891130905743528,-0.7104774751890235,-1.366694232024319,0.7901764788813704,0.24301628188251095,0.2984679473063786,-0.5827513189587713,0.7157240190342429
set_cover_cw_tour,604.0,0.1342493115095814,-0.6880104713527639,-0.7131750932752425,-1.378090855371314,0.7940173039341644,0.24583957564159237,0.2984458638865634,-0.586349222370263,0.7118198921097615
set_cover_cw_tour,606.0,0.12625109492479616,-0.6868969092357664,-0.715704755547035,-1.3890258826422426,0.7976326813432766,0.24853420121741804,0.2983777267760516,-0.5897840152984462,0.7080651794062592
set_cover_cw_tour,608.0,0.11867978121572609,-0.6857865135121213,-0.7180612560328518,-1.3994370756554273,0.8010126686997553,0.25108665011079606,0.2982709172014472,-0.5930384214736382,0.70448235232971
set_cover_cw_tour,610.0,0.1115736393232505,-0.6846939432131015,-0.720239909429809,-1.4092621020760305,0.80414808469985,0.25348368893383505,0.2981333332620789,-0.5960953748658153,0.7010940301458286
set_cover_cw_tour,612.0,0.10497038872311633,-0.6836342741167409,-0.7222363856412903,-1.4184386814165846,0.8070303080135229,0.255712339812578,0.2979732364598224,-0.5989380234983421,0.6979229138157987
set_cover_cw_tour,614.0,0.09890726342120112,-0.6826228637728096,-0.7240465310303871,-1.4269047193689295,0.8096510517837636,0.257759846346967,0.297799087923853,-0.6015497248948924,0.6949917217649347
set_cover_cw_tour,616.0,0.09342109517423572,-0.6816752147703153,-0.7256661770706215,-1.4345984309084394,0.812002115155308,0.2596136257549488,0.29761937518208503,-0.6039140335586741,0.6923231275275203
set_cover_cw_tour,618.0,0.08854841381187915,-0.6808068360080096,-0.7270909368546437,-1.4414584540612363,0.8140751132614523,0.26126120835377176,0.297442429937314,-0.6060146813131234,0.6899396987530625
set_cover_cw_tour,620.0,0.0843255619856284,-0.6800331012366304,-0.7283159896763894,-1.4474239577893941,0.8158611870904678,0.262690166069154,0.2972762368510435,-0.6078355517826084,0.6878638365573339
set_cover_cw_tour,622.0,0.0807888211065323,-0.6793691036280273,-0.7293358536503383,-1.452434749097465,0.8173506946383616,0.2638880322144221,0.29712823284875195,-0.609360650756932,0.6861177136667339
set_cover_cw_tour,624.0,0.07797454463566104,-0.6788295045990376,-0.730144146093555,-1.4564313861641143,0.8185328847699228,0.26484221535376795,0.2970050959694024,-0.6105740746628338,0.684723209249065
set_cover_cw_tour,626.0,0.07591929423248735,-0.6784283745853783,-0.7307333311959175,-1.459355306020244,0.8193955553002726,0.26553991066693805,0.29691252232744686,-0.6114599798587883,0.6837018377620746
set_cover_cw_tour,628.0,0.07465997351630092,-0.6781790229322112,-0.7310944543691029,-1.4611489769883794,0.8199246970274485,0.2659680128796619,0.2968549893820719,-0.6120025559757243,0.6830746685999962
set_cover_cw_tour,630.0,0.07423395332089273,-0.678093813555269,-0.7312168626286073,-1.4617560877146165,0.8201041258534522,0.26611303552757304,0.2968355034684663,-0.6121860070437545,0.6828622327986423
set_cover_cw_tour,632.0,0.0738449171274013,-0.6781619333724791,-0.73119308006774,-1.4623338593759914,0.820069262130991,0.26618810097285167,0.29674671427658816,-0.6123878909664594,0.6826905253950487
set_cover_cw_tour,634.0,0.07269514170289783,-0.6783610470015886,-0.7311235916612895,-1.4640408320129201,0.8199674040077441,0.266410054902422,0.2964846757800423,-0.6129839036843906,0.6821827126938482
set_cover_cw_tour,636.0,0.07081929798741154,-0.6786808823684913,-0.7310108664993267,-1.4668241578704622,0.819802191836247,0.2667716880341435,0.29605735286692547,-0.6139547172387577,0.6813534438579726
set_cover_cw_tour,638.0,0.06825186309798519,-0.6791103994825255,-0.7308561749744875,-1.470630800940194,0.8195755205378314,0.26726496529665184,0.2954719736670163,-0.6152807336723015,0.6802171490590135
set_cover_cw_tour,640.0,0.0650271816066514,-0.679637956746539,-0.7306597795155315,-1.4754075490365222,0.819287819217381,0.26788115517510297,0.29473516176652254,-0.6169421314962499,0.6787880946992059
set_cover_cw_tour,642.0,0.06117953446614401,-0.6802514669596854,-0.7304211157008688,-1.4811009992414192,0.8189383178184432,0.2686109461836397,0.2938530687508747,-0.6189189015958567,0.6770804433916269
set_cover_cw_tour,644.0,0.05674321092625058,-0.6809385444007874,-0.7301389640083016,-1.4876575272438168,0.8185253008152585,0.26944455356267427,0.2928315043510015,-0.6211908761374431,0.6751083157675785
set_cover_cw_tour,646.0,0.0517525794609576,-0.6816866441615186,-0.7298116124664942,-1.4950232496236278,0.8180463480293099,0.270371818895083,0.29167606189074663,-0.6237377535386378,0.6728858515958285
set_cover_cw_tour,648.0,0.046242154345833744,-0.68248319465206,-0.7294370104258315,-1.5031439867241854,0.8174985626290734,0.2713823048869144,0.2903922370678408,-0.6265391220648701,0.6704272680665537
set_cover_cw_tour,650.0,0.04024665509718917,-0.6833157239419946,-0.7290129135804906,-1.5119652324169728,0.816878786262229,0.2724653870855485,0.28898553837399293,-0.6295744841256664,0.6677469134252264
set_cover_cw_tour,652.0,0.033801056519625665,-0.6841719803382904,-0.7285370202660529,-1.5214321357812153,0.8161838011136302,0.27361034382759825,0.2874615876947623,-0.6328232828682852,0.6648593144495731
set_cover_cw_tour,654.0,0.02694062761535396,-0.6850400473507273,-0.728007098941627,-1.5314894984909038,0.8154105185088142,0.2748064452339994,0.28582620984724094,-0.6362649322072402,0.6617792165560429
set_cover_cw_tour,656.0,0.019700958093732183,-0.6859084529619867,-0.7274211066538302,-1.5420817905189041,0.8145561535161001,0.27604304161318866,0.2840855100295485,-0.6398788509900801,0.658521615608634
set_cover_cw_tour,658.0,0.01211797168708114,-0.6867662729124187,-0.7267772981816205,-1.5531531856325855,0.813618384860319,0.2773096512068824,0.2822459383826571,-0.6436445015868252,0.6551017807875795
set_cover_cw_tour,660.0,0.004227925930625558,-0.6876032275346143,-0.726074325483491,-1.5646476170739751,0.8125954993635643,0.2785960468281529,0.2803143411094508,-0.6475414328080187,0.6515352681605491
set_cover_cw_tour,662.0,-0.003932601500422101,-0.6884097715353559,-0.7253113270176319,-1.5765088528011606,0.8114865200843387,0.27989234060902174,0.2782979978608661,-0.651549326710453,0.6478379248841428
set_cover_cw_tour,664.0,-0.012326739388140528,-0.6891771760260378,-0.7244880064851541,-1.5886805887322535,0.8102913173429499,0.281189065804302,0.2762046453827872,-0.6556480485466567,0.6440258842453723
set_cover_cw_tour,666.0,-0.02091736160419918,-0.689897602049379,-0.7236047005582784,-1.6011065575972478,0.8090107019004747,0.2824772543978542,0.2740424877144493,-0.6598176988603561,0.6401155520261561
set_cover_cw_tour,668.0,-0.02966713651794362,-0.6905641648407763,-0.7226624351995798,-1.6137306502860727,0.8076464996991873,0.28374850913226235,0.2718201935306372,-0.6640386665307517,0.6361235849316128
set_cover_cw_tour,670.0,-0.03853858559922375,-0.6911709880958294,-0.7216629702531826,-1.6264970460014208,0.8062016077680858,0.28499506853564077,0.2695468815148055,-0.6682916814275449,0.6320668620571352
set_cover_cw_tour,672.0,-0.047494149358513246,-0.6917132475885408,-0.7206088320907713,-1.6393503470977122,0.8046800311384967,0.28620986354878775,0.26723209492599476,-0.6725578652582399,0.6279624505717899
set_cover_cw_tour,674.0,-0.056496258542724206,-0.6921872035929207,-0.7195033342194366,-1.6522357142229813,0.8030869008890688,0.2873865644574435,0.26488576676655595,-0.6768187791690297,0.623827566959
set_cover_cw_tour,676.0,-0.06550740833907022,-0.6925902216982023,-0.7183505858985106,-1.6650989972823713,0.8014284737320212,0.2885196169995668,0.2625181771586472,-0.6810564666977594,0.6196795352735865
set_cover_cw_tour,678.0,-0.07449023323565065,-0.6929207817672475,-0.71715548896147,-1.677886857806874,0.7997121138472518,0.2896042667346573,0.2601399046856056,-0.6852534907667304,0.6155357439428324
set_cover_cw_tour,680.0,-0.08340758014845921,-0.6931784749607945,-0.7159237231890041,-1.6905468785282656,0.7979462579515584,0.29063657101698104,0.2577617735427533,-0.6893929635369976,0.6114136026563866
set_cover_cw_tour,682.0,-0.0922225774504155,-0.6933639889281046,-0.7146617207225455,-1.7030276563133955,0.7961403648412683,0.2916133981911718,0.2553947983672965,-0.6934585681150214,0.607330500856156
set_cover_cw_tour,684.0,-0.10089869762668074,-0.6934790814383773,-0.7133766301363006,-1.715278875074909,0.7943048508541556,0.2925324139104962,0.2530501285785266,-0.6974345712966425,0.6033037692558847
set_cover_cw_tour,686.0,-0.10939981142768633,-0.693526542888329,-0.712076270893048,-1.7272513558239653,0.7924510128491852,0.29339205474888114,0.25073899396061594,-0.7013058267414163,0.5993506456961454
set_cover_cw_tour,688.0,-0.11769023159082084,-0.6935101482615682,-0.7107690789886096,-1.7388970816341998,0.7905909403918503,0.29419148952282836,0.2484726530669584,-0.7050577681816416,0.5954882464809269
set_cover_cw_tour,690.0,-0.12573474444593696,-0.6934345992279133,-0.7094640446370332,-1.7501691959156396,0.7887374188533258,0.2949305689460013,0.246262345825497,-0.7086763924750787,0.5917335441549849
set_cover_cw_tour,692.0,-0.13349862800012777,-0.6933054571499117,-0.7081706428596397,-1.7610219730249281,0.7869038250812566,0.29560976439786363,0.24411925148858077,-0.7121482324998911,0.5881033524752055
set_cover_cw_tour,694.0,-0.1409476554045728,-0.6931290678054142,-0.7068987578141238,-1.7714107608400145,0.785104017179633,0.29623009669178196,0.24205445280894386,-0.7154603200581072,0.584614319112773
set_cover_cw_tour,696.0,-0.14804808303189312,-0.6929124786365459,-0.7056586016342039,-1.7812918954844106,0.7833522197484026,0.29679305577433157,0.2400789070454833,-0.7186001390953057,0.5812829264034752
set_cover_cw_tour,698.0,-0.15476662272846609,-0.6926633492958583,-0.7044606284466638,-1.7906225888851133,0.7816629056857628,0.29730051227618526,0.23820342411763645,-0.7215555696568814,0.5781255002472082
set_cover_cw_tour,700.0,-0.16107039814604926,-0.6923898561803618,-0.7033154440929128,-1.799360790282829,0.7800506753544553,0.29775462176889456,0.23643865194262506,-0.7243148230849475,0.5751582270490773
set_cover_cw_tour,702.0,-0.16692688539629993,-0.6921005915254257,-0.7022337119093945,-1.8074650231834848,0.7785301335656486,0.2981577224664854,0.2347950687106884,-0.7268663690165428,0.5723971783957782
set_cover_cw_tour,704.0,-0.17230383860816378,-0.6918044574762818,-0.7012260547190465,-1.8148941995531014,0.7771157644480845,0.2985122269535109,0.23328298158217958,-0.7291988547770836,0.5698583429723336
set_cover_cw_tour,706.0,-0.17716920130212777,-0.6915105553691377,-0.7003029529589553,-1.8216074133273776,0.7758218038539068,0.29882050833101764,0.23191253102682005,-0.7313010177784508,0.5675576650435868
set_cover_cw_tour,708.0,-0.18149100483037192,-0.6912280702416006,-0.6994746386222552,-1.8275637155522784,0.7746621085131696,0.29908478095897556,0.23069369976649967,-0.7331615915357474,0.5655110886477256
set_cover_cw_tour,710.0,-0.18523725547431935,-0.6909661503588467,-0.6987509844305173,-1.8327218737179087,0.7736500206930855,0.29930697574931386,0.22963632502313258,-0.7347692059191308,0.5637346064688952
set_cover_cw_tour,712.0,-0.18837581215042648,-0.690733781294044,-0.6981413873821684,-1.8370401181259175,0.772798226651774,0.2994886097400794,0.2287501125040881,-0.736112282267169,0.5622443121639749
set_cover_cw_tour,714.0,-0.1908742570637207,-0.6905396538460377,-0.6976546455493341,-1.8404758784772122,0.7721186067057327,0.29963064947193263,0.22804465026926626,-0.7371789240173843,0.56105645470413
set_cover_cw_tour,716.0,-0.19269976208186462,-0.690392024822315,-0.6972988267273483,-1.8429855143242684,0.7716220742623392,0.2997333675086562,0.22752942030375958,-0.7379568035712981,0.5601874930422747
set_cover_cw_tour,718.0,-0.1938189540982288,-0.6902985694702464,-0.6970811272869178,-1.8445240436493455,0.7713184007120404,0.2997961913116398,0.22721380525463217,-0.7384330462207285,0.5596541491188288
set_cover_cw_tour,720.0,-0.19419778323054984,-0.6902662241159794,-0.6970077193496562,-1.8450448746616486,0.7712160226415083,0.29981754361631807,0.22710708736526494,-0.7385941121372014,0.5594734568543912
set_cover_cw_tour,722.0,-0.19383559248463036,-0.6906056266410604,-0.6967722953288547,-1.8444306571225755,0.7708877582258756,0.2996265799880064,0.22710728535168306,-0.7384714464232889,0.5597375423556791
set_cover_cw_tour,724.0,-0.19276128304768098,-0.6916117332983027,-0.69607204951925,-1.8426113336814693,0.7699119856904895,0.29905978811195116,0.22710630723992012,-0.7381079641459558,0.5605199386378638
set_cover_cw_tour,726.0,-0.19099735249688365,-0.6932604837723079,-0.6949171986495706,-1.8396328066771537,0.7683047469456914,0.298128652694866,0.2271000330744854,-0.7375122041200467,0.5618012372662614
set_cover_cw_tour,728.0,-0.18856153895920405,-0.6955295536396527,-0.6933131947678206,-1.8355377925752885,0.7660765409646489,0.29684247333011754,0.2270822504533857,-0.7366915372180054,0.5635634627507861
set_cover_cw_tour,730.0,-0.1854675241557884,-0.69839789653938,-0.6912612932841614,-1.8303665482482327,0.763233080034156,0.2952087321524658,0.22704484221395077,-0.7356523647089951,0.5657897510410025
set_cover_cw_tour,732.0,-0.18172557174404508,-0.7018452820184736,-0.6887590410896319,-1.8241575672509431,0.7597759676241055,0.2932334386519334,0.2269779368737209,-0.7344003009562101,0.5684640398339549
set_cover_cw_tour,734.0,-0.1773431209245236,-0.705851828843771,-0.6858007095203781,-1.8169482475163616,0.7557033233739215,0.29092145865273267,0.22687003573811265,-0.7329403436477279,0.5715707694005219
set_cover_cw_tour,736.0,-0.17232535281964845,-0.7103975335081771,-0.6823776939211027,-1.8087755309774898,0.7510103774770212,0.28827683345185057,0.22670812901881673,-0.7312770341304394,0.5750945929889708
set_cover_cw_tour,738.0,-0.16667574502871513,-0.7154617942720218,-0.6784788994185315,-1.79967651445635,0.7456900540981851,0.2853030940836929,0.2264778121973987,-0.729414609873313,0.5790200963627378
set_cover_cw_tour,740.0,-0.16039662786762018,-0.721022932282642,-0.6740911309987967,-1.7896890298343326,0.73973356117113,0.282003574609919,0.22616341306377344,-0.7273571505973906,0.5833315266410842
set_cover_cw_tour,742.0,-0.1534897539596345,-0.7270577130579342,-0.6691995048656101,-1.7788521901210566,0.7331310017935059,0.27838172720241555,0.22574813921716783,-0.725108719172376,0.5880125313120314
set_cover_cw_tour,744.0,-0.1459568909004657,-0.7335408738691602,-0.6637878971192067,-1.7672068966586043,0.725872020271386,0.2744414405693825,0.2252142552019451,-0.7226734979948178,0.5930459090559257
set_cover_cw_tour,746.0,-0.1378004445225979,-0.7404446652754896,-0.6578394448149508,-1.7547963014293098,0.7179464934806843,0.27018736195286636,0.224543297729113,-0.720055921235451,0.5984133748335274
set_cover_cw_tour,748.0,-0.1290241176817305,-0.7477384181820494,-0.6513371131994994,-1.7416662173792627,0.7093452754360203,0.26562522149392465,0.22371633647587974,-0.7172608030797977,0.6040953425291725
set_cover_cw_tour,750.0,-0.1196336063485211,-0.7553881512018069,-0.6442643411333296,-1.7278654689318969,0.7000609996349518,0.2607621562261331,0.22271428663514792,-0.7142934618928397,0.6100707292650888
set_cover_cw_tour,752.0,-0.10963733100846197,-0.7633562366188701,-0.6366057741368804,-1.7134461745511869,0.6900889397562681,0.2556070293447163,0.22151827759147316,-0.7111598401183367,0.6163167862758067
set_cover_cw_tour,754.0,-0.09904719689942942,-0.7716011466104341,-0.6283480908985316,-1.6984639534178827,0.6794279245646945,0.25017073875457607,0.22011007973962282,-0.7078666196726129,0.6228089618986509
set_cover_cw_tour,756.0,-0.08787937147555079,-0.7800773042223583,-0.6194809242472608,-1.6829780490812138,0.6680812974138404,0.2444665072985909,0.21847258848326517,-0.7044213325980392,0.6295208027312938
set_cover_cw_tour,758.0,-0.07615506180993176,-0.7887350654461982,-0.6099978713867017,-1.6670513643877969,0.6560579046461485,0.2385101456077239,0.21659036085531397,-0.7008324667775678,0.6364238992505047
set_cover_cw_tour,760.0,-0.06390126870573966,-0.7975208590679768,-0.5998975805996162,-1.6507504040716272,0.6433730906881933,0.23232027732361168,0.21445019606096133,-0.6971095665405009,0.6434878820859102
set_cover_cw_tour,762.0,-0.05115148850067845,-0.8063775091634796,-0.5891848928303132,-1.634145124064559,0.630049671099587,0.2259185156726901,0.21204174672109505,-0.6932633279626194,0.6506804746001752
set_cover_cw_tour,764.0,-0.03794632851191955,-0.8152447606404101,-0.5778720069365069,-1.6173086897488769,0.616118848770185,0.2193295801837841,0.2093581429489634,-0.6893056885278992,0.657967606345818
set_cover_cw_tour,766.0,-0.02433399850608751,-0.8240600206377806,-0.5659796276396935,-1.6003171488593275,0.6016210335235874,0.21258134290463174,0.2063966069886585,-0.6852499105265267,0.6653135902683935
set_cover_cw_tour,768.0,-0.010370639305045393,-0.8327593176955453,-0.5535380462368004,-1.5832490283397196,0.5866065223172058,0.20570479493356522,0.2031590324286042,-0.6811106570853197,0.6726813641604896
set_cover_cw_tour,770.0,0.003879548547729678,-0.8412784665823653,-0.5405880971385609,-1.5661848679242059,0.5711359967894146,0.19873392654107008,0.199652499478015,-0.6769040590647366,0.6800327938529387
set_cover_cw_tour,772.0,0.018344407584007173,-0.849554410174905,-0.5271819295677357,-1.549206706289512,0.5552807977620823,0.1917055176365876,0.19588969695884217,-0.6726477702582306,0.6873290320506559
set_cover_cw_tour,774.0,0.03294417956607792,-0.8575266920091953,-0.5133835345280222,-1.53239753806974,0.5391229429132521,0.1846588397575631,0.19188922294512575,-0.668361007491069,0.6945309227690512
set_cover_cw_tour,776.0,0.04759212331516915,-0.8651389957630347,-0.4992689734086041,-1.515840761638472,0.522754864289937,0.17763527591129763,0.18767573964286646,-0.6640645714777429,0.7015994372927489
set_cover_cw_tour,778.0,0.06219538570041627,-0.8723406730197676,-0.48492626675918027,-1.4996196382057014,0.5062788562738516,0.1706778701411137,0.1832799641748995,-0.6597808438275846,0.7084961238385862
set_cover_cw_tour,780.0,0.07665609851730736,-0.8790881703388985,-0.4704549195516109,-1.4838167823910826,0.48980624116543353,0.16383082415102487,0.17873848514703913,-0.6555337555524415,0.7151835500881223
set_cover_cw_tour,782.0,0.09087265513737498,-0.8853462627880792,-0.455965081465089,-1.4685137030476778,0.47345627734391527,0.15713896316111003,0.1740934046361531,-0.6513487229537687,0.7216257158841686
set_cover_cw_tour,784.0,0.10474110403557407,-0.891089004907426,-0.4415763653758004,-1.4537904108312811,0.4573548522529565,0.15064719681701544,0.16939181568551448,-0.6472525478984055,0.7277884130081782
set_cover_cw_tour,786.0,0.11815658376458948,-0.8963003218615447,-0.4274163716377427,-1.4397251060167424,0.44163301735102134,0.1444000029449435,0.16468513545224184,-0.6432732811789886,0.733639510271765
set_cover_cw_tour,788.0,0.13101471745902474,-0.9009741824460183,-0.4136189869612624,-1.4263939565774497,0.42642543285963075,0.13844096188000735,0.16002832270618506,-0.6394400497328369,0.7391491451684502
set_cover_cw_tour,790.0,0.14321288564800036,-0.9051143197331949,-0.4003225419562191,-1.4138709728095664,0.41186879523100745,0.13281236686693354,0.15547901441880427,-0.6357828507056141,0.744289807824347
set_cover_cw_tour,792.0,0.15465130426540116,-0.9087334917348766,-0.3876679185699394,-1.402227981033307,0.39810031893809006,0.1275549317496874,0.1510966189581625,-0.6323323173828073,0.7490363085452088
set_cover_cw_tour,794.0,0.16523384956354498,-0.911852300431894,-0.37579669657339254,-1.3915346953423244,0.38525633639290124,0.1227076111757544,0.14694140255297639,-0.6291194635631547,0.7533656263337958
set_cover_cw_tour,796.0,0.17486859164921945,-0.9144976099494204,-0.36484941695364703,-1.381858883151758,0.37347106617199244,0.11830754136266305,0.14307360125893365,-0.6261754137605452,0.7572566417545187
set_cover_cw_tour,798.0,0.18346802155979597,-0.9167006212950481,-0.3549640206868956,-1.3732666175065318,0.36287558150005134,0.11439010171558762,0.13955258310287685,-0.62353112654415,0.7606897629187576
set_cover_cw_tour,800.0,0.19094898104984925,-0.9184946707200805,-0.3462744958769489,-1.3658226067788966,0.3535969896958604,0.11098908983349129,0.1364360751446655,-0.6212171173383705,0.7636464577688146
set_cover_cw_tour,802.0,0.19723232768787938,-0.9199128214193036,-0.33890973710295996,-1.359590590468374,0.3457578106842967,0.10813699517050582,0.13377945880132985,-0.6192631852119772,0.766108709074263
set_cover_cw_tour,804.0,0.20224238913050815,-0.9209853151262527,-0.3329925905490708,-1.354633788220577,0.33947552023358646,0.10586535011946384,0.13163512487490886,-0.6176981458074106,0.7680584106754755
set_cover_cw_tour,806.0,0.20590627889100546,-0.9217369433294575,-0.32863902935428696,-1.3510153877569333,0.33486220247985393,0.10420513163490544,0.13005186818996625,-0.6165495698926381,0.7694767247853925
set_cover_cw_tour,808.0,0.20815316155130448,-0.9221843901366423,-0.3259573774659895,-1.348799055968888,0.332024237372609,0.10318718159667292,0.12907429132364182,-0.6158435243985663,0.7703434210336241
set_cover_cw_tour,810.0,0.2089135686645756,-0.9223335934029674,-0.3250474785445985,-1.3480494557615825,0.33106193243584553,0.10284260967469341,0.12874217822096534,-0.6156043105880865,0.7706362189565104
set_cover_cw_tour,812.0,0.2076438392338998,-0.9226705926668433,-0.3249046220908877,-1.3494375721851637,0.3309108770340215,0.10288540360519463,0.12861259599587324,-0.6161468011231189,0.7702184841601415
set_cover_cw_tour,814.0,0.20388512252010094,-0.9236573027654703,-0.3244811918478166,-1.3535433812951752,0.3304631909265533,0.10301093959201289,0.12822898344421377,-0.617749760457107,0.7689806938957708
set_cover_cw_tour,816.0,0.1977275669484132,-0.9252398415647617,-0.32378240355194643,-1.3602591198133434,0.3297245233761318,0.10321181892291323,0.12759911237714774,-0.620366571509424,0.7669492185984874
set_cover_cw_tour,818.0,0.18924421483988746,-0.9273525412221365,-0.3228062754013314,-1.3694910260050766,0.3286930008140498,0.10347791144979604,0.12672723531006874,-0.6239536043735326,0.7641429377164536
set_cover_cw_tour,820.0,0.1784945596320314,-0.929918692545322,-0.3215445807917867,-1.3811564547887138,0.32736024343490483,0.10379653537295698,0.12561472326343695,-0.6284693003508083,0.7605744927754193
set_cover_cw_tour,822.0,0.16552821693406705,-0.932850922012962,-0.3199836975506641,-1.3951808768055562,0.32571228009587155,0.10415254877531774,0.1242607025927869,-0.6338731492373797,0.7562515157344404
set_cover_cw_tour,824.0,0.15038872449074298,-0.9360513766098965,-0.318105410033789,-1.4114947825804902,0.32373041957710286,0.10452839390302321,0.1226627061799028,-0.6401245958930585,0.7511778598397492
set_cover_cw_tour,826.0,0.13311748683500857,-0.9394118822085056,-0.31588771781157354,-1.4300305093910342,0.3213921335189261,0.10490413337397958,0.1208173535902774,-0.6471819092449492,0.7453548592573598
set_cover_cw_tour,828.0,0.11375786610189949,-0.942814237131096,-0.3133057008144791,-1.4507190158990522,0.3186720019431177,0.10525751698867918,0.118721071254157,-0.6550010489986376,0.7387826393252129
set_cover_cw_tour,830.0,0.09235939268985992,-0.9461308003148203,-0.31033248505046634,-1.4734866460659313,0.31554276551188454,0.10556411772622137,0.11637085743496263,-0.6635345712130767,0.7314614913948748
set_cover_cw_tour,832.0,0.06898202962835398,-0.9492255288379179,-0.30694034435168,-1.4982519474216858,0.3119765185940128,0.10579757468223464,0.113765087738788,-0.6727306221643317,0.7233933148747879
set_cover_cw_tour,834.0,0.043700374893975304,-0.9519556074140212,-0.30310196097539177,-1.5249226369265902,0.3079460627700357,0.10592997778991929,0.11090434540439621,-0.682532078896981,0.7145831143068068
set_cover_cw_tour,836.0,0.01660763045681164,-0.9541737874953549,-0.29879185040321893,-1.5533928370678103,0.3034264208887452,0.10593242273110724,0.10779224722252126,-0.6928759024603995,0.7050405215607992
set_cover_cw_tour,838.0,-0.012180888131501902,-0.9557315110337853,-0.29398793305407195,-1.5835407309618807,0.29839648715129036,0.10577575322646293,0.10443622190993644,-0.7036927736014698,0.6947812936195271
set_cover_cw_tour,840.0,-0.04252497328995867,-0.9564828306455743,-0.288673208536778,-1.6152268025550605,0.2928407600271779,0.10543149115237366,0.10084818507093087,-0.7149070780268431,0.6838287168790207
set_cover_cw_tour,842.0,-0.07425777463537671,-0.9562890540738088,-0.28283745856025116,-1.6482928305214783,0.28675107463159255,0.10487293288721009,0.0970450461217429,-0.7264372969093185,0.6722148322002025
set_cover_cw_tour,844.0,-0.10718536477987195,-0.9550239413501718,-0.27647887627265355,-1.6825617867067018,0.28012822359229944,0.1040763645277792,0.09304898064191819,-0.738196836617061,0.6599813845531896
set_cover_cw_tour,846.0,-0.1410878604876472,-0.9525791785008079,-0.2696054975510405,-1.7178387484889517,0.27298333569843974,0.10302232229108153,0.08888740914254886,-0.7500952997718016,0.6471804005576258
set_cover_cw_tour,848.0,-0.17572224062888783,-0.9488697579361799,-0.2622362992083643,-1.7539128692727586,0.26533887539606493,0.10169680205097102,0.08459264165132177,-0.7620401598950641,0.6338743094164346
set_cover_cw_tour,850.0,-0.21082686143596976,-0.9438388319543836,-0.25440183527648397,-1.7905603671705395,0.2572291381193791,0.10009230872524542,0.0802011762868777,-0.7739387585850613,0.62013554890529
set_cover_cw_tour,852.0,-0.24612749910768428,-0.9374615904715228,-0.24614430843226853,-1.8275483982905847,0.24870014859942965,0.098208636728296,0.07575267613962157,-0.7857005037617882,0.6060456369928979
set_cover_cw_tour,854.0,-0.2813445736715299,-0.9297477597074745,-0.23751701872606434,-1.8646395911871079,0.23980891989446249,0.09605328953086359,0.07128868696524628,-0.7972391171703356,0.5916937372784464
set_cover_cw_tour,856.0,-0.3162010560409217,-0.9207424269747749,-0.22858319126131527,-1.9015969474791654,0.23062209385271865,0.09364147891421153,0.06685119168630237,-0.8084747653393902,0.5771747962327344
set_cover_cw_tour,858.0,-0.35043046165316954,-0.9105250565296006,-0.2194142497134445,-1.9381887729904737,0.22121404943776116,0.09099568853628302,0.06248111989430471,-0.8193359143131335,0.5625873744061656
set_cover_cw_tour,860.0,-0.38378431003352903,-0.899206748944451,-0.21008766271449433,-1.9741933015015645,0.2116646226756456,0.08814483473738796,0.0582169367807507,-0.8297607747348814,0.5480313249188901
set_cover_cw_tour,862.0,-0.4160384869173599,-0.8869259805366357,-0.20068453466234254,-2.0094027097934104,0.20205662093619495,0.08512310159060324,0.054093424808483434,-0.8396982463070701,0.5336054854636673
set_cover_cw_tour,864.0,-0.4469980743985959,-0.8738432089784833,-0.19128713392733424,-2.0436262913839207,0.19247332852381213,0.0819685593897246,0.05014074527657656,-0.8491083222194961,0.5194055429741536
set_cover_cw_tour,866.0,-0.47650039102318525,-0.8601348229660024,-0.18197654704932426,-2.0766926451000915,0.18299618897033143,0.07872169118149255,0.046383831071351515,-0.857961966363741,0.5055222050770205
set_cover_cw_tour,868.0,-0.5044161760893351,-0.8459869373188961,-0.17283061992947646,-2.108450828902023,0.1737028159725453,-0.07542394950643856,-0.042842123184032105,0.8662405211751247,-0.4920397746078895
set_cover_cw_tour,870.0,-0.5306490291735922,-0.8315894939292124,-0.16392230300871302,-2.138770515607794,0.16466543729283506,-0.07211644779211297,-0.039529628583179925,0.8739347361507449,-0.47903517968000153
set_cover_cw_tour,872.0,-0.5551333528393153,-0.8171310388870429,-0.15531846591040682,-2.1675412552750064,0.15594982332618912,-0.06883886295828644,-0.03645525058682233,0.8810435239670681,-0.466577468944818
set_cover_cw_tour,874.0,-0.577831130622187,-0.8027944284559573,-0.1470791967749283,-2.194670993661214,0.14761470287384934,-0.06562859379836768,-0.033623327331823646,0.8875725531866285,-0.45472774532125854
set_cover_cw_tour,876.0,-0.598727902416482,-0.7887535933593327,-0.1392575593305444,-2.2200840168022364,0.13971162906205026,-0.06252018908432916,-0.0310343091986607,0.8935327766012856,-0.4435394849938602
set_cover_cw_tour,878.0,-0.6178282831931359,-0.7751713799495097,-0.13189975054485553,-2.243718491351537,0.13228523141588883,-0.05954503403359638,-0.028685510224035433,0.8989389762935829,-0.43305917300684194
set_cover_cw_tour,880.0,-0.6351513217144125,-0.7621983995804068,-0.12504558449422087,-2.2655237540832913,0.12537377615261996,-0.05673126578706046,-0.026571878795392946,0.9038083846228078,-0.4233271815333758
set_cover_cw_tour,882.0,-0.6507259280284377,-0.749972758365576,-0.11872922260782273,-2.285457477699456,0.11900995404777216,-0.05410387815005665,-0.024686746327571476,0.9081594180373713,-0.4143788198676484
set_cover_cw_tour,884.0,-0.6645865248182722,-0.7386205073630421,-0.11298007405172796,-2.303482809156739,0.11322182088049762,-0.05168497206910313,-0.02302252668475688,0.91201054033064,-0.406245493824953
set_cover_cw_tour,886.0,-0.6767690076267449,-0.7282566433327127,-0.10782379958840708,-2.319565545393963,0.10803382632351576,-0.049494109511725955,-0.021571352075934646,0.9153792550538757,-0.39895592401951974
set_cover_cw_tour,888.0,-0.6873070383466162,-0.7189864961124772,-0.10328336481305032,-2.333671382523962,0.10346788034686287,-0.04754873276154812,-0.0203256420285919,0.9182812137082157,-0.39253738527618326
set_cover_cw_tour,890.0,-0.6962286476471249,-0.7109073537123526,-0.09938010179686742,-2.3457632499662866,0.09954441948981942,-0.045864616965636366,-0.019278610481522695,0.9207294168220456,-0.3870169416020868
set_cover_cw_tour,892.0,-0.7035530852885837,-0.704110194506995,-0.09613475007632102,-2.3557987214049367,0.09628344711932059,-0.04445632972178367,-0.018424722126218082,0.9227334784534825,-0.3824226615975788
set_cover_cw_tour,894.0,-0.7092878312074061,-0.6986814125746093,-0.09356845741938208,-2.3637274800322583,0.0937055309990879,-0.04333767656115052,-0.01776011320818746,0.9242989202539055,-0.37878480722776897
set_cover_cw_tour,896.0,-0.7134256629290808,-0.6947044334897757,-0.0917037270990203,-2.3694888062155135,0.09183274749062936,-0.04252211464469576,-0.01728299449578094,0.9254264582157781,-0.37613699406147627
set_cover_cw_tour,898.0,-0.7159416645477925,-0.6922611206975161,-0.09056530094442965,-2.3730090515091398,0.09068956401909425,-0.04202311831237011,-0.016994055406855956,0.9261112429696149,-0.3745173230351411
set_cover_cw_tour,900.0,-0.71679005822823,-0.6914328643184,-0.0901809656503177,-2.3741990642379265,0.09030364955129704,-0.04185447883201227,-0.01689688857544931,0.9263420125799023,-0.37396948202705743
set_cover_cw_tour,902.0,-0.7166113868379002,-0.6917623737204779,-0.08906704530224001,-2.373836422877964,0.08918522824870484,-0.04133342547937382,-0.016695253105990706,0.9262974478765863,-0.3741468355060496
set_cover_cw_tour,904.0,-0.716078393295584,-0.692729642226287,-0.08577515628814267,-2.3727663814918136,0.08588068608625093,-0.03979426802524607,-0.016098331661709975,0.9261641541138923,-0.37466948045516446
set_cover_cw_tour,906.0,-0.7151920896925165,-0.6942876164021397,-0.08040510277268974,-2.3710247432466796,0.08049199203023301,-0.0372855652221086,-0.015121259561536043,0.9259413547064042,-0.37551796465656556
set_cover_cw_tour,908.0,-0.7139447825509047,-0.6963802877925004,-0.0730571163020793,-2.3686480635448977,0.07312226136151312,-0.03385700196301771,-0.013777670245983567,0.9256255004471546,-0.3766713582721997
set_cover_cw_tour,910.0,-0.7123219284326412,-0.6989440748436232,-0.06383298923750083,-2.3656735344537947,0.06387641843659708,-0.02955962769768897,-0.01208018344859558,0.9252108048354002,-0.3781074770406602
set_cover_cw_tour,912.0,-0.7103039881984078,-0.7019091552500232,-0.052837317547685954,-2.3621388719650738,0.05286193353180097,-0.024446137555055317,-0.010040901313091497,0.9246897719776209,-0.37980309669542645
set_cover_cw_tour,914.0,-0.7078682768933178,-0.7052008028512102,-0.04017872852758718,-2.358082204609042,0.04018954667757921,-0.018571149832857497,-0.007671894217976495,0.9240537216448874,-0.38173416659663384
set_cover_cw_tour,916.0,-0.7049907997919015,-0.7087407709249449,-0.02597098068017044,-2.353541962360399,0.025973901102414466,-0.011991438778904871,-0.0049856593024237925,0.9232933136859981,-0.3838760288166755
set_cover_cw_tour,918.0,-0.701648055317706,-0.7124487478562483,-0.010333835055063603,-2.348556765183292,0.010334018985751862,-0.004766087169210615,-0.0019955356678420916,0.9223990706284626,-0.3862036467386636
set_cover_cw_tour,920.0,-0.6978187742327211,-0.7162438927912462,0.006606388391896047,-2.3431653109605226,-0.006606436448113772,0.003043470466609649,0.0012839386548990463,0.9213618934044815,-0.3886918447448549
set_cover_cw_tour,922.0,-0.6934855535951089,-0.7200464393124042,0.024716637886525034,-2.337406262923072,-0.02471915519451106,0.011373535675736514,0.004836741291434609,0.9201735611998609,-0.39131555794355827
set_cover_cw_tour,924.0,-0.6886363354199251,-0.7237793359869963,0.04385738635212135,-2.33131813703106,-0.04387145826592532,0.020158377991522005,0.008645162661725388,0.9188272029454259,-0.39405008829689203
set_cover_cw_tour,926.0,-0.6832656754833782,-0.7273698756722262,0.06388333640952946,-2.324939190047007,-0.0639268685781445,0.029330614169440803,0.012689693491103158,0.9173177254478357,-0.3968713611874184
set_cover_cw_tour,928.0,-0.6773757486298595,-0.7307512526014723,0.08464456266953388,-2.3183073092799775,-0.08474596545637968,0.03882172755689479,0.01694900650648549,0.9156421820194681,-0.39975617462969665
set_cover_cw_tour,930.0,-0.6709770439846245,-0.7338639792153687,0.10598804864625153,-2.311459905160079,-0.10618749404032647,0.04856270999504105,0.021400031475745894,0.913800066012883,-0.4026824322038712
set_cover_cw_tour,932.0,-0.6640887165350213,-0.7366570946134029,0.12775954573576134,-2.304433807924357,-0.12810968291399044,0.05848479914992846,0.0260181177844429,0.9117935159971613,-0.4056293505170477
set_cover_cw_tour,934.0,-0.6567385796132624,-0.7390891037715901,0.14980565654761535,-2.297265169757159,-0.15037170828960722,0.0685202765043762,0.030777273909672876,0.9096274232988583,-0.4085776326490873
set_cover_cw_tour,936.0,-0.6489627440715424,-0.741128600733203,0.17197602734793674,-2.2899893737326646,-0.17283523255220293,0.07860328623087252,0.03565046892372725,0.9073094378993803,-0.41150960056593616
set_cover_cw_tour,938.0,-0.6408049319952407,-0.7427545483231637,0.19412552659510865,-2.282640950858701,-0.19536594003093274,0.08867063337059777,0.04060997797974838,0.9048498746676736,-0.41440928172524893
set_cover_cw_tour,940.0,-0.632315513069767,-0.7439562093072586,0.21611628944735217,-2.2752535064253103,-0.21783499399735787,0.09866252135574047,0.04562775192398048,0.9022615279336957,-0.41726244780095484
set_cover_cw_tour,942.0,-0.6235503278553036,-0.744732746666141,0.23781952122281458,-2.267859656726437,-0.2401203458737613,0.10852319370735684,0.05067579090301321,0.8995594077902838,-0.42005660630432146
set_cover_cw_tour,944.0,-0.6145693725058179,-0.7450925311711482,0.25911697430075226,-2.2604909770573065,-0.2621078395530942,0.11820145211144009,0.055726503056745605,0.8967604156685193,-0.4227809485606441
set_cover_cw_tour,946.0,-0.605435423044386,-0.7450522105767579,0.27990204007429426,-2.2531779617029604,-0.28369206913731626,0.12765103213216664,0.0607530318963424,0.8938829792750251,-0.4254262597365136
set_cover_cw_tour,948.0,-0.5962126742774551,-0.7446356050830697,0.3000804270083208,-2.245949996434507,-0.3047769655465326,0.1368308275391477,0.06572953941256553,0.890946667757021,-0.42798479820692753
set_cover_cw_tour,950.0,-0.5869654597426602,-0.7438724977678174,0.3195704243727126,-2.238835343828271,-0.3252761045634142,0.1457049636041967,0.0706314359214488,0.8879718070586501,-0.43045015240997353
set_cover_cw_tour,952.0,-0.5777571062838736,-0.742797386796819,0.3383027760842376,-2.2318611415276584,-0.34511274439880124,0.15424272792244875,0.07543555170371578,0.8849791131326733,-0.43281708346725956
set_cover_cw_tour,954.0,-0.5686489617625691,-0.7414482594268673,0.3562202084093783,-2.2250534133858637,-0.36421961363123206,0.1624183737446581,0.08012024925744061,0.8819893573848895,-0.4350813613438939
set_cover_cw_tour,956.0,-0.5596996188484705,-0.7398654375590157,0.37327666812497556,-2.2184370932658197,-0.38253847970105004,0.1702108151726066,0.08466547817993801,0.8790230749125973,-0.43723960133322953
set_cover_cw_tour,958.0,-0.5509643433132483,-0.7380905324549375,0.3894363340750164,-2.2120360611369505,-0.4000195338210818,0.17760323584120155,0.0890527771563943,0.8761003221876806,-0.43928910635492696
set_cover_cw_tour,960.0,-0.5424947028840119,-0.7361655336540822,0.4046724655849317,-2.205873190999965,-0.41662063039728897,0.18458263308200804,0.09326522920022147,0.8732404871879431,-0.44122771912302466
set_cover_cw_tour,962.0,-0.5343383831316246,-0.7341320453050496,0.4189661470435355,-2.199970410093158,-0.43230641832109873,0.19113931837280562,0.09728737719566455,0.8704621518504988,-0.4430536868215486
set_cover_cw_tour,964.0,-0.5265391702682131,-0.732030672870273,0.4323049804829422,-2.19434876878744,-0.44704739845098834,0.19726639253571054,0.10110510703385442,0.8677830042503595,-0.4447655396294101
set_cover_cw_tour,966.0,-0.5191370769557133,-0.7299005549293742,0.4446817685083002,-2.1890285205623217,-0.46081893694335224,0.20295921106653525,0.1047055053430949,0.8652197961377812,-0.4463619833334745
set_cover_cw_tour,968.0,-0.5121685858935914,-0.7277790287217923,0.45609321961253,-2.1840292114702,-0.4736002584789985,0.2082148515310263,0.10807669813835097,0.8627883403629811,-0.447841805390159
set_cover_cw_tour,970.0,-0.5056669865438187,-0.725701414014907,0.46653869766232486,-2.179369778539762,-0.48537343741825684,0.21303159144803507,0.11120767579213611,0.8605035421872594,-0.4492037931420527
set_cover_cw_tour,972.0,-0.49966278231581535,-0.7237008975777978,0.4760190277851378,-2.1750686566387785,-0.4961223989308096,0.21740840171078316,0.1140881086783635,0.8583794584075866,-0.4504466624447949
set_cover_cw_tour,974.0,-0.49418414835664964,-0.7218084996132288,0.48453536238247097,-2.1711438934095275,-0.5058319364763896,0.22134445750895512,0.11670815675601662,0.8564293784807583,-0.4515689946749461
set_cover_cw_tour,976.0,-0.48925742332678923,-0.720053103553589,0.4920881036790828,-2.16761327200391,-0.514486746825227,0.22483866596898214,0.11905827530824319,0.8546659223018204,-0.45256917992931645
set_cover_cw_tour,978.0,-0.4849076218306593,-0.7184615312748334,0.4986758730565939,-2.1644944414774745,-0.5220704791644186,0.22788920733335752,0.1211290180783995,0.8531011498613118,-0.4534453641461608
set_cover_cw_tour,980.0,-0.4811589572405994,-0.7170586466745561,0.5042945122608349,-2.161805054849705,-0.5285647907205938,0.23049308441643077,0.12291083817202995,0.8517466785847473,-0.45419539783654833
set_cover_cw_tour,982.0,-0.47803536729980434,-0.7158674713852726,0.5089360971900075,-2.159562914999963,-0.5339483976674742,0.23264567324064864,0.12439388633307806,0.8506138046686378,-0.4548167840707983
set_cover_cw_tour,984.0,-0.4755610369607895,-0.7149092968756295,0.5125879411043256,-2.157786128742676,-0.5381961067731077,0.23434026609488603,0.12556780555564548,0.8497136251045609,-0.4553066232838957
set_cover_cw_tour,986.0,-0.4737609142799891,-0.7142037770746307,0.5152315604783155,-2.1564932696102086,-0.5412778101557408,0.23556759668060825,0.12642152045826469,0.8490571572662321,-0.4556615523106242
set_cover_cw_tour,988.0,-0.47266121570870706,-0.7137689846803783,0.5168415730889966,-2.1557035500661343,-0.5431574225429884,0.2363153354394914,0.12694301942745695,0.8486554528623462,-0.4558776748007814
set_cover_cw_tour,990.0,-0.47228991661826153,-0.7136214122016278,0.5173844940738653,-2.1554370040741815,-0.5437917374706885,0.2365675415147834,0.12711912724151261,0.8485197026578033,-0.4559504797590638
set_cover_cw_tour,992.0,-0.47206471471417655,-0.7136504818796625,0.5175498959856417,-2.155198774599092,-0.5439850310591445,0.23663439842978545,0.12719138034646726,0.8484425202231726,-0.45603925721661864
set_cover_cw_tour,994.0,-0.47139825718554046,-0.713737014965832,0.5180377945575967,-2.1544931120026556,-0.5445553355493843,0.23683138637156842,0.1274049852457799,0.8482140639763602,-0.4563022746344256
set_cover_cw_tour,996.0,-0.47030887232509405,-0.7138789418571193,0.5188317848640909,-2.1533382848766345,-0.5454838520116538,0.2371514239744416,0.12775376933293703,0.8478404393420815,-0.4567327073292952
set_cover_cw_tour,998.0,-0.4688143923736483,-0.7140736045449464,0.5199153323335585,-2.1517519392476783,-0.5467518305174983,0.23758726277703052,0.12823179534155077,0.847327447242391,-0.4573238419099688
set_cover_cw_tour,1000.0,-0.46693227435413165,-0.7143178375166442,0.5212717891580388,-2.149751241536436,-0.5483405512624602,0.2381315120053855,0.12883331379047674,0.8466806448920575,-0.4580690404436465
set_cover_cw_tour,1002.0,-0.4646797158107332,-0.7146080437946019,0.5228844092704512,-2.147353013345644,-0.5502313063366698,0.23877666154783964,0.12955271786776493,0.845905403220976,-0.4589617064578502
set_cover_cw_tour,1004.0,-0.4620737647978303,-0.7149402668636546,0.5247363630457542,-2.144573858675799,-0.5524053832336245,0.2395151039423349,0.13038450078169941,0.8450069611280266,-0.45999525278482756
set_cover_cw_tour,1006.0,-0.45913142352498204,-0.7153102591096259,0.526810752684912,-2.141430284033231,-0.5548440510146914,0.24033915606035236,0.1313232156184519,0.8439904767247796,-0.4611630712684035
set_cover_cw_tour,1008.0,-0.4558697451121845,-0.7157135472643253,0.5290906290548607,-2.137938811767959,-0.5575285498886864,0.2412410810447452,0.13236343776016526,0.842861075682347,-0.4624585043658193
set_cover_cw_tour,1010.0,-0.45230592295050936,-0.7161454952267332,0.5315590105814638,-2.134116086858647,-0.5604400848179234,0.24221311093950515,0.13349972993261705,0.8416238967514962,-0.46387481868899955
set_cover_cw_tour,1012.0,-0.4484573722028196,-0.7166013645083381,0.534198904624232,-2.1299789772502313,-0.5635598236208743,0.2432474703360685,0.134726609966286,0.840284134485712,-0.46540518054024027
set_cover_cw_tour,1014.0,-0.44434180302217074,-0.717076372434365,0.5369933316004758,-2.125544667747555,-0.5668688999043512,0.2443364012519529,0.13603852136713893,0.8388470791600385,-0.4670426335059352
set_cover_cw_tour,1016.0,-0.4399772851154673,-0.71756574812357,0.5399253519721815,-2.1208307473766355,-0.570348421023034,0.24547218935256754,0.1374298068024861,0.8373181538459351,-0.4687800781781619
set_cover_cw_tour,1018.0,-0.4353823033397298,-0.718064786169047,0.5429780960615191,-2.115855290045425,-0.5739794811301578,0.24664719152567713,0.1388946846116749,0.8357029485747243,-0.47061025407722584
set_cover_cw_tour,1020.0,-0.430575804089744,-0.7185688978526648,0.5461347965212222,-2.110636928269352,-0.5777431792499018,0.24785386472042015,0.14042722845029035,0.8340072515000346,-0.47252572384821506
set_cover_cw_tour,1022.0,-0.42557723231979494,-0.7190736596479002,0.5493788231553879,-2.1051949196749438,-0.5816206421699132,0.24908479586957838,0.14202135016915898,0.8322370769534524,-0.47451885980086494
set_cover_cw_tour,1024.0,-0.4204065591385439,-0.7195748587012898,0.5526937196660632,-2.099549205958734,-0.5855930518224888,0.25033273262594313,0.14367078601531744,0.8303986902777563,-0.4765818328542919
set_cover_cw_tour,1026.0,-0.4150843000239154,-0.7200685349327166,0.5560632417931501,-2.0937204639596514,-0.5896416766968525,0.25159061456238996,0.1453690862209474,0.8284986293188689,-0.4787066039362328
set_cover_cw_tour,1028.0,-0.409631523822283,-0.720551019360121,0.5594713962215806,-2.087730148502062,-0.5937479067048002,0.25285160441213755,0.1471096080181134,0.8265437224611283,-0.48088491787023885
set_cover_cw_tour,1030.0,-0.40406985282065055,-0.7210189682355207,0.5629024795522605,-2.0816005266842845,-0.5978932908101824,0.25410911886223275,0.14888551208229212,0.8245411031005786,-0.48310829976386704
set_cover_cw_tour,1032.0,-0.3984214543086489,-0.7214693925764946,0.5663411165736468,-2.0753547033238067,-0.6020595766318962,0.2553568583611835,0.15068976236677772,0.8224982204674783,-0.4853680538865142
set_cover_cw_tour,1034.0,-0.39270902417520376,-0.7218996826901305,0.5697722970303559,-2.069016637325281,-0.6062287511429738,0.25658883536236476,0.15251512924403046,0.8204228467316587,-0.48765526499750156
set_cover_cw_tour,1036.0,-0.3869557632085204,-0.7223076273139014,0.5731814100648014,-2.0626111488096535,-0.610383081517588,0.2577994003996442,0.15435419582016446,0.8183230803521129,-0.4899608020539233
set_cover_cw_tour,1038.0,-0.38118534688327566,-0.7226914270385811,0.5765542755078799,-2.056163916930765,-0.6145051551256809,0.2589832653815797,0.1561993672365817,0.8162073456644025,-0.49227532419435416
set_cover_cw_tour,1040.0,-0.3754218895213271,-0.7230497017301605,0.5798771712148725,-2.049701468407059,-0.618577917643397,0.26013552349608177,0.15804288272003875,0.8140843887351014,-0.49458928885971226
set_cover_cw_tour,1042.0,-0.3696899037978147,-0.7233814917283968,0.5831368556820619,-2.043251156907495,-0.6225847082379435,0.26125166513864645,0.15987683009116088,0.8119632695503594,-0.49689296187748233
set_cover_cw_tour,1044.0,-0.36401425662964354,-0.7236862526663715,0.5863205852365007,-2.0368411335485037,-0.6265092907986621,0.2623275893136413,0.16169316239369455,0.8098533506443917,-0.49917642930137623
set_cover_cw_tour,1046.0,-0.3584201225249772,-0.7239638438252309,0.5894161251636885,-2.030500308878497,-0.6303358802219813,-0.2633596100085908,-0.16348371626475952,-0.807764282311834,0.5014296107666901
set_cover_cw_tour,1048.0,-0.3529329354882518,-0.7242145100080348,0.5924117542229116,-2.0242583068430657,-0.6340491628158208,-0.2643444571042972,-0.1652402316321236,-0.8057059845838853,0.503642274093536
set_cover_cw_tour,1050.0,-0.3475783405638486,-0.7244388569832061,0.5952962620945537,-2.0181454113324153,-0.6376343099674735,-0.2652792714567991,-0.16695437230004137,-0.8036886261804529,0.5058040508471888
set_cover_cw_tour,1052.0,-0.34238214606228257,-0.7246378206085045,0.5980589394044225,-2.012192506007505,-0.6410769843158606,-0.2661615938680176,-0.16861774697220863,-0.8017226006775395,0.5079044525484052
set_cover_cw_tour,1054.0,-0.3373702774457472,-0.7248126297980426,0.6006895600736084,-2.0064310081775605,-0.644363337781674,-0.2669893477475668,-0.17022193026032667,-0.799818500149454,0.5099328872179704
set_cover_cw_tour,1056.0,-0.33256873375601115,-0.7249647635353057,0.6031783558452024,-2.000892797554355,-0.6474800009341407,-0.2677608153555359,-0.1717584832407016,-0.7979870865577081,0.5118786759400447
set_cover_cw_tour,1058.0,-0.32800354734856263,-0.7250959021626472,0.6055159829382675,-1.995610140733644,-0.6504140633076245,-0.26847460760201824,-0.1732189731499003,-0.796239261161603,0.513731069138962
set_cover_cw_tour,1060.0,-0.323700747554574,-0.7252078731910209,0.6076934808720317,-1.990615612247958,-0.6531530444215945,-0.2691296274608329,-0.17459499185393493,-0.7945860322185455,0.5154792622846301
set_cover_cw_tour,1062.0,-0.3196863287290879,-0.7253025918721699,0.6097022235872441,-1.9859420129951788,-0.6556848554003818,-0.26972502712971014,-0.17587817278357148,-0.7930384812244966,0.5171124107728737
set_cover_cw_tour,1064.0,-0.31598622296227663,-0.7253819967591015,0.6115338630654994,-1.9816222867725723,-0.6579977512317343,-0.27026015913510093,-0.17706020610050688,-0.7916077279162858,0.5186196437690455
set_cover_cw_tour,1066.0,-0.31262627753311845,-0.7254479804500882,0.6131802657103979,-1.977689435536106,-0.6600802738431246,-0.27073452163532247,-0.1781328519443735,-0.7903048942178729,0.5199900768556397
set_cover_cw_tour,1068.0,-0.3096322369735202,-0.7255023156679262,0.6146334418067817,-1.9741764338610337,-0.6619211863105076,-0.27114769822032264,-0.17908795170752376,-0.7891410672623518,0.5212128233870122
set_cover_cw_tour,1070.0,-0.30702972938754675,-0.7255465767716315,0.6158854684169592,-1.9711161429042485,-0.6635093986450719,-0.27149929254017774,-0.1799174373918272,-0.7881272615613112,0.5222770045257685
set_cover_cw_tour,1072.0,-0.3048442564362001,-0.7255820567346588,0.6169284061076801,-1.9685412239652922,-0.6648338857298148,-0.2717888581187023,-0.18061333921762796,-0.7872743803241398,0.5231717580149295
set_cover_cw_tour,1074.0,-0.3031011861537387,-0.7256096795551744,0.6177542099314529,-1.9664840515158797,-0.6658835981009321,-0.272015823725415,-0.18116779177784748,-0.7865931758534445,0.5238862458264337
set_cover_cw_tour,1076.0,-0.3018257475067757,-0.7256299079935356,0.6183546351142436,-1.9649766253230478,-0.6666473663915765,-0.27217941469170137,-0.1815730391581905,-0.7860942088606468,0.524409660918537
set_cover_cw_tour,1078.0,-0.30104302534172905,-0.7256426464642673,0.6187211379332644,-1.9640504810352601,-0.6671138003812146,-0.2722785705694491,-0.1818214395757787,-0.7857878064601511,0.5247312334307851
set_cover_cw_tour,1080.0,-0.30077795408844465,-0.7256471388494137,0.61884477230888,-1.9637365983416626,-0.6672711837273033,-0.2723118595477383,-0.18190547022147016,-0.7856840185136312,0.5248402367439357
set_cover_cw_tour,1082.0,-0.30020375178385067,-0.7256658542014479,0.6191015873513676,-1.9630520197835382,-0.6675981649875948,-0.2723779982624498,-0.18208451698455203,-0.785459804551721,0.5250793751144828
set_cover_cw_tour,1084.0,-0.2985054435777267,-0.7257215073833221,0.619857075361525,-1.961025046180183,-0.668560554305664,-0.27257098942022556,-0.18261350212422522,-0.7847961713915206,0.5257873466883888
set_cover_cw_tour,1086.0,-0.29573140271263243,-0.725810738086122,0.621081081605693,-1.9577083577268315,-0.6701213275213957,-0.2728794588773142,-0.18347654403807911,-0.7837104434318577,0.5269450631389464
set_cover_cw_tour,1088.0,-0.29192892384728086,-0.7259273629399344,0.62274149304221,-1.9531514981043137,-0.6722416677203089,-0.27329015062229156,-0.18465824341343295,-0.782218508514792,0.5285338509965135
set_cover_cw_tour,1090.0,-0.2871446550868038,-0.7260628369365312,0.624804532533781,-1.94740166656697,-0.6748811592733314,-0.2737882272019635,-0.18614349897422564,-0.7803351365490563,0.530535276020553
set_cover_cw_tour,1092.0,-0.2814250309544193,-0.7262066944705022,0.6272350347824417,-1.9405044846531196,-0.6779979620059489,-0.2743575523321524,-0.18791732203029915,-0.778074286657881,0.5329309692644073
set_cover_cw_tour,1094.0,-0.2748166912266687,-0.7263469738878593,0.6299967140764905,-1.9325047346001474,-0.6815489803778673,-0.2749809640554576,-0.18996465534455306,-0.7754494021747386,0.5357024582674573
set_cover_cw_tour,1096.0,-0.26736687221931565,-0.7264706284405467,0.6330524319934782,-1.9234470659376366,-0.6854900401902031,-0.27564054525393783,-0.19227020141851467,-0.7724736925980985,0.5388310066268032
set_cover_cw_tour,1098.0,-0.2591237585823163,-0.7265639253318149,0.6363644711520264,-1.9133766657266502,-0.6897760829742905,-0.2763178966557387,-0.19481826505960992,-0.7691604012755218,0.5422974651393738
set_cover_cw_tour,1100.0,-0.2501367850865259,-0.726612833202964,0.6398948189908547,-1.9023398866804095,-0.6943613858133753,-0.2769944157096532,-0.1975926149396781,-0.7655230571736968,0.5460821377067785
set_cover_cw_tour,1102.0,-0.24045687938636673,-0.7266033970519544,0.6436054634233073,-1.8903848261013954,-0.6991998118785052,-0.2776515828645964,-0.2005763686974548,-0.7615757086549741,0.5501646652045195
set_cover_cw_tour,1104.0,-0.2301366384165888,-0.7265220982799955,0.647458700126228,-1.8775618473603557,-0.7042450944170732,-0.2782712549185153,-0.2037519058993372,-0.7573331367705246,0.5545239304825178
set_cover_cw_tour,1106.0,-0.21923043298725903,-0.7263561964201956,0.6514174492398902,-1.8639240346818453,-0.7094511543376971,-0.2788359632464266,-0.20710081278428533,-0.7528110452415784,0.5591379875368943
set_cover_cw_tour,1108.0,-0.2077944372994337,-0.7260940481924806,0.6554455774561816,-1.84952757144399,-0.7147724489383596,-0.2793292129509943,-0.21060386212515314,-0.7480262240775294,0.5639840176303414
set_cover_cw_tour,1110.0,-0.1958865824934469,-0.7257253989198766,0.6595082199348422,-1.8344320321922931,-0.7201643468040796,-0.2797357773882242,-0.21424103070282163,-0.742996683714077,0.5690383147049788
set_cover_cw_tour,1112.0,-0.1835664359010213,-0.7252416410851307,0.6635720952893837,-1.8187005792321198,-0.7255835215578651,-0.2800419812031279,-0.21799155579650448,-0.7377417566817879,0.5742763018036843
set_cover_cw_tour,1114.0,-0.17089501030466794,-0.7246360349340472,0.6676058060922104,-1.8024000560898272,-0.730988355102483,-0.2802359640658887,-0.2218340307556636,-0.7322821641628515,0.5796725793857495
set_cover_cw_tour,1116.0,-0.1579345100892123,-0.723903886547416,0.6715801170109389,-1.78560097235508,-0.7363393393642574,-0.2803079168202453,-0.2257465381779512,-0.7266400453768544,0.5852010054018093
set_cover_cw_tour,1118.0,-0.14474802356139327,-0.7230426796831253,0.6754682028280206,-1.7683773774085298,-0.7415994644595233,-0.28025028181427564,-0.22970681754535055,-0.720838948555004,0.5908348058148931
set_cover_cw_tour,1120.0,-0.1313991727732797,-0.7220521588818034,0.6792458592060939,-1.7508066241971976,-0.746734580743519,-0.2800579098188589,-0.2336924624660131,-0.7149037832975924,0.5965467129749791
set_cover_cw_tour,1122.0,-0.11795173378564008,-0.7209343627557864,0.6828916701021251,-1.7329690283654426,-0.7517137224292846,-0.279728167147601,-0.23768114105097846,-0.7088607353221964,0.6023091279496136
set_cover_cw_tour,1124.0,-0.1044692413469268,-0.7196936079456967,0.6863871271334444,-1.7149474324336023,-0.7565093813933426,-0.27926098832190965,-0.24165083155114486,-0.7027371459401471,0.6080943016736853
set_cover_cw_tour,1126.0,-0.09101459237850483,-0.7183364258238014,0.6897166978614194,-1.6968266890383725,-0.7610977213760384,-0.27865887177458415,-0.24558006431446186,-0.6965613599680628,0.6138745287044116
set_cover_cw_tour,1128.0,-0.07764966242825233,-0.7168714555394365,0.6928678417689395,-1.678693081182462,-0.7654587249445707,-0.2779268185092215,-0.2494481605012805,-0.6903625470987355,0.6196223465460361
set_cover_cw_tour,1130.0,-0.06443494841067965,-0.7153092983382904,0.6958309745434559,-1.6606337006677983,-0.7695762681754048,-0.2770722161534721,-0.2532354578891063,-0.6841705029252829,0.6253107330203632
set_cover_cw_tour,1132.0,-0.05142924956411335,-0.713662339160344,0.6985993830182345,-1.642735808132457,-0.7734381208530062,-0.27610467326953103,-0.25692351453483064,-0.6780154367425032,0.6309132940560603
set_cover_cw_tour,1134.0,-0.03868939673235535,-0.7119445422704389,0.7011690946639205,-1.6250861991792127,-0.77703587287643,-0.2750358109283637,-0.2604952820214546,-0.6719277538625269,0.6364044345703443
set_cover_cw_tour,1136.0,-0.02627003795277628,-0.710171228067825,0.7035387067749698,-1.6077706008773394,-0.7803647903153261,-0.27387902025367417,-0.2639352414269776,-0.6659378404245183,0.6417595058029912
set_cover_cw_tour,1138.0,-0.01422348605039969,-0.7083588382516339,0.7057091814022045,-1.5908731214566827,-0.7834236069804588,-0.27264919577867613,-0.26722949690319026,-0.6600758585269331,0.646954923480795
set_cover_cw_tour,1140.0,-0.0025996316424961685,-0.7065246962087665,0.7076836126140225,-1.574475773422708,-0.7862142593222354,-0.27136245496842387,-0.2703658236999621,-0.6543715589757009,0.6519682524573279
set_cover_cw_tour,1142.0,0.008554077218035574,-0.7046867688809937,0.7094669728232688,-1.5586580868259923,-0.7887415738403769,-0.27003585413602704,-0.27333366946155024,-0.648854118064813,0.6567782548851965
set_cover_cw_tour,1144.0,0.019192589480431926,-0.702863435515689,0.7110658447177156,-1.5434968253084125,-0.7910129169259374,-0.26868711027045156,-0.27612410950480376,-0.6435520036562417,0.6613649004254235
set_cover_cw_tour,1146.0,0.029273141974090287,-0.7010732676739442,0.7124881448220335,-1.5290658131413009,-0.7930378171613334,-0.2673343370894094,-0.27872975843392406,-0.6384928744914239,0.6657093383752486
set_cover_cw_tour,1148.0,0.03875509036606966,-0.6993348237263233,0.7137428439531914,-1.5154358770836296,-0.7948275696175067,-0.2659958020557129,-0.2811446417532401,-0.633703515242268,0.6697938328110918
set_cover_cw_tour,1150.0,0.04759968473867157,-0.6976664598706995,0.7148396888703539,-1.5026749027993889,-0.796394830687334,-0.2646897092853207,-0.2833640320471692,-0.6292098083887719,0.6736016628303321
set_cover_cw_tour,1152.0,0.055769794858349785,-0.6960861585095686,0.7157889283251379,-1.4908480019999453,-0.797753210580744,-0.26343401136302164,-0.2853842547839717,-0.6250367426737585,0.6771169906938994
set_cover_cw_tour,1154.0,0.06322959039805766,-0.6946113736643945,0.7166010455435832,-1.480017783560275,-0.7989168688890067,-0.2622462511833424,-0.2872024688824271,-0.6212084566945381,0.6803247011091926
set_cover_cw_tour,1156.0,0.06994418127493295,-0.6932588920062025,0.7172864979630607,-1.4702447196576234,-0.7999001167101865,-0.2611434331392262,-0.2888164269034493,-0.6177483151844755,0.6832102150624837
set_cover_cw_tour,1158.0,0.0758792229352067,-0.6920447070546079,0.7178554638396583,-1.4615875964801215,-0.8007170268097881,-0.2601419213464785,-0.2902242191585994,-0.6146790147273435,0.6857592815454749
set_cover_cw_tour,1160.0,0.08100049092779024,-0.6909839031379095,0.7183175941557863,-1.45410403816636,-0.8013810512467573,-0.2592573611415017,-0.2914240052437649,-0.6120227150227245,0.6879577502709305
set_cover_cw_tour,1162.0,0.08527342853146876,-0.6900905447985559,0.7186817671028817,-1.4478510922251429,-0.8019046438801976,-0.2585046188153817,-0.2924137355934871,-0.6098011913488919,0.6897913280962936
set_cover_cw_tour,1164.0,0.08866267061570046,-0.6893775664446179,0.7189558412880366,-1.4428858645659832,-0.8022988832196523,-0.2578977334134479,-0.29319086469387445,-0.6080360034999638,0.6912453214366492
set_cover_cw_tour,1166.0,0.09113154640294029,-0.6888566561536914,0.719146402704598,-1.4392661922325758,-0.802573089205547,-0.25744987337854053,-0.29375205667132726,-0.6067486761418563,0.6923043665172448
set_cover_cw_tour,1168.0,0.09264156344809821,-0.6885381265893186,0.7192584993969579,-1.4370513417369484,-0.8027344257061801,-0.25717328977490517,-0.29409288316973825,-0.605960885160801,0.6929521489615296
set_cover_cw_tour,1170.0,0.09315187505484962,-0.6884307649455179,0.7192953566166644,-1.4363027202838736,-0.8027874787859677,-0.25707925671420845,-0.2942075128206904,-0.6056946440843262,0.6931711140077139
set_cover_cw_tour,1172.0,0.09290801481527465,-0.688215868424433,0.7195325004694979,-1.4366092077021668,-0.8031288985091559,-0.2572277515800845,-0.29428642459903653,-0.6057569585973225,0.6930280594786128
set_cover_cw_tour,1174.0,0.0921905192005542,-0.6875773208310237,0.7202349172654459,-1.437511024733636,-0.8041408885555419,-0.2576670568163974,-0.2945209013344507,-0.6059390885863575,0.6926059106243987
set_cover_cw_tour,1176.0,0.09102386033282876,-0.6865262548685482,0.7213850277253298,-1.4389790164716858,-0.8058001826092308,-0.25838621289821534,-0.2949058433860012,-0.6062331345038614,0.6919165377056199
set_cover_cw_tour,1178.0,0.08942926478871069,-0.6850704783850837,0.7229666978807412,-1.4409900976304892,-0.8080867951857771,-0.2593763580524713,-0.295436058949252,-0.6066324279810458,0.6909692737580967
set_cover_cw_tour,1180.0,0.08742518074112206,-0.6832149073176632,0.7249649841139217,-1.4435264985090506,-0.8109835558021231,-0.26063045170285193,-0.2961062415592173,-0.6071313723891341,0.6897712360020012
set_cover_cw_tour,1182.0,0.08502769166138552,-0.6809619410932746,0.727365882093198,-1.4465751556418376,-0.8144756771195326,-0.26214303625676477,-0.29691092497619737,-0.6077253136072959,0.6883275923372368
set_cover_cw_tour,1184.0,0.08225088780595845,-0.6783117955569792,0.7301560788375308,-1.4501272171870714,-0.8185503485120285,-0.2639100286326267,-0.2978444198386853,-0.608410435206348,0.6866417848413432
set_cover_cw_tour,1186.0,0.0791072050455335,-0.6752628063564878,0.733322706904296,-1.4541776391332184,-0.8231963471511806,-0.2659285343014207,-0.29890073512050813,-0.6091836734693841,0.68471571996491
set_cover_cw_tour,1188.0,0.07560773921469593,-0.6718117141142856,0.7368530997082581,-1.4587248527868644,-0.8284036593301389,-0.2681966776552342,-0.3000734865438172,-0.6100426485632703,0.6825499334862193
set_cover_cw_tour,1190.0,0.07176254300150348,-0.6679539415341009,0.7407345471969132,-1.4637704871160326,-0.834163105372268,-0.27071344328950075,-0.30135579356715,-0.6109856088180486,0.6801437371049549
set_cover_cw_tour,1192.0,0.06758091139854426,-0.663683871710698,0.7449540514995808,-1.4693191316219292,-0.8404659620980264,-0.2734785233507052,-0.3027401663212391,-0.6120113855121623,0.6774953527258987
set_cover_cw_tour,1194.0,0.06307166084604958,-0.6589951362467665,0.7494980827201806,-1.4753781266755994,-0.8473035774864323,-0.2764921665012279,-0.3042183838665236,-0.6131193558309962,0.6746020399364963
set_cover_cw_tour,1196.0,0.05824340636373508,-0.6538809212419319,0.7543523357496489,-1.4819573687992944,-0.854666972902901,-0.27975502432308386,-0.30578136537867984,-0.6143094117830873,0.6714602218656429
set_cover_cw_tour,1198.0,0.053104840145133794,-0.6483342987231413,0.759501489828909,-1.4890691182655715,-0.8625464291194209,-0.2832679911521117,-0.30741903633085466,-0.6155819328317245,0.6680656144879888
set_cover_cw_tour,1200.0,0.04766501423370113,-0.6423485905487889,0.7649289735904147,-1.496727795667577,-0.8709310533777427,-0.28703203342992567,-0.3091201924439339,-0.6169377598320391,0.6644133644817303
set_cover_cw_tour,1202.0,0.04193362897538546,-0.6359177711537901,0.7706167394313144,-1.504949752796591,-0.879808325996969,-0.2910480047077229,-0.310872365136839,-0.6183781675532659,0.6604982009387657
set_cover_cw_tour,1204.0,0.03592132791457513,-0.6290369146186984,0.776545052297574,-1.5137530012513023,-0.8891636265600379,-0.2953164424599677,-0.3126616934486707,-0.6199048326094271,0.6563146065493867
set_cover_cw_tour,1206.0,0.029639998644057076,-0.6217026903499311,0.782692299241559,-1.523156879701758,-0.8989797415820215,-0.29983734289660247,-0.3144728089431314,-0.6215197930182017,0.6518570143265575
set_cover_cw_tour,1208.0,0.023103077820700587,-0.6139139100587416,0.7890348273882452,-1.5331816376607497,-0.9092363578104693,-0.3046099100355044,-0.316288741954572,-0.6232253948632421,0.6471200364835819
set_cover_cw_tour,1210.0,0.01632585711828699,-0.6056721266402405,0.7955468191127671,-1.5438479100363947,-0.919909547960006,-0.30963227545772687,-0.31809085968878587,-0.6250242206693319,0.6420987327148481
set_cover_cw_tour,1212.0,0.009325785328871107,-0.5969822829147434,0.8022002141696928,-1.5551760527799274,-0.9309712587371679,-0.3149011854754809,-0.31985884911584367,-0.6269189931545003,0.6367889258228132
set_cover_cw_tour,1214.0,0.0021227601913312126,-0.5878534049666686,0.8089646890676156,-1.5671853058382588,-0.9423888144218083,-0.3204116529738429,-0.32157076020725034,-0.6289124470735696,0.631187573336354
set_cover_cw_tour,1216.0,-0.005260598102830456,-0.5782993310116127,0.8158077039714211,-1.5798927457671414,-0.9541244529345675,-0.32615657204178466,-0.3232031277301589,-0.6310071610345305,0.6252932043949757
set_cover_cw_tour,1218.0,-0.012798701291735604,-0.5683394624131365,0.8226946266441709,-1.5933119873754364,-0.9661349150555341,-0.33212629481308825,-0.3247311922805227,-0.6332053406328297,0.6191064315994963
set_cover_cw_tour,1220.0,-0.02046278614033418,-0.5579995188083048,0.8295889412191289,-1.607451592564911,-0.9783711109921803,-0.33830817184762296,-0.3261292431571304,-0.635508544260362,0.6126305475496242
set_cover_cw_tour,1222.0,-0.0282207579211595,-0.5473122745257842,0.8364525467566991,-1.6223131463767697,-0.9907778914389404,-0.3446860600753134,-0.3273711065397138,-0.637917343833465,0.6058722150991723
set_cover_cw_tour,1224.0,-0.03603709618929029,-0.5363182489252519,0.8432461464886722,-1.6378889668410626,-1.0032939521199853,-0.351239805981467,-0.3284308015488041,-0.6404309148445718,0.5988422585284512
set_cover_cw_tour,1226.0,-0.04387283423065757,-0.5250663193669968,0.8499297233789183,-1.6541594286424735,-1.0158519009364464,-0.35794471648625104,-0.3292833832559185,-0.6430465540121219,0.591556559277512
set_cover_cw_tour,1228.0,-0.051685622115659274,-0.5136142227057323,0.8564630912659948,-1.6710899032663995,-1.0283785145297735,-0.3647710359273153,-0.3299059845366603,-0.6457591287970514,0.5840370538678891
set_cover_cw_tour,1230.0,-0.059429880848034924,-0.5020289099708478,0.8628065036935401,-1.688627352616852,-1.0407952055618692,-0.37168345457936286,-0.330279056686606,-0.6485604714583085,0.5763128223178218
set_cover_cw_tour,1232.0,-0.06705705167781072,-0.49038671966847136,0.8689212950509818,-1.7066966611018342,-1.0530187125901866,-0.3786406818323402,-0.33038779090200304,-0.6514387411428643,0.5684212418819649
set_cover_cw_tour,1234.0,-0.0745159403845972,-0.47877333820783946,0.8747705214797312,-1.72519685365833,-1.064962010572383,-0.38559512468244034,-0.33022367838078004,-0.6543777902931652,0.56040916269172
set_cover_cw_tour,1236.0,-0.08175315150871497,-0.467283521393937,0.8803195629156921,-1.7439974227187671,-1.0765354216676228,-0.3924927182512248,-0.32978613601593876,-0.6573565853066615,0.5523340387531873
set_cover_cw_tour,1238.0,-0.08871360252163674,-0.4560205585446266,0.8855366434610598,-1.76293507093875,-1.0876478836727677,-0.39927295784448763,-0.3290840888074835,-0.6603487440395164,0.5442649206712625
set_cover_cw_tour,1240.0,-0.09534110330015022,-0.44509547008250283,0.8903932257904625,-1.7818112595528999,-1.098208308648131,-0.40586917953619767,-0.3281373623740602,-0.6633222618488466,0.5362831877399651
set_cover_cw_tour,1242.0,-0.10157898257180265,-0.4346259396294153,0.8948642371337259,-1.8003910208581964,-1.1081269397326912,-0.41220912657086767,-0.3269777045747694,-0.6662395004778057,0.5284828707591016
set_cover_cw_tour,1244.0,-0.10737074078679841,-0.42473499168941997,0.8989280899257086,-1.818403530240436,-1.1173165937643101,-0.4182158211401734,-0.32564923152095904,-0.6690575075456578,0.5209703989236351
set_cover_cw_tour,1246.0,-0.11266070859704737,-0.41554943485250895,0.9025664695368267,-1.8355449199515683,-1.1256936661049652,-0.4238087362693153,-0.32420808862331113,-0.6717287172436079,0.5138636013216759
set_cover_cw_tour,1248.0,-0.11739469205768739,-0.4071980970820561,0.9057638743124132,-1.8514837380992744,-1.1331787774760578,-0.4289052341354201,-0.3227211398440242,-0.6742020557122452,0.5072898127327189
set_cover_cw_tour,1250.0,-0.121520589834005,-0.39980988333515394,0.9085069088531611,-1.8658693043782517,-1.1396969654926192,-0.43342221116922336,-0.32126355352433517,-0.676424440786936,0.5013829793163892
set_cover_cw_tour,1252.0,-0.12498897383718481,-0.39351168623012844,0.9107833492216733,-1.8783429928665347,-1.1451773688223534,0.4372778742484756,0.3199152418789115,0.6783426309264,-0.4962797333904962
set_cover_cw_tour,1254.0,-0.1277536322797011,-0.3884261780218566,0.9125810175905895,-1.888552198118538,-1.1495524189209365,0.44039357277951635,0.3187562283980188,0.6799053485576655,-0.49211450386535277
set_cover_cw_tour,1256.0,-0.12977208233511572,-0.3846695077079216,0.9138865227620733,-1.8961664396932196,-1.1527566379858467,0.4426956310880005,0.31786115220957983,0.6810655835406427,-0.48901384136651915
set_cover_cw_tour,1258.0,-0.1310060674112337,-0.3823489221968952,0.9146839410399178,-1.9008947615879697,-1.154725232072579,0.4441171601376966,0.3172932562800773,0.6817829736982305,-0.48709025279265317
set_cover_cw_tour,1260.0,-0.1314220603825282,-0.38156032711522725,0.9149535282278176,-1.9025033139935945,-1.1553927508748163,0.4445998652852788,0.3170983310618966,0.6820261568510582,-0.4864359460371404
set_cover_cw_tour,1262.0,-0.1310678230316026,-0.38102452367384004,0.9152275881576558,-1.9021051410398735,-1.1560723816386644,0.44476843088010803,0.3173521648356468,0.6817782007294819,-0.48646390552295377
set_cover_cw_tour,1264.0,-0.13001898008843527,-0.3794444046714371,0.9160333010214757,-1.900913869472283,-1.1580765433265106,0.4452620087532683,0.3181047519767426,0.6810424779806564,-0.48655138836179146
set_cover_cw_tour,1266.0,-0.12830555822774278,-0.37687427829133835,0.9173349781242673,-1.8989350816917885,-1.1613339154251658,0.44605488915112496,0.31933824938994254,0.6798351723693312,-0.48670551337590806
set_cover_cw_tour,1268.0,-0.12595944676099805,-0.3733696500957181,0.9190915744141409,-1.8961651982291008,-1.1657688600698861,0.44711711935804593,0.3210362582318212,0.6781706601446355,-0.48693588715195757
set_cover_cw_tour,1270.0,-0.12301425464709738,-0.3689871419457602,0.921257826144407,-1.892592103220215,-1.1713020809578572,0.4484149725247146,0.32318381978294797,0.6760616436051168,-0.48725443568233495
set_cover_cw_tour,1272.0,-0.11950518039137942,-0.36378443740336086,0.9237853619552239,-1.8881955362513516,-1.177851238624941,0.449911340016377,0.32576745626500747,0.6735192310797936,-0.48767529764073375
set_cover_cw_tour,1274.0,-0.11546888151084822,-0.3578202290281795,0.9266237753807393,-1.8829472932935347,-1.185331533976871,0.45156605824509205,0.328775245921274,0.6705529646678404,-0.4882147624617325
set_cover_cw_tour,1276.0,-0.11094333276195834,-0.3511541476200224,0.9297216473358706,-1.8768112697046997,-1.1936562689913,0.453336177380399,0.3321969232461813,0.6671707956488727,-0.4888912393336051
set_cover_cw_tour,1278.0,-0.10596766520762965,-0.34384665848358287,0.933027507300893,-1.869743372119729,-1.202737390285866,0.4551761764685715,0.3360239957619858,0.6633790069605487,-0.4897252451851313
set_cover_cw_tour,1280.0,-0.10058198125373041,-0.3359589149581549,0.9364907220614701,-1.8616913228936698,-1.2124860180336456,0.45703812730928,0.340249868396973,0.6591820823434962,-0.49073940086237333
set_cover_cw_tour,1282.0,-0.09482714383245487,-0.32755256452198683,0.9400623012692556,-1.8525943803823015,-1.2228129597372026,0.4588718080027208,0.3448699654279941,0.654582522575971,-0.49195842497520736
set_cover_cw_tour,1284.0,-0.08874454078222167,-0.31868950752549335,0.9436956099688666,-1.842383000803114,-1.2336292058568248,0.46062476652177997,0.3498818381418824,0.6495806106477998,-0.4934091143013522
set_cover_cw_tour,1286.0,-0.0823758280191123,-0.30943161282418724,0.9473469796981399,-1.8309784730502352,-1.2448464024068504,0.46224233517991503,0.3552852438126248,0.6441741298271454,-0.49512029806690716
set_cover_cw_tour,1288.0,-0.0757626571864944,-0.29984039809463026,0.9509762118194627,-1.8182925672245869,-1.2563772945300276,-0.3953934711416986,-0.4407009480529041,-0.5862286268841865,0.5529761969427541
set_cover_cw_tour,1290.0,-0.06894639501369192,-0.28997668529038695,0.954546969301467,-1.8042272516148699,-1.2681361348405986,-0.4005715885912163,-0.4415096772363393,-0.5827026706764861,0.5523307024841762
set_cover_cw_tour,1292.0,-0.06196784255799802,-0.2799002434486639,0.9580270560929299,-1.7886745524681793,-1.2800390510646518,-0.4058064855431401,-0.4423379081515326,-0.5790691636507035,0.5516676309265628
set_cover_cw_tour,1294.0,-0.05486696283762769,-0.2696694318715846,0.9613885863182644,-1.7715166572925438,-1.2920043692446495,-0.41106620461653653,-0.4431804440593673,-0.5753473519728372,0.5509910108189987
set_cover_cw_tour,1296.0,-0.04768262512062255,-0.25934085662094974,0.96460804856103,-1.7526263967491784,-1.3039528915353589,-0.4163210278667107,-0.4440321056008291,-0.5715564729368441,0.5503049056620286
set_cover_cw_tour,1298.0,-0.04045237338927094,-0.24896905238144038,0.967666273279927,-1.731868283098995,-1.3158081314052923,-0.4215435434349967,-0.4448877900171777,-0.5677156339121436,0.5496133680084863
set_cover_cw_tour,1300.0,-0.03321222535445763,-0.23860620021076925,0.9705483137422799,-1.7091003342459166,-1.3274965138557933,-0.4267086703217982,-0.4457425288269293,-0.563843693475597,0.5489203931308931
set_cover_cw_tour,1302.0,-0.025996506971569626,-0.22830188968369877,0.9732432526311853,-1.6841769690510344,-1.3389475540235227,-0.43179364435299394,-0.44659154133214896,-0.559959149131756,0.548229874423654
set_cover_cw_tour,1304.0,-0.01883772583785795,-0.21810293164125236,0.9757439476085665,-1.6569533153021423,-1.3500940340958747,-0.4367779690700546,-0.44743028192545325,-0.556080035368146,0.5475455623198033
set_cover_cw_tour,1306.0,-0.011766485254109267,-0.20805322536420517,0.9780467295790708,-1.6272913139303626,-1.360872205515433,-0.441643335754296,-0.4482544797804439,-0.5522238350377664,0.5468710280831885
set_cover_cw_tour,1308.0,-0.004811439219886284,-0.1981936816696312,0.9801510672334497,-1.5950680104959467,-1.3712220503241033,-0.44637351708221246,-0.44906017009114424,-0.5484074062662317,0.546209633417164
set_cover_cw_tour,1310.0,0.0020007127115799954,-0.1885622013194303,0.9820592107313164,-1.5601863656109674,-1.381087641023038,-0.4509542390029619,-0.44984371654937055,-0.5446469262974497,0.5455645064344358
set_cover_cw_tour,1312.0,0.008645192904064875,-0.17919370633224535,0.9837758262178251,-1.5225887474958024,-1.3904176405955455,-0.4553730353443219,-0.4506018251923405,-0.5409578529620389,0.544938524178032
set_cover_cw_tour,1314.0,0.015099078463903709,-0.17012022036823934,0.9853076313778365,-1.4822729457395294,-1.399165980606701,-0.459619089412676,-0.45133155010544684,-0.5373549038088911,0.5443343015825978
set_cover_cw_tour,1316.0,0.021341203015394012,-0.1613709933364674,0.9866630405378817,-1.4393100307995323,-1.4072927421248205,-0.4636830664846339,-0.452030291724898,-0.5338520524034787,0.5437541865246681
set_cover_cw_tour,1318.0,0.027352031317222452,-0.15297266475211568,0.9878518260455151,-1.3938626846885191,-1.4147652382115459,-0.4675569406242091,-0.452695788656421,-0.5304625408774213,0.5432002604314002
set_cover_cw_tour,1320.0,0.03311351066209379,-0.14494946011611387,0.9888848008861693,-1.3462018297016094,-1.4215592560543455,-0.4712338187312278,-0.4533261040189158,-0.5271989075140278,0.542674343796564
set_cover_cw_tour,1322.0,0.038608902841760745,-0.13732341465593811,0.9897735258171886,-1.2967186808813134,-1.4276603634476943,-0.4747077641623876,-0.4539196073482314,-0.5240730279683806,0.5421780058844397
set_cover_cw_tour,1324.0,0.043822600127939225,-0.13011461909754365,0.9905300427625241,-1.2459290486588745,-1.4330651264108136,-0.4779736216903883,-0.4544749530698659,-0.5210961686370122,0.5417125778788445
set_cover_cw_tour,1326.0,0.048739928256143754,-0.12334148267486644,0.9911666348526627,-1.1944671547976802,-1.4377820374019763,-0.48102684499788995,-0.45499105648413796,-0.5182790506969929,0.5412791687470043
set_cover_cw_tour,1328.0,0.05334693884174724,-0.11702100926776113,0.9916956123257628,-1.143067599501295,-1.441831936325542,-0.48386332735509846,-0.4554670681160972,-0.5156319234113157,0.540878683127489
set_cover_cw_tour,1330.0,0.057630193038161366,-0.11116908333984098,0.9921291225237588,-1.0925363110868023,-1.4452477360315736,-0.4864792356104403,-0.45590234717649525,-0.5131646454305692,0.540511840609401
set_cover_cw_tour,1332.0,0.06157653759234598,-0.1058007631806695,0.9924789814039018,-1.043713790661429,-1.44807334467555,-0.4888708471356786,-0.45629643476909065,-0.5108867729946078,0.5401791958387671
set_cover_cw_tour,1334.0,0.06517287378252024,-0.10093057980733994,0.9927565233140913,-0.9974359215881657,-1.4503617945746936,-0.4910343889080583,-0.45664902737118584,-0.5088076541382704,0.5398811589608866
set_cover_cw_tour,1336.0,0.06840591904991083,-0.0965728407229394,0.9929724652142367,-0.9544983077304051,-1.4521727095291843,-0.49296587747663556,-0.4569599510146965,-0.5069365282199448,0.5396180159785682
set_cover_cw_tour,1338.0,0.0712619604674073,-0.09274193854631246,0.9931367810251586,-0.9156292507771672,-1.4535693332832635,-0.4946609581384651,-0.45722913650899444,-0.5052826303105379,0.53938994867094
set_cover_cw_tour,1340.0,0.07372659852454486,-0.08945266530856905,0.993258581306597,-0.881474401117372,-1.4546153748793798,-0.4961147412303923,-0.45745659597805194,-0.5038553001943127,0.5391970537717852
set_cover_cw_tour,1342.0,0.07578447904742625,-0.08672053395201756,0.9933459929584392,-0.8525935696938356,-1.45537189727413,-0.49732163300876325,-0.4576424009363532,-0.5026640959343498,0.5390393611464845
set_cover_cw_tour,1344.0,0.07741901040800613,-0.08456210926527405,0.9934060330519706,-0.8294679534954597,-1.4558943994738576,-0.4982751581248173,-0.4577866621039855,-0.5017189121367545,0.5389168507290263
set_cover_cw_tour,1346.0,0.07861206250174368,-0.08299535114420291,0.993444470173181,-0.8125145818009427,-1.4562301461870388,-0.49896777018763866,-0.4578895111652508,-0.5010301032013706,0.5388294679811486
set_cover_cw_tour,1348.0,0.07934364327784699,-0.08203997368092754,0.9934656657327572,-0.8021041934660998,-1.4564157082671452,-0.4993906463162962,-0.4579510847124226,-0.5006086119632703,0.5387771376095273
set_cover_cw_tour,1350.0,0.0795915478857055,-0.08171782414702043,0.9934723864918612,-0.7985787560799372,-1.456474609532356,-0.49953346089191736,-0.45797151069450154,-0.5004661041962215,0.5387597752173005
set_cover_cw_tour,1352.0,0.08017704679213053,-0.08172922712737933,0.9934243678312173,-0.7949847763636799,-1.4560544310298014,-0.49967807331791886,-0.4578096258912019,-0.5003217195418289,0.5388973431381507
set_cover_cw_tour,1354.0,0.08190955668775368,-0.08176688841129598,0.9932799205071803,-0.7845265154322224,-1.4547996062561166,-0.5001048081581493,-0.4573292476969108,-0.4998951698677442,0.539305070624204
set_cover_cw_tour,1356.0,0.08474319123373185,-0.0818357261160451,0.9930365076222438,-0.7679459553202017,-1.4527150910040354,-0.5008003172019776,-0.45654064670381245,-0.4991983997274018,0.5399728121926739
set_cover_cw_tour,1358.0,0.08863600863298195,-0.08194009886084616,0.99268800646139,-0.7461636320297492,-1.4497928406511218,-0.5017520810963245,-0.455452683127459,-0.4982417576995203,0.540890796216758
set_cover_cw_tour,1360.0,0.09354924691968303,-0.08208385539932604,0.9922251655161456,-0.7202103018693226,-1.4460170809314727,-0.5029482589925727,-0.45407304232228796,-0.4970342531217946,0.5420495108716377
set_cover_cw_tour,1362.0,0.09944658328716756,-0.08227037095252643,0.9916360033479231,-0.6911563684883739,-1.441369265219702,-0.5043775422998362,-0.452408458732636,-0.4955837919298582,0.5434395886086703
set_cover_cw_tour,1364.0,0.10629341564894103,-0.08250257217686098,0.9909061688040314,-0.660045384594816,-1.4358322747000258,-0.5060290131978332,-0.45046493134704985,-0.4938973960267732,0.5450516907840005
set_cover_cw_tour,1366.0,0.11405616499050296,-0.08278295247252522,0.9900192796140844,-0.6278380413561395,-1.4293935886368658,-0.5078920084396618,-0.44824793333781465,-0.4919814099771723,0.5468763939487405
set_cover_cw_tour,1368.0,0.12270159798257942,-0.08311357917228071,0.988957254288422,-0.5953715626056717,-1.4220473471131005,-0.5099559889860474,-0.44576261811803813,-0.4898416982018398,0.5489040793149128
set_cover_cw_tour,1370.0,0.1321961706591417,-0.08349609404092469,0.9877006503708339,-0.5633366785078272,-1.4137954033380855,-0.5122104161207945,-0.4430140235399627,-0.4874838352369877,0.5511248270101188
set_cover_cw_tour,1372.0,0.14250539560987874,-0.08393170845362564,0.9862290203285075,-0.5322713196618237,-1.404647580771949,-0.5146446348718297,-0.4400072753914638,-0.48491329100947655,0.5535283168931654
set_cover_cw_tour,1374.0,0.15359323699798721,-0.0844211945970308,0.9845212945646683,-0.5025678164538995,-1.3946213977919093,-0.5172477657767149,-0.4367477907236734,-0.48213561245669956,0.556103737892482
set_cover_cw_tour,1376.0,0.1654215396867714,-0.084964874039747,0.9825561990985898,-0.4744892288439208,-1.383741508603144,-0.5200086062607041,-0.4332414808646724,-0.4791566021822094,0.5588397080184853
set_cover_cw_tour,1378.0,0.17794950072514773,-0.08556260503616242,0.9803127132762771,-0.4481904388912165,-1.3720390565800937,-0.5229155431141299,-0.42949495325064246,-0.47598249418403465,0.561724207358227
set_cover_cw_tour,1380.0,0.19113319326579495,-0.08621376994587275,0.9777705703812835,-0.4237404283895584,-1.359551069979006,-0.5259564777381759,-0.42551571045244707,-0.47262012602644393,0.5647445264525803
set_cover_cw_tour,1382.0,0.20492515451264706,-0.0869172641552265,0.9749108011709269,-0.40114327271653005,-1.3463199683024003,-0.5291187659470515,-0.42131234401689116,-0.46907710615917864,0.5678872324493595
set_cover_cw_tour,1384.0,0.21927405034167616,-0.08767148786200628,0.9717163171743173,-0.3803564522961566,-1.3323931999419825,-0.5323891741433033,-0.41689472001231975,-0.4653619744403399,0.5711381552880612
set_cover_cw_tour,1386.0,0.23412442962714583,-0.08847434201348331,0.9681725271133471,-0.36130592504161047,-1.3178230002215354,-0.5357538535959497,-0.4122741525118174,-0.4614843533177368,0.5744823958753329
set_cover_cw_tour,1388.0,0.2494165808577797,-0.08932322955792886,0.9642679761635539,-0.34389796704261166,-1.3026662415134416,-0.5391983343265367,-0.4074635607163195,-0.4574550866035794,0.577904357734373
set_cover_cw_tour,1390.0,0.26508650219286334,-0.09021506296909831,0.9599949941372792,-0.328028107572195,-1.2869843400533183,-0.5427075397308326,-0.40247760507171265,-0.4532863623795745,0.581387802947171
set_cover_cw_tour,1392.0,0.28106599358628426,-0.09114627872601576,0.9553503352821697,-0.313587623097895,-1.2708431838456737,-0.546265822528204,-0.39733279762596124,-0.4489918163369848,0.5849159323618456
set_cover_cw_tour,1394.0,0.2972828759705753,-0.09211285907696427,0.9503357895224881,-0.3004680786854032,-1.2543130498410116,-0.5498570219438844,-0.39204758205568574,-0.4445866118305889,0.5884714890326381
set_cover_cw_tour,1396.0,0.31366133781351224,-0.09311036099529618,0.9449587429281573,-0.2885643657377666,-1.2374684844664086,-0.08339427302596729,-0.5739779100387453,-0.117126811110001,0.8061489094039802
set_cover_cw_tour,1398.0,0.33012240381885677,-0.09413395176258746,0.939232664265047,-0.2777766178120984,-1.2203881284300702,-0.07933105942636473,-0.5675085623751682,-0.11345849338609057,0.8116451102050198
set_cover_cw_tour,1400.0,0.34658451443782784,-0.09517845011724095,0.9331774948985723,-0.268011312717674,-1.2031544738095727,-0.07561285471451992,-0.5608696500941286,-0.11014979974732529,0.817052601379394
set_cover_cw_tour,1402.0,0.36296419858986034,-0.09623837141627604,0.9268199212409944,-0.25918180057925566,-1.185853548369426,-0.07221166375331783,-0.5541050658353804,-0.10717031641568733,0.8223548959621435
set_cover_cw_tour,1404.0,0.3791768160362632,-0.0973079748112559,0.9201935123759207,-0.25120843895928296,-1.1685745285671145,-0.06910188700304759,-0.5472595669678029,-0.10449190563905589,0.8275344930761193
set_cover_cw_tour,1406.0,0.395137340715606,-0.09838131007300378,0.9133387103372542,-0.24401846866848645,-1.1514092885781824,-0.06626031730708587,-0.5403787805019629,-0.1020887027315388,0.8325732644687598
set_cover_cw_tour,1408.0,0.410761152517798,-0.09945226144683866,0.9063026664836421,-0.2375457268542467,-1.134451897693087,-0.06366606995679461,-0.533509147271221,-0.09993704778026831,0.8374528092944435
set_cover_cw_tour,1410.0,0.42596480284442595,-0.1005145858051009,0.8991389240702119,-0.2317302658394119,-1.1177980824138811,-0.06130047180842057,-0.5266978112893473,-0.09801537716500472,0.8421547681859184
set_cover_cw_tour,1412.0,0.4406667191391365,-0.10156194239949602,0.891906953947098,-0.22651792530165657,-1.1015446723351252,-0.05914692778585753,-0.5199924635948328,-0.09630409251432898,0.8466610895175607
set_cover_cw_tour,1414.0,0.45478781546242325,-0.10258791170118153,0.8846715567258322,-0.22185989015607566,-1.085789050307449,-0.0571907776013633,-0.5134411520087817,-0.09478541919875348,0.8509542424176303
set_cover_cw_tour,1416.0,0.46825198002919766,-0.10358600113657451,0.8775021501781461,-0.21771225558559548,-1.0706286274005916,-0.05541915151636995,-0.5070920692360902,-0.09344326248190117,0.8550173727239725
set_cover_cw_tour,1418.0,0.4809864161457023,-0.10454963595472984,0.8704719645715461,-0.2140356129686446,-1.0561603618353492,-0.05382083107722327,-0.5009933317536802,-0.0922630666382591,0.858834399762264
set_cover_cw_tour,1420.0,0.49292181975392424,-0.1054721339630306,0.8636571707383459,-0.21079466513622433,-1.042480338454522,-0.052386118704073434,-0.49519276106837445,-0.09123168039950681,0.8623900535396294
set_cover_cw_tour,1422.0,0.5039923843114307,-0.10634666340428886,0.8571359657247232,-0.2079578758111798,-1.0296834216382211,-0.051106718562084485,-0.48973767731240997,-0.09033723077962068,0.8656698536240772
set_cover_cw_tour,1424.0,0.5141356314806055,-0.1071661837855977,0.8509876388613823,-0.20549715576742103,-1.017862990076049,-0.04997563013681897,-0.4846747129139124,-0.08956900647832365,0.8686600325401939
set_cover_cw_tour,1426.0,0.5232920736033562,-0.10792336998124145,0.8452916371973591,-0.2033875868531499,-1.0071107567470794,-0.04898705524994727,-0.4800496513823139,-0.08891735154648285,0.8713474078802419
set_cover_cw_tour,1428.0,0.5314047208354719,-0.10861052040540661,0.8401266437454779,-0.20160718430835828,-0.997516672079395,-0.04813631880269436,-0.47590729323680925,-0.08837356972691443,0.8737192084587938
set_cover_cw_tour,1430.0,0.5384184519008474,-0.10921945048806478,0.8355696753040887,-0.20013669761033065,-0.98916890277971,-0.04741980326532826,-0.4722913479221698,-0.08792983980103851,0.87576286071556
set_cover_cw_tour,1432.0,0.5442792726641698,-0.10974137310945846,0.8316951992023357,-0.19895945030160583,-0.9821538734001581,-0.046834896805466965,-0.46924434732299497,-0.08757914234183607,0.8774657422220575
set_cover_cw_tour,1434.0,0.5489334912478724,-0.1101667680929001,0.8285742606395561,-0.19806121984503827,-0.9765563524376256,-0.046379954947454095,-0.4668075732996168,-0.08731519848334952,0.8788149096385475
set_cover_cw_tour,1436.0,0.5523268425240951,-0.11048524337623891,0.8262736048207376,-0.19743015951002105,-0.9724595596705436,-0.04605427577686918,-0.4650209885924085,-0.0871324216723686,0.8797968088966428
set_cover_cw_tour,1438.0,0.5544035989014584,-0.11068539114753655,0.8248547712849987,-0.19705676567103153,-0.9699452665070757,-0.045858088962491717,-0.46392315751828966,-0.08702588389399388,0.8803969758736325
set_cover_cw_tour,1440.0,0.5551057088760922,-0.11075464311898009,0.824373132143909,-0.19693389579962525,-0.9690938562990395,-0.04579255929728746,-0.46355114014393384,-0.08699129860631497,0.8805997365154332
set_cover_cw_tour,1442.0,0.555225901371738,-0.11022059853403639,0.8243637656427772,-0.1959671448111899,-0.9690773092770091,-0.045567768491555055,-0.463565934974728,-0.0865660051356027,0.8806455184468772
set_cover_cw_tour,1444.0,0.5555832658432228,-0.10864067765854583,0.8243327227963664,-0.1931067820369538,-0.9690224713009771,-0.044902399710111535,-0.46360648108059505,-0.08530766541440715,0.8807811348013108
set_cover_cw_tour,1446.0,0.5561694683765771,-0.10605811347969152,0.824273740338029,-0.18843156424158955,-0.9689182893537274,-0.043814210823769524,-0.46366428692709977,-0.08325079483161475,0.8810022980209409
set_cover_cw_tour,1448.0,0.5569748127490785,-0.10251370312039591,0.8241783779229304,-0.1820173702377828,-0.968749882147021,-0.04232019948626538,-0.46372821129714314,-0.0804284755084478,0.8813038108904226
set_cover_cw_tour,1450.0,0.5579883583459276,-0.09804636387373944,0.8240363477915005,-0.17393836147678032,-0.9684991376162548,-0.04043698975045566,-0.46378484547232146,-0.07687286866802263,0.881679663501935
set_cover_cw_tour,1452.0,0.5591980181071824,-0.0926936746885536,0.8238358205478394,-0.16426814571951323,-0.9681452760341838,-0.038181228694740305,-0.46381887320436554,-0.07261572698693734,0.8821231222618253
set_cover_cw_tour,1454.0,0.5605906440583878,-0.08649239958826627,0.8235637161796685,-0.15308091286122513,-0.9676653962760231,-0.03556997979752532,-0.4638134231302482,-0.06768889491642957,0.8826268172712619
set_cover_cw_tour,1456.0,0.5621521070538091,-0.07947898956929644,0.8232059880443086,-0.1404525128549344,-0.9670350197892391,-0.03262110008906481,-0.4637504259122655,-0.062124785225285424,0.8831828334812016
set_cover_cw_tour,1458.0,0.5638673765234471,-0.07169005927772865,0.8227479061616146,-0.1264614455098378,-0.9662286435914584,-0.029353587897754035,-0.4636109856912842,-0.05595681982236244,0.8837828099364982
set_cover_cw_tour,1460.0,0.5657206052220165,-0.0631628343209077,0.8221743447638008,-0.11118973149407514,-0.965220310127733,-0.025787887640830776,-0.46337577240755423,-0.04921982257885863,0.8844180501674714
set_cover_cw_tour,1462.0,0.5676952231907113,-0.05393556453962001,0.8214700776317059,-0.09472363388273065,-0.9639841980724693,-0.02194613792889548,-0.4630254381751951,-0.04195035169474689,0.8850796453570502
set_cover_cw_tour,1464.0,0.5697740443271951,-0.04404789804486405,0.8206200832838914,-0.0771542007425845,-0.9624952342098874,-0.017852349582056257,-0.4625410572496453,-0.03418695942582211,0.8857586103324074
set_cover_cw_tour,1466.0,0.5719393880898075,-0.03354121040359306,0.8196098605776522,-0.05857760211570014,-0.960729722471073,-0.013532501274545462,-0.4619045853240283,-0.025970367955301544,0.8864460307622558
set_cover_cw_tour,1468.0,0.5741732179221942,-0.022458883127291038,0.818425753742847,-0.039095239773328176,-0.958665982205185,-0.009014542645147686,-0.4610993301247573,-0.01734355204111826,0.8871332182834751
set_cover_cw_tour,1470.0,0.5764572969698757,-0.010846525654953629,0.8170552843298922,-0.01881361544874811,-0.9562849840317467,-0.004328297938205397,-0.4601104218082371,-0.008351721888829542,0.8878118687660669
set_cover_cw_tour,1472.0,0.5787733605793781,0.0012478646047964029,0.8154874860582357,0.002156047178750639,-0.9535709684152428,0.00049473245716716,-0.45892526879232326,0.0009577965362691867,0.8884742177066732
set_cover_cw_tour,1474.0,0.5811033039461779,0.013773808849120855,0.8137132371619769,0.023698420113321166,-0.9505120296934426,0.005421670012424803,-0.4575339826992291,0.010535781997200608,0.8891131859709231
set_cover_cw_tour,1476.0,0.5834293821464319,0.026678323579625785,0.8117255836175262,0.045694909233333,-0.9471006469307214,0.010418647322108378,-0.4559297553134428,0.02033143247801955,0.8897225089100497
set_cover_cw_tour,1478.0,0.585734418698102,0.039905969348614824,0.8095200456830849,0.06802468152850485,-0.9433341428563343,0.01545127454362383,-0.4541091710539583,0.030292761769699177,0.8902968423307075
set_cover_cw_tour,1480.0,0.5880020178076671,0.0533989715205442,0.8070948995593146,0.09056583851655062,-0.9392150533940891,0.020485163637031366,-0.45207244047932693,0.040367061513465564,0.8908318398971815
set_cover_cw_tour,1482.0,0.5902167746318081,0.06709741075454202,0.8044514257637073,0.1131966838862886,-0.9347513928855984,0.025486486788491212,-0.44982354368458677,0.050501408209441406,0.8913241982057282
set_cover_cw_tour,1484.0,0.5923644772807587,0.08093947845165063,0.8015941160486822,0.13579702757669332,-0.9299568039154749,0.03042254270481355,-0.4473702768504443,0.06064319211896308,0.891771667825208
set_cover_cw_tour,1486.0,0.5944322939650937,0.09486178988166978,0.7985308314096847,0.15824946656955952,-0.9248505853998612,0.03526230364174675,-0.4447242002735995,0.07074064396413518,0.8921730308210534
set_cover_cw_tour,1488.0,0.5964089386798578,0.10879974526358878,0.7952729049158809,0.1804405848701208,-0.9194575979356271,0.039976917191908254,-0.4419004914663345,0.08074333595958941,0.8925280474202255
set_cover_cw_tour,1490.0,0.5982848091479573,0.12268792688349284,0.7918351847069081,0.2022620212257402,-0.9138080509019503,0.04454013989333821,-0.43891771186916306,0.09060263590845333,0.8928373762966358
set_cover_cw_tour,1492.0,0.600052091403014,0.1364605185513925,0.7882360144522415,0.2236113624061986,-0.9079371810226792,0.04892868429521877,-0.4357974999282148,0.1002720965912785,0.8931024742741708
set_cover_cw_tour,1494.0,0.6017048263483553,0.15005173245935563,0.7844971507501104,0.2443928313358201,-0.9018848366386003,0.05312246673996803,-0.4325642064119648,0.109707767076946,0.8933254819502456
set_cover_cw_tour,1496.0,0.6032389348261556,0.16339622790821828,0.7806436192112062,0.2645177518548757,-0.8956949854853729,0.05710474921146841,-0.42924448968595447,0.11886841742517948,0.8935091018174203
set_cover_cw_tour,1498.0,0.6046521990903445,0.17642950647372635,0.7767035131764549,0.2839047842216182,-0.8894151661159477,0.06086217457609646,-0.4258668891888401,0.12771567306892223,0.8936564749673339
set_cover_cw_tour,1500.0,0.6059442000054471,0.1890882689879646,0.7727077410061929,0.30247993662111766,-0.8830959041569498,0.06438469989742937,-0.4224613946570967,0.13621405955942006,0.8937710615262957
set_cover_cw_tour,1502.0,0.607116210691411,0.20131072116878887,0.7686897295126326,0.3201763671515946,-0.8767901143737521,0.06766543685439239,-0.41905902693371594,0.14433096202707718,0.8938565287567182
set_cover_cw_tour,1504.0,0.6081710486049084,0.21303681674226765,0.7646850922772902,0.33693399754919295,-0.8705525081635879,0.0707004114070276,-0.4156914437363447,0.15203650647768518,0.8939166494306565
set_cover_cw_tour,1506.0,0.6091128891053303,0.22420842933819868,0.7607312722239408,0.3526989641309116,-0.864439023795257,0.07348825665878331,-0.4123905808402697,0.1593033718461722,0.8939552117896724
set_cover_cw_tour,1508.0,0.609947044332179,0.234769447142096,0.7568671678696556,0.36742293318979724,-0.8585062937027852,0.07602985341710063,-0.40918833602188137,0.16610654260911692,0.8939759412621034
set_cover_cw_tour,1510.0,0.610679711676951,0.24466578709850895,0.7531327521557027,0.38106230766931903,-0.8528111596636055,0.0783279324119319,-0.4061163000350465,0.1724230118266371,0.8939824331845383
set_cover_cw_tour,1512.0,0.6113176962499086,0.25384532823050404,0.7495686917069391,0.3935773497959797,-0.8474102429786339,0.08038665071144155,-0.40320553602371484,0.17823144390054904,0.8939780950964912
set_cover_cw_tour,1514.0,0.6118681115288088,0.2622577662436018,0.7462159728517512,0.4049312409268477,-0.84235957301627,0.08221115281541787,-0.40048640621344533,0.18351180527103664,0.8939660967381059
set_cover_cw_tour,1516.0,0.6123380618639315,0.26985439392991895,0.7431155388426757,0.41508909562464286,-0.8377142738321759,0.08380712444289408,-0.39798844251731313,0.18824496989475606,0.8939493256469178
set_cover_cw_tour,1518.0,0.6127343097514379,0.2765878139326105,0.7403079405473163,0.4240169423066471,-0.8335283051260167,0.08518034436651672,-0.39574025583186634,0.19241230479990107,0.8939303461731908
set_cover_cw_tour,1520.0,0.6130629298388257,0.28241159216999523,0.7378330005261649,0.4316806780496654,-0.8298542505864519,0.08633623694859864,-0.393769477240049,0.19599523941842506,0.8939113597605571
set_cover_cw_tour,1522.0,0.6133289505649284,0.2872798616953975,0.7357294879663293,0.438045000516644,-0.8267431436982684,0.08727942542677648,-0.39210272300388516,0.19897482084543855,0.8938941644174863
set_cover_cw_tour,1524.0,0.6135359832413263,0.29114688806585953,0.7340347994732027,0.4430723156749907,-0.8242443182892067,0.08801328356655466,-0.39076557402266315,0.2013312557405716,0.8938801113888241
set_cover_cw_tour,1526.0,0.6136858373351145,0.2939666085287608,0.7327846382972268,0.44672161612192574,-0.8224052683921895,0.08853948109983652,-0.389782559240322,0.20304343831926114,0.8938700570855526
set_cover_cw_tour,1528.0,0.6137781198021853,0.29569215865685117,0.73201268224051,0.4489473215085512,-0.8212714992784472,0.08885751644162279,-0.3891771311867339,0.20408846282965407,0.8938643083113451
set_cover_cw_tour,1530.0,0.6138098156401682,0.2962754016374067,0.7317502282940375,0.4496980698525005,-0.8208863486491067,0.08896422855851417,-0.38897162030231236,0.20444111812282195,0.8938625587063553
set_cover_cw_tour,1532.0,0.6143349628107319,0.2962575078713419,0.7313166499528087,0.4493397425336003,-0.8202504219326063,0.08882957919721393,-0.38870330637447503,0.20430922203411458,0.8940228113784412
set_cover_cw_tour,1534.0,0.6158868474939946,0.29620182666157413,0.7300327862269309,0.44827999009399416,-0.8183699237150686,0.08843190683070462,-0.3879094429453197,0.20391871009511237,0.894496071316852
set_cover_cw_tour,1536.0,0.6184187612894285,0.2961045214756114,0.7279288069907305,0.4465516170640719,-0.8152963255727559,0.08778434982911928,-0.38661033108786297,0.20328076950714924,0.8952671604441844
set_cover_cw_tour,1538.0,0.6218845581547428,0.295960540399758,0.7250289338053784,0.4441898453000403,-0.8110764044404647,0.0869008685331048,-0.3848233818046859,0.20240722748714687,0.8963205442951553
set_cover_cw_tour,1540.0,0.6262383435881853,0.29576379693708316,0.721352419723734,0.441231882095378,-0.8057530987234256,0.08579611303432635,-0.38256363659655745,0.20131043728511597,0.8976403504646467
set_cover_cw_tour,1542.0,0.6314341267412598,0.29550733402210255,0.7169144712764921,0.4377165055051081,-0.7993663393388417,0.08448529902857738,-0.37984426987739267,0.2000031681516085,0.8992103745057003
set_cover_cw_tour,1544.0,0.6374254547766909,0.29518347830315533,0.7117271273034207,0.43368367059192603,-0.7919538549651195,0.08298409128443916,-0.37667707350064444,0.1984985010287097,0.9010140775715113
set_cover_cw_tour,1546.0,0.6441650464549323,0.2947839908221447,0.705800107453013,0.42917413954291705,-0.7835519508829248,0.08130849423473414,-0.37307292369168005,0.19680973141762015,0.903034579621814
set_cover_cw_tour,1548.0,0.6516044405124061,0.29430021934145983,0.6991416408712063,0.42422913793953126,-0.7741962603248581,0.07947474915902443,-0.3690422304308986,0.19495028059067912,0.905254651742985
set_cover_cw_tour,1550.0,0.6596936735977715,0.2937232566916486,0.6917592829109913,0.41889003887879733,-0.7639224663593988,0.07749923738822373,-0.3645953688637549,0.19293361605541104,0.907656710988868
set_cover_cw_tour,1552.0,0.6683810020928598,0.29304410860236696,0.6836607246688877,0.41319807612719933,-0.7527669911466832,0.0753983889317075,-0.35974309167633095,0.1907731819326947,0.9102228210679696
set_cover_cw_tour,1554.0,0.6776126818115972,0.29225387349902643,0.6748545968376523,0.4071940870282458,-0.7407676480357148,0.073188595908301,-0.35449692061571264,0.18848233967186034,0.9129347021199107
set_cover_cw_tour,1556.0,0.687332819104584,0.29134393567274414,0.665351265820139,0.40091828547097635,-0.7279642505416165,0.07088613016128129,-0.3488695145034033,0.18607431928632095,0.9157737526829702
set_cover_cw_tour,1558.0,0.6974833060746226,0.2903061720489733,0.6551636163718848,0.3944100648526951,-0.7143991708701938,0.06850706446094679,-0.3428750102448091,0.18356218105130148,0.9187210867049123
set_cover_cw_tour,1560.0,0.7080038512270529,0.28913317149495954,0.6443078113673055,0.38770783063111985,-0.7001178394761307,0.0660671967535647,-0.3365293325452622,0.18095878736086257,0.9217575880494027
set_cover_cw_tour,1562.0,0.7188321147710218,0.28781846424298063,0.6328040158016005,0.3808488617572958,-0.6851691762877953,0.06358197700916575,-0.32985046737909457,0.1782767841988459,0.9248639843701975
set_cover_cw_tour,1564.0,0.7299039548391082,0.2863567576131336,0.6206770690782143,0.373869200011273,-0.6696059438436656,0.06106643635746622,-0.32285869380543764,0.1755285914450767,0.9280209414502205
set_cover_cw_tour,1566.0,0.7411537870605589,0.2847441728673048,0.6079570872552653,0.36680356602907943,-0.6534850127913497,0.058535118382845065,-0.31557676856644307,0.17272640102451667,0.9312091781367846
set_cover_cw_tour,1568.0,0.7525150552563806,0.28297847680643207,0.5946799755135515,0.35968530061381637,-0.6368675311061193,0.05600201267318023,-0.3080300581177093,0.1698821817254841,0.9344096008735908
set_cover_cw_tour,1570.0,0.7639208056762814,0.28105930074215657,0.5808878309288559,0.35254632976758893,-0.6198189900600564,0.05348049097567872,-0.3002466133878344,0.1670076893768534,0.9376034555840445
set_cover_cw_tour,1572.0,0.77530435143147,0.27898833884201807,0.5666292168972573,0.3454171517657396,-0.602409182430294,0.05098324659229005,-0.292257183678462,0.16411448099603757,0.9407724933705517
set_cover_cw_tour,1574.0,0.7866000079584022,0.27676951766678587,0.5519592933997362,0.33832684452095496,-0.5847120516239728,0.04852223792935329,-0.28409516769538873,0.1612139315100522,0.9438991452509788
set_cover_cw_tour,1576.0,0.7977438749187679,0.2744091290685777,0.5369397917023974,0.3313030914517248,-0.5668054341928518,0.0461086373782711,-0.27579650169859476,0.15831725171766053,0.9469667000578759
set_cover_cw_tour,1578.0,0.808674635379338,0.2719159195404883,0.521638827920761,0.3243722240758231,-0.5487707024120897,0.04375278692173977,-0.2673994870801756,0.1554355063027429,0.9499594787812005
set_cover_cw_tour,1580.0,0.8193343398847132,0.2693011305937788,0.5061305568196746,0.3175592795924519,-0.5306923179411286,0.04146416200963617,-0.25894456218503714,0.15257963092248875,0.9528629981330974
set_cover_cw_tour,1582.0,0.8296691415235067,0.2665784867212252,0.49049467481418085,0.3108880717932073,-0.5126573117604611,0.03925134531014793,-0.2504740257049399,0.14976044766695837,0.955664116022516
set_cover_cw_tour,1584.0,0.8396299485476374,0.26376412986172304,0.47481578880675407,0.3043812737482646,-0.49475470926044973,0.03712201190202341,-0.24203172130671785,0.14698867850106212,0.9583511519824895
set_cover_cw_tour,1586.0,0.8491729636098507,0.26087650183950356,0.45918267461005813,0.2980605108459896,-0.47707492223881953,0.0350829273290646,-0.23366269510449908,0.14427495663342446,0.9609139763865177
set_cover_cw_tour,1588.0,0.8582600831083196,0.2579361788065258,0.4436874546407509,0.29194646291734694,-0.4597091313855507,0.03313995969496551,-0.22541283897931214,0.14162983608381016,0.9633440634713933
set_cover_cw_tour,1590.0,0.8668591361418275,0.2549656640533731,0.42842472879289656,0.2860589743468725,-0.44274868342363993,0.03129810665273339,-0.21732853345560268,0.13906380001683835,0.9656345046604683
set_cover_cw_tour,1592.0,0.8749439496902085,0.25198914747111795,0.4134906945231987,0.28041717125582416,-0.42628452636041275,0.029561537764813878,-0.2094563037889431,0.13658726865257176,0.9677799803313167
set_cover_cw_tour,1594.0,0.882494234237519,0.2490322412803437,0.3989822920135974,0.27503958503709774,-0.41040670432602183,0.027933652310681702,-0.2018425020949855,0.13421060773752672,0.9697766898556315
set_cover_cw_tour,1596.0,0.889495291507028,0.2461217022854793,0.3849964078415865,0.2699442817228503,-0.39520393037584073,0.02641715223378282,-0.1945330268145083,0.131944138652961,0.971622241316743
set_cover_cw_tour,1598.0,0.8959375526729157,0.24328515081961094,0.3716291661066791,0.2651489968724102,-0.3807632516365802,0.025014129583761313,-0.18757308867726252,0.12979815124882946,0.9733155036562526
set_cover_cw_tour,1600.0,0.9018159608555486,0.24055079573926122,0.3589753298144486,0.260671275878566,-0.3671698165586972,0.023726167552262437,-0.18100702975148666,0.12778292042667586,0.9748564250191185
set_cover_cw_tour,1602.0,0.9071292155540295,0.23794717338926458,0.34712782798904274,0.25652861980399505,-0.35450674909226576,0.022554454042651228,-0.17487819931760934,0.12590872736397493,0.9762458216964889
set_cover_cw_tour,1604.0,0.9118788987636584,0.23550290650493666,0.33617741598344253,0.2527386370763693,-0.34285512960193587,0.021499906667264194,-0.16922888735071895,0.12418588609100652,0.9774851422886838
set_cover_cw_tour,1606.0,0.9160685028950909,0.2332464866940879,0.3262124682601996,0.24931920159113227,-0.3322940774996992,0.02056330813143107,-0.164100313479401,0.1226247759158684,0.9785762115472852
set_cover_cw_tour,1608.0,0.9197023794523457,0.23120608158895353,0.31731889490853804,0.24628861799623444,-0.3229009260490284,0.01974545113265953,-0.15953266651128956,0.12123587995979106,0.9795209578593715
set_cover_cw_tour,1610.0,0.9227846250707671,0.22940936510688045,0.3095801656021622,0.24366579516485623,-0.31475147564157163,0.019047292158650468,-0.1555651870318456,0.12002982982727017,0.9803211275887135
set_cover_cw_tour,1612.0,0.9253179183959293,0.22788336661116373,0.30307741769618224,0.24147042910235905,-0.3079203080407726,0.018470113884839823,-0.15223628319420307,0.11901745620391034,0.9809779885864136
set_cover_cw_tour,1614.0,0.9273023178993755,0.22665433219061104,0.29788961868060043,0.2397231967846415,-0.302481140517038,0.018015696221231073,-0.14958366757739974,0.11820984495551198,0.9814920242362402
set_cover_cw_tour,1616.0,0.9287340276189507,0.22574758881913437,0.29409374710290737,0.23844596268908094,-0.2985071952908157,0.017686496405480527,-0.14764450081034985,0.11761839809735197,0.9818626185237802
set_cover_cw_tour,1618.0,0.9296041355546026,0.2251873998345866,0.2917649501148447,0.23766200005849736,-0.2960715560307523,0.017485838846872947,-0.14645552542377893,0.1172548988125592,0.9820877319349441
set_cover_cw_tour,1620.0,0.9298973286542982,0.22499679800270034,0.2909766297318946,0.23739622923481313,-0.29524747908005894,0.01741811565224162,-0.14605317097421858,0.11713157952160709,0.9821635676272432
set_cover_cw_tour,1622.0,0.9292983510020404,0.22589735411816517,0.2921899386140816,0.23845875987910195,-0.296515907038724,0.0175703200526369,-0.14666672962026325,0.11764223272905178,0.9820083804908531
set_cover_cw_tour,1624.0,0.9275050455168713,0.22857569436174405,0.29578293136655615,0.24162665163920266,-0.30027501920782684,0.0180266169465736,-0.14848384238383053,0.11916386110099852,0.9815434599852914
set_cover_cw_tour,1626.0,0.9245063907495498,0.23298646061342781,0.3016707520361701,0.24687116378009627,-0.3064445615430926,0.01879136069704419,-0.1514622131160144,0.12167991873445737,0.9807650483871907
set_cover_cw_tour,1628.0,0.9202547848810729,0.2390937840580586,0.3097826549829552,0.2541925122948692,-0.31496443397402984,0.01987914969854617,-0.15556709414455905,0.12518580901556467,0.9796592325129179
set_cover_cw_tour,1630.0,0.9146692194621672,0.24686782084727374,0.32005702304212685,0.263617198591127,-0.3257896757746007,0.021314269460128307,-0.16076865875888674,0.12968742664493402,0.978202592333748
set_cover_cw_tour,1632.0,0.9076378870116796,0.2562808139199839,0.3324358742336398,0.27519597055999534,-0.33888517031321885,0.023130402916445532,-0.1670390792734486,0.13519986127817893,0.9763626006595924
set_cover_cw_tour,1634.0,0.8990207358643445,0.26730262903664687,0.3468587911471022,0.28900217988744226,-0.3542198889405551,0.025370484752076,-0.174349239230122,0.14174616343204985,0.974097893661421
set_cover_cw_tour,1636.0,0.8886525130846217,0.2798957298106716,0.3632562338379587,0.3051303053583632,-0.37176050087692586,0.028086569677195382,-0.1826650108367153,0.14935607544961746,0.9713585337794067
set_cover_cw_tour,1638.0,0.8763468740744713,0.29400961050737506,0.38154227187718565,0.32369439724530613,-0.3914642139902233,0.03133956619139498,-0.19194305377967527,0.15806462940359872,0.968086395229357
set_cover_cw_tour,1640.0,0.8619021638659264,0.30957480190200637,0.40160689977958186,0.3448261640041998,-0.41327078967286335,0.03519865963249758,-0.20212614447065888,0.16791051125067508,0.9642158141687155
set_cover_cw_tour,1642.0,0.8451094574283071,0.3264967080864055,0.42330828550120897,0.3686723712585608,-0.43709380525209224,0.03974021520088211,-0.21313813223690242,0.17893408806711808,0.9596746552920636
set_cover_cw_tour,1644.0,0.8257633416045104,0.3446497171255656,0.44646553746892964,0.3953911585081994,-0.46281142939818865,0.04504592016304763,-0.22487874621727327,0.19117499495878645,0.9543859470250595
set_cover_cw_tour,1646.0,0.8036756812803798,0.3638722380111615,0.47085283658831895,0.42514680999060733,-0.4902572317098607,0.051199905848891204,-0.23721864362203826,0.20466918301964887,0.9482702200750873
set_cover_cw_tour,1648.0,0.7786921970063709,0.38396351142664287,0.49619601390409596,0.4581024597854599,-0.5192118523060184,0.05828460077942199,-0.2499952855421327,0.21944534331701399,0.9412486408038893
set_cover_cw_tour,1650.0,0.7507110816603009,0.40468315925297954,0.5221727803030801,0.494410197220239,-0.5493966701079168,0.06637512749657545,-0.2630104229800155,0.23552064999426892,0.9332469572840641
set_cover_cw_tour,1652.0,0.719702151543485,0.4257543967884872,0.548417730091716,0.5341981127251252,-0.5804708567256976,0.07553219084159181,-0.27603012503123153,0.2528958170937201,0.924200175242578
set_cover_cw_tour,1654.0,0.6857242986600166,0.4468715558036847,0.5745328527080263,0.5775540486747087,-0.6120332849066044,0.08579363434180186,-0.28878831610557437,0.271549551925424,0.9140577671222063
set_cover_cw_tour,1656.0,0.6489385046749967,0.4677120205356372,0.6001035602266088,0.6245062643031417,-0.6436305653615331,0.09716517028017863,-0.30099463451462155,0.2914326297035235,0.9027891127067951
set_cover_cw_tour,1658.0,0.6096136468483457,0.4879519101025893,0.6247192449440749,0.6750019413208598,-0.6747719303860951,0.10961119688143948,-0.3123470186507286,0.31246202411785745,0.8903887965054318
set_cover_cw_tour,1660.0,0.5681229628485944,0.5072840027062437,0.647996326905073,0.7288854371414603,-0.7049507598790296,0.1230470390486673,-0.32254875000517447,0.3345158029836591,0.8768813532090034
set_cover_cw_tour,1662.0,0.5249303556965056,0.5254357254957684,0.6696009408902257,0.7858793001832942,-0.7336713638546399,0.13733426986659544,-0.33132878831593066,0.35742979196598096,0.8623250409030587
set_cover_cw_tour,1664.0,0.4805674714219084,0.5421847708125088,0.6892681479004673,0.8455719856512921,-0.7604784277308047,0.15228082410163765,-0.3384632716758474,0.38099721523329716,0.846814198228797
set_cover_cw_tour,1666.0,0.43560421543390027,0.5573701853240314,0.7068149998465447,0.9074164814347299,-0.7849856073587073,0.1676472313466807,-0.34379526572392216,0.40497247752022314,0.8304796888176994
set_cover_cw_tour,1668.0,0.39061657892067686,0.570897572910656,0.7221458644325458,0.9707431902250783,-0.8068994390645448,0.18315938358651532,-0.3472495275535411,0.42907980161445963,0.8134868958161197
set_cover_cw_tour,1670.0,0.34615597005101295,0.5827381337687872,0.735249829547558,1.034788197578741,-0.8260351982895027,0.19852690519371632,-0.34883945896309615,0.4530265409938229,0.7960308115517336
set_cover_cw_tour,1672.0,0.30272363788148854,0.592922317422376,0.7461913458157207,1.0987348190122874,-0.8423225798060088,0.21346475536345824,-0.34866464000839587,0.47651983155695765,0.7783280909477464
set_cover_cw_tour,1674.0,0.2607524988735825,0.6015296200020916,0.7550961863175589,1.161763010465692,-0.8558008189172069,0.22771467783225305,-0.34689913972232367,0.49928422508939796,0.76060651781098
set_cover_cw_tour,1676.0,0.2205971574140559,0.6086763670311671,0.7621351417947988,1.2230990784779046,-0.8666046779896109,0.241062974659175,-0.34377268377879977,0.5210775020862957,0.7430930096263172
set_cover_cw_tour,1678.0,0.1825315678521947,0.6145032134171595,0.7675076725593072,1.2820580339384902,-0.8749441050649691,0.253351946024592,-0.33954809963753735,0.5417022282642372,0.7260017736697684
set_cover_cw_tour,1680.0,0.14675287815289617,0.6191636971079363,0.7714271896540029,1.3380729357807344,-0.8810810013043042,0.2644838968023306,-0.3344988298282061,0.5610116699027862,0.7095242824658662
set_cover_cw_tour,1682.0,0.11338959303432362,0.6228146727070242,0.7741089610980826,1.390708828890564,-0.8853063532356562,0.2744182736347745,-0.32888967890218584,0.5789099952449045,0.69382231703259
set_cover_cw_tour,1684.0,0.0825122164715754,0.6256089686306858,0.775761015069588,1.4396621634181026,-0.8879201974163582,0.2831637089792919,-0.3229626974455431,0.5953477872831233,0.6790246108594876
set_cover_cw_tour,1686.0,0.054144827601733087,0.627690239621597,0.776577942467954,1.4847489010572814,-0.8892158297442901,0.2907672427512994,-0.3169287234879145,0.6103144848579742,0.6652268968883275
set_cover_cw_tour,1688.0,0.028276456639669868,0.6291897512960661,0.7767372135181239,1.5258854823769687,-0.8894686718351348,0.2973028297429387,-0.3109640148299822,0.6238294263346221,0.6524946403968972
set_cover_cw_tour,1690.0,0.004871542864446079,0.6302247209567092,0.7763974943063368,1.5630666302595428,-0.8889294642610852,0.30286068351512513,-0.3052107992331271,0.635932855417341,0.6408675197051059
set_cover_cw_tour,1692.0,-0.016120891621001547,0.6308978167080238,0.7756984347840292,1.5963430698908192,-0.887821031312322,0.3075383418094501,-0.2997804117916476,0.6466777795135156,0.6303647535408313
set_cover_cw_tour,1694.0,-0.03475945613441879,0.6312974499395717,0.7747614535513713,1.6258011328827955,-0.8863377122504884,0.31143376426696284,-0.2947578339403749,0.6561231190851209,0.6209905654736636
set_cover_cw_tour,1696.0,-0.05110392218476261,0.6314985555244201,0.7736911292679428,1.6515452074790706,-0.8846465920619621,0.3146403761498837,-0.2902067347237245,0.6643282413185332,0.612739318637117
set_cover_cw_tour,1698.0,-0.06520989570322845,0.631563619497438,0.77257689845715,1.6736832463225113,-0.8828898014816638,0.31724375224380247,-0.2861744212782203,0.6713487532256912,0.6056000774526524
set_cover_cw_tour,1700.0,-0.07712440398930419,0.6315437735770831,0.7714948401417293,1.6923150654271781,-0.8811873237569431,0.3193195510625994,-0.28269636528794145,0.6772333180283135,0.5995605243130404
set_cover_cw_tour,1702.0,-0.08688215236996602,0.6314798238005949,0.7705093923712624,1.7075229123793458,-0.8796399024567292,0.3209323094783417,-0.2798001620855404,0.6820212206976322,0.59461027282407
set_cover_cw_tour,1704.0,-0.09450220585304515,0.6314031146957726,0.7696748923028385,1.719363677908919,-0.8783317700684533,0.3221347487021766,-0.2775089013712563,0.6857404119535621,0.590743684479202
set_cover_cw_tour,1706.0,-0.0999848590199786,0.631336150696153,0.769036860489092,1.727862108655818,-0.8773330043267155,0.32296729427304516,-0.2758439963338553,0.6884057809145397,0.5879623264461414
set_cover_cw_tour,1708.0,-0.1033084657385668,0.6312929033928023,0.7686329624942124,1.7330044022470215,-0.876701368199399,0.323457557530213,-0.2748275459246757,0.6900174293960287,0.5862772173701667
set_cover_cw_tour,1710.0,-0.10442600449305901,0.6312787268421745,0.7684935774761809,1.734731597681108,-0.8764835021003528,0.32361955457566377,-0.27448430461058726,0.6905587366538576,0.585711005231863
set_cover_cw_tour,1712.0,-0.10574655030330907,0.6314810642068389,0.7681466869336532,1.7367148423612397,-0.87594154127705,0.3237042831148721,-0.27400472069582027,0.6912269440553226,0.5851002152977148
set_cover_cw_tour,1714.0,-0.10966124445976187,0.6320791500076234,0.7671051815684578,1.7425793029565964,-0.8743164687280516,0.32394318967148056,-0.2725805122929472,0.6932030629966917,0.5832925403565405
set_cover_cw_tour,1716.0,-0.1160847164042887,0.6330479962659401,0.765359113776673,1.7521557097748686,-0.8715991191102798,0.3242987208124121,-0.270238051610893,0.6964292883442602,0.5803343704083783
set_cover_cw_tour,1718.0,-0.12494817580479689,0.6343528576644386,0.7628790240503498,1.765276269493311,-0.867754454829734,0.3247179071066288,-0.2669974779071488,0.7008469409889866,0.5762674664614448
set_cover_cw_tour,1720.0,-0.13619507738586262,0.6359493274079836,0.7596178999109962,1.7817697165348687,-0.8627254010655283,0.32513347494072353,-0.26287527864271154,0.7063951631852019,0.5711310574465712
set_cover_cw_tour,1722.0,-0.14977656770142406,0.6377831009381786,0.7555128694636921,1.8014560376095126,-0.8564366134190261,0.32546483611546395,-0.2578870631376718,0.7130094995979637,0.5649640312459034
set_cover_cw_tour,1724.0,-0.165646655882359,0.6397895544822839,0.7504868495652351,1.8241412907054388,-0.8487984338144073,0.3256192208579828,-0.25205045491548406,0.7206204938232587,0.5578071307061796
set_cover_cw_tour,1726.0,-0.18375706452107718,0.6418932879372684,0.7444503664715866,1.849612956778947,-0.839711261130971,0.32549320315193253,-0.24538800294269789,0.7291524259524431,0.5497050504055392
set_cover_cw_tour,1728.0,-0.20405175393521346,0.6440077937869934,0.7373037659320428,1.877636276751612,-0.8290705155812511,0.32497483690157875,-0.23792997562730686,0.738522310878687,0.5407083117663216
set_cover_cw_tour,1730.0,-0.2264611740477989,0.6460354314013033,0.7289400236116992,1.9079520155444976,-0.8167723058499482,0.32394656982977693,-0.2297168639586776,0.748639265225175,0.5308747807832108
set_cover_cw_tour,1732.0,-0.2508963833862781,0.6478679032297695,0.7192483470737683,1.94027603753705,-0.8027198127443105,0.3222890236804793,-0.22080139245121597,0.759404330238341,0.5202706925456636
set_cover_cw_tour,1734.0,-0.2772432817183976,0.6493874379808732,0.7081187175429349,1.9743009596243306,-0.7868302834902532,0.31988562350444794,-0.21124982979080226,0.7707108084570736,0.5089710669733317
set_cover_cw_tour,1736.0,-0.3053573236667872,0.6504688756804824,0.6954474434880223,2.0096999673474296,-0.7690423933062419,0.31662793167469416,-0.20114241429804738,0.78244513609821,0.4970594441814898
set_cover_cw_tour,1738.0,-0.33505919955652613,0.6509828092685698,0.6811436814867631,2.0461326519052463,-0.7493235886734065,0.3124214075542628,-0.19057276638160087,0.7944882758681382,0.4846269331388322
set_cover_cw_tour,1740.0,-0.36613206208570953,0.6507998571438409,0.6651367220763128,2.083252483924351,-0.7276768995282149,0.30719119145614265,-0.17964624744833968,0.8067175818219067,0.47177064432719923
set_cover_cw_tour,1742.0,-0.3983209109879234,0.6497960159147635,0.6473836494467954,2.1207153276416033,-0.704146619824254,0.3008874244921917,-0.1684773307768222,0.8190090625312267,0.45859165091450804
set_cover_cw_tour,1744.0,-0.4313346884195487,0.6478588774423022,0.6278767884587,2.1581882606408986,-0.6788222327779072,0.2934895847428389,-0.1571861574716674,0.8312399509823061,0.44519267675659446
set_cover_cw_tour,1746.0,-0.46485145896592656,0.64489430774786,0.6066501899213895,2.195357930348124,-0.6518400192231578,0.2850093583953405,-0.14589454125381518,0.8432914753009793,0.4316757303163025
set_cover_cw_tour,1748.0,-0.49852674434125777,0.6408330110162933,0.5837843241885633,2.2319377568364516,-0.6233819444184802,0.27549167477930736,-0.13472174443433835,0.8550517082300916,0.41813988682815645
set_cover_cw_tour,1750.0,-0.5320046809848065,0.6356362836596754,0.5594082000700125,2.267673464027412,-0.5936716630521278,0.265013706801814,-0.12378036583140496,0.8664183524874383,0.40467937273199256
set_cover_cw_tour,1752.0,-0.5649312324448257,0.6293002447183443,0.5336983273402705,2.3023466500587944,-0.5629677866273415,0.2536818514743483,-0.11317265932715656,0.8773012968206717,0.39138204099081225
set_cover_cw_tour,1754.0,-0.5969683090423407,0.6218579376803248,0.5068742875142728,2.335776346281304,-0.5315548759326603,0.2416269281167805,-0.10298754533796242,0.8876247630763979,0.3783282610216661
set_cover_cw_tour,1756.0,-0.6278074207420536,0.613378933396749,0.4791911169108591,2.367818721653648,-0.49973289738847454,0.22899802906432312,-0.09329849669771484,0.897328869971859,0.36559019723404595
set_cover_cw_tour,1758.0,-0.6571814847697884,0.6039663869198091,0.450929151360619,2.3983652378823,-0.46780606190168345,0.21595559622749408,-0.08416238697536998,0.9063704733736102,0.3532314228280567
set_cover_cw_tour,1760.0,-0.6848736433271921,0.5937518470203008,0.42238233490016974,2.4273396405200756,-0.43607201232698506,0.20266435346691453,-0.07561929488894109,0.9147232061690003,0.3413068094401889
set_cover_cw_tour,1762.0,-0.7107223719599913,0.5828884105399308,0.39384617663981053,2.4546941875860955,-0.4048122333412569,0.18928669230197964,-0.06769317426955862,0.922376723544836,0.32986264131814025
set_cover_cw_tour,1764.0,-0.7346226796381355,0.5715429934682469,0.36560651687113127,2.480405484983492,-0.37428434925008114,0.17597699809824313,-0.06039323415385976,0.9293352447246929,0.31893691589601725
set_cover_cw_tour,1766.0,-0.7565237033337462,0.5598885281356741,0.33793005542014565,2.504470235552705,-0.34471669831715673,0.1628772418232022,-0.0537158340919538,0.935615551834555,0.3085598036510801
set_cover_cw_tour,1768.0,-0.776423386182181,0.5480968007709632,0.3110572654255656,2.526901133268608,-0.3163052831341649,0.15011398251447827,-0.04764668749878531,0.9412446474012395,0.2987542454301736
set_cover_cw_tour,1770.0,-0.7943611449015135,0.5363324555054754,0.285197946420068,2.5477230591473026,-0.2892129454571404,0.13779675994960408,-0.04216317825962472,0.9462572794170748,0.2895366652025861
set_cover_cw_tour,1772.0,-0.810409473809442,0.5247484628335791,0.26052933714593285,2.5669696693259407,-0.26357043356410753,0.1260177288580341,-0.03723662669017025,0.9506935208243811,0.2809177728602126
set_cover_cw_tour,1774.0,-0.8246653332601863,0.5134831320690427,0.23719646118656917,2.5846804126098224,-0.23947893214612181,0.11485230621496982,-0.03283438240001452,0.9545965482665978,0.27290342820677355
set_cover_cw_tour,1776.0,-0.837241983345838,0.5026585728719918,0.215314236504278,2.600897975377491,-0.21701360244023768,0.1043605709136247,-0.028921665782495307,0.9580107144083957,0.265495535867674
set_cover_cw_tour,1778.0,-0.8482617040822753,0.49238039601725464,0.19497083629437026,2.61566612487762,-0.19622771573968886,0.09458916153741749,-0.025463120530893616,0.9609799589658293,0.25869294245980257
set_cover_cw_tour,1780.0,-0.8578496341210824,0.48273838757382886,0.17623182005797042,2.6290279053955956,-0.1771570345394939,0.08557345046085182,-0.022424072875245,0.9635465624536403,0.252492311795197
set_cover_cw_tour,1782.0,-0.8661287875220468,0.47380788254944994,0.15914463189060357,2.641024132969701,-0.1598241820652229,0.07733981855956283,-0.019771517586722395,0.9657502165950269,0.24688896027192161
set_cover_cw_tour,1784.0,-0.8732161826032434,0.4656515885784473,0.1437431615562549,2.651692130895309,-0.14424282735261168,0.06990790424897002,-0.017474866474024995,0.9676273664708624,0.2418776418396193
set_cover_cw_tour,1786.0,-0.8792199369964357,0.4583216525352417,0.13005216340126322,2.6610646481231948,-0.13042158973338092,0.06329274652134029,-0.01550650350421576,0.9692107700842432,0.237453279066783
set_cover_cw_tour,1788.0,-0.8842371407029757,0.45186181112635043,0.1180914164833362,2.669168904199431,-0.11836762899500543,0.057506780376217426,-0.013842193727762653,0.9705292185319775,0.23361164324423933
set_cover_cw_tour,1790.0,-0.8883523035347289,0.4463095123868153,0.10787958081854047,2.6760257063525703,-0.10808993483491322,0.05256167324758071,-0.012461392821531343,0.9716073617754818,0.23034999183427401
set_cover_cw_tour,1792.0,-0.8916361743790975,0.44169793383740985,0.09943775833339548,2.681648585752401,-0.09960236304019823,0.048470013028338095,-0.01134750200308526,0.9724655887936801,0.2276676758951169
set_cover_cw_tour,1794.0,-0.8941447383662118,0.43805785265324926,0.09279280457472339,2.6860429000915094,-0.09292648869289617,0.04524687321891885,-0.010488110703542311,0.9731199148701953,0.22556673354199458
set_cover_cw_tour,1796.0,-0.8959182073441861,0.43541934292509854,0.08798046121642712,2.689204847829919,-0.08809436143671541,0.042911289974784474,-0.00987526778331723,0.9735818315674861,0.22405248831603472
set_cover_cw_tour,1798.0,-0.8969798239955539,0.4338132850138181,0.08504839263869099,2.691120335056491,-0.0851512568946452,0.0414876906418449,-0.00950582205707019,0.9738580755658374,0.22313417382245515
set_cover_cw_tour,1800.0,-0.8973342967331973,0.43327267211425313,0.08405921427965525,2.6917636282317194,-0.08415852343127347,0.041007314570039935,-0.009381875132745524,0.973950270180974,0.22282560845907076
set_cover_cw_tour,1802.0,-0.8975218845113098,0.4330766803301214,0.08306055488322577,2.6920225831971485,-0.08315635918075419,0.040520480316166625,-0.009264973618038831,0.9739995392809546,0.2227041724335051
set_cover_cw_tour,1804.0,-0.8980715601567929,0.4324932805768838,0.08010639857956935,2.6927893542404004,-0.08019232118914552,0.039080373170136476,-0.00891992955682581,0.9741438368819554,0.22234420243057038
set_cover_cw_tour,1806.0,-0.8989525174025834,0.4315293906288918,0.0752778618121909,2.69404358281306,-0.07534914061121886,0.036726532557813656,-0.008358447279807302,0.974374873988632,0.22175415014152078
set_cover_cw_tour,1808.0,-0.9001256077571174,0.43018699509184977,0.06865158056246518,2.695765493208876,-0.06870562152348147,0.033496246457025716,-0.007592952606132269,0.9746820768585416,0.220941615805469
set_cover_cw_tour,1810.0,-0.9015443958020029,0.428464067158934,0.0603012898006865,2.697935750990169,-0.06033789477895256,0.029425247402480974,-0.0066365730405777024,0.9750528979492746,0.2199135214449112
set_cover_cw_tour,1812.0,-0.9031561197746506,0.42635546961718734,0.050299471578782416,2.700535329280056,-0.05032070568241974,0.024548427759671747,-0.005503133616440981,0.9754731033748316,0.21867627856537827
set_cover_cw_tour,1814.0,-0.9049026204984266,0.4238538487034494,0.038719017993147066,2.7035453826431093,-0.03872869887454478,0.01890055494267172,-0.004207158759028657,0.9759270516101036,0.21723595184417718
set_cover_cw_tour,1816.0,-0.9067212936685518,0.4209505311746635,0.025634857358611915,2.7069471283674362,-0.025637665829485477,0.01251696812859726,-0.002763871512110449,0.9763979761595886,0.2155984199260091
set_cover_cw_tour,1818.0,-0.9085461109141508,0.4176364301564528,0.011125490953032923,2.710721735050406,-0.011125720478296833,0.0054342377824848085,-0.0011891823068030055,0.976868282473393,0.21376953385047187
set_cover_cw_tour,1820.0,-0.910308743695488,0.41390295929880083,-0.004725614799974596,2.714850218475355,0.004725632388444822,-0.0023092315049694843,0.0005003397191425198,0.977319866526773,0.2117552729027367
set_cover_cw_tour,1822.0,-0.9119398107831436,0.40974294787069593,-0.021828838242940653,2.719313344845028,0.02183057218171033,-0.010672675205951217,0.0022875189062549093,0.9777344591701908,0.2095618968524013
set_cover_cw_tour,1824.0,-0.9133702548424998,0.40515154213923193,-0.04008747274584896,2.724091541506887,0.040098217315630506,-0.019612540749868144,0.00415465366819723,0.978093996645592,0.20719609268537104
set_cover_cw_tour,1826.0,-0.9145328368947211,0.40012707130704683,-0.05939711313303841,2.729164815363484,0.05943209436931888,-0.02908217714616083,0.006083628966636201,0.9783810136679661,0.2046651131118315
set_cover_cw_tour,1828.0,-0.9153637199484671,0.39467185015451534,-0.07964540726065619,2.7345126792058987,0.07972985219225796,-0.03903166028608585,0.008056062378654716,0.9785790513970678,0.2019769034347194
set_cover_cw_tour,1830.0,-0.9158040961313028,0.38879288615458973,-0.1007122097102011,2.7401140862378552,0.10088324466307126,-0.049407768101772935,0.01005348340690441,0.9786730687706895,0.199140212879142
set_cover_cw_tour,1832.0,-0.9158017967866533,0.38250245698544755,-0.12247015719118377,2.7459473730711177,0.12277839596626862,-0.06015411419642323,0.012057543392744615,0.9786498424056782,0.19616468630188522
set_cover_cw_tour,1834.0,-0.9153128140090581,0.37581852570091967,-0.14478566313971364,2.751990211467791,0.14529634970001581,-0.07121144135211192,0.014050251012829579,0.9784983379909266,0.19306093239188937
set_cover_cw_tour,1836.0,-0.9143026566490396,0.3687649656876482,-0.1675203036228624,2.758219569081481,0.1683138885694303,-0.08251806788501799,0.01601422605895092,0.9782100351602679,0.18984056507502223
set_cover_cw_tour,1838.0,-0.9127474652112617,0.36137157589017477,-0.1905325402367487,2.764611679406605,0.19170459595756767,-0.09401047081333729,0.017932962239063547,0.9777791885037047,0.1865162158414753
set_cover_cw_tour,1840.0,-0.9106348188764605,0.3536738780919553,-0.21367970096673455,2.7711420210837745,0.21534011570208292,-0.10562398107538162,0.01979108831459427,0.9772030097485139,0.18310151606023709
set_cover_cw_tour,1842.0,-0.9079641837607074,0.3457127013055341,-0.2368201198458079,2.7777853066301055,0.23909155346489028,-0.1172935585043625,0.021574616190946583,0.9764817601043898,0.17961104991906807
set_cover_cw_tour,1844.0,-0.9047469731613783,0.3375335721897474,-0.2598153232589498,2.7845154805682624,0.26283095359262093,-0.12895460879030016,0.023271164721545706,0.9756187469873628,0.17606028027653325
set_cover_cw_tour,1846.0,-0.9010062157403779,0.32918594334231943,-0.28253214667189813,2.791305726819423,0.2864327804300589,-0.14054380189465368,0.024870148994041094,0.97462022529763,0.17246545126142632
set_cover_cw_tour,1848.0,-0.8967758536125676,0.32072230184336614,-0.30484467106666563,2.798128485106415,0.30977533325884526,-0.15199985167031646,0.026362926659829665,0.9734952094921743,0.16884347273708275
set_cover_cw_tour,1850.0,-0.8920997162564729,0.3121972073831795,-0.32663588283785494,2.804955475987861,0.33274202936673514,-0.1632642197424758,0.027742895268705978,0.9722552082094218,0.1652117926288684
set_cover_cw_tour,1852.0,-0.887030235485232,0.30366631201935407,-0.3477989825740986,2.811757734016716,0.35522249957360064,-0.17428171261744507,0.029005537332701684,0.9709138975968247,0.161588263511043
set_cover_cw_tour,1854.0,-0.8816269795644315,0.2951854119778038,-0.36823829439588696,2.8185056483920548,0.3771134537101466,-0.1850009488002258,0.03014841268744843,0.969486752356443,0.15799100974675911
set_cover_cw_tour,1856.0,-0.8759550900529643,0.28680957640545757,-0.3878697553205524,2.8251690103565124,0.3983192886090614,-0.1953746815306731,0.031171100374107537,0.9679906546697388,0.15443830091756997
set_cover_cw_tour,1858.0,-0.8700837031929618,0.27859238950913884,-0.40662099053739215,2.8317170664886406,0.418752426581679,-0.20535997166722336,0.03207509450316676,0.9664435006295474,0.1509484363627404
set_cover_cw_tour,1860.0,-0.8640844296779481,0.27058533224511755,-0.4244310030640256,2.838118576954796,0.43833338669963645,-0.21491821342412334,0.032863660226531255,0.9648638218295311,0.14753964450143223
set_cover_cw_tour,1862.0,-0.8580299539849202,0.26283731888311435,-0.44124952336174994,2.8443418777236897,0.4569906033608133,-0.22401502246392174,0.03354165696082558,0.9632704367106791,0.14422999936916203
set_cover_cw_tour,1864.0,-0.8519927990482432,0.25539439345819764,-0.4570360753376691,2.8503549457126325,0.47466001586646933,-0.2326200008689093,0.034115336374947534,0.9616821425752616,0.14103735558931577
set_cover_cw_tour,1866.0,-0.8460442857329065,0.2482995821919432,-0.47175881980308804,2.8561254658311523,0.4912844587615862,-0.2407063966227065,0.03459212244416859,0.9601174552789159,0.1379793019204658
set_cover_cw_tour,1868.0,-0.8402537009092345,0.2415928909425029,-0.48539323558778474,2.8616208989175678,0.5068128855544647,-0.24825067650503235,0.03498038018922325,0.9585943998670318,0.1350731326362743
set_cover_cw_tour,1870.0,-0.8346876740951088,0.2353114318470964,-0.49792069323916094,2.866808549628697,0.5211994584819505,-0.2552320309797128,0.035289178689561364,0.9571303521020377,0.132335835337283
set_cover_cw_tour,1872.0,-0.8294097512962999,0.22948966049359112,-0.5093269678518373,2.871655633442599,0.5344025347521496,-0.2616318280752424,0.03552805271307221,0.9557419280949053,0.12978409336223345
set_cover_cw_tour,1874.0,-0.8244801460762026,0.2241597039434822,-0.5196007273418063,2.876129342068424,0.5463835757864817,-0.26743303079039427,0.03570676595332928,0.9544449171656034,0.1274343007363511
set_cover_cw_tour,1876.0,-0.819955641892825,0.21935176034715,-0.5287320215011873,2.8801969067244215,0.5571060010041256,-0.2726195895621016,0.03583507749944458,0.953254251586124,0.12530258752547313
set_cover_cw_tour,1878.0,-0.815889615958284,0.21509455231062977,-0.5367107863064925,2.8838256589424462,0.5665340021910458,-0.27717581812073816,0.03592251184576039,0.9521840059157859,0.12340485351053868
set_cover_cw_tour,1880.0,-0.8123321527448487,0.2114158181567756,-0.5435253678072636,2.8869830887815624,0.574631328929103,-0.28108575787943785,0.03597813151567818,0.9512474180911425,0.12175680820766344
set_cover_cw_tour,1882.0,-0.8093302141403371,0.2083428273683239,-0.549161060858951,2.889636900580735,0.5813600502877827,-0.28433253304754186,0.03601031024069713,0.9504569241299352,0.12037401538787296
set_cover_cw_tour,1884.0,-0.8069278324791399,0.20590290844361625,-0.5535986501654216,2.8917550666467378,0.5866792932776465,-0.2868976960599476,0.036026503600456825,0.9498241980903078,0.11927194035448592
set_cover_cw_tour,1886.0,-0.8051662915856614,0.20412397881198144,-0.5568129346272043,2.8933058795535858,0.5905439546504098,-0.2887605607761083,0.036033013080341604,0.9493601886329459,0.11846599827560964
set_cover_cw_tour,1888.0,-0.8040842589236136,0.20303506703741678,-0.5587712108764864,2.8942580040190466,0.5929033797074206,-0.2898975193157577,0.0360347386246085,0.9490751430071609,0.11797160180638017
set_cover_cw_tour,1890.0,-0.8037178283148795,0.20266681696783195,-0.5594316881880584,2.8945805296168245,0.593700000077691,-0.2902813374709528,0.036034913943262054,0.9489786083650893,0.11780420603117296
