method,time,rx,ry,rz,vx,vy,vz,ax,ay,az
safe_graph_adp,2.0,0.0015653621250567116,-35.00225049024668,10.007240600229927,0.0015636658201371733,-0.0022516696324162344,0.007240597140626007,0.0007843770349532419,-0.0011240638176990023,0.0036331015646632
safe_graph_adp,4.0,0.006173372675625515,-35.00891135342756,10.028633792194135,0.0030427224875120384,-0.00441030911824346,0.014152585695888415,0.0007470503005027841,-0.0010741063934372112,0.0034688156675750795
safe_graph_adp,6.0,0.013655734244340538,-35.01979581097733,10.063522287531987,0.004438091226092802,-0.006475200880183513,0.020735894756319966,0.0007099615030309559,-0.0010239805866009222,0.003304512010290067
safe_graph_adp,8.0,0.023845994201593123,-35.03471565550299,10.111248659429135,0.005750695587256417,-0.00844563366959029,0.02699045677773403,0.0006731108324309104,-0.0009736874743961252,0.0031401914340362857
safe_graph_adp,10.0,0.03657954933343205,-35.05348126345337,10.171155349348602,0.00698146143286805,-0.010320902578677267,0.03291620758174367,0.000636498477376601,-0.0009232281348854083,0.0029758547801284887
safe_graph_adp,12.0,0.05169365044560119,-35.07590160781296,10.242584673762876,0.00813131691833905,-0.012100309052637363,0.03851308635625489,0.000600124625321815,-0.0008726036469824344,0.002811502889963742
safe_graph_adp,14.0,0.06902740693367172,-35.101784270819934,10.324878830886965,0.009201192475663592,-0.013783160901675041,0.04378103565593398,0.000563989462499214,-0.0008218150904464224,0.0026471366050171224
safe_graph_adp,16.0,0.08842179131922645,-35.13093545670813,10.417379907412366,0.010192020796434111,-0.01536877231295053,0.048720001402649045,0.0005280931739193801,-0.0007708635458766131,0.002482756766837407
safe_graph_adp,18.0,0.10971964375205388,-35.163160004472836,10.519429885241884,0.011104736814835708,-0.01685646386243607,0.05332993288588569,0.0004924359433698697,-0.0007197500947067413,0.0023183642170427647
safe_graph_adp,20.0,0.13276567647831025,-35.19826140066017,10.630370648225263,0.011940277690619661,-0.018245562526684092,0.057610782763136775,0.0004570179534142705,-0.0006684758191994967,0.002153959797316448
safe_graph_adp,22.0,0.15740647827460774,-35.23604179217996,10.74954398889556,0.012699582792056192,-0.019535401694507196,0.0615625070602664,0.00042183938539126873,-0.0006170418024409826,0.0019895443494024833
safe_graph_adp,24.0,0.18349051884798773,-35.27630199914186,10.876291615206238,0.01338359367886664,-0.020725321178569858,0.06518506517184794,0.0003869004194137195,-0.0005654491283351723,0.0018251187151013598
safe_graph_adp,26.0,0.21086815320173768,-35.31884152771455,11.009955157268895,0.013993254085135194,-0.021814667226891748,0.06847841986147629,0.0003522012343677253,-0.0005136988815983572,0.0016606837362657207
safe_graph_adp,28.0,0.2393916259670116,-35.36345858300791,11.149876174091592,0.014529509902200345,-0.022802792534262564,0.07144253726205417,0.00031774200791172025,-0.00046179214775359434,0.0014962402547960521
safe_graph_adp,30.0,0.2689150757002128,-35.40995008197788,11.29539616031774,0.014993309161526178,-0.02368905625356827,0.0740773868760526,0.00028352291647555926,-0.00040973001312514926,0.0013317891126363758
safe_graph_adp,32.0,0.2992945391460994,-35.4581116663539,11.44585655296547,0.015385602017553682,-0.024472824007028677,0.07638294157574549,0.0002495441352596165,-0.00035751356483293255,0.0011673311517699332
safe_graph_adp,34.0,0.3303879554665727,-35.507737715588746,11.600598738167449,0.015707340730532232,-0.025153467897346203,0.07835917760341835,0.00021580583823388683,-0.0003051438907869348,0.0010028672142148804
safe_graph_adp,36.0,0.3620551704351087,-35.55862135983056,11.758964057911092,0.01595947964933136,-0.02573036651876578,0.08000607457155115,0.00018230819813709595,-0.0002526220796816564,0.0008383981420199702
safe_graph_adp,38.0,0.39415794059679365,-35.61055449291694,11.92029381677911,0.01614297519423301,-0.02620290496804579,0.08132361546297526,0.00014905138647581569,-0.00019994922099053343,0.0006739247772602481
safe_graph_adp,40.0,0.4265599373939245,-35.66332778539083,12.083929288690342,0.016258785839704377,-0.026570474855339875,0.08231178663100454,0.00011603557352358611,-0.00014712640496035897,0.000509447962032734
safe_graph_adp,42.0,0.45912675125713603,-35.71673069753814,12.24921172364084,0.016307872097151555,-0.02683247431498967,0.08297057779954055,8.326092832004343e-05,-9.415472260570206e-05,0.000344968538452116
safe_graph_adp,44.0,0.4917258956620161,-35.77055149244683,12.415482354445112,0.016291196497654058,-0.026988308016228174,0.08329998206315185,5.072761867005451e-05,-4.103526570332181e-05,0.00018048734864643638
safe_graph_adp,46.0,0.5242268111511708,-35.82457724908732,12.582082403477521,0.01620972357468043,-0.027037387173793847,0.08329999588712747,1.8435811142858294e-05,1.2230873213423935e-05,1.6005234752781376e-05
safe_graph_adp,48.0,0.5565008693217024,-35.87859387541405,12.748353089413756,0.01606441984678508,-0.02697912955845519,0.08297061910750446,-1.3614328928787801e-05,6.564260086017016e-05,-0.00014847696108703312
safe_graph_adp,50.0,0.5884213767780619,-35.932386121487966,12.91363563397233,0.015856253800286466,-0.026812959507445836,0.08231185493106954,-4.542263744945383e-05,0.00011919882320714437,-0.00031295839673077053
safe_graph_adp,52.0,0.6198635790502399,-35.98573759261983,13.077271268656057,0.015586195871926826,-0.026538307934809973,0.08132370993533497,-7.698895156187796e-05,0.0001728984454847667,-0.0004774382300400861
safe_graph_adp,54.0,0.6507046644772578,-36.038430762534084,13.23860124149346,0.015255218431513574,-0.026154612341658057,0.08000619406848837,-0.00010831310964779938,0.00022674037218925548,-0.0006419156188848404
safe_graph_adp,56.0,0.6808237680559248,-36.0902469865532,13.396966823780051,0.01486429576454252,-0.025661316826332707,0.07835932064931683,-0.00013939495132878716,0.0002807235070882354,-0.0008063897211474085
safe_graph_adp,58.0,0.710101975254822,-36.14096651480219,13.551709316819418,0.014414404054803077,-0.025057872094484696,0.07638310636710503,-0.00017023431746706014,0.0003348467532263517,-0.0009708596947269931
safe_graph_adp,60.0,0.7384223257934799,-36.190368505433256,13.702170058664109,0.013906521366965607,-0.02434373546905895,0.07407757128150752,-0.00020083105016630235,0.00038910901293088526,-0.0011353246975439346
safe_graph_adp,62.0,0.7656698173867128,-36.23823103787028,13.847690430856215,0.013341627629151032,-0.023518370900190464,0.07144273882239512,-0.00023118499277247144,0.0004435091878173739,-0.001299783887544025
safe_graph_adp,64.0,0.7917314094540743,-36.284331126073006,13.987611865167628,0.012720704615482907,-0.02258124897501005,0.06847863578967543,-0.00026129598987460024,0.0004980461787952339,-0.0014642364227028166
safe_graph_adp,66.0,0.8164960267943999,-36.32844473182078,14.12127585033991,0.012044735928622072,-0.021531846927359835,0.06518529235308748,-0.0002911638873055931,0.0005527188860733894,-0.0016286814610299355
safe_graph_adp,68.0,0.8398545632254019,-36.370346778015595,14.248023938823726,0.01131470698228405,-0.020369648647418418,0.06156274205197049,-0.0003207885321430146,0.0006075262091659024,-0.0017931181605733888
safe_graph_adp,70.0,0.861699885188281,-36.40981116200432,14.367197753517797,0.010531604983739342,-0.019094144691235597,0.05761102179500675,-0.0003501697727098734,0.0006624670468976079,-0.0019575456794238806
safe_graph_adp,72.0,0.8819268353173229,-36.4466107689199,14.4781389945073,0.009696418916296776,-0.017704832290176598,0.05333017185993867,-0.0003793074585753977,0.0007175402974097505,-0.002121963175719119
safe_graph_adp,74.0,0.9004322359744433,-36.48051748504137,14.58018944580168,0.008810139521770064,-0.0162012153602757,0.04872023589325989,-0.0004082014405558062,0.000772744858165627,-0.002286369807648126
safe_graph_adp,76.0,0.917114892748651,-36.51130221117242,14.672690982071831,0.007873759282927708,-0.014582804511499192,0.04378126090988059,-0.0004368515707150717,0.000828079625956231,-0.002450764733455549
safe_graph_adp,78.0,0.9318755979203923,-36.53873487603851,14.754985575386561,0.006888272405926429,-0.012849117056917573,0.038513297292766896,-0.0004652577023656785,0.0008835434969059013,-0.002615147111445972
safe_graph_adp,80.0,0.944617133890748,-36.56258444970212,14.826415301948325,0.005854674802728247,-0.010999677021786917,0.03291639879255444,-0.0004934196900693734,0.0009391353664779738,-0.002779516099988222
safe_graph_adp,82.0,0.9552442765754464,-36.58261895699615,14.886322348828152,0.004773964073501404,-0.009034015152539312,0.026990622527136042,-0.0005213373896379107,0.0009948541294804364,-0.002943870857519678
safe_graph_adp,84.0,0.963663798763664,-36.59860549097518,14.93404902069973,0.0036471394890052345,-0.006951668925682311,0.02073602898122355,-0.0005490106581337897,0.0010506986800715883,-0.0031082105425505845
safe_graph_adp,86.0,0.9697844734415784,-36.61031022638444,14.968937746572575,0.0024752019729591857,-0.004752182556607297,0.014152682005883821,-0.0005764393538709872,0.0011066679117657005,-0.0032725343136683536
safe_graph_adp,88.0,0.9735170770806442,-36.61749843314632,14.99033108652426,0.001259154084396108,-0.002435107008306705,0.007240648818048839,-0.0006036233364156828,0.0011627607174386823,-0.003436841329541878
safe_graph_adp,90.0,0.9747743928905603,-36.61993448986418,14.997571738431626,-1.2576745200831851e-17,-1.3010426069826053e-18,9.540979117872439e-18,-0.0006305624665869777,0.001218975989333749,-0.0036011307489258355
safe_graph_adp,92.0,0.9511984384315002,-36.60573719411443,15.011473686003727,-0.02356526300337815,0.014215069710637419,0.01390194164064578,-0.011802406770726966,0.007080861806616679,0.006970173501200841
safe_graph_adp,94.0,0.881651336758612,-36.56361532825392,15.052548599397873,-0.0459715880384135,0.027923695988629198,0.027172954228337386,-0.011254351177339385,0.006775629867307887,0.006654744294250913
safe_graph_adp,96.0,0.7684451898299606,-36.4945919685345,15.11953448387867,-0.06722475380625677,0.04111569380595335,0.039812901672034565,-0.010707855375177065,0.006467921249043209,0.006339281015277488
safe_graph_adp,98.0,0.6138805083012356,-36.39971052093138,15.21116907898987,-0.08733057289252949,0.05378091849284854,0.0518216543420411,-0.010162922162276565,0.006157743016939986,0.0060237852794398795
safe_graph_adp,100.0,0.4202461438665257,-36.28003464024812,15.32618987147807,-0.10629489165755995,0.06590926591619749,0.06319908907100093,-0.009619554328674045,0.005845102248759881,0.005708258702063587
safe_graph_adp,102.0,0.18981922181893682,-36.13664814886544,15.463334108218334,-0.12412359012630331,0.07749067265734053,0.07394508915484452,-0.00907775465639099,0.005530006034872647,0.005392702898632009
safe_graph_adp,104.0,-0.07513492616831399,-35.970654955135004,15.621338809141678,-0.140822581877947,0.08851511618931754,0.08405954435368569,-0.008537525919419964,0.005212461478219814,0.005077119484778189
safe_graph_adp,106.0,-0.3723628290397025,-35.78317897141924,15.798940780164282,-0.1563978139352022,0.09897261505353706,0.09354235089266875,-0.007998870883710398,0.004892475694278335,0.0047615100762765285
safe_graph_adp,108.0,-0.6996229431334707,-35.575364031778435,15.994876626118359,-0.17085526665328252,0.10885322903587061,0.10239341146276602,-0.007461792307154443,0.004570055811024144,0.004445876289034522
safe_graph_adp,110.0,-1.054685718735346,-35.34837380930621,16.20788276368456,-0.18420095360857086,0.11814705934217101,0.11061263522152566,-0.00692629293957284,0.0042452089688956645,0.0041302197390844855
safe_graph_adp,112.0,-1.435333666409282,-35.10339173311454,16.43669543432583,-0.1964409214869753,0.12684424877321304,0.11819993779376989,-0.00639237552270084,0.003917942320757257,0.0038145420425752755
safe_graph_adp,114.0,-1.8393614231046023,-34.84162090496945,16.68005071722262,-0.20758124997197516,0.13493498189905492,0.12515524127224353,-0.0058600427901741685,0.003588263031862591,0.003498844815764018
safe_graph_adp,116.0,-2.2645758180389275,-34.564284015578586,16.936684542209317,-0.2176280516323581,0.142409485232819,0.13147847421821285,-0.005329297467515044,0.0032561782798179555,0.003183129675007834
safe_graph_adp,118.0,-2.7087959383562663,-34.2726232605318,17.205332702711864,-0.22658747180964936,0.14925802740389024,0.13716957166201477,-0.004800142272118196,0.002921695254545518,0.0028673982367555632
safe_graph_adp,120.0,-3.1698531945596606,-33.96790025589594,17.484730868686388,-0.23446568850523408,0.1554709193305311,0.1422284751035564,-0.004272579913236974,0.0025848211582465063,0.002551652117539489
safe_graph_adp,122.0,-3.645591385717767,-33.65139595346497,17.7736145995588,-0.24126891226717362,0.16103851439191078,0.14665513251276494,-0.0037466130919694618,0.002245563205364339,0.0022358929339670597
safe_graph_adp,124.0,-4.133866764444767,-33.324410555666624,18.070719357165256,-0.24700338607671699,0.16595120859954818,0.1504494983299877,-0.00322224450124466,0.0019039286225476793,0.0019201223027126143
safe_graph_adp,126.0,-4.632548101652998,-32.98826343012677,18.37478051869333,-0.25167538523450833,0.17019944076816615,0.15361153346634276,-0.002699476825808696,0.0015599246486134458,0.0016043418405090994
safe_graph_adp,128.0,-5.139516751077689,-32.64429302389266,18.684533389623883,-0.25529121724649156,0.17377369268595627,0.15614120530401968,-0.0021783127422110664,0.0012135585345097442,0.0012885531641397994
safe_graph_adp,130.0,-5.652666713573215,-32.29385677731621,18.998713216673444,-0.25785722170951286,0.1766644892842521,0.15803848769653062,-0.0016587549187909514,0.0008648375432787351,0.0009727578904300547
safe_graph_adp,132.0,-6.169904701180241,-31.93833103759858,19.316055200737072,-0.2593797701966226,0.17886239880660995,0.15930336096891176,-0.001140806015663535,0.0005137689500194657,0.0006569576362389813
safe_graph_adp,134.0,-6.6891502009631845,-31.57911097199713,19.635294509831564,-0.2598652661420769,0.1803580329772952,0.1599358119178751,-0.000624468684706398,0.00016036004185060514,0.00034115401845119606
safe_graph_adp,136.0,-7.208335538617372,-31.217610480696045,19.955166292038907,-0.25932014472604065,0.18114204716917293,0.15993583381191037,-0.00010974556954593755,-0.0001953818821268568,2.5348653968538734e-05
safe_graph_adp,138.0,-7.725405941845308,-30.855262109341727,20.274405688449896,-0.2577508727589926,0.18120514057100154,0.15930342639133757,0.00040336069445617156,-0.0005534495108669849,-0.0002904568402982092
safe_graph_adp,140.0,-8.238319603501452,-30.493516961244254,20.5917478461078,-0.2551639485658333,0.18053805635412745,0.15803859586830943,0.0009148474802164628,-0.0009138355214163275,-0.0006062608474376001
safe_graph_adp,142.0,-8.745047744504925,-30.133844609246008,20.905927930951993,-0.2515659018696975,0.1791315818385799,0.15614135492676454,0.0014247121689431417,-0.001276532578951409,-0.0009220617505458027
safe_graph_adp,144.0,-9.243574676519534,-29.77773300725873,21.21568114076142,-0.2469632936754716,0.176976548658564,0.15361172272233048,0.0019329521501494785,-0.0016415333368162922,-0.0012378579327348774
safe_graph_adp,146.0,-9.731897864400548,-29.426688401470187,21.51974271809785,-0.24136271615301713,0.17406383292735084,0.15044972488217753,0.0024395648216671856,-0.002008830436560182,-0.0015536477771410546
safe_graph_adp,148.0,-10.20802798840762,-29.08223524122168,21.816847963248758,-0.23477079252010175,0.1703843554015632,0.14665539350482248,0.002944547589659726,-0.002378416507975106,-0.0018694296669330146
safe_graph_adp,150.0,-10.669989006183286,-28.745916089557554,22.10573224716979,-0.22719417692503813,0.1659290816448551,0.1422287671598829,0.003447897868635618,-0.0027502841691336485,-0.002185201985320165
safe_graph_adp,152.0,-11.115818214496445,-28.419291533447982,22.385131024426663,-0.21863955432903245,0.16068902219098422,0.13716989088778153,0.003949613081461645,-0.003124426026426745,-0.0025009631155609204
safe_graph_adp,154.0,-11.543566310750245,-28.103940093686212,22.65377984613644,-0.2091136403882429,0.15465523270627543,0.13147881619940127,0.00444969065937607,-0.0035008346746015443,-0.0028167114409709737
safe_graph_adp,156.0,-11.951297454253808,-27.80145813446148,22.91041437290807,-0.19862318133554957,0.14781881415147405,0.1251556010756902,0.004948128042001781,-0.003879502696799308,-0.0031324453449315826
safe_graph_adp,158.0,-12.337089327257196,-27.513459772608844,23.153770387782057,-0.18717495386203686,0.1401709129429876,0.11820030996721716,0.005444922677359396,-0.004260422664593397,-0.003448163210897839
safe_graph_adp,160.0,-12.699033195749058,-27.241576786537138,23.382583809169244,-0.1747757649981891,0.13170272111351433,0.11061301379367738,0.005940072021880336,-0.004643587138027305,-0.003763863422406951
safe_graph_adp,162.0,-13.035233970016382,-26.98745852483629,23.595590703788496,-0.1614324519948006,0.12240547647205735,0.10239378994334876,0.006433573540419849,-0.005028988665652745,-0.004079544363086517
safe_graph_adp,164.0,-13.343810264965786,-26.752771814565214,23.7915272996033,-0.14715188220360143,0.11227046276332295,0.09354272227249819,0.006925424706269979,-0.005416619784567797,-0.004395204416662796
safe_graph_adp,166.0,-13.622894460205773,-26.539200869221556,23.96912999875709,-0.1319409529575993,0.10128900982650146,0.0840599011047384,0.007415623001172509,-0.005806473020455131,-0.0047108419669689965
safe_graph_adp,168.0,-13.870632759889393,-26.348447196394446,24.127135390507267,-0.11580659145113947,0.08945249375342962,0.07394542323033508,0.007904165915331862,-0.00619854088762026,-0.0050264553979535356
safe_graph_adp,170.0,-14.08518525231673,-26.182229505101585,24.264280264157748,-0.09875575461968285,0.0767523370461327,0.06319939190546425,0.008391050947427939,-0.00659281588902988,-0.005342043093688326
safe_graph_adp,172.0,-14.264725969296684,-26.042283612811858,24.379301621990024,-0.08079542901930403,0.06318000877374527,0.051821916851420166,0.008876275604628928,-0.006989290516350247,-0.0056576034383770376
safe_graph_adp,174.0,-14.40744294526745,-25.930362352154724,24.470936692192538,-0.06193263070590996,0.048727024728809104,0.039813114253773416,0.009359837402604076,-0.007387957249985615,-0.005973134816363382
safe_graph_adp,176.0,-14.511538276175171,-25.848235477317637,24.537922941788363,-0.04217440511418029,0.03338494758294681,0.027173106761479486,0.009841733865536401,-0.007788808559116751,-0.006288635612139376
safe_graph_adp,178.0,-14.575228178110189,-25.79768957013274,24.578998089561033,-0.0215278269362307,0.017145387041909925,0.013902023485937606,0.010321962526135365,-0.008191836901739477,-0.0066041042103536195
safe_graph_adp,180.0,-14.59674304570034,-25.780527945854104,24.592900118978452,2.42861286636753e-17,4.85722573273506e-17,1.0408340855860843e-17,0.010800520925649518,-0.008597034724703292,-0.006919538995819559
safe_graph_adp,182.0,-14.56772872548498,-25.783878241996113,24.60907129971515,0.02901181390788135,-0.0033721781318791486,0.01617117383704311,0.014565711305112137,-0.0016532632315707477,0.008117072496817413
safe_graph_adp,184.0,-14.482034424306779,-25.793992082257713,24.65685092652468,0.056680039804665905,-0.006762530726241608,0.03160843258666472,0.01390134824903198,-0.0015982246224237134,0.007750156037887215
safe_graph_adp,186.0,-14.342346014975755,-25.81089372617881,24.734771010206803,0.0830059865822432,-0.010158969385252632,0.04631161784981255,0.013237454593493942,-0.0015401805212924245,0.007383199898469389
safe_graph_adp,188.0,-14.15134671165032,-25.834583266752542,24.84136325227908,0.10799100399597747,-0.013549415990794404,0.060280578743459254,0.01257403373760688,-0.0014791330601255522,0.007016205957364628
safe_graph_adp,190.0,-13.911716988141393,-25.865036651200334,24.97515906001007,0.1316364826335898,-0.016921802920076157,0.07351517190176203,0.011911089078058924,-0.0014150843862488472,0.006649176093567171
safe_graph_adp,192.0,-13.626134496279128,-25.902205702178033,25.134689561454817,0.15394385388365725,-0.020264073261080668,0.0860152614771645,0.011248624009100103,-0.001348036662354148,0.006282112186255177
safe_graph_adp,194.0,-13.297273984343029,-25.946018139412754,25.318485620492464,0.1749145899037296,-0.0235641810278452,0.09778071914144085,0.010586641922524967,-0.0012779920664883122,0.00591501611478111
safe_graph_adp,196.0,-12.927807215556209,-25.99637760177013,25.525077851865916,0.1945502035880633,-0.02681009137557496,0.1088114240866822,0.009925146207655205,-0.0012049527920420587,0.005547889758662113
safe_graph_adp,198.0,-12.520402886644572,-26.053163669751623,25.75299663622341,0.21285224853497348,-0.02998978081558725,0.11910726302622532,0.009264140251322306,-0.0011289210477387407,0.00518073499757038
safe_graph_adp,200.0,-12.077726546461662,-26.116231888421527,26.00077213516188,0.22982231901380432,-0.03309123743008435,0.12866813019552342,0.008603627437850231,-0.0010498990576230383,0.004813553711323542
safe_graph_adp,202.0,-11.602440514679964,-26.18541379076338,26.266934306272002,0.24546204993151766,-0.03610246108675333,0.13749392735295932,0.007943611149038046,-0.0009678890610495677,0.004446347779875041
safe_graph_adp,204.0,-11.097203800549398,-26.260516921465378,26.550012918184827,0.25977311679890047,-0.039011463653190824,0.14558456378060083,0.00728409476414264,-0.0008828933126714207,0.004079119083304494
safe_graph_adp,206.0,-10.564672021723789,-26.34132486113447,26.848537565619846,0.27275723569639154,-0.041806269211150965,0.15293995628489832,0.006625081659861417,-0.0007949140824286172,0.0037118695018080773
safe_graph_adp,208.0,-10.007497323156057,-26.427597250938764,27.161037684434408,0.28441616323952745,-0.04447491427061454,0.15956002919732448,0.005966575210314998,-0.000703953655536484,0.0033446009156888994
safe_graph_adp,210.0,-9.4283282960629,-26.5190698176779,27.486042566674353,0.2947516965440081,-0.047005447983677534,0.16544471437495645,0.005308578787029959,-0.0006100143324739562,0.002977315205347367
safe_graph_adp,212.0,-8.829809896959718,-26.615454399281006,27.822081375625746,0.3037656731903828,-0.04938593235825711,0.1705939512009999,0.004651095758921556,-0.0005130984289717965,0.002610014251271565
safe_graph_adp,214.0,-8.214583366766563,-26.716438970731904,28.167683160867607,0.3114599711883559,-0.05160444247161329,0.1750076865852557,0.003994129492276489,-0.00041320827600074025,0.0022426999340276303
safe_graph_adp,216.0,-7.585286149985833,-26.821687670421134,28.521376873325526,0.3178365089407138,-0.053649066683684306,0.17868587496452834,0.003337683350735651,-0.000310346219759561,0.0018753741342501101
safe_graph_adp,218.0,-6.944551813952506,-26.930840826924513,28.881691380326014,0.3228972452068726,-0.05550790685023383,0.18162847830297696,0.002681760695276927,-0.00020451462166305723,0.0015080387326323469
safe_graph_adp,220.0,-6.295009968157659,-27.043514986207747,29.247155480651525,0.3266441790660468,-0.05716907853580824,0.18383546609240836,0.0020263648841979645,-9.571585832996289e-05,0.0011406956099168433
safe_graph_adp,222.0,-5.639286183646019,-27.159302939256804,29.616297919595986,0.3290793498800404,-0.05862071122650198,0.18530681535251228,0.001371499273098994,1.60476784292217e-05,0.0007733466468856347
safe_graph_adp,224.0,-4.980001912488311,-27.27777375013361,29.98764740402074,0.33020483725565897,-0.05985094854252919,0.1860425106310388,0.000717167214865637,0.00013077358162447486,0.0004059937243506527
safe_graph_adp,226.0,-4.319774407329173,-27.398472784456676,30.35973261741081,0.33002276100674466,-0.06084794845059973,0.18604254400391804,6.337205965175501e-05,0.00024845942909857864,3.8638723144107656e-05
safe_graph_adp,228.0,-3.6612166410113565,-27.520921738306324,30.73108223493131,0.3285352811158337,-0.061599883476097766,0.18530691507532207,-0.0005898828451377205,0.0003691027835395184,-0.0003287164758911474
safe_graph_adp,230.0,-3.006937226277009,-27.644618667554024,31.10022493848395,0.3257445976954367,-0.062094940915060994,0.18383563097766892,-0.0012425941548639108,0.0004927011924929621,-0.0006960699919112481
safe_graph_adp,232.0,-2.359540335546761,-27.769038017615518,31.465689431763483,0.32165295094894236,-0.06232132304595868,0.18162870637156875,-0.0018947585276711263,0.0006192521883748196,-0.0010634199440809474
safe_graph_adp,234.0,-1.7216256207773872,-27.89363065362728,31.826004455313967,0.31626262113114495,-0.06226724734126665,0.17868616344571245,-0.0025463726245039744,0.0007487532884838715,-0.001430764451583245
safe_graph_adp,236.0,-1.0957881333987853,-28.017823891045936,32.179698801584784,0.3095759285083953,-0.0619209466788374,0.17500803191670214,-0.0031974331091244547,0.0008812019950144852,-0.001798101633629018
safe_graph_adp,238.0,-0.48461824433103184,-28.141021526670205,32.525301329986235,0.3015952333183768,-0.06127066955306341,0.1705943490288241,-0.0038479366481290298,0.0010165957950694006,-0.0021654296094666464
safe_graph_adp,240.0,0.1092984359177408,-28.262603870084977,32.861340981944615,0.29232293572950524,-0.06030468028583186,0.16544515955376377,-0.004497879910965708,0.001154932160672597,-0.0025327464983916498
safe_graph_adp,242.0,0.6833811370718911,-28.38192777552706,33.1863467959567,0.28176147579995464,-0.05901125923726888,0.159560515790263,-0.005147259569951091,0.001296208548782237,-0.0029000504197563073
safe_graph_adp,244.0,1.2350540088264923,-28.498326674172237,33.49884792264345,0.26991333343630775,-0.05737870301627148,0.1529404775637195,-0.0057960723002874045,0.001440422401303686,-0.0032673394929792973
safe_graph_adp,246.0,1.7617462005024833,-28.61111060684314,33.79737363980287,0.2567810283518325,-0.0553953246908253,0.1455851122257285,-0.006444314780079531,0.001587571145102609,-0.0036346118375553127
safe_graph_adp,248.0,2.2608919406179977,-28.719566257137583,34.0804533674619,0.2423671200243846,-0.053049453998106386,0.1374944946535666,-0.0070919836903520096,0.0017376521920181456,-0.004001865573064705
safe_graph_adp,250.0,2.7299306163751256,-28.822956984976834,34.346616682927205,0.2266742076539368,-0.05032943755436504,0.12866870724961782,-0.007739075715066032,0.001890662938876162,-0.0043690988191831
safe_graph_adp,252.0,3.16630685306136,-28.92052286057348,34.59439333583477,0.20970493011973457,-0.04722363906459004,0.11910783994074195,-0.008385587541136426,0.002046600767502577,-0.004736309695691023
safe_graph_adp,254.0,3.5674705933649804,-29.01148069881837,34.82231326319817,0.19146196593707937,-0.043720439531951275,0.10881199017758504,-0.009031515858448606,0.00220546304473677,-0.005103496322483537
safe_graph_adp,256.0,3.9308771766036346,-29.09502409408623,35.02890660445538,0.1719480332137393,-0.03980823746701902,0.09778126293383212,-0.009676857359875531,0.0023672471224450596,-0.005470656819579864
safe_graph_adp,258.0,4.253987417865365,-29.170323455459492,35.21270371651409,0.15116588960598784,-0.035475449096757955,0.0860157707054022,-0.010321608741294635,0.0025319503375342634,-0.005837789307133001
safe_graph_adp,260.0,4.534267687061343,-29.23652604236988,35.3722351887953,0.12911833227427086,-0.030710508573294187,0.0735156335095855,-0.010965766701604743,0.002699570011965334,-0.006204891905439359
safe_graph_adp,262.0,4.769189987889565,-29.292756000657313,35.506031858275136,0.10580819783850237,-0.025501868182453306,0.06028097888412283,-0.011609327942742966,0.0028701034527670683,-0.006571962734948381
safe_graph_adp,264.0,4.956232036708772,-29.338114399045637,35.612624824524794,0.08123836233298937,-0.019837998552067786,0.04631194188622737,-0.0122522891697016,0.003043547952049897,-0.006938999916272162
safe_graph_adp,266.0,5.092877341321845,-29.37167926603475,35.690545464748446,0.05541174116098624,-0.013707388860051796,0.03160866509154858,-0.012894647090544989,0.003219900787019747,-0.0073060015701950755
safe_graph_adp,268.0,5.176615279667939,-29.392505627208642,35.73832544881903,0.028331289048878966,-0.0070985470422416375,0.016171298593078448,-0.013536398416426378,0.003399159219991986,-0.007672965817683396
safe_graph_adp,270.0,5.204941178422618,-29.39962554295888,35.75449675431181,-3.191891195797325e-16,2.0816681711721685e-17,-4.163336342344337e-17,-0.014177539861604754,0.003581320498405434,-0.008039890779894912
safe_graph_adp,272.0,5.20441087523215,-29.36920362170949,35.7853299516688,-0.0005073580255967709,0.030422303921139048,0.03083318420160429,-0.0003080834924315658,0.015210551993223466,0.01546237067256076
safe_graph_adp,274.0,5.203069279433878,-29.27931563658478,35.87643020298585,-0.000812333520044761,0.059465911229501026,0.06026702824630083,-0.0002741664250040343,0.014520285817432197,0.014762778929458762
safe_graph_adp,276.0,5.201308653175485,-29.132720170649552,36.02499852488526,-0.0009274297861934967,0.08712964151636719,0.08830123026444907,-0.00024337768590979632,0.013829873229594865,0.014063111601521594
safe_graph_adp,278.0,5.199496249418376,-28.932178082883848,36.22823534458047,-0.0008651526754362447,0.11341239927715382,0.11493550271705044,-0.00021571743278595836,0.013139328387219639,0.013363372271017868
safe_graph_adp,280.0,5.197974307064797,-28.680452338362112,36.483340528539514,-0.0006380103635034824,0.13831317392379258,0.14016957239795796,-0.0001911858072519072,0.01244866544849182,0.012663564520584855
safe_graph_adp,282.0,5.1970600465333945,-28.380307838408775,36.787513411152865,-0.00025851312623719483,0.16183103979595118,0.1640031804359756,-0.00016978293490857877,0.01175789857220136,0.011963691933210126
safe_graph_adp,284.0,5.197045665783223,-28.034511250732553,37.13795282340534,0.00026082688465200006,0.1839651561710943,0.18643608229684763,-0.00015150892533782076,0.011067041917670358,0.011263758092213222
safe_graph_adp,286.0,5.1981983367862705,-27.64583083954177,37.53185712155185,0.0009074958658429502,0.2047147672733846,0.20746804778513797,-0.0001363638721018274,0.010376109644680588,0.01056376658122729
safe_graph_adp,288.0,5.200760202448502,-27.217036295643073,37.966424215796835,0.0016689785866753066,0.224079202281424,0.22709886104599913,-0.00012434785274266372,0.009685115913400972,0.009863720984180754
safe_graph_adp,290.0,5.204948373979466,-26.750898566525787,38.43885159897711,0.0025327586134321466,0.24205787533483475,0.24532832056683135,-0.00011546092878186561,0.00899407488431511,0.00916362488527896
safe_graph_adp,292.0,5.210954928710468,-26.25018968643429,38.94633637524792,0.0034863185336319017,0.2586502855396808,0.26215623917883146,-0.00010970314572012634,0.00830300071814875,0.008463481868985809
safe_graph_adp,294.0,5.2189469083613425,-25.7176826064307,39.486075288771985,0.004517140180327623,0.2738560169727287,0.2775824440584315,-0.00010707453303706541,0.007611907575797316,0.007763295520005421
safe_graph_adp,296.0,5.2290663177558265,-25.156151024450192,40.05526475241132,0.005612704856411628,0.2876747386845492,0.29160677672862745,-0.00010757510419107347,0.006920809618253384,0.00706306942326378
safe_graph_adp,298.0,5.241430123985544,-24.568369215351296,40.651100876421566,0.006760493558923546,0.3001062047014575,0.30422909306019746,-0.00011120485661924597,0.0062297210065341765,0.0063628071638903855
safe_graph_adp,300.0,5.256130256022609,-23.957111860963437,41.270779497148716,0.007947987203359793,0.3111502540262948,0.3154492632728103,-0.00011796377173739687,0.005538655901609071,0.005662512327199866
safe_graph_adp,302.0,5.2732336047808515,-23.325153880134106,41.91149620572787,0.009162666847982523,0.3208068106380487,0.3252671719360232,-0.00012785181494015226,0.004847628464327097,0.004962188498673668
safe_graph_adp,304.0,5.292782023625654,-22.67527025877794,42.570446376783934,0.01039201391812607,0.3290758834903139,0.33368271797016996,-0.00014086893560112744,0.004156652855344415,0.004261839263941664
safe_graph_adp,306.0,5.314792329332398,-22.010235879930026,43.24482519713395,0.01162351043049892,0.3359575665085928,0.3406958146471384,-0.00015701506707318808,0.003465743235051838,0.0035614682087638065
safe_graph_adp,308.0,5.339256303493512,-21.332825353805788,43.93182769449089,0.01284463921747924,0.3414520385864361,0.34630638959103793,-0.00017629012668878865,0.002774913763502313,0.002861078919011762
safe_graph_adp,310.0,5.366140694374094,-20.645812847869735,44.62864876616868,0.014042884151402002,0.34555956358042306,0.35051438477875696,-0.00019869401576039908,0.002084178600338434,0.0021606749806505725
safe_graph_adp,312.0,5.395387219216108,-19.95197191691541,45.33248320778819,0.015205730368835733,0.3482804903039824,0.3533197565404097,-0.00022422661958100673,0.0013935519047199266,0.0014602599797202617
safe_graph_adp,314.0,5.426912566991117,-19.254075333158873,46.04052574198405,0.01632066449484691,0.3496152525200525,0.35472247555967334,-0.0002528878074247057,0.0007030478352511834,0.0007598375023175064
safe_graph_adp,316.0,5.46060840160153,-18.554894916347997,46.74997104711203,0.017375174867250046,0.34956436893258236,0.35472252687401445,-0.0002846774325473651,1.2680549908753001e-05,5.941113457725786e-05
safe_graph_adp,318.0,5.496341365530337,-17.85720136388995,47.45801378595671,0.0183567517608415,0.3481284431768726,0.3533199098748056,-0.000319595332187382,-0.0006775357940311536,-0.0006410155373456142
safe_graph_adp,320.0,5.533953083939285,-17.163764080999133,48.16184863443936,0.019252887611615012,0.3453081638087565,0.35051463830733154,-0.00035764132756651147,-0.0013675870400651372,-0.001341438927294684
safe_graph_adp,322.0,5.573260169215479,-16.47735101086793,48.85867031032562,0.020051077240957064,0.34110430429262206,0.3463067402706851,-0.0003988152238907861,-0.002057459032535087,-0.00204185544913032
safe_graph_adp,324.0,5.614054225966339,-15.800728464862564,49.54567360193296,0.020738818079820007,0.33551772298827387,0.34069625821755317,-0.00044311681035151,-0.0027471376167006708,-0.0027422615167480673
safe_graph_adp,326.0,5.656101856462888,-15.136660952746386,50.22005339683753,0.02130361039287106,0.32854936313663596,0.3336832489538922,-0.0004905458601263404,-0.0034366086388117893,-0.0034426535440969953
safe_graph_adp,328.0,5.699144666531304,-14.487911012932935,50.87900471058027,0.021732957502615183,0.3202002528442956,0.32526778363849357,-0.0005411021303804472,-0.0041258579461810625,-0.0041430279451980506
safe_graph_adp,330.0,5.742899271892701,-13.857239042771052,51.51972271537207,0.02201436601348986,0.3104715050668875,0.3154499477824389,-0.000594785362267757,-0.004814871387256276,-0.0048433811341624285
safe_graph_adp,332.0,5.787057304951057,-13.247403128864391,52.139402768797694,0.022135346035929822,0.2993643175913192,0.3042298412484448,-0.0006515952809322789,-0.005503634811692845,-0.005543709525209934
safe_graph_adp,334.0,5.831285422029253,-12.661158877427638,52.73524044251831,0.022083411410399757,0.28687997301683815,0.291607578250098,-0.0007115315955095111,-0.006192134070426255,-0.006244009532687332
safe_graph_adp,336.0,5.875225311053129,-12.101259244681753,53.30443155097235,0.02184607993139302,0.2730198387349392,0.27758328735097937,-0.0007745939991279304,-0.00688035501574451,-0.006944277571086715
safe_graph_adp,338.0,5.918493699683518,-11.570454367290557,53.84417218007454,0.021410873571394384,0.2577853669081142,0.2621571114636789,-0.0008407821689105633,-0.007568283501360573,-0.007644510055063846
safe_graph_adp,340.0,5.960682363896153,-11.071491392840981,54.3516587159128,0.02076531870480489,0.2411780944474435,0.2453292078486997,-0.0009100957659766387,-0.008255905382484783,-0.00834470339945654
safe_graph_adp,342.0,6.001358137009393,-10.607114310369287,54.824087873442934,0.01989694633182678,0.2231996429890286,0.22709974811325184,-0.0009825344354433235,-0.008943206515897284,-0.009044854019302988
safe_graph_adp,344.0,6.040062919159677,-10.180063780935575,55.25865672518071,0.0187932923023066,0.2038517188692675,0.2074689182099366,-0.0010580978064275398,-0.009630172760020437,-0.009744958329860148
safe_graph_adp,346.0,6.0763136872246175,-9.79307696824891,55.6525627298912,0.017441897539534467,0.18313611309897215,0.18643691843531993,-0.0011367854920478631,-0.010316789974991214,-0.010445012746622065
safe_graph_adp,348.0,6.109602505193646,-9.448887369345366,56.003003761275245,0.015830308263997565,0.16105470133632835,0.16400396342839613,-0.0012185970894265034,-0.011003044022733619,-0.011145013685338238
safe_graph_adp,350.0,6.139396534986122,-9.150224645321304,56.307178136652624,0.013946076217085886,0.13760944385869847,0.1401702821689413,-0.0013035321796913682,-0.01168892076703104,-0.011844957562031983
safe_graph_adp,352.0,6.165138047716803,-8.899814452124204,56.5622846456419,0.011776758884748254,0.11280238553326719,0.1149361179757567,-0.0013915903279782065,-0.012374406073598652,-0.012544840793018758
safe_graph_adp,354.0,6.186244435408574,-8.700378271403364,56.765522578836624,0.009309919721096682,0.08663565578653032,0.08830172850480178,-0.0014827710834328363,-0.013059485810155778,-0.01324465979492454
safe_graph_adp,356.0,6.202108223152335,-8.554633241422778,56.91409175647765,0.006533128371957085,0.059111468572627335,0.060267385747217524,-0.0015770739792134517,-0.013744145846498239,-0.013944410984704139
safe_graph_adp,358.0,6.212097081713926,-8.4652919880385,57.00519255712147,0.003433960898364381,0.030232122340517482,0.030833376027239325,-0.0016744985324930138,-0.014428372054570704,-0.014644090779659575
safe_graph_adp,360.0,6.215553840588,-8.435062455742822,57.03602594630417,4.0766001685454967e-17,3.122502256758253e-17,1.3877787807814457e-17,-0.0017750442444617231,-0.015112150308539025,-0.015343695597458394
safe_graph_adp,362.0,6.273023577730851,-8.435773642582172,56.99948305258764,0.057469241601686115,-0.0007545326765586747,-0.03654287812500351,0.028711484303170866,-0.0003122469940841409,-0.018198449082378738
safe_graph_adp,364.0,6.442805350118419,-8.438300989503187,56.89151286102321,0.11231194887279808,-0.0018141790336074787,-0.07142726737249372,0.027399833880207405,-0.0003377377428541309,-0.017369297485118763
safe_graph_adp,366.0,6.719646231109086,-8.443230967557067,56.71543270724802,0.16452827502714196,-0.0031551828769245667,-0.10465281127573961,0.026088502388563885,-0.00035729338054940607,-0.016540056957753305
safe_graph_adp,368.0,7.098293681077764,-8.45110253913851,56.47456062284841,0.214118453865078,-0.004753791805014464,-0.13621917035258083,0.024777496542204885,-0.0003709153656755379,-0.01571073174596056
safe_graph_adp,370.0,7.573495708571252,-8.462407165996593,56.17221530138812,0.26108279975565074,-0.006586257634519754,-0.166126022108033,0.02346682305342766,-0.00037860518711816445,-0.014881326095852292
safe_graph_adp,372.0,8.140001031427088,-8.477588818096375,55.811716064431515,0.30542170761796283,-0.008628836825534955,-0.19437306103676258,0.022156488632827844,-0.000380364364135361,-0.01405184425395211
safe_graph_adp,374.0,8.792559237854404,-8.497043983331032,55.39638282756185,0.347135652901793,-0.01085779090681886,-0.2209599986254312,0.02084649998926504,-0.0003761944463498701,-0.013222290467173749
safe_graph_adp,376.0,9.525920947475246,-8.521121678084299,54.929536066395116,0.38622519156745805,-0.01324938690090155,-0.24588656335490955,0.01953686382982848,-0.00036609701374115417,-0.012392668982799268
safe_graph_adp,378.0,10.33483797232488,-8.550123458643036,54.41449678258947,0.42269096006491946,-0.01577989774908241,-0.2691525007023608,0.018227586859802702,-0.0003500736766373154,-0.011562984048457337
safe_graph_adp,380.0,11.214063477809542,-8.584303433459661,53.85458646985071,0.4565336753121344,-0.018425602736315397,-0.29075757314319345,0.01691867578263321,-0.00032812607570685244,-0.010733239912101511
safe_graph_adp,382.0,12.15835214362014,-8.623868276264249,53.25312707993397,0.4877541346726515,-0.021162787915977806,-0.31070156015288364,0.015610137299892145,-0.00030025588195025255,-0.009903440821988439
safe_graph_adp,384.0,13.162460324600392,-8.668977240026043,52.61344098864182,0.5163532159324518,-0.02396774653451885,-0.32898425820866695,0.014301978111243981,-0.00026646479669144253,-0.009073591026656124
safe_graph_adp,386.0,14.221146211567895,-8.719742171764143,51.93885096181923,0.5423318772760348,-0.026816779455984284,-0.34560548079109976,0.012994204914411217,-0.00022675455156907515,-0.00824369477490219
safe_graph_adp,388.0,15.329169992086602,-8.776227528207107,51.23268012134544,0.5656911572617501,-0.029686195586413385,-0.3605650583854898,0.011686824405140104,-0.0001811269085276665,-0.007413756315762118
safe_graph_adp,390.0,16.481294011189217,-8.838450392301233,50.49825191112317,0.5864321747963743,-0.032552312298104534,-0.37386283848319624,0.010379843277166328,-0.00012958365980856625,-0.006583779898487484
safe_graph_adp,392.0,17.672282932047988,-8.906380490567223,49.73889006306532,0.6045561291089345,-0.03539145585374571,-0.38549868558279937,0.009073268222180778,-7.21266279407949e-05,-0.005753769772524203
safe_graph_adp,394.0,18.896903896592388,-8.97994021130497,48.95791856307949,0.6200642997237772,-0.0381799618304061,-0.39547248119113937,0.007767105929795249,-8.757665731699664e-06,-0.004923730187490788
safe_graph_adp,396.0,20.14992668607218,-9.059004623646201,48.1586616170505,0.632958046432884,-0.040894175543385265,-0.4037841238242248,0.006461363087508223,6.052134374252361e-05,-0.004093665393156573
safe_graph_adp,398.0,21.42612388156438,-9.143401497454649,47.34444361682131,0.643238809267434,-0.043510452469915875,-0.4104335290080101,0.005156046380670607,0.0001357084871464755,-0.0032635796394199675
safe_graph_adp,400.0,22.72027102442255,-9.232911324073502,46.51858910617243,0.650908108468613,-0.04600515867271661,-0.4154206292790431,0.00385116249245151,0.00021680182089534841,-0.00243347717628669
safe_graph_adp,402.0,24.027146776667006,-9.327267337919796,45.684422746800216,0.6559675444576695,-0.04835467122339125,-0.4187453741849811,0.0025467181038040286,0.0003037993711648755,-0.0016033622538480126
safe_graph_adp,404.0,25.341533081314346,-9.426155538925448,44.845269284294254,0.6584187978052186,-0.05053537862567041,-0.420407730284977,0.0012427198934310403,0.0003966991339014404,-0.0007732391222589896
safe_graph_adp,406.0,26.658215322644853,-9.529214715824617,44.0044535141141,0.6582636291997935,-0.05252368123849205,-0.4204076811499347,-6.0825462248993194e-05,0.0004954990748323369,5.688796828327847e-05
safe_graph_adp,408.0,27.971982486406244,-9.636036470287056,43.16530024756561,0.6555038794156447,-0.05429599169891723,-0.4187452273626335,-0.0013639112891362095,0.0006001971294761789,0.00088701476756144
safe_graph_adp,410.0,29.27762731995227,-9.746165241897131,42.33113427777724,0.6501414692797879,-0.05582873534487725,-0.4154203865177221,-0.002666530915483511,0.0007107912031534807,0.0017171370253596142
safe_graph_adp,412.0,30.569946492314653,-9.859098333978162,41.505280345676354,0.6421783996382998,-0.05709835063774849,-0.41043319322158245,-0.003968677671930727,0.0008272791709973719,0.002547250491485187
safe_graph_adp,414.0,31.843740754206863,-9.974285940261737,40.69106310596608,0.6316167513218637,-0.05808128958475135,-0.40378369909206197,-0.005270344891538765,0.0009496588779644834,0.003377350915790552
safe_graph_adp,416.0,33.09381509795825,-10.091131172401646,39.89180709310272,0.6184586851105629,-0.058754018161169395,-0.3954719727580761,-0.006571525909823752,0.001077928138845976,0.004207434048194885
safe_graph_adp,418.0,34.31497891737698,-10.208990088332072,39.110836687274144,0.602706441697925,-0.059093016732385185,-0.38549809985907973,-0.007872214064791124,0.0012120847382787326,0.005037495638705878
safe_graph_adp,420.0,35.502046167540364,-10.327171721469666,38.35147608037934,0.5843623416542147,-0.059074780475728964,-0.3738621830444082,-0.009172402696969778,0.001352126430756698,0.00586753143744153
safe_graph_adp,422.0,36.649835524510955,-10.444938110759125,37.61704924200946,0.5634287853889779,-0.05867581980213654,-0.36056434197248755,-0.010472085149446132,0.001498050940642379,0.006697537194651895
safe_graph_adp,424.0,37.753170544977046,-10.561504331561895,36.9108798854305,0.5399082531128346,-0.057872660777612696,-0.34560471330991427,-0.011771254767898236,0.0016498559621784912,0.007527508660740825
safe_graph_adp,426.0,38.806879825815955,-10.676038527387611,36.236291433568034,0.5138033047985245,-0.05664184554449634,-0.3289834507304045,-0.013069904900629823,0.0018075391594997675,0.008357441586287755
safe_graph_adp,428.0,39.805797163578674,-10.787661942467848,35.59660698499413,0.4851165801412017,-0.054959932742523795,-0.31070072491361256,-0.014368028898604376,0.0019710981666449167,0.00918733172206944
safe_graph_adp,430.0,40.744761713894384,-10.89544895517181,34.99514927991677,0.45385079851798205,-0.052803497929686444,-0.2907567235438188,-0.015665620115479156,0.0021405305875687405,0.010017174819081716
safe_graph_adp,432.0,41.61861815079326,-10.998427112263519,34.435240666172,0.42000875894674217,-0.05014913400287913,-0.26915165130848717,-0.016962671907639264,0.002315833996154393,0.010846966628561255
safe_graph_adp,434.0,42.42221682594618,-11.09557716400009,33.92020306521918,0.38359334004416984,-0.04697345161833553,-0.24588572989669188,-0.01825917763423161,0.002497005936225811,0.011676702902007325
safe_graph_adp,436.0,43.150413927819734,-11.185833100070658,33.45335793813939,0.34460749998306756,-0.04325307961184682,-0.2209591979974138,-0.019555130657198952,0.002684043921560282,0.01250637939120353
safe_graph_adp,438.0,43.798071640745164,-11.268082186375523,33.03802625163748,0.3030542764489085,-0.038964665418760085,-0.1943723112977061,-0.02085052434131386,0.0028769454359011803,0.013335991848239567
safe_graph_adp,440.0,44.360058303899585,-11.34116500264507,32.677528444047866,0.25893678659564584,-0.03408487549375248,-0.16612534248072955,-0.022145352054212704,0.003075707932970849,0.014165536025532985
safe_graph_adp,442.0,44.831248570198156,-11.403875480898012,32.37518439134437,0.21225822700077565,-0.02859039573037783,-0.13621858122365718,-0.0234396071664296,0.003280328836483629,0.014995007675850904
safe_graph_adp,444.0,45.20652356509558,-11.454960944738492,32.13431337315445,0.1630218736196535,-0.022457931880381688,-0.10465233419544846,-0.024733283051430358,0.0034908055401590616,0.0158244025523318
safe_graph_adp,446.0,45.4807710452955,-11.493122149491576,31.958234038777924,0.11123108173906565,-0.015664209972781316,-0.07142692505449301,-0.02602637308564641,0.0037071354077352235,0.01665371640850721
safe_graph_adp,448.0,45.648885557366306,-11.517013323176682,31.850264373210624,0.05688928593005471,-0.008185976732706865,-0.03654269444612383,-0.027318870648508707,0.003929315772982228,0.017482944998323504
safe_graph_adp,450.0,45.705768596261855,-11.525242208318435,31.81372166317308,6.245004513516506e-16,-8.326672684688674e-17,-1.457167719820518e-16,-0.02861076912248165,0.004157343939715874,0.01831208407616361
safe_graph_adp,452.0,45.70736525708562,-11.54073397685008,31.761371690592398,0.0015849773906143048,-0.015492963991494964,-0.05234995024485832,0.000634504664973307,-0.007744675586934305,-0.026134276196606816
safe_graph_adp,454.0,45.71196783317053,-11.586517508781215,31.606697653157187,0.0030064427712226498,-0.030291640071516412,-0.1023240211965944,0.0005870077438661452,-0.007394130838907545,-0.024946469551279517
safe_graph_adp,456.0,45.71925565822828,-11.661203075241424,31.354451822796186,0.004270754329171615,-0.04439487998822359,-0.14992170154034587,0.0005411067006456637,-0.007043374756105904,-0.023758535181030094
safe_graph_adp,458.0,45.72892078551633,-11.763398694080427,31.009387469736904,0.0053842734065420155,-0.057801578715969464,-0.19514250429261704,0.0004968017703233613,-0.0066924145611563296,-0.022570479168034802
safe_graph_adp,460.0,45.74066799403309,-11.891710216336657,30.576258813839143,0.006353364385858809,-0.07051067447140885,-0.23798596680501768,0.000454093179738701,-0.006341257477730817,-0.021382307595092714
safe_graph_adp,462.0,45.75421479448447,-12.04474141273747,30.059820975921212,0.007184394575773832,-0.08252114872901531,-0.27845165076781525,0.00041298114755795087,-0.005989910730509415,-0.020194026545594553
safe_graph_adp,464.0,45.7692914350218,-12.22109406022979,29.46482992907923,0.00788373409672236,-0.09383202623600666,-0.3165391422133,0.00037346588427306527,-0.005638381545143256,-0.01900564210349157
safe_graph_adp,466.0,45.78564090675104,-12.419368028540026,28.796042449999867,0.00845775576655448,-0.10444237502667897,-0.3522480515189631,0.0003355475922006042,-0.0052866771482175355,-0.017817160353264375
safe_graph_adp,468.0,45.80301894901321,-12.638161366762045,28.05821607026695,0.00891283498614232,-0.11435130643614895,-0.3855780134104881,0.0002992264654807006,-0.0049348047672145325,-0.01662858737989179
safe_graph_adp,470.0,45.82119405443602,-12.876070389972062,27.256109027662244,0.009255349624964082,-0.12355797511350461,-0.41652868696455514,0.00026450269007606444,-0.004582771630476596,-0.015439929268819718
safe_graph_adp,472.0,45.839947473756666,-13.131689765869218,26.394480217460814,0.00949167990666594,-0.132061579034364,-0.4450997556114582,0.00023137644377103114,-0.004230584967169135,-0.01425119210592993
safe_graph_adp,474.0,45.85907322041569,-13.403612601440702,25.478089143721352,0.009628208294602768,-0.1398613595128421,-0.47129092713753556,0.000199847896170651,-0.003878252007243614,-0.013062381977508957
safe_graph_adp,476.0,45.87837807492192,-13.6904305296502,24.511695870571835,0.009671319377358727,-0.14695660121292548,-0.4951019336874129,0.00016991720869982186,-0.003525779981400528,-0.01187350497021691
safe_graph_adp,478.0,45.897681588988455,-13.990733796148508,23.50006097349085,0.009627399754248693,-0.153346632159255,-0.5165325317660597,0.00014158453460246073,-0.003173176121052381,-0.010684567171056307
safe_graph_adp,480.0,45.916816089439585,-14.303111346005117,22.44794549058504,0.009502837920801562,-0.15903082374731617,-0.5355825022406585,0.00011485001894072166,-0.0028204476582866667,-0.009495574667340943
safe_graph_adp,482.0,45.93562668188871,-14.626150910459591,21.36011087386296,0.0093040241542264,-0.16400859075303706,-0.5522516503422866,8.97137985942508e-05,-0.0024676018258288396,-0.00830653354666466
safe_graph_adp,484.0,45.95397125418713,-14.958439093691538,20.241318940505778,0.009037350398862479,-0.168279391341794,-0.5665398056674117,6.617600225948683e-05,-0.00211464585700528,-0.007117449896870253
safe_graph_adp,486.0,45.97172047964378,-15.298561459608012,19.09633182413516,0.008709210151614175,-0.1718427270768247,-0.5784468221791993,4.423675044900128e-05,-0.0017615869857062654,-0.005928329806018248
safe_graph_adp,488.0,45.988757820015735,-15.645102618647137,17.929911926078738,0.008325998347371756,-0.17469814292704866,-0.5879725782086339,2.389615549088227e-05,-0.001408432446348925,-0.004739179362355739
safe_graph_adp,490.0,46.00497952826963,-15.99664631459679,16.746821866633518,0.007894111244419055,-0.17684522727429522,-0.5951169764554528,5.154321528159388e-06,-0.0010551894738402067,-0.003550004654285257
safe_graph_adp,492.0,46.02029465111383,-16.351775511427135,15.5518244363276,0.007419946309829032,-0.17828361191993863,-0.5998799439888924,-1.1988655481730506e-05,-0.0007018653035398327,-0.0023608117703335235
safe_graph_adp,494.0,46.03462503130138,-16.709072480135855,14.34968254718061,0.006909902104848235,-0.17901297209094066,-0.602261432248248,-2.7532687767433574e-05,-0.00034846717122325523,-0.0011716067991203484
safe_graph_adp,496.0,46.04790530970376,-17.06711888560485,13.145159183963179,0.006370378170271165,-0.17903302644530011,-0.602261417043246,-4.147769574412897e-05,4.9976869553899424e-06,1.760417067258463e-05
safe_graph_adp,498.0,46.06008292715531,-17.424495873467254,11.943017355455881,0.005807774911805552,-0.17834353707690967,-0.5998798985542294,-5.382360801393579e-05,0.00035852203450033874,0.0012068150503328698
safe_graph_adp,500.0,46.07111812606845,-17.779784156983588,10.748020045707978,0.00522849348542955,-0.1769443095198198,-0.595116901332156,-6.45703613662793e-05,0.0007120986346112371,0.002396019751148566
safe_graph_adp,502.0,46.080983951819555,-18.131564103925818,9.56493016529636,0.004638935682741846,-0.17483519275190967,-0.5879724742984089,-7.371790077821379e-05,0.0010657202502202024,0.0035852121844393778
safe_graph_adp,504.0,46.08966625390554,-18.478415823468183,8.398510502585047,0.004045503816305708,-0.17201607919796524,-0.5784466907444212,-8.126617941470495e-05,0.0014193796440288768,0.0047743862615877986
safe_graph_adp,506.0,46.09716368687113,-18.818919253083575,7.2535236749856375,0.003454600604987956,-0.16848690473216418,-0.566539648331112,-8.72151586288693e-05,0.0017730695785454751,0.005963535894070327
safe_graph_adp,508.0,46.1034877110068,-19.151654245444313,6.134732080219059,0.0028726290592938864,-0.16424764867996794,-0.5522514690881367,-9.15648079621722e-05,0.0021267828161218505,0.007152654993488598
safe_graph_adp,510.0,46.108662592817396,-19.475200655326084,5.0468978475790145,0.002305992366699134,-0.15929833381942063,-0.5355822994129492,-9.431510514458384e-05,0.0024805121189905403,0.008341737471600594
safe_graph_adp,512.0,46.11272540526139,-19.788138426513907,3.9947827891974916,0.001761093776979493,-0.153639026381855,-0.5165323100696774,-9.546603609469297e-05,0.002834250249301831,0.009530777240351777
safe_graph_adp,514.0,46.11572602776083,-20.0890476787089,2.983148351312703,0.0012443364875396952,-0.14726983605200525,-0.49510169618781164,-9.50175949197796e-05,0.0031879899691608124,0.010719768211906289
safe_graph_adp,516.0,46.117727145981895,-20.37650879443471,2.0167555655398397,0.0007621235287421582,-0.14019091596752686,-0.471290677260706,-9.296978391584426e-05,0.003541724040664435,0.01190870429867812
safe_graph_adp,518.0,46.11880425138617,-20.64910250594234,1.1003650001450103,0.00032085764923670186,-0.13240246271792336,-0.44509949714389235,-8.932261356759717e-05,0.0038954452259385704,0.013097579413362247
safe_graph_adp,520.0,46.11904564055254,-20.905409982112296,0.238736711322735,-7.305879870775269e-05,-0.12390471634287997,-0.41652842405320756,-8.407610254840401e-05,0.0042491462871750655,0.014286387468965843
safe_graph_adp,522.0,46.11855241426976,-21.144012915352747,-0.5633698055226238,-0.00041322397386849995,-0.11469796033000432,-0.38557775056273347,-7.723027772019057e-05,0.004602819986668803,0.015475122378839412
safe_graph_adp,524.0,46.1174384763997,-21.363493608492632,-1.3011956644911256,-0.0006932366607303745,-0.10478252161197404,-0.3522477936025501,-6.878517413330481e-05,0.004956459086854754,0.016663778056707955
safe_graph_adp,526.0,46.11583053251128,-21.562435061668424,-1.9699826378968341,-0.0009066963841420777,-0.09415877056309149,-0.31653889445630146,-5.874083502633803e-05,0.005310056350345041,0.01785234841670215
safe_graph_adp,528.0,46.113868088285095,-21.739421059203426,-2.564973204972347,-0.0010472035239665,-0.08282712099524536,-0.27845141875857465,-4.709731182590304e-05,0.005663604539965984,0.019040827373389486
safe_graph_adp,530.0,46.11170344768872,-21.893036256478414,-3.0814106005678923,-0.001108359429724032,-0.07078803015327945,-0.23798575649209186,-3.3854664146370906e-05,0.006017096418795162,0.020229208841805443
safe_graph_adp,532.0,46.10950171092278,-22.021866266792397,-3.5145388638446264,-0.0010837665352278593,-0.05804199870976849,-0.19514232198471532,-1.901295978956587e-05,0.006370524750198462,0.021417486737484635
safe_graph_adp,534.0,46.10744077213772,-22.124497748212352,-3.8596028869617522,-0.0009670284732102347,-0.044589570759201134,-0.14992155390626552,-2.5722747444181393e-06,0.006723882297867131,0.022605654976491963
safe_graph_adp,536.0,46.10571131692138,-22.199518490410725,-4.111848463757088,-0.0007517501899387197,-0.030431333811570104,-0.10232391526515228,1.546730681342521e-05,0.007077161825854829,0.023793707475453764
safe_graph_adp,538.0,46.10451681955727,-22.245517501489527,-4.26652233842071,-0.00043153805982139315,-0.015567918785369603,-0.05234989340481896,3.510569252203114e-05,0.007430356098614669,0.02498163815158896
safe_graph_adp,540.0,46.10407354005373,-22.26108509478983,-4.318872254161299,-1.745565497701662e-17,0.0,1.0408340855860843e-16,5.6342781833653615e-05,0.007783457881036269,0.02616944092274021
safe_graph_adp,542.0,46.04527556341281,-22.27634032631098,-4.365705635785633,-0.05880952461454121,-0.015210874783339764,-0.04683336164217189,-0.029564466122663408,-0.0076719594617412085,-0.023422228918666146
safe_graph_adp,544.0,45.87145162031079,-22.320977217129943,-4.5040802745500965,-0.11502533068668998,-0.02938361559476329,-0.09154121808289227,-0.02823391713116999,-0.007283029018536562,-0.022359595303631852
safe_graph_adp,546.0,45.58779556546461,-22.392943295435245,-4.729744700375205,-0.16864101188801314,-0.042542023398559434,-0.13412311145946773,-0.02690205534521766,-0.0069001229034459065,-0.021296847208367664
safe_graph_adp,548.0,45.1995139847591,-22.490233732063857,-5.0384465492229396,-0.21965024339334333,-0.054709939817415267,-0.17457860567649597,-0.025568887583885275,-0.006523247042049511,-0.020233990074101166
safe_graph_adp,550.0,44.71182603214118,-22.610891421387254,-5.425932606634753,-0.2680467819800266,-0.06591124670160174,-0.2129072864092153,-0.02423442067293823,-0.006152407329052987,-0.019171029342618183
safe_graph_adp,552.0,44.12996326631623,-22.753007061335342,-5.887948851276053,-0.3138244661264034,-0.07616986569765148,-0.2491087611066869,-0.022898661444793498,-0.005787609628257103,-0.018107970456234967
safe_graph_adp,554.0,43.459169487248246,-22.914719232557218,-6.4202404984868835,-0.35697721610952127,-0.08550975781653257,-0.28318265899480966,-0.02156161673848468,-0.005428859772527777,-0.017044818857770323
safe_graph_adp,556.0,42.7047005724654,-23.094214476717795,-7.018552043838463,-0.39749903410207876,-0.09395492300132215,-0.31512863107916805,-0.02022329339962697,-0.005076163563766197,-0.01598157999051772
safe_graph_adp,558.0,41.87182431317242,-23.289727373929267,-7.678627306695257,-0.4353840042685995,-0.10152939969438365,-0.34494635014771247,-0.018883698280382107,-0.004729526772879121,-0.014918259298217471
safe_graph_adp,560.0,40.96582025017143,-23.499540619316445,-8.396209473782243,-0.4706262928608357,-0.10825726440405148,-0.3726355107732724,-0.01754283823942331,-0.004388955139749332,-0.013854862225028807
safe_graph_adp,562.0,39.99197950959275,-23.72198509871496,-9.167041142757025,-0.5032201483123999,-0.11416263127082682,-0.3981958293159024,-0.01620072014190013,-0.004054454373206251,-0.01279139421550203
safe_graph_adp,564.0,38.955604638437194,-23.955439963501373,-9.986864365786495,-0.533159901332625,-0.11926965163308859,-0.42162704392506073,-0.014857350859403306,-0.003726030150996705,-0.011727860714550634
safe_graph_adp,566.0,37.86200943993141,-24.198332704554243,-10.851420693127658,-0.5604399649996507,-0.12360251359232316,-0.44292891454162053,-0.013512737269929617,-0.0034036881197558573,-0.01066426716742343
safe_graph_adp,568.0,36.71651880869786,-24.449139225345153,-11.756451216712327,-0.5850548348527361,-0.1271854415778768,-0.4621012228997139,-0.012166886257846638,-0.0030874338949782973,-0.009600619019676654
safe_graph_adp,570.0,35.524468565740925,-24.706383914158785,-12.69769661373534,-0.6069990889837984,-0.1300426959112346,-0.47914377252840845,-0.010819804713857493,-0.00277727306098929,-0.00853692171714611
safe_graph_adp,572.0,34.29120529325068,-24.96863971544107,-13.67089719024596,-0.626267388128175,-0.13219857236982963,-0.49405638875321656,-0.009471499534965571,-0.002473211170916186,-0.007473180705919253
safe_graph_adp,574.0,33.02208616922598,-25.234528200274504,-14.671792924742114,-0.6428544757546101,-0.13367740175038645,-0.5068389186974374,-0.008121977624439253,-0.0021752537466599845,-0.006409401432307345
safe_graph_adp,576.0,31.722478801918307,-25.502719635979663,-15.696123511767174,-0.6567551781544639,-0.13450354943180237,-0.5174912312833311,-0.006771245891776497,-0.0018834062788670716,-0.005345589342817533
safe_graph_adp,578.0,30.397761064097992,-25.771933054842055,-16.739628405508896,-0.6679644045301445,-0.13470141493757068,-0.5260132172331263,-0.005419311252669538,-0.0015976742269010933,-0.00428174988412499
safe_graph_adp,580.0,29.05332092714434,-26.040936321963343,-17.798046863400216,-0.6764771470827602,-0.13429543149774953,-0.53240478906986,-0.004066180628969426,-0.0013180630188150176,-0.0032178885030450244
safe_graph_adp,582.0,27.69455629496125,-26.30854620223605,-18.867117989721564,-0.6822884810989939,-0.1333100656104802,-0.5366658811180492,-0.0027118609486505947,-0.001044578051323336,-0.0021540106465051632
safe_graph_adp,584.0,26.326874837719842,-26.573628426440877,-19.942580779204334,-0.685393565037196,-0.13176981660305895,-0.5387964495041969,-0.0013563591457754246,-0.0007772246897744357,-0.001090121761517307
safe_graph_adp,586.0,24.955693825429705,-26.835097756465686,-21.02017416063523,-0.6857876406126971,-0.12969921619256586,-0.5387964721571286,3.1783954130876375e-07,-0.0005160082681231243,-2.6227295149817975e-05
safe_graph_adp,588.0,23.58643996134027,-27.09191804964534,-22.09563704046108,-0.6834660328823396,-0.12712282804605488,-0.5366659488081631,0.001358163061167927,-0.0002609340889033276,0.0010376673055003706
safe_graph_adp,590.0,22.224549215173937,-27.343102322221462,-23.16470834639387,-0.6784241503282257,-0.1240652473403087,-0.5324049009911153,0.002717169566991427,-1.2007423200934442e-05,0.0021015565933356316
safe_graph_adp,592.0,20.875466656192454,-27.58771281192128,-24.22312707101556,-0.6706574849406833,-0.12055110032116258,-0.526013372042131,0.004077330398953088,0.00023076648937318703,0.0031654351212855453
safe_graph_adp,594.0,19.54464628609818,-27.824861039654678,-25.266632315382456,-0.6601616123004481,-0.11660504386240066,-0.5174914270993557,0.005438638593084084,0.0004673824407100209,0.004229297442334773
safe_graph_adp,596.0,18.237550871771745,-28.053707870328655,-26.290963332628714,-0.6469321916600603,-0.1122517650242289,-0.5068391531024341,0.006801087179541134,0.0006978352542290608,0.005293138109550968
safe_graph_adp,598.0,16.959651777847704,-28.273463572778258,-27.2918595715687,-0.6309649660244772,-0.10751598061132846,-0.49405665879184407,0.0081646691826422,0.0009221197849048215,0.006356951676112645
safe_graph_adp,600.0,15.716428799129773,-28.48338787881324,-28.265060720297832,-0.6122557622308987,-0.10242243673049324,-0.4791440747080621,0.009529377620902188,0.0011402309192931764,0.0074207326953370616
safe_graph_adp,602.0,14.513369992847174,-28.682790041379565,-29.206306749791604,-0.5908004910278074,-0.09699590834785572,-0.4621015531905615,0.010895205507068718,0.0013521635755575424,0.00848447572070813
safe_graph_adp,604.0,13.355971510753704,-28.87102889183498,-30.11133795750242,-0.5665951471532199,-0.0912611988457048,-0.4429292683766437,0.012262145848157864,0.0015579127034948941,0.009548175305904289
safe_graph_adp,606.0,12.249737431071077,-29.04751289633777,-30.97589501095394,-0.5396358094121514,-0.08524313957889955,-0.4216274162001016,0.013630191645489979,0.0017574732845616237,0.010611826004826378
safe_graph_adp,608.0,11.20017959027814,-29.211700211348003,-31.79571899133257,-0.5099186407532905,-0.07896658943088285,-0.39819621438971575,0.014999335894725541,0.0019508403318992344,0.011675422371625546
safe_graph_adp,610.0,10.21281741474751,-29.363098738240346,-32.56655143707579,-0.4774398883448854,-0.07245643436929873,-0.3726359024675836,0.016369571585900973,0.0021380088903598733,0.012738958960731118
safe_graph_adp,612.0,9.293177752231253,-29.501266177027762,-33.284134387456966,-0.44219588364983897,-0.06573758700121735,-0.3449467417472807,0.017740891703464576,0.002318974036531702,0.013802430326878466
safe_graph_adp,614.0,8.446794703197138,-29.62581007919525,-33.94421042616632,-0.40418304250001436,-0.0588349861279715,-0.31512901533185494,0.01911328922631243,0.002493730878764103,0.014865831025136915
safe_graph_adp,616.0,7.679209452017091,-29.736387899642885,-34.54252272488773,-0.3633978651697479,-0.05177359629960855,-0.28318302811165363,0.02048675712782434,0.0026622745571927274,0.0159291556109376
safe_graph_adp,618.0,6.9959700980094,-29.83270704773736,-35.074815086870984,-0.319836936448571,-0.04457840736896173,-0.24910910676198286,0.021861288375899807,0.0028246002437643724,0.01699239864010135
safe_graph_adp,620.0,6.402631486336285,-29.914524937471324,-35.536831990499216,-0.2734969257131381,-0.03727443404534467,-0.21290759974059997,0.02323687593299406,0.0029807031422617075,0.01805555466886656
safe_graph_adp,622.0,5.904755038758388,-29.981649036729692,-35.924318632851175,-0.22437458699836266,-0.02988671544787312,-0.17457887728503854,0.02461351275615405,0.003130578488327824,0.01911861825391707
safe_graph_adp,624.0,5.507908584247798,-30.033936915662288,-36.23302097325793,-0.17246675906775763,-0.022440314658417764,-0.13412333140976612,0.025991191797054537,0.0032742215494906343,0.02018158395241001
safe_graph_adp,626.0,5.217666189461184,-30.07129629416197,-36.45868577685375,-0.11777036548298232,-0.01496031827419201,-0.09154137590317488,0.027369906002034164,0.0034116276251870965,0.02124444632200371
safe_graph_adp,628.0,5.03960798907463,-30.09368508844761,-36.597060658120796,-0.060282414672593494,-0.007471835959978765,-0.04683344632440483,0.028749648312131584,0.0035427920467872853,0.022307199920885517
safe_graph_adp,630.0,4.979320015981766,-30.101111456751138,-36.643894124427305,-5.828670879282072e-16,-4.683753385137379e-17,-6.938893903907228e-17,0.030130411663121578,0.0036677101776182936,0.0233698393077997
safe_graph_adp,632.0,4.9303657828290595,-30.080047925913718,-36.63870682103863,-0.048938380929226276,0.02110044232313943,0.0051873011754637235,-0.024512078816921547,0.010494835974627598,0.0025467489644240074
safe_graph_adp,634.0,4.785892600425743,-30.01745104937626,-36.62338034063445,-0.09551957634215855,0.04153156780675071,0.01013917268947406,-0.023380102614642618,0.01005211060089347,0.0024290473126460407
safe_graph_adp,636.0,4.550606309313338,-29.914680350022188,-36.59838559296521,-0.13975212645717183,0.06127249368785981,0.014855564315419397,-0.022250500653264355,0.009604267876738157,0.0023113332242433965
safe_graph_adp,638.0,4.229195599712945,-29.773137055991707,-36.564193585823595,-0.18164464135272818,0.08030239752537198,0.019336428237717692,-0.02112327871630343,0.009151318559800744,0.002193607301907478
safe_graph_adp,640.0,3.826331871970953,-29.594263979669826,-36.52127542022209,-0.22120580080143712,0.09860051756813713,0.023581719052182246,-0.019998442575090883,0.008693273433865856,0.0020758701483902806
safe_graph_adp,642.0,3.3466690973372315,-29.37954539593915,-36.47010228556984,-0.25844435410346395,0.11614615312215229,0.027591393766369172,-0.01887599798874258,0.008230143308808452,0.0019581223665012994
safe_graph_adp,644.0,2.7948436790771654,-29.130506919699123,-36.41114545484884,-0.29336911991928705,0.13291866491689808,0.03136541179990635,-0.017755950704129716,0.0077619390205384935,0.00184036455910445
safe_graph_adp,646.0,2.1754743139188206,-28.848715382653463,-36.3448762797895,-0.32598898610180604,0.14889747547080573,0.034903734984803876,-0.016638306455849402,0.007288671430945444,0.0017225973291149763
safe_graph_adp,648.0,1.493161853836546,-28.53577870936754,-36.271766186045554,-0.35631290952780187,0.16406206945585186,0.03820632756574593,-0.015523070966195308,0.006810351427842674,0.001604821279496365
safe_graph_adp,650.0,0.7524891681722972,-28.193345792597444,-36.192286668368446,-0.3843499159287505,0.17839199406127734,0.041273156200364175,-0.014410249945128338,0.006326989924911693,0.0014870370132572604
safe_graph_adp,652.0,-0.0419789939040196,-27.82310636789248,-36.10690928578119,-0.4101090997209921,0.1918668593564275,0.04410418995949262,-0.013299849090247434,0.005838597861646302,0.0013692451334483746
safe_graph_adp,654.0,-0.8856961405938981,-27.42679088747287,-36.01610565675172,-0.4335996238352561,0.2044663386527102,0.04669940032740391,-0.01219187408676036,0.005345186203296574,0.0012514462431594013
safe_graph_adp,656.0,-1.7741341743279926,-27.006170393384448,-35.920347454365775,-0.45483071954554527,0.21617016886466855,0.04905876120202714,-0.011086330607454646,0.004846765940812688,0.0011336409455159273
safe_graph_adp,658.0,-2.702783528281004,-26.56305638993205,-35.820106401499416,-0.4738116862973789,0.22695815087016566,0.051182248895147074,-0.009983224312668487,0.004343348090788689,0.0010158298436763447
safe_graph_adp,660.0,-3.667153302542414,-26.09930071539346,-35.71585426599112,-0.49055189153539713,0.2368101498696773,0.0530698421325849,-0.008882560850261824,0.003834943695406068,0.0008980135408287633
safe_graph_adp,662.0,-4.662771399941791,-25.616795413015666,-35.60806285581353,-0.5050607705303282,0.24570609574469035,0.05472152205436038,-0.007784345855587358,0.0033215638223772193,0.0007801926401879212
safe_graph_adp,664.0,-5.685184661527393,-25.117472601295184,-35.49720401424493,-0.5173478262053196,0.2536259834152032,0.056137272214835506,-0.006688584951461762,0.0028032195648887933,0.0006623677449920976
safe_graph_adp,666.0,-6.7299590016968,-24.603304343544327,-35.38374961504042,-0.5274226289616356,0.2605498731963252,0.05731707858283961,-0.005595283748136855,0.002279922041544885,0.0005445394585000241
safe_graph_adp,668.0,-7.792679542978307,-24.07630251674514,-35.26817155760289,-0.535294816503721,0.26645789115397217,0.05826092954177592,-0.004504447843270884,0.001751682396310111,0.00042670838398779385
safe_graph_adp,670.0,-8.868950750461815,-23.538518679692878,-35.15094176215375,-0.5409740936636346,0.2713302294596543,0.05896881588970959,-0.0034160828218998706,0.0012185117984525558,0.00030887512474577676
safe_graph_adp,672.0,-9.954396565877955,-22.992043940430797,-35.03253216490357,-0.5444702322248528,0.27514714674435437,0.059440730839437184,-0.002330194256409005,0.00068042144248658,0.00019104028407552695
safe_graph_adp,674.0,-11.044660541324197,-22.439008822978117,-34.91341471322255,-0.5457930707454448,0.2778889684514919,0.05967667001853762,-0.0012467877065041304,0.00013742254811551185,7.320446528669578e-05
safe_graph_adp,676.0,-12.135405972636676,-21.881583133352965,-34.79406136081091,-0.5449525143806216,0.2795360871889713,0.05967663146940457,-0.00016586871918326525,-0.0004104736398258034,-4.4631728306058095e-05
safe_graph_adp,678.0,-13.222316032406498,-21.32197582489214,-34.67494406286926,-0.54195853470466,0.28006896308031004,0.059440615649260335,0.0009125571712917901,-0.0009632558514285764,-0.00016246769338615526
safe_graph_adp,680.0,-14.301093902639264,-20.762434862869547,-34.55653477126894,-0.5368211695322029,0.27946812411484423,0.058968625430151134,0.0019884844434237842,-0.001520912791767763,-0.0002803028266381881
safe_graph_adp,682.0,-15.367462907056575,-20.205247088415152,-34.43930542972241,-0.5295505227389381,0.27771416649700864,0.05826066609892391,0.0030619075885083037,-0.002083433140959919,-0.0003981365247510064
safe_graph_adp,684.0,-16.417166643038275,-19.652738081736288,-34.32372796895364,-0.5201567640816565,0.2747877549946876,0.05731674535718457,0.004132821110661958,-0.0026508055542211304,-0.0005159681844208092
safe_graph_adp,686.0,-17.445969113204185,-19.10727202464321,-34.2102743018687,-0.5086501290176918,0.2706696232866341,0.05613687332123764,0.005201219526850532,-0.003223018661925113,-0.0006337972023542321
safe_graph_adp,688.0,-18.44965485663412,-18.57125156238072,-34.09941631872642,-0.4950409185237435,0.2653405743089541,0.05472106252200745,0.006267097366917042,-0.0038000610696614194,-0.000751622975271435
safe_graph_adp,690.0,-19.424029079724896,-18.047117664767804,-33.99162588230924,-0.47933949891408323,0.2587814806006526,0.05306932790494077,0.007330449173609758,-0.004381921358293787,-0.0008694448999091928
safe_graph_adp,692.0,-20.364917786683186,-17.53734948664707,-33.88737482309431,-0.4615563016581484,0.25097328464823904,0.05118168682989081,0.008391269502610136,-0.00496858808401859,-0.0009872623730239848
safe_graph_adp,694.0,-21.26816790965291,-17.044464227645943,-33.787134934424756,-0.4417018231975228,0.24189699922938815,0.04905815907098284,0.009449552922560707,-0.005560049778423443,-0.00110507479139508
safe_graph_adp,696.0,-22.12964743847599,-16.571016991251494,-33.691377967681326,-0.4197866247623065,0.23153370775565427,0.046698766816461124,0.010505294015092861,-0.006156294948545908,-0.0012228815518276286
safe_graph_adp,698.0,-22.94524555008524,-16.11960064320076,-33.60057562745432,-0.3958213321868768,0.21986456461423523,0.04410353466851741,0.011558487374854608,-0.006757312076932344,-0.0013406820511557484
safe_graph_adp,700.0,-23.71087273752817,-15.69284566918852,-33.51519956671587,-0.3698166357250418,0.20687079550878332,0.04127248964310085,0.01260912760953825,-0.007363089621696881,-0.001458475686245615
safe_graph_adp,702.0,-24.42246093862048,-15.29342003189439,-33.435721381992636,-0.3417832898645876,0.1925336977992601,0.0382056611697094,0.013657209339907985,-0.007973616016580504,-0.0015762618539985475
safe_graph_adp,704.0,-25.075963664228045,-14.924029027331162,-33.36261260853893,-0.3117321131412216,0.1768346408408322,0.03490308109116265,0.014702727199827447,-0.008588879671010274,-0.0016940399513540973
safe_graph_adp,706.0,-25.667356126176205,-14.587415140516324,-33.29634471551034,-0.27967398795191306,0.159755066321805,0.03136478366335617,0.015745675836287186,-0.009208868970158678,-0.0018118093752931377
safe_graph_adp,708.0,-26.192635364785108,-14.286357900468671,-33.237389101137786,-0.2456198603676324,0.14127648860059142,0.027590805554997298,0.016786049909432076,-0.009833572275003089,-0.0019295695228409477
safe_graph_adp,710.0,-26.64782037602994,-14.023673734531947,-33.18621708790225,-0.20958073994549142,0.12138049504171261,0.023581185847322425,0.01782384409258865,-0.010462977922385363,-0.002047319791070302
safe_graph_adp,712.0,-27.02895223832486,-13.80221582202746,-33.14329991770995,-0.17156769954028553,0.10004874635082779,0.019335966033795723,0.018859053072292367,-0.011097074225071548,-0.0021650595771045555
safe_graph_adp,714.0,-27.33209423892937,-13.624873947237603,-33.10910874706825,-0.13159187511543988,0.07726297690879008,0.014855190019789355,0.019891671548314838,-0.011735849471811728,-0.0022827882781207348
safe_graph_adp,716.0,-27.55333199997605,-13.494574351722248,-33.08411464226215,-0.0896644655533611,0.053004995104725686,0.01013890412224519,0.020921694233690932,-0.012379291927399977,-0.002400505291352617
safe_graph_adp,718.0,-27.688773604118353,-13.414279585969954,-33.06878857453152,-0.04579673246519611,0.027256683668133157,0.00518715706931797,0.02194911585474588,-0.013027389832734453,-0.002518210014093824
safe_graph_adp,720.0,-27.734549719797343,-13.386988360385962,-33.06360141524903,2.0122792321330962e-16,7.28583859910259e-17,-2.688821387764051e-17,0.02297393115112224,-0.013680131404877593,-0.0026359018437009025
safe_graph_adp,722.0,-27.748658160910075,-13.38154070852987,-33.03255871044154,-0.01410434228830726,0.0054582899732352206,0.031042691562691755,-0.006951816493609143,0.0027131831668081923,0.01547903793027126
safe_graph_adp,724.0,-27.79029949120958,-13.365340575565314,-32.940839458089606,-0.027533048583533816,0.010751971513995172,0.06067652165599096,-0.006626056024467659,0.002599729157867114,0.01477468606319949
safe_graph_adp,726.0,-27.858124637770764,-13.338723178248541,-32.791261685349845,-0.04028832074407866,0.01587504639171909,0.0889011872644084,-0.006300914097565806,0.0024848023297663587,0.0140702585503285
safe_graph_adp,728.0,-27.950788951486523,-13.30203571419624,-32.58664401098198,-0.052372380723418564,0.020821531991686973,0.11571639980059548,-0.005976392377617186,0.0023684054854661817,0.013365758998298862
safe_graph_adp,730.0,-28.0669522472148,-13.255637330547927,-32.32980561649029,-0.06378747052697724,0.025585461420914557,0.14112188510755933,-0.005652492526159972,0.002250541435453261,0.012661191014119989
safe_graph_adp,732.0,-28.205278843839192,-13.19989909241677,-32.023566217260836,-0.07453585216880698,0.030160883613823852,0.16511738346076732,-0.005329216201548394,0.0021312129977263073,0.011956558205151655
safe_graph_adp,734.0,-28.364437604242717,-13.135203951129302,-31.67074603369449,-0.08461980762808297,0.034541863437688364,0.18770264957014057,-0.005006565058944248,0.0020104229977816416,0.011251864179085545
safe_graph_adp,736.0,-28.543101975194404,-13.061946712254464,-31.27416576233615,-0.09404163880541053,0.03872248179785206,0.20887745258193674,-0.0046845407503084266,0.0018881742685987197,0.010547112543926769
safe_graph_adp,738.0,-28.739950027148303,-12.980534003422438,-30.83664654700028,-0.10280366747894593,0.04269683574272119,0.22864157608052182,-0.004363144924392455,0.0017644696506256361,0.009842306907975388
safe_graph_adp,740.0,-28.953664493954548,-12.891384241933729,-30.36100994989303,-0.1109082352603309,0.04645903856852804,0.24699481809003124,-0.004042379226730055,0.0016393119917645768,0.009137450879807961
safe_graph_adp,742.0,-29.182932812482104,-12.79492760215894,-29.85007792273112,-0.11835770355044142,0.050003219923865604,0.2639369910759199,-0.0037222452996287137,0.0015127041473572366,0.008432548068259035
safe_graph_adp,744.0,-29.426447162152826,-12.691605982729719,-29.30667277785775,-0.12515445349495105,0.05332352591399247,0.27946792194640147,-0.0034027447821612816,0.0013846489801702042,0.007727602082402689
safe_graph_adp,746.0,-29.682904504386464,-12.581872973521309,-28.733617159355752,-0.13130088593970923,0.05641411920490677,0.2935874520537766,-0.0030838793101575714,0.0012551493603803034,0.007022616531534055
safe_graph_adp,748.0,-29.951006621956232,-12.466193822427206,-28.133734014158186,-0.13679942138593512,0.05926917912718844,0.30629543719565056,-0.002765650516195995,0.0011242081655598961,0.006317595025150849
safe_graph_adp,750.0,-30.229460158254593,-12.345045401926344,-27.5098465631566,-0.14165249994522694,0.0618829017796088,0.31759174761603937,-0.0024480600295951954,0.0009918282806621488,0.005612541172934856
safe_graph_adp,752.0,-30.516976656468856,-12.218916175443303,-26.864778272307213,-0.14586258129438778,0.06424950013250659,0.32747626800636565,-0.0021311094764057095,0.0008580125980062678,0.004907458584733484
safe_graph_adp,754.0,-30.812272598666272,-12.088306163501999,-26.201352823735196,-0.1494321446300678,0.06636320413092955,0.33594889750634327,-0.0018148004794016374,0.0007227640172626816,0.004202350870541268
safe_graph_adp,756.0,-31.114069444788203,-11.953726909673328,-25.52239408683731,-0.15236368862322336,0.06821826079754062,0.3430095497047509,-0.0014991346580723389,0.0005860854454382019,0.003497221640481378
safe_graph_adp,758.0,-31.42109367155305,-11.815701446317227,-24.8307260893831,-0.1546597313733938,0.0698089343352878,0.3486581526400947,-0.0011841136286141422,0.00044797979686113777,0.0027920745047871585
safe_graph_adp,760.0,-31.732076811267522,-11.674764260119641,-24.12917298861487,-0.1563228103627957,0.07112950622983696,0.3528946488011603,-0.0008697390039220666,0.0003084499931663722,0.002086913073783621
safe_graph_adp,762.0,-32.04575549054596,-11.53146125742485,-23.420559042346675,-0.15735548241023536,0.0721742753517665,0.3557189951274535,-0.0005560123935815602,0.00016749896328040496,0.0013817409578689606
safe_graph_adp,764.0,-32.36087146893723,-11.386349729363664,-22.707708580062544,-0.1577603236248402,0.07293755805852302,0.3571311630095302,-0.00024293540386026788,2.512964340635964e-05,0.0006765617674960936
safe_graph_adp,766.0,-32.67617167745901,-11.239998316777926,-21.993445974014143,-0.15753992935960856,0.07341368829613719,0.35713113828921533,6.94903623001961e-05,-0.00011865502299105416,-2.8620886845850263e-05
safe_graph_adp,768.0,-32.99040825703886,-11.092986974941843,-21.280595610318116,-0.15669691416477954,0.07359701770069882,0.35571892125971083,0.0003812633052924586,-0.0002638520852006113,-0.0007338033946500001
safe_graph_adp,770.0,-33.30233859686195,-10.945906938080588,-20.57198186005332,-0.1552339117410222,0.07348191569959027,0.35289452666559257,0.0006923818288515733,-0.000410458585279674,-0.001438982145410243
safe_graph_adp,772.0,-33.61072537262497,-10.799360683686698,-19.870429050358183,-0.1531535748924451,0.07306276961247739,0.3486579837026964,0.0010028443400631963,-0.0005584715580693395,-0.002144153528639699
safe_graph_adp,774.0,-33.914336584695846,-10.653961896634721,-19.178761435528394,-0.1504585754794267,0.07233398475205696,0.3430093360178933,0.0013126492493717378,-0.0007078880312096239,-0.0028493139338892064
safe_graph_adp,776.0,-34.211945596178964,-10.510335433094614,-18.49980316811516,-0.14715160437126637,0.0712899845245599,0.33594864170875344,0.0016217949705885086,-0.0008587050251546746,-0.0035544597507658187
safe_graph_adp,778.0,-34.50233117088551,-10.369117284244378,-17.83637827002424,-0.14323537139865727,0.06992521053000916,0.32747597332309936,0.0019302799208998317,-0.0010109195531880302,-0.0042595873689512675
safe_graph_adp,780.0,-34.78427751120859,-10.230954539782436,-17.191310603615985,-0.13871260530598095,0.06823412266223174,0.31759141785844813,0.0022381025208751504,-0.0011645286214379104,-0.004964693178220474
safe_graph_adp,782.0,-35.05657429590274,-10.096505351240214,-16.5674238428066,-0.13358605370342413,0.06621119920862356,0.30629507676134266,0.002545261194475117,-0.0013195292288925471,-0.005669773568460015
safe_graph_adp,784.0,-35.31801671776749,-9.966438895095452,-15.967541444170875,-0.12785848301891847,0.06385093694966663,0.293587065926572,0.00285175436905966,-0.0014759183674155438,-0.00637482492968661
safe_graph_adp,786.0,-35.567405521234676,-9.84143533568673,-15.394486618046553,-0.12153267844990319,0.061147851258197515,0.27946751569628075,0.0031575804753960373,-0.0016336930217612838,-0.0070798436520656104
safe_graph_adp,788.0,-35.80354703985904,-9.722185787929703,-14.85108229964062,-0.11461144391491142,0.058096476198426124,0.2639365708589674,0.0034627379476668647,-0.0017928501695903625,-0.007784826125929472
safe_graph_adp,790.0,-36.025253233711865,-9.609392279835545,-14.340151120137694,-0.10709760200498047,0.054691364624704204,0.24699439064837175,0.0037672252234781435,-0.001953386781485067,-0.008489768741796244
safe_graph_adp,792.0,-36.23134172667725,-9.503767714832115,-13.864515377810752,-0.09899399393488659,0.050927088280042415,0.22864114874225186,0.0040710407438672505,-0.0021152998209648813,-0.00919466789038805
safe_graph_adp,794.0,-36.42063584365067,-9.40603583388834,-13.42699700913442,-0.09030347949420435,0.04679823789437528,0.20887703326104934,0.004374182953310924,-0.002278586244502037,-0.00989951996264956
safe_graph_adp,796.0,-36.59196464763947,-9.316931177442312,-13.030417559901029,-0.08102893699819153,0.04229942328257308,0.18770224676644434,0.004676650299733227,-0.0024432430015370937,-0.010604321349766478
safe_graph_adp,798.0,-36.744162976765,-9.237199047133624,-12.677598156339695,-0.07117326323849951,0.037425273442199834,0.16511700625979933,0.004978441234513495,-0.0026092670344945584,-0.011309068443184002
safe_graph_adp,800.0,-36.87607148116592,-9.167595467340444,-12.3713594762386,-0.0607393734337099,0.03217043665101657,0.14112154318049216,0.005279554212494262,-0.0027766552787985405,-0.012013757634625328
safe_graph_adp,802.0,-36.9865366598025,-9.108887146521836,-12.11452172007073,-0.049730201179697564,0.026529580564228914,0.11571610340413817,0.0055799876919891776,-0.0029454046628884438,-0.012718385316110093
safe_graph_adp,804.0,-37.07441089716139,-9.061851438365835,-11.909904582123273,-0.038148698399820775,0.020497392311478235,0.08890094724070143,0.005879740134790892,-0.0031155121082346872,-0.013422947879972877
safe_graph_adp,806.0,-37.13855249986064,-9.027276302743815,-11.760327221630913,-0.0259978352949387,0.014068578593575463,0.060676349432495204,0.006178810006178935,-0.003286974529354475,-0.014127441718881641
safe_graph_adp,808.0,-37.17782573315455,-9.005960266471627,-11.668608233913229,-0.013280600293256714,0.007237865778976727,0.031042599152071554,0.006477195774927581,-0.0034597888338275865,-0.014831863225856234
safe_graph_adp,810.0,-37.191100857338114,-8.99871238387806,-11.637565621516424,-3.9898639947466563e-17,-3.8163916471489756e-17,6.245004513516506e-17,0.0067748959133136786,-0.003633951922312214,-0.01553620879428683
safe_graph_adp,812.0,-37.17764297029334,-8.976942215731038,-11.678695949432509,0.01347431662656889,0.021760005222984744,-0.04113031036725468,0.006855323823435818,0.010895228416122872,-0.02058006870594029
safe_graph_adp,814.0,-37.13772232892123,-8.912720254716767,-11.800220258361955,0.026461982779442405,0.04245215992050637,-0.08039394671221245,0.006563867246283951,0.010391242231199983,-0.019646836191207866
safe_graph_adp,816.0,-37.07232121255657,-8.808177338213156,-11.998404796457034,0.03895402248739868,0.062081334535655945,-0.11779050682477954,0.0062702337058697264,0.009888579949738697,-0.018713503085463268
safe_graph_adp,818.0,-36.982439834927625,-8.665434502421173,-12.269515026566083,0.05094147735070985,0.08065245978902795,-0.1533196076114654,0.005974424705585074,0.009387251420116007,-0.017780074167334493
safe_graph_adp,820.0,-36.869096308855866,-8.486602861903258,-12.609815664469686,0.062415406698391254,0.09817052658518768,-0.18698088509832517,0.0056764417599601946,0.008887266483880153,-0.016846554215940116
safe_graph_adp,822.0,-36.73332661064135,-8.2737834893096,-13.015570717122575,0.07336688774528237,0.11464058591832664,-0.2187739944337554,0.0053762863946558,0.008388634975700218,-0.01591294801086479
safe_graph_adp,824.0,-36.57618454413415,-8.029067295293931,-13.483043520900983,0.08378701574895801,0.1300677487771067,-0.248698609891143,0.005073960146455307,0.007891366723315802,-0.0149792603321348
safe_graph_adp,826.0,-36.39874170449214,-7.754534908620424,-14.008496779855136,0.09366690416646853,0.14445718604869404,-0.27675442487136714,0.004769464563256962,0.007395471547486686,-0.014045495960193544
safe_graph_adp,828.0,-36.20208744162541,-7.452256556463347,-14.588192603966611,0.10299768481090747,0.1578141284219834,-0.3029411519051543,0.004462801204065921,0.006900959261942547,-0.013111659675877109
safe_graph_adp,830.0,-35.98732882332778,-7.124291944901072,-15.21839254741026,0.11177050800780558,0.17014386629001382,-0.3272585226552866,0.0041539716389862695,0.006407839673332728,-0.012177756260389763
safe_graph_adp,832.0,-35.75559059809569,-6.772690139606061,-15.895357646820395,0.11997654275134952,0.18145174965157668,-0.3497062879186631,0.0038429774492129733,0.005916122581176015,-0.01124379049527948
safe_graph_adp,834.0,-35.508015157634794,-6.399489446732439,-16.61534845956095,0.12760697686042408,0.1917431880120166,-0.37028421762821395,0.0035298202270237933,0.00542581777781047,-0.010309767162413466
safe_graph_adp,836.0,-35.245762499054706,-6.006717294002778,-17.37462510199933,0.13465301713447647,0.2010236502832265,-0.3889921008546682,0.0032145015757711285,0.004936935048343296,-0.009375691043953676
safe_graph_adp,838.0,-34.97001018675212,-5.596390111995695,-18.16944728778365,0.14110588950920144,0.2092986646828374,-0.40582974580817377,0.0028970231098738087,0.004449484170600731,-0.008441566922332312
safe_graph_adp,840.0,-34.68195331398282,-5.170513215635868,-18.996074366123054,0.14695683921204558,0.21657381863260405,-0.4207969798397715,0.0025773864548088296,0.003963474915077987,-0.007507399580227357
safe_graph_adp,842.0,-34.382804464122806,-4.7310806858880925,-19.85076536007085,0.1521971309175298,0.2228547586559871,-0.4338936494427212,0.002255593247103022,0.003478917044889235,-0.006573193800538085
safe_graph_adp,844.0,-34.07379367161899,-4.280075251656973,-20.729779004810133,0.1568180489023883,0.22814719027493288,-0.44511962025368146,0.0019316451343246912,0.002995820315717607,-0.005638954366360572
safe_graph_adp,846.0,-33.75616838262979,-3.8194681718938543,-21.629373785941656,0.16081089720052305,0.23245687790585148,-0.4544747770537422,0.00160554377507516,0.0025141944757652544,-0.004704686060963189
safe_graph_adp,848.0,-33.43119341535596,-3.351219117912603,-22.545807977773567,0.16416699975777194,0.23578964475479447,-0.4619590237693101,0.0012772908389802901,0.0020340492657034324,-0.003770393667762134
safe_graph_adp,850.0,-33.100150920062184,-2.8772760559158272,-23.47533968161281,0.16687770058648954,0.2381513727118326,-0.46757228347284724,0.0009468880066819312,0.0015553944186226295,-0.0028360819702969407
safe_graph_adp,852.0,-32.76434033878953,-2.3995751297331434,-24.41422686405784,0.16893436391993932,0.23954800224463485,-0.4713144983834626,0.000614336969829313,0.0010782396599827398,-0.0019017557522059692
safe_graph_adp,854.0,-32.42507836475948,-1.9200405437730832,-25.358727395292394,0.17032837436649542,0.23998553229124966,-0.47318562986735674,0.00027963943107038776,0.0006025947075632614,-0.0009674197972019301
safe_graph_adp,856.0,-32.08369890146962,-1.4405844461902342,-26.305099087379958,0.17105113706365302,0.2394700201520892,-0.47318565843811894,-5.720289595689137e-05,0.0001284692714135458,-3.307888904738321e-05
safe_graph_adp,858.0,-31.741553021481575,-0.963106812269207,-27.249599732558735,0.17109407783184602,0.23800758138111763,-0.47131458375687807,-0.00039618828663333643,-0.00034412694619691383,0.0009012621884697432
safe_graph_adp,860.0,-31.400008924901474,-0.48949532802702306,-28.188487141536736,0.1704486433280703,0.23560438967624445,-0.46757242463230586,-0.0007373150053673625,-0.0008151842508281688,0.0018355986515606673
safe_graph_adp,862.0,-31.060451897553364,-0.0216252740355084,-29.11801918178674,0.16910630119931155,0.23226667676892368,-0.4619592190204735,-0.0010805813056038738,-0.0012846929559194393,0.0027699257164602205
safe_graph_adp,864.0,-30.72428426884597,0.43864059053471655,-30.034453815840813,0.16705854023577626,0.22800073231296017,-0.4544750240245608,-0.001425985429833197,-0.0017526433828387118,0.003704238599451355
safe_graph_adp,866.0,-30.392925369333195,0.8894521436470688,-30.934049139584115,0.1642968705239243,0.22281290377252358,-0.4451199158944189,-0.001773525609600091,-0.0022190258609322963,0.00463853251688965
safe_graph_adp,868.0,-30.067811487968743,1.3289720159070701,-31.813063420547667,0.16081282359930213,0.21670959630937134,-0.43389399002598555,-0.0021232000655127944,-0.0026838307275743366,0.00557280268522776
safe_graph_adp,870.0,-29.750395829055293,1.7553757058440707,-32.66775513619981,0.15659795259917494,0.20969727266928148,-0.4207973609605534,-0.0024750070072521364,-0.003147048328216283,0.006507044321039948
safe_graph_adp,872.0,-29.442148468888593,2.166851694965049,-33.49438301223604,0.15164383241495655,0.20178245306769635,-0.4058301623838916,-0.0028289446335807056,-0.003608669016436329,0.007441252641046571
safe_graph_adp,874.0,-29.144556312096906,2.561601562578911,-34.28920606086699,0.14594205984443578,0.19297171507457817,-0.38899254712521986,-0.0031850111323520744,-0.004068683153988791,0.008375422862138552
safe_graph_adp,876.0,-28.85912304767621,2.937840100389713,-35.04848361910412,0.13948425374379783,0.1832716934984774,-0.3702846871560362,-0.0035432046805200642,-0.004527081110853459,0.009309550201401872
safe_graph_adp,878.0,-28.587369104721557,3.2937954268572343,-35.76847538704302,0.1322620551794393,0.1726890802698152,-0.34970677358879715,-0.0039035234441480997,-0.004983853265284906,0.010243629876142076
safe_graph_adp,880.0,-28.33083160785501,3.6277091013233305,-36.445441466143855,0.12426712757957575,0.1612306243233804,-0.3272590166754512,-0.004265965578418584,-0.005438990003861749,0.011177657103908752
safe_graph_adp,882.0,-28.091064332350587,3.9378362379024967,-37.075642397508744,0.11549115688564028,0.14890313148004292,-0.3029416458058254,-0.004630529227642344,-0.005892481721535867,0.012111627102520004
safe_graph_adp,884.0,-27.869637658956584,4.222445619135073,-37.65533920015579,0.10592585170347169,0.13571346432768377,-0.27675490950586457,-0.0049972125252681415,-0.00634431882168158,0.013045535090086956
safe_graph_adp,886.0,-27.66813852841577,4.479819809401531,-38.1807934092894,0.09556294345429121,0.12166854210134323,-0.24869907543572417,-0.005366013593892217,-0.006794491716144782,0.013979376285038219
safe_graph_adp,888.0,-27.48817039568382,4.708255268096267,-38.648267114566714,0.08439418652546624,0.10677534056258801,-0.21877443038771585,-0.0057369305452679145,-0.007242990825292037,0.01491314590614438
safe_graph_adp,890.0,-27.33135318384645,4.906062462559365,-39.05402299835968,0.07241135842105974,0.09104089187809866,-0.18698128028410615,-0.006109961480315339,-0.007689806578059616,0.01584683917254249
safe_graph_adp,892.0,-27.19932323773564,5.071565980764739,-39.394324374012655,0.05960625991216416,0.07447228449747798,-0.1533199501747683,-0.006485104489131087,-0.008134929412002515,0.01678045130376052
safe_graph_adp,894.0,-27.09373327724545,5.203104643763124,-39.665435224095155,0.04597071518701838,0.05707666303028176,-0.11779078423468721,-0.0068623576509980215,-0.008578349773343402,0.017713977519741856
safe_graph_adp,896.0,-27.016252350347777,5.2990316178783505,-39.863620238649425,0.031496572000906435,0.0388612281222729,-0.08039414576131754,-0.007241719034395106,-0.009020058117021534,0.018647413040869778
safe_graph_adp,898.0,-26.968565785808554,5.357714526655346,-39.985144853432615,0.016175701825836674,0.019833236330899735,-0.041130417171794866,-0.007623186697007294,-0.009460044906741637,0.0195807530879919
safe_graph_adp,900.0,-26.95237514560482,5.377535562558326,-40.02627528815324,7.632783294297951e-17,5.898059818321144e-17,-1.6653345369377348e-16,-0.008006758685735473,-0.009898300615022717,0.02051399288244467
safe_graph_adp,902.0,-26.920031106410555,5.378789650450602,-40.05242809700867,0.03234500808217887,0.0012296918602972726,-0.026152797696968565,0.01627454016122852,0.0006514388975362637,-0.0131276432592535
safe_graph_adp,904.0,-26.824465524716317,5.382255151612373,-40.12969960044737,0.06322143722808042,0.0022125209365294555,-0.05111867277279943,0.015537502249325885,0.0005995342504778943,-0.012534248392961697
safe_graph_adp,906.0,-26.668616154839224,5.387451658217539,-40.25571569604025,0.0926286972780388,0.0029618054158348462,-0.07489736905362786,0.014800475646131371,0.0005509650197179289,-0.01194078935182156
safe_graph_adp,908.0,-26.45542188615857,5.393925401297306,-40.428101781165566,0.12056624332990876,0.003490865934263552,-0.09748864252086453,0.014063464125191577,0.0005057311455406321,-0.011347269174319545
safe_graph_adp,910.0,-26.187822652598737,5.401249255399061,-40.64448277732134,0.14703357574108342,0.00381302533780737,-0.118892261313071,0.013326471459975897,0.00046383255115337507,-0.010753690899255116
safe_graph_adp,912.0,-25.86875934210844,5.4090227427672755,-40.90248315444146,0.17203024013008686,0.003941608443422515,-0.1391080057277417,0.012589501423857164,0.0004252691426870326,-0.010160057565725203
safe_graph_adp,914.0,-25.501173706137266,5.4168720370464545,-41.19972695521523,0.19555582737774208,0.0038899418000470543,-0.15813566822299271,0.011852557790092375,0.00039004080919645867,-0.009566372213108635
safe_graph_adp,916.0,-25.088008269110237,5.424449966506114,-41.53383781941024,0.21760997362791373,0.0036713534496151615,-0.17597505341915684,0.011115644331803327,0.0003581474226610601,-0.008972637881050564
safe_graph_adp,918.0,-24.632206237901364,5.4314360167877895,-41.90243900819829,0.23819236028782628,0.003299172688070278,-0.1926259781002857,0.010378764821957332,0.00032958883798544776,-0.008378857609446927
safe_graph_adp,920.0,-24.136711411306965,5.437536333174063,-42.303153428484286,0.25730271402795685,0.0027867298263792827,-0.20808827121555806,0.009641923033347887,0.00030436489300018205,-0.007785034438428871
safe_graph_adp,922.0,-23.604468089519624,5.442483722379633,-42.733603657237765,0.2749408067815034,0.002147355951549768,-0.22236177388059497,0.008905122738575352,0.0002824754084626009,-0.007191171408347172
safe_graph_adp,924.0,-23.038420983603647,5.446037653864413,-43.19141196582706,0.29110645574342797,0.0013943826876525183,-0.23544633937868134,0.008168367710027635,0.00026392018805773893,-0.006597271559756696
safe_graph_adp,926.0,-22.441515124972845,5.447984260668689,-43.67420034435573,0.3057995233690751,0.0005411419568512935,-0.2473418331618942,0.0074316617198609035,0.0002486990183993322,-0.006003337933400814
safe_graph_adp,928.0,-21.816695774871516,5.448136339770343,-44.17959052600122,0.3190199173723653,-0.00039903425955799114,-0.25804813285213746,0.00669500853998023,0.00023681166903091137,-0.0054093735701958336
safe_graph_adp,930.0,-21.16690833385946,5.446333351964166,-44.70520401135544,0.3307675907235634,-0.0014128141600965858,-0.2675651282420831,0.0059584119420203075,0.00022825789242698197,-0.004815381511215442
safe_graph_adp,932.0,-20.49509825130188,5.442441421263286,-45.24866209276718,0.34104254164662273,-0.0024868663620386403,-0.27589272129601927,0.005221875697326133,0.00022303742399428818,-0.00422136479767512
safe_graph_adp,934.0,-19.80421093486502,5.436353333822739,-45.80758587868608,0.34984481361610403,-0.003607860140331237,-0.28303082615060443,0.004485403576933699,0.00022114998207317302,-0.003627326470916587
safe_graph_adp,936.0,-19.097191660018392,5.427988536385219,-46.37959631800809,0.35717449535366974,-0.004762465666496641,-0.2889793691155284,0.0037489993515506777,0.0002225952679390167,-0.003033269572392215
safe_graph_adp,938.0,-18.376985479544448,5.417293134249043,-46.96231422442206,0.36303172082415347,-0.0059373542475146725,-0.2937382886740799,0.0030126667915371247,0.0002273729658037652,-0.0024391971436494592
safe_graph_adp,940.0,-17.646537133056516,5.404239888758371,-47.55336030075744,0.367416669231205,-0.007119198564683077,-0.2973075354836205,0.0022764096668861844,0.00023548274281755266,-0.0018451122263153028
safe_graph_adp,942.0,-16.90879095652589,5.3888282143157324,-48.15035516333283,0.3703295650125103,-0.008294672912453843,-0.2996870723759649,0.0015402317472047488,0.00024692424907039857,-0.0012510178620806552
safe_graph_adp,944.0,-16.166690791818894,5.371084174916899,-48.75091936630518,0.37177067783458745,-0.009450453437243324,-0.30087687435766847,0.0008041368016942022,0.00026169711759400335,-0.000656917092684799
safe_graph_adp,946.0,-15.423179896244783,5.351060480208176,-49.35267342601946,0.3717403225871575,-0.010573218376214102,-0.3008769286102202,6.812859913110364e-05,0.000279800964363627,-6.281295989981478e-05
safe_graph_adp,948.0,-14.68120085211533,5.328836481066147,-49.95323784535863,0.3702388593770911,-0.011649648296026483,-0.29968723449014323,-0.0006677890921521166,0.0003012353883000543,0.000531291494485003
safe_graph_adp,950.0,-13.943695476316936,5.304518164699961,-50.550233138093766,0.3672666935219307,-0.01266642633155752,-0.29730780352900127,-0.001403612504286434,0.00032599997127164904,0.0011253932286787102
safe_graph_adp,952.0,-13.213604729896128,5.2782381492762065,-51.14127985323403,0.36282427554298813,-0.0136102384245855,-0.29373865943331173,-0.0021393378698855285,0.0003540942780964941,0.001719489200904284
safe_graph_adp,954.0,-12.493868627659277,5.250155678066453,-51.72399859937642,0.35691210115801825,-0.014467773562437752,-0.2889798380843652,-0.0028749614220650826,0.0003855178565446202,0.0023135763694142122
safe_graph_adp,956.0,-11.787426147787405,5.220456613117543,-52.29601006905505,0.34953071127346785,-0.015225724016599733,-0.28303138753795193,-0.0036104793944620587,0.0004202702373403206,0.0029076516925060567
safe_graph_adp,958.0,-11.09721514146691,5.189353428444698,-52.85493506308979,0.34068069197630074,-0.015870785581283256,-0.27589336802399406,-0.004345888021253975,0.00045835093416455523,0.0035017121285380193
safe_graph_adp,960.0,-10.42617224253706,5.157085202747534,-53.39839451493408,0.3303626745253985,-0.016389657811951782,-0.2675658519460851,-0.005081183537178204,0.0004997594436574389,0.00409575463594453
safe_graph_adp,962.0,-9.77723277715513,5.123917611649073,-53.92400951502174,0.3185773353425373,-0.016769044263800704,-0.2580489238809357,-0.0058163621775512335,0.0005444952454208186,0.004689776173251808
safe_graph_adp,964.0,-9.153330673479982,5.090142919457838,-54.429401335112544,0.30532539600294056,-0.01699565273019048,-0.2473426805777255,-0.006551420178287953,0.0005925578020209401,0.005283773699093445
safe_graph_adp,966.0,-8.557398371374987,5.056079970453131,-54.91219145263646,0.29060762322540795,-0.017056195481030566,-0.23544723095736225,-0.007286353775920925,0.0006439465589911971,0.005877744172225964
safe_graph_adp,968.0,-7.9923667321311,5.022074179693594,-55.370001575036255,0.27442482886202035,-0.016937389501112038,-0.22236269611164708,-0.008021159207619645,0.0006986609448349708,0.006471684551544401
safe_graph_adp,970.0,-7.461164948210951,4.988497523349162,-55.80045366410836,0.25677786988742113,-0.016625956728386813,-0.20808920930234623,-0.008755832711209822,0.0007567003710285567,0.007065591796097868
safe_graph_adp,972.0,-6.966720453014797,4.955748528556503,-56.201169960341815,0.23766764838767393,-0.016108624292191388,-0.19262691596016954,-0.00949037052519262,0.000818064232024177,0.00765946286510513
safe_graph_adp,974.0,-6.511958830669188,4.924252262798082,-56.56977300725504,0.2170951115486967,-0.015372124751412967,-0.17597597368365542,-0.010224768888763934,0.0008827519052530812,0.00825329471797016
safe_graph_adp,976.0,-6.099803725839179,4.894460322804935,-56.903885675730265,0.19506125164427232,-0.014403196332595954,-0.15813655223796236,-0.010959024041833644,0.0009507627511287336,0.00884708431429773
safe_graph_adp,978.0,-5.733176753564952,4.866850822983309,-57.20113118834554,0.17156710602363595,-0.013188583167986642,-0.139108833553567,-0.011693132225044853,0.0010220961130500885,0.009440828613908953
safe_graph_adp,980.0,-5.414997409123682,4.841928383365262,-57.459133143703944,0.14661375709863897,-0.011715035533514079,-0.11889301172486895,-0.012427089679793153,0.0010967513174049506,0.01003452457685686
safe_graph_adp,982.0,-5.148182977917498,4.820224117083375,-57.67551554075994,0.12020233233048996,-0.009969310086704965,-0.09748929300870188,-0.013160892648245848,0.0011747276735734257,0.010628169163441972
safe_graph_adp,984.0,-4.93564844538839,4.802295617369698,-57.84790280314271,0.09233400421607238,-0.007938170104530537,-0.07489789582275154,-0.013894537373361222,0.001256024473931455,0.011221759334227845
safe_graph_adp,986.0,-4.780306406960896,4.788726944079075,-57.973919803476164,0.06300999027383956,-0.005608385721183315,-0.051119050743880234,-0.014628020098907743,0.0013406409938544396,0.011815292050056648
safe_graph_adp,988.0,-4.68506697801343,4.780128609736987,-58.05119188769556,0.03223155302928668,-0.0029667341657816553,-0.026153000506357924,-0.015361337069483318,0.0014285764917209489,0.012408764272064714
safe_graph_adp,990.0,-4.652837703879085,4.777137565112054,-58.07734489936044,1.3183898417423734e-16,8.673617379884035e-18,6.938893903907228e-18,-0.016094484530534508,0.001519830208916519,0.013002172961698104
safe_graph_adp,992.0,-4.659634419828135,4.839583153606007,-58.065965832543384,-0.006749621591450297,0.06245067935622629,0.011379061962021564,-0.003427584158092907,0.031217650100334334,0.005615197386024189
safe_graph_adp,994.0,-4.679252390321568,5.024134140756699,-58.03234507561551,-0.012823380176372443,0.12210488889104042,0.02224168062110482,-0.003227747482724255,0.029804909649779273,0.0053570046444023
safe_graph_adp,996.0,-4.710365536810883,5.3251927874704155,-57.977515626094856,-0.01824692512731179,0.1789578484994489,0.03258774550582811,-0.003034355727497209,0.028391279427777326,0.005098784475131796
safe_graph_adp,998.0,-4.751699092789195,5.737151968875997,-57.90251069715352,-0.023045919047453123,0.2330049525189716,0.04241715143365588,-0.0028474098825697846,0.026976788602852325,0.004840538200289572
safe_graph_adp,1000.0,-4.802029629791118,6.254395523277852,-57.80836370703904,-0.02724603730920142,0.284241769797285,0.05172979851174456,-0.0026669109050971996,0.025561466347934374,0.004582267142086183
safe_graph_adp,1002.0,-4.860185082469691,6.871298601241867,-57.69610826849431,-0.030872967592648237,0.33266404375747827,0.06052559213770772,-0.002492859719226969,0.024145341840210457,0.004323972622859072
safe_graph_adp,1004.0,-4.925044772750124,7.582228014809458,-57.56677817817585,-0.03395240942392777,0.37826769246092207,0.06880444300034078,-0.0023252572160941736,0.02272844426097507,0.004065655965065805
safe_graph_adp,1006.0,-4.995539433060149,8.381542586834955,-57.42140740607083,-0.036510073713466616,0.4210488086677484,0.07656626708030485,-0.002164104253816896,0.021310802795480758,0.003807318491277292
safe_graph_adp,1008.0,-5.070651228636764,9.263593500441567,-57.261030084912626,-0.03857168229413133,0.4610036598949425,0.08381098565077016,-0.002009401657491835,0.019892446632788812,0.0035489615241710223
safe_graph_adp,1010.0,-5.149413778909184,10.22272464859114,-57.08668049959526,-0.04016296745927782,0.498128688472045,0.09053852527801871,-0.0018611502191900654,0.01847340496561966,0.003290586386524295
safe_graph_adp,1012.0,-5.230912177957783,11.253272983762924,-56.89939307658656,-0.04130967150070658,0.5324205115944647,0.09674881782200631,-0.001719350697952999,0.017053706990203553,0.0030321944012074364
safe_graph_adp,1014.0,-5.314283014048862,12.349568867736593,-56.7002023733403,-0.04203754624652797,0.5638759213744009,0.10244180043688396,-0.0015840038197884893,0.015633381906130974,0.0027737868911770283
safe_graph_adp,1016.0,-5.398714388245066,13.50593642147469,-56.490143067707336,-0.04237235259894139,0.5924918848893755,0.10761741557147862,-0.0014551102776671162,0.014212458916203199,0.002515365179469148
safe_graph_adp,1018.0,-5.483445932091266,14.716693875099775,-56.270249947345796,-0.0423398600719326,0.6182655442283742,0.11227561096973329,-0.0013326707315186378,0.01279096722628275,0.002256930589192579
safe_graph_adp,1020.0,-5.567768824375764,15.976153917961442,-56.041557899130446,-0.04196584632889309,0.6411942165355954,0.1164163396711064,-0.0012166858082286133,0.011368936045143854,0.0019984844435220403
safe_graph_adp,1022.0,-5.651025806966663,17.27862404878846,-55.805101898561304,-0.041276096720165675,0.6612753940518085,0.12003956001093062,-0.001107156101635191,0.009946394584322943,0.0017400280656914213
safe_graph_adp,1024.0,-5.732611199723254,18.618406925921214,-55.561916999171565,-0.04029640382052034,0.6785067441533197,0.12314523562073093,-0.0010040821725260697,0.008523372057969044,0.0014815627789869935
safe_graph_adp,1026.0,-5.811970914482291,19.989800717619726,-55.313038321934926,-0.039052566966564325,0.692886109388545,0.12573333542850204,-0.0009074645486356254,0.007099897682694208,0.0012230899067406445
safe_graph_adp,1028.0,-5.888602468119022,21.387099452442378,-55.05950104467242,-0.03757039179409063,0.704411507512191,0.12780383365894518,-0.0008173037246422127,0.005676000677423952,0.0009646107723230973
safe_graph_adp,1030.0,-5.962054994682861,22.804593369690647,-54.8023403914588,-0.0358756897753689,0.7130811315170419,0.12935670983366418,-0.0007336001621656297,0.004251710263247651,0.000706126699137141
safe_graph_adp,1032.0,-6.031929256607584,24.23656926991499,-54.54259162202854,-0.03399427775638284,0.7188933496633543,0.13039194877132088,-0.0006563542897647534,0.0028270556632688766,0.0004476390106108461
safe_graph_adp,1034.0,-6.097877654995957,25.67731086547716,-54.28129002118166,-0.031951977494018104,0.7218467055058573,0.1309095405877499,-0.000585566502935348,0.0014020661024558541,0.0001891490301907956
safe_graph_adp,1036.0,-6.159604238978685,27.121099131164076,-54.01947088818926,-0.029774615193204852,0.7219399179183597,0.13090948069603273,-0.0005212371641080392,-2.3229192508207675e-05,-6.93419186646926e-05
safe_graph_adp,1038.0,-6.216864714147609,28.562212654848572,-53.75816952619899,-0.027488021044018963,0.7191718811159622,0.13039176980653105,-0.000463366602646458,-0.0014488009933747677,-0.0003278325124923421
safe_graph_adp,1040.0,-6.269466450063068,29.994927988192135,-53.49842123164051,-0.025118028758745966,0.7135416646748767,0.12935641392687958,-0.00041195511484555416,-0.002874620070479574,-0.0005863214278306961
safe_graph_adp,1042.0,-6.317268486835353,31.4135199973849,-53.241261283630976,-0.022690475108911774,0.7050485135498497,0.12780342436193803,-0.00036700296393008154,-0.004300657192892347,-0.0008448073412268874
safe_graph_adp,1044.0,-6.360181540780192,32.8122622139181,-52.987724933380676,-0.020231199462284286,0.6936918480891925,0.12573281771370254,-0.0003285103800532459,-0.005726883128566408,-0.0011032889292434235
safe_graph_adp,1046.0,-6.398168009148217,34.1854271853842,-52.73884739359888,-0.0177660433198499,0.6794712640474159,0.12314461588117631,-0.0002964775602955314,-0.007153268644488367,-0.0013617648684649568
safe_graph_adp,1048.0,-6.431241973928357,35.52728682629984,-52.495663827899996,-0.015320849852769023,0.6623865325954702,0.12003884606019977,-0.00027090466866368863,-0.008579784506827785,-0.001620233835505058
safe_graph_adp,1050.0,-6.459469204725126,36.832112768946956,-52.2592093402101,-0.012921463439314631,0.642437600328591,0.1164155407432398,-0.0002517918360898956,-0.010006401481086854,-0.0018786945070129969
safe_graph_adp,1052.0,-6.482967160709779,38.09417671422711,-52.03051896417393,-0.010593729201797939,0.6196245892717489,0.11227473771913853,-0.00023913916043108712,-0.011433090332250094,-0.002137145559680518
safe_graph_adp,1054.0,-6.501904991645304,39.3077507825244,-51.81062765256242,-0.008363492543485259,0.5939477968827053,0.10761648007282129,-0.00023294670646845453,-0.012859821824934002,-0.002395585670248612
safe_graph_adp,1056.0,-6.516503537985244,40.46710786457203,-51.600570266680855,-0.006256598685510097,0.5654076960526722,0.10244081618496405,-0.00023321450590711333,-0.014286566723536757,-0.002654013515514292
safe_graph_adp,1058.0,-6.527035330046344,41.56652197231782,-51.40138156577776,-0.004298892203784567,0.5340049351045778,0.09674779973162004,-0.00023994255737594156,-0.015713295792387894,-0.0029124277723373703
safe_graph_adp,1060.0,-6.533824586255021,42.600268589783894,-51.21409619645454,-0.0025162165659141653,0.49974033778893645,0.09053748968380582,-0.0002531308264275854,-0.017139979795898003,-0.003170827117647233
safe_graph_adp,1062.0,-6.537247210467672,43.56262502391562,-51.039748682076,-0.0009344136681199995,0.4626149032773237,0.08380995030704666,-0.0002727792455386373,-0.018566589498708416,-0.0034292102284496084
safe_graph_adp,1064.0,-6.537730788364839,44.447870755415224,-50.879373412181835,0.00042067662782749467,0.4226298061534565,0.07656525116088128,-0.00029888771410998026,-0.019993095665840854,-0.0036875757818333483
safe_graph_adp,1066.0,-6.535754582919249,45.25028778955505,-50.734004631899104,0.0015232169576592594,0.37978639640187856,0.06880346709832588,-0.00033145609846730445,-0.021419469062847158,-0.003945922454977197
safe_graph_adp,1068.0,-6.531849528937782,45.964161006965895,-50.604676431355884,0.0023473729176386963,0.3340861993942503,0.06052467826529759,-0.0003704842318617893,-0.02284568045595894,-0.004204248925156563
safe_graph_adp,1070.0,-6.526598226677392,46.58377851439546,-50.492422735096056,0.0028673135275690473,0.2855309158732449,0.051728970099997246,-0.00041597191447096006,-0.024271700612237275,-0.004462553869750295
safe_graph_adp,1072.0,-6.520634934535044,47.10343199543225,-50.398277291495404,0.00305721169377302,0.23412242193404903,0.04241643333225154,-0.0004679189133997084,-0.02569750029972235,-0.004720835966247452
safe_graph_adp,1074.0,-6.514645560811722,47.517417061190045,-50.32327366217904,0.00289124467204059,0.1798627690034696,0.03258716398281451,-0.0005263249626814864,-0.027123050287583144,-0.004979093892254075
safe_graph_adp,1076.0,-6.509367654550576,47.82003360094818,-50.268445211440316,0.0023435945305409133,0.12275418381664592,0.02224126336262841,-0.0005911897632796675,-0.028548321346267093,-0.005237326325499953
safe_graph_adp,1078.0,-6.505590395449285,48.00558613274292,-50.23482509566118,0.001388448612694293,0.06279906839136792,0.011378838072043963,-0.0006625129830890782,-0.02997328424764975,-0.0054955319438454026
safe_graph_adp,1080.0,-6.504154582846722,48.068384153905,-50.223446252734206,1.3097162243624894e-16,3.7470027081099033e-16,5.204170427930421e-18,-0.0007402942569376975,-0.031397909765184404,-0.005753709425288025
safe_graph_adp,1082.0,-6.466624307671804,48.06873961717788,-50.20827753830696,0.03753056996881752,0.00032715606138402275,0.015168707955305467,0.01878981055522319,0.0002060385325257639,0.007520074915265302
safe_graph_adp,1084.0,-6.355743266744222,48.069511608128764,-50.16345982811645,0.07335068126643943,0.00041781778138884546,0.029648983113120798,0.017933823931802078,0.000170777972225557,0.007175897054411711
safe_graph_adp,1086.0,-6.174932620406547,48.070242625987525,-50.090370135964164,0.10746009819543978,0.0002874732504231999,0.04344067785447209,0.017077961964360525,0.00013939087040147884,0.006831682453253423
safe_graph_adp,1088.0,-5.927613947817073,48.0705061460041,-49.990385763839406,0.13985863763683068,-4.8389641519823185e-05,0.05654365161061636,0.01622222903487743,0.00011187665301156183,0.006487432874155367
safe_graph_adp,1090.0,-5.617209141798539,48.06990661877006,-49.86488428781779,0.17054616904439315,-0.0005742834824501112,0.06895777086411947,0.015366629524671022,8.823472618482361e-05,0.006143150079661564
safe_graph_adp,1092.0,-5.247140303698679,48.06807946898506,-49.71524354395757,0.19952261443851446,-0.001274721615935004,0.08068290914987977,0.014511167814376415,6.846447622431222e-05,0.005798835832486092
safe_graph_adp,1094.0,-4.8208296382635885,48.06469109366816,-49.54284161419401,0.2267879483995322,-0.0021342184186184904,0.09171894705609776,0.01365584828392322,5.256526961024263e-05,0.005454491895504067
safe_graph_adp,1096.0,-4.341699348524904,48.05943885981423,-49.34905681223185,0.25234219806058483,-0.003137289577702666,0.10206577222519142,0.01280067531251308,4.053645300324698e-05,0.005110120031742615
safe_graph_adp,1098.0,-3.813171530701765,48.052051101495366,-49.13526766943601,0.27618544309996895,-0.004268452368389042,0.11172327935465748,0.011945653278597248,3.2377353247712865e-05,0.004765722004371847
safe_graph_adp,1100.0,-3.2386680691185576,48.042287116407486,-48.902852920720626,0.2983178157330035,-0.005512225931277256,0.12069137019787848,0.011090786559854213,2.8087277375235184e-05,0.0044212995766958335
safe_graph_adp,1102.0,-2.621610531139429,48.02993716186217,-48.65319149043649,0.3187395007034006,-0.006853131549718741,0.12896995356487567,0.010236079533167233,2.7665512608161065e-05,0.004076854512143568
safe_graph_adp,1104.0,-1.9654200621205433,48.01482245022387,-48.38766247825711,0.3374507352741439,-0.008275692927122949,0.13655894532300758,0.009381536574601947,3.11113263632395e-05,0.0037323885742599466
safe_graph_adp,1106.0,-1.2735172803810835,47.99679514379248,-48.107645145063366,0.354451809217873,-0.009764436464213662,0.1434582683976147,0.008527162059383989,3.842396625537421e-05,0.0033879035266967377
safe_graph_adp,1108.0,-0.5493221721939687,47.97573834913156,-47.81451889882692,0.3697430648067761,-0.011303891536232973,0.14966785277260958,0.007672960361876554,4.96026601014732e-05,0.003043401133203545
safe_graph_adp,1110.0,0.20374601320271424,47.95156611084207,-47.50966328049258,0.38332489680198917,-0.012878590770090504,0.15518763549101314,0.006818935855558027,6.464661592440416e-05,0.0026988831576187887
safe_graph_adp,1112.0,0.9822688685725891,47.92422340478201,-47.194457949859576,0.39519775244250266,-0.014473070321455435,0.1600175606554364,0.005965092912999585,8.355502195704829e-05,0.002354351363860665
safe_graph_adp,1114.0,1.782828933625188,47.893686130731794,-46.87028267146193,0.40536213143357586,-0.016071870151788882,0.16415757942850825,0.005111435905842795,0.00010632704664645777,0.002009807515918122
safe_graph_adp,1116.0,2.602009799936485,47.85996110450572,-46.538517300448056,0.4138185859346583,-0.01765953430531424,0.1676076500332489,0.0042579692047772415,0.00013296183865811107,0.0016652533778418197
safe_graph_adp,1118.0,3.4363962158447796,47.82308604950954,-46.20054176845966,0.42056772054681946,-0.019220611185923015,0.17036773775338915,0.0034046971795181607,0.00016345852688027466,0.0013206907137351077
safe_graph_adp,1120.0,4.2825741913209505,47.78312958774424,-45.85773606951002,0.42561019229968566,-0.020739653834013744,0.17243781493363544,0.0025516241987840497,0.0001978162204284604,0.0009761212877449884
safe_graph_adp,1122.0,5.137131102812088,47.740191230256286,-45.51148024586184,0.4289467106378853,-0.022201220203261565,0.17381786097988075,0.0016987546302743043,0.00023603400864998826,0.0006315468640530819
safe_graph_adp,1124.0,5.996655798057525,47.694401367034324,-45.163154373904725,0.43057803740700185,-0.023589873437315993,0.17450786235936108,0.0008460928406468633,0.0002781109611286489,0.00028696920686659567
safe_graph_adp,1126.0,6.857738700876283,47.64592125635262,-44.814138550032354,0.43050498683903493,-0.024890182146424508,0.17450781260075796,-6.3568045041646735e-06,0.0003240461276894659,-5.76099195907032e-05
safe_graph_adp,1128.0,7.716971915924948,47.59494301356131,-44.465812876519564,0.42872842553737,-0.02608672068397948,0.17381771229424658,-0.0008585899406708275,0.00037383853840356287,-0.00040218875108752935
safe_graph_adp,1130.0,8.570949333424998,47.54168959932362,-44.11955744739934,0.425249272461256,-0.027164069422986055,0.17243756909148983,-0.0017106022044537056,0.0004274872035931282,-0.0007467655233941014
safe_graph_adp,1132.0,9.416266733858587,47.48641480730023,-43.7767523343399,0.42006849890979187,-0.028106815032448527,0.1703673977055779,-0.0025623892335842205,0.00048499111383648163,-0.0010913384722911887
safe_graph_adp,1134.0,10.249521892631813,47.42940325128099,-43.43877757252198,0.4131871285054216,-0.02889955075367281,0.1676072199109139,-0.003413946666946996,0.0005463492399732433,-0.0014359058335791305
safe_graph_adp,1136.0,11.067314684704492,47.37097035176406,-43.10701314651631,0.4046062371769381,-0.02952687667648257,0.1641570645430451,-0.004265270144602187,0.0006115605331096033,-0.0017804658430868783
safe_graph_adp,1138.0,11.866247189185438,47.31146232198275,-42.7828389761616,0.3943269531419962,-0.02997340001534655,0.16001696749844005,-0.005116355307807765,0.0006806239246236906,-0.0021250167366810213
safe_graph_adp,1140.0,12.642923793892288,47.25125615338019,-42.46763490244293,0.3823504568891342,-0.03022373538541478,0.15518697173421148,-0.005967197799041891,0.0007535383261710455,-0.0024695567502748235
safe_graph_adp,1142.0,13.39395129987487,47.190759600531976,-42.16278067337082,0.36867798115930583,-0.030262505078461087,0.14966712726778483,-0.006817793262025177,0.0008303026296901919,-0.0028140841198372527
safe_graph_adp,1144.0,14.115939025901149,47.13041116551709,-41.86965592986095,0.35331081092692024,-0.030074339338729633,0.14345749117651285,-0.0076681373417430195,0.0009109157074083094,-0.003158597081402017
safe_graph_adp,1146.0,14.805498912904767,47.070680081737194,-41.589640191614755,0.33625028338039264,-0.029643876638682967,0.13655812759723568,-0.00851822568446788,0.0009953764118470103,-0.003503093871076588
safe_graph_adp,1148.0,15.459245628393184,47.01206629718453,-41.324112843000954,0.31749778790220423,-0.028955763954649202,0.12896910772578696,-0.009368053937781597,0.0010836835758282102,-0.003847572725051241
safe_graph_adp,1150.0,16.073796670815458,46.955100457158615,-41.07445311893808,0.2970547660484722,-0.027994657042365895,0.12069050981644563,-0.010217617750597636,0.0011758360124801074,-0.00419203187960808
safe_graph_adp,1152.0,16.64577247388867,46.90034388643198,-40.84204009077819,0.2749227115280297,-0.02674522071241821,0.11172241918133358,-0.011066912773183404,0.0012718325152432585,-0.004536469571130066
safe_graph_adp,1154.0,17.171796510882018,46.84838857086514,-40.62825265219185,0.25110317018101636,-0.02519212910556895,0.10206492818975897,-0.011915934657182499,0.001371671857876757,-0.004880884036110057
safe_graph_adp,1156.0,17.648495398857612,46.799857138470976,-40.43446950505442,0.22559773995697877,-0.023320065967978018,0.0917181362675056,-0.012764679055636973,0.0014753527944645084,-0.005225273511159822
safe_graph_adp,1158.0,18.072499002866962,46.75540283992884,-40.262069145333946,0.1984080708924822,-0.021113724926308936,0.0806821498960679,-0.013613141623009592,0.0015828740594216139,-0.0055696362330190825
safe_graph_adp,1160.0,18.440440540102227,46.71570952854853,-40.112429848980454,0.16953586508823265,-0.018557809762719958,0.06895708261183175,-0.014461318015206094,0.001694234367500845,-0.005913970438564535
safe_graph_adp,1162.0,18.748956684001186,46.68149163968441,-39.9869296578171,0.13898287668571027,-0.01563703468973738,0.05654305500520129,-0.015309203889597417,0.0018094324137992298,-0.006258274364818874
safe_graph_adp,1164.0,18.99468766830502,46.65349416959991,-39.886946365433026,0.10675091184331374,-0.012336124625008663,0.04344019471967133,-0.01615679490504194,0.001928466873764728,-0.006602546248959829
safe_graph_adp,1166.0,19.174277391067868,46.63249265378261,-39.813857503078175,0.07284182871201621,-0.0086398154659329,0.02964863645084577,-0.017004086721907705,0.0020513364032030174,-0.00694678432832918
safe_graph_adp,1168.0,19.28437351861723,46.619293144710255,-39.769040325560084,0.03725753741053279,-0.0045328543641662625,0.015168521945401796,-0.01785107500209465,0.0021780396382843725,-0.007290986840441787
safe_graph_adp,1170.0,19.32162758946419,46.6147321890678,-39.753871797142835,-9.020562075079397e-17,1.3877787807814457e-17,-5.898059818321144e-17,-0.01869775540905678,0.00230857519555065,-0.007635152022994612
safe_graph_adp,1172.0,19.338320249677825,46.61583081704971,-39.74524105219212,0.016693500717089964,0.0010860370072585757,0.008630741268279323,0.008271291542006946,0.0005619040227550578,0.004264489738131622
safe_graph_adp,1174.0,19.38764475179829,46.61895304282962,-39.719740526362514,0.03263177211758523,0.0020241674252536503,0.01686977368118278,0.007891260217286242,0.0005248693059026005,0.00406865723785885
safe_graph_adp,1176.0,19.468090139936965,46.623809911578526,-39.67815372154526,0.04781432018519621,0.0028212499761402347,0.024717013392507613,0.007511186393632873,0.0004895545050201855,0.003872803906224437
safe_graph_adp,1178.0,19.578144493500837,46.630126188488084,-39.621264303312586,0.062240674232516904,0.003484145940790869,0.032172380567534624,0.007131072017009539,0.0004559598080321987,0.003676930745989576
safe_graph_adp,1180.0,19.716294973854787,46.637640363764795,-39.549856092894146,0.07591038690551115,0.004019719035597587,0.039235799383639976,0.0067509190335865886,0.0004240853940561641,0.0034810387600169787
safe_graph_adp,1182.0,19.881027870992636,46.646104657377855,-39.46471305915222,0.08882303418777966,0.004434835289252241,0.04590719803087618,0.006370729389732026,0.0003939314334018256,0.003285128951265744
safe_graph_adp,1184.0,20.070828650216495,46.6552850235605,-39.36661931055581,0.10097821540460802,0.004736362919506264,0.052186508712522256,0.005990505032001554,0.00036549808757027467,0.0030892023227862267
safe_graph_adp,1186.0,20.284181998823996,46.66496115506489,-39.25635908715369,0.11237555322679542,0.004931172209910959,0.05807366764560308,0.005610247907128618,0.00033878550925312435,0.0028932598777148943
safe_graph_adp,1188.0,20.519571872802967,46.674926487170396,-39.13471675254638,0.12301469367426424,0.005026135386539396,0.06356861506137793,0.005229959962014421,0.0003137938423317275,0.0026973026192691953
safe_graph_adp,1190.0,20.775481543533093,46.68498820144541,-39.00247678585726,0.13289530611945038,0.005028126494690987,0.06867129520579815,0.0048496431437179705,0.0002905232218764388,0.0025013315507424238
safe_graph_adp,1192.0,21.05039364449416,46.69496722926242,-38.86042377370272,0.14201708329047444,0.0049440212755798435,0.07338165633993407,0.0044692993994461016,0.00026897377414592476,0.0023053476754985773
safe_graph_adp,1194.0,21.342790217980394,46.70469825506657,-38.70934240216153,0.1503797412740934,0.004780697043007978,0.077699650740371,0.004088930676543504,0.0002491456165865172,0.0021093519969672255
safe_graph_adp,1196.0,21.651152761820512,46.714029719397466,-38.550017448743475,0.15798301951843324,0.0045450325600244436,0.08162523469957447,0.0037085389224827633,0.00023103885783161014,0.001913345518638373
safe_graph_adp,1198.0,21.973962276103002,46.72282382166433,-38.3832337743572,0.16482668083550212,0.004243907915571491,0.08515836852622459,0.0033281260848543838,0.00021465359770110598,0.0017173292440573135
safe_graph_adp,1200.0,22.309699309906218,46.73095652267441,-38.20977631527752,0.17091051140348418,0.0038842044011188283,0.08829901654551957,0.0029476941113568103,0.0001999899272009028,0.0015213041768195002
safe_graph_adp,1202.0,22.65684400803283,46.73831754691469,-38.03043007511209,0.17623432076881415,0.0034728043872870595,0.09104714709944843,0.0025672449497864706,0.00018704792852242862,0.0013252713205654043
safe_graph_adp,1204.0,23.013876157748225,46.74481038458678,-37.84598011676758,0.18079794184803244,0.0030165912004613965,0.09340273254703282,0.002186780548027793,0.00017582767504222173,0.0011292316789753782
safe_graph_adp,1206.0,23.379275235522375,46.75035229339504,-37.65721155441538,0.18460123092942085,0.002522448999396714,0.09536574926453806,0.0018063028540432284,0.00016632923132155346,0.0009331862557645102
safe_graph_adp,1208.0,23.751520453774784,46.754874300087955,-37.464909545456976,0.18764406767441896,0.0019972626518150417,0.09693617764565324,0.0014258138158632933,0.00015855265310609862,0.0007371360546774937
safe_graph_adp,1210.0,24.129090807622028,46.758321201752636,-37.26985928248889,0.1899263551188211,0.0014479176109965719,0.09811400210164059,0.0010453153815765768,0.00015249798732564979,0.0005410820794834849
safe_graph_adp,1212.0,24.510465121627465,46.760651566862535,-37.07284598526745,0.19144801967375388,0.0008812997923652626,0.09889921106145391,0.0006648094993197825,0.00014816527209387658,0.00034502533397096254
safe_graph_adp,1214.0,24.894122096552707,46.76183773607829,-36.8746548926733,0.1922090111264342,0.00030429545007012906,0.09929179697182616,0.00028429811726774396,0.00014555453670813193,0.00014896682194258642
safe_graph_adp,1216.0,25.278540356110362,46.761865822801795,-36.67607125467579,0.19220930264070807,-0.0002762089464367045,0.09929175629732627,-9.621681637654906e-05,0.00014466580164929996,-4.709245278993433e-05
safe_graph_adp,1218.0,25.662198493717646,46.76073571348335,-36.47788032429728,0.19144889075736973,-0.0008533268358241003,0.09889908952038501,-0.00047673335339191796,0.00014549907858169315,-0.00024315148641098835
safe_graph_adp,1220.0,26.04357511925042,46.75846106768199,-36.2808673495774,0.1899277953942615,-0.001420171688307072,0.09811380114129005,-0.0008572495455489745,0.00014805437035299155,-0.0004392092751061994
safe_graph_adp,1222.0,26.42114890579719,46.755069317879006,-36.08581756553737,0.18764605984615415,-0.0019698571290719335,0.09693589967815024,-0.0012377634446200977,0.00015233167099422813,-0.0006352648150675603
safe_graph_adp,1224.0,26.793398636412658,46.75060166904453,-35.893516186144446,0.18460375078440786,-0.0024954970617003486,0.09536539766682886,-0.0016182731023894122,0.00015833096571981993,-0.000831317102498585
safe_graph_adp,1226.0,27.15880325087039,46.74511309795736,-35.70474839627648,0.1808009582564136,-0.002990205791591198,0.09340231166084623,-0.00199877657066275,0.00016605223092764325,-0.0010273651336194342
safe_graph_adp,1228.0,27.515841892414112,46.738672352277874,-35.52029934368674,0.17623779568481532,-0.0034470981493791826,0.09104666223125131,-0.0023792719012776355,0.00017549543419915467,-0.0012234079046720635
safe_graph_adp,1230.0,27.86299395450727,46.73136194937418,-35.340954130969,0.17091439986651252,-0.0038592896143490735,0.08829847396646255,-0.0027597571461132606,0.00018666053429955732,-0.0014194444119253586
safe_graph_adp,1232.0,28.19873912758035,46.72327817490138,-35.16749780752301,0.16483093097144347,-0.004219896437844534,0.08515777547207784,-0.0031402303571004533,0.00019954748117801134,-0.0016154736516802758
safe_graph_adp,1234.0,28.521557445775546,46.71453108113405,-35.00071536152033,0.15798757254114904,-0.004522035766670424,0.08162459937065361,-0.003520689586231655,0.0002141562159678906,-0.0018114946202749823
safe_graph_adp,1236.0,28.82992933368835,46.70524448505193,-34.84139171187066,0.15038453148711708,-0.004758825766487507,0.07769898230145318,-0.0039011328855708934,0.0002304866709870843,-0.0020075063140899915
safe_graph_adp,1238.0,29.122335653105615,46.695555966178816,-34.69031170018875,0.14202203808890748,-0.004923385745198472,0.07338096492016412,-0.004281558307263756,0.000248538769738343,-0.0022035077295533036
safe_graph_adp,1240.0,29.397257749739616,46.68561686417472,-34.548260082761786,0.13290034599205777,-0.005008836276324198,0.06867059189858486,-0.004661963903547366,0.00026831242690967063,-0.0023994978631455438
safe_graph_adp,1242.0,29.653177499957735,46.675592276181234,-34.41602152251758,0.12301973220576949,-0.005008299322369159,0.0635679119242805,-0.0050423477267603455,0.000289807548374761,-0.002595475711405101
safe_graph_adp,1244.0,29.888577357507295,46.66566105392024,-34.29438058099337,0.11238049710037507,-0.004914898358174912,0.05807297770020766,-0.0054227078293528005,0.00031302403119347984,-0.002791440270933263
safe_graph_adp,1246.0,30.101940400235094,46.65601580054585,-34.18412171030544,0.10098296440458547,-0.004721758494260557,0.05218584594430861,-0.005803042263896283,0.00033796176361239213,-0.002987390538399355
safe_graph_adp,1248.0,30.29175037680123,46.64686286724979,-34.086029245119605,0.08882748120251856,-0.004422006600149116,0.04590657738907453,-0.006183349083093761,0.00036462062506533387,-0.003183325510545879
safe_graph_adp,1250.0,30.456491753386747,46.638422349619994,-34.00088739462255,0.07591441793050813,-0.0040087714276787175,0.039235236781077897,-0.006563626339789599,0.00039300048617402954,-0.003379244184193647
safe_graph_adp,1252.0,30.594649760394706,46.63092808375276,-33.929480234494186,0.062244168373693676,-0.0034751837342975322,0.032171892880474146,-0.006943872086979515,0.00042310120874875456,-0.0035751455562469184
safe_graph_adp,1254.0,30.704710439144183,46.62462764211818,-33.87259169888099,0.047817149662390986,-0.0028143764063413568,0.02471661846047241,-0.007324084377820557,0.0004549226457890426,-0.0037710286236985377
safe_graph_adp,1256.0,30.78516068855682,46.619782329179145,-33.83100557237047,0.03263380226824349,-0.0020194845822927763,0.01686949030677551,-0.007704261265641064,0.0004884646414844387,-0.003966892383635066
safe_graph_adp,1258.0,30.83448831183544,46.6166671767638,-33.805505481966755,0.01669459000015446,-0.0010836457760208151,0.008630589216989098,-0.008084400803950642,0.0005237270312152964,-0.004162735833241921
safe_graph_adp,1260.0,30.851182063134306,46.615570939191535,-33.79687488906741,3.469446951953614e-18,1.0842021724855044e-18,8.673617379884035e-18,-0.008464501046450124,0.000560709641553621,-0.004358557969808504
safe_graph_adp,1262.0,30.85943488894462,46.598498429431274,-33.7413914767913,0.008239954846286805,-0.0170787246977235,0.05548338860335606,0.004020814459283823,-0.00853002537694188,0.027698458295481693
safe_graph_adp,1264.0,30.883690535531763,46.54799511793737,-33.57745933005666,0.01600338960106596,-0.033430442321123244,0.10844868818742683,0.003820314187040407,-0.008148416781989404,0.02643955474794324
safe_graph_adp,1266.0,30.923002954566925,46.465518971413715,-33.31011517096995,0.02329729788484373,-0.04905120558990074,0.15889535683332007,0.0036216016006385848,-0.007765904874419584,0.025180515830946423
safe_graph_adp,1268.0,30.976440097558463,46.3525358032715,-32.94439677968811,0.030128685896078998,-0.06393711508649164,0.20682287840987917,0.0034246777174788178,-0.00738249774665058,0.02392134799071992
safe_graph_adp,1270.0,31.043083940880347,46.2105191778379,-32.48534294283914,0.03650457228373097,-0.07808431932186542,0.25223076257764593,0.0032295435458034785,-0.006998203495684034,0.022662057674152514
safe_graph_adp,1272.0,31.12203051054562,46.04095031443378,-31.937993401934882,0.042431988019691565,-0.09148901480066521,0.295118544792625,0.003036200084691687,-0.006613030223063624,0.021402651328760024
safe_graph_adp,1274.0,31.212389906724585,45.84531799132176,-31.30738880177654,0.047917976271103536,-0.10414744608568699,0.3354857863098507,0.002844648324054201,-0.006226986034833583,0.02014313540265237
safe_graph_adp,1276.0,31.313286328007543,45.62511844952599,-30.59857063885321,0.052969592272565466,-0.11605590586169784,0.37333207418675546,0.00265488924462834,-0.005840079041497199,0.018883516344500497
safe_graph_adp,1278.0,31.423858095411802,45.38185529652498,-29.816581209733897,0.05759390319822476,-0.12721073499859242,0.4086570212863399,0.0024669238179729673,-0.005452317357975285,0.017623800603503395
safe_graph_adp,1280.0,31.543257676132782,45.11703940981873,-28.96646355945338,0.061797988033759785,-0.1376083226138874,0.4414602662801453,0.0022807530064635206,-0.005063709103564637,0.016363994629355068
safe_graph_adp,1282.0,31.670651707038964,44.83218884037156,-28.053261429892345,0.06558893744825227,-0.147245106134553,0.47174147365102725,0.0020963777632870767,-0.0046742624018964556,0.015104104872211494
safe_graph_adp,1284.0,31.805221017910473,44.528828715931944,-27.082019208152147,0.06897385366595103,-0.1561175713581814,0.49950033369573177,0.0019137990324374753,-0.0042839853808947625,0.013844137782657633
safe_graph_adp,1286.0,31.94616065442109,44.20849114423067,-26.057781874924633,0.07195985033792826,-0.16422225251349132,0.5247365625272724,0.001733017748710485,-0.0038928861727347765,0.012584099811674371
safe_graph_adp,1288.0,32.09267990086346,43.87271511605865,-24.98559495285741,0.07455405241362942,-0.17155573232016813,0.54744990207711,0.001554034837699015,-0.0035009729138012827,0.01132399741060551
safe_graph_adp,1290.0,32.24400230261731,43.52304640822569,-23.870504454914947,0.0767635960123179,-0.17811464204803937,0.5676401200971334,0.0013768512157883847,-0.003108253744646978,0.010063837031124737
safe_graph_adp,1292.0,32.39936568836042,43.161037486401625,-22.717556832735905,0.07859562829441558,-0.18389566157558465,0.5853070101614425,0.0012014677901516185,-0.002714736809950782,0.008803625125202573
safe_graph_adp,1294.0,32.558022192022214,42.78824740784106,-21.53179892498712,0.0800573073327404,-0.18889551944777988,0.6004503916679326,0.0010278854587448135,-0.0023204302584761416,0.007543368145073365
safe_graph_adp,1296.0,32.71923827447969,42.406241723993126,-20.318277905714595,0.0811558019836421,-0.1931109929332749,0.6130701098396807,0.0008561051103025337,-0.0019253422430293154,0.006283072543202237
safe_graph_adp,1298.0,32.88229474499555,42.01659238299749,-19.082041232691935,0.08189829175803724,-0.19653890808090446,0.6231660357261334,0.0006861276243332635,-0.0015294809204176186,0.005022744772252043
safe_graph_adp,1300.0,33.046486782398254,41.62087763206805,-17.828136595766587,0.08229196669234465,-0.19917613977553156,0.6307380662040964,0.0005179538711149049,-0.0011328544514076747,0.003762391285050355
safe_graph_adp,1302.0,33.21112395600391,41.22068191976564,-16.561611865204316,0.08234402721932237,-0.20101961179322322,0.6357861239785264,0.0003515847116903183,-0.0007354710006836189,0.0025020185345564078
safe_graph_adp,1304.0,33.37553024627969,40.81759579816097,-15.287515040032286,0.08206168403880736,-0.20206629685575767,0.6383101575831233,0.00018702099786291836,-0.00033733873680531366,0.0012416329738280524
safe_graph_adp,1306.0,33.53904406524863,40.41321582488931,-14.01089419638115,0.08145215798835902,-0.20231321668446278,0.6383101413807252,2.4263572192310522e-05,6.153416783349707e-05,-1.8758944011258716e-05
safe_graph_adp,1308.0,33.70101827663569,40.0091444650981,-12.736797435826567,0.08052267991380758,-0.20175744205338528,0.6357860755635051,-0.00013668673201002352,0.0004611395370470113,-0.0012791507658055333
safe_graph_adp,1310.0,33.8608202157547,39.606989993288906,-11.470272833730505,0.07928049053970872,-0.20039609284179005,0.6307379861529685,-0.0002958290906849907,0.0008614691908992417,-0.002539536038399265
safe_graph_adp,1312.0,34.017831709136225,39.20836639505507,-10.216368387582753,0.07773284033970526,-0.19822633808598933,0.6231659249997533,-0.00045316268903010566,0.001262514945745891,-0.0037999083086704723
safe_graph_adp,1314.0,34.171449093896015,38.81489326871639,-8.980131965343036,0.07588698940679739,-0.19524539603050114,0.6130699697832311,-0.000608686721503665,0.001664268614276253,-0.005060261123563767
safe_graph_adp,1316.0,34.32108323684392,38.428195726852046,-7.766611253784124,0.07375020732352225,-0.19145053417853672,0.6004502240109103,-0.0007624003918288696,0.002066722005555132,-0.006320588030123357
safe_graph_adp,1318.0,34.46615955333304,38.049904297733384,-6.580853706836327,0.07132977303204426,-0.18683906934181618,0.5853068170176409,-0.0009143029129978994,0.0024698669250647815,-0.007580882575526093
safe_graph_adp,1320.0,34.60611802584905,37.6816548266576,-5.427906493933786,0.06863297470415718,-0.18140836768971236,0.5676399039646207,-0.001064393507275949,0.0028736951747468558,-0.00884113830711453
safe_graph_adp,1322.0,34.74041322233931,37.32508837718389,-4.312816448362948,0.06566710961119913,-0.17515584479772203,0.5474496658382039,-0.001212671406205203,0.003278198553044391,-0.010101348772429939
safe_graph_adp,1324.0,34.868514314281875,36.98185113227329,-3.24063001561362,0.062439483993881675,-0.1680789656952644,0.5247363094485104,-0.0013591358506087744,0.003683368854943783,-0.011361507519245351
safe_graph_adp,1326.0,34.98990509449393,36.65359429533363,-2.2163932017330024,0.058957412932034034,-0.16017524491280627,0.4995000674278376,-0.0015037860905945922,0.004089197872016816,-0.012621608095598594
safe_graph_adp,1328.0,35.10408399467975,36.34197399117087,-1.2451515216831017,0.055228220214263775,-0.15144224652831337,0.4717411982288739,-0.0016466213855592347,0.004495677392462671,-0.013881644049825337
safe_graph_adp,1330.0,35.210564102717825,36.048651166848224,-0.33194994770191055,0.05125923820753491,-0.14187758421302776,0.4414599861227133,-0.0017876410041917314,0.0049027992011499814,-0.015141608930592099
safe_graph_adp,1332.0,35.308873179687076,35.77529149245443,0.5181671423312428,0.04705780772666465,-0.13147892127657057,0.4086567411966724,-0.001926844224477298,0.005310555079658892,-0.0164014962869293
safe_graph_adp,1334.0,35.39855367663201,35.52356526178244,1.30015601652578,0.042631277903739946,-0.12024397071136983,0.37333179935190874,-0.0020642303337010367,0.0057189368063231315,-0.01766129966826427
safe_graph_adp,1336.0,35.47916275106659,35.29514729291997,2.0089736406049967,0.03798700605745494,-0.10817049523641306,0.3354855223008413,-0.002199798628451588,0.006127936156272114,-0.01892101262445431
safe_graph_adp,1338.0,35.55027228321672,35.0917168287532,2.6395777295258296,0.03313235756237051,-0.09525630734032405,0.2951182975643725,-0.002333548414624727,0.006537544901473046,-0.02018062870581967
safe_graph_adp,1340.0,35.61146889200119,34.914957437385,3.18692679909287,0.02807470571809702,-0.0814992693237636,0.25223053846891225,-0.0024654790074269198,0.006947754810773055,-0.02144014146317661
safe_graph_adp,1342.0,35.662353950750884,34.766556912469035,3.6459802175662244,0.022821431618401417,-0.06689729334115382,0.2068226841432034,-0.002595589731378832,0.007358557649941333,-0.022699544447870396
safe_graph_adp,1344.0,35.70254360266613,34.6482071734611,4.011698257262832,0.017379924020239863,-0.05144834144172554,0.15889519951494965,-0.0027238799203187815,0.007769945181711296,-0.02395883121180834
safe_graph_adp,1346.0,35.73166877601207,34.561604165789035,4.279042146150839,0.011757579212717017,-0.035150425609888514,0.10844857530724497,-0.0028503489174061545,0.008181909165822752,-0.025217995307492774
safe_graph_adp,1348.0,35.749375199051826,34.50844776094256,4.44297411943663,0.005961800885973114,-0.018001607804924116,0.05548332803480495,-0.0029749960751247646,0.008594441359064106,-0.02647703028805412
safe_graph_adp,1350.0,35.75532341471741,34.490441656484435,4.498457471144126,6.071532165918825e-18,-9.020562075079397e-17,1.8041124150158794e-16,-0.0030978207552861715,0.009007533515314546,-0.027735929707283835
safe_graph_adp,1352.0,35.68797230214723,34.50068129096792,4.51470559113656,-0.06734343728426426,0.010290427874684056,0.016248113059887707,-0.033820516632828486,0.005069015134496585,0.008129821445276204
safe_graph_adp,1354.0,35.489067840709176,34.531434479242456,4.562712540090149,-0.1315535697994199,0.02051119051434128,0.03175881541089083,-0.03227655938677121,0.004885347444903138,0.007761157371086189
safe_graph_adp,1356.0,35.16487260242811,34.5825337490691,4.641003337070133,-0.19263444826625983,0.03063414920534574,0.04653194816527642,-0.030733944894133048,0.0046946956636515595,0.00739245356008216
safe_graph_adp,1358.0,34.721640962871795,34.65375538144535,4.7481026909179125,-0.2505902184084069,0.040631195969387586,0.06056735998713211,-0.029192681053038225,0.004497065885201564,0.007023711900012821
safe_graph_adp,1360.0,34.16561891123544,34.74481947257699,4.88253501535592,-0.3054251208619354,0.05047425406465497,0.07386490709352883,-0.027652775754695713,0.0042924642397399425,0.006654934278820662
safe_graph_adp,1362.0,33.50304386060799,34.855389996851876,5.042824444094698,-0.3571434910841023,0.060135278486542335,0.08642445325562521,-0.02611423688335879,0.004080896893149151,0.006286122584632289
safe_graph_adp,1364.0,32.74014445842174,34.985074870814636,5.227494845942129,-0.4057497592611895,0.06958625646788048,0.098245869799714,-0.024577072316284677,0.0038623700469757717,0.005917278705748765
safe_graph_adp,1366.0,31.88314039708722,35.133426018141364,5.435069839914693,-0.4512484502154575,0.07879920797868412,0.10932903560821038,-0.023041289923694214,0.0036368899383987293,0.005548404530635933
safe_graph_adp,1368.0,30.938242224815028,35.299939435613325,5.664072810350657,-0.4936441833112121,0.0877461862254124,0.11967383712058233,-0.02150689756873158,0.0034044628401973783,0.005179501947914755
safe_graph_adp,1370.0,29.911651156626426,35.48405526008868,5.913026922025053,-0.5329416723599839,0.09639927814973819,0.129280168334223,-0.01997390310742399,0.0031650950607193867,0.004810572846351639
safe_graph_adp,1372.0,28.809558885554466,35.68515783647125,6.180455135266353,-0.5691457255248222,0.10473060492682154,0.13814793080526497,-0.01844231438864152,0.0029187929438484247,0.004441619114848767
safe_graph_adp,1374.0,27.638147394037404,35.90257578667535,6.464880221074709,-0.6022612452237043,0.11271232246308324,0.1462770336493364,-0.016912139254056904,0.0026655628689716956,0.004072642642434423
safe_graph_adp,1376.0,26.40358876550619,36.13558207958565,6.764824776241647,-0.63229322803206,0.12031662189347371,0.1536673935422593,-0.015383385538105353,0.0024054112509472644,0.0037036453182533267
safe_graph_adp,1378.0,25.11204499616779,36.383394102011074,7.078811238471104,-0.6592467645844138,0.12751573007823327,0.1603189347206897,-0.013856061067944488,0.0021383445400712294,0.003334629031556959
safe_graph_adp,1380.0,23.769667806986092,36.645173730631676,7.405361901501686,-0.6831270394751439,0.13428191009913917,0.16623158898269963,-0.012330173663414268,0.0018643692220446746,0.0029655956716938825
safe_graph_adp,1382.0,22.3825984558622,36.92002740493756,7.742998930230024,-0.7039393311583605,0.14058746175523504,0.1714052956883012,-0.010805731136996913,0.0015834918179404816,0.0025965471281000803
safe_graph_adp,1384.0,20.956967550015833,37.20700620115865,8.090244375835134,-0.7216890118469029,0.14640472205803862,0.17584000175991257,-0.00928274129377693,0.0012957188841699317,0.002227485290289273
safe_graph_adp,1386.0,19.498894858569614,37.50510590718444,8.44562019090364,-0.7363815474104576,0.15170606572622317,0.1795356616827658,-0.007761211931401132,0.0010010570124491512,0.0018584120478432452
safe_graph_adp,1388.0,18.01448912533801,37.81326709847252,8.807648244555754,-0.7480224972727969,0.15646390567976834,0.18249223750525667,-0.006241150840038756,0.0006995128297653331,0.0014893292904021773
safe_graph_adp,1390.0,16.509847881822658,38.13037521494486,9.174850337571911,-0.7566175143081404,0.16065069353357622,0.18470969883923644,-0.004722565802341539,0.00039109299834284763,0.001120238907654959
safe_graph_adp,1392.0,14.991057260415861,38.45526063887083,9.545748217519915,-0.762172344736639,0.16423892009054802,0.18618802286024552,-0.0032054645934038724,7.580421560909444e-05,0.0007511427893295303
safe_graph_adp,1394.0,13.464191807813982,38.78669877373582,9.918863593882495,-0.7646928280189832,0.16720111583411743,0.18692719430768903,-0.001689854980723013,-0.0002463467858397669,0.00038204282518318824
safe_graph_adp,1396.0,11.935314298642496,39.12341012409434,10.292718153185167,-0.7641848967501363,0.16950985142023586,0.18692720548495434,-0.0001757447241593033,-0.0005753532382732865,1.2940904992925564e-05
safe_graph_adp,1398.0,10.410475549294457,39.464060376406614,10.665833574124255,-0.7606545765521933,0.1711377381688057,0.1861880562594705,0.001336858424103561,-0.0009112083388613907,-0.00035616108145425027
safe_graph_adp,1400.0,8.895714231984115,39.80726048085739,11.036731542694993,-0.7541079859663665,0.17205742855455697,0.18470975406270962,0.0028479467195982083,-0.001253905249709195,-0.000725261244370997
safe_graph_adp,1402.0,7.397056689017437,40.15156673415603,11.403933767319552,-0.7445513363440995,0.17224161669736318,0.18249231389013013,0.004357512425613258,-0.0016034370978920283,-0.0010943576939792983
safe_graph_adp,1404.0,5.920516747281266,40.49548086331662,11.765961993974908,-0.7319909317373091,0.1716630388519921,0.17953575830106194,0.005865547813232929,-0.0019597969754906095,-0.0014634485405201625
safe_graph_adp,1406.0,4.472095532952878,40.83745011041702,12.121338021320419,-0.716433168787757,0.1702944738972871,0.17584011741853361,0.00737204516137661,-0.0023229779396264187,-0.0018325318942632807
safe_graph_adp,1408.0,3.057781286431651,41.17586731833572,12.468583715824993,-0.6978845366155527,0.16810874382477484,0.17140542892904145,0.008876996756838377,-0.002692973012497253,-0.0022016058655167023
safe_graph_adp,1410.0,1.6835491774946085,41.509071017465274,12.806221026893748,-0.6763516167067876,0.1650787142266948,0.16623173808226036,0.010380394894326517,-0.0030697751814129435,-0.002570668564636519
safe_graph_adp,1412.0,0.35536112067755576,41.835345513401336,13.132772001994027,-0.6518410828003013,0.16117729478344672,0.1603190976906968,0.011882231876502947,-0.0034533773988312646,-0.0029397181020365355
safe_graph_adp,1414.0,-0.920834409116448,42.15292097560586,13.446758801780655,-0.6243597007735824,0.15637743975045146,0.15366756812928362,0.013382500014022634,-0.003843772582394014,-0.0033087525881979434
safe_graph_adp,1416.0,-2.139102560779553,42.45997352704353,13.746703715220345,-0.5939143285278028,0.15065214844442085,0.14627721733491683,0.014881191625572984,-0.0042409536149632734,-0.0036777701336789953
safe_graph_adp,1418.0,-3.2935222909307864,42.754625334790106,14.031129174715105,-0.5605119158719887,0.1439744657290326,0.13814812080593425,0.01637829903791312,-0.004644913344657856,-0.0040467688491246795
safe_graph_adp,1420.0,-4.378186547615201,43.03494470161151,14.298557771224544,-0.5241595044063267,0.13631748250000586,0.1292803616015362,0.017873814585913247,-0.005055644584889912,-0.004415746845276395
safe_graph_adp,1422.0,-5.387202453768767,43.29894615851246,14.547512269386978,-0.48486422740460955,0.1276543361695729,0.11967403034114801,0.019367730612593816,-0.005473140114401735,-0.00478470223298162
safe_graph_adp,1424.0,-6.314691490447301,43.54459055825347,14.776515622639177,-0.442633309695818,0.11795821115034325,0.10932922520372462,0.020860039469164766,-0.005897392677302724,-0.00515363312320359
safe_graph_adp,1426.0,-7.154789679817696,43.76978516983493,14.984090988334689,-0.3974740675448445,0.10720233933855548,0.098246051926997,0.022350733515064697,-0.006328394983106542,-0.005522537627030965
safe_graph_adp,1428.0,-7.9016477679097346,43.972383773947115,15.16876174286058,-0.3493939085323562,0.09536000059671264,0.08642462380666056,0.023839805117999966,-0.006766139706768438,-0.005891413855687499
safe_graph_adp,1430.0,-8.549431407126775,44.15018675938478,15.3290514967525,-0.2984003314338003,0.08240452323559705,0.07386506169550565,0.025327246653983778,-0.007210619488722751,-0.006260259920541722
safe_graph_adp,1432.0,-9.092321338513592,44.30094122042524,15.463484109807956,-0.2445009260975517,0.06830928449566029,0.0605674940024898,0.026813050507375213,-0.007661826934920598,-0.0066290739331165945
safe_graph_adp,1434.0,-9.52451357377965,44.42234105516852,15.570583706197661,-0.18770337332220483,0.05304771102778411,0.04653205669175216,0.02829720907091821,-0.008119754616867716,-0.0069978540050991845
safe_graph_adp,1436.0,-9.840219577076105,44.5120270648385,15.64887468957487,-0.1280154447330101,0.03659327937340793,0.031758893281569736,0.029779714745780537,-0.008584395071662513,-0.007366598248350337
safe_graph_adp,1438.0,-10.033666446524839,44.56758705404354,15.696881758182544,-0.06544500265745631,0.018919516444018878,0.01624815484325578,0.031260559941592686,-0.009055740802034267,-0.007735304774914337
safe_graph_adp,1440.0,-10.09909709549778,44.586555931995576,15.713129919958288,-8.326672684688674e-17,8.673617379884035e-17,3.122502256758253e-17,0.03273973707648674,-0.009533784276381511,-0.008103971697028577
safe_graph_adp,1442.0,-10.120872503756978,44.588016139969625,15.7504592919908,-0.021774322391183806,0.0014766311285200825,0.03732935610542444,-0.010850005108013682,0.0007136795934864974,0.018684806636899545
safe_graph_adp,1444.0,-10.185194388305085,44.59249188877972,15.860753238299907,-0.04254648434480606,0.003014784962456012,0.07296454314528666,-0.010352170624623519,0.0006963052816928187,0.017837816943761138
safe_graph_adp,1446.0,-10.290058970572625,44.600097184637846,16.04062305420026,-0.06231703241917658,0.004605422715185683,0.10690519601120341,-0.009854578873534225,0.0006766785848424913,0.016990735921716432
safe_graph_adp,1448.0,-10.433463595713613,44.61092796091083,16.28667932213943,-0.0810865437773047,0.006239510351257013,0.1391509669447727,-0.009357232402395582,0.0006548006071775616,0.016143567907786236
safe_graph_adp,1450.0,-10.613406793799461,44.62506208778419,16.595531946400545,-0.09885562617138541,0.007908018747907,0.16970152554024504,-0.008860133757601547,0.0006306724644665432,0.01529631723943677
safe_graph_adp,1452.0,-10.827888340981582,44.64255938224899,16.963790187810144,-0.11562491792699901,0.009601923856497914,0.19855655874706132,-0.008363285484277212,0.0006042952839987064,0.014448988254557399
safe_graph_adp,1454.0,-11.07490932062213,44.66346161841146,17.38806269845099,-0.1313950879270241,0.011312206863869802,0.2257157708722577,-0.007866690126265782,0.0005756702045783017,0.013601585291438512
safe_graph_adp,1456.0,-11.352472184392253,44.68779253812521,17.864957556379537,-0.1461668355952636,0.013029854353607866,0.251178883582737,-0.007370350226115548,0.0005447983765187352,0.012754112688749233
safe_graph_adp,1458.0,-11.658580813337338,44.71555786194592,18.39108230034782,-0.1599408908797847,0.014745858467223327,0.27494563590740695,-0.006874268325066861,0.0005116809616366729,0.01190657478551526
safe_graph_adp,1460.0,-11.991240578908624,44.74674530040831,18.96304396452948,-0.17271801423597175,0.016451217065246344,0.29701578423918495,-0.006378446963039127,0.000476319133246096,0.011058975921096614
safe_graph_adp,1462.0,-12.348458403960656,44.78132456562517,19.57744911324968,-0.18449899660929356,0.01813693388822958,0.3173891023368695,-0.0058828886786178106,0.00043871407615229366,0.010211320435165434
safe_graph_adp,1464.0,-12.728242823713973,44.81924738320837,20.230903875718614,-0.19528465941778422,0.019794018717661,0.3360653813268785,-0.005387596009041418,0.0003988669866457951,0.009363612667683763
safe_graph_adp,1466.0,-13.12860404668248,44.860447504511534,20.920013980768356,-0.2050758545342381,0.02141348753678448,0.35304442970485395,-0.004892571490188526,0.00035677907249624555,0.00851585695888132
safe_graph_adp,1468.0,-13.547554015564913,44.90484071919429,21.641384791592813,-0.21387346426811915,0.022986362691326846,0.3683260733371333,-0.004397817656564792,0.00031245155294622206,0.007668057649233288
safe_graph_adp,1470.0,-13.98310646809986,44.952324868107894,22.391621340490456,-0.22167840134718447,0.024503673050129904,0.3819101554620876,-0.003903337041289966,0.000265885658704992,0.0068202190794380765
safe_graph_adp,1472.0,-14.433276997883718,45.002779856502016,23.167328363609606,-0.22849160889882264,0.025956454165686052,0.3937965366913261,-0.003409132176084939,0.00021708263194221108,0.005972345590395108
safe_graph_adp,1474.0,-14.89608311515105,45.05606766755248,23.965110335696007,-0.23431406043110656,0.027335748434576083,0.40398509501076735,-0.0029152055912587765,0.00016604372628156337,0.005124441523182605
safe_graph_adp,1476.0,-15.369544307516774,45.112032376209804,24.781571504842386,-0.23914675981356132,0.028632605257807756,0.41247572578157726,-0.002421559815695751,0.00011277020679434369,0.004276511219035318
safe_graph_adp,1478.0,-15.851682100679584,45.17050016336829,25.613315927239775,-0.24299074125764716,0.02983808120105374,0.4192683417409733,-0.0019281973768424036,5.72633499929785e-05,0.0034285590193223574
safe_graph_adp,1480.0,-16.340520119086072,45.23127933035552,26.456947501930294,-0.2458470692969576,0.030943240154787506,0.42436287300289566,-0.0014351208006946096,-4.7555617550603876e-07,0.002580589265524926
safe_graph_adp,1482.0,-16.83408414655494,45.294160313742005,27.309070005561153,-0.24771683876713305,0.0319391534943158,0.4277592670585446,-0.0009423326117846321,-6.044521233608286e-05,0.0017326062992141095
safe_graph_adp,1484.0,-17.33040218686077,45.35891570047079,28.166287127139586,-0.24860117478548996,0.03281690023970623,0.4294574887767848,-0.000449835333168206,-0.00012264430769237363,0.0008846144620286225
safe_graph_adp,1486.0,-17.827504524276772,45.42530024330681,29.025202502788474,-0.2485012327303658,0.033567567215608635,0.429457520404416,4.2368513588386377e-05,-0.00018707152003336037,3.661809565262339e-05
safe_graph_adp,1488.0,-18.32342378407592,45.49305087660579,29.882419750502358,-0.24741819822018005,0.03418224921096876,0.42775936156631017,0.0005342764084212134,-0.00025372551574015653,-0.000811378458206554
safe_graph_adp,1490.0,-18.816194992989942,45.561886732402456,30.734542504903605,-0.24535328709221116,0.03465204913863292,0.4243630292654155,0.0010258858327816124,-0.00032260494979283394,-0.0016593708578406183
safe_graph_adp,1492.0,-19.303855639625567,45.63150915681784,31.578174451998454,-0.24230774538109007,0.03496807819484217,0.41926855788262685,0.0015171942696490792,-0.00039370846577730956,-0.002507354761562535
safe_graph_adp,1494.0,-19.78444573483749,45.701601726785476,32.409919363932644,-0.23828284929701007,0.035121456018614626,0.4124759991765224,0.0020081992035441477,-0.0004670346958922896,-0.0033553258277287806
safe_graph_adp,1496.0,-20.256007872057467,45.77183026709624,33.22638113374642,-0.23327990520365346,0.03510331085101453,0.4039854222829676,0.0024988981205412786,-0.0005425822609562733,-0.004203279714761556
safe_graph_adp,1498.0,-20.71658728757897,45.841842867761606,34.02416381012858,-0.22730024959583509,0.034904779694306665,0.3937969137145849,0.0029892885082817245,-0.0006203497704146154,-0.005051212081171017
safe_graph_adp,1500.0,-21.16423192079687,45.91126990169511,34.79987163216932,-0.22034524907686298,0.03451700847099471,0.38191057736009093,0.003479367855986397,-0.0007003358223466429,-0.0058991185855775
safe_graph_adp,1502.0,-21.596992474401524,45.97972404271176,35.5501090641117,-0.2124163003356163,0.03393115218274215,0.3683265344834992,0.00396913365446872,-0.0007825390034728351,-0.006746994886733764
safe_graph_adp,1504.0,-22.012922474526782,46.04680028384519,36.27148083010126,-0.20351483012334073,0.03313837506917432,0.3530449237231904,0.004458583396147478,-0.0008669578891620595,-0.0075948366435472005
safe_graph_adp,1506.0,-22.410078330851253,46.11207595598225,36.96059194893373,-0.19364229523016166,0.03212985076656026,0.3360659010908486,0.0049477145750596516,-0.0009535910434388639,-0.008442639515102067
safe_graph_adp,1508.0,-22.78651939665235,46.175110746814916,37.61404776880047,-0.18280018246131516,0.030896762466372907,0.31738963997026437,0.005436524686873247,-0.0010424370189908308,-0.009290399160681714
safe_graph_adp,1510.0,-23.140308028812495,46.235446720109124,38.228454002031334,-0.1709900086130971,0.029430303073726224,0.2970163311160044,0.0059250112289001315,-0.0011334943571759866,-0.010138111239790807
safe_graph_adp,1512.0,-23.46950964777696,46.29260833529038,38.80041675983481,-0.15821332044853065,0.027721675365688,0.2749461826519479,0.006413171700108824,-0.0012267615880302697,-0.010985771412177549
safe_graph_adp,1514.0,-23.77219279746274,46.34610246734589,39.32654258703503,-0.14447169467275214,0.025762092149466773,0.25117942006968935,0.0069010036011373215,-0.0013222372302750564,-0.0118333753378559
safe_graph_adp,1516.0,-24.046429205117928,46.395418427042905,39.803438496805505,-0.12976673790811585,0.0235427764204716,0.22571628622680806,0.007388504434305887,-0.0014199197913247464,-0.012680918677127812
safe_graph_adp,1518.0,-24.290293841131025,46.440027981463096,40.227712005399255,-0.11410008666901753,0.02105496152024321,0.19855704134500435,0.00787567170362983,-0.0015198077672944027,-0.01352839709060542
safe_graph_adp,1520.0,-24.501864978789598,46.47938537485261,40.595971166875024,-0.09747340733643726,0.01828989129425522,0.16970196300810245,0.008362502914832301,-0.0016218996430074533,-0.01437580623923329
safe_graph_adp,1522.0,-24.679224253987762,46.51292734978764,40.90482460781947,-0.07988839613220164,0.015238820249583975,0.13915134615991995,0.008848995575357054,-0.0017261938920034466,-0.015223141784310622
safe_graph_adp,1524.0,-24.82045672488189,46.54007316865518,41.15088156206486,-0.0613467790929655,0.011893013712445649,0.10690550310200403,0.009335147194381204,-0.0018326889765458705,-0.016070399387513454
safe_graph_adp,1526.0,-24.92365093149402,46.56022463544873,41.33075190540217,-0.041850312043913526,0.008243747985599223,0.07296476349123437,0.009820955282827986,-0.0019413833476300214,-0.016917574710916886
safe_graph_adp,1528.0,-24.986898955262372,46.572766117878686,41.44104619028921,-0.021400780572181866,0.004282310505613967,0.03732947433729279,0.010306417353379506,-0.002052275444990938,-0.017764663417017292
safe_graph_adp,1530.0,-25.008296478538437,46.57706456979707,41.47837568055361,-5.551115123125783e-17,5.204170427930421e-18,-4.0939474033052647e-16,0.010791530920489458,-0.0021653636971113877,-0.01861166116875452
safe_graph_adp,1532.0,-24.95266155470988,46.58283269043311,41.48854721823294,0.055639313959362426,0.005726155010938674,0.01017153333946005,0.027909091057068784,0.002926021003064899,0.005138862936585675
safe_graph_adp,1534.0,-24.788252613414723,46.599462588989574,41.518600209500654,0.10877371271592584,0.010863667238011868,0.01988144510574405,0.02664392071811102,0.002754762907273429,0.004908077991983699
safe_graph_adp,1536.0,-24.520081997649765,46.62579977218106,41.56761131084385,0.15940069445508126,0.015435330850485155,0.02912963532621226,0.025378397559951076,0.002589231098391453,0.004677267918219537
safe_graph_adp,1538.0,-24.153166976413438,46.66073534942946,41.63465698353169,0.20751783499431609,0.019463954327873536,0.03791600875569531,0.024112528062016664,0.002429427158429951,0.004446433897031495
safe_graph_adp,1540.0,-23.692529589411343,46.70320606107447,41.71881350307112,0.2531227878133584,0.022972360049899047,0.046240474877227086,0.02284631870550879,0.0022753526400734426,0.004215577110280494
safe_graph_adp,1542.0,-23.14319649170223,46.75219430576385,41.81915696866397,0.29621328408359165,0.025983383886297257,0.05410294790274124,0.021579775973368492,0.0021270090666720386,0.003984698739944002
safe_graph_adp,1544.0,-22.510198798285906,46.806728167023124,41.93476331266543,0.3367871326967397,0.028519874786476697,0.0615033467737315,0.02031290635024369,0.0019843979322336416,0.003753799968110009
safe_graph_adp,1546.0,-21.798571928634477,46.86588143900447,42.064708310043805,0.3748422202928218,0.030604694369034843,0.06844159516187555,0.019045716322455976,0.001847520701416298,0.0035228819769709497
safe_graph_adp,1548.0,-21.013355451168422,46.92877365141447,42.20806758784145,0.4103765112873777,0.032260716511134234,0.07491762146962265,0.01777821237796738,0.001716378809520698,0.0032919459488176643
safe_graph_adp,1550.0,-20.159592927678958,46.99457009362053,42.36391663463689,0.4433880478979617,0.033510826937742336,0.0809313588307449,0.016510401006347212,0.0015909736624828267,0.0030609930660333417
safe_graph_adp,1552.0,-19.242331757698125,47.06248183793561,42.53133081000797,0.47387495016990716,0.034377922810738766,0.08648274511085219,0.015242288698738757,0.001471306636866764,0.002830024511087466
safe_graph_adp,1554.0,-18.266623022818084,47.13176576208102,42.70938535399604,0.5018354160013591,0.0348849123178935,0.09157172290787081,0.013973881947826101,0.0013573790798576423,0.002599041466529761
safe_graph_adp,1556.0,-17.237521330961087,47.20172457082711,42.89715539657099,0.5272677211675763,0.0350547142617196,0.09619823955248573,0.012705187247800865,0.0012491923092547404,0.0023680451149841386
safe_graph_adp,1558.0,-16.16008466060157,47.27170681681148,43.093715967097204,0.5501702193445024,0.03491025764820419,0.10036224710854647,0.01143621109432895,0.001146747613464747,0.0021370366391426383
safe_graph_adp,1560.0,-15.03937420494182,47.341106920534564,43.29814200380028,0.5705413421316052,0.03447448127542119,0.10406370237343673,0.010166959984517296,0.0010500462514951535,0.0019060172217593803
safe_graph_adp,1562.0,-13.880454216042724,47.409365189532316,43.509508363234396,0.5883795990739844,0.03377033332202943,0.10730256687840767,0.008897440416880606,0.0009590894529478167,0.0016749880456445009
safe_graph_adp,1564.0,-12.688391848911007,47.47596783672579,43.72688982975038,0.6036835776837474,0.03282077093565985,0.1100788068888747,0.007627658891308083,0.0008738784180126554,0.0014439502936581042
safe_graph_adp,1566.0,-11.468257005544464,47.540446997947384,43.94936112496427,0.6164519434606535,0.03164875982119525,0.11239239340467808,0.006357621909030121,0.0007944143174615133,0.0012129051487041994
safe_graph_adp,1568.0,-10.225122178936639,47.602380748643505,44.175996917226435,0.626683439912026,0.03027727382894634,0.11424330216030706,0.0050873359725850794,0.0007206982926421578,0.0009818537937246498
safe_graph_adp,1570.0,-8.9640622970424,47.66139311975355,44.40587183109103,0.6343768885719314,0.02872929454272763,0.11563151362508779,0.003816807585785916,0.000652731455472441,0.0007507974116931137
safe_graph_adp,1572.0,-7.690154566705896,47.71715411276489,44.638060456785816,0.6395311890196265,0.027027810867836795,0.1165570130033347,0.002546043253686951,0.0005905148884346055,0.0005197371856089841
safe_graph_adp,1574.0,-6.408478317552355,47.76937971394374,44.87163735968231,0.6421453188972727,0.02519581861894114,0.11701979023446563,0.001275049482550513,0.0005340496445697413,0.00028867429849133933
safe_graph_adp,1576.0,-5.124114845845176,47.81783190774171,45.105677089766026,0.642218333926918,0.023256320107874755,0.11701983999308065,3.832779813671143e-06,0.0004833367474723941,5.760993337288085e-05
safe_graph_adp,1578.0,-3.842147258309799,47.862318689377865,45.33925419110689,0.6397493679267453,0.02123232373135002,0.11655716168900442,-0.0012676003459451237,0.0004383771912853259,-0.00017345472670612233
safe_graph_adp,1580.0,-2.5676603159258113,47.902694076596106,45.57144321132972,0.6347376328265881,0.019146843558587034,0.11563175946729222,-0.002539243385039324,0.00039917194069442375,-0.00040451849870389283
safe_graph_adp,1582.0,-1.3057402776887481,47.93885812059776,45.801318711084654,0.627182418682713,0.01702289891886464,0.11424364220819966,-0.0038110898267076543,0.0003657219309237624,-0.0006355801995831956
safe_graph_adp,1584.0,-0.06147474434306899,47.97075691614919,46.02795527351748,0.6170830936918681,0.014883513988996596,0.11239282352711598,-0.005083133159147409,0.00033802806773081367,-0.0008666386463174053
safe_graph_adp,1586.0,1.1600474979122333,47.998382610864276,46.2504275137398,0.6044391042045996,0.012751717380736587,0.11007932177446103,-0.006355366869547831,0.0003160912274018103,-0.0010976926558965549
safe_graph_adp,1588.0,2.3537366337439205,48.021773413661634,46.467810088298975,0.5892499747378326,0.010650541728115647,0.10730316003554591,-0.007627784444123405,0.00029991225674725914,-0.0013287410453333933
safe_graph_adp,1590.0,3.5145019750292272,48.041013602396454,46.67917770464773,0.5715153079867201,0.008603023274715632,0.10406436613039716,-0.008900379368147261,0.0002894919730976062,-0.0015597826316694498
safe_graph_adp,1592.0,4.637252117223541,48.05623353066684,46.883605130613354,0.5512347848357572,0.0066322014608823695,0.10036297261354471,-0.010173145125984509,0.00028483116429904977,-0.00179081623198108
safe_graph_adp,1594.0,5.716895095749582,48.067609633794476,47.080167203866495,0.5284081643691612,0.004761118510882104,0.09619901677377343,-0.01144607520112558,0.0002859305887095104,-0.0020218406633855305
safe_graph_adp,1596.0,6.748338542406598,48.0753644339796,47.26793884138937,0.5030352838805187,0.0030128190200048575,0.09157254063383827,-0.012719163076219623,0.0002927909751947443,-0.0022528547430469914
safe_graph_adp,1598.0,7.726489841798134,48.079766544630104,47.4459950489434,0.4751160588816972,0.0014103495416183344,0.08648359095014316,-0.013992402233107847,0.00030541302312461397,-0.002483857288182653
safe_graph_adp,1600.0,8.646256287776879,48.0811306738647,47.61341093053614,0.44465048311102406,-2.3241825824005984e-05,0.08093221921238349,-0.015265786152856913,0.0003237974023695065,-0.0027148471160687642
safe_graph_adp,1602.0,9.502545239905142,48.07981762719006,47.76926169788748,0.41163862854072963,-0.0012649058518170845,0.07491848164315223,-0.01653930831579229,0.00034794475329690406,-0.002945823044046682
safe_graph_adp,1604.0,10.290264279929481,48.07623430935187,47.91262267989501,0.3760806453836571,-0.0022915925868769206,0.06844243919750981,-0.01781296220153166,0.00037785568676810557,-0.0031767838895289326
safe_graph_adp,1606.0,11.004321368268009,48.070833725359655,48.0425693320985,0.3379767620992375,-0.003080251775648306,0.06150415756251751,-0.019086741289018286,0.0004135307841350987,-0.0034077284700052652
safe_graph_adp,1608.0,11.639625000508929,48.06411498068543,48.15817724614341,0.2973272853987303,-0.0036078332700438137,0.05410370715673464,-0.0203606390565544,0.00045497059723758314,-0.003638655603048701
safe_graph_adp,1610.0,12.191084363918801,48.056623280635954,48.25852215924331,0.25413260024972945,-0.0038512874424105068,0.04624116312967933,-0.021634648981834592,0.0005021756484001459,-0.003869564106321596
safe_graph_adp,1612.0,12.6536094939591,48.04894992889869,48.34267996364129,0.2083931698799346,-0.003787565598720727,0.037916605361253,-0.02290876454197922,0.0005551464304295867,-0.004100452797581687
safe_graph_adp,1614.0,13.022111430809574,48.04173232526137,48.409726716070054,0.16010953578018805,-0.003393620391783337,0.029130118461128486,-0.024182979213567792,0.0006138834066123944,-0.004331320494688149
safe_graph_adp,1616.0,13.291502375896934,48.03565396250506,48.45873864721087,0.10928231770677681,-0.002646406234471783,0.019881791768101904,-0.025457286472672366,0.000678387010712376,-0.004562166015607645
safe_graph_adp,1618.0,13.45669584842744,48.031444422470805,48.48879217115111,0.055912213682999735,-0.0015228797129653577,0.010171719349408116,-0.026731679794890956,0.0007486576469684349,-0.004792988178420381
safe_graph_adp,1620.0,13.51260684192185,48.02987937129978,48.498963894840415,2.2898349882893854e-16,-3.0791341698588326e-17,-4.85722573273506e-17,-0.028006152655380947,0.0008246956900925013,-0.005023785801326152
set_cover_cw_tour,2.0,0.0015653621250567116,-35.00225049024668,10.007240600229927,0.0015636658201371733,-0.0022516696324162344,0.007240597140626007,0.0007843770349532419,-0.0011240638176990023,0.0036331015646632
set_cover_cw_tour,4.0,0.006173372675625515,-35.00891135342756,10.028633792194135,0.0030427224875120384,-0.00441030911824346,0.014152585695888415,0.0007470503005027841,-0.0010741063934372112,0.0034688156675750795
set_cover_cw_tour,6.0,0.013655734244340538,-35.01979581097733,10.063522287531987,0.004438091226092802,-0.006475200880183513,0.020735894756319966,0.0007099615030309559,-0.0010239805866009222,0.003304512010290067
set_cover_cw_tour,8.0,0.023845994201593123,-35.03471565550299,10.111248659429135,0.005750695587256417,-0.00844563366959029,0.02699045677773403,0.0006731108324309104,-0.0009736874743961252,0.0031401914340362857
set_cover_cw_tour,10.0,0.03657954933343205,-35.05348126345337,10.171155349348602,0.00698146143286805,-0.010320902578677267,0.03291620758174367,0.000636498477376601,-0.0009232281348854083,0.0029758547801284887
set_cover_cw_tour,12.0,0.05169365044560119,-35.07590160781296,10.242584673762876,0.00813131691833905,-0.012100309052637363,0.03851308635625489,0.000600124625321815,-0.0008726036469824344,0.002811502889963742
set_cover_cw_tour,14.0,0.06902740693367172,-35.101784270819934,10.324878830886965,0.009201192475663592,-0.013783160901675041,0.04378103565593398,0.000563989462499214,-0.0008218150904464224,0.0026471366050171224
set_cover_cw_tour,16.0,0.08842179131922645,-35.13093545670813,10.417379907412366,0.010192020796434111,-0.01536877231295053,0.048720001402649045,0.0005280931739193801,-0.0007708635458766131,0.002482756766837407
set_cover_cw_tour,18.0,0.10971964375205388,-35.163160004472836,10.519429885241884,0.011104736814835708,-0.01685646386243607,0.05332993288588569,0.0004924359433698697,-0.0007197500947067413,0.0023183642170427647
set_cover_cw_tour,20.0,0.13276567647831025,-35.19826140066017,10.630370648225263,0.011940277690619661,-0.018245562526684092,0.057610782763136775,0.0004570179534142705,-0.0006684758191994967,0.002153959797316448
set_cover_cw_tour,22.0,0.15740647827460774,-35.23604179217996,10.74954398889556,0.012699582792056192,-0.019535401694507196,0.0615625070602664,0.00042183938539126873,-0.0006170418024409826,0.0019895443494024833
set_cover_cw_tour,24.0,0.18349051884798773,-35.27630199914186,10.876291615206238,0.01338359367886664,-0.020725321178569858,0.06518506517184794,0.0003869004194137195,-0.0005654491283351723,0.0018251187151013598
set_cover_cw_tour,26.0,0.21086815320173768,-35.31884152771455,11.009955157268895,0.013993254085135194,-0.021814667226891748,0.06847841986147629,0.0003522012343677253,-0.0005136988815983572,0.0016606837362657207
set_cover_cw_tour,28.0,0.2393916259670116,-35.36345858300791,11.149876174091592,0.014529509902200345,-0.022802792534262564,0.07144253726205417,0.00031774200791172025,-0.00046179214775359434,0.0014962402547960521
set_cover_cw_tour,30.0,0.2689150757002128,-35.40995008197788,11.29539616031774,0.014993309161526178,-0.02368905625356827,0.0740773868760526,0.00028352291647555926,-0.00040973001312514926,0.0013317891126363758
set_cover_cw_tour,32.0,0.2992945391460994,-35.4581116663539,11.44585655296547,0.015385602017553682,-0.024472824007028677,0.07638294157574549,0.0002495441352596165,-0.00035751356483293255,0.0011673311517699332
set_cover_cw_tour,34.0,0.3303879554665727,-35.507737715588746,11.600598738167449,0.015707340730532232,-0.025153467897346203,0.07835917760341835,0.00021580583823388683,-0.0003051438907869348,0.0010028672142148804
set_cover_cw_tour,36.0,0.3620551704351087,-35.55862135983056,11.758964057911092,0.01595947964933136,-0.02573036651876578,0.08000607457155115,0.00018230819813709595,-0.0002526220796816564,0.0008383981420199702
set_cover_cw_tour,38.0,0.39415794059679365,-35.61055449291694,11.92029381677911,0.01614297519423301,-0.02620290496804579,0.08132361546297526,0.00014905138647581569,-0.00019994922099053343,0.0006739247772602481
set_cover_cw_tour,40.0,0.4265599373939245,-35.66332778539083,12.083929288690342,0.016258785839704377,-0.026570474855339875,0.08231178663100454,0.00011603557352358611,-0.00014712640496035897,0.000509447962032734
set_cover_cw_tour,42.0,0.45912675125713603,-35.71673069753814,12.24921172364084,0.016307872097151555,-0.02683247431498967,0.08297057779954055,8.326092832004343e-05,-9.415472260570206e-05,0.000344968538452116
set_cover_cw_tour,44.0,0.4917258956620161,-35.77055149244683,12.415482354445112,0.016291196497654058,-0.026988308016228174,0.08329998206315185,5.072761867005451e-05,-4.103526570332181e-05,0.00018048734864643638
set_cover_cw_tour,46.0,0.5242268111511708,-35.82457724908732,12.582082403477521,0.01620972357468043,-0.027037387173793847,0.08329999588712747,1.8435811142858294e-05,1.2230873213423935e-05,1.6005234752781376e-05
set_cover_cw_tour,48.0,0.5565008693217024,-35.87859387541405,12.748353089413756,0.01606441984678508,-0.02697912955845519,0.08297061910750446,-1.3614328928787801e-05,6.564260086017016e-05,-0.00014847696108703312
set_cover_cw_tour,50.0,0.5884213767780619,-35.932386121487966,12.91363563397233,0.015856253800286466,-0.026812959507445836,0.08231185493106954,-4.542263744945383e-05,0.00011919882320714437,-0.00031295839673077053
set_cover_cw_tour,52.0,0.6198635790502399,-35.98573759261983,13.077271268656057,0.015586195871926826,-0.026538307934809973,0.08132370993533497,-7.698895156187796e-05,0.0001728984454847667,-0.0004774382300400861
set_cover_cw_tour,54.0,0.6507046644772578,-36.038430762534084,13.23860124149346,0.015255218431513574,-0.026154612341658057,0.08000619406848837,-0.00010831310964779938,0.00022674037218925548,-0.0006419156188848404
set_cover_cw_tour,56.0,0.6808237680559248,-36.0902469865532,13.396966823780051,0.01486429576454252,-0.025661316826332707,0.07835932064931683,-0.00013939495132878716,0.0002807235070882354,-0.0008063897211474085
set_cover_cw_tour,58.0,0.710101975254822,-36.14096651480219,13.551709316819418,0.014414404054803077,-0.025057872094484696,0.07638310636710503,-0.00017023431746706014,0.0003348467532263517,-0.0009708596947269931
set_cover_cw_tour,60.0,0.7384223257934799,-36.190368505433256,13.702170058664109,0.013906521366965607,-0.02434373546905895,0.07407757128150752,-0.00020083105016630235,0.00038910901293088526,-0.0011353246975439346
set_cover_cw_tour,62.0,0.7656698173867128,-36.23823103787028,13.847690430856215,0.013341627629151032,-0.023518370900190464,0.07144273882239512,-0.00023118499277247144,0.0004435091878173739,-0.001299783887544025
set_cover_cw_tour,64.0,0.7917314094540743,-36.284331126073006,13.987611865167628,0.012720704615482907,-0.02258124897501005,0.06847863578967543,-0.00026129598987460024,0.0004980461787952339,-0.0014642364227028166
set_cover_cw_tour,66.0,0.8164960267943999,-36.32844473182078,14.12127585033991,0.012044735928622072,-0.021531846927359835,0.06518529235308748,-0.0002911638873055931,0.0005527188860733894,-0.0016286814610299355
set_cover_cw_tour,68.0,0.8398545632254019,-36.370346778015595,14.248023938823726,0.01131470698228405,-0.020369648647418418,0.06156274205197049,-0.0003207885321430146,0.0006075262091659024,-0.0017931181605733888
set_cover_cw_tour,70.0,0.861699885188281,-36.40981116200432,14.367197753517797,0.010531604983739342,-0.019094144691235597,0.05761102179500675,-0.0003501697727098734,0.0006624670468976079,-0.0019575456794238806
set_cover_cw_tour,72.0,0.8819268353173229,-36.4466107689199,14.4781389945073,0.009696418916296776,-0.017704832290176598,0.05333017185993867,-0.0003793074585753977,0.0007175402974097505,-0.002121963175719119
set_cover_cw_tour,74.0,0.9004322359744433,-36.48051748504137,14.58018944580168,0.008810139521770064,-0.0162012153602757,0.04872023589325989,-0.0004082014405558062,0.000772744858165627,-0.002286369807648126
set_cover_cw_tour,76.0,0.917114892748651,-36.51130221117242,14.672690982071831,0.007873759282927708,-0.014582804511499192,0.04378126090988059,-0.0004368515707150717,0.000828079625956231,-0.002450764733455549
set_cover_cw_tour,78.0,0.9318755979203923,-36.53873487603851,14.754985575386561,0.006888272405926429,-0.012849117056917573,0.038513297292766896,-0.0004652577023656785,0.0008835434969059013,-0.002615147111445972
set_cover_cw_tour,80.0,0.944617133890748,-36.56258444970212,14.826415301948325,0.005854674802728247,-0.010999677021786917,0.03291639879255444,-0.0004934196900693734,0.0009391353664779738,-0.002779516099988222
set_cover_cw_tour,82.0,0.9552442765754464,-36.58261895699615,14.886322348828152,0.004773964073501404,-0.009034015152539312,0.026990622527136042,-0.0005213373896379107,0.0009948541294804364,-0.002943870857519678
set_cover_cw_tour,84.0,0.963663798763664,-36.59860549097518,14.93404902069973,0.0036471394890052345,-0.006951668925682311,0.02073602898122355,-0.0005490106581337897,0.0010506986800715883,-0.0031082105425505845
set_cover_cw_tour,86.0,0.9697844734415784,-36.61031022638444,14.968937746572575,0.0024752019729591857,-0.004752182556607297,0.014152682005883821,-0.0005764393538709872,0.0011066679117657005,-0.0032725343136683536
set_cover_cw_tour,88.0,0.9735170770806442,-36.61749843314632,14.99033108652426,0.001259154084396108,-0.002435107008306705,0.007240648818048839,-0.0006036233364156828,0.0011627607174386823,-0.003436841329541878
set_cover_cw_tour,90.0,0.9747743928905603,-36.61993448986418,14.997571738431626,-1.2576745200831851e-17,-1.3010426069826053e-18,9.540979117872439e-18,-0.0006305624665869777,0.001218975989333749,-0.0036011307489258355
set_cover_cw_tour,92.0,0.9511984384315002,-36.60573719411443,15.011473686003727,-0.02356526300337815,0.014215069710637419,0.01390194164064578,-0.011802406770726966,0.007080861806616679,0.006970173501200841
set_cover_cw_tour,94.0,0.881651336758612,-36.56361532825392,15.052548599397873,-0.0459715880384135,0.027923695988629198,0.027172954228337386,-0.011254351177339385,0.006775629867307887,0.006654744294250913
set_cover_cw_tour,96.0,0.7684451898299606,-36.4945919685345,15.11953448387867,-0.06722475380625677,0.04111569380595335,0.039812901672034565,-0.010707855375177065,0.006467921249043209,0.006339281015277488
set_cover_cw_tour,98.0,0.6138805083012356,-36.39971052093138,15.21116907898987,-0.08733057289252949,0.05378091849284854,0.0518216543420411,-0.010162922162276565,0.006157743016939986,0.0060237852794398795
set_cover_cw_tour,100.0,0.4202461438665257,-36.28003464024812,15.32618987147807,-0.10629489165755995,0.06590926591619749,0.06319908907100093,-0.009619554328674045,0.005845102248759881,0.005708258702063587
set_cover_cw_tour,102.0,0.18981922181893682,-36.13664814886544,15.463334108218334,-0.12412359012630331,0.07749067265734053,0.07394508915484452,-0.00907775465639099,0.005530006034872647,0.005392702898632009
set_cover_cw_tour,104.0,-0.07513492616831399,-35.970654955135004,15.621338809141678,-0.140822581877947,0.08851511618931754,0.08405954435368569,-0.008537525919419964,0.005212461478219814,0.005077119484778189
set_cover_cw_tour,106.0,-0.3723628290397025,-35.78317897141924,15.798940780164282,-0.1563978139352022,0.09897261505353706,0.09354235089266875,-0.007998870883710398,0.004892475694278335,0.0047615100762765285
set_cover_cw_tour,108.0,-0.6996229431334707,-35.575364031778435,15.994876626118359,-0.17085526665328252,0.10885322903587061,0.10239341146276602,-0.007461792307154443,0.004570055811024144,0.004445876289034522
set_cover_cw_tour,110.0,-1.054685718735346,-35.34837380930621,16.20788276368456,-0.18420095360857086,0.11814705934217101,0.11061263522152566,-0.00692629293957284,0.0042452089688956645,0.0041302197390844855
set_cover_cw_tour,112.0,-1.435333666409282,-35.10339173311454,16.43669543432583,-0.1964409214869753,0.12684424877321304,0.11819993779376989,-0.00639237552270084,0.003917942320757257,0.0038145420425752755
set_cover_cw_tour,114.0,-1.8393614231046023,-34.84162090496945,16.68005071722262,-0.20758124997197516,0.13493498189905492,0.12515524127224353,-0.0058600427901741685,0.003588263031862591,0.003498844815764018
set_cover_cw_tour,116.0,-2.2645758180389275,-34.564284015578586,16.936684542209317,-0.2176280516323581,0.142409485232819,0.13147847421821285,-0.005329297467515044,0.0032561782798179555,0.003183129675007834
set_cover_cw_tour,118.0,-2.7087959383562663,-34.2726232605318,17.205332702711864,-0.22658747180964936,0.14925802740389024,0.13716957166201477,-0.004800142272118196,0.002921695254545518,0.0028673982367555632
set_cover_cw_tour,120.0,-3.1698531945596606,-33.96790025589594,17.484730868686388,-0.23446568850523408,0.1554709193305311,0.1422284751035564,-0.004272579913236974,0.0025848211582465063,0.002551652117539489
set_cover_cw_tour,122.0,-3.645591385717767,-33.65139595346497,17.7736145995588,-0.24126891226717362,0.16103851439191078,0.14665513251276494,-0.0037466130919694618,0.002245563205364339,0.0022358929339670597
set_cover_cw_tour,124.0,-4.133866764444767,-33.324410555666624,18.070719357165256,-0.24700338607671699,0.16595120859954818,0.1504494983299877,-0.00322224450124466,0.0019039286225476793,0.0019201223027126143
set_cover_cw_tour,126.0,-4.632548101652998,-32.98826343012677,18.37478051869333,-0.25167538523450833,0.17019944076816615,0.15361153346634276,-0.002699476825808696,0.0015599246486134458,0.0016043418405090994
set_cover_cw_tour,128.0,-5.139516751077689,-32.64429302389266,18.684533389623883,-0.25529121724649156,0.17377369268595627,0.15614120530401968,-0.0021783127422110664,0.0012135585345097442,0.0012885531641397994
set_cover_cw_tour,130.0,-5.652666713573215,-32.29385677731621,18.998713216673444,-0.25785722170951286,0.1766644892842521,0.15803848769653062,-0.0016587549187909514,0.0008648375432787351,0.0009727578904300547
set_cover_cw_tour,132.0,-6.169904701180241,-31.93833103759858,19.316055200737072,-0.2593797701966226,0.17886239880660995,0.15930336096891176,-0.001140806015663535,0.0005137689500194657,0.0006569576362389813
set_cover_cw_tour,134.0,-6.6891502009631845,-31.57911097199713,19.635294509831564,-0.2598652661420769,0.1803580329772952,0.1599358119178751,-0.000624468684706398,0.00016036004185060514,0.00034115401845119606
set_cover_cw_tour,136.0,-7.208335538617372,-31.217610480696045,19.955166292038907,-0.25932014472604065,0.18114204716917293,0.15993583381191037,-0.00010974556954593755,-0.0001953818821268568,2.5348653968538734e-05
set_cover_cw_tour,138.0,-7.725405941845308,-30.855262109341727,20.274405688449896,-0.2577508727589926,0.18120514057100154,0.15930342639133757,0.00040336069445617156,-0.0005534495108669849,-0.0002904568402982092
set_cover_cw_tour,140.0,-8.238319603501452,-30.493516961244254,20.5917478461078,-0.2551639485658333,0.18053805635412745,0.15803859586830943,0.0009148474802164628,-0.0009138355214163275,-0.0006062608474376001
set_cover_cw_tour,142.0,-8.745047744504925,-30.133844609246008,20.905927930951993,-0.2515659018696975,0.1791315818385799,0.15614135492676454,0.0014247121689431417,-0.001276532578951409,-0.0009220617505458027
set_cover_cw_tour,144.0,-9.243574676519534,-29.77773300725873,21.21568114076142,-0.2469632936754716,0.176976548658564,0.15361172272233048,0.0019329521501494785,-0.0016415333368162922,-0.0012378579327348774
set_cover_cw_tour,146.0,-9.731897864400548,-29.426688401470187,21.51974271809785,-0.24136271615301713,0.17406383292735084,0.15044972488217753,0.0024395648216671856,-0.002008830436560182,-0.0015536477771410546
set_cover_cw_tour,148.0,-10.20802798840762,-29.08223524122168,21.816847963248758,-0.23477079252010175,0.1703843554015632,0.14665539350482248,0.002944547589659726,-0.002378416507975106,-0.0018694296669330146
set_cover_cw_tour,150.0,-10.669989006183286,-28.745916089557554,22.10573224716979,-0.22719417692503813,0.1659290816448551,0.1422287671598829,0.003447897868635618,-0.0027502841691336485,-0.002185201985320165
set_cover_cw_tour,152.0,-11.115818214496445,-28.419291533447982,22.385131024426663,-0.21863955432903245,0.16068902219098422,0.13716989088778153,0.003949613081461645,-0.003124426026426745,-0.0025009631155609204
set_cover_cw_tour,154.0,-11.543566310750245,-28.103940093686212,22.65377984613644,-0.2091136403882429,0.15465523270627543,0.13147881619940127,0.00444969065937607,-0.0035008346746015443,-0.0028167114409709737
set_cover_cw_tour,156.0,-11.951297454253808,-27.80145813446148,22.91041437290807,-0.19862318133554957,0.14781881415147405,0.1251556010756902,0.004948128042001781,-0.003879502696799308,-0.0031324453449315826
set_cover_cw_tour,158.0,-12.337089327257196,-27.513459772608844,23.153770387782057,-0.18717495386203686,0.1401709129429876,0.11820030996721716,0.005444922677359396,-0.004260422664593397,-0.003448163210897839
set_cover_cw_tour,160.0,-12.699033195749058,-27.241576786537138,23.382583809169244,-0.1747757649981891,0.13170272111351433,0.11061301379367738,0.005940072021880336,-0.004643587138027305,-0.003763863422406951
set_cover_cw_tour,162.0,-13.035233970016382,-26.98745852483629,23.595590703788496,-0.1614324519948006,0.12240547647205735,0.10239378994334876,0.006433573540419849,-0.005028988665652745,-0.004079544363086517
set_cover_cw_tour,164.0,-13.343810264965786,-26.752771814565214,23.7915272996033,-0.14715188220360143,0.11227046276332295,0.09354272227249819,0.006925424706269979,-0.005416619784567797,-0.004395204416662796
set_cover_cw_tour,166.0,-13.622894460205773,-26.539200869221556,23.96912999875709,-0.1319409529575993,0.10128900982650146,0.0840599011047384,0.007415623001172509,-0.005806473020455131,-0.0047108419669689965
set_cover_cw_tour,168.0,-13.870632759889393,-26.348447196394446,24.127135390507267,-0.11580659145113947,0.08945249375342962,0.07394542323033508,0.007904165915331862,-0.00619854088762026,-0.0050264553979535356
set_cover_cw_tour,170.0,-14.08518525231673,-26.182229505101585,24.264280264157748,-0.09875575461968285,0.0767523370461327,0.06319939190546425,0.008391050947427939,-0.00659281588902988,-0.005342043093688326
set_cover_cw_tour,172.0,-14.264725969296684,-26.042283612811858,24.379301621990024,-0.08079542901930403,0.06318000877374527,0.051821916851420166,0.008876275604628928,-0.006989290516350247,-0.0056576034383770376
set_cover_cw_tour,174.0,-14.40744294526745,-25.930362352154724,24.470936692192538,-0.06193263070590996,0.048727024728809104,0.039813114253773416,0.009359837402604076,-0.007387957249985615,-0.005973134816363382
set_cover_cw_tour,176.0,-14.511538276175171,-25.848235477317637,24.537922941788363,-0.04217440511418029,0.03338494758294681,0.027173106761479486,0.009841733865536401,-0.007788808559116751,-0.006288635612139376
set_cover_cw_tour,178.0,-14.575228178110189,-25.79768957013274,24.578998089561033,-0.0215278269362307,0.017145387041909925,0.013902023485937606,0.010321962526135365,-0.008191836901739477,-0.0066041042103536195
set_cover_cw_tour,180.0,-14.59674304570034,-25.780527945854104,24.592900118978452,2.42861286636753e-17,4.85722573273506e-17,1.0408340855860843e-17,0.010800520925649518,-0.008597034724703292,-0.006919538995819559
set_cover_cw_tour,182.0,-14.56772872548498,-25.783878241996113,24.60907129971515,0.02901181390788135,-0.0033721781318791486,0.01617117383704311,0.014565711305112137,-0.0016532632315707477,0.008117072496817413
set_cover_cw_tour,184.0,-14.482034424306779,-25.793992082257713,24.65685092652468,0.056680039804665905,-0.006762530726241608,0.03160843258666472,0.01390134824903198,-0.0015982246224237134,0.007750156037887215
set_cover_cw_tour,186.0,-14.342346014975755,-25.81089372617881,24.734771010206803,0.0830059865822432,-0.010158969385252632,0.04631161784981255,0.013237454593493942,-0.0015401805212924245,0.007383199898469389
set_cover_cw_tour,188.0,-14.15134671165032,-25.834583266752542,24.84136325227908,0.10799100399597747,-0.013549415990794404,0.060280578743459254,0.01257403373760688,-0.0014791330601255522,0.007016205957364628
set_cover_cw_tour,190.0,-13.911716988141393,-25.865036651200334,24.97515906001007,0.1316364826335898,-0.016921802920076157,0.07351517190176203,0.011911089078058924,-0.0014150843862488472,0.006649176093567171
set_cover_cw_tour,192.0,-13.626134496279128,-25.902205702178033,25.134689561454817,0.15394385388365725,-0.020264073261080668,0.0860152614771645,0.011248624009100103,-0.001348036662354148,0.006282112186255177
set_cover_cw_tour,194.0,-13.297273984343029,-25.946018139412754,25.318485620492464,0.1749145899037296,-0.0235641810278452,0.09778071914144085,0.010586641922524967,-0.0012779920664883122,0.00591501611478111
set_cover_cw_tour,196.0,-12.927807215556209,-25.99637760177013,25.525077851865916,0.1945502035880633,-0.02681009137557496,0.1088114240866822,0.009925146207655205,-0.0012049527920420587,0.005547889758662113
set_cover_cw_tour,198.0,-12.520402886644572,-26.053163669751623,25.75299663622341,0.21285224853497348,-0.02998978081558725,0.11910726302622532,0.009264140251322306,-0.0011289210477387407,0.00518073499757038
set_cover_cw_tour,200.0,-12.077726546461662,-26.116231888421527,26.00077213516188,0.22982231901380432,-0.03309123743008435,0.12866813019552342,0.008603627437850231,-0.0010498990576230383,0.004813553711323542
set_cover_cw_tour,202.0,-11.602440514679964,-26.18541379076338,26.266934306272002,0.24546204993151766,-0.03610246108675333,0.13749392735295932,0.007943611149038046,-0.0009678890610495677,0.004446347779875041
set_cover_cw_tour,204.0,-11.097203800549398,-26.260516921465378,26.550012918184827,0.25977311679890047,-0.039011463653190824,0.14558456378060083,0.00728409476414264,-0.0008828933126714207,0.004079119083304494
set_cover_cw_tour,206.0,-10.564672021723789,-26.34132486113447,26.848537565619846,0.27275723569639154,-0.041806269211150965,0.15293995628489832,0.006625081659861417,-0.0007949140824286172,0.0037118695018080773
set_cover_cw_tour,208.0,-10.007497323156057,-26.427597250938764,27.161037684434408,0.28441616323952745,-0.04447491427061454,0.15956002919732448,0.005966575210314998,-0.000703953655536484,0.0033446009156888994
set_cover_cw_tour,210.0,-9.4283282960629,-26.5190698176779,27.486042566674353,0.2947516965440081,-0.047005447983677534,0.16544471437495645,0.005308578787029959,-0.0006100143324739562,0.002977315205347367
set_cover_cw_tour,212.0,-8.829809896959718,-26.615454399281006,27.822081375625746,0.3037656731903828,-0.04938593235825711,0.1705939512009999,0.004651095758921556,-0.0005130984289717965,0.002610014251271565
set_cover_cw_tour,214.0,-8.214583366766563,-26.716438970731904,28.167683160867607,0.3114599711883559,-0.05160444247161329,0.1750076865852557,0.003994129492276489,-0.00041320827600074025,0.0022426999340276303
set_cover_cw_tour,216.0,-7.585286149985833,-26.821687670421134,28.521376873325526,0.3178365089407138,-0.053649066683684306,0.17868587496452834,0.003337683350735651,-0.000310346219759561,0.0018753741342501101
set_cover_cw_tour,218.0,-6.944551813952506,-26.930840826924513,28.881691380326014,0.3228972452068726,-0.05550790685023383,0.18162847830297696,0.002681760695276927,-0.00020451462166305723,0.0015080387326323469
set_cover_cw_tour,220.0,-6.295009968157659,-27.043514986207747,29.247155480651525,0.3266441790660468,-0.05716907853580824,0.18383546609240836,0.0020263648841979645,-9.571585832996289e-05,0.0011406956099168433
set_cover_cw_tour,222.0,-5.639286183646019,-27.159302939256804,29.616297919595986,0.3290793498800404,-0.05862071122650198,0.18530681535251228,0.001371499273098994,1.60476784292217e-05,0.0007733466468856347
set_cover_cw_tour,224.0,-4.980001912488311,-27.27777375013361,29.98764740402074,0.33020483725565897,-0.05985094854252919,0.1860425106310388,0.000717167214865637,0.00013077358162447486,0.0004059937243506527
set_cover_cw_tour,226.0,-4.319774407329173,-27.398472784456676,30.35973261741081,0.33002276100674466,-0.06084794845059973,0.18604254400391804,6.337205965175501e-05,0.00024845942909857864,3.8638723144107656e-05
set_cover_cw_tour,228.0,-3.6612166410113565,-27.520921738306324,30.73108223493131,0.3285352811158337,-0.061599883476097766,0.18530691507532207,-0.0005898828451377205,0.0003691027835395184,-0.0003287164758911474
set_cover_cw_tour,230.0,-3.006937226277009,-27.644618667554024,31.10022493848395,0.3257445976954367,-0.062094940915060994,0.18383563097766892,-0.0012425941548639108,0.0004927011924929621,-0.0006960699919112481
set_cover_cw_tour,232.0,-2.359540335546761,-27.769038017615518,31.465689431763483,0.32165295094894236,-0.06232132304595868,0.18162870637156875,-0.0018947585276711263,0.0006192521883748196,-0.0010634199440809474
set_cover_cw_tour,234.0,-1.7216256207773872,-27.89363065362728,31.826004455313967,0.31626262113114495,-0.06226724734126665,0.17868616344571245,-0.0025463726245039744,0.0007487532884838715,-0.001430764451583245
set_cover_cw_tour,236.0,-1.0957881333987853,-28.017823891045936,32.179698801584784,0.3095759285083953,-0.0619209466788374,0.17500803191670214,-0.0031974331091244547,0.0008812019950144852,-0.001798101633629018
set_cover_cw_tour,238.0,-0.48461824433103184,-28.141021526670205,32.525301329986235,0.3015952333183768,-0.06127066955306341,0.1705943490288241,-0.0038479366481290298,0.0010165957950694006,-0.0021654296094666464
set_cover_cw_tour,240.0,0.1092984359177408,-28.262603870084977,32.861340981944615,0.29232293572950524,-0.06030468028583186,0.16544515955376377,-0.004497879910965708,0.001154932160672597,-0.0025327464983916498
set_cover_cw_tour,242.0,0.6833811370718911,-28.38192777552706,33.1863467959567,0.28176147579995464,-0.05901125923726888,0.159560515790263,-0.005147259569951091,0.001296208548782237,-0.0029000504197563073
set_cover_cw_tour,244.0,1.2350540088264923,-28.498326674172237,33.49884792264345,0.26991333343630775,-0.05737870301627148,0.1529404775637195,-0.0057960723002874045,0.001440422401303686,-0.0032673394929792973
set_cover_cw_tour,246.0,1.7617462005024833,-28.61111060684314,33.79737363980287,0.2567810283518325,-0.0553953246908253,0.1455851122257285,-0.006444314780079531,0.001587571145102609,-0.0036346118375553127
set_cover_cw_tour,248.0,2.2608919406179977,-28.719566257137583,34.0804533674619,0.2423671200243846,-0.053049453998106386,0.1374944946535666,-0.0070919836903520096,0.0017376521920181456,-0.004001865573064705
set_cover_cw_tour,250.0,2.7299306163751256,-28.822956984976834,34.346616682927205,0.2266742076539368,-0.05032943755436504,0.12866870724961782,-0.007739075715066032,0.001890662938876162,-0.0043690988191831
set_cover_cw_tour,252.0,3.16630685306136,-28.92052286057348,34.59439333583477,0.20970493011973457,-0.04722363906459004,0.11910783994074195,-0.008385587541136426,0.002046600767502577,-0.004736309695691023
set_cover_cw_tour,254.0,3.5674705933649804,-29.01148069881837,34.82231326319817,0.19146196593707937,-0.043720439531951275,0.10881199017758504,-0.009031515858448606,0.00220546304473677,-0.005103496322483537
set_cover_cw_tour,256.0,3.9308771766036346,-29.09502409408623,35.02890660445538,0.1719480332137393,-0.03980823746701902,0.09778126293383212,-0.009676857359875531,0.0023672471224450596,-0.005470656819579864
set_cover_cw_tour,258.0,4.253987417865365,-29.170323455459492,35.21270371651409,0.15116588960598784,-0.035475449096757955,0.0860157707054022,-0.010321608741294635,0.0025319503375342634,-0.005837789307133001
set_cover_cw_tour,260.0,4.534267687061343,-29.23652604236988,35.3722351887953,0.12911833227427086,-0.030710508573294187,0.0735156335095855,-0.010965766701604743,0.002699570011965334,-0.006204891905439359
set_cover_cw_tour,262.0,4.769189987889565,-29.292756000657313,35.506031858275136,0.10580819783850237,-0.025501868182453306,0.06028097888412283,-0.011609327942742966,0.0028701034527670683,-0.006571962734948381
set_cover_cw_tour,264.0,4.956232036708772,-29.338114399045637,35.612624824524794,0.08123836233298937,-0.019837998552067786,0.04631194188622737,-0.0122522891697016,0.003043547952049897,-0.006938999916272162
set_cover_cw_tour,266.0,5.092877341321845,-29.37167926603475,35.690545464748446,0.05541174116098624,-0.013707388860051796,0.03160866509154858,-0.012894647090544989,0.003219900787019747,-0.0073060015701950755
set_cover_cw_tour,268.0,5.176615279667939,-29.392505627208642,35.73832544881903,0.028331289048878966,-0.0070985470422416375,0.016171298593078448,-0.013536398416426378,0.003399159219991986,-0.007672965817683396
set_cover_cw_tour,270.0,5.204941178422618,-29.39962554295888,35.75449675431181,-3.191891195797325e-16,2.0816681711721685e-17,-4.163336342344337e-17,-0.014177539861604754,0.003581320498405434,-0.008039890779894912
set_cover_cw_tour,272.0,5.20441087523215,-29.36920362170949,35.7853299516688,-0.0005073580255967709,0.030422303921139048,0.03083318420160429,-0.0003080834924315658,0.015210551993223466,0.01546237067256076
set_cover_cw_tour,274.0,5.203069279433878,-29.27931563658478,35.87643020298585,-0.000812333520044761,0.059465911229501026,0.06026702824630083,-0.0002741664250040343,0.014520285817432197,0.014762778929458762
set_cover_cw_tour,276.0,5.201308653175485,-29.132720170649552,36.02499852488526,-0.0009274297861934967,0.08712964151636719,0.08830123026444907,-0.00024337768590979632,0.013829873229594865,0.014063111601521594
set_cover_cw_tour,278.0,5.199496249418376,-28.932178082883848,36.22823534458047,-0.0008651526754362447,0.11341239927715382,0.11493550271705044,-0.00021571743278595836,0.013139328387219639,0.013363372271017868
set_cover_cw_tour,280.0,5.197974307064797,-28.680452338362112,36.483340528539514,-0.0006380103635034824,0.13831317392379258,0.14016957239795796,-0.0001911858072519072,0.01244866544849182,0.012663564520584855
set_cover_cw_tour,282.0,5.1970600465333945,-28.380307838408775,36.787513411152865,-0.00025851312623719483,0.16183103979595118,0.1640031804359756,-0.00016978293490857877,0.01175789857220136,0.011963691933210126
set_cover_cw_tour,284.0,5.197045665783223,-28.034511250732553,37.13795282340534,0.00026082688465200006,0.1839651561710943,0.18643608229684763,-0.00015150892533782076,0.011067041917670358,0.011263758092213222
set_cover_cw_tour,286.0,5.1981983367862705,-27.64583083954177,37.53185712155185,0.0009074958658429502,0.2047147672733846,0.20746804778513797,-0.0001363638721018274,0.010376109644680588,0.01056376658122729
set_cover_cw_tour,288.0,5.200760202448502,-27.217036295643073,37.966424215796835,0.0016689785866753066,0.224079202281424,0.22709886104599913,-0.00012434785274266372,0.009685115913400972,0.009863720984180754
set_cover_cw_tour,290.0,5.204948373979466,-26.750898566525787,38.43885159897711,0.0025327586134321466,0.24205787533483475,0.24532832056683135,-0.00011546092878186561,0.00899407488431511,0.00916362488527896
set_cover_cw_tour,292.0,5.210954928710468,-26.25018968643429,38.94633637524792,0.0034863185336319017,0.2586502855396808,0.26215623917883146,-0.00010970314572012634,0.00830300071814875,0.008463481868985809
set_cover_cw_tour,294.0,5.2189469083613425,-25.7176826064307,39.486075288771985,0.004517140180327623,0.2738560169727287,0.2775824440584315,-0.00010707453303706541,0.007611907575797316,0.007763295520005421
set_cover_cw_tour,296.0,5.2290663177558265,-25.156151024450192,40.05526475241132,0.005612704856411628,0.2876747386845492,0.29160677672862745,-0.00010757510419107347,0.006920809618253384,0.00706306942326378
set_cover_cw_tour,298.0,5.241430123985544,-24.568369215351296,40.651100876421566,0.006760493558923546,0.3001062047014575,0.30422909306019746,-0.00011120485661924597,0.0062297210065341765,0.0063628071638903855
set_cover_cw_tour,300.0,5.256130256022609,-23.957111860963437,41.270779497148716,0.007947987203359793,0.3111502540262948,0.3154492632728103,-0.00011796377173739687,0.005538655901609071,0.005662512327199866
set_cover_cw_tour,302.0,5.2732336047808515,-23.325153880134106,41.91149620572787,0.009162666847982523,0.3208068106380487,0.3252671719360232,-0.00012785181494015226,0.004847628464327097,0.004962188498673668
set_cover_cw_tour,304.0,5.292782023625654,-22.67527025877794,42.570446376783934,0.01039201391812607,0.3290758834903139,0.33368271797016996,-0.00014086893560112744,0.004156652855344415,0.004261839263941664
set_cover_cw_tour,306.0,5.314792329332398,-22.010235879930026,43.24482519713395,0.01162351043049892,0.3359575665085928,0.3406958146471384,-0.00015701506707318808,0.003465743235051838,0.0035614682087638065
set_cover_cw_tour,308.0,5.339256303493512,-21.332825353805788,43.93182769449089,0.01284463921747924,0.3414520385864361,0.34630638959103793,-0.00017629012668878865,0.002774913763502313,0.002861078919011762
set_cover_cw_tour,310.0,5.366140694374094,-20.645812847869735,44.62864876616868,0.014042884151402002,0.34555956358042306,0.35051438477875696,-0.00019869401576039908,0.002084178600338434,0.0021606749806505725
set_cover_cw_tour,312.0,5.395387219216108,-19.95197191691541,45.33248320778819,0.015205730368835733,0.3482804903039824,0.3533197565404097,-0.00022422661958100673,0.0013935519047199266,0.0014602599797202617
set_cover_cw_tour,314.0,5.426912566991117,-19.254075333158873,46.04052574198405,0.01632066449484691,0.3496152525200525,0.35472247555967334,-0.0002528878074247057,0.0007030478352511834,0.0007598375023175064
set_cover_cw_tour,316.0,5.46060840160153,-18.554894916347997,46.74997104711203,0.017375174867250046,0.34956436893258236,0.35472252687401445,-0.0002846774325473651,1.2680549908753001e-05,5.941113457725786e-05
set_cover_cw_tour,318.0,5.496341365530337,-17.85720136388995,47.45801378595671,0.0183567517608415,0.3481284431768726,0.3533199098748056,-0.000319595332187382,-0.0006775357940311536,-0.0006410155373456142
set_cover_cw_tour,320.0,5.533953083939285,-17.163764080999133,48.16184863443936,0.019252887611615012,0.3453081638087565,0.35051463830733154,-0.00035764132756651147,-0.0013675870400651372,-0.001341438927294684
set_cover_cw_tour,322.0,5.573260169215479,-16.47735101086793,48.85867031032562,0.020051077240957064,0.34110430429262206,0.3463067402706851,-0.0003988152238907861,-0.002057459032535087,-0.00204185544913032
set_cover_cw_tour,324.0,5.614054225966339,-15.800728464862564,49.54567360193296,0.020738818079820007,0.33551772298827387,0.34069625821755317,-0.00044311681035151,-0.0027471376167006708,-0.0027422615167480673
set_cover_cw_tour,326.0,5.656101856462888,-15.136660952746386,50.22005339683753,0.02130361039287106,0.32854936313663596,0.3336832489538922,-0.0004905458601263404,-0.0034366086388117893,-0.0034426535440969953
set_cover_cw_tour,328.0,5.699144666531304,-14.487911012932935,50.87900471058027,0.021732957502615183,0.3202002528442956,0.32526778363849357,-0.0005411021303804472,-0.0041258579461810625,-0.0041430279451980506
set_cover_cw_tour,330.0,5.742899271892701,-13.857239042771052,51.51972271537207,0.02201436601348986,0.3104715050668875,0.3154499477824389,-0.000594785362267757,-0.004814871387256276,-0.0048433811341624285
set_cover_cw_tour,332.0,5.787057304951057,-13.247403128864391,52.139402768797694,0.022135346035929822,0.2993643175913192,0.3042298412484448,-0.0006515952809322789,-0.005503634811692845,-0.005543709525209934
set_cover_cw_tour,334.0,5.831285422029253,-12.661158877427638,52.73524044251831,0.022083411410399757,0.28687997301683815,0.291607578250098,-0.0007115315955095111,-0.006192134070426255,-0.006244009532687332
set_cover_cw_tour,336.0,5.875225311053129,-12.101259244681753,53.30443155097235,0.02184607993139302,0.2730198387349392,0.27758328735097937,-0.0007745939991279304,-0.00688035501574451,-0.006944277571086715
set_cover_cw_tour,338.0,5.918493699683518,-11.570454367290557,53.84417218007454,0.021410873571394384,0.2577853669081142,0.2621571114636789,-0.0008407821689105633,-0.007568283501360573,-0.007644510055063846
set_cover_cw_tour,340.0,5.960682363896153,-11.071491392840981,54.3516587159128,0.02076531870480489,0.2411780944474435,0.2453292078486997,-0.0009100957659766387,-0.008255905382484783,-0.00834470339945654
set_cover_cw_tour,342.0,6.001358137009393,-10.607114310369287,54.824087873442934,0.01989694633182678,0.2231996429890286,0.22709974811325184,-0.0009825344354433235,-0.008943206515897284,-0.009044854019302988
set_cover_cw_tour,344.0,6.040062919159677,-10.180063780935575,55.25865672518071,0.0187932923023066,0.2038517188692675,0.2074689182099366,-0.0010580978064275398,-0.009630172760020437,-0.009744958329860148
set_cover_cw_tour,346.0,6.0763136872246175,-9.79307696824891,55.6525627298912,0.017441897539534467,0.18313611309897215,0.18643691843531993,-0.0011367854920478631,-0.010316789974991214,-0.010445012746622065
set_cover_cw_tour,348.0,6.109602505193646,-9.448887369345366,56.003003761275245,0.015830308263997565,0.16105470133632835,0.16400396342839613,-0.0012185970894265034,-0.011003044022733619,-0.011145013685338238
set_cover_cw_tour,350.0,6.139396534986122,-9.150224645321304,56.307178136652624,0.013946076217085886,0.13760944385869847,0.1401702821689413,-0.0013035321796913682,-0.01168892076703104,-0.011844957562031983
set_cover_cw_tour,352.0,6.165138047716803,-8.899814452124204,56.5622846456419,0.011776758884748254,0.11280238553326719,0.1149361179757567,-0.0013915903279782065,-0.012374406073598652,-0.012544840793018758
set_cover_cw_tour,354.0,6.186244435408574,-8.700378271403364,56.765522578836624,0.009309919721096682,0.08663565578653032,0.08830172850480178,-0.0014827710834328363,-0.013059485810155778,-0.01324465979492454
set_cover_cw_tour,356.0,6.202108223152335,-8.554633241422778,56.91409175647765,0.006533128371957085,0.059111468572627335,0.060267385747217524,-0.0015770739792134517,-0.013744145846498239,-0.013944410984704139
set_cover_cw_tour,358.0,6.212097081713926,-8.4652919880385,57.00519255712147,0.003433960898364381,0.030232122340517482,0.030833376027239325,-0.0016744985324930138,-0.014428372054570704,-0.014644090779659575
set_cover_cw_tour,360.0,6.215553840588,-8.435062455742822,57.03602594630417,4.0766001685454967e-17,3.122502256758253e-17,1.3877787807814457e-17,-0.0017750442444617231,-0.015112150308539025,-0.015343695597458394
set_cover_cw_tour,362.0,6.172075255569647,-8.422526594159677,57.00802386029441,-0.043469160841759835,0.012568647941828569,-0.02800207406229236,-0.02177257496812609,0.006235133749678313,-0.013928043406970686
set_cover_cw_tour,364.0,6.043716079827785,-8.385166010568481,56.925288472053104,-0.0848809362972324,0.024823170237235754,-0.05473327887884574,-0.02077163689487795,0.005982039856584254,-0.013292679926675622
set_cover_cw_tour,366.0,5.834586044198027,-8.32362731204872,56.79036179413488,-0.12424037488483827,0.036745214907390605,-0.08019334147110663,-0.019772173485957573,0.0057244195864974345,-0.012657248388393235
set_cover_cw_tour,368.0,5.548784720784761,-8.238593773327317,56.605786372036725,-0.16155258680296186,0.0483164663302135,-0.104382001875481,-0.018774189858577473,0.005462279624543778,-0.012021752045507478
set_cover_cw_tour,370.0,5.190401399703064,-8.130785263739863,56.374105258166075,-0.19682274382802317,0.05951864556555761,-0.12729901314532893,-0.017777691122373727,0.0051956266789898505,-0.0113861941517341
set_cover_cw_tour,372.0,4.763514966025049,-8.000958173542031,56.09786198580501,-0.23005607921197274,0.0703335106798591,-0.14894414135285922,-0.016782682379379847,0.004924467481208509,-0.010750577961103987
set_cover_cw_tour,374.0,4.272193776931798,-7.84990533957221,55.779600543070735,-0.26125788757921065,0.08074285707025322,-0.169317165590924,-0.01578916872400062,0.004648808785644441,-0.010114906727946515
set_cover_cw_tour,376.0,3.7204955390720307,-7.678455970266452,55.42186534687261,-0.2904335248229304,0.09072851778815338,-0.1884178779747135,-0.014797155242986077,0.004368657369779582,-0.009479183706872852
set_cover_cw_tour,378.0,3.1124671861286624,-7.487475570026797,55.027201216865826,-0.31758840800088867,0.10027236386229053,-0.20624608364335056,-0.013806647015405382,0.004084020034098417,-0.008843412152759345
set_cover_cw_tour,380.0,2.452144756594393,-7.277865862944065,54.5981533494021,-0.34272801523060203,0.10935630462120982,-0.22280160076138553,-0.012817649112620885,0.003794903602053159,-0.00820759532073081
set_cover_cw_tour,382.0,1.7435532717574773,-7.050564715876193,54.137267291477336,-0.36585788558397103,0.11796228801522186,-0.2380842605201906,-0.011830166598262123,0.0035013149200288124,-0.007571736466143893
set_cover_cw_tour,384.0,0.990706613898817,-6.806546060883223,53.64708891467675,-0.3869836189813334,0.1260723009378057,-0.25209390713925467,-0.010844204528199909,0.003203260857308125,-0.006935838844570386
set_cover_cw_tour,386.0,0.19760740470151728,-6.546819817020033,53.13016438911738,-0.40611087608494634,0.13366836954646072,-0.2648303978673777,-0.009859767950520432,0.002900748306036415,-0.006299905711780572
set_cover_cw_tour,388.0,-0.6317531161259511,-6.272431811487919,52.589040157388375,-0.42324537819189995,0.14073255958300462,-0.2762936029837654,-0.008876861905499437,0.0025937841811862787,-0.005663940323726548
set_cover_cw_tour,390.0,-1.4933952120118485,-5.984463700146131,52.02626290848917,-0.4383929071264615,0.14724697669331466,-0.2864834057990235,-0.007895491425576393,0.0022823754205221953,-0.0050279459365255574
set_cover_cw_tour,392.0,-2.3833507704673833,-5.684032887384498,51.444379551765806,-0.4515593051318527,0.1531937667465094,-0.29539970265605225,-0.006915661535328747,0.001966528984564996,-0.004391925806443318
set_cover_cw_tour,394.0,-3.2976634238159175,-5.3722924453582355,50.845937190845504,-0.4627504747614601,0.15855511615356815,-0.3030424029308409,-0.005937377251446177,0.0016462518565562344,-0.0037558831898773497
set_cover_cw_tour,396.0,-4.232388669704027,-5.050431032586094,50.2334830975698,-0.47197237876947973,0.16331325218538537,-0.3094114290331616,-0.0049606435827049215,0.0013215510424224315,-0.0031198213433403076
set_cover_cw_tour,398.0,-5.183593991393285,-4.719672811912957,49.60956468592637,-0.47923104000099753,0.1674504432902569,-0.3145067164071639,-0.003985465529942142,0.0009924335707391986,-0.0024837435234432922
set_cover_cw_tour,400.0,-6.1473589778316455,-4.381277367838038,48.976729485979774,-0.4845325412815055,0.1709489994107959,-0.3183282135318685,-0.003011848086030295,0.0006589064926952558,-0.0018476529868791981
set_cover_cw_tour,402.0,-7.119775443503293,-4.03653962320982,48.337525117801285,-0.48788302530585564,0.17379127230027494,-0.32087588192156175,-0.0020397962358515887,0.0003209768820563383,-0.0012115529904060222
set_cover_cw_tour,404.0,-8.096947548055839,-3.686789755288888,47.694499265398086,-0.48928869452665164,0.17595965583839218,-0.32214969612608907,-0.0010693149562724497,-2.1348164871039157e-05,-0.0005754467908301968
set_cover_cw_tour,406.0,-9.074991915703743,-3.3333931111798063,47.050199650641936,-0.4887558110420803,0.17743658634645823,-0.322149643731049,-0.00010040921611806234,-0.0003680615292758929,6.066235501008682e-05
set_cover_cw_tour,408.0,-10.050037754406834,-2.9777501226332017,46.40717400719755,-0.4862906964831828,0.1782045429020015,-0.32087572535788683,0.0008669160238531167,-0.0007191560698792388,0.0006967711902615484
set_cover_cw_tour,410.0,-11.018226974822815,-2.621296220219223,45.76797005445089,-0.4818997319005672,0.17824604765278879,-0.3183279546638885,0.0018326558109747007,-0.0010746246229706455,0.001332876458072502
set_cover_cw_tour,412.0,-11.975714309032641,-2.265501746873544,45.13513547143763,-0.4755893576505634,0.1775436661302588,-0.31450635834207386,0.0027968052006977686,-0.0014344600024449095,0.0019689749016095232
set_cover_cw_tour,414.0,-12.918667429037638,-1.9118718708170912,44.51121787077181,-0.46736607328082125,0.17608000756236533,-0.3094109761209901,0.003759359256616166,-0.0017986549998388567,0.002605063264074132
set_cover_cw_tour,416.0,-13.843267065027273,-1.5619464978506756,43.89876477257514,-0.45723643741535236,0.173837725185828,-0.3030418607644054,0.0047203130504918,-0.0021672023843682395,0.0032411382887194643
set_cover_cw_tour,418.0,-14.745707123416452,-1.217300183025719,43.30032357840693,-0.4452070676390178,0.17079951655778705,-0.295399078070902,0.005679661662279836,-0.0025400949029647656,0.003877196718866936
set_cover_cw_tour,420.0,-15.622194804651228,-0.8795420416922688,42.71844154519494,-0.4312846403814617,0.16694812386686034,-0.2864827068733693,0.006637400180153907,-0.0029173252803132267,0.0045132352979229354
set_cover_cw_tour,422.0,-16.46895072078184,-0.5503156599254985,42.15566575916739,-0.415475890800492,0.16226633424359888,-0.2762928390383972,0.007593523700531278,-0.0032988862188887626,0.005149250769395481
set_cover_cw_tour,424.0,-17.28220901280195,-0.23129900433190143,41.61454310978624,-0.3977876126649097,0.15673698007033887,-0.264829579465569,0.008548027328097922,-0.003684770398994201,0.005785239876910906
set_cover_cw_tour,426.0,-18.058217467752986,0.07579566876361393,41.097620263682,-0.37822665823678703,0.1503429392904474,-0.2520930460866544,0.00950090617583361,-0.004074970478797556,0.006421199364230527
set_cover_cw_tour,428.0,-18.793237635592508,0.3692219047485114,40.60744363859027,-0.3567999381531964,0.14306713571695862,-0.23808336986470222,0.010452155365036903,-0.0044694790943696,0.007057125975267306
set_cover_cw_tour,430.0,-19.48354494582546,0.6471991427700756,40.14655937729013,-0.3335144213073901,0.13489253934059842,-0.2228006947930335,0.011401770025350172,-0.004868288859721582,0.007693016454102544
set_cover_cw_tour,432.0,-20.125428823897252,0.907912808398295,39.71751332154476,-0.3083771347294332,0.12580216663719423,-0.20624517789413405,0.012349745294784487,-0.0052713923668430375,0.008328867545002526
set_cover_cw_tour,434.0,-20.71519280734755,1.1495144069029486,39.32285098604424,-0.28139516346628873,0.11577908087446775,-0.18841698921844727,0.01329607631974455,-0.00567878218573971,0.008964675992435205
set_cover_cw_tour,436.0,-21.24915466172369,1.370121617143657,38.96511753235099,-0.25257565046135855,0.1048063924182075,-0.1693163118430668,0.014240758255053523,-0.006090450864471605,0.009600438541086867
set_cover_cw_tour,438.0,-21.723646496252655,1.5678183860716581,38.64685774284782,-0.22192579643347854,0.09286725903781881,-0.14894334187032923,0.015183786263977836,-0.006506390929191134,0.0102361519358788
set_cover_cw_tour,440.0,-22.13501487927045,1.740655023842057,38.370615994688976,-0.1894528597553714,0.07994488621124848,-0.12729828842630664,0.016125155518251957,-0.006926594884181386,0.010871812921983954
set_cover_cw_tour,442.0,-22.47962095340789,1.8866482995352976,38.13893623375422,-0.15516415633155628,0.06602252742928129,-0.10438137365919928,0.017064861198103125,-0.007351055211894502,0.011507418244843614
set_cover_cw_tour,444.0,-22.75384055053162,2.0037815374865957,37.954361948606326,-0.11906705947571741,0.051083484499205835,-0.08019283273762817,0.018002898492275994,-0.007779764372990167,0.012142964650184055
set_cover_cw_tour,446.0,-22.954064306439385,2.090004714222074,37.81943614445199,-0.08116899978753259,0.03511110784784702,-0.0547329138488278,0.018939262598057293,-0.008212714806374205,0.012778448884033207
set_cover_cw_tour,448.0,-23.07669777530836,2.1432345560003228,37.736701317106515,-0.0414774650289621,0.018088796823962423,-0.028001878196738703,0.019873948721300418,-0.008649898929237303,0.01341386769273732
set_cover_cw_tour,450.0,-23.118161543895567,2.1613546369581176,37.708699426962404,1.1796119636642288e-16,-6.938893903907228e-18,-1.9081958235744878e-16,0.02080695207644995,-0.009091309137093825,0.01404921782297761
set_cover_cw_tour,452.0,-23.125121039933262,2.225423106423691,37.71416096078745,-0.006911177748133185,0.06407368218061701,0.005461531494811451,-0.0034392917831526076,0.03202896734856553,0.002779034854862714
set_cover_cw_tour,454.0,-23.145207946028894,2.4147702339738664,37.73029770068336,-0.013129590959818447,0.12527813557103248,0.010675201516136752,-0.0032345932390219385,0.030579501039476917,0.0026551179937888865
set_cover_cw_tour,456.0,-23.177063044999915,2.7236526438406656,37.756613869609666,-0.018681553480163652,0.18360846183073345,0.01564095618202284,-0.003036505971259887,0.029129123333127192,0.0025311875386175723
set_cover_cw_tour,458.0,-23.219379760975773,3.1463173425209465,37.792613585300316,-0.023593392708457443,0.23905994157529323,0.020358744148870324,-0.0028450309940653068,0.027677864150934477,0.002407244123867726
set_cover_cw_tour,460.0,-23.27090418603294,3.677002076758228,37.837800865340775,-0.027891449124827574,0.29162803444566554,0.024828516611828885,-0.0026601692877823925,0.026225753418830003,0.0022832883841246523
set_cover_cw_tour,462.0,-23.33043510588316,4.309935691660654,37.891679632245875,-0.03160207581678217,0.34130837917503,0.02905022730517335,-0.0024819217988956525,0.024772821067104905,0.0021593209540367586
set_cover_cw_tour,464.0,-23.396824024614652,5.039338488950198,37.953753718538444,-0.03475163800563801,0.38809679365318817,0.0330238325026603,-0.002310289440025073,0.02331909703025699,0.0020353424683123107
set_cover_cw_tour,466.0,-23.46897518848606,5.859422585338209,38.023526871828615,-0.03736651257283993,0.4319892749885097,0.03674929101786512,-0.002145273089921435,0.021864611246837425,0.0019113535617161738
set_cover_cw_tour,468.0,-23.545845608772936,6.764392271022403,38.10050275989377,-0.039473087586175556,0.47298199956742804,0.04022656420449962,-0.0019868735934618275,0.02040939365929753,0.0017873548690665688
set_cover_cw_tour,470.0,-23.62644508366657,7.7484443683003885,38.184184975759116,-0.041097761825889485,0.5110713231114853,0.04345561595671008,-0.0018350917616453068,0.018953474213835402,0.0016633470252318252
set_cover_cw_tour,472.0,-23.70983621922492,8.805768590294843,38.27407704277883,-0.04226694431070111,0.5462537807319255,0.04643641270935585,-0.0016899283715887563,0.017496882860242646,0.0015393306651271203
set_cover_cw_tour,474.0,-23.795134449375503,9.930547899785408,38.36968241971776,-0.043007053823730254,0.5785260869818364,0.049168923438268355,-0.0015513841665229036,0.016039649551750995,0.0014153064237112365
set_cover_cw_tour,476.0,-23.881508054970062,11.116958868142426,38.47050450583361,-0.04334451843833471,0.607885135905838,0.0516531196604907,-0.0014194598557885141,0.014581804244878975,0.001291274935983309
set_cover_cw_tour,478.0,-23.96817818189079,12.359172034357599,38.57604664595956,-0.043305775043863924,0.6343280010873198,0.05388897543449767,-0.0012941561148327575,0.013123376899278507,0.0011672368369795732
set_cover_cw_tour,480.0,-24.054418858208,13.65135226416667,38.68581213558736,-0.04291726887133301,0.6578519356932232,0.05587646736039627,-0.0011754735852057582,0.011664397477581532,0.001043192761770114
set_cover_cw_tour,482.0,-24.13955701038908,14.987659109259212,38.79930422595078,-0.04220545301902108,0.6784543725163719,0.05761557458010668,-0.0010634128745572982,0.010204895945246609,0.0009191433454556145
set_cover_cw_tour,484.0,-24.22297247855855,16.362247166570626,38.91602612910936,-0.041196787977998334,0.6961329240153474,0.059106278777523814,-0.0009579745566337182,0.008744902270405471,0.0007950892231641032
set_cover_cw_tour,486.0,-24.304098030809108,17.769266437651442,39.03548102303257,-0.03991774115758579,0.7108853823519108,0.06034856417865921,-0.0008591591712749668,0.007284446423709598,0.0006710310300477042
set_cover_cw_tour,488.0,-24.382419376563547,19.202862688108993,39.15717205668409,-0.038394786410752064,0.7227097194259694,0.06134241755176355,-0.0007669672244118521,0.005823558378176776,0.000546969401279383
set_cover_cw_tour,490.0,-24.457475178987398,20.657177807116586,39.28060235510647,-0.03665440355945117,0.7316040869080894,0.06208782820742951,-0.0006813991880634365,0.00436226810903764,0.0004229049720496968
set_cover_cw_tour,492.0,-24.52885706645218,22.126350166985233,39.405275024505826,-0.03472307791990563,0.7375668162695527,0.06258478799867523,-0.00060245550033463,0.0029006055935821805,0.0002988383775635391
set_cover_cw_tour,494.0,-24.596209643049185,23.604514982793038,39.53069315733683,-0.03262729982783904,0.7405964188099585,0.06283329132100818,-0.0005301365654139435,0.001438600811006279,0.00017477025303689123
set_cover_cw_tour,496.0,-24.65923049815368,25.085804672067344,39.65635983738767,-0.030393564163662207,0.7406915856823695,0.0628333351124695,-0.0004644427535714186,-2.3716257741779513e-05,5.070123369356732e-05
set_cover_cw_tour,498.0,-24.71767021503941,26.564349214514696,39.781778144865186,-0.028048369877617076,0.7378511879160018,0.06258491885365886,-0.00040537440115673415,-0.001486315630114829,-7.336804523803671e-05
set_cover_cw_tour,500.0,-24.771332378543395,28.034276511793756,39.906451161479986,-0.025618219514882596,0.7320742764364592,0.062088044567739774,-0.00035293181059748075,-0.002949167322120336,-0.0001974369485281957
set_cover_cw_tour,502.0,-24.820073581780875,29.489712747326198,40.02988197553155,-0.023129618740646698,0.723360082083511,0.06134271682042541,-0.0003071152503976171,-0.004412241348473857,-0.00032150484094910876
set_cover_cw_tour,504.0,-24.86380343191036,30.924782746140732,40.15157368699331,-0.02060907586514855,0.7117080156264135,0.06034894271994482,-0.00026792495513609,-0.00587550772275264,-0.00044557108727814876
set_cover_cw_tour,506.0,-24.902484554948767,32.333610334745295,40.27102941259762,-0.018083101368695266,0.697117667776775,0.05910673191698974,-0.00023536112546563822,-0.0073389364575491165,-0.0005696350523011189
set_cover_cw_tour,508.0,-24.936132599636554,33.71031870102252,40.38775229092062,-0.01557820742665721,0.6795888091989641,0.05761609660464178,-0.00020942392811176087,-0.008802497564624416,-0.0006936961008155002
set_cover_cw_tour,510.0,-24.964816240352818,35.04903075414357,40.50124548746693,-0.013120907434446112,0.6591213905180613,0.05587705151828016,-0.00019011349587186733,-0.010266161055061961,-0.0008177535976337073
set_cover_cw_tour,512.0,-24.98865717908035,36.343869484495414,40.611012199754114,-0.01073771553248012,0.6357155423253537,0.05388961393546987,-0.0001774299276145943,-0.011729896939420946,-0.00094180690758634
set_cover_cw_tour,514.0,-25.007830146420606,37.58895832361664,40.716555662396935,-0.008455146131139984,0.6093715751813729,0.05165380367583037,-0.00017137328827930218,-0.013193675227889935,-0.001065855395525433
set_cover_cw_tour,516.0,-25.022562901658585,38.778421504136865,40.817379152191336,-0.00629971343572053,0.5800899796164762,0.049169643100884695,-0.00017194360887574152,-0.014657465930440358,-0.001189898426327711
set_cover_cw_tour,518.0,-25.033136231877602,39.906384419714904,40.91298599319804,-0.004297930971381593,0.5478714261289709,0.04643715711388913,-0.0001791408864838933,-0.016121239056980104,-0.0013139353648978379
set_cover_cw_tour,520.0,-25.039883950123976,40.966973984970664,41.002879561825864,-0.0024763111081025895,0.5127167651807806,0.04345637315964326,-0.00019296508425398532,-0.01758496461750706,-0.0014379655761716712
set_cover_cw_tour,522.0,-25.04319289262163,41.954318995405956,41.086563291914565,-0.0008613645856448853,0.47462702719065647,0.04022732122428066,-0.00021341613140668026,-0.019048612622262626,-0.00156198842511951
set_cover_cw_tour,524.0,-25.043502915036623,42.86255048730926,41.16354067981731,0.0005203999614738653,0.4336034225249303,0.03675003383503988,-0.00024049392323343799,-0.02051215308188529,-0.0016860032767493495
set_cover_cw_tour,526.0,-25.041306887791656,43.685802097639545,41.23331528948263,0.0016424764789892375,0.3896473414858112,0.03302454606001608,-0.0002741983210970522,-0.021975556007564172,-0.00181000949611013
set_cover_cw_tour,528.0,-25.037150690430572,44.418210423884226,41.29539075753586,0.002478361967879249,0.34276035429722573,0.029050895507893047,-0.0003145291524323594,-0.023438791411192567,-0.001934006448294989
set_cover_cw_tour,530.0,-25.031633205032897,45.05391538388632,41.349270798360045,0.003001556959329093,0.2929442110882014,0.024829122327655793,-0.00036148621074712304,-0.02490182930552146,-0.0020579934984445124
set_cover_cw_tour,532.0,-25.025406308678487,45.58706057563597,41.39445920917622,0.0031855659896672236,0.24020084187379348,0.020359269208283556,-0.0004150692556230908,-0.026364639704313093,-0.0021819700117499826
set_cover_cw_tour,534.0,-25.019174864962338,46.01179363702128,41.43045987512309,0.0030038980752686286,0.18453235653355596,0.015641381378423348,-0.00047527801271722456,-0.02782719262249446,-0.0023059353534566314
set_cover_cw_tour,536.0,-25.013696714559615,46.322266605533734,41.456776774336014,0.002430067187421114,0.12594104478755605,0.010675506606044001,-0.0005421121737631069,-0.029289458076310847,-0.002429888888866888
set_cover_cw_tour,538.0,-25.009782664840994,46.512636277923114,41.47291398302528,0.0014375927271504411,0.06442937616993288,0.005461695198070694,-0.0006155713965725171,-0.030751406083479368,-0.0025538299833436297
set_cover_cw_tour,540.0,-25.00829647853841,46.5770645697971,41.478375680553654,1.4116312285761268e-16,4.440892098500626e-16,-1.1275702593849246e-17,-0.0006956553050371853,-0.03221300666334242,-0.0026777580023134313
set_cover_cw_tour,542.0,-24.979469682274836,46.578956246847895,41.491045701421065,0.02882824354792169,0.0018699335177751533,0.012670015461571215,0.014507975842627977,0.0009675804349104002,0.006388105063653299
set_cover_cw_tour,544.0,-24.894290626033705,46.5843316346637,41.5284807499863,0.05635213964554987,0.003484694561402359,0.024765017131498836,0.013851641038902044,0.0009037492656308779,0.006100630357506702
set_cover_cw_tour,546.0,-24.755368854290417,46.59269223312187,41.589530673779514,0.08257084431224751,0.00485612859310279,0.03628488061394861,0.013195236849948087,0.0008428884758611339,0.00581312441637771
set_cover_cw_tour,548.0,-24.565315559192687,46.60356323739565,41.67304507742781,0.10748355385750731,0.005996085416132495,0.047229487401805936,0.012538766636529187,0.0007849983719973201,0.005525588712285188
set_cover_cw_tour,550.0,-24.326743499972725,46.61649354642341,41.77787333443358,0.1310895048884471,0.006916418962014532,0.05759872487758739,0.01188223375974647,0.0007300792452257987,0.005238024717400394
set_cover_cw_tour,552.0,-24.04226692234481,46.63105577095248,41.902864598954665,0.15338797431692672,0.00762898707773461,0.067392486314307,0.011225641581021894,0.0006781313715216458,0.00495043390403943
set_cover_cw_tour,554.0,-23.714501477889026,46.64684624115715,42.04686781758616,0.17437827936628644,0.008145651312902555,0.07661067087629733,0.010568993462081039,0.000629155011647243,0.0046628177446557135
set_cover_cw_tour,556.0,-23.34606414342186,46.663485013831114,42.20873174114384,0.1940597775777069,0.008478276706881466,0.08525318361998527,0.009912292764935902,0.0005831504111509389,0.004375177711832425
set_cover_cw_tour,558.0,-22.939573140354497,46.680615879154054,42.387304936449084,0.2124318668161904,0.00863873157588644,0.09331993549462261,0.009255542851867677,0.0005401178003657949,0.0040875152782749785
set_cover_cw_tour,560.0,-22.49764785403952,46.69790636703242,42.5814357981152,0.22949398527616366,0.008638887300054708,0.10081084334297138,0.008598747085409546,0.0005000573944084033,0.003799831916803483
set_cover_cw_tour,562.0,-22.02290875310677,46.71504775301432,42.78997256033511,0.24524561148670193,0.008490618110489097,0.10772582990194388,0.007941908828329448,0.0004629693931777882,0.003512129100345195
set_cover_cw_tour,564.0,-21.517977308789142,46.73175506377848,43.01176330867023,0.25968626431637437,0.008205800876276632,0.11406482380319749,0.007285031443612873,0.00042885398135437936,0.0032244083019269763
set_cover_cw_tour,566.0,-20.985475914239096,46.74776708219722,43.24565599184054,0.2728155029777108,0.007796314891484197,0.11982775957368423,0.006628118294445654,0.0003977113283990703,0.00293667099466776
set_cover_cw_tour,568.0,-20.428027803836567,46.76284635197337,43.490498433515675,0.2846329270312895,0.0072740416621330925,0.12501457763615498,0.005971172744196728,0.000369541588552346,0.0026489186517710027
set_cover_cw_tour,570.0,-19.84825697248911,46.776779181851154,43.74513834410696,0.29513817638944656,0.006650864693154379,0.12962522430961854,0.0053141981564009235,0.00034434490083349765,0.0023611527465171407
set_cover_cw_tour,572.0,-19.248788094924997,46.78937564940093,44.00842333256038,0.3043309313196061,0.005938669275326861,0.1336596518097553,0.0046571978947417434,0.00032212138903990834,0.002073374752256053
set_cover_cw_tour,574.0,-18.63224644498003,46.80046960437784,44.27920091815029,0.3122109124472318,0.005149342272199591,0.13711781824928573,0.004000175323034145,0.00030287116174641945,0.0017855861423995093
set_cover_cw_tour,576.0,-18.00125781487884,46.80991867165423,44.55631854227379,0.3187778807583996,0.004294771907000768,0.13999968763829349,0.0033431338052072965,0.00028659431230477605,0.0014977883904136353
set_cover_cw_tour,578.0,-17.3584484345114,46.81760425372594,44.838623580245795,0.3240316376019913,0.0033868475495348847,0.14230522988450334,0.002686076705287388,0.0002732909188431472,0.0012099829698113615
set_cover_cw_tour,580.0,-16.70644489070554,46.82343153279231,45.12496335309449,0.32797202469150966,0.002437459503070015,0.14403442079351375,0.002029007387380375,0.00026296104426572745,0.0009221713541448804
set_cover_cw_tour,582.0,-16.04787404649623,46.82732947241002,45.41418513935732,0.3305989241065143,0.001458498791217091,0.14518724206898417,0.0013719292156547786,0.00025560473625241335,0.0006343550169981057
set_cover_cw_tour,584.0,-15.385362960392328,46.829250818720624,45.705136186877226,0.33191225829367876,0.0004618569448030614,0.14576368131277712,0.0007148455543244422,0.0002512220272585608,0.0003465354319791211
set_cover_cw_tour,586.0,-14.721538805641634,46.82917210125186,45.996663724599166,0.3319119900674686,-0.0005405742112602205,0.14576373202505483,5.775976763131993e-05,0.0002498129345148171,5.8714072712644574e-05
set_cover_cw_tour,588.0,-14.059028789494942,46.82709363329269,46.287614974366775,0.3305981226104405,-0.0015369027711094863,0.1451873936043308,-0.0005993247801717497,0.00025137746002703475,-0.00022910758716752737
set_cover_cw_tour,590.0,-13.40046007246988,46.82303951184208,46.57683716271908,0.327970699473163,-0.002515236961064063,0.1440346713474759,-0.0012564047248382751,0.00025591559057626026,-0.0005169280740260542
set_cover_cw_tour,592.0,-12.74845968761529,46.81705761713148,46.86317753268717,0.32402980457375713,-0.0034636853527585322,0.14230557644967923,-0.0019134767021453285,0.00026342729771880143,-0.0008047459142336046
set_cover_cw_tour,594.0,-12.1056544597769,46.80921961172107,47.14548335559075,0.3187755621970594,-0.004370357076272162,0.14000012600436365,-0.0025705373479107795,0.00027391253778637323,-0.0010925596341743952
set_cover_cw_tour,596.0,-11.474670924865059,46.79962093916974,47.422601942834504,0.31220813699340505,-0.005223362033253246,0.13711834300305623,-0.0032275832980105147,0.0002873712518863218,-0.0013803677602537432
set_cover_cw_tour,598.0,-10.858135249125267,46.78838082227886,47.69338065770412,0.3043277339770328,-0.0060108111100364734,0.13366025633521308,-0.0038846111883956546,0.0003038033659019252,-0.0016681688189056007
set_cover_cw_tour,600.0,-10.258673148412292,46.77564226090977,47.956666927161926,0.2951345985241102,-0.006720816390751468,0.12962590078799918,-0.004541617655109792,0.00032320879049277395,-0.001955961336600107
set_cover_cw_tour,602.0,-9.67890980746861,46.761572029375095,48.21130825364206,0.2846290163703809,-0.007341491370420615,0.12501531704602278,-0.005198599334306208,0.00034558742109522717,-0.0022437438398511308
set_cover_cw_tour,604.0,-9.12146979920792,46.746360673403885,48.45615222684505,0.27281131360843214,-0.007860951168044313,0.11982855169102452,-0.005855552862265091,0.00037093913792294935,-0.0025315148552238135
set_cover_cw_tour,606.0,-8.588977004004516,46.73022250668057,48.690046535531714,0.25968185668458416,-0.008267312739671778,0.11406565720152133,-0.006512474875410764,0.00039926380596752245,-0.0028192729093421158
set_cover_cw_tour,608.0,-8.084054528989252,46.71339560695781,48.911838979316336,0.2452410523954003,-0.008548695091455531,0.10772669195240502,-0.007169362010328906,0.0004305612749991376,-0.0031070165288963588
set_cover_cw_tour,610.0,-7.609324627352867,46.69614181174325,49.12037748045896,0.22948934788381853,-0.008693219492687695,0.10081172021449558,-0.007826210903783767,0.0004648313795673645,-0.0033947442406507653
set_cover_cw_tour,612.0,-7.167408617657426,46.678746713560244,49.31451009565677,0.2124272306349041,-0.008689009688816234,0.09332081215404923,-0.008483018192735399,0.0005020739390019984,-0.0036824545714510106
set_cover_cw_tour,614.0,-6.760926803156631,46.661519654782495,49.49308502783441,0.19405522847122356,-0.008524192114439267,0.08525404383222121,-0.009139780514356861,0.0005422887574139843,-0.003970146048231755
set_cover_cw_tour,616.0,-6.392498391125772,46.64479372204283,49.65495063793323,0.17437390954783996,-0.008186896106275578,0.07661149720448322,-0.009796494506051447,0.0005854756236964217,-0.004257817198024193
set_cover_cw_tour,618.0,-6.064741412202053,46.628925740215976,49.79895545669928,0.15338388234692954,-0.007665254116109464,0.06739326011999576,-0.010453156805469892,0.0006316343115256433,-0.004545466547963593
set_cover_cw_tour,620.0,-5.780272639736075,46.61429626597553,49.92394819647003,0.1310857956720196,-0.00694740192370805,0.05759942632093504,-0.011109764050527602,0.0006807645793623758,-0.004833092625296834
set_cover_cw_tour,622.0,-5.541707509155216,46.6013095809251,50.02877776295966,0.107480338641848,-0.006021478849709185,0.047230095441774755,-0.011766312879421854,0.0007328661704529752,-0.0051206939573899555
set_cover_cw_tour,624.0,-5.351660037339672,46.59039368430366,50.11229326704296,0.0825682406838439,-0.0048756279684780785,0.03628537300852256,-0.012422799930649014,0.0007879388128307412,-0.005408269071735685
set_cover_cw_tour,626.0,-5.212742742011912,46.582000285265345,50.173344036537515,0.056350271527230225,-0.0034979963209307804,0.02476537043791131,-0.013079221843021746,0.0008459822193173112,-0.005695816495960992
set_cover_cw_tour,628.0,-5.127566561140313,46.57660479473347,50.21077962798436,0.028827241195747567,-0.0018767351273226585,0.012670205036545071,-0.013735575255686227,0.0009069960875241293,-0.005983334757834611
set_cover_cw_tour,630.0,-5.098740772357719,46.57470631682916,50.22344983842681,-2.6020852139652106e-16,9.540979117872439e-18,-1.0408340855860843e-16,-0.014391856808139343,0.0009709800998539948,-0.0062708223852745906
set_cover_cw_tour,632.0,-5.071932550122321,46.578582764086384,50.22095125141183,0.02681116508471247,0.0038562250937924946,-0.0024985859489340657,0.013420741566127738,0.001958442475575855,-0.0011850085016067097
set_cover_cw_tour,634.0,-4.992702393949408,46.58983728470879,50.21356889678776,0.05242174951831593,0.007378978896049396,-0.004883765525358463,0.012811899573858207,0.001851015257782878,-0.0011283116633007883
set_cover_cw_tour,636.0,-4.863453127560366,46.60781388368448,50.20152961116224,0.07683009606412546,0.010579210227920249,-0.007155514963438634,0.01220277444772115,0.0017463439759316769,-0.0010716090480844692
set_cover_cw_tour,638.0,-4.686590851810937,46.63187847363582,50.185060277513216,0.10003458482780087,0.013467877874348694,-0.009313811658727493,0.011593369306412749,0.0016444299042788829,-0.001014900946272865
set_cover_cw_tour,640.0,-4.464524869983837,46.661418894549776,50.16438782286597,0.12203363327997731,0.01605595038679619,-0.011358634168337354,0.01098368727006285,0.0015452743029643226,-0.0009581876482091794
set_cover_cw_tour,642.0,-4.199667613036468,46.69584493311356,50.13973921596987,0.14282569627854463,0.01835440588585104,-0.013289962211102922,0.010373731460218989,0.001448878418004563,-0.0009014694442632202
set_cover_cw_tour,644.0,-3.894434564804432,46.7345883416554,50.11134146497475,0.16240926609057563,0.02037423186372457,-0.015107776667735376,0.009763504999830416,0.0013552434812865357,-0.0008447466248299141
set_cover_cw_tour,646.0,-3.551244187161534,46.77710285669019,50.079421615107016,0.1807828724139026,0.022126424986636327,-0.016812059580967507,0.009153011013232097,0.0012643707105612272,-0.0007880194803278177
set_cover_cw_tour,648.0,-3.172517845136982,46.822864217069785,50.044206746345466,0.19794508239834258,0.023621990897089898,-0.018402794155689964,0.008542252626128727,0.0011762613094374462,-0.0007312883011976327
set_cover_cw_tour,650.0,-2.7606797319904954,46.87137018173777,50.00592397109684,0.21389450066657065,0.02487194401604118,-0.019879964759078543,0.007931232965578716,0.001090916467375659,-0.0006745533779007179
set_cover_cw_tour,652.0,-2.3181567942460095,46.92214054708843,49.96480043187115,0.22862976933464124,0.025887307344960784,-0.02124355692071258,0.0073199551599781795,0.0010083373596819006,-0.000617815000917602
set_cover_cw_tour,654.0,-1.8473786566846973,46.974717163929775,49.92106329895672,0.2421495680321574,0.02667911226779236,-0.02249355733268439,0.0067084223390449305,0.0009285251475017585,-0.0005610734607464955
set_cover_cw_tour,656.0,-1.350777547298001,47.02866395405032,49.87493976809511,0.25445261392208773,0.027258398352808515,-0.02362995384969981,0.006096637633802457,0.000851480977814425,-0.0005043290479018055
set_cover_cw_tour,658.0,-0.8307882222013836,47.08356692638955,49.82665705815578,0.26553766172023074,0.027636213154366138,-0.02465273548916978,0.005484604176563874,0.0007772059834268259,-0.00044758205291264646
set_cover_cw_tour,660.0,-0.28984789050950266,47.139034192811735,49.77644240881057,0.2754035037143267,0.02782361201456282,-0.025561892431293032,0.0048723251009159,0.0007057012829678215,-0.00039083276632135384
set_cover_cw_tour,662.0,0.2696038608264846,47.19469598348299,49.72452307820807,0.2840489697828167,0.027831657864796133,-0.02635741601912982,0.0042598035417028045,0.0006369679808824781,-0.00033408147868199483
set_cover_cw_tour,664.0,0.8451251422187828,47.250204661851356,49.671126340647845,0.29147292741324854,0.027671421027227496,-0.027039298758666744,0.003647042635010379,0.0005710071674264134,-0.000277328480558884
set_cover_cw_tour,666.0,1.4342718366792786,47.30523473922972,49.6164794842545,0.2976742817203297,0.027353979016152392,-0.027607534318872622,0.0030340455181498503,0.0005078199186602151,-0.0002205740625250913
set_cover_cw_tour,668.0,2.0345976750916126,47.359482888981354,49.56080980865167,0.30265197546362704,0.026890416339278668,-0.028062117531745458,0.0024208153296418327,0.00044740729644393064,-0.00016381851516095777
set_cover_cw_tour,670.0,2.643654311518298,47.412667960307964,49.50434462263595,0.30640498906491276,0.02629182429891464,-0.028403044392350453,0.001807355209200263,0.0003897703484316312,-0.00010706212905260649
set_cover_cw_tour,672.0,3.258991398542178,47.46453099163998,49.4473112418507,0.3089323406251573,0.025569300793068815,-0.02863031205884911,0.001193668297716319,0.0003349101080660477,-5.030519479045444e-05
set_cover_cw_tour,674.0,3.878156662641514,47.514835223629014,49.38993698645984,0.31023308594116805,0.02473395011646287,-0.028743918852519392,0.0005797577372423394,0.0002828275945732793,6.4519970322742155e-06
set_cover_cw_tour,676.0,4.498695979597999,47.56336611174218,49.33244917882161,0.3103063185218744,0.023796882761459765,-0.02874386425776695,-3.437332902426728e-05,0.00023352381295757473,6.320915582103733e-05
set_cover_cw_tour,678.0,5.118153449936985,47.609931338458274,49.27507514116232,0.3091511696042587,0.022769215218908605,-0.028630148922127438,-0.000648721756757104,0.0001869997539961877,0.00011996599098146169
set_cover_cw_tour,680.0,5.7340714743992205,47.65436082506551,49.218042193250064,0.30676680816893326,0.02166206977890811,-0.028402774656259865,-0.0012632844005168995,0.00014325639423430346,0.00017672221192083053
set_cover_cw_tour,682.0,6.343990829443387,47.69650674306071,49.16157765006852,0.30315244095536265,0.020486574331490363,-0.028061744433931047,-0.001878058113767598,0.00010229469598003855,0.00023347752804957233
set_cover_cw_tour,684.0,6.945450742778724,47.73624352514979,49.10590881949075,0.298307312476732,0.019253862167226642,-0.027607062391991122,-0.002493039748892482,6.411560729951515e-05,0.00029023164878274775
set_cover_cw_tour,686.0,7.535988968927039,47.77346787584938,49.05126299995305,0.2922307050344605,0.017975071777757038,-0.027038733830340115,-0.003108226157210283,2.8720062012005566e-05,0.00034698428354153926
set_cover_cw_tour,688.0,8.113141864813386,47.80809878168942,48.99786747812892,0.28492193873236044,0.01666134665624565,-0.02635676521188559,-0.0037236141889912945,-3.891020314848118e-06,0.00040373514175473513
set_cover_cw_tour,690.0,8.674444465384711,47.84007752101661,48.94594952660305,0.276380371490441,0.015323835097763073,-0.025561164162491375,-0.0043392006934735135,-3.3716734369742196e-05,0.0004604839328602213
set_cover_cw_tour,692.0,9.217430559255751,47.86936767339855,48.89573640154554,0.2666053990583576,0.01397368999959798,-0.024651939470917348,-0.00495498251887876,-6.075618910234725e-05,0.0005172303663064663
set_cover_cw_tour,694.0,9.73963276438147,47.89595512862841,48.84745534038612,0.255596455028506,0.01262206866149948,-0.023629101088750295,-0.005570956512428822,-8.500850772786848e-05,0.0005739741515540105
set_cover_cw_tour,696.0,10.238582603755335,47.91984809533005,48.80133355948857,0.24335301084876093,0.011280132585852073,-0.022492660130325835,-0.006187119520361592,-0.00010647282773153726,0.0006307149980769523
set_cover_cw_tour,698.0,10.71181058113271,47.941077109163416,48.75759825182535,0.22987457583486012,0.009959047277784917,-0.021242628872641438,-0.0068034683879472195,-0.0001251483008730251,0.0006874526153644366
set_cover_cw_tour,700.0,11.156846256778664,47.95969504063005,48.71647658465234,0.2151606971824322,0.008669982045217172,-0.019879020755260483,-0.007419999959504257,-0.0001410340931907879,0.0007441867129221417
set_cover_cw_tour,702.0,11.571218323239485,47.9757771024787,48.678195697183824,0.1992109599786695,0.007424109798841177,-0.018401850380207425,-0.008036711078415821,-0.000154129385006335,0.0008009170002737667
set_cover_cw_tour,704.0,11.952454681137167,47.98942085671079,48.642982698267666,0.18202498721364518,0.006232606852045214,-0.016811133511853996,-0.008653598587145756,-0.0001644333709284264,0.0008576431869625192
set_cover_cw_tour,706.0,12.2980825149862,48.00074622118565,48.61106466406076,0.16360243979127453,0.005106652720777609,-0.01510688707679652,-0.009270659327254788,-0.0001719452598571962,0.0009143649825526013
set_cover_cw_tour,708.0,12.605628369031903,48.00989547582551,48.5826686357047,0.1439430165399205,0.004057429923353944,-0.013289129163724272,-0.009887890139416718,-0.00017666427498820288,0.0009710820966306983
set_cover_cw_tour,710.0,12.872618223109628,48.017033268419944,48.55802161700172,0.12304645422264332,0.003096123780209111,-0.011357879023278936,-0.010505287863434574,-0.00017858965381640666,0.001027794238807464
set_cover_cw_tour,712.0,13.0965775685241,48.022346620029836,48.53735057209096,0.10091252754709407,0.0022339222135959905,-0.009313157067905125,-0.011122849338256809,-0.00017772064814007332,0.0010845011187190082
set_cover_cw_tour,714.0,13.275031483948196,48.02604492999067,48.52088242312501,0.0775410491750521,0.0014820155472324945,-0.007154984871691984,-0.011740571401993477,-0.00017405652406460512,0.0011412024460283837
set_cover_cw_tour,716.0,13.405504711340425,48.028359980515056,48.50884404794678,0.052931869731606344,0.000851596305898742,-0.004883385170205879,-0.01235845089193242,-0.0001675965620062983,0.0011978979304270716
set_cover_cw_tour,718.0,13.485521731880441,48.02954594089442,48.501462277766734,0.027084877813980224,0.00035385901498612214,-0.0024983818603141568,-0.01297648464455547,-0.00015834005669602727,0.001254587281636469
set_cover_cw_tour,720.0,13.512606841921821,48.02987937129974,48.49896389484045,2.0122792321330962e-16,4.445228907190568e-18,8.673617379884035e-18,-0.013594669495554634,-0.00014628631718285548,0.0013112702094093748
set_cover_cw_tour,722.0,13.478747727311882,48.022651058241955,48.4514627666349,-0.03386459059680041,-0.0072027708896515155,-0.04750110793855025,-0.016975962115557464,-0.003639692518016238,-0.02368849602299844
set_cover_cw_tour,724.0,13.378661818839449,48.00154545272773,48.31111520336265,-0.0662264810580467,-0.013878425859164888,-0.09284639545252772,-0.01620865360759556,-0.0034510613440987626,-0.02261070649288752
set_cover_cw_tour,726.0,13.215357574202004,47.96760303399911,48.082233311410334,-0.09708262048111937,-0.020040719807911896,-0.13603539884426102,-0.01544074827708364,-0.003265903951149445,-0.02153280119686752
set_cover_cw_tour,728.0,12.991849505883119,47.92183675237953,47.769130102482585,-0.12643000498919488,-0.025703426719641286,-0.1770676764938211,-0.014672250055666141,-0.003084223031173696,-0.02045478565377025
set_cover_cw_tour,730.0,12.711158087055058,47.865231991353554,47.37611944944311,-0.15426567777698097,-0.03088033941396267,-0.21594280886241124,-0.013903162878023097,-0.0029060212583775238,-0.019376665382992007
set_cover_cw_tour,732.0,12.376309657390356,47.79874653014391,46.90751604214921,-0.18058672915600962,-0.03558526929759704,-0.2526603984955874,-0.013133490681849953,-0.0027313012891538443,-0.018298445904465253
set_cover_cw_tour,734.0,11.990336328783254,47.72331050678616,46.367635343280014,-0.20539029659948732,-0.03983204611539614,-0.28722007002630917,-0.012363237407837457,-0.0025600657620688757,-0.017220132738630427
set_cover_cw_tour,736.0,11.55627589098187,47.639826381701646,45.76079354415874,-0.22867356478670192,-0.04363451770113284,-0.31962147017782094,-0.011592406999651425,-0.002392317297848637,-0.016141731406407626
set_cover_cw_tour,738.0,11.077171717132014,47.54916890176902,45.091307520569416,-0.250433765646986,-0.047006549728064714,-0.34986426776636337,-0.010821003403912583,-0.0022280584993655222,-0.015063247429168345
set_cover_cw_tour,740.0,10.556072669233508,47.452185064894955,44.36349478856833,-0.2706681784032363,-0.04996202545927302,-0.37794815370371554,-0.010049030570176372,-0.0020672919516249765,-0.013984686328707252
set_cover_cw_tour,742.0,9.996033003509913,47.3496940850843,43.58167346029056,-0.2893741296149887,-0.05251484549777927,-0.403872840999567,-0.009276492450912688,-0.0019100202217522632,-0.012906053627213851
set_cover_cw_tour,744.0,9.400112275692557,47.242487358010294,42.75016219975191,-0.3065489932210484,-0.054678927536441574,-0.42763806476372046,-0.008503393001485667,-0.0017562458589793198,-0.011827354847244249
set_cover_cw_tour,746.0,8.771375246219742,47.13132842708517,41.87328017864667,-0.32219019058167514,-0.056468206107632986,-0.44924358220812455,-0.007729736180133444,-0.0016059713946317,-0.010748595511692865
set_cover_cw_tour,748.0,8.11289178535203,47.01695295003165,40.9553470321414,-0.33629519052032303,-0.057896632332704014,-0.46868917264873705,-0.006955525947947869,-0.0014591993421156225,-0.009669781143764183
set_cover_cw_tour,750.0,7.427736778204486,46.90006866595569,40.00068281466523,-0.3488615093649343,-0.0589781736712315,-0.4859746375072183,-0.006180766268854233,-0.0013159321969050972,-0.008590917266944432
set_cover_cw_tour,752.0,6.718990029696794,46.781355362920976,39.01360795569692,-0.35988671098878716,-0.05972681367005612,-0.5010998003124548,-0.0054054611095909755,-0.0011761724365291484,-0.007512009404973322
set_cover_cw_tour,754.0,5.989736169422114,46.66146484602551,37.99844321554899,-0.369368406850897,-0.06015655171211061,-0.5140645067019134,-0.004629614439689374,-0.0010399225205591303,-0.006433063081815786
set_cover_cw_tour,756.0,5.2430645564355824,46.54102090598082,36.959509641149396,-0.3773042560359706,-0.06028140276504105,-0.524868624422825,-0.003853230231453219,-0.0009071848905961375,-0.005354083821633646
set_cover_cw_tour,758.0,4.482069183963358,46.42061928819405,35.901128521820965,-0.38369196529391353,-0.0601153971296233,-0.5335120433331993,-0.003076312459938465,-0.0007779619702584981,-0.0042750771487573905
set_cover_cw_tour,760.0,3.709848584033096,46.300827662353456,34.82762134505896,-0.3885292890788893,-0.059672580187976845,-0.5399946754026697,-0.0022988651029329055,-0.0006522561651693712,-0.0031960485876578425
set_cover_cw_tour,762.0,2.929505732026751,46.182185592517705,33.743309752307134,-0.3918140295879314,-0.05896701215157829,-0.5443164547131671,-0.0015208921409357785,-0.0005300698629444234,-0.00211700366291789
set_cover_cw_tour,764.0,2.1441479511566075,46.065204507709296,32.65251549473264,-0.3935440367991064,-0.058012767809076646,-0.5464773374594264,-0.0007423975571374041,-0.0004114054331796112,-0.0010379478992042154
set_cover_cw_tour,766.0,1.3568868168654311,45.950367673012565,31.55956038900004,-0.3937172085092289,-0.05682393627391268,-0.5464773019493205,3.661466260122302e-05,-0.0002962652274390449,4.111317876101528e-05
set_cover_cw_tour,768.0,0.5708380611516372,45.83813016117666,30.468766273044857,-0.39233149037112763,-0.05541462073174453,-0.5443163486040266,0.0008161405297688213,-0.00018465157924294764,0.0011201740462284254
set_cover_cw_tour,770.0,-0.2108785231796214,45.72891882472383,29.384454961846945,-0.3893848759304618,-0.053798938187681764,-0.5399944999580214,0.0015961760532242604,-7.656680405571125e-05,0.0021992291784497103
set_cover_cw_tour,772.0,-0.9851391783385508,45.62313226856347,28.310948203204063,-0.38487540666208847,-0.05199101921333017,-0.5335118006589074,0.0023767172392169886,2.7986800725960607e-05,0.0032782730507059273
set_cover_cw_tour,774.0,-1.748816277445097,45.521140823112226,27.252567633505922,-0.3788011720059798,-0.05000500769364945,-0.5248683174670685,0.003157760091407489,0.00012900695578481607,0.004357300138335799
set_cover_cw_tour,776.0,-2.498778420494712,45.423286517920594,26.213634733509142,-0.37116030940269,-0.04785506057362601,-0.514064139255157,0.003939300610887727,0.00022649139989472193,0.005436304916763977
set_cover_cw_tour,778.0,-3.231890530394602,45.329883055806356,25.19847078411336,-0.3619510043283722,-0.045555347604763215,-0.5010993770074095,0.004721334796201628,0.0003204378899322458,0.006515281861529325
set_cover_cw_tour,780.0,-3.9450139490695593,45.241215787495186,24.21139682213891,-0.3511714903293437,-0.04312005109139107,-0.4859741638187939,0.005503858643365581,0.0004108442008881348,0.007594225448313226
set_cover_cw_tour,782.0,-4.635006533636475,45.15754168676888,23.256733596106354,-0.33882004905620117,-0.040563365636797855,-0.4686886548939864,0.006286868145888915,0.0004977081258787138,0.008673130152967855
set_cover_cw_tour,784.0,-5.298722752646627,45.07908932612142,22.33880152201825,-0.32489501029748347,-0.03789949788918574,-0.4492430275461788,0.007070359294794427,0.00058102747615718,0.009751990451544458
set_cover_cw_tour,786.0,-5.933013782394848,45.00605885292336,21.461920639143457,-0.30939475201288336,-0.035142666287452655,-0.42763748119571554,0.007854328078638902,0.0006608000811248103,0.010830800820321633
set_cover_cw_tour,788.0,-6.534727603294657,44.93862196609479,20.63041056580434,-0.29231770036600685,-0.032307100806802665,-0.40387223736856204,0.00863877048353366,0.0007370237883420759,0.011909555735833627
set_cover_cw_tour,790.0,-7.100709096318464,44.87692189328728,19.848590455167223,-0.2736623297566804,-0.02940704270418711,-0.37794753969460204,0.009423682493165091,0.0008096964635396626,0.012988249674898601
set_cover_cw_tour,792.0,-7.627800139501932,44.82107336857505,19.120778951036392,-0.2534271628528057,-0.02645674426357867,-0.3498636539057663,0.010209060088815227,0.000878815990629396,0.014066877114646908
set_cover_cw_tour,794.0,-8.112839704511604,44.77116261065582,18.451294143652035,-0.23161077062176086,-0.023470468541080636,-0.31962086783399074,0.010994899249382333,0.0009443802717150783,0.015145432532549385
set_cover_cw_tour,796.0,-8.552663953274864,44.72724730156158,17.84445352549242,-0.2082117723613494,-0.02046248910987364,-0.28721949140900555,0.011781195951401462,0.001006387227103228,0.016223910406445614
set_cover_cw_tour,798.0,-8.944106334671359,44.68935656587961,17.30457394708066,-0.18322883573029514,-0.01744708980500202,-0.25265985665595414,0.012567946169065083,0.0010648347953137285,0.017302305214572187
set_cover_cw_tour,800.0,-9.283997681284944,44.65749095048412,16.83597157279643,-0.15666067677828338,-0.014438564468002141,-0.21594231769284272,0.013355145874243685,0.0011197209330903826,0.01838061143559101
set_cover_cw_tour,802.0,-9.569166306215266,44.631622404778746,16.442961836692945,-0.12850605997554848,-0.011451216691374845,-0.17706725072781998,0.014142791036506392,0.0011710436154113736,0.01945882354861754
set_cover_cw_tour,804.0,-9.79643809994806,44.61169426145032,16.129859398319528,-0.09876379824200676,-0.008499359562904284,-0.13603505405628735,0.014930877623141612,0.0012188008354996342,0.02053693603324906
set_cover_cw_tour,806.0,-9.962636627283265,44.597621217734066,15.900978098550162,-0.06743275297593511,-0.005597315409825421,-0.09284614805783954,0.015719401599177667,0.00126299060483312,0.021614943369592948
set_cover_cw_tour,808.0,-10.064583224320033,44.589289317190705,15.760630915418309,-0.03451183408219468,-0.0027594155428423994,-0.04750097519303549,0.016508358927403478,0.0013036109531549915,0.022692840038294953
set_cover_cw_tour,810.0,-10.099097095497738,44.58655593199558,15.713129919958359,3.885780586188048e-16,-3.469446951953614e-17,2.220446049250313e-16,0.017297745568389214,0.0013406599284837013,0.023770620520567415
set_cover_cw_tour,812.0,-10.031746459297338,44.57631627903484,15.696881758182602,0.06734296090019407,-0.010290445992597966,-0.01624815484325573,0.03372175928406677,-0.0050690247324023455,-0.008103971697028678
set_cover_cw_tour,814.0,-9.832843362095648,44.545563041036594,15.648874689574916,0.13155268193543923,-0.020511221809784194,-0.031758893281569875,0.032177834529016215,-0.004885355577119171,-0.007735304774914431
set_cover_cw_tour,816.0,-9.508650249114407,44.49446369954409,15.570583706197697,0.19263321082105575,-0.030634189312094724,-0.04653205669175248,0.030635251017285665,-0.004694702473797938,-0.007366598248350427
set_cover_cw_tour,818.0,-9.065421375131104,44.423241981743125,15.463484109807979,0.25058869027329034,-0.04063124106810747,-0.0605674940024903,0.029094016646840706,-0.004497071510064102,-0.006997854005099271
set_cover_cw_tour,820.0,-8.509402614567286,44.3321777985447,15.329051496752513,0.30542335791903075,-0.05047430085561451,-0.0738650616955063,0.027554139308739442,-0.004292468809269484,-0.006629073933116675
set_cover_cw_tour,822.0,-7.846831271758308,44.221607181665846,15.168761742860582,0.35714154620462973,-0.06013532416232104,-0.08642462380666137,0.026015626887091966,-0.0040809005304609115,-0.006260259920541798
set_cover_cw_tour,824.0,-7.083935891406342,44.0919222197095,14.984090988334682,0.40574768230384006,-0.06958629868606668,-0.09824605192699795,0.024478487259020094,-0.0038623728683487056,-0.005891413855687573
set_cover_cw_tour,826.0,-6.226936069218387,43.943570993244414,14.77651562263916,0.45124628802486105,-0.0787992448345646,-0.1093292252037257,0.022942728294616993,-0.003636892053274934,-0.005522537627031029
set_cover_cw_tour,828.0,-5.282042262731088,43.7770575088861,14.54751226938695,0.49364197971649787,-0.08774621622465431,-0.1196740303411492,0.021408357856906857,-0.0034044643511815355,-0.005153633123203652
set_cover_cw_tour,830.0,-4.255455602324117,43.592941632379734,14.298557771224507,0.532939468173434,-0.09639930018106348,-0.1292803616015375,0.019875383801804723,-0.003165096063578234,-0.004784702232981677
set_cover_cw_tour,832.0,-3.1533677024238944,43.39183902068605,14.031129174715058,0.5691435585406178,-0.10473061823467464,-0.13814812080593564,0.018343813978076166,-0.0029187935275102675,-0.004415746845276448
set_cover_cw_tour,834.0,-1.9819604728994225,43.17442105307118,13.74670371522029,0.6022591502167647,-0.11271232662029226,-0.1462772173349183,0.01681365622729716,-0.0026655631155259522,-0.004046768849124728
set_cover_cw_tour,836.0,-0.7474059306520011,42.94141476120147,13.446758801780591,0.6322912367569746,-0.12031661677390587,-0.15366756812928517,0.015284918383813956,-0.002405411235644051,-0.0036777701336790387
set_cover_cw_tour,838.0,0.5441339885994105,42.69360275824432,13.132772001993954,0.6592449057744669,-0.12751571582944482,-0.16031909769069844,0.01375760827470289,-0.0021383443313209597,-0.0033087525881979832
set_cover_cw_tour,840.0,1.8865076183354175,42.431823166975924,12.806221026893668,0.6831253388414323,-0.13428188711502048,-0.16623173808226208,0.012231733719730381,-0.001864368881417724,-0.0029397181020365693
set_cover_cw_tour,842.0,3.273573749054237,42.15696954689716,12.468583715824906,0.7039378113890038,-0.14058743064865128,-0.17140542892904323,0.010707302531312858,-0.0015834914001668626,-0.0025706685646365475
set_cover_cw_tour,844.0,4.699201815888807,41.86999082035847,12.121338021320325,0.7216876926063469,-0.14640468363346648,-0.17584011741853545,0.009184322514476796,-0.0012957184371390242,-0.0022016058655167266
set_cover_cw_tour,846.0,6.157272086021194,41.57189119769488,11.765961993974809,0.7363804453388706,-0.15170602095238417,-0.1795357583010638,0.007662801466818699,-0.0010010565772094427,-0.0018325318942633024
set_cover_cw_tour,848.0,7.641675845892545,41.26373010137222,11.403933767319447,0.7480216259855589,-0.15646385566225918,-0.18249231389013204,0.006142747178465219,-0.0006995124405242293,-0.0014634485405201816
set_cover_cw_tour,850.0,9.146315588206827,40.94662208914552,11.036731542694882,0.7566168843954247,-0.16065063948749664,-0.18470975406271156,0.004624167432033252,-0.0003910926824664709,-0.0010943576939793122
set_cover_cw_tour,852.0,10.66510519872659,40.62173677623081,10.66583357412414,0.7621719637630875,-0.16423886331312684,-0.18618805625947246,0.00310707000259012,-7.58039936221669e-05,-0.0007252612443710057
set_cover_cw_tour,854.0,12.191970142859018,40.29029875649121,10.292718153185046,0.7646927005234739,-0.16720105767733692,-0.1869272054849563,0.0015914626576137196,0.0002463469002540403,-0.00035616108145425547
set_cover_cw_tour,856.0,13.720847652030503,39.95358752263857,9.91886359388237,0.764185024245644,-0.16950979326345533,-0.186927194307691,7.73531569527898e-05,0.0005753532382732885,1.294090499292383e-05
set_cover_cw_tour,858.0,15.24568690984799,39.61293738545169,9.545748217519787,0.7606549575257432,-0.17113768139138447,-0.1861880228602475,-0.0014352507472128462,0.0009112082244471201,0.0003820428251831917
set_cover_cw_tour,860.0,16.76044923804536,39.269737392012175,9.174850337571781,0.7541086158790807,-0.17205737450847733,-0.1847096988392384,-0.002946341310411954,0.0012539050277222726,0.000751142789329539
set_cover_cw_tour,862.0,18.259108282213106,38.92543124295918,8.80764824455562,0.7445522076313362,-0.17224156667985394,-0.1824922375052586,-0.004455910795921536,0.0016034367820156566,0.0011202389076549737
set_cover_cw_tour,864.0,19.73565019730953,38.581517208764,8.445620190903504,0.7319920338088948,-0.17166299407815303,-0.17953566168276766,-0.005963951474806467,0.0019597965862495075,0.0014893292904021947
set_cover_cw_tour,866.0,21.184073832951746,38.239548045025806,8.090244375834999,0.7164344880283118,-0.1702944354727149,-0.17584000175991438,-0.007470455625959033,0.002322977504386717,0.0018584120478432704
set_cover_cw_tour,868.0,22.598390918484768,37.90113090678952,7.742998930229889,0.6978860563849083,-0.16810871271819097,-0.17140529568830296,-0.0089754155361385,0.0026929725654663496,0.002227485290289301
set_cover_cw_tour,870.0,23.97262624782688,37.56792726188708,7.405361901501551,0.6763533173404981,-0.16507869124257596,-0.16623158898270132,-0.010478823500010555,0.0030697747636393297,0.002596547128100114
set_cover_cw_tour,872.0,25.300817864089623,37.241652803303225,7.07881123847097,0.6518429416102471,-0.1611772805346581,-0.1603189347206913,-0.011980671820186825,0.003453377058204317,0.0029655956716939207
set_cover_cw_tour,874.0,26.577017243970616,36.92407736056697,6.764824776241514,0.6243616920486668,-0.15637743463088344,-0.15366739354226083,-0.013480952807264222,0.0038437723736437462,0.0033346290315570005
set_cover_cw_tour,876.0,27.79528948191751,36.617024810169895,6.464880221074578,0.5939164235347415,-0.1506521526016297,-0.14627703364933783,-0.014979658779864354,0.0042409535996600625,0.0037036453182533735
set_cover_cw_tour,878.0,28.949713474061333,36.32237298501254,6.180455135266226,0.5605140828561922,-0.14397447903688554,-0.13814793080526633,-0.016476782064672835,0.004644913591212117,0.004072642642434473
set_cover_cw_tour,880.0,30.034382101917483,36.04205358288002,5.91302692202493,0.5241617085928758,-0.13631750453133096,-0.12928016833422426,-0.017972314996478587,0.0050556451685517595,0.004441619114848822
set_cover_cw_tour,882.0,31.04340241585268,35.77805207394806,5.664072810350538,0.484866430999323,-0.1276543661688146,-0.11967383712058345,-0.019466249918213052,0.005473141117260585,0.0048105728463517
set_cover_cw_tour,884.0,31.970895818316105,35.5324076073207,5.435069839914579,0.4426354718864137,-0.11795824800622352,-0.10932903560821136,-0.020958579180989454,0.005897394188286885,0.00517950194791482
set_cover_cw_tour,886.0,32.810998246833066,35.30721291660088,5.2274948459420205,0.39747614450219326,-0.10720238155674147,-0.09824586979971485,-0.022449295144141894,0.00632839709798275,0.005548404530636002
set_cover_cw_tour,888.0,33.557860356759385,35.104614224495116,5.042824444094597,0.3493958534118282,-0.09536004627249114,-0.08642445325562592,-0.023938390175264515,0.0067661425281413745,0.005917278705748838
set_cover_cw_tour,890.0,34.205647703794895,34.92681114645349,4.882535015355827,0.29840209437670445,-0.08240457002655638,-0.07386490709352937,-0.02542585665025057,0.0072106231260345155,0.006286122584632367
set_cover_cw_tour,892.0,34.74854092625424,34.776056593346254,4.748102690917828,0.2445024542326678,-0.06830932959437996,-0.06056735998713249,-0.026911686953331456,0.007661831504450142,0.006654934278820743
set_cover_cw_tour,894.0,35.180735927093316,34.654656673178245,4.6410033370700585,0.18770461076740852,-0.053047751134532875,-0.04653194816527663,-0.02839587347711569,0.008119760241730258,0.007023711900012906
set_cover_cw_tour,896.0,35.49644405568959,34.5649705918424,4.562712540090085,0.12801633259699047,-0.03659331066885062,-0.03175881541089086,-0.02987840862262788,0.008584401881808895,0.00739245356008225
set_cover_cw_tour,898.0,35.68989228937468,34.50941055291365,4.514705591136508,0.06544547904152631,-0.01891953456193256,-0.016248113059887548,-0.03135928479934764,0.009055748934250301,0.007761157371086281
set_cover_cw_tour,900.0,35.75532341471742,34.49044165648439,4.49845747114415,-3.0531133177191805e-16,-4.5102810375396984e-17,4.163336342344337e-17,-0.032838494425248416,0.009533793874287273,0.008129821445276299
set_cover_cw_tour,902.0,35.747069352196476,34.507514118275715,4.442974119436654,-0.00824119159395982,0.01707867766154177,-0.05548332803480458,-0.00427719986099607,0.008530000459677944,-0.02773592970728389
set_cover_cw_tour,904.0,35.722810163895296,34.55801730068116,4.279042146150825,-0.01600569459777,0.033430361074565165,-0.1084485753072447,-0.004076615238373502,0.00814839566982407,-0.026477030288054166
set_cover_cw_tour,906.0,35.6834922273381,34.64049326115202,4.011698257262782,-0.023300510434489444,0.04905110146818171,-0.15889519951494946,-0.0038778222219830057,0.007765887194498667,-0.025217995307492823
set_cover_cw_tour,908.0,35.63004790460189,34.753476207521864,3.6459802175661387,-0.030132653110070292,0.06393699800504372,-0.2068226841432033,-0.003680821829636839,0.007382483143862433,-0.02395883121180838
set_cover_cw_tour,910.0,35.56339551727833,34.89549259393954,3.1869267990927512,-0.03650914908566504,0.07808419784716933,-0.25223053846891225,-0.0034856150699690996,0.006998191632661356,-0.022699544447870437
set_cover_cw_tour,912.0,35.484439321691134,35.06506121693315,2.63957772952568,-0.04243703714981816,0.09148889622110641,-0.2951182975643726,-0.0032922029424305556,0.006613020780185201,-0.021440141463176642
set_cover_cw_tour,914.0,35.3940694843692,35.260693311603745,2.0089736406048173,-0.0479233682905434,0.10414733648243484,-0.3354855223008414,-0.003100586437283532,0.006226978710225917,-0.020180628705819704
set_cover_cw_tour,916.0,35.29316205777567,35.48089264794727,1.3001560165255728,-0.05297520556728796,0.1160558101796062,-0.3733317993519089,-0.002910766535596839,0.005840073551036055,-0.01892101262445434
set_cover_cw_tour,918.0,35.182578956293206,35.724155627303645,0.5181671423310095,-0.05759962398278458,0.12721065711712076,-0.4086567411966726,-0.0027227442092407476,0.005452313435287149,-0.017661299668264296
set_cover_cw_tour,920.0,35.06316793246568,35.988971378931424,-0.33194994770216835,-0.0618037103547928,0.13760826541804094,-0.4414599861227136,-0.0025365204208820193,0.0050637065000280704,-0.016401496286929322
set_cover_cw_tour,922.0,34.93576255349643,36.27382185670688,-1.2451515216833822,-0.06559456318773037,0.14724507158584066,-0.4717411982288742,-0.002352096123978971,0.004674260886643379,-0.015141608930592125
set_cover_cw_tour,924.0,34.801182178003444,36.57718193594613,-2.216393201733304,-0.06897929254419602,0.15611756056559034,-0.499500067427838,-0.0021694722627765934,0.004283984740811629,-0.013881644049825365
set_cover_cw_tour,926.0,34.66023193303154,36.897519510348914,-3.2406300156139407,-0.07196501991638475,0.1642222658044767,-0.5247363094485108,-0.001988649772301722,0.0038928862124636716,-0.012621608095598615
set_cover_cw_tour,928.0,34.51370269132186,37.23329558906279,-4.312816448363287,-0.07455887809739667,0.17155576931165703,-0.5474496658382044,-0.0018096295783582446,0.003500973455740918,-0.011361507519245365
set_cover_cw_tour,930.0,34.362371048838845,37.582964393866376,-5.42790649393414,-0.0767680110524406,0.17811470171744717,-0.5676399039646213,-0.0016324125975223647,0.003108254628953601,-0.010101348772429953
set_cover_cw_tour,932.0,34.20699930255489,37.94497345647026,-6.580853706836694,-0.0785995737899336,0.18389574233184314,-0.5853068170176415,-0.0014569997371379057,0.0027147378945389967,-0.008841138307114547
set_cover_cw_tour,934.0,34.048335428492926,38.317763715934326,-7.766611253784504,-0.08006073223249735,0.1888956192023753,-0.600450224010911,-0.001283391895311668,0.0023204314190196345,-0.0075808825755261065
set_cover_cw_tour,936.0,33.88711306002709,38.699769616200115,-8.980131965343427,-0.0811586630878529,0.19311110917129515,-0.6130699697832318,-0.001111589960908827,0.0019253433729614945,-0.006320588030123371
set_cover_cw_tour,938.0,33.724051466441736,39.08941920373687,-10.216368387583152,-0.08190055371961444,0.19653903793209374,-0.623165924999754,-0.0009415948135483885,0.0015294819309321557,-0.005060261123563781
set_cover_cw_tour,940.0,33.559855531748916,39.48513422529995,-11.470272833730911,-0.08229360201798366,0.19917628008535157,-0.6307379861529692,-0.0007734073235986783,0.0011328552714589622,-0.0037999083086704896
set_cover_cw_tour,942.0,33.39521573376461,39.885330225800324,-12.736797435826979,-0.08234501627034559,0.20101975919391923,-0.6357860755635057,-0.0006070283521728905,0.0007354715769871346,-0.0025395360383992788
set_cover_cw_tour,944.0,33.230808123443836,40.28841664628369,-14.010894196381566,-0.08206201503176705,0.2020664478374286,-0.6383101413807258,-0.0004424587511246747,0.00033733903383788554,-0.0012791507658055472
set_cover_cw_tour,946.0,33.06729430447489,40.69279692201799,-15.287515040032702,-0.08145182699539907,0.20231336766613373,-0.6383101575831239,-0.000279699363043779,-6.153416783349485e-05,-1.8758944011272594e-05
set_cover_cw_tour,948.0,32.90532141313283,41.09686858068791,-16.561611865204732,-0.08052169086278411,0.20175758945408132,-0.6357861239785272,-0.00011875102125173318,-0.00046113983407958015,0.001241632973828042
set_cover_cw_tour,950.0,32.74552209839248,41.499023340695075,-17.828136595767,-0.07927885521406947,0.20039623315161006,-0.6307380662040972,4.038545020241689e-05,-0.0008614697672027524,0.0025020185345564043
set_cover_cw_tour,952.0,32.58851450230107,41.89764720956255,-19.082041232692344,-0.07773057837812783,0.1982264679371786,-0.6231660357261342,0.0001977092365463293,-0.0012625157657971749,0.003762391285050355
set_cover_cw_tour,954.0,32.434902240610775,42.291120582442346,-20.318277905715,-0.07588412830258635,0.19524551226852135,-0.6130701098396815,0.00035321953228853675,-0.0016642696247907882,0.005022744772252046
set_cover_cw_tour,956.0,32.28527438367123,42.67781834072454,-21.531798924987516,-0.07374678242376506,0.1914506339331321,-0.6004503916679333,0.0005069155412225717,-0.0020667231354873083,0.006283072543202241
set_cover_cw_tour,958.0,32.140205437582274,43.056109950746716,-22.717556832736292,-0.07132582753652601,0.18683915009807464,-0.5853070101614433,0.0006587964764310412,-0.0024698680856082714,0.007543368145073375
set_cover_cw_tour,960.0,32.000255325607114,43.42435956260232,-23.870504454915324,-0.06862855966403425,0.18140842735912016,-0.5676401200971342,0.0008088615602896566,-0.0028736962593350667,0.008803625125202583
set_cover_cw_tour,962.0,31.865969369846017,43.78092610904665,-24.985594952857774,-0.06566228392743167,0.17515588178921093,-0.5474499020771106,0.0009571100244712167,-0.00327819943735101,0.010063837031124748
set_cover_cw_tour,964.0,31.737878273170764,44.12416340449911,-26.05778187492498,-0.062434314415424984,0.1680789789862498,-0.524736562527273,0.001103541109949539,-0.0036833693968834143,0.011323997410605524
set_cover_cw_tour,966.0,31.616498101419996,44.45242024414028,-27.082019208152477,-0.05895197405378885,0.16017523412021517,-0.49950033369573227,0.0012481540670033467,-0.004089197911745708,0.012584099811674385
set_cover_cw_tour,968.0,31.50233026585565,44.76404050310268,-28.053261429892657,-0.0552225944747855,0.151442211979601,-0.47174147365102775,0.0013909481552201093,-0.004495676752379534,0.013844137782657646
set_cover_cw_tour,970.0,31.395861505880642,45.057363235753606,-28.966463559453672,-0.05125351588650174,0.1418775270171813,-0.44146026628014573,0.0015319226434998294,-0.0049027976858969004,0.015104104872211513
set_cover_cw_tour,972.0,31.297563872017935,45.33072277506892,-29.816581209734164,-0.04705208694210469,0.1314788433950989,-0.4086570212863403,0.0016710768100587896,-0.005310552476122323,0.01636399462935509
set_cover_cw_tour,974.0,31.207894709151205,45.58244883209627,-30.598570638853452,-0.04262566460901734,0.1202438750292782,-0.3733320741867558,0.0018084099424332466,-0.005718932883634991,0.01762380060350342
set_cover_cw_tour,976.0,31.127296640027204,45.810866595506496,-31.307388801776757,-0.03798161403801498,0.10817038563316092,-0.33548578630985104,0.001943921337483078,-0.006127930665810968,0.018883516344500518
set_cover_cw_tour,978.0,31.056197549020048,46.01429683123183,-31.93799340193507,-0.03312730843224384,0.09525618876076528,-0.2951185447926253,0.0020776103013953845,-0.006537537576865376,0.020143135402652387
set_cover_cw_tour,980.0,30.9950105661575,46.191055982189525,-32.485342942839296,-0.028070128916162895,0.08149914784906753,-0.2522307625776462,0.0022094761496880395,-0.006947745367894628,0.02140265132876004
set_cover_cw_tour,982.0,30.94413405140948,46.33945626808957,-32.94439677968824,-0.0228174644044101,0.06689717625970595,-0.20682287840987945,0.0023395182072131976,-0.007358545786918652,0.022662057674152532
set_cover_cw_tour,984.0,30.903951579238903,46.457805785325135,-33.31011517097004,-0.017376711470594153,0.051448237320006564,-0.1588953568333203,0.002467735808160746,-0.007769930578923143,0.023921347990719946
set_cover_cw_tour,986.0,30.874831923414998,46.54440860694441,-33.57745933005672,-0.01175527421601301,0.03515034436333049,-0.10844868818742699,0.0025941282960617183,-0.008181891485901835,0.025180515830946444
set_cover_cw_tour,988.0,30.857129042089284,46.59756488270242,-33.741391476791314,-0.005960564138300166,0.018001560768742444,-0.05548338860335617,0.0027186950237916532,-0.008594420246898769,0.026439554747943263
set_cover_cw_tour,990.0,30.85118206313431,46.61557093919156,-33.79687488906739,-6.938893903907228e-18,0.0,-7.632783294297951e-17,0.0028414353535739082,-0.009007508598050606,0.027698458295481714
set_cover_cw_tour,992.0,30.834488471341306,46.61447227507595,-33.80550548196674,-0.01669443232437274,-0.0010860724382929878,-0.008630589216989188,-0.008464419463454373,-0.0005619227922300945,-0.004358557969808516
set_cover_cw_tour,994.0,30.785161301347134,46.61134995205733,-33.83100557237046,-0.032633508406856845,-0.0020242286260036563,-0.016869490306775623,-0.008084324599962393,-0.0005248852091037409,-0.004162735833241933
set_cover_cw_tour,996.0,30.704711757014092,46.60649294316008,-33.87259169888098,-0.047816740108606356,-0.0028213284081064767,-0.024716618460472545,-0.0077041901906577635,-0.0004895678228080143,-0.0039668923836350765
set_cover_cw_tour,998.0,30.594651995150233,46.600176499195626,-33.929480234494186,-0.06224366262338067,-0.0034842341349568904,-0.032171892880474305,-0.007324018181813399,-0.0004559708079023477,-0.0037710286236985486
set_cover_cw_tour,1000.0,30.456495078839815,46.59266214387493,-34.00088739462256,-0.07591383448184938,-0.004019810539074099,-0.03923523678107808,-0.006943810519894712,-0.00042409433013794115,-0.003575145556246928
set_cover_cw_tour,1002.0,30.291754930765364,46.584197669167395,-34.08602924511962,-0.08882683755567801,-0.0044349246119031755,-0.04590657738907472,-0.00656356915154966,-0.00039393854645691404,-0.003379244184193655
set_cover_cw_tour,1004.0,30.101946286521787,46.57501713090623,-34.18412171030546,-0.10098227706139458,-0.004736445480557574,-0.05218584594430882,-0.006183296023598778,-0.0003655036049915012,-0.0031833255105458876
set_cover_cw_tour,1006.0,29.888584647922958,46.565340844640446,-34.2943805809934,-0.11237978156403694,-0.0049312442845431195,-0.05807297770020788,-0.005802993083025205,-0.0003387896450632944,-0.002987390538399362
set_cover_cw_tour,1008.0,29.65318623630124,46.555375381733306,-34.41602152251762,-0.12301900298058092,-0.005026194052464558,-0.06356791192428074,-0.005422662276964724,-0.00031379679718252884,-0.002791440270933269
set_cover_cw_tour,1010.0,29.39726794580038,46.545313565707474,-34.54826008276183,-0.1328996165831492,-0.005028169578715761,-0.06867059189858511,-0.005042305552695787,-0.0002905251830474158,-0.0025954757114051074
set_cover_cw_tour,1012.0,29.122347296662163,46.53533446883674,-34.69031170018879,-0.14202132100200085,-0.0049440473001546486,-0.07338096492016438,-0.004661924857629546,-0.00026897491554351774,-0.0023994978631455494
set_cover_cw_tour,1014.0,28.829942388507366,46.52560340898442,-34.84139171187071,-0.1503838382283017,-0.0047807051727639304,-0.07769898230145346,-0.004281522139299876,-0.00024914609874317244,-0.0022035077295533088
set_cover_cw_tour,1016.0,28.52157185361134,46.5162719466885,-35.00071536152038,-0.1579869136166753,-0.004545022548298738,-0.0816245993706539,-0.003901099345353422,-0.0002310388279049593,-0.0020075063140899962
set_cover_cw_tour,1018.0,28.198754810174748,46.5074778824934,-35.16749780752306,-0.1648303158875345,-0.004243880050922232,-0.08515777547207813,-0.003520658423539609,-0.00021465318947321084,-0.0018114946202749862
set_cover_cw_tour,1020.0,27.863010815589817,46.499345254528556,-35.34095413096905,-0.1709138371291938,-0.0038841594538302723,-0.08829847396646286,-0.0031402013217006718,-0.00019998926107757164,-0.0016154736516802793
set_cover_cw_tour,1022.0,27.51585981970263,46.49198433633376,-35.520299343686794,-0.17623729279976222,-0.0034727435558662262,-0.09104666223125162,-0.002759729987761693,-0.0001870471115325993,-0.0014194444119253599
set_cover_cw_tour,1024.0,27.158822118071818,46.4854916349312,-35.704748396276536,-0.18080052172881683,-0.0030165160581270066,-0.09340231166084653,-0.002379246369720621,-0.00017582680083741311,-0.0012234079046720657
set_cover_cw_tour,1026.0,26.793418305224144,46.47994988914443,-35.8935161861445,-0.1846033861188569,-0.002522361440561415,-0.09536539766682917,-0.001998752415638302,-0.00016632838017538703,-0.0010273651336194355
set_cover_cw_tour,1028.0,26.42116922790738,46.47542806816401,-36.085817565537425,-0.18764577154653858,-0.0019971648385618784,-0.09693589967815054,-0.0016182500736284904,-0.00015855189191388652,-0.0008313171024985858
set_cover_cw_tour,1030.0,26.043595938340964,46.47198137036005,-36.280867349577456,-0.18992758696369022,-0.0014478119195506611,-0.09811380114129035,-0.0012377412918479012,-0.00015249736960405282,-0.000635264815067562
set_cover_cw_tour,1032.0,25.662219647464806,46.46965122234158,-36.47788032429734,-0.19144876469810826,-0.000881188759561633,-0.09889908952038531,-0.000857228018486212,-0.0001481648379806303,-0.0004392092751061994
set_cover_cw_tour,1034.0,25.278561678186747,46.468465278262755,-36.67607125467585,-0.19220926045413367,-0.0003041817198186815,-0.09929175629732659,-0.0004767122017560979,-0.00014555431296184047,-0.00024315148641098922
set_cover_cw_tour,1036.0,24.894143418629092,46.46843741937586,-36.874654892673355,-0.19220905331300894,0.0002763226766881525,-0.09929179697182648,-9.619578988325902e-05,-0.0001446658016493001,-4.70924527899352e-05
set_cover_cw_tour,1038.0,24.51048627537462,46.46956775383124,-37.072845985267506,-0.19144814573301566,0.0008534378686277318,-0.09889921106145423,0.00028431926890356326,-0.0001454993023279847,0.00014896682194258642
set_cover_cw_tour,1040.0,24.129111626712568,46.47184261672403,-37.26985928248895,-0.1899265635493927,0.0014202773797529857,-0.09811400210164091,0.000664831026382547,-0.00014805480446623804,0.0003450253339709634
set_cover_cw_tour,1042.0,23.751540775884973,46.47523457038774,-37.46490954545704,-0.18764435597403484,0.0019699549423251007,-0.09693617764565356,0.0010453375343487759,-0.00015233228871582526,0.0005410820794834867
set_cover_cw_tour,1044.0,23.379294904333854,46.479702404934706,-37.65721155441545,-0.18460159559497208,0.002495584620535652,-0.09536574926453836,0.001425836844624215,-0.00015833172691203233,0.0007371360546774971
set_cover_cw_tour,1046.0,23.013895024949647,46.485191139043366,-37.84598011676764,-0.18079837837562948,0.0029902809339255932,-0.09340273254703312,0.0018063270090676814,-0.0001660530820738099,0.0009331862557645141
set_cover_cw_tour,1048.0,22.656861935321345,46.49163202099238,-38.03043007511216,-0.17623482365386753,0.0034471589808000216,-0.09104714709944871,0.0021868060795848096,-0.00017549630840396345,0.001129231678975382
set_cover_cw_tour,1050.0,22.309716170988764,46.49894252994155,-38.20977631527759,-0.17091107414080317,0.0038593345616376356,-0.08829901654551983,0.0025672721081380426,-0.00018666135128938684,0.0013252713205654104
set_cover_cw_tour,1052.0,21.973977958697404,46.507026377459596,-38.383233774357265,-0.16482729591941134,0.0042199243024938,-0.08515836852622484,0.0029477231467565975,-0.00019954814730134245,0.0015213041768195055
set_cover_cw_tour,1054.0,21.65116716965631,46.51577350929868,-38.55001744874354,-0.15798367844290723,0.004522045778396137,-0.08162523469957471,0.0033281572475464347,-0.00021415662419578579,0.0017173292440573191
set_cover_cw_tour,1056.0,21.342803272799408,46.525060107415776,-38.709342402161596,-0.150380434532909,0.004758817636731563,-0.07769965074037122,0.0037085724627002395,-0.0002304867009137354,0.001913345518638379
set_cover_cw_tour,1058.0,21.050405288050708,46.53474859224072,-38.86042377370278,-0.14201780037738126,0.004923359720623677,-0.07338165633993428,0.004088966844507388,-0.00024853828758168787,0.0021093519969672334
set_cover_cw_tour,1060.0,20.77549173959386,46.54468762519109,-39.00247678585732,-0.13289603552835913,0.005008793192299433,-0.06867129520579834,0.004469338445363927,-0.00026831128551207804,0.0023053476754985847
set_cover_cw_tour,1062.0,20.519580609146477,46.55471211143375,-39.13471675254644,-0.12301542289945294,0.0050082406564440065,-0.0635686150613781,0.0048496853177825375,-0.0002898055872037842,0.0025013315507424316
set_cover_cw_tour,1064.0,20.28418928923966,46.56464320289312,-39.25635908715374,-0.11237626876313367,0.004914826283542761,-0.05807366764560325,0.005230005514402506,-0.00031302107634267857,0.002697302619269205
set_cover_cw_tour,1066.0,20.070834536503188,46.57428830150611,-39.366619310555855,-0.10097890274779903,0.004721675933209256,-0.0521865087125224,0.005610297087999703,-0.00033795762780222254,0.002893259877714904
set_cover_cw_tour,1068.0,19.88103242495677,46.58344106272366,-39.46471305915225,-0.08882367783462031,0.004421917277498191,-0.04590719803087631,0.005990558091496547,-0.00036461510764410776,0.003089202322786236
set_cover_cw_tour,1070.0,19.716298299307855,46.591881399258966,-39.549856092894174,-0.07591097035416997,0.004008679924202215,-0.039235799383640094,0.006370786577971973,-0.0003929933731189416,0.0032851289512657537
set_cover_cw_tour,1072.0,19.578146728256364,46.59937548508223,-39.62126430331261,-0.062241179982829964,0.0034750955401315186,-0.03217238056753472,0.0067509806006714,-0.0004230922726669782,0.003481038760016987
set_cover_cw_tour,1074.0,19.468091457806874,46.605675759661914,-39.67815372154527,-0.04781472973898088,0.0028142979743751213,-0.02471701339250769,0.007131138213016705,-0.0004549116459188942,0.0036769307459895858
set_cover_cw_tour,1076.0,19.3876453645886,46.6105209324526,-39.71974052636252,-0.032632065978971905,0.002019423381542776,-0.016869773681182837,0.00751125746861618,-0.0004884513236966103,0.0038728039062244472
set_cover_cw_tour,1078.0,19.338320409183684,46.61363598762924,-39.74524105219212,-0.016693658392871676,0.001083610344986407,-0.008630741268279354,0.007891336421274504,-0.0005237111280141567,0.004068657237858861
set_cover_cw_tour,1080.0,19.321627589464185,46.61473218906781,-39.75387179714282,3.122502256758253e-17,1.3010426069826053e-18,-8.673617379884035e-18,0.008271373125002706,-0.0005606908720785851,0.004264489738131633
set_cover_cw_tour,1082.0,19.284097076301926,46.61437671656398,-39.769040325560084,-0.037530807963286644,-0.0003271651128270634,-0.015168521945401877,-0.018839148272945524,-0.0002060433274982225,-0.007635152022994619
set_cover_cw_tour,1084.0,19.173215353821938,46.613604700771866,-39.81385750307818,-0.07335112483021476,-0.00041783341613144316,-0.02964863645084586,-0.017983145417495724,-0.00017078203496100107,-0.007290986840441793
set_cover_cw_tour,1086.0,18.992403645715758,46.61287364710989,-39.88694636543304,-0.10746071640484844,-0.00028749328716464893,-0.043440194719671435,-0.017127267972448776,-0.00013939427265038462,-0.006946784328329187
set_cover_cw_tour,1088.0,18.745083591486715,46.61261008441638,-39.98692965781712,-0.1398594010706406,4.8367110863155034e-05,-0.05654305500520141,-0.01627152031986281,-0.00011187946311010718,-0.006602546248959835
set_cover_cw_tour,1090.0,18.43467714129679,46.613209565655204,-40.11242984898049,-0.17054704978471757,0.0005742601063753864,-0.06895708261183188,-0.015415906841131463,-8.823700905453784e-05,-0.006258274364818879
set_cover_cw_tour,1092.0,18.064606450825398,46.61503666917663,-40.262069145333996,-0.1995235860716701,0.001274698796988172,-0.08068214989606802,-0.014560431916961351,-6.84662933717441e-05,-0.005913970438564537
set_cover_cw_tour,1094.0,17.638293776141104,46.61842500053323,-40.43446950505448,-0.22678898601685088,0.002134197327033949,-0.09171813626750575,-0.013705099927349739,-5.256667912664705e-05,-0.005569636233019087
set_cover_cw_tour,1096.0,17.1591613685872,46.6236771948508,-40.62825265219191,-0.252343278259179,0.0031372711650470932,-0.10206492818975912,-0.012849915251562061,-4.053750956428399e-05,-0.005225273511159826
set_cover_cw_tour,1098.0,16.63063136968219,46.63106491975422,-40.84204009077826,-0.2761865439834509,0.004268437381209144,-0.11172241918133373,-0.011994882268109505,-3.237810811317055e-05,-0.004880884036110058
set_cover_cw_tour,1100.0,16.056125706036163,46.640828878848176,-41.07445311893816,-0.2983189169121578,0.0055122149247511815,-0.1206905098164458,-0.01114000535472661,-2.8087778388766844e-05,-0.004536469571130069
set_cover_cw_tour,1102.0,15.439065984283978,46.65317881575257,-41.32411284300104,-0.31874058329681076,0.0068531249013109394,-0.12896910772578712,-0.01028528888834883,-2.7665804197039325e-05,-0.004192031879608082
set_cover_cw_tour,1104.0,14.782873386036332,46.66829351869271,-41.58964019161485,-0.337451781908772,0.008275690850242204,-0.13655812759723585,-0.009430737245090148,-3.111144953812993e-05,-0.0038475727250512426
set_cover_cw_tour,1106.0,14.09096856284964,46.68632082564396,-41.86965592986105,-0.35445280402959367,0.009764439021874061,-0.14345749117651302,-0.00857635480022065,-3.842395861012454e-05,-0.00350309387107659
set_cover_cw_tour,1108.0,13.36677153121574,46.70737763003095,-42.162780673370925,-0.36974399344086345,0.011303898654717584,-0.149667127267785,-0.007722145928144137,-4.960255581292058e-05,-0.0031585970814020188
set_cover_cw_tour,1110.0,12.613701567572386,46.73154988698105,-42.46763490244304,-0.38332574641355777,0.012878602252617492,-0.15518697173421164,-0.006868115002375727,-6.464644575220144e-05,-0.0028140841198372544
set_cover_cw_tour,1112.0,11.835177103335543,46.75889262013218,-42.782838976161706,-0.39519851169690196,0.014473085861846384,-0.16001696749844022,-0.0060142663955194626,-8.355481324350618e-05,-0.0024695567502748227
set_cover_cw_tour,1114.0,11.03461561995444,46.7894299289947,-43.10701314651642,-0.40536279050673807,0.016071889348139086,-0.16415706454304527,-0.005160604479245907,-0.00010632682331640345,-0.0021250167366810204
set_cover_cw_tour,1116.0,10.215433543990395,46.8231549968673,-43.43877757252209,-0.4138191365134003,0.017659556673664697,-0.16760721991091407,-0.004307133624269791,-0.00013296162121876698,-0.0017804658430868783
set_cover_cw_tour,1118.0,9.381046142220367,46.860030099306805,-43.77675233434002,-0.42056815582909785,0.019220636173933898,-0.17036739770557807,-0.003453858200327609,-0.0001634583324211531,-0.0014359058335791305
set_cover_cw_tour,1120.0,8.53486741676624,46.89998661315169,-44.11955744739945,-0.42561050699480574,0.020739680834639097,-0.17243756909149,-0.0026007825761552644,-0.00019781606262127705,-0.0010913384722911887
set_cover_cw_tour,1122.0,7.680310000250821,46.94292502609924,-44.46581287651968,-0.4289469009666633,0.022201248568424977,-0.17381771229424675,-0.0017479111194656832,-0.00023603389774858974,-0.0007467655233941023
set_cover_cw_tour,1124.0,6.820785050981533,46.98871494683615,-44.814138550032474,-0.43057810110188116,0.023589902491587007,-0.1745078126007581,-0.0008952481969264712,-0.0002781109039689633,-0.0004021887510875285
set_cover_cw_tour,1126.0,5.9597021481627745,47.037195115722476,-45.163154373904845,-0.43050492314415567,0.02489021120069552,-0.17450786235936122,-4.2798174137546504e-05,-0.0003240461276894657,-5.7609919590704065e-05
set_cover_cw_tour,1128.0,5.100469187137961,47.08817341602873,-45.51148024586196,-0.42872823520859205,0.026086749049142894,-0.1738178609798809,0.0008094345843912172,-0.00037383859556324806,0.00028696920686659654
set_cover_cw_tour,1130.0,4.246492274662191,47.14142688572602,-45.85773606951014,-0.42524895776613597,0.027164096423611412,-0.17243781493363558,0.0016614457152623276,-0.0004274873144945262,0.0006315468640530819
set_cover_cw_tour,1132.0,3.4011756242065587,47.196701729829,-46.20054176845978,-0.42006806362751353,0.028106840020459416,-0.1703677377533893,0.0025132308562130054,-0.00048499127164366496,0.0009761212877449901
set_cover_cw_tour,1134.0,2.5679214512950668,47.25371333329157,-46.53851730044818,-0.4131865779266797,0.028899573122023278,-0.16760765003324904,0.0033647856461375466,-0.0005463494344323645,0.0013206907137351103
set_cover_cw_tour,1136.0,1.7501298688751357,47.31214627445503,-46.87028267146205,-0.404605578103776,0.029526895872832783,-0.1641575794285084,0.004216105725109636,-0.0006115607505489477,0.0016652533778418232
set_cover_cw_tour,1138.0,0.9511987827226918,47.37165433904864,-47.1944579498597,-0.394326193887597,0.02997341555573751,-0.16001756065543654,0.0050671867344046495,-0.0006806241479537449,0.002009807515918125
set_cover_cw_tour,1140.0,0.17452378688281056,47.43186053474227,-47.509663280492695,-0.3823496072775657,0.03022374686794178,-0.15518763549101328,0.005918024316522013,-0.0007535385348845876,0.002354351363860669
set_cover_cw_tour,1142.0,-0.5765019408530996,47.4923571062511,-47.814518898827025,-0.36867705252521854,0.03026251219694571,-0.1496678527726097,0.0067686141152074756,-0.0008303027998623941,0.002698883157618793
set_cover_cw_tour,1144.0,-1.298487743432593,47.552705550992044,-48.107645145063465,-0.3533098161151996,0.030074341896390046,-0.14345826839761477,0.0076189517754754335,-0.0009109158116968621,0.00304340113320355
set_cover_cw_tour,1146.0,-1.9880455889889792,47.61243663529181,-48.38766247825721,-0.33624923674576457,0.029643874561802237,-0.13655894532300766,0.00846903294363122,-0.0009953764194922602,0.003387903526696742
set_cover_cw_tour,1148.0,-2.6417901752486355,47.671050411146304,-48.65319149043658,-0.31749670530879415,0.028955757306241416,-0.12896995356487573,0.009318853267293392,-0.0010836834526533196,0.0037323885742599518
set_cover_cw_tour,1150.0,-3.256339033897853,47.72801623353131,-48.90285292072071,-0.29705366486931795,0.027994646035839836,-0.12069137019787854,0.010168408395416034,-0.0011758357208912287,0.004076854512143574
set_cover_cw_tour,1152.0,-3.8283126349082446,47.78277277826401,-49.13526766943609,-0.27492161064454784,0.02674520572523833,-0.11172327935465752,0.01101769397831101,-0.001271832014229727,0.004421299576695839
set_cover_cw_tour,1154.0,-4.354334490819726,47.834728060415415,-49.34905681223192,-0.2511020899824222,0.025192110692913394,-0.10206577222519145,0.01186670566767024,-0.0013716711030112992,0.004765722004371854
set_cover_cw_tour,1156.0,-4.8310312609800965,47.88325945327322,-49.542841614194074,-0.22559670233966017,0.023320044876393494,-0.09171894705609777,0.012715439116587986,-0.001475351737903472,0.00511012003174262
set_cover_cw_tour,1158.0,-5.255032855740243,47.927713707855055,-49.71524354395763,-0.19840709925932665,0.02111370210736212,-0.08068290914987977,0.013563889979583072,-0.0015828726499052097,0.005454491895504071
set_cover_cw_tour,1160.0,-5.622972540603977,47.96740697297179,-49.86488428781784,-0.16953498434790829,0.01855778638664525,-0.06895777086411946,0.014412053912621159,-0.001694232550353413,0.005798835832486096
set_cover_cw_tour,1162.0,-5.931487040331544,48.0016248158407,-49.99038576383944,-0.13898211325190044,0.01563701215908073,-0.05654365161061635,0.015259926573136974,-0.0018094301309295152,0.006143150079661569
set_cover_cw_tour,1164.0,-6.177216642995808,48.02962224324827,-50.090370135964186,-0.10675029363390517,0.012336104588267234,-0.04344067785447206,0.01610750362005655,-0.0019284640636661823,0.0064874328741553735
set_cover_cw_tour,1166.0,-6.356805303990153,48.050623723262355,-50.163459828116466,-0.07284138514824096,0.008639799831190325,-0.029648983113120763,0.016954780713819458,-0.0020513330009541107,0.006831682453253427
set_cover_cw_tour,1168.0,-6.466900749987107,48.06382320749348,-50.20827753830696,-0.03725729941606375,0.0045328453127232455,-0.015168707955305423,0.017801753516400995,-0.0021780355755489276,0.007175897054411716
set_cover_cw_tour,1170.0,-6.504154582846729,48.06838415390498,-50.22344625273419,-2.7755575615628914e-17,1.214306433183765e-17,4.85722573273506e-17,0.018648417691334445,-0.0023085704005781915,0.007520074915265304
set_cover_cw_tour,1172.0,-6.48326500881983,48.02476801535444,-50.21009104841611,0.02085669168452084,-0.04363186958741266,0.013355198619898447,0.010502640695794485,-0.021792301026244163,0.006613319473802865
set_cover_cw_tour,1174.0,-6.4218721719452585,47.89574569050572,-50.17063156340764,0.040504716427356285,-0.0854052746682602,0.026104269552650924,0.009994774181543849,-0.0208172447320133,0.006310289560686558
set_cover_cw_tour,1176.0,-6.32237553307846,47.68504412717657,-50.10628018349189,0.05896195173160279,-0.1253102099219222,0.038247082906723316,0.00949147896135729,-0.019839900447470735,0.006007227339141155
set_cover_cw_tour,1178.0,-6.187138766156912,47.3964101614876,-50.018249548027796,0.07624630696564207,-0.163336792390186,0.04978351499792606,0.008992757612086122,-0.018860288865694685,0.005704134360833054
set_cover_cw_tour,1180.0,-6.018489694795395,47.03361027297056,-49.907752537534485,0.09237572303726566,-0.1994752616439315,0.06071344835036241,0.00849861268716362,-0.01787843069137187,0.005401012177586132
set_cover_cw_tour,1182.0,-5.818720229533288,46.60043033934489,-49.77600226127378,0.10736817206750732,-0.2337159799481289,0.07103677169732896,0.008009046716591951,-0.016894346640691445,0.005097862341373791
set_cover_cw_tour,1184.0,-5.590086305734503,46.10067539096597,-49.62421204483096,0.12124165706418608,-0.2660494324251472,0.08075337998216847,0.007524062206929227,-0.01590805744123897,0.004794686404311018
set_cover_cw_tour,1186.0,-5.3348078221406094,45.53816936494848,-49.45359541769386,0.13401421159516277,-0.29646622721637284,0.08986317435907508,0.007043661641276651,-0.014919583831890274,0.004491485918646432
set_cover_cw_tour,1188.0,-5.055068580077739,44.9167548589682,-49.265366100830384,0.145703899461313,-0.3249570956421361,0.09836606219385172,0.006567847479265827,-0.013928946562705288,0.004188262436754343
set_cover_cw_tour,1190.0,-4.753016223317821,44.24029288474561,-49.0607379942646,0.15632881436921947,-0.35151289235994526,0.10626195706461986,0.006096622157046155,-0.01293616639482178,0.003885017511126799
set_cover_cw_tour,1192.0,-4.43076217859471,43.51266262121477,-48.84092516465142,0.16590707960358622,-0.37612459552102545,0.11355077876248162,0.005629988087272357,-0.011941264100349082,0.00358175269436564
set_cover_cw_tour,1194.0,-4.090381596775764,42.73776116738082,-48.60714183285003,0.17445684769937816,-0.3987833069251623,0.12023245329213411,0.005167947659092126,-0.01094426046226173,0.003278469539174547
set_cover_cw_tour,1196.0,-3.7339132946894114,41.919503294869386,-48.36060236149611,0.18199630011368845,-0.41948025217384804,0.126306912872436,0.004710503238133901,-0.009945176274293054,0.0029751695983510932
set_cover_cw_tour,1198.0,-3.3633596976092606,41.06182120017156,-48.102521242573005,0.18854364689733655,-0.43820678082172965,0.13177409593692654,0.004257657166494739,-0.00894403234082871,0.0026718544247787916
set_cover_cw_tour,1200.0,-2.9806867823952707,40.16866425658753,-47.834113084981865,0.1941171263662001,-0.45495436652635646,0.13663394713429672,0.00380941176272834,-0.007940849476800179,0.0023685255714191505
set_cover_cw_tour,1202.0,-2.5878240212925294,39.24399876587253,-47.556592602110946,0.19873500477228334,-0.4697146071962272,0.14088641732881269,0.0033657693218331693,-0.0069356485075781705,0.0020651845913037146
set_cover_cw_tour,1204.0,-2.1866643263881524,38.29180770958832,-47.27117459940405,0.20241557597452497,-0.4824792251371344,0.14453146360069155,0.0029267321152407037,-0.005928450268866025,0.001761833037526121
set_cover_cw_tour,1206.0,-1.7790639947268254,37.316090500163696,-46.9790739619283,0.20517716110934836,-0.4932400671968053,0.14756904924642944,0.002492302390803806,-0.004919275606593013,0.0014584724632341374
set_cover_cw_tour,1208.0,-1.3668426540855,36.320862731667475,-46.6815056419413,0.20703810826095712,-0.5019891049078374,0.14999914377908175,0.0020624823727852203,-0.003908145376807621,0.0011551044216217225
set_cover_cw_tour,1210.0,-0.9517832094077527,35.31015593029725,-46.379684646457775,0.2080167921313786,-0.5087184346289284,0.15182172292849566,0.001637274261846172,-0.002895080445570759,0.0008517304659210632
set_cover_cw_tour,1212.0,-0.5356317898983045,34.28801730458742,-46.07482602481579,0.20813161371025868,-0.513420277684398,0.15303676864149504,0.0012166802350351126,-0.0018801016888489314,0.000548352149394628
set_cover_cw_tour,1214.0,-0.12009769677819876,33.25850949533989,-45.76814485624267,0.2074009999444103,-0.5160869805020019,0.15364426908201745,0.000800702445776564,-0.0008632299924073543,0.0002449710253272126
set_cover_cw_tour,1216.0,0.29314664829887543,32.22571032528083,-45.46085623742067,0.205843403407119,-0.5167110147490349,0.15364421863120356,0.00038934302386009955,0.00015551374829699037,-5.841135298201468e-05
set_cover_cw_tour,1218.0,0.7024657541686299,31.19371254844699,-45.15417527005251,0.20347730196720812,-0.5152849774667241,0.15303661788743875,-1.739592457056043e-05,0.0011761086282223111,-0.00036179343222745956
set_cover_cw_tour,1220.0,1.106261110416116,30.166623599304867,-44.849317048426904,0.20032119845786656,-0.5118015912029087,0.1518214736663469,-0.0004195123170283397,0.0021985337328490765,-0.0006651736591050637
set_cover_cw_tour,1222.0,1.5029712369730852,29.148565341606286,-44.54749664698413,0.19639362034524238,-0.5062537041430073,0.1499987990007367,-0.0008170040946934566,0.0032227681382870715,-0.0009685504803202492
set_cover_cw_tour,1224.0,1.891071733052304,28.14367381698373,-44.24992910788174,0.19171311939680463,-0.4986342902392701,0.14756861314049985,-0.001209869222423975,0.0042487909113825256,-0.0012719223425958761
set_cover_cw_tour,1226.0,2.2690753254183633,27.15609899328889,-43.95782942856056,0.18629827134947657,-0.48893644933831576,0.14453094155246182,-0.0015981056887662236,0.0052765811098253075,-0.0015752876926801987
set_cover_cw_tour,1228.0,2.6355319159945285,26.190004512677863,-43.672412549311,0.18016767557754332,-0.4771534073069512,0.14088581592018484,-0.0019817115059650846,0.006306117782256139,-0.0018786449773548035
set_cover_cw_tour,1230.0,2.9890286288051815,25.24956743944642,-43.39489334083982,0.1733399547603366,-0.4632785161562737,0.13663327414372298,-0.002360684709974182,0.0073373799683738574,-0.0021819926434425803
set_cover_cw_tour,1232.0,3.3281898562534113,24.33897800761879,-43.126486591837455,0.16583375454969962,-0.44730525416405365,0.13177336033932963,-0.0027350233604659336,0.008370346699042748,-0.002485329137815662
set_cover_cw_tour,1234.0,3.6516773047333193,23.462439368293396,-42.868406996545914,0.15766774323723506,-0.42922722599539764,0.1263061248391173,-0.0031047255408414858,0.009404996996399894,-0.0027886529074033816
set_cover_cw_tour,1236.0,3.9581900395766025,22.624167336749004,-42.62186914232747,0.14886061142133894,-0.4090381628216901,0.12023162419066953,-0.0034697893582405197,0.010441309873962577,-0.00309196239920022
set_cover_cw_tour,1238.0,4.246464529332996,21.82839013931468,-42.388087497234146,0.13943107167402335,-0.38673192243781285,0.11354992115660525,-0.0038302129435509556,0.011479264336735748,-0.0033952560602737636
set_cover_cw_tour,1240.0,4.515274689384149,21.07934816000706,-42.16827639757811,0.12939785820753105,-0.3623024893776413,0.10626108471409529,-0.004185994451418515,0.012518839381319494,-0.0036985323377726476
set_cover_cw_tour,1242.0,4.7634319248905275,20.38129368693833,-41.96365003550312,0.11877972654074478,-0.33574397502781655,0.09836519005433117,-0.004537132060256165,0.013560013996016602,-0.004001789678934515
set_cover_cw_tour,1244.0,4.989785173070934,19.738490658498403,-41.77542244655704,0.10759545316539415,-0.30705061773979203,0.08986231858194631,-0.004883623972253452,0.014602767160940115,-0.004305026531093957
set_cover_cw_tour,1246.0,5.193220944814234,19.155214409314713,-41.60480749726556,0.09586383521206315,-0.2762167829401541,0.08075255791438936,-0.005225468413385705,0.01564707784812096,-0.004608241341690471
set_cover_cw_tour,1248.0,5.372663365622909,18.635751415993116,-41.45301887270729,0.08360369011600122,-0.24323696323921523,0.07103600188124995,-0.005562663633423112,0.016692925021615623,-0.0049114325582764054
set_cover_cw_tour,1250.0,5.527074215888032,18.184399042643314,-41.32127006409012,0.0708338552827406,-0.20810577853787893,0.06071275052353664,-0.0058952079059396935,0.017740287637613834,-0.0052145986285249074
set_cover_cw_tour,1252.0,5.655452970495288,17.805465286192284,-41.21077435632922,0.057573187753523186,-0.1708179761327758,0.04978291009290726,-0.006223099528322129,0.018789144644546323,-0.005517738000237876
set_cover_cw_tour,1254.0,5.756836837761664,17.503268521489165,-41.12274481562649,0.04384056387053962,-0.13136843081966923,0.038246593050851485,-0.006546336821778484,0.019839474983192586,-0.005820849121353903
set_cover_cw_tour,1256.0,5.830300797702424,17.282137246205068,-41.058394277051804,0.029654878941983574,-0.08975214499513014,0.026103918067825766,-0.006864918131346795,0.02089125758678874,-0.006123930439956222
set_cover_cw_tour,1258.0,5.874957639628018,17.14640982553126,-41.018935332125956,0.015035046906924261,-0.045964248756479836,0.01335501002234057,-0.007178841825903554,0.02194447138113535,-0.006426980404280655
set_cover_cw_tour,1260.0,5.8899579990705515,17.100434236679217,-41.00558031640553,-6.938893903907228e-18,-7.632783294297951e-17,-6.765421556309548e-17,-0.007488106298172056,0.02299909528470534,-0.006729997462723558
set_cover_cw_tour,1262.0,5.875865238787894,17.08160479052901,-41.03031427887978,-0.014106972294929817,-0.018818806049339176,-0.02473395192120012,-0.0070547823814163186,-0.009425347103710785,-0.012419473267136636
set_cover_cw_tour,1264.0,5.8340906524744325,17.026076138434952,-41.10339363691131,-0.027681153979048335,-0.03669960779805608,-0.04834537493004417,-0.006746759212698697,-0.008987663248281898,-0.01185827165049031
set_cover_cw_tour,1266.0,5.765707596405347,16.93571906976286,-41.222573089400214,-0.04071477256590523,-0.05364763034390628,-0.07083402670934918,-0.00643686210789132,-0.008551377582233677,-0.011297009319969421
set_cover_cw_tour,1268.0,5.671804953213882,16.81239387158331,-41.385606862107856,-0.05320007420330527,-0.06966815087035029,-0.09219967643775209,-0.006125092653654923,-0.008116498582414762,-0.010735689149214557
set_cover_cw_tour,1270.0,5.553487094487238,16.657950224599126,-41.59024873065028,-0.06512932380887118,-0.08476649854751377,-0.11244210479148373,-0.005811452446236585,-0.007683034718471723,-0.010174314012162447
set_cover_cw_tour,1272.0,5.411873843091526,16.474227099271697,-41.83425204349509,-0.07649480520542873,-0.09894805443244803,-0.1315611039460547,-0.005495943091461572,-0.007250994452805676,-0.009612886783031243
set_cover_cw_tour,1274.0,5.248100435226128,16.263052652147465,-42.11536974496162,-0.08728882125621268,-0.11221825136869171,-0.14955647757785273,-0.005178566204725111,-0.006820386240528987,-0.009051410336305812
set_cover_cw_tour,1276.0,5.063317482207824,16.02624412238598,-42.431354398224194,-0.09750369399989271,-0.12458257388513426,-0.16642804086565202,-0.00485932341098411,-0.006391218529421956,-0.008489887546723009
set_cover_cw_tour,1278.0,4.858690931985052,15.765607728490927,-42.77995820831834,-0.10713176478541783,-0.1360465580941824,-0.18217562049203384,-0.004538216344748853,-0.00596349975988958,-0.00792832128925696
set_cover_cw_tour,1280.0,4.635402030382657,15.48293856524553,-43.15893304514976,-0.1161653944066783,-0.14661579158923027,-0.19679905464471917,-0.0042152466500746215,-0.005537238364918326,-0.0073667144391043535
set_cover_cw_tour,1282.0,4.394647282077506,15.180020500853688,-43.566030466505836,-0.12459696323698378,-0.15629591334143428,-0.21029819301781277,-0.003890415980553284,-0.005112442770032973,-0.006805069871669704
set_cover_cw_tour,1284.0,4.137638411305326,14.858626074288283,-43.99900174106958,-0.13241887136335664,-0.16509261359579344,-0.22267289681295901,-0.003563725999304813,-0.004689121393253457,-0.006243390462550633
set_cover_cw_tour,1286.0,3.8656023222991416,14.520516392847995,-44.45559787143577,-0.13962353872063912,-0.17301163376653628,-0.23392303874040923,-0.0032351783789688012,-0.0042672826450517705,-0.005681679087523159
set_cover_cw_tour,1288.0,3.5797810594596906,14.167441029924051,-44.933569617129194,-0.14620340522541325,-0.18005876633181503,-0.2440485030200008,-0.0029047748016958605,-0.0038469349283089165,-0.00511993862252696
set_cover_cw_tour,1290.0,3.2814317672581814,13.801137922978278,-45.430667517624684,-0.15215093090973233,-0.1862398547277083,-0.25304918538204785,-0.002572516959139038,-0.0034280866382718727,-0.004558171943650657
set_cover_cw_tour,1292.0,2.9718266498717805,13.423333271733833,-45.9446419153689,-0.15745859605466284,-0.1915607932415329,-0.26092499306814343,-0.0022384065524451457,-0.0030107461625106142,-0.003996381927117081
set_cover_cw_tour,1294.0,2.652252930552206,13.03574143658001,-46.473242978803604,-0.16211890132363554,-0.196027526904466,-0.2676758448318736,-0.0019024452922460433,-0.002594921880875162,-0.0034345714492685503
set_cover_cw_tour,1296.0,2.324012810727811,12.640064837192474,-47.01422072539028,-0.16612436789560472,-0.19964605138347818,-0.27330167093944274,-0.0015646348986498885,-0.002180622165452694,-0.002872743386552152
set_cover_cw_tour,1298.0,1.9884234288395413,12.237993851370343,-47.565325044635934,-0.16946753759801414,-0.20242241287257887,-0.2778024131702107,-0.0012249771012323293,-0.00176785538052466,-0.0023109006155049936
set_cover_cw_tour,1300.0,1.6468168189111545,11.83120671409144,-48.12430572111984,-0.1721409730395689,-0.20436270798337464,-0.28117802481714155,-0.0008834736390276511,-0.001356629882523973,-0.0017490460127395063
set_cover_cw_tour,1302.0,1.3005398688540915,11.421369416787135,-48.68891245752113,-0.17413725774281186,-0.20547308363494168,-0.28342847068716387,-0.000540126260519856,-0.0009469540199922187,-0.0011871824549286817
set_cover_cw_tour,1304.0,0.9509542785073917,11.01013560683811,-49.25689489764701,-0.17544899627650326,-0.20575973694301314,-0.28455372710144256,-0.00019493672363373566,-0.0005388361335369091,-0.0006253128187913692
set_cover_cw_tour,1306.0,0.5994365174130456,10.599146487292453,-49.826002649461415,-0.17606881438780284,-0.2052289151084824,-0.28455378189556246,0.00015209320427414692,-0.00013228455578878276,-6.343998107754059e-05
set_cover_cw_tour,1308.0,0.24737778232718333,10.190030716807405,-50.39398530811397,-0.17598935913425284,-0.20388691530522343,-0.28342863441962324,0.0005009617464244978,0.0002726923886408589,0.0004984331814464425
set_cover_cw_tour,1310.0,-0.10381604553250479,9.784404309816173,-50.95859247896901,-0.1752032990155611,-0.20174008456722894,-0.28117829553824614,0.0008516671166243956,0.0006760863832027767,0.0010603037920125565
set_cover_cw_tour,1312.0,-0.4527244435027109,9.383870536921128,-51.51757380063457,-0.17370332410518266,-0.19879481967506754,-0.27780278763049226,0.0012042075192764277,0.0010778891194523656,0.0016221689738658424
set_cover_cw_tour,1314.0,-0.7979122907534147,8.990019825514779,-52.06867896799112,-0.17148214618169935,-0.1950575670416607,-0.2733021445896924,0.001558581149387895,0.0014780922970922086,0.002184025850279136
set_cover_cw_tour,1316.0,-1.1379299118293436,8.604429660629874,-52.6096577552198,-0.16853249885999544,-0.19053482259738067,-0.2676764118231882,0.0019147861925800456,0.0018766876240145524,0.0027458715445677993
set_cover_cw_tour,1318.0,-1.4713131204535794,8.228664486019976,-53.138260038830175,-0.1648471377222288,-0.18523313167447047,-0.2609256462519856,0.0022728208250973616,0.002273666816343785,0.0033077031801044387
set_cover_cw_tour,1320.0,-1.796583263592903,7.864275605471881,-53.65223582068709,-0.16041884044859633,-0.17915908889078658,-0.25304991631031915,0.002632683213816906,0.0026690215984788313,0.0038695178803336526
set_cover_cw_tour,1322.0,-2.112247265784462,7.512801084351225,-54.149335251036625,-0.1552404069478921,-0.17231933803286564,-0.24404930194512825,0.002994371516257705,0.0030627437031355382,0.004431312768786735
set_cover_cw_tour,1324.0,-2.4167976737233454,7.175765651382637,-54.62730865153091,-0.14930465948785748,-0.1647205719383163,-0.233923894615445,0.0033578838805901753,0.003454824871388989,0.0049930849690964264
set_cover_cw_tour,1326.0,-2.7087127011106524,6.854680600665775,-55.08390653825162,-0.14260444282532217,-0.15636953237753679,-0.2226737972916936,0.003723218445645611,0.0038452568527158016,0.0055548316050116195
set_cover_cw_tour,1328.0,-2.986456273761632,6.551043693928607,-55.51687964473195,-0.13513262433613443,-0.14727300993475986,-0.21029912445490137,0.004090373340925714,0.004234031405036357,0.006116549800412106
set_cover_cw_tour,1330.0,-3.2484780749734687,6.266339063019269,-55.92397894497701,-0.12688209414488005,-0.1374378438884255,-0.19680000209582138,0.004459346686612167,0.004621140294757016,0.006678236679323287
set_cover_cw_tour,1332.0,-3.493213591152299,6.0020371126378524,-56.30295567648226,-0.11784576525438846,-0.12687092209088296,-0.18217656771396668,0.004830136593576261,0.005006575296812256,0.007239889365930899
set_cover_cw_tour,1334.0,-3.7190841576990206,5.759594423309456,-56.65156136325004,-0.10801657367502493,-0.11557918084742298,-0.16642897031655624,0.005202741163388563,0.005390328194706798,0.007801504984595746
set_cover_cw_tour,1336.0,-3.924497005153476,5.54045365459984,-56.9675478388038,-0.0973874785537679,-0.10356960479464114,-0.1495573704173724,0.005577158488328643,0.005772390780557664,0.008363080659868419
set_cover_cw_tour,1338.0,-4.107845305596572,5.346043448575028,-57.24866726920005,-0.08595146230307016,-0.09084922677813356,-0.13156194003553012,0.005953386651394834,0.006152754855136212,0.008924613516504016
set_cover_cw_tour,1340.0,-4.2675082193099065,5.177778333506173,-57.49267217603767,-0.0737015307295026,-0.07742512772952607,-0.11244286269415764,0.006331423726314055,0.006531412227910102,0.009486100679476864
set_cover_cw_tour,1342.0,-4.4018509416924605,5.037058627821044,-57.6973154594646,-0.06063071316217981,-0.0633044365428377,-0.09220033341898909,0.006711267777551662,0.006908354717085244,0.01004753927399524
set_cover_cw_tour,1344.0,-4.509224750433928,4.92527034430344,-57.86035042118149,-0.046732062580965926,-0.04849432995017973,-0.07083455873686857,0.007092916860321373,0.0072835741496476815,0.010608926425516096
set_cover_cw_tour,1346.0,-4.587967052944233,4.843785094541876,-57.97953078744241,-0.03199865574445997,-0.033002032396791434,-0.04834575667416599,0.0074763690205952105,0.0076570623614054395,0.011170259259759755
set_cover_cw_tour,1348.0,-4.6364014340387945,4.793959993628854,-58.0526107320522,-0.016423593317759274,-0.01683481591541344,-0.024734156755104552,0.007861622295113517,0.008028811197030323,0.01173153490272466
set_cover_cw_tour,1350.0,-4.652837703879101,4.777137565112055,-58.07734489936046,-9.367506770274758e-17,5.551115123125783e-17,6.938893903907228e-18,0.008248674711395001,0.008398812510099673,0.012292750480702058
set_cover_cw_tour,1352.0,-4.685181156246303,4.775883499981387,-58.051191887695566,-0.0323444212374982,-0.0012296695413284383,0.026153000506358028,-0.016152883648332617,-0.000651427074135156,0.013002172961698148
set_cover_cw_tour,1354.0,-4.780745057374578,4.772418060072916,-57.97391980347616,-0.06322034349240221,-0.0022124823845182345,0.051119050743880415,-0.015415885761224381,-0.0005995242326204101,0.012408764272064754
set_cover_cw_tour,1356.0,-4.936591809152178,4.76722164175099,-57.84790280314269,-0.09262717290268521,-0.00296175600941344,0.0748978958227518,-0.014678897322573898,-0.0005509566304823731,0.011815292050056686
set_cover_cw_tour,1358.0,-5.149782670998063,4.76074800390363,-57.6755155407599,-0.12056436086149651,-0.0034908103783678913,0.09748929300870221,-0.01394192210573239,-0.0005057242164242551,0.01122175933422788
set_cover_cw_tour,1360.0,-5.417377850374459,4.753424263216458,-57.459133143703895,-0.1470314040192935,-0.0038129676972873373,0.11889301172486935,-0.01320496388398336,-0.00046382692207323675,0.010628169163442006
set_cover_cw_tour,1362.0,-5.736436593303236,4.745650889924566,-57.20113118834548,-0.17202784428554865,-0.00394155217666364,0.13910883355356748,-0.0124680264305233,-0.0004252646619808219,0.010034524576856893
set_cover_cw_tour,1364.0,-6.104017274885293,4.737801704042308,-56.90388567573018,-0.19555326883003166,-0.003889889792603082,0.15813655223796286,-0.011731113518442375,-0.0003900373336232707,0.00944082861390898
set_cover_cw_tour,1366.0,-6.517177489822068,4.73022387207105,-56.56977300725494,-0.21760731008366646,-0.0036713080478508802,0.17597597368365597,-0.010994228920705104,-0.0003581448174021281,0.008847084314297758
set_cover_cw_tour,1368.0,-6.972974142938344,4.723237904184865,-56.20116996034171,-0.23818964573896367,-0.003299135732814018,0.19262691596017012,-0.010257376410131016,-0.00032958697664483454,0.008253294717970183
set_cover_cw_tour,1370.0,-7.468463539705499,4.717137651894192,-55.80045366410824,-0.25729999875002785,-0.0027867026865844692,0.20808920930234684,-0.009520559759375382,-0.0003043636576054255,0.0076594628651051495
set_cover_cw_tour,1372.0,-8.000701476764334,4.712190306187436,-55.37000157503612,-0.2749381373321399,-0.0021473395579649328,0.22236269611164772,-0.008783782740909862,-0.00028247468946532024,0.0070655917960978885
set_cover_cw_tour,1374.0,-8.566743332446652,4.708636396150518,-54.91219145263632,-0.2911038749609147,-0.0013943775664991644,0.23544723095736292,-0.008047049127003183,-0.00026391988433419435,0.006471684551544418
set_cover_cw_tour,1376.0,-9.163644157294723,4.706689788064357,-54.429401335112395,-0.3057970703710339,-0.0005411482635090075,0.24734268057772618,-0.007310362689701869,-0.0002486990372509431,0.0058777441722259825
set_cover_cw_tour,1378.0,-9.788458764577786,4.706537684980269,-53.924009515021574,-0.31901762755455354,0.00039901670685978097,0.2580489238809364,-0.006573727200810886,-0.00023681192618473087,0.005283773699093459
set_cover_cw_tour,1380.0,-10.43824182080475,4.708340626773265,-53.398394514933905,-0.33076549575878733,0.0014127858465808152,0.2675658519460859,-0.005837146431874349,-0.00022825831203612628,0.004689776173251822
set_cover_cw_tour,1382.0,-11.110047936232228,4.712232490673221,-52.854935063089606,-0.34104066948376466,0.0024868280426773685,0.27589336802399483,-0.005100624154156214,-0.00022303793863832954,0.00409575463594454
set_cover_cw_tour,1384.0,-11.800931755367069,4.718320492273896,-52.296010069054866,-0.3498431884792642,0.0036078128061375826,0.2830313875379527,-0.004364164138620961,-0.00022115053275848038,0.003501712128538028
set_cover_cw_tour,1386.0,-12.507948047462527,4.7266851870197595,-51.72399859937623,-0.35717313774142245,0.004762410510812486,0.288979838084366,-0.0036277701559142873,-0.00022259580409905917,0.0029076516925060636
set_cover_cw_tour,1388.0,-13.228151797007227,4.737380472170602,-51.14127985323383,-0.3630306475089178,0.005937292632294733,0.2937386594333125,-0.0028914459763438017,-0.00022737344529937366,0.0023135763694142174
set_cover_cw_tour,1390.0,-13.958598294206071,4.750433589243878,-50.55023313809356,-0.36741589325872975,0.00711913198677597,0.2973078035290021,-0.002155195369859745,-0.0002354831319371308,0.0017194892009042891
set_cover_cw_tour,1392.0,-14.696343225452242,4.765845126934739,-49.95323784535842,-0.37032909570147365,0.008294602969880719,0.29968723449014406,-0.0014190221060356365,-0.00024692452253009887,0.0011253932286787137
set_cover_cw_tour,1394.0,-15.438442763789446,4.783589024513716,-49.35267342601925,-0.37177052077631073,0.0094503817954747,0.30087692861022103,-0.0006829299540490229,-0.00026169725853785586,0.0005312914944850082
set_cover_cw_tour,1396.0,-16.181953659363558,4.803612575701981,-48.75091936630498,-0.37174047964543355,0.010573146734445482,0.3008768743576693,5.307731733784364e-05,-0.00027980096436362495,-6.281295989981131e-05
set_cover_cw_tour,1398.0,-16.923933329862802,4.825836433024154,-48.15035516333263,-0.3702393286881271,0.011649578353453366,0.29968707237596576,0.0007889959397972962,-0.0003012352473561977,-0.0006569170926848007
set_cover_cw_tour,1400.0,-17.66143995094565,4.850154612638562,-47.553360300757234,-0.3672674694944053,0.012666359753650425,0.2973075354836213,0.0015248221454555423,-0.00032599969781194445,-0.001251017862080657
set_cover_cw_tour,1402.0,-18.391532546655544,4.876434499644921,-46.96231422442185,-0.36282534885822326,0.013610176809365578,0.29373828867408075,0.002260552166911963,-0.00035409388897691187,-0.0018451122263153062
set_cover_cw_tour,1404.0,-19.111271079821638,4.904516853869341,-46.37959631800789,-0.356913458770265,0.01446771840675362,0.28897936911552924,0.002996182237258401,-0.0003855173770490079,-0.002439197143649468
set_cover_cw_tour,1406.0,-19.817716542444675,4.934215816126594,-45.807585878685884,-0.3495323364103071,0.015225676682406108,0.2830308261506052,0.0037317085900984447,-0.0004202697011802739,-0.003033269572392224
set_cover_cw_tour,1408.0,-20.507931046067192,4.965318914959567,-45.248662092766985,-0.34068256413915826,0.015870747261922016,0.27589272129602005,0.0044671274595667046,-0.00045835038347924424,-0.003627326470916601
set_cover_cw_tour,1410.0,-21.17897791212714,4.997587073855807,-44.70520401135526,-0.33036476949017407,0.016389629498436052,0.2675651282420839,0.005202435080348109,-0.0004997589290133936,-0.004221364797675134
set_cover_cw_tour,1412.0,-21.827921762294164,5.030754618941087,-44.17959052600104,-0.3185796251603486,0.016769026711102544,0.2580481328521382,0.005937627687697177,-0.0005444948258116699,-0.004815381511215458
set_cover_cw_tour,1414.0,-22.451828608787576,5.064529287149888,-43.67420034435556,-0.3053278490009814,0.016995646423532823,0.2473418331618949,0.006672701517457284,-0.000592557544867117,-0.005409373570195851
set_cover_cw_tour,1416.0,-23.047765944675298,5.098592234872711,-43.191411965826894,-0.29061020400792087,0.017056200602183984,0.23544633937868198,0.007407652806079947,-0.0006439465401395818,-0.0060033379334008315
set_cover_cw_tour,1418.0,-23.61280283415284,5.132598047080109,-42.73360365723761,-0.27442749831138347,0.016937405894696944,0.22236177388059555,0.008142477790644085,-0.0006986612485585107,-0.006597271559756718
set_cover_cw_tour,1420.0,-24.144010002801494,5.166174746923356,-42.30315342848414,-0.2567805851653498,0.016625983868181708,0.2080882712155586,0.008877172708875294,-0.0007567010900258327,-0.007191171408347196
set_cover_cw_tour,1422.0,-24.638459927824893,5.198923805811615,-41.90243900819815,-0.23767036293653626,0.016108661247447736,0.19262597810028617,0.009611733799165103,-0.0008180654674189293,-0.007785034438428896
set_cover_cw_tour,1424.0,-25.0932269282631,5.230420153965528,-41.53383781941011,-0.21709777509294376,0.015372170153177345,0.17597505341915726,0.01034615730059023,-0.0008827537665936904,-0.008378857609446956
set_cover_cw_tour,1426.0,-25.505387255183365,5.260212191447076,-41.19972695521511,-0.19506381019198257,0.014403248340040031,0.15813566822299308,0.011080439452931847,-0.0009507653563876611,-0.008972637881050592
set_cover_cw_tour,1428.0,-25.87201918184671,5.287821799665624,-40.902483154441356,-0.17156950186817402,0.01318863943474563,0.139108005727742,0.011814576496694828,-0.0010220995886232715,-0.009566372213108663
set_cover_cw_tour,1430.0,-26.190203093849497,5.312744353359993,-40.64448277732125,-0.14661592882042881,0.011715093174034233,0.11889226131307123,0.012548564673126993,-0.0010967557981111564,-0.010160057565725234
set_cover_cw_tour,1432.0,-26.45702157923912,5.3344487330564645,-40.42810178116549,-0.12020421479890217,0.009969365642600755,0.09748864252086471,0.01328240022423836,-0.0011747333026535592,-0.010753690899255146
set_cover_cw_tour,1434.0,-26.669559518603,5.352377338002549,-40.255715696040184,-0.09233552859142596,0.00793821951095208,0.07489736905362798,0.014016079392820383,-0.0012560314030478272,-0.011347269174319576
set_cover_cw_tour,1436.0,-26.824904175129987,5.365946099576412,-40.12969960044732,-0.06301108400951784,0.005608424273194684,0.051118672772799495,0.014749598422465184,-0.0013406493830899905,-0.011940789351821593
set_cover_cw_tour,1438.0,-26.920145284643418,5.374544495171801,-40.052428097008644,-0.03223213987396748,0.002966756484750649,0.026152797696968558,0.015482953557584795,-0.0014285865095784275,-0.012534248392961732
set_cover_cw_tour,1440.0,-26.952375145604858,5.377535562558326,-40.02627528815324,-2.0122792321330962e-16,-3.903127820947816e-18,-4.163336342344337e-17,0.01621614104343038,-0.0015198420323176212,-0.013127643259253535
set_cover_cw_tour,1442.0,-26.95172288559946,5.350317808724385,-40.01618748988774,0.0006317316502706153,-0.027218230313796464,0.010087793961410402,0.00045015458899725887,-0.013608377211678539,0.004992668032486916
set_cover_cw_tour,1444.0,-26.949997311177903,5.26989589281214,-39.986381931717474,0.001074245351568818,-0.053204019361765026,0.019717751491911496,0.00041573434281295995,-0.012990942266625406,0.004763775446261974
set_cover_cw_tour,1446.0,-26.947565670027647,5.1387358356358055,-39.93777438498063,0.0013387296964751535,-0.07795623730029386,0.028889774505871206,0.00038411500997684203,-0.01237335789155347,0.004534858469698084
set_cover_cw_tour,1448.0,-26.94477283009193,4.959305841707695,-39.87128081249803,0.0014363758079691104,-0.10147383027678672,0.03760376960635328,0.00035529675237861986,-0.011755636762274297,0.004305918274840973
set_cover_cw_tour,1450.0,-26.941941274709677,4.734076147243661,-39.787817359195046,0.0013783771387171862,-0.12375582044206068,0.045859648085833184,0.00032927971756661445,-0.011137791555299646,0.004076956033855239
set_cover_cw_tour,1452.0,-26.93937109815684,4.465518868144751,-39.68830034272207,0.0011759292703414981,-0.14480130596170526,0.05365732592687803,0.0003060640387469982,-0.010519834947776517,0.003847972919018363
set_cover_cw_tour,1454.0,-26.937340001589245,4.156107847957198,-39.5736462440737,0.0008402297126706805,-0.16460946102640356,0.06099672380279052,0.0002856498347831155,-0.009901779617422307,0.003618970102714697
set_cover_cw_tour,1456.0,-26.93610328938694,3.8083185058127937,-39.44477169820665,0.0003824777029748156,-0.18317953586121488,0.06787776707821677,0.00026803721019487024,-0.009283638242459853,0.003389948757429459
set_cover_cw_tour,1458.0,-26.935893865900084,3.4246276843517425,-39.302593484656484,-0.00018612599481382787,-0.20051085673381897,0.07430038580971828,0.0002532262551581924,-0.008665423501552536,0.003160910055742738
set_cover_cw_tour,1460.0,-26.93692223259642,3.007513497630063,-39.148028518153254,-0.0008543792908924867,-0.2166028259617219,0.08026451474630764,0.0002412170455045777,-0.008047148073739383,0.002931855170323492
set_cover_cw_tour,1462.0,-26.939376485610328,2.559455179013617,-38.98199383923609,-0.0016110789703902722,-0.2314549219184232,0.08577009332994845,0.00023200964272069658,-0.00742882463837011,0.0027027852739235324
set_cover_cw_tour,1464.0,-26.943422313693507,2.082932929060842,-38.805406604866825,-0.0024450208941794423,-0.2450666990385446,0.09081706569601902,0.00022560409394808197,-0.006810465875040255,0.002473701539371525
set_cover_cw_tour,1466.0,-26.949202996567266,1.5804277633962656,-38.619184079042746,-0.003345000199693823,-0.2574377878219201,0.09540538067374012,0.0002220004319828853,-0.006192084463526224,0.0022446051395669927
set_cover_cw_tour,1468.0,-26.956839403676486,1.0544213605768775,-38.42424362340849,-0.004299811501752609,-0.26856789483664734,0.09953499178656662,0.00022119867527571266,-0.0055736930837203755,0.0020154972474743012
set_cover_cw_tour,1470.0,-26.966429993345205,0.5073959099534389,-38.221502687867265,-0.005298249093387788,-0.27845680272110024,0.1032058572525432,0.0002231988279315254,-0.004955304415566113,0.0017863790361166542
set_cover_cw_tour,1472.0,-26.978050812333876,-0.05816604047119611,-38.01187880119127,-0.006329107146673423,-0.28710437018490326,0.10641793998462391,0.00022800087970962265,-0.004336931138992951,0.0015572516785700907
set_cover_cw_tour,1474.0,-26.991755495798284,-0.6397817361846686,-37.796289561631674,-0.007381179913555031,-0.2945105320088666,0.10917120759095568,0.0002356048060236912,-0.003718585933851606,0.0013281163479574812
set_cover_cw_tour,1476.0,-27.007575267650118,-1.234968368306534,-37.57565262752791,-0.008443261926677286,-0.30067529904388296,0.11146563237512583,0.00024601056794193454,-0.003100281479849062,0.0010989742174425136
set_cover_cw_tour,1478.0,-27.025518941319188,-1.8412432257264368,-37.35088570791661,-0.009504148200208298,-0.30559875820878535,0.11330119133637351,0.0002592181121872693,-0.0024820304564836674,0.0008698264602236922
set_cover_cw_tour,1480.0,-27.045572920917294,-2.456123847236962,-37.122906553140126,-0.010552634430658703,-0.30928107248716674,0.1146778661697651,0.00027522737113759967,-0.0018638455429802003,0.000640674249528332
set_cover_cw_tour,1482.0,-27.067701202803725,-3.0771281736590876,-36.89263294545473,-0.011577517197693784,-0.3117224809231606,0.11559564326633348,0.00029403826282616236,-0.0012457394182249612,0.000411518758606547
set_cover_cw_tour,1484.0,-27.091845377552378,-3.701774699958158,-36.660982689638544,-0.012567594164936888,-0.3129232986161832,0.11605451371318136,0.00031565069094194797,-0.0006277247607008609,0.00018236116072524542
set_cover_cw_tour,1486.0,-27.11792463232046,-4.327582627348306,-36.42887360359938,-0.013511664280762357,-0.3128839167146369,0.11605447329354844,0.0003400645448301923,-9.81424842249113e-06,-4.679737083787463e-05
set_cover_cw_tour,1488.0,-27.14583575361878,-4.952072015383242,-36.19722350898239,-0.014398527979076203,-0.31160480240857574,0.11559552248684256,0.00036727969949294456,0.0006079794411287664,-0.00027595566280033505
set_cover_cw_tour,1490.0,-27.175453130483575,-5.5727639340313315,-35.96695022177775,-0.015216987380082805,-0.3090864989213319,0.11467766646863484,0.0003972960155897053,0.0012256436310696642,-0.0005051125418808859
set_cover_cw_tour,1492.0,-27.20662875804987,-6.187180615732897,-35.73897154292836,-0.01595584649103581,-0.3053296255001041,0.11330091511061866,0.00043011333943814175,0.00184316564517998,-0.0007342668348055102
set_cover_cw_tour,1494.0,-27.239192241526297,-6.79284560743765,-35.51420524893768,-0.016603911406971514,-0.30033487740550796,0.11146528298053265,0.00046573150301487405,0.002460532807967436,-0.0009634173683134312
set_cover_cw_tour,1496.0,-27.27295080057139,-7.387283922620187,-35.29356908247774,-0.017149990511422967,-0.29410302590008763,0.10917078934204766,0.0005041503239563356,0.0030777324447325786,-0.0011925629691631233
set_cover_cw_tour,1498.0,-27.307689274071276,-7.968022193271473,-35.07798074299744,-0.017582894677112996,-0.28663491823579,0.10641745815461753,0.0005453696055597062,0.003694751881633684,-0.0014217024641383115
set_cover_cw_tour,1500.0,-27.34317012531872,-8.532588821864234,-34.86835787733114,-0.01789143746662443,-0.27793147764040055,0.10320531807329396,0.0005893891367839191,0.004311578445751643,-0.0016508346800539861
set_cover_cw_tour,1502.0,-27.3791334475935,-9.078514133290184,-34.66561807030771,-0.018064435333045744,-0.26799370330294137,0.09953440244850524,0.0006362086922507428,0.004928199465154853,-0.0018799584437624046
set_cover_cw_tour,1504.0,-27.415296970144034,-9.60333052676701,-34.47067883535998,-0.018090707820590364,-0.25682267035803164,0.09540474932579894,0.0006858280322459339,0.0055446022689640845,-0.002109072582159099
set_cover_cw_tour,1506.0,-27.45135606457024,-10.10457262771304,-34.28445760513487,-0.017959077765187875,-0.24441952986921045,0.09081640144554858,0.0007382469027204645,0.006160774187417366,-0.0023381759221888835
set_cover_cw_tour,1508.0,-27.486983751607525,-10.579777439587518,-34.10787172210398,-0.017658371495045365,-0.2307855088112222,0.08576940624262419,0.000793465035291823,0.006776702551934849,-0.0025672672908518593
set_cover_cw_tour,1510.0,-27.52183070831187,-11.026484495694419,-33.941838429175014,-0.01717741903117714,-0.2159219100512646,0.08026381584602692,0.0008514821472453889,0.007392374695183677,-0.0027963455152094194
set_cover_cw_tour,1512.0,-27.555525275645955,-11.44223601094771,-33.787274860303896,-0.016505054287901083,-0.19983011232919967,0.07429968707848746,0.0009122979415358786,0.008007777951142827,-0.0030254094223902566
set_cover_cw_tour,1514.0,-27.587673466466228,-11.824577033596011,-33.64509803110774,-0.015630115273299838,-0.18251157023672776,0.06787708145602857,0.0009759121067888687,0.008622899655167974,-0.003254457839596366
set_cover_cw_tour,1516.0,-27.61785897391087,-12.171055596904555,-33.51622482947876,-0.014541444289645112,-0.16396781419552472,0.0609960651874915,0.0010423243173023878,0.009237727144056325,-0.003483489594109053
set_cover_cw_tour,1518.0,-27.645643180188557,-12.479222870792395,-33.40157200619909,-0.013227888133783314,-0.14420045043434254,0.05365670917402633,0.0011115342330485854,0.00985224775611146,-0.0037125035132949315
set_cover_cw_tour,1520.0,-27.670565165767968,-12.746633313422768,-33.30205616555676,-0.011678298297480766,-0.1232111609650736,0.045859089008546385,0.001183541499675473,0.01046644883120815,-0.003941498424611934
set_cover_cw_tour,1522.0,-27.692141718967928,-12.970844822744557,-33.21859375596272,-0.009881531167726738,-0.10100170355777863,0.03760328497514653,0.001258345748508737,0.011080317710857192,-0.004170473155615312
set_cover_cw_tour,1524.0,-27.709867345948123,-13.149418887982769,-33.1521010605691,-0.007826448226992539,-0.07757391171467876,0.028889382048485474,0.0013359465965536287,0.0116938417382702,-0.00439942653396364
set_cover_cw_tour,1526.0,-27.723214281100287,-13.279920741075966,-33.10349418788872,-0.005501916253444917,-0.052929694643111785,0.019717469893132077,0.0014163436464969229,0.012307008258424424,-0.004628357387424817
set_cover_cw_tour,1528.0,-27.731632497839758,-13.359919508058566,-33.073689062415966,-0.002896807521112001,-0.027071037227452893,0.01008764286287559,0.001499536486708952,0.012919804618127537,-0.004857264543882068
set_cover_cw_tour,1530.0,-27.73454971979734,-13.386988360385956,-33.06360141524907,-2.3418766925686896e-17,-8.673617379884035e-17,-6.765421556309548e-17,0.001585524691245717,0.013532218166082412,-0.005086146831339945
set_cover_cw_tour,1532.0,-27.748658160910075,-13.38154070852987,-33.03255871044154,-0.01410434228830726,0.0054582899732352206,0.031042691562691755,-0.006951816493609143,0.0027131831668081923,0.01547903793027126
set_cover_cw_tour,1534.0,-27.79029949120958,-13.365340575565314,-32.940839458089606,-0.027533048583533816,0.010751971513995172,0.06067652165599096,-0.006626056024467659,0.002599729157867114,0.01477468606319949
set_cover_cw_tour,1536.0,-27.858124637770764,-13.338723178248541,-32.791261685349845,-0.04028832074407866,0.01587504639171909,0.0889011872644084,-0.006300914097565806,0.0024848023297663587,0.0140702585503285
set_cover_cw_tour,1538.0,-27.950788951486523,-13.30203571419624,-32.58664401098198,-0.052372380723418564,0.020821531991686973,0.11571639980059548,-0.005976392377617186,0.0023684054854661817,0.013365758998298862
set_cover_cw_tour,1540.0,-28.0669522472148,-13.255637330547927,-32.32980561649029,-0.06378747052697724,0.025585461420914557,0.14112188510755933,-0.005652492526159972,0.002250541435453261,0.012661191014119989
set_cover_cw_tour,1542.0,-28.205278843839192,-13.19989909241677,-32.023566217260836,-0.07453585216880698,0.030160883613823852,0.16511738346076732,-0.005329216201548394,0.0021312129977263073,0.011956558205151655
set_cover_cw_tour,1544.0,-28.364437604242717,-13.135203951129302,-31.67074603369449,-0.08461980762808297,0.034541863437688364,0.18770264957014057,-0.005006565058944248,0.0020104229977816416,0.011251864179085545
set_cover_cw_tour,1546.0,-28.543101975194404,-13.061946712254464,-31.27416576233615,-0.09404163880541053,0.03872248179785206,0.20887745258193674,-0.0046845407503084266,0.0018881742685987197,0.010547112543926769
set_cover_cw_tour,1548.0,-28.739950027148303,-12.980534003422438,-30.83664654700028,-0.10280366747894593,0.04269683574272119,0.22864157608052182,-0.004363144924392455,0.0017644696506256361,0.009842306907975388
set_cover_cw_tour,1550.0,-28.953664493954548,-12.891384241933729,-30.36100994989303,-0.1109082352603309,0.04645903856852804,0.24699481809003124,-0.004042379226730055,0.0016393119917645768,0.009137450879807961
set_cover_cw_tour,1552.0,-29.182932812482104,-12.79492760215894,-29.85007792273112,-0.11835770355044142,0.050003219923865604,0.2639369910759199,-0.0037222452996287137,0.0015127041473572366,0.008432548068259035
set_cover_cw_tour,1554.0,-29.426447162152826,-12.691605982729719,-29.30667277785775,-0.12515445349495105,0.05332352591399247,0.27946792194640147,-0.0034027447821612816,0.0013846489801702042,0.007727602082402689
set_cover_cw_tour,1556.0,-29.682904504386464,-12.581872973521309,-28.733617159355752,-0.13130088593970923,0.05641411920490677,0.2935874520537766,-0.0030838793101575714,0.0012551493603803034,0.007022616531534055
set_cover_cw_tour,1558.0,-29.951006621956232,-12.466193822427206,-28.133734014158186,-0.13679942138593512,0.05926917912718844,0.30629543719565056,-0.002765650516195995,0.0011242081655598961,0.006317595025150849
set_cover_cw_tour,1560.0,-30.229460158254593,-12.345045401926344,-27.5098465631566,-0.14165249994522694,0.0618829017796088,0.31759174761603937,-0.0024480600295951954,0.0009918282806621488,0.005612541172934856
set_cover_cw_tour,1562.0,-30.516976656468856,-12.218916175443303,-26.864778272307213,-0.14586258129438778,0.06424950013250659,0.32747626800636565,-0.0021311094764057095,0.0008580125980062678,0.004907458584733484
set_cover_cw_tour,1564.0,-30.812272598666272,-12.088306163501999,-26.201352823735196,-0.1494321446300678,0.06636320413092955,0.33594889750634327,-0.0018148004794016374,0.0007227640172626816,0.004202350870541268
set_cover_cw_tour,1566.0,-31.114069444788203,-11.953726909673328,-25.52239408683731,-0.15236368862322336,0.06821826079754062,0.3430095497047509,-0.0014991346580723389,0.0005860854454382019,0.003497221640481378
set_cover_cw_tour,1568.0,-31.42109367155305,-11.815701446317227,-24.8307260893831,-0.1546597313733938,0.0698089343352878,0.3486581526400947,-0.0011841136286141422,0.00044797979686113777,0.0027920745047871585
set_cover_cw_tour,1570.0,-31.732076811267522,-11.674764260119641,-24.12917298861487,-0.1563228103627957,0.07112950622983696,0.3528946488011603,-0.0008697390039220666,0.0003084499931663722,0.002086913073783621
set_cover_cw_tour,1572.0,-32.04575549054596,-11.53146125742485,-23.420559042346675,-0.15735548241023536,0.0721742753517665,0.3557189951274535,-0.0005560123935815602,0.00016749896328040496,0.0013817409578689606
set_cover_cw_tour,1574.0,-32.36087146893723,-11.386349729363664,-22.707708580062544,-0.1577603236248402,0.07293755805852302,0.3571311630095302,-0.00024293540386026788,2.512964340635964e-05,0.0006765617674960936
set_cover_cw_tour,1576.0,-32.67617167745901,-11.239998316777926,-21.993445974014143,-0.15753992935960856,0.07341368829613719,0.35713113828921533,6.94903623001961e-05,-0.00011865502299105416,-2.8620886845850263e-05
set_cover_cw_tour,1578.0,-32.99040825703886,-11.092986974941843,-21.280595610318116,-0.15669691416477954,0.07359701770069882,0.35571892125971083,0.0003812633052924586,-0.0002638520852006113,-0.0007338033946500001
set_cover_cw_tour,1580.0,-33.30233859686195,-10.945906938080588,-20.57198186005332,-0.1552339117410222,0.07348191569959027,0.35289452666559257,0.0006923818288515733,-0.000410458585279674,-0.001438982145410243
set_cover_cw_tour,1582.0,-33.61072537262497,-10.799360683686698,-19.870429050358183,-0.1531535748924451,0.07306276961247739,0.3486579837026964,0.0010028443400631963,-0.0005584715580693395,-0.002144153528639699
set_cover_cw_tour,1584.0,-33.914336584695846,-10.653961896634721,-19.178761435528394,-0.1504585754794267,0.07233398475205696,0.3430093360178933,0.0013126492493717378,-0.0007078880312096239,-0.0028493139338892064
set_cover_cw_tour,1586.0,-34.211945596178964,-10.510335433094614,-18.49980316811516,-0.14715160437126637,0.0712899845245599,0.33594864170875344,0.0016217949705885086,-0.0008587050251546746,-0.0035544597507658187
set_cover_cw_tour,1588.0,-34.50233117088551,-10.369117284244378,-17.83637827002424,-0.14323537139865727,0.06992521053000916,0.32747597332309936,0.0019302799208998317,-0.0010109195531880302,-0.0042595873689512675
set_cover_cw_tour,1590.0,-34.78427751120859,-10.230954539782436,-17.191310603615985,-0.13871260530598095,0.06823412266223174,0.31759141785844813,0.0022381025208751504,-0.0011645286214379104,-0.004964693178220474
set_cover_cw_tour,1592.0,-35.05657429590274,-10.096505351240214,-16.5674238428066,-0.13358605370342413,0.06621119920862356,0.30629507676134266,0.002545261194475117,-0.0013195292288925471,-0.005669773568460015
set_cover_cw_tour,1594.0,-35.31801671776749,-9.966438895095452,-15.967541444170875,-0.12785848301891847,0.06385093694966663,0.293587065926572,0.00285175436905966,-0.0014759183674155438,-0.00637482492968661
set_cover_cw_tour,1596.0,-35.567405521234676,-9.84143533568673,-15.394486618046553,-0.12153267844990319,0.061147851258197515,0.27946751569628075,0.0031575804753960373,-0.0016336930217612838,-0.0070798436520656104
set_cover_cw_tour,1598.0,-35.80354703985904,-9.722185787929703,-14.85108229964062,-0.11461144391491142,0.058096476198426124,0.2639365708589674,0.0034627379476668647,-0.0017928501695903625,-0.007784826125929472
set_cover_cw_tour,1600.0,-36.025253233711865,-9.609392279835545,-14.340151120137694,-0.10709760200498047,0.054691364624704204,0.24699439064837175,0.0037672252234781435,-0.001953386781485067,-0.008489768741796244
set_cover_cw_tour,1602.0,-36.23134172667725,-9.503767714832115,-13.864515377810752,-0.09899399393488659,0.050927088280042415,0.22864114874225186,0.0040710407438672505,-0.0021152998209648813,-0.00919466789038805
set_cover_cw_tour,1604.0,-36.42063584365067,-9.40603583388834,-13.42699700913442,-0.09030347949420435,0.04679823789437528,0.20887703326104934,0.004374182953310924,-0.002278586244502037,-0.00989951996264956
set_cover_cw_tour,1606.0,-36.59196464763947,-9.316931177442312,-13.030417559901029,-0.08102893699819153,0.04229942328257308,0.18770224676644434,0.004676650299733227,-0.0024432430015370937,-0.010604321349766478
set_cover_cw_tour,1608.0,-36.744162976765,-9.237199047133624,-12.677598156339695,-0.07117326323849951,0.037425273442199834,0.16511700625979933,0.004978441234513495,-0.0026092670344945584,-0.011309068443184002
set_cover_cw_tour,1610.0,-36.87607148116592,-9.167595467340444,-12.3713594762386,-0.0607393734337099,0.03217043665101657,0.14112154318049216,0.005279554212494262,-0.0027766552787985405,-0.012013757634625328
set_cover_cw_tour,1612.0,-36.9865366598025,-9.108887146521836,-12.11452172007073,-0.049730201179697564,0.026529580564228914,0.11571610340413817,0.0055799876919891776,-0.0029454046628884438,-0.012718385316110093
set_cover_cw_tour,1614.0,-37.07441089716139,-9.061851438365835,-11.909904582123273,-0.038148698399820775,0.020497392311478235,0.08890094724070143,0.005879740134790892,-0.0031155121082346872,-0.013422947879972877
set_cover_cw_tour,1616.0,-37.13855249986064,-9.027276302743815,-11.760327221630913,-0.0259978352949387,0.014068578593575463,0.060676349432495204,0.006178810006178935,-0.003286974529354475,-0.014127441718881641
set_cover_cw_tour,1618.0,-37.17782573315455,-9.005960266471627,-11.668608233913229,-0.013280600293256714,0.007237865778976727,0.031042599152071554,0.006477195774927581,-0.0034597888338275865,-0.014831863225856234
set_cover_cw_tour,1620.0,-37.191100857338114,-8.99871238387806,-11.637565621516424,-3.9898639947466563e-17,-3.8163916471489756e-17,6.245004513516506e-17,0.0067748959133136786,-0.003633951922312214,-0.01553620879428683
set_cover_cw_tour,1622.0,-37.128037070024256,-9.025223523399125,-11.673795461548078,0.06304383629927089,-0.02655868996347525,-0.03622982457369698,0.031694644002896906,-0.013207996715720292,-0.01812982371830126
set_cover_cw_tour,1624.0,-36.941919369753506,-9.104020416720605,-11.780840712735396,0.12305469943918591,-0.052283466198263434,-0.0708153809413255,0.030236831415532912,-0.012651820757660998,-0.017307781661419636
set_cover_cw_tour,1626.0,-36.63880296627069,-9.233408345942605,-11.955412482956188,0.18004333851887233,-0.07714744636928819,-0.10375631479608338,0.02878201513968865,-0.012089054294449418,-0.016485650989391077
set_cover_cw_tour,1628.0,-36.22472148113306,-9.411638904428672,-12.194221188313312,0.2340205925970686,-0.10112382414291966,-0.13505228867011457,0.027330202623964996,-0.011519710902653297,-0.015663435911491597
set_cover_cw_tour,1630.0,-35.70568676800027,-9.63691014928283,-12.493976586815172,0.2849973904828378,-0.12418586966095761,-0.1647029819371012,0.025881401301583735,-0.010943804192513973,-0.014841140637429372
set_cover_cw_tour,1632.0,-35.08768873334369,-9.90736675477349,-12.85138781206127,0.3329847505254405,-0.1463069300135263,-0.1927080908147264,0.02443561859034943,-0.01036134780787673,-0.014018769377323173
set_cover_cw_tour,1634.0,-34.37669515757686,-10.221100166702062,-13.263163406932556,0.3779937804033701,-0.16746042971087663,-0.21906732836700774,0.022992861892611502,-0.00977235542612092,-0.013196326341680827
set_cover_cw_tour,1636.0,-33.57865151660872,-10.576148757714076,-13.726011357286316,0.42003567691255117,-0.18761987115409182,-0.24378042450650128,0.021553138595226295,-0.009176840758089912,-0.01237381574137764
set_cover_cw_tour,1638.0,-32.69948080382123,-10.97049798355061,-14.23663912565534,0.4591217257537036,-0.20675883510469212,-0.26684712599637633,0.020116456069519263,-0.008574817548020957,-0.011551241787634847
set_cover_cw_tour,1640.0,-31.74508335247313,-11.402080540237822,-14.791753684951106,0.4952633013188741,-0.2248509811531348,-0.28826719645236065,0.018682821671247234,-0.007966299573474752,-0.010728608691998057
set_cover_cw_tour,1642.0,-30.721336658531463,-11.868776522212382,-15.388061552170724,0.5284718664771371,-0.24187004818620492,-0.3080404163445564,0.017252242740560763,-0.007351300645264937,-0.009905920666315685
set_cover_cw_tour,1644.0,-29.63409520393252,-12.368413581380562,-16.022268822107392,0.5587589723594665,-0.25778985485329325,-0.32616658299912665,0.015824726601966484,-0.006729834607387372,-0.009083181922717367
set_cover_cw_tour,1646.0,-28.489190280273874,-12.898767087108773,-16.691081201064087,0.5861362581427811,-0.2725843000315567,-0.3426455105998522,0.014400280564289712,-0.006101915336949266,-0.008260396673592428
set_cover_cw_tour,1648.0,-27.29242981293914,-13.457560287143304,-17.391204040570237,0.6106154508331646,-0.28622736328995785,-0.3574770301895595,0.012978911920636937,-0.005467556744098115,-0.0074375691315682994
set_cover_cw_tour,1650.0,-26.049598185657132,-14.042464469457006,-18.119342371101137,0.6322083650482622,-0.2986931053521788,-0.3706609896714185,0.011560627948358533,-0.004826772771950483,-0.006614703509488947
set_cover_cw_tour,1652.0,-24.766456065497028,-14.651099125020684,-18.872200935799807,0.6509269027988569,-0.3099556685584058,-0.38219725381011127,0.010145435909011463,-0.004179577396520612,-0.005791804020393299
set_cover_cw_tour,1654.0,-23.448740228301226,-15.28103211149692,-19.64648422420107,0.6667830532696258,-0.3199892773259805,-0.3920857042328716,0.008733343048322139,-0.003525984626648899,-0.004968874877493701
set_cover_cw_tour,1656.0,-22.10216338455748,-15.929779817854062,-20.438896505957594,0.6797888925990798,-0.32876823860891363,-0.40032623943039425,0.007324356596149292,-0.0028660085039301096,-0.0041459202941543025
set_cover_cw_tour,1658.0,-20.732414005711995,-16.594807329898106,-21.24614186456759,0.689956583658687,-0.3362669423562571,-0.4069187747576155,0.005918483766446952,-0.0021996631026415412,-0.003322944483869515
set_cover_cw_tour,1660.0,-19.34515615092508,-17.27352859672017,-22.064924231103973,0.6972983758311834,-0.3424598619693307,-0.4118632424343637,0.004515731757227552,-0.0015269625296709388,-0.002499951660242441
set_cover_cw_tour,1662.0,-17.946029294270982,-17.963306598057265,-22.891947417944678,0.701826604788072,-0.34732155475779936,-0.41515959154588056,0.003116107750525032,-0.0008479209244442593,-0.0016769460369632783
set_cover_cw_tour,1664.0,-16.540648152383543,-18.661453512564098,-23.72391515250389,0.7035536922663126,-0.3508266623945964,-0.416807788043213,0.0017196189123580893,-0.00016255245885330415,-0.0008539318277877538
set_cover_cw_tour,1666.0,-15.134602512549286,-19.365230886993523,-24.55753111096393,0.7024921458442029,-0.35294991136969,-0.41680781474347534,0.00032627239269348554,0.0005291286628168581,-3.091324651557231e-05
set_cover_cw_tour,1668.0,-13.733457061249538,-20.0718498062834,-25.389498952007546,0.6986545587164561,-0.3536661134426874,-0.4151596713299819,-0.001063924674590554,0.001227108203960622,0.0007921054930311901
set_cover_cw_tour,1670.0,-12.342751213153207,-20.778471064547475,-26.216522350550328,0.6920536094684725,-0.352950166094274,-0.4118633743522505,-0.0024509651717408917,0.0019313718957247145,0.001615120177029642
set_cover_cw_tour,1672.0,-10.96799894056181,-21.482205336967972,-27.03530503147299,0.6827020618498115,-0.3507770529764832,-0.406918957225876,-0.0038348419971658823,0.00264190543708127,0.002438126591677664
set_cover_cw_tour,1674.0,-9.614688603308366,-22.180113352587572,-27.842550803353298,0.6706127645468628,-0.3471218443617924,-0.4003264702322747,-0.0052155480654717725,0.0033586944949010504,0.0032611205232154546
set_cover_cw_tour,1676.0,-8.288282779111741,-22.869206067998377,-28.63496359219734,0.6557986509547203,-0.3419596975910418,-0.39208598051829885,-0.0065930763074989445,0.004081724704026812,0.0040840977579471565
set_cover_cw_tour,1678.0,-6.994218094388042,-23.54644484192555,-29.40924747516989,0.6382727389482604,-0.33526585752017213,-0.38219757209572214,-0.007967419670358128,0.004810981667346876,0.004907054082262373
set_cover_cw_tour,1680.0,-5.737905055520645,-24.208741610703246,-30.162106714323627,0.6180481306524267,-0.32701565696577706,-0.37066134584059524,-0.009338571117466506,0.005546450955868829,0.005729985282657777
set_cover_cw_tour,1682.0,-4.524727880590445,-24.852959064640455,-30.890245790326926,0.5951380122117227,-0.3171845171494664,-0.35747741949247214,-0.010706523628583736,0.0062881181087934045,0.00655288714575868
set_cover_cw_tour,1684.0,-3.3600443315679227,-25.475910825274372,-31.590369436189977,0.5695556535589154,-0.3057479481410362,-0.342645927653507,-0.012071270199847915,0.007035968633588521,0.007375755458340594
set_cover_cw_tour,1686.0,-2.2491855469685724,-26.074361623508924,-32.25918267098898,0.5413144081829511,-0.2926815493004424,-0.3261670217874212,-0.013432803843811401,0.007789988006063471,0.008198586007350805
set_cover_cw_tour,1688.0,-1.1974558749733002,-26.645027478636035,-32.89339083358809,0.5104277128960855,-0.2779610097185732,-0.3080408702183414,-0.01479111758947663,0.008550161670443304,0.009021374579929952
set_cover_cw_tour,1690.0,-0.21013270701533848,-27.184575878237236,-33.48969961635902,0.47690908760023043,-0.26156210865681695,-0.2882676581295079,-0.016146204482331783,0.009316475039443344,0.009844116963433593
set_cover_cw_tour,1692.0,0.7075336881647504,-27.6896259589632,-34.044815098897786,0.44077213505251917,-0.24346071598542157,-0.2668475875618532,-0.017498057584386394,0.010088913494343871,0.010666808945453774
set_cover_cw_tour,1694.0,1.5503203299944193,-28.15674868818879,-34.55544378173861,0.40203054063009214,-0.22363279262064145,-0.24378087741245177,-0.018846669974206868,0.010867462385064962,0.011489446313840579
set_cover_cw_tour,1696.0,2.3130316910732778,-28.582467046541176,-35.018292620064514,0.36069807209410526,-0.20205439096066818,-0.21906776343284012,-0.020192034746951953,0.011652107030241523,0.012312024856723735
set_cover_cw_tour,1698.0,2.9904998617044733,-28.963256211298596,-35.43006905741446,0.3167885793529631,-0.17870165532034132,-0.19270849822720712,-0.02153414501440803,0.01244283271729843,0.013134540362534133
set_cover_cw_tour,1700.0,3.577584713951765,-29.295543740657326,-35.7874810593867,0.27031599422477864,-0.15355082236463505,-0.16470335125045535,-0.022872993905024456,0.013239624702525876,0.013956988620025422
set_cover_cw_tour,1702.0,4.0691740652207455,-29.575709758864384,-36.08723714733821,0.22129433019906194,-0.12657822154091736,-0.13505260880613285,-0.02420857456394867,0.014042468211154851,0.01477936541829556
set_cover_cw_tour,1704.0,4.460183841362672,-29.800087142213524,-36.32604643207973,0.16973768219763954,-0.09776027550997757,-0.10375657404423552,-0.025540880153061347,0.014851348437432787,0.015601666546808368
set_cover_cw_tour,1706.0,4.745558239299365,-29.964961705902056,-36.50061864756639,0.11566022633480696,-0.06707350057581865,-0.07081556695888021,-0.02686990385101138,0.015666250544699358,0.01642388779541509
set_cover_cw_tour,1708.0,4.920269889167654,-30.066572391746,-36.60766418458351,0.059076219676716196,-0.034494507114210426,-0.036229924385848294,-0.028195638853250823,0.01648715966546246,0.017246024954375966
set_cover_cw_tour,1710.0,4.979320015981826,-30.101111456751124,-36.643894124427334,3.7470027081099033e-16,8.326672684688674e-17,-8.326672684688674e-17,-0.029518078372069705,0.01731406090147431,0.018068073814381764
set_cover_cw_tour,1712.0,5.038117044136241,-30.085856262019462,-36.59706065812079,0.05880857609956351,0.01521083870926914,0.04683344632440482,0.029367833131880666,0.007671940351619863,0.02336983930779977
set_cover_cw_tour,1714.0,5.211938270945443,-30.04121947020399,-36.458685776853706,0.11502356288558863,0.02938355328328372,0.091541375903175,0.02803734883232063,0.007283012826708979,0.022307199920885583
set_cover_cw_tour,1716.0,5.495590094166693,-29.969253534590578,-36.23302097325786,0.16863854804553002,0.04254194354313509,0.13412333140976637,0.02670554873158562,0.006900109343954177,0.02124444632200377
set_cover_cw_tour,1718.0,5.883866168417242,-29.871963268048734,-35.924318632851076,0.219647200766318,0.054709850022617426,0.17457887728503887,0.025372439648438674,0.006523235842543239,0.020181583952410067
set_cover_cw_tour,1720.0,6.37154756827283,-29.751305762036928,-35.53683199049909,0.26804327183379156,0.06591115353743288,0.21290759974060042,0.024038028408344753,0.0061523982307906825,0.019118618253917124
set_cover_cw_tour,1722.0,6.953402951564285,-29.609190306469998,-35.07481508687083,0.3138205937313642,0.07616977475388788,0.2491091067619834,0.022702321843435798,0.005787602386107512,0.018055554668866613
set_cover_cw_tour,1724.0,7.624188722870686,-29.447478310449682,-34.542522724887554,0.35697308073792106,0.08550967375708451,0.28318302811165424,0.02136532679247578,0.005428854154971132,0.016992398640101398
set_cover_cw_tour,1726.0,8.378649197207555,-29.267983223859265,-33.94421042616612,0.39749472902494787,0.09395484961861074,0.31512901533185567,0.020027050100825648,0.005076159352895399,0.015929155610937648
set_cover_cw_tour,1728.0,9.211516763908524,-29.072470459823332,-33.28413438745674,0.43537961675288944,0.10152933996373321,0.34494674174728146,0.018687498620408326,0.004729523764400867,0.014865831025136951
set_cover_cw_tour,1730.0,10.117512050698972,-28.862657318033648,-32.56655143707554,0.4706219041667381,0.10825722053809658,0.37263590246758443,0.01734667920967359,0.004388953142985151,0.013802430326878501
set_cover_cw_tour,1732.0,11.091344087960042,-28.640212908942114,-31.795718991332297,0.5032158336908503,0.11416260477393303,0.39819621438971664,0.01600459873356297,0.004054453211093484,0.012738958960731146
set_cover_cw_tour,1734.0,12.127710473181537,-28.406758078821806,-30.97589501095365,0.5331557300229911,0.11926964335578585,0.4216274162001025,0.014661264063474587,0.003726029660089408,0.011675422371625579
set_cover_cw_tour,1736.0,13.221297535602124,-28.163865335697032,-30.111337957502112,0.560436000227606,0.12360252378575096,0.4429292683766447,0.013316682077228014,0.003403688150225641,0.010611826004826401
set_cover_cw_tour,1738.0,14.36678050103531,-27.9130587761434,-29.206306749791278,0.5850511338283182,0.12718546994824,0.46210155319056256,0.011970859659028995,0.0030874343106150957,0.009548175305904311
set_cover_cw_tour,1740.0,15.558823656879635,-27.65581401295883,-28.26506072029749,0.6069957028996517,0.13004274167426907,0.4791440747080632,0.01062380369943427,0.002777273739202057,0.008484475720708148
set_cover_cw_tour,1742.0,16.792080517311547,-27.39355810370645,-27.291859571568345,0.6262643621579789,0.13219863430527673,0.49405665879184524,0.009275521095316246,0.002473212002733521,0.0074207326953370754
set_cover_cw_tour,1744.0,18.06119398865938,-27.12766948013034,-26.290963332628348,0.6428518490516919,0.1336774782564752,0.5068391531024353,0.007926018749827705,0.0021752546367306913,0.0063569516761126585
set_cover_cw_tour,1746.0,19.360796534956904,-26.859477878445023,-25.26663231538208,0.6567529838505968,0.1345036385797385,0.5174914270993569,0.006575303572366443,0.0018834071454606458,0.005293138109550982
set_cover_cw_tour,1748.0,20.685510343674892,-26.590264270499652,-24.223127071015174,0.6679626697345299,0.1347015145260316,0.5260133720421323,0.005223382478539928,0.0015976750019081436,0.004229297442334783
set_cover_cw_tour,1750.0,22.02994749162914,-26.321260795817786,-23.164708346393475,0.6764758928811959,0.13429553910738415,0.5324049009911165,0.003870262390129861,0.0013180636477476129,0.003165435121285552
set_cover_cw_tour,1752.0,23.388710111063375,-26.053650694513667,-22.09563704046068,0.6822877225532263,0.1333101786584126,0.5366659488081644,0.0025159502350567374,0.001044578493315281,0.002101556593335642
set_cover_cw_tour,1754.0,24.7563905559055,-25.788568241085912,-21.020174160634824,0.6853933111844579,0.13176993239739504,0.5387964721571299,0.0011604529473443982,0.0007772249175814856,0.0010376673055003775
set_cover_cw_tour,1756.0,26.127571568195634,-25.527098679089498,-19.942580779203926,0.6857878944654304,0.12969933198690195,0.5387964495041982,-0.00019622253291547858,0.0005160082681231238,-2.6227295149814506e-05
set_cover_cw_tour,1758.0,27.496826444684338,-25.270278156686913,-18.867117989721155,0.6834667914281025,0.1271229410939873,0.5366658811180506,-0.0015540692595989345,0.00026093386109627423,-0.001090121761517307
set_cover_cw_tour,1760.0,28.85871920359952,-25.019093663079378,-17.798046863399808,0.6784254045297854,0.12406535494994338,0.5324047890698612,-0.0029130802805852666,1.2006981208986627e-05,-0.0021540106465051667
set_cover_cw_tour,1762.0,30.207804751580397,-24.77448296581898,-16.73962840550849,0.6706592197362934,0.12055119990962358,0.5260132172331276,-0.004273248637792624,-0.00023076711830578465,-0.0032178885030450313
set_cover_cw_tour,1764.0,31.53862905077699,-24.5373345490026,-15.696123511766771,0.6601638066043108,0.11660513301033687,0.5174912312833322,-0.005634567367213653,-0.00046738321571707423,-0.004281749884125004
set_cover_cw_tour,1766.0,32.84572928611357,-24.308487552348463,-14.671792924741716,0.6469348183629742,0.11225184153031774,0.5068389186974385,-0.006997029498951142,-0.0006978361208226384,-0.00534558934281755
set_cover_cw_tour,1768.0,34.12363403271447,-24.08873171115618,-13.670897190245569,0.6309679919946691,0.10751604254677567,0.49405638875321767,-0.008360628057253688,-0.000922120674975531,-0.006409401432307362
set_cover_cw_tour,1770.0,35.36686342349073,-23.878807297151102,-12.697696613734959,0.6122591483150415,0.10242248249352784,0.4791437725284095,-0.00972535606055145,-0.0011402317511105145,-0.007473180705919277
set_cover_cw_tour,1772.0,36.56992931688593,-23.679405060213835,-11.756451216711955,0.5908041920522215,0.09699593671821904,0.4621012228997149,-0.01109120652149186,-0.0013521642537703137,-0.008536921717146135
set_cover_cw_tour,1774.0,37.727335464779756,-23.4911661709957,-10.851420693127299,0.5665991119252609,0.09126120903913273,0.4429289145416215,-0.01245817244697542,-0.0015579131191316977,-0.009600619019676685
set_cover_cw_tour,1776.0,38.83357768054757,-23.314682164421004,-9.98686436578615,0.5396399807217819,0.08524313130159696,0.4216270439250616,-0.013826246838191496,-0.0017574733150314114,-0.01066426716742346
set_cover_cw_tour,1778.0,39.883144007274566,-23.150494884076878,-9.167041142756696,0.509922955374837,0.07896656293398921,0.3981958293159032,-0.015195422690654152,-0.0019508398409919408,-0.011727860714550668
set_cover_cw_tour,1780.0,40.8705148861228,-22.999096427491516,-8.39620947378193,0.47744427703898,0.07245639050334399,0.3726355107732731,-0.016565692994238018,-0.00213800772824711,-0.012791394215502067
set_cover_cw_tour,1782.0,41.79016332484959,-22.860929092301593,-7.678627306694964,0.44220027116554633,0.06573752727056707,0.34494635014771313,-0.017937050733214176,-0.0023189720397675273,-0.013854862225028849
set_cover_cw_tour,1784.0,42.63655506647571,-22.736385323309644,-7.0185520438381905,0.4041873475771428,0.05883491274526026,0.31512863107916866,-0.019309488886286082,-0.0024937278702858562,-0.014918259298217516
set_cover_cw_tour,1786.0,43.404148758101734,-22.62580766043217,-6.420240498486633,0.36340200054134597,0.051773512240160656,0.28318265899481015,-0.020683000426625516,-0.0026622703463219377,-0.015981579990517768
set_cover_cw_tour,1788.0,44.087396119871,-22.529488687539253,-5.8879488512758265,0.3198408088436083,0.04457831642519827,0.24910876110668728,-0.022057578321908557,-0.002824594626207734,-0.017044818857770365
set_cover_cw_tour,1790.0,44.68074211407761,-22.447670982186448,-5.425932606634552,0.2735004358593716,0.03727434088117594,0.2129072864092156,-0.023433215534351598,-0.0029806959001121252,-0.018107970456235016
set_cover_cw_tour,1792.0,45.178625114417834,-22.380547066239668,-5.038446549222766,0.22437762962538682,0.029886625653075406,0.1745786056764962,-0.024809905020747355,-0.00313056939006553,-0.019171029342618235
set_cover_cw_tour,1794.0,45.57547707538338,-22.328259357393836,-4.729744700375061,0.17246922291023992,0.022440234802993526,0.13412311145946787,-0.026187639732500958,-0.0032742103499843723,-0.02023399007410122
set_cover_cw_tour,1796.0,45.865723701794934,-22.29090012158604,-4.504080274549984,0.11777213328408323,0.014960255962712526,0.09154121808289228,-0.027566412615666013,-0.0034116140656953783,-0.021296847208367723
set_cover_cw_tour,1798.0,46.0437846184743,-22.268511426303892,-4.365705635785553,0.060283363187571125,0.007471799885908205,0.04683336164217178,-0.028946216610980745,-0.0035427758549597147,-0.022359595303631907
set_cover_cw_tour,1800.0,46.10407354005372,-22.26108509478985,-4.318872254161312,-1.3877787807814457e-17,3.5561831257524545e-17,4.85722573273506e-17,-0.030327044653904112,-0.00366769106749696,-0.023422228918666205
set_cover_cw_tour,1802.0,46.102475174558556,-22.245593392378236,-4.266522338420731,-0.0015866821131150753,0.015492899157221091,0.05234989340481888,-0.000987904127809408,0.007744641241189037,0.02616944092274025
set_cover_cw_tour,1804.0,46.09786771660505,-22.19981003838154,-4.111848463757073,-0.0030096199591261264,0.030291528081949938,0.10232391526515228,-0.0009402909388551534,0.007394101738077916,0.024981638151588995
set_cover_cw_tour,1806.0,46.09057228624174,-22.12512472837492,-3.8596028869617025,-0.004275182480351387,0.04439473646772925,0.1499215539062656,-0.0008942790316205571,0.007043350386252864,0.0237937074754538
set_cover_cw_tour,1808.0,46.080897262454535,-22.022929415225068,-3.5145388638445434,-0.005389741780654159,0.0578014173318947,0.19514232198471546,-0.0008498686416847357,0.006692394432796994,0.022605654976491994
set_cover_cw_tour,1810.0,46.06913827695834,-21.89461822242636,-3.0814106005677777,-0.006359673010820361,0.070510507031718,0.23798575649209203,-0.000807059996427102,0.006341241125840965,0.021417486737484667
set_cover_cw_tour,1812.0,46.05557820821784,-21.74158735740535,-2.5649732049722025,-0.00719135425390939,0.08252098527995712,0.2784514187585749,-0.0007658533150262004,0.005989897714525878,0.020229208841805475
set_cover_cw_tour,1814.0,46.040487175697606,-21.565235024794763,-1.9699826378966616,-0.007891166410578764,0.09383187515981335,0.31653889445630173,-0.0007262488084585845,0.005638371448966163,0.01904082737338951
set_cover_cw_tour,1816.0,46.02412253434162,-21.366961339678152,-1.3011956644909264,-0.008465493084383524,0.10444224313929518,0.35224779360255043,-0.0006882466794977367,0.005286669580212452,0.01785234841670217
set_cover_cw_tour,1818.0,46.006728869282206,-21.148168240806427,-0.5633698055223998,-0.008920720467051424,0.1143511990849887,0.38557775056273386,-0.0006518471227130319,0.004934799360214461,0.016663778056707972
set_cover_cw_tour,1820.0,45.9885379907784,-20.91025940378744,0.23873671132298224,-0.009263237223734901,0.12355789627523461,0.41652842405320795,-0.0006170503244687386,0.00458276804178386,0.015475122378839426
set_cover_cw_tour,1822.0,45.96976892938388,-20.654640154249794,1.1003650001452794,-0.009499434378240842,0.13206153141271154,0.4450994971438928,-0.0005838564629230656,0.004230582878557132,0.014286387468965864
set_cover_cw_tour,1824.0,45.95062793134447,-20.382717380982108,2.016755565540129,-0.00963570519823916,0.13986134463642566,0.47129067726070645,-0.0005522657080272515,0.00387825112495844,0.01309757941336226
set_cover_cw_tour,1826.0,45.93130845422519,-20.09589944904887,2.9831483513130097,-0.009678445080451167,0.14695661953310654,0.4951016961878121,-0.0005222782215246921,0.0035257800361624854,0.011908704298678137
set_cover_cw_tour,1828.0,45.91199116276699,-19.7955961128841,3.994782789197815,-0.009634051435818771,0.15334668314800906,0.5165323100696778,-0.000493894156950114,0.003173176868057363,0.010719768211906303
set_cover_cw_tour,1830.0,45.892843924973164,-19.48321842936401,5.046897847579352,-0.009508923574655508,0.15903090599512126,0.5355822994129497,-0.0004671136596287878,0.002820448877207404,0.009530777240351784
set_cover_cw_tour,1832.0,45.87402180842546,-19.16017867085983,6.134732080219409,-0.009309462591780395,0.16400870206677823,0.5522514690881373,-0.0004419368666757843,0.0024676033208160253,0.008341737471600604
set_cover_cw_tour,1834.0,45.85566707682996,-18.82789023827202,7.253523674986,-0.009042071251635633,0.16827952884268166,0.5665396483311126,-0.0004183639069952718,0.0021146474566885796,0.007152654993488605
set_cover_cw_tour,1836.0,45.837909186792714,-18.48776757404701,8.398510502585419,-0.008713153873389163,0.1718428872983253,0.5784466907444218,-0.00039639490127985755,0.00176158854319519,0.005963535894070334
set_cover_cw_tour,1838.0,45.82086478482522,-18.141226075177713,9.564930165296738,-0.008329116216023075,0.17469832191282603,0.5879724742984096,-0.00037602996200996794,0.0014084338392335862,0.004774386261587802
set_cover_cw_tour,1840.0,45.80463770457968,-17.78968200618894,10.748020045708364,-0.0078963653634089,0.17684542067616046,0.5951169013321567,-0.00035726919345327424,0.0010551906041919425,0.0035852121844393847
set_cover_cw_tour,1842.0,45.78931896431421,-17.434552412108964,11.943017355456272,-0.007421309609370763,0.17828381509580724,0.5998798985542302,-0.00034011269166415797,0.0007018660979117038,0.0023960197511485766
set_cover_cw_tour,1844.0,45.77498676458784,-17.077255031428376,13.145159183963573,-0.006910358342737442,0.17901318020279472,0.6022614170432468,-0.0003245605444832194,0.00034846758065043126,0.0012068150503328767
set_cover_cw_tour,1846.0,45.76170648618546,-16.719208209047444,14.349682547181004,-0.006369921932384302,0.17903323455715417,0.6022614322482488,-0.0003106128315368271,-4.997686955389467e-06,1.7604170672591568e-05
set_cover_cw_tour,1848.0,45.74953068827273,-16.36183080921317,15.551824436327994,-0.0058064116122661545,0.17834374025277827,0.5998799439888932,-0.0002982696242367114,-0.0003585224439275129,-0.001171606799120345
set_cover_cw_tour,1850.0,45.73849910678086,-16.006542128447208,16.74682186663391,-0.005226239366442016,0.17694450292168507,0.5951169764554536,-0.0002875309857795977,-0.0007120994289831061,-0.0023608117703335235
set_cover_cw_tour,1852.0,45.728638653021385,-15.654761808465858,17.929911926079125,-0.004635817814092803,0.17483537173768707,0.5879725782086347,-0.0002783969711468837,-0.0010657213805719342,-0.003550004654285257
set_cover_cw_tour,1854.0,45.71996341253094,-15.307909749093323,19.096331824135543,-0.00404156009453295,0.1720162394194659,0.5784468221792,-0.00027086762710435753,-0.0014193810369135342,-0.004739179362355749
set_cover_cw_tour,1856.0,45.71247464414594,-14.967406021169396,20.241318940506154,-0.0034498797522169735,0.1684870422330519,0.5665398056674124,-0.0002649429922019582,-0.0017730711360343981,-0.005928329806018259
set_cover_cw_tour,1858.0,45.706160779307346,-14.634670779452794,21.360110873863327,-0.002867190621741994,0.1642477599937092,0.5522516503422873,-0.0002606230967735784,-0.002126784415805146,-0.0071174498968702635
set_cover_cw_tour,1860.0,45.700997421595325,-14.311124175521316,22.447945490585397,-0.002299906712847209,0.15929841606722583,0.5355825022406592,-0.0002579079629369094,-0.0024805136139777213,-0.008306533546664673
set_cover_cw_tour,1862.0,45.69694734649402,-13.998186270670013,23.500060973491195,-0.001754442095411344,0.15363907737060917,0.5165325317660604,-0.00025679760459332713,-0.002834251468222564,-0.009495574667340953
set_cover_cw_tour,1864.0,45.69396050138625,-13.697276948808556,24.511695870572165,-0.00123721078444908,0.14726985437218645,0.4951019336874135,-0.00025729202742782184,-0.003187990716165792,-0.010684567171056324
set_cover_cw_tour,1866.0,45.691974005778235,-13.409815829359008,25.478089143721668,-0.000754626625107475,0.14019090109111057,0.4712909271375361,-0.0002593912289089685,-0.0035417240954263916,-0.011873504970216926
set_cover_cw_tour,1868.0,45.69091215175435,-13.137222180155177,26.394480217461112,-0.00031310317766338136,0.13240241509627104,0.44509975561145876,-0.0002630951982889398,-0.0038954443436533923,-0.013062381977508974
set_cover_cw_tour,1870.0,45.69068640466185,-12.880914830344736,27.256109027662525,8.094639747712753e-05,0.12390463750461013,0.41652868696455564,-0.0002684039166035613,-0.004249144198563061,-0.01425119210592995
set_cover_cw_tour,1872.0,45.69119540402562,-12.64231208329531,28.05821607026721,0.0004211094547763108,0.11469785297884422,0.3855780134104886,-0.0002753173566724084,-0.004602816397976067,-0.015439929268819742
set_cover_cw_tour,1874.0,45.69232496469292,-12.42283162950572,28.7960424500001,0.0007009739785582875,0.1047823897245904,0.35224805151896355,-0.00028383548309894574,-0.004956453679854684,-0.016628587379891816
set_cover_cw_tour,1876.0,45.69394807820808,-12.223890459523554,29.46482992907944,0.0009141286979975256,0.09415861948689834,0.3165391422133004,-0.0002939582522707081,-0.005310048782339958,-0.017817160353264395
set_cover_cw_tour,1878.0,45.69592491441717,-12.046904776870285,30.059820975921397,0.0010541632021012861,0.08282695754618732,0.2784516507678156,-0.00030568561235952386,-0.005663594443788891,-0.019005642103491587
set_cover_cw_tour,1880.0,45.69810282330267,-11.893289910975097,30.5762588138393,0.001114668054685009,0.07078786271358875,0.23798596680501796,-0.0003190175033217804,-0.0060170834028116255,-0.02019402654559457
set_cover_cw_tour,1882.0,45.700316337048044,-11.764460230118633,31.009387469737028,0.0010892349093396363,0.058041837325693874,0.19514250429261726,-0.0003339538568987315,-0.006370508398308612,-0.021382307595092732
set_cover_cw_tour,1884.0,45.70238717233225,-11.66182905438783,31.35445182279628,0.0009714566243898587,0.04458942723870693,0.14992170154034606,-0.00035049459661684666,-0.006723862169507798,-0.022570479168034827
set_cover_cw_tour,1886.0,45.70412423285416,-11.58680856864305,31.606697653157244,0.0007549273778422802,0.03043122182200376,0.10232402119659453,-0.00036863963778820303,-0.007077137456001791,-0.023758535181030115
set_cover_cw_tour,1888.0,45.705323612086865,-11.540809735498685,31.761371690592416,0.00043324278232248893,0.015567853951095858,0.05234995024485841,-0.00038838888751091863,-0.00743032699778504,-0.024946469551279542
set_cover_cw_tour,1890.0,45.70576859626182,-11.525242208318431,31.81372166317307,2.7159264420761886e-17,-6.938893903907228e-18,4.85722573273506e-17,-0.0004097422446696279,-0.007783423535291004,-0.026134276196606836
