[INFO] [launch]: All log files can be found below /home/rugang/.ros/log/2026-09-09-17-24-04-471806-rugang-ThinkBook-14-G5-APO-172282
[INFO] [launch]: Default logging verbosity is set to INFO
[INFO] [gazebo-1]: process started with pid [172341]
[INFO] [parameter_bridge-2]: process started with pid [172342]
[INFO] [rviz2-3]: process started with pid [172343]
[parameter_bridge-2] [INFO] [1788945844.673379828] [chaser_inspection_camera_bridge]: Creating GZ->ROS Bridge: [/chaser/camera/image (gz.msgs.Image) -> /chaser/camera/image (sensor_msgs/msg/Image)] (Lazy 0)
[rviz2-3] [INFO] [1788945844.947092694] [rviz2]: Stereo is NOT SUPPORTED
[rviz2-3] [INFO] [1788945844.947283057] [rviz2]: OpenGl version: 4.6 (GLSL 4.6)
[rviz2-3] [INFO] [1788945844.966324033] [rviz2]: Stereo is NOT SUPPORTED
[rviz2-3] [INFO] [1788945845.060105132] [rviz2]: Stereo is NOT SUPPORTED
[INFO] [create-4]: process started with pid [172649]
[create-4] [INFO] [1788945846.871948234] [spawn_cubesat_chaser]: Entity creation successful.
[INFO] [create-4]: process has finished cleanly [pid 172649]
[INFO] [chaser_pose_follower-5]: process started with pid [172892]
[INFO] [planned_trajectory_replay_node-6]: process started with pid [172938]
[INFO] [verification_evaluator_node-7]: process started with pid [172939]
[INFO] [dynamics_node-8]: process started with pid [172940]
[INFO] [controller_node-9]: process started with pid [172941]
[INFO] [safety_filter_node-10]: process started with pid [172942]
[INFO] [logger_node-11]: process started with pid [172943]
[INFO] [ros2-12]: process started with pid [172944]
[ros2-12] stdin is not a terminal device. Keyboard handling disabled.[INFO] [1788945854.965808037] [rosbag2_recorder]: Press SPACE for pausing/resuming
[ros2-12] [INFO] [1788945854.965813377] [rosbag2_recorder]: Event publisher thread: Started
[ros2-12] [INFO] [1788945854.970323941] [rosbag2_recorder]: Starting recording to '/home/rugang/robotics/projects/OrbInspect/data/results/20260909_093200_hybrid12_visual/rosbag/orbinspect_run'
[ros2-12] [INFO] [1788945854.971657602] [rosbag2_recorder]: Listening for topics...
[ros2-12] [INFO] [1788945854.971682498] [rosbag2_recorder]: Recording...
[ros2-12] [INFO] [1788945854.971690833] [rosbag2_recorder]: Topics discovery started.
[planned_trajectory_replay_node-6] [INFO] [1788945855.065646356] [planned_trajectory_replay_node]: closed_loop validation using 600 trajectory samples and 12 viewpoints from /home/rugang/robotics/projects/OrbInspect/data/results/20260909_092700_hybrid12_refined_inputs_dwell60
[logger_node-11] [INFO] [1788945855.393944827] [csv_logger_node]: logging results to /home/rugang/robotics/projects/OrbInspect/data/results/20260909_093200_hybrid12_visual
[ros2-12] [INFO] [1788945855.557593315] [rosbag2_recorder]: Subscribed to topic '/chaser/safe_control_command'
[ros2-12] [INFO] [1788945855.558774263] [rosbag2_recorder]: Subscribed to topic '/chaser/safety_status'
[ros2-12] [INFO] [1788945855.560302714] [rosbag2_recorder]: Subscribed to topic '/chaser/attitude_reference'
[ros2-12] [INFO] [1788945855.561620845] [rosbag2_recorder]: Subscribed to topic '/inspection/executed_path'
[ros2-12] [INFO] [1788945855.562626789] [rosbag2_recorder]: Subscribed to topic '/chaser/reference_state'
[ros2-12] [INFO] [1788945855.563864531] [rosbag2_recorder]: Subscribed to topic '/inspection/coverage_map'
[ros2-12] [INFO] [1788945855.564312100] [rosbag2_recorder]: Subscribed to topic '/inspection/planned_path'
[ros2-12] [INFO] [1788945855.564780518] [rosbag2_recorder]: Subscribed to topic '/mission/event'
[ros2-12] [INFO] [1788945855.565257491] [rosbag2_recorder]: Subscribed to topic '/verification/reference_status'
[ros2-12] [INFO] [1788945855.565702686] [rosbag2_recorder]: Subscribed to topic '/verification/status'
[ros2-12] [INFO] [1788945855.853975657] [rosbag2_recorder]: Subscribed to topic '/chaser/control_command'
[ros2-12] [INFO] [1788945856.084537505] [rosbag2_recorder]: Subscribed to topic '/chaser/odom'
[gazebo-1] NodeShared::RecvSrvRequest() error sending response: Host unreachable
[gazebo-1] NodeShared::RecvSrvRequest() error sending response: Host unreachable
[gazebo-1] NodeShared::RecvSrvRequest() error sending response: Host unreachable
[gazebo-1] NodeShared::RecvSrvRequest() error sending response: Host unreachable
[gazebo-1] NodeShared::RecvSrvRequest() error sending response: Host unreachable
[gazebo-1] NodeShared::RecvSrvRequest() error sending response: Host unreachable
[gazebo-1] NodeShared::RecvSrvRequest() error sending response: Host unreachable
[gazebo-1] NodeShared::RecvSrvRequest() error sending response: Host unreachable
[gazebo-1] NodeShared::RecvSrvRequest() error sending response: Host unreachable
[gazebo-1] NodeShared::RecvSrvRequest() error sending response: Host unreachable
[gazebo-1] NodeShared::RecvSrvRequest() error sending response: Host unreachable
[gazebo-1] NodeShared::RecvSrvRequest() error sending response: Host unreachable
[gazebo-1] NodeShared::RecvSrvRequest() error sending response: Host unreachable
[gazebo-1] NodeShared::RecvSrvRequest() error sending response: Host unreachable
[gazebo-1] NodeShared::RecvSrvRequest() error sending response: Host unreachable
[gazebo-1] NodeShared::RecvSrvRequest() error sending response: Host unreachable
[gazebo-1] NodeShared::RecvSrvRequest() error sending response: Host unreachable
[gazebo-1] NodeShared::RecvSrvRequest() error sending response: Host unreachable
[gazebo-1] NodeShared::RecvSrvRequest() error sending response: Host unreachable
[gazebo-1] NodeShared::RecvSrvRequest() error sending response: Host unreachable
[gazebo-1] NodeShared::RecvSrvRequest() error sending response: Host unreachable
[gazebo-1] NodeShared::RecvSrvRequest() error sending response: Host unreachable
[gazebo-1] NodeShared::RecvSrvRequest() error sending response: Host unreachable
[gazebo-1] NodeShared::RecvSrvRequest() error sending response: Host unreachable
[gazebo-1] NodeShared::RecvSrvRequest() error sending response: Host unreachable
[gazebo-1] NodeShared::RecvSrvRequest() error sending response: Host unreachable
[gazebo-1] NodeShared::RecvSrvRequest() error sending response: Host unreachable
[gazebo-1] NodeShared::RecvSrvRequest() error sending response: Host unreachable
[gazebo-1] NodeShared::RecvSrvRequest() error sending response: Host unreachable
[gazebo-1] NodeShared::RecvSrvRequest() error sending response: Host unreachable
[gazebo-1] NodeShared::RecvSrvRequest() error sending response: Host unreachable
[gazebo-1] NodeShared::RecvSrvRequest() error sending response: Host unreachable
[gazebo-1] NodeShared::RecvSrvRequest() error sending response: Host unreachable
[gazebo-1] NodeShared::RecvSrvRequest() error sending response: Host unreachable
[gazebo-1] NodeShared::RecvSrvRequest() error sending response: Host unreachable
[gazebo-1] NodeShared::RecvSrvRequest() error sending response: Host unreachable
[gazebo-1] NodeShared::RecvSrvRequest() error sending response: Host unreachable
[gazebo-1] NodeShared::RecvSrvRequest() error sending response: Host unreachable
[gazebo-1] NodeShared::RecvSrvRequest() error sending response: Host unreachable
[gazebo-1] NodeShared::RecvSrvRequest() error sending response: Host unreachable
[gazebo-1] NodeShared::RecvSrvRequest() error sending response: Host unreachable
[gazebo-1] NodeShared::RecvSrvRequest() error sending response: Host unreachable
[gazebo-1] NodeShared::RecvSrvRequest() error sending response: Host unreachable
[gazebo-1] NodeShared::RecvSrvRequest() error sending response: Host unreachable
[gazebo-1] NodeShared::RecvSrvRequest() error sending response: Host unreachable
[gazebo-1] NodeShared::RecvSrvRequest() error sending response: Host unreachable
[gazebo-1] NodeShared::RecvSrvRequest() error sending response: Host unreachable
[gazebo-1] NodeShared::RecvSrvRequest() error sending response: Host unreachable
[gazebo-1] NodeShared::RecvSrvRequest() error sending response: Host unreachable
[gazebo-1] NodeShared::RecvSrvRequest() error sending response: Host unreachable
[gazebo-1] NodeShared::RecvSrvRequest() error sending response: Host unreachable
[gazebo-1] NodeShared::RecvSrvRequest() error sending response: Host unreachable
[gazebo-1] NodeShared::RecvSrvRequest() error sending response: Host unreachable
[gazebo-1] NodeShared::RecvSrvRequest() error sending response: Host unreachable
[gazebo-1] NodeShared::RecvSrvRequest() error sending response: Host unreachable
[gazebo-1] NodeShared::RecvSrvRequest() error sending response: Host unreachable
[gazebo-1] NodeShared::RecvSrvRequest() error sending response: Host unreachable
[gazebo-1] NodeShared::RecvSrvRequest() error sending response: Host unreachable
[gazebo-1] NodeShared::RecvSrvRequest() error sending response: Host unreachable
[gazebo-1] NodeShared::RecvSrvRequest() error sending response: Host unreachable
[gazebo-1] NodeShared::RecvSrvRequest() error sending response: Host unreachable
[gazebo-1] NodeShared::RecvSrvRequest() error sending response: Host unreachable
[gazebo-1] NodeShared::RecvSrvRequest() error sending response: Host unreachable
[gazebo-1] NodeShared::RecvSrvRequest() error sending response: Host unreachable
[gazebo-1] NodeShared::RecvSrvRequest() error sending response: Host unreachable
[gazebo-1] NodeShared::RecvSrvRequest() error sending response: Host unreachable
[gazebo-1] NodeShared::RecvSrvRequest() error sending response: Host unreachable
[gazebo-1] NodeShared::RecvSrvRequest() error sending response: Host unreachable
[gazebo-1] NodeShared::RecvSrvRequest() error sending response: Host unreachable
[gazebo-1] NodeShared::RecvSrvRequest() error sending response: Host unreachable
[gazebo-1] NodeShared::RecvSrvRequest() error sending response: Host unreachable
[gazebo-1] NodeShared::RecvSrvRequest() error sending response: Host unreachable
[gazebo-1] NodeShared::RecvSrvRequest() error sending response: Host unreachable
[gazebo-1] NodeShared::RecvSrvRequest() error sending response: Host unreachable
[gazebo-1] NodeShared::RecvSrvRequest() error sending response: Host unreachable
[gazebo-1] NodeShared::RecvSrvRequest() error sending response: Host unreachable
[gazebo-1] NodeShared::RecvSrvRequest() error sending response: Host unreachable
[gazebo-1] NodeShared::RecvSrvRequest() error sending response: Host unreachable
[gazebo-1] NodeShared::RecvSrvRequest() error sending response: Host unreachable
[gazebo-1] NodeShared::RecvSrvRequest() error sending response: Host unreachable
[gazebo-1] NodeShared::RecvSrvRequest() error sending response: Host unreachable
[gazebo-1] NodeShared::RecvSrvRequest() error sending response: Host unreachable
[gazebo-1] NodeShared::RecvSrvRequest() error sending response: Host unreachable
[gazebo-1] NodeShared::RecvSrvRequest() error sending response: Host unreachable
[gazebo-1] NodeShared::RecvSrvRequest() error sending response: Host unreachable
[gazebo-1] NodeShared::RecvSrvRequest() error sending response: Host unreachable
[gazebo-1] NodeShared::RecvSrvRequest() error sending response: Host unreachable
[gazebo-1] NodeShared::RecvSrvRequest() error sending response: Host unreachable
[gazebo-1] NodeShared::RecvSrvRequest() error sending response: Host unreachable
[gazebo-1] NodeShared::RecvSrvRequest() error sending response: Host unreachable
[gazebo-1] NodeShared::RecvSrvRequest() error sending response: Host unreachable
[gazebo-1] NodeShared::RecvSrvRequest() error sending response: Host unreachable
[gazebo-1] NodeShared::RecvSrvRequest() error sending response: Host unreachable
[gazebo-1] NodeShared::RecvSrvRequest() error sending response: Host unreachable
[gazebo-1] NodeShared::RecvSrvRequest() error sending response: Host unreachable
[gazebo-1] NodeShared::RecvSrvRequest() error sending response: Host unreachable
[gazebo-1] NodeShared::RecvSrvRequest() error sending response: Host unreachable
[gazebo-1] NodeShared::RecvSrvRequest() error sending response: Host unreachable
[gazebo-1] NodeShared::RecvSrvRequest() error sending response: Host unreachable
[gazebo-1] NodeShared::RecvSrvRequest() error sending response: Host unreachable
[gazebo-1] NodeShared::RecvSrvRequest() error sending response: Host unreachable
[gazebo-1] NodeShared::RecvSrvRequest() error sending response: Host unreachable
[gazebo-1] NodeShared::RecvSrvRequest() error sending response: Host unreachable
[gazebo-1] NodeShared::RecvSrvRequest() error sending response: Host unreachable
[gazebo-1] NodeShared::RecvSrvRequest() error sending response: Host unreachable
[gazebo-1] NodeShared::RecvSrvRequest() error sending response: Host unreachable
[gazebo-1] NodeShared::RecvSrvRequest() error sending response: Host unreachable
[gazebo-1] NodeShared::RecvSrvRequest() error sending response: Host unreachable
[gazebo-1] NodeShared::RecvSrvRequest() error sending response: Host unreachable
[gazebo-1] NodeShared::RecvSrvRequest() error sending response: Host unreachable
[gazebo-1] NodeShared::RecvSrvRequest() error sending response: Host unreachable
[gazebo-1] NodeShared::RecvSrvRequest() error sending response: Host unreachable
[gazebo-1] NodeShared::RecvSrvRequest() error sending response: Host unreachable
[gazebo-1] NodeShared::RecvSrvRequest() error sending response: Host unreachable
[gazebo-1] NodeShared::RecvSrvRequest() error sending response: Host unreachable
[gazebo-1] NodeShared::RecvSrvRequest() error sending response: Host unreachable
[gazebo-1] NodeShared::RecvSrvRequest() error sending response: Host unreachable
[gazebo-1] NodeShared::RecvSrvRequest() error sending response: Host unreachable
[gazebo-1] NodeShared::RecvSrvRequest() error sending response: Host unreachable
[gazebo-1] NodeShared::RecvSrvRequest() error sending response: Host unreachable
[gazebo-1] NodeShared::RecvSrvRequest() error sending response: Host unreachable
[gazebo-1] NodeShared::RecvSrvRequest() error sending response: Host unreachable
[gazebo-1] NodeShared::RecvSrvRequest() error sending response: Host unreachable
[gazebo-1] NodeShared::RecvSrvRequest() error sending response: Host unreachable
[gazebo-1] NodeShared::RecvSrvRequest() error sending response: Host unreachable
[gazebo-1] NodeShared::RecvSrvRequest() error sending response: Host unreachable
[gazebo-1] NodeShared::RecvSrvRequest() error sending response: Host unreachable
[gazebo-1] NodeShared::RecvSrvRequest() error sending response: Host unreachable
[gazebo-1] NodeShared::RecvSrvRequest() error sending response: Host unreachable
[gazebo-1] NodeShared::RecvSrvRequest() error sending response: Host unreachable
[gazebo-1] NodeShared::RecvSrvRequest() error sending response: Host unreachable
[gazebo-1] NodeShared::RecvSrvRequest() error sending response: Host unreachable
[gazebo-1] NodeShared::RecvSrvRequest() error sending response: Host unreachable
[gazebo-1] NodeShared::RecvSrvRequest() error sending response: Host unreachable
[gazebo-1] NodeShared::RecvSrvRequest() error sending response: Host unreachable
[gazebo-1] NodeShared::RecvSrvRequest() error sending response: Host unreachable
[gazebo-1] NodeShared::RecvSrvRequest() error sending response: Host unreachable
[gazebo-1] NodeShared::RecvSrvRequest() error sending response: Host unreachable
[gazebo-1] NodeShared::RecvSrvRequest() error sending response: Host unreachable
[gazebo-1] NodeShared::RecvSrvRequest() error sending response: Host unreachable
[gazebo-1] NodeShared::RecvSrvRequest() error sending response: Host unreachable
[gazebo-1] NodeShared::RecvSrvRequest() error sending response: Host unreachable
[gazebo-1] NodeShared::RecvSrvRequest() error sending response: Host unreachable
[gazebo-1] NodeShared::RecvSrvRequest() error sending response: Host unreachable
[gazebo-1] NodeShared::RecvSrvRequest() error sending response: Host unreachable
[gazebo-1] NodeShared::RecvSrvRequest() error sending response: Host unreachable
[gazebo-1] NodeShared::RecvSrvRequest() error sending response: Host unreachable
[gazebo-1] NodeShared::RecvSrvRequest() error sending response: Host unreachable
[gazebo-1] NodeShared::RecvSrvRequest() error sending response: Host unreachable
[gazebo-1] NodeShared::RecvSrvRequest() error sending response: Host unreachable
[gazebo-1] NodeShared::RecvSrvRequest() error sending response: Host unreachable
[gazebo-1] NodeShared::RecvSrvRequest() error sending response: Host unreachable
[gazebo-1] NodeShared::RecvSrvRequest() error sending response: Host unreachable
[gazebo-1] NodeShared::RecvSrvRequest() error sending response: Host unreachable
[gazebo-1] NodeShared::RecvSrvRequest() error sending response: Host unreachable
[gazebo-1] NodeShared::RecvSrvRequest() error sending response: Host unreachable
[gazebo-1] NodeShared::RecvSrvRequest() error sending response: Host unreachable
[gazebo-1] NodeShared::RecvSrvRequest() error sending response: Host unreachable
[gazebo-1] NodeShared::RecvSrvRequest() error sending response: Host unreachable
[gazebo-1] NodeShared::RecvSrvRequest() error sending response: Host unreachable
[gazebo-1] NodeShared::RecvSrvRequest() error sending response: Host unreachable
[gazebo-1] NodeShared::RecvSrvRequest() error sending response: Host unreachable
[gazebo-1] NodeShared::RecvSrvRequest() error sending response: Host unreachable
[gazebo-1] NodeShared::RecvSrvRequest() error sending response: Host unreachable
[gazebo-1] NodeShared::RecvSrvRequest() error sending response: Host unreachable
[gazebo-1] NodeShared::RecvSrvRequest() error sending response: Host unreachable
[gazebo-1] NodeShared::RecvSrvRequest() error sending response: Host unreachable
[gazebo-1] NodeShared::RecvSrvRequest() error sending response: Host unreachable
[gazebo-1] NodeShared::RecvSrvRequest() error sending response: Host unreachable
[gazebo-1] NodeShared::RecvSrvRequest() error sending response: Host unreachable
[gazebo-1] NodeShared::RecvSrvRequest() error sending response: Host unreachable
[gazebo-1] NodeShared::RecvSrvRequest() error sending response: Host unreachable
[gazebo-1] NodeShared::RecvSrvRequest() error sending response: Host unreachable
[gazebo-1] NodeShared::RecvSrvRequest() error sending response: Host unreachable
[gazebo-1] NodeShared::RecvSrvRequest() error sending response: Host unreachable
[gazebo-1] NodeShared::RecvSrvRequest() error sending response: Host unreachable
[gazebo-1] NodeShared::RecvSrvRequest() error sending response: Host unreachable
[gazebo-1] NodeShared::RecvSrvRequest() error sending response: Host unreachable
[gazebo-1] NodeShared::RecvSrvRequest() error sending response: Host unreachable
[gazebo-1] NodeShared::RecvSrvRequest() error sending response: Host unreachable
[gazebo-1] NodeShared::RecvSrvRequest() error sending response: Host unreachable
[gazebo-1] NodeShared::RecvSrvRequest() error sending response: Host unreachable
[gazebo-1] NodeShared::RecvSrvRequest() error sending response: Host unreachable
[gazebo-1] NodeShared::RecvSrvRequest() error sending response: Host unreachable
[gazebo-1] NodeShared::RecvSrvRequest() error sending response: Host unreachable
[gazebo-1] NodeShared::RecvSrvRequest() error sending response: Host unreachable
[gazebo-1] NodeShared::RecvSrvRequest() error sending response: Host unreachable
[gazebo-1] NodeShared::RecvSrvRequest() error sending response: Host unreachable
[gazebo-1] NodeShared::RecvSrvRequest() error sending response: Host unreachable
[gazebo-1] NodeShared::RecvSrvRequest() error sending response: Host unreachable
[gazebo-1] NodeShared::RecvSrvRequest() error sending response: Host unreachable
[gazebo-1] NodeShared::RecvSrvRequest() error sending response: Host unreachable
[gazebo-1] NodeShared::RecvSrvRequest() error sending response: Host unreachable
[gazebo-1] NodeShared::RecvSrvRequest() error sending response: Host unreachable
[gazebo-1] NodeShared::RecvSrvRequest() error sending response: Host unreachable
[gazebo-1] NodeShared::RecvSrvRequest() error sending response: Host unreachable
[gazebo-1] NodeShared::RecvSrvRequest() error sending response: Host unreachable
[gazebo-1] NodeShared::RecvSrvRequest() error sending response: Host unreachable
[gazebo-1] NodeShared::RecvSrvRequest() error sending response: Host unreachable
[gazebo-1] NodeShared::RecvSrvRequest() error sending response: Host unreachable
[gazebo-1] NodeShared::RecvSrvRequest() error sending response: Host unreachable
[gazebo-1] NodeShared::RecvSrvRequest() error sending response: Host unreachable
[gazebo-1] NodeShared::RecvSrvRequest() error sending response: Host unreachable
[gazebo-1] NodeShared::RecvSrvRequest() error sending response: Host unreachable
[gazebo-1] NodeShared::RecvSrvRequest() error sending response: Host unreachable
[gazebo-1] NodeShared::RecvSrvRequest() error sending response: Host unreachable
[gazebo-1] NodeShared::RecvSrvRequest() error sending response: Host unreachable
[gazebo-1] NodeShared::RecvSrvRequest() error sending response: Host unreachable
[gazebo-1] NodeShared::RecvSrvRequest() error sending response: Host unreachable
[gazebo-1] NodeShared::RecvSrvRequest() error sending response: Host unreachable
[gazebo-1] NodeShared::RecvSrvRequest() error sending response: Host unreachable
[gazebo-1] NodeShared::RecvSrvRequest() error sending response: Host unreachable
[gazebo-1] NodeShared::RecvSrvRequest() error sending response: Host unreachable
[gazebo-1] NodeShared::RecvSrvRequest() error sending response: Host unreachable
[gazebo-1] NodeShared::RecvSrvRequest() error sending response: Host unreachable
[gazebo-1] NodeShared::RecvSrvRequest() error sending response: Host unreachable
[gazebo-1] NodeShared::RecvSrvRequest() error sending response: Host unreachable
[gazebo-1] NodeShared::RecvSrvRequest() error sending response: Host unreachable
[gazebo-1] NodeShared::RecvSrvRequest() error sending response: Host unreachable
[gazebo-1] NodeShared::RecvSrvRequest() error sending response: Host unreachable
[gazebo-1] NodeShared::RecvSrvRequest() error sending response: Host unreachable
[gazebo-1] NodeShared::RecvSrvRequest() error sending response: Host unreachable
[gazebo-1] NodeShared::RecvSrvRequest() error sending response: Host unreachable
[gazebo-1] NodeShared::RecvSrvRequest() error sending response: Host unreachable
[gazebo-1] NodeShared::RecvSrvRequest() error sending response: Host unreachable
[gazebo-1] NodeShared::RecvSrvRequest() error sending response: Host unreachable
[gazebo-1] NodeShared::RecvSrvRequest() error sending response: Host unreachable
[gazebo-1] NodeShared::RecvSrvRequest() error sending response: Host unreachable
[gazebo-1] NodeShared::RecvSrvRequest() error sending response: Host unreachable
[gazebo-1] NodeShared::RecvSrvRequest() error sending response: Host unreachable
[gazebo-1] NodeShared::RecvSrvRequest() error sending response: Host unreachable
[gazebo-1] NodeShared::RecvSrvRequest() error sending response: Host unreachable
[gazebo-1] NodeShared::RecvSrvRequest() error sending response: Host unreachable
[gazebo-1] NodeShared::RecvSrvRequest() error sending response: Host unreachable
[gazebo-1] NodeShared::RecvSrvRequest() error sending response: Host unreachable
[gazebo-1] NodeShared::RecvSrvRequest() error sending response: Host unreachable
[gazebo-1] NodeShared::RecvSrvRequest() error sending response: Host unreachable
[gazebo-1] NodeShared::RecvSrvRequest() error sending response: Host unreachable
[gazebo-1] NodeShared::RecvSrvRequest() error sending response: Host unreachable
[gazebo-1] NodeShared::RecvSrvRequest() error sending response: Host unreachable
[gazebo-1] NodeShared::RecvSrvRequest() error sending response: Host unreachable
[gazebo-1] NodeShared::RecvSrvRequest() error sending response: Host unreachable
[gazebo-1] NodeShared::RecvSrvRequest() error sending response: Host unreachable
[gazebo-1] NodeShared::RecvSrvRequest() error sending response: Host unreachable
[gazebo-1] NodeShared::RecvSrvRequest() error sending response: Host unreachable
[gazebo-1] NodeShared::RecvSrvRequest() error sending response: Host unreachable
[gazebo-1] NodeShared::RecvSrvRequest() error sending response: Host unreachable
[gazebo-1] NodeShared::RecvSrvRequest() error sending response: Host unreachable
[gazebo-1] NodeShared::RecvSrvRequest() error sending response: Host unreachable
[gazebo-1] NodeShared::RecvSrvRequest() error sending response: Host unreachable
[gazebo-1] NodeShared::RecvSrvRequest() error sending response: Host unreachable
[gazebo-1] NodeShared::RecvSrvRequest() error sending response: Host unreachable
[gazebo-1] NodeShared::RecvSrvRequest() error sending response: Host unreachable
[gazebo-1] NodeShared::RecvSrvRequest() error sending response: Host unreachable
[gazebo-1] NodeShared::RecvSrvRequest() error sending response: Host unreachable
[gazebo-1] NodeShared::RecvSrvRequest() error sending response: Host unreachable
[gazebo-1] NodeShared::RecvSrvRequest() error sending response: Host unreachable
[gazebo-1] NodeShared::RecvSrvRequest() error sending response: Host unreachable
[gazebo-1] NodeShared::RecvSrvRequest() error sending response: Host unreachable
[gazebo-1] NodeShared::RecvSrvRequest() error sending response: Host unreachable
[gazebo-1] NodeShared::RecvSrvRequest() error sending response: Host unreachable
[gazebo-1] NodeShared::RecvSrvRequest() error sending response: Host unreachable
[gazebo-1] NodeShared::RecvSrvRequest() error sending response: Host unreachable
[gazebo-1] NodeShared::RecvSrvRequest() error sending response: Host unreachable
[gazebo-1] NodeShared::RecvSrvRequest() error sending response: Host unreachable
[gazebo-1] NodeShared::RecvSrvRequest() error sending response: Host unreachable
[gazebo-1] NodeShared::RecvSrvRequest() error sending response: Host unreachable
[gazebo-1] NodeShared::RecvSrvRequest() error sending response: Host unreachable
[gazebo-1] NodeShared::RecvSrvRequest() error sending response: Host unreachable
[gazebo-1] NodeShared::RecvSrvRequest() error sending response: Host unreachable
[gazebo-1] NodeShared::RecvSrvRequest() error sending response: Host unreachable
[gazebo-1] NodeShared::RecvSrvRequest() error sending response: Host unreachable
[gazebo-1] NodeShared::RecvSrvRequest() error sending response: Host unreachable
[gazebo-1] NodeShared::RecvSrvRequest() error sending response: Host unreachable
[gazebo-1] NodeShared::RecvSrvRequest() error sending response: Host unreachable
[gazebo-1] NodeShared::RecvSrvRequest() error sending response: Host unreachable
[gazebo-1] NodeShared::RecvSrvRequest() error sending response: Host unreachable
[gazebo-1] NodeShared::RecvSrvRequest() error sending response: Host unreachable
[gazebo-1] NodeShared::RecvSrvRequest() error sending response: Host unreachable
[gazebo-1] NodeShared::RecvSrvRequest() error sending response: Host unreachable
[gazebo-1] NodeShared::RecvSrvRequest() error sending response: Host unreachable
[gazebo-1] NodeShared::RecvSrvRequest() error sending response: Host unreachable
[gazebo-1] NodeShared::RecvSrvRequest() error sending response: Host unreachable
[gazebo-1] NodeShared::RecvSrvRequest() error sending response: Host unreachable
[gazebo-1] NodeShared::RecvSrvRequest() error sending response: Host unreachable
[gazebo-1] NodeShared::RecvSrvRequest() error sending response: Host unreachable
[gazebo-1] NodeShared::RecvSrvRequest() error sending response: Host unreachable
[gazebo-1] NodeShared::RecvSrvRequest() error sending response: Host unreachable
[gazebo-1] NodeShared::RecvSrvRequest() error sending response: Host unreachable
[gazebo-1] NodeShared::RecvSrvRequest() error sending response: Host unreachable
[gazebo-1] NodeShared::RecvSrvRequest() error sending response: Host unreachable
[gazebo-1] NodeShared::RecvSrvRequest() error sending response: Host unreachable
[gazebo-1] NodeShared::RecvSrvRequest() error sending response: Host unreachable
[gazebo-1] NodeShared::RecvSrvRequest() error sending response: Host unreachable
[gazebo-1] NodeShared::RecvSrvRequest() error sending response: Host unreachable
[gazebo-1] NodeShared::RecvSrvRequest() error sending response: Host unreachable
[gazebo-1] NodeShared::RecvSrvRequest() error sending response: Host unreachable
[gazebo-1] NodeShared::RecvSrvRequest() error sending response: Host unreachable
[gazebo-1] NodeShared::RecvSrvRequest() error sending response: Host unreachable
[gazebo-1] NodeShared::RecvSrvRequest() error sending response: Host unreachable
[gazebo-1] NodeShared::RecvSrvRequest() error sending response: Host unreachable
[gazebo-1] NodeShared::RecvSrvRequest() error sending response: Host unreachable
[gazebo-1] NodeShared::RecvSrvRequest() error sending response: Host unreachable
[gazebo-1] NodeShared::RecvSrvRequest() error sending response: Host unreachable
[gazebo-1] NodeShared::RecvSrvRequest() error sending response: Host unreachable
[gazebo-1] NodeShared::RecvSrvRequest() error sending response: Host unreachable
[gazebo-1] NodeShared::RecvSrvRequest() error sending response: Host unreachable
[gazebo-1] NodeShared::RecvSrvRequest() error sending response: Host unreachable
[gazebo-1] NodeShared::RecvSrvRequest() error sending response: Host unreachable
[gazebo-1] NodeShared::RecvSrvRequest() error sending response: Host unreachable
[gazebo-1] NodeShared::RecvSrvRequest() error sending response: Host unreachable
[gazebo-1] NodeShared::RecvSrvRequest() error sending response: Host unreachable
[gazebo-1] NodeShared::RecvSrvRequest() error sending response: Host unreachable
[gazebo-1] NodeShared::RecvSrvRequest() error sending response: Host unreachable
[gazebo-1] NodeShared::RecvSrvRequest() error sending response: Host unreachable
[gazebo-1] NodeShared::RecvSrvRequest() error sending response: Host unreachable
[gazebo-1] NodeShared::RecvSrvRequest() error sending response: Host unreachable
[gazebo-1] NodeShared::RecvSrvRequest() error sending response: Host unreachable
[gazebo-1] NodeShared::RecvSrvRequest() error sending response: Host unreachable
[gazebo-1] NodeShared::RecvSrvRequest() error sending response: Host unreachable
[gazebo-1] NodeShared::RecvSrvRequest() error sending response: Host unreachable
[gazebo-1] NodeShared::RecvSrvRequest() error sending response: Host unreachable
[gazebo-1] NodeShared::RecvSrvRequest() error sending response: Host unreachable
[gazebo-1] NodeShared::RecvSrvRequest() error sending response: Host unreachable
[gazebo-1] NodeShared::RecvSrvRequest() error sending response: Host unreachable
[gazebo-1] NodeShared::RecvSrvRequest() error sending response: Host unreachable
[gazebo-1] NodeShared::RecvSrvRequest() error sending response: Host unreachable
[gazebo-1] NodeShared::RecvSrvRequest() error sending response: Host unreachable
[gazebo-1] NodeShared::RecvSrvRequest() error sending response: Host unreachable
[gazebo-1] NodeShared::RecvSrvRequest() error sending response: Host unreachable
[gazebo-1] NodeShared::RecvSrvRequest() error sending response: Host unreachable
[gazebo-1] NodeShared::RecvSrvRequest() error sending response: Host unreachable
[gazebo-1] NodeShared::RecvSrvRequest() error sending response: Host unreachable
[gazebo-1] NodeShared::RecvSrvRequest() error sending response: Host unreachable
[gazebo-1] NodeShared::RecvSrvRequest() error sending response: Host unreachable
[gazebo-1] NodeShared::RecvSrvRequest() error sending response: Host unreachable
[gazebo-1] NodeShared::RecvSrvRequest() error sending response: Host unreachable
[gazebo-1] NodeShared::RecvSrvRequest() error sending response: Host unreachable
[gazebo-1] NodeShared::RecvSrvRequest() error sending response: Host unreachable
[gazebo-1] NodeShared::RecvSrvRequest() error sending response: Host unreachable
[gazebo-1] NodeShared::RecvSrvRequest() error sending response: Host unreachable
[gazebo-1] NodeShared::RecvSrvRequest() error sending response: Host unreachable
[gazebo-1] NodeShared::RecvSrvRequest() error sending response: Host unreachable
[gazebo-1] NodeShared::RecvSrvRequest() error sending response: Host unreachable
[gazebo-1] NodeShared::RecvSrvRequest() error sending response: Host unreachable
[gazebo-1] NodeShared::RecvSrvRequest() error sending response: Host unreachable
[gazebo-1] NodeShared::RecvSrvRequest() error sending response: Host unreachable
[gazebo-1] NodeShared::RecvSrvRequest() error sending response: Host unreachable
[gazebo-1] NodeShared::RecvSrvRequest() error sending response: Host unreachable
[gazebo-1] NodeShared::RecvSrvRequest() error sending response: Host unreachable
[gazebo-1] NodeShared::RecvSrvRequest() error sending response: Host unreachable
[gazebo-1] NodeShared::RecvSrvRequest() error sending response: Host unreachable
[gazebo-1] NodeShared::RecvSrvRequest() error sending response: Host unreachable
[gazebo-1] NodeShared::RecvSrvRequest() error sending response: Host unreachable
[gazebo-1] NodeShared::RecvSrvRequest() error sending response: Host unreachable
[gazebo-1] NodeShared::RecvSrvRequest() error sending response: Host unreachable
[gazebo-1] NodeShared::RecvSrvRequest() error sending response: Host unreachable
[gazebo-1] NodeShared::RecvSrvRequest() error sending response: Host unreachable
[gazebo-1] NodeShared::RecvSrvRequest() error sending response: Host unreachable
[gazebo-1] NodeShared::RecvSrvRequest() error sending response: Host unreachable
[gazebo-1] NodeShared::RecvSrvRequest() error sending response: Host unreachable
[gazebo-1] NodeShared::RecvSrvRequest() error sending response: Host unreachable
[gazebo-1] NodeShared::RecvSrvRequest() error sending response: Host unreachable
[gazebo-1] NodeShared::RecvSrvRequest() error sending response: Host unreachable
[gazebo-1] NodeShared::RecvSrvRequest() error sending response: Host unreachable
[gazebo-1] NodeShared::RecvSrvRequest() error sending response: Host unreachable
[gazebo-1] NodeShared::RecvSrvRequest() error sending response: Host unreachable
[gazebo-1] NodeShared::RecvSrvRequest() error sending response: Host unreachable
[gazebo-1] NodeShared::RecvSrvRequest() error sending response: Host unreachable
[gazebo-1] NodeShared::RecvSrvRequest() error sending response: Host unreachable
[gazebo-1] NodeShared::RecvSrvRequest() error sending response: Host unreachable
[gazebo-1] NodeShared::RecvSrvRequest() error sending response: Host unreachable
[gazebo-1] NodeShared::RecvSrvRequest() error sending response: Host unreachable
[gazebo-1] NodeShared::RecvSrvRequest() error sending response: Host unreachable
[gazebo-1] NodeShared::RecvSrvRequest() error sending response: Host unreachable
[gazebo-1] NodeShared::RecvSrvRequest() error sending response: Host unreachable
[gazebo-1] NodeShared::RecvSrvRequest() error sending response: Host unreachable
[gazebo-1] NodeShared::RecvSrvRequest() error sending response: Host unreachable
[gazebo-1] NodeShared::RecvSrvRequest() error sending response: Host unreachable
[gazebo-1] NodeShared::RecvSrvRequest() error sending response: Host unreachable
[gazebo-1] NodeShared::RecvSrvRequest() error sending response: Host unreachable
[gazebo-1] NodeShared::RecvSrvRequest() error sending response: Host unreachable
[gazebo-1] NodeShared::RecvSrvRequest() error sending response: Host unreachable
[gazebo-1] NodeShared::RecvSrvRequest() error sending response: Host unreachable
[gazebo-1] NodeShared::RecvSrvRequest() error sending response: Host unreachable
[gazebo-1] NodeShared::RecvSrvRequest() error sending response: Host unreachable
[gazebo-1] NodeShared::RecvSrvRequest() error sending response: Host unreachable
[gazebo-1] NodeShared::RecvSrvRequest() error sending response: Host unreachable
[gazebo-1] NodeShared::RecvSrvRequest() error sending response: Host unreachable
[gazebo-1] NodeShared::RecvSrvRequest() error sending response: Host unreachable
[gazebo-1] NodeShared::RecvSrvRequest() error sending response: Host unreachable
[gazebo-1] NodeShared::RecvSrvRequest() error sending response: Host unreachable
[gazebo-1] NodeShared::RecvSrvRequest() error sending response: Host unreachable
[gazebo-1] NodeShared::RecvSrvRequest() error sending response: Host unreachable
[gazebo-1] NodeShared::RecvSrvRequest() error sending response: Host unreachable
[gazebo-1] NodeShared::RecvSrvRequest() error sending response: Host unreachable
[gazebo-1] NodeShared::RecvSrvRequest() error sending response: Host unreachable
[gazebo-1] NodeShared::RecvSrvRequest() error sending response: Host unreachable
[gazebo-1] NodeShared::RecvSrvRequest() error sending response: Host unreachable
[gazebo-1] NodeShared::RecvSrvRequest() error sending response: Host unreachable
[gazebo-1] NodeShared::RecvSrvRequest() error sending response: Host unreachable
[gazebo-1] NodeShared::RecvSrvRequest() error sending response: Host unreachable
[gazebo-1] NodeShared::RecvSrvRequest() error sending response: Host unreachable
[gazebo-1] NodeShared::RecvSrvRequest() error sending response: Host unreachable
[gazebo-1] NodeShared::RecvSrvRequest() error sending response: Host unreachable
[gazebo-1] NodeShared::RecvSrvRequest() error sending response: Host unreachable
[gazebo-1] NodeShared::RecvSrvRequest() error sending response: Host unreachable
[gazebo-1] NodeShared::RecvSrvRequest() error sending response: Host unreachable
[gazebo-1] NodeShared::RecvSrvRequest() error sending response: Host unreachable
[gazebo-1] NodeShared::RecvSrvRequest() error sending response: Host unreachable
[gazebo-1] NodeShared::RecvSrvRequest() error sending response: Host unreachable
[gazebo-1] NodeShared::RecvSrvRequest() error sending response: Host unreachable
[gazebo-1] NodeShared::RecvSrvRequest() error sending response: Host unreachable
[gazebo-1] NodeShared::RecvSrvRequest() error sending response: Host unreachable
[gazebo-1] NodeShared::RecvSrvRequest() error sending response: Host unreachable
[gazebo-1] NodeShared::RecvSrvRequest() error sending response: Host unreachable
[gazebo-1] NodeShared::RecvSrvRequest() error sending response: Host unreachable
[gazebo-1] NodeShared::RecvSrvRequest() error sending response: Host unreachable
[gazebo-1] NodeShared::RecvSrvRequest() error sending response: Host unreachable
[gazebo-1] NodeShared::RecvSrvRequest() error sending response: Host unreachable
[gazebo-1] NodeShared::RecvSrvRequest() error sending response: Host unreachable
[gazebo-1] NodeShared::RecvSrvRequest() error sending response: Host unreachable
[gazebo-1] NodeShared::RecvSrvRequest() error sending response: Host unreachable
[gazebo-1] NodeShared::RecvSrvRequest() error sending response: Host unreachable
[gazebo-1] NodeShared::RecvSrvRequest() error sending response: Host unreachable
[gazebo-1] NodeShared::RecvSrvRequest() error sending response: Host unreachable
[gazebo-1] NodeShared::RecvSrvRequest() error sending response: Host unreachable
[gazebo-1] NodeShared::RecvSrvRequest() error sending response: Host unreachable
[gazebo-1] NodeShared::RecvSrvRequest() error sending response: Host unreachable
[gazebo-1] NodeShared::RecvSrvRequest() error sending response: Host unreachable
[gazebo-1] NodeShared::RecvSrvRequest() error sending response: Host unreachable
[gazebo-1] NodeShared::RecvSrvRequest() error sending response: Host unreachable
[gazebo-1] NodeShared::RecvSrvRequest() error sending response: Host unreachable
[gazebo-1] NodeShared::RecvSrvRequest() error sending response: Host unreachable
[gazebo-1] NodeShared::RecvSrvRequest() error sending response: Host unreachable
[gazebo-1] NodeShared::RecvSrvRequest() error sending response: Host unreachable
[gazebo-1] NodeShared::RecvSrvRequest() error sending response: Host unreachable
[gazebo-1] NodeShared::RecvSrvRequest() error sending response: Host unreachable
[gazebo-1] NodeShared::RecvSrvRequest() error sending response: Host unreachable
[gazebo-1] NodeShared::RecvSrvRequest() error sending response: Host unreachable
[gazebo-1] NodeShared::RecvSrvRequest() error sending response: Host unreachable
[gazebo-1] NodeShared::RecvSrvRequest() error sending response: Host unreachable
[gazebo-1] NodeShared::RecvSrvRequest() error sending response: Host unreachable
[gazebo-1] NodeShared::RecvSrvRequest() error sending response: Host unreachable
[gazebo-1] NodeShared::RecvSrvRequest() error sending response: Host unreachable
[gazebo-1] NodeShared::RecvSrvRequest() error sending response: Host unreachable
[gazebo-1] NodeShared::RecvSrvRequest() error sending response: Host unreachable
[gazebo-1] NodeShared::RecvSrvRequest() error sending response: Host unreachable
[gazebo-1] NodeShared::RecvSrvRequest() error sending response: Host unreachable
[gazebo-1] NodeShared::RecvSrvRequest() error sending response: Host unreachable
[gazebo-1] NodeShared::RecvSrvRequest() error sending response: Host unreachable
[gazebo-1] NodeShared::RecvSrvRequest() error sending response: Host unreachable
[gazebo-1] NodeShared::RecvSrvRequest() error sending response: Host unreachable
[gazebo-1] NodeShared::RecvSrvRequest() error sending response: Host unreachable
[gazebo-1] NodeShared::RecvSrvRequest() error sending response: Host unreachable
[gazebo-1] NodeShared::RecvSrvRequest() error sending response: Host unreachable
[gazebo-1] NodeShared::RecvSrvRequest() error sending response: Host unreachable
[gazebo-1] NodeShared::RecvSrvRequest() error sending response: Host unreachable
[gazebo-1] NodeShared::RecvSrvRequest() error sending response: Host unreachable
[gazebo-1] NodeShared::RecvSrvRequest() error sending response: Host unreachable
[gazebo-1] NodeShared::RecvSrvRequest() error sending response: Host unreachable
[gazebo-1] NodeShared::RecvSrvRequest() error sending response: Host unreachable
[gazebo-1] NodeShared::RecvSrvRequest() error sending response: Host unreachable
[gazebo-1] NodeShared::RecvSrvRequest() error sending response: Host unreachable
[gazebo-1] NodeShared::RecvSrvRequest() error sending response: Host unreachable
[gazebo-1] NodeShared::RecvSrvRequest() error sending response: Host unreachable
[gazebo-1] NodeShared::RecvSrvRequest() error sending response: Host unreachable
[gazebo-1] NodeShared::RecvSrvRequest() error sending response: Host unreachable
[gazebo-1] NodeShared::RecvSrvRequest() error sending response: Host unreachable
[gazebo-1] NodeShared::RecvSrvRequest() error sending response: Host unreachable
[gazebo-1] NodeShared::RecvSrvRequest() error sending response: Host unreachable
[gazebo-1] NodeShared::RecvSrvRequest() error sending response: Host unreachable
[gazebo-1] NodeShared::RecvSrvRequest() error sending response: Host unreachable
[gazebo-1] NodeShared::RecvSrvRequest() error sending response: Host unreachable
[gazebo-1] NodeShared::RecvSrvRequest() error sending response: Host unreachable
[gazebo-1] NodeShared::RecvSrvRequest() error sending response: Host unreachable
[gazebo-1] NodeShared::RecvSrvRequest() error sending response: Host unreachable
[gazebo-1] NodeShared::RecvSrvRequest() error sending response: Host unreachable
[gazebo-1] NodeShared::RecvSrvRequest() error sending response: Host unreachable
[gazebo-1] NodeShared::RecvSrvRequest() error sending response: Host unreachable
[gazebo-1] NodeShared::RecvSrvRequest() error sending response: Host unreachable
[gazebo-1] NodeShared::RecvSrvRequest() error sending response: Host unreachable
[gazebo-1] NodeShared::RecvSrvRequest() error sending response: Host unreachable
[gazebo-1] NodeShared::RecvSrvRequest() error sending response: Host unreachable
[gazebo-1] NodeShared::RecvSrvRequest() error sending response: Host unreachable
[gazebo-1] NodeShared::RecvSrvRequest() error sending response: Host unreachable
[gazebo-1] NodeShared::RecvSrvRequest() error sending response: Host unreachable
[gazebo-1] NodeShared::RecvSrvRequest() error sending response: Host unreachable
[gazebo-1] NodeShared::RecvSrvRequest() error sending response: Host unreachable
[gazebo-1] NodeShared::RecvSrvRequest() error sending response: Host unreachable
[gazebo-1] NodeShared::RecvSrvRequest() error sending response: Host unreachable
[gazebo-1] NodeShared::RecvSrvRequest() error sending response: Host unreachable
[gazebo-1] NodeShared::RecvSrvRequest() error sending response: Host unreachable
[gazebo-1] NodeShared::RecvSrvRequest() error sending response: Host unreachable
[gazebo-1] NodeShared::RecvSrvRequest() error sending response: Host unreachable
[gazebo-1] NodeShared::RecvSrvRequest() error sending response: Host unreachable
[gazebo-1] NodeShared::RecvSrvRequest() error sending response: Host unreachable
[gazebo-1] NodeShared::RecvSrvRequest() error sending response: Host unreachable
[gazebo-1] NodeShared::RecvSrvRequest() error sending response: Host unreachable
[gazebo-1] NodeShared::RecvSrvRequest() error sending response: Host unreachable
[gazebo-1] NodeShared::RecvSrvRequest() error sending response: Host unreachable
[gazebo-1] NodeShared::RecvSrvRequest() error sending response: Host unreachable
[gazebo-1] NodeShared::RecvSrvRequest() error sending response: Host unreachable
[gazebo-1] NodeShared::RecvSrvRequest() error sending response: Host unreachable
[gazebo-1] NodeShared::RecvSrvRequest() error sending response: Host unreachable
[gazebo-1] NodeShared::RecvSrvRequest() error sending response: Host unreachable
[gazebo-1] NodeShared::RecvSrvRequest() error sending response: Host unreachable
[gazebo-1] NodeShared::RecvSrvRequest() error sending response: Host unreachable
[gazebo-1] NodeShared::RecvSrvRequest() error sending response: Host unreachable
[gazebo-1] NodeShared::RecvSrvRequest() error sending response: Host unreachable
[gazebo-1] NodeShared::RecvSrvRequest() error sending response: Host unreachable
[gazebo-1] NodeShared::RecvSrvRequest() error sending response: Host unreachable
[gazebo-1] NodeShared::RecvSrvRequest() error sending response: Host unreachable
[gazebo-1] NodeShared::RecvSrvRequest() error sending response: Host unreachable
[gazebo-1] NodeShared::RecvSrvRequest() error sending response: Host unreachable
[gazebo-1] NodeShared::RecvSrvRequest() error sending response: Host unreachable
[gazebo-1] NodeShared::RecvSrvRequest() error sending response: Host unreachable
[gazebo-1] NodeShared::RecvSrvRequest() error sending response: Host unreachable
[gazebo-1] NodeShared::RecvSrvRequest() error sending response: Host unreachable
[gazebo-1] NodeShared::RecvSrvRequest() error sending response: Host unreachable
[gazebo-1] NodeShared::RecvSrvRequest() error sending response: Host unreachable
[gazebo-1] NodeShared::RecvSrvRequest() error sending response: Host unreachable
[gazebo-1] NodeShared::RecvSrvRequest() error sending response: Host unreachable
[gazebo-1] NodeShared::RecvSrvRequest() error sending response: Host unreachable
[gazebo-1] NodeShared::RecvSrvRequest() error sending response: Host unreachable
[gazebo-1] NodeShared::RecvSrvRequest() error sending response: Host unreachable
[gazebo-1] NodeShared::RecvSrvRequest() error sending response: Host unreachable
[gazebo-1] NodeShared::RecvSrvRequest() error sending response: Host unreachable
[gazebo-1] NodeShared::RecvSrvRequest() error sending response: Host unreachable
[gazebo-1] NodeShared::RecvSrvRequest() error sending response: Host unreachable
[gazebo-1] NodeShared::RecvSrvRequest() error sending response: Host unreachable
[gazebo-1] NodeShared::RecvSrvRequest() error sending response: Host unreachable
[gazebo-1] NodeShared::RecvSrvRequest() error sending response: Host unreachable
[gazebo-1] NodeShared::RecvSrvRequest() error sending response: Host unreachable
[gazebo-1] NodeShared::RecvSrvRequest() error sending response: Host unreachable
[gazebo-1] NodeShared::RecvSrvRequest() error sending response: Host unreachable
[gazebo-1] NodeShared::RecvSrvRequest() error sending response: Host unreachable
[gazebo-1] NodeShared::RecvSrvRequest() error sending response: Host unreachable
[gazebo-1] NodeShared::RecvSrvRequest() error sending response: Host unreachable
[gazebo-1] NodeShared::RecvSrvRequest() error sending response: Host unreachable
[gazebo-1] NodeShared::RecvSrvRequest() error sending response: Host unreachable
[gazebo-1] NodeShared::RecvSrvRequest() error sending response: Host unreachable
[gazebo-1] NodeShared::RecvSrvRequest() error sending response: Host unreachable
[gazebo-1] NodeShared::RecvSrvRequest() error sending response: Host unreachable
[gazebo-1] NodeShared::RecvSrvRequest() error sending response: Host unreachable
[gazebo-1] NodeShared::RecvSrvRequest() error sending response: Host unreachable
[gazebo-1] NodeShared::RecvSrvRequest() error sending response: Host unreachable
[gazebo-1] NodeShared::RecvSrvRequest() error sending response: Host unreachable
[gazebo-1] NodeShared::RecvSrvRequest() error sending response: Host unreachable
[gazebo-1] NodeShared::RecvSrvRequest() error sending response: Host unreachable
[gazebo-1] NodeShared::RecvSrvRequest() error sending response: Host unreachable
[gazebo-1] NodeShared::RecvSrvRequest() error sending response: Host unreachable
[gazebo-1] NodeShared::RecvSrvRequest() error sending response: Host unreachable
[gazebo-1] NodeShared::RecvSrvRequest() error sending response: Host unreachable
[gazebo-1] NodeShared::RecvSrvRequest() error sending response: Host unreachable
[gazebo-1] NodeShared::RecvSrvRequest() error sending response: Host unreachable
[gazebo-1] NodeShared::RecvSrvRequest() error sending response: Host unreachable
[gazebo-1] NodeShared::RecvSrvRequest() error sending response: Host unreachable
[gazebo-1] NodeShared::RecvSrvRequest() error sending response: Host unreachable
[gazebo-1] NodeShared::RecvSrvRequest() error sending response: Host unreachable
[gazebo-1] NodeShared::RecvSrvRequest() error sending response: Host unreachable
[gazebo-1] NodeShared::RecvSrvRequest() error sending response: Host unreachable
[gazebo-1] NodeShared::RecvSrvRequest() error sending response: Host unreachable
[gazebo-1] NodeShared::RecvSrvRequest() error sending response: Host unreachable
[gazebo-1] NodeShared::RecvSrvRequest() error sending response: Host unreachable
[gazebo-1] NodeShared::RecvSrvRequest() error sending response: Host unreachable
[gazebo-1] NodeShared::RecvSrvRequest() error sending response: Host unreachable
[gazebo-1] NodeShared::RecvSrvRequest() error sending response: Host unreachable
[gazebo-1] NodeShared::RecvSrvRequest() error sending response: Host unreachable
[gazebo-1] NodeShared::RecvSrvRequest() error sending response: Host unreachable
[gazebo-1] NodeShared::RecvSrvRequest() error sending response: Host unreachable
[gazebo-1] NodeShared::RecvSrvRequest() error sending response: Host unreachable
[gazebo-1] NodeShared::RecvSrvRequest() error sending response: Host unreachable
[gazebo-1] NodeShared::RecvSrvRequest() error sending response: Host unreachable
[gazebo-1] NodeShared::RecvSrvRequest() error sending response: Host unreachable
[gazebo-1] NodeShared::RecvSrvRequest() error sending response: Host unreachable
[gazebo-1] NodeShared::RecvSrvRequest() error sending response: Host unreachable
[gazebo-1] NodeShared::RecvSrvRequest() error sending response: Host unreachable
[gazebo-1] NodeShared::RecvSrvRequest() error sending response: Host unreachable
[gazebo-1] NodeShared::RecvSrvRequest() error sending response: Host unreachable
[gazebo-1] NodeShared::RecvSrvRequest() error sending response: Host unreachable
[gazebo-1] NodeShared::RecvSrvRequest() error sending response: Host unreachable
[gazebo-1] NodeShared::RecvSrvRequest() error sending response: Host unreachable
[gazebo-1] NodeShared::RecvSrvRequest() error sending response: Host unreachable
[gazebo-1] NodeShared::RecvSrvRequest() error sending response: Host unreachable
[gazebo-1] NodeShared::RecvSrvRequest() error sending response: Host unreachable
[gazebo-1] NodeShared::RecvSrvRequest() error sending response: Host unreachable
[gazebo-1] NodeShared::RecvSrvRequest() error sending response: Host unreachable
[gazebo-1] NodeShared::RecvSrvRequest() error sending response: Host unreachable
[gazebo-1] NodeShared::RecvSrvRequest() error sending response: Host unreachable
[gazebo-1] NodeShared::RecvSrvRequest() error sending response: Host unreachable
[gazebo-1] NodeShared::RecvSrvRequest() error sending response: Host unreachable
[gazebo-1] NodeShared::RecvSrvRequest() error sending response: Host unreachable
[gazebo-1] NodeShared::RecvSrvRequest() error sending response: Host unreachable
[gazebo-1] NodeShared::RecvSrvRequest() error sending response: Host unreachable
[gazebo-1] NodeShared::RecvSrvRequest() error sending response: Host unreachable
[gazebo-1] NodeShared::RecvSrvRequest() error sending response: Host unreachable
[gazebo-1] NodeShared::RecvSrvRequest() error sending response: Host unreachable
[gazebo-1] NodeShared::RecvSrvRequest() error sending response: Host unreachable
[gazebo-1] NodeShared::RecvSrvRequest() error sending response: Host unreachable
[gazebo-1] NodeShared::RecvSrvRequest() error sending response: Host unreachable
[gazebo-1] NodeShared::RecvSrvRequest() error sending response: Host unreachable
[gazebo-1] NodeShared::RecvSrvRequest() error sending response: Host unreachable
[gazebo-1] NodeShared::RecvSrvRequest() error sending response: Host unreachable
[gazebo-1] NodeShared::RecvSrvRequest() error sending response: Host unreachable
[gazebo-1] NodeShared::RecvSrvRequest() error sending response: Host unreachable
[gazebo-1] NodeShared::RecvSrvRequest() error sending response: Host unreachable
[gazebo-1] NodeShared::RecvSrvRequest() error sending response: Host unreachable
[gazebo-1] NodeShared::RecvSrvRequest() error sending response: Host unreachable
[gazebo-1] NodeShared::RecvSrvRequest() error sending response: Host unreachable
[gazebo-1] NodeShared::RecvSrvRequest() error sending response: Host unreachable
[gazebo-1] NodeShared::RecvSrvRequest() error sending response: Host unreachable
[gazebo-1] NodeShared::RecvSrvRequest() error sending response: Host unreachable
[gazebo-1] NodeShared::RecvSrvRequest() error sending response: Host unreachable
[gazebo-1] NodeShared::RecvSrvRequest() error sending response: Host unreachable
[gazebo-1] NodeShared::RecvSrvRequest() error sending response: Host unreachable
[gazebo-1] NodeShared::RecvSrvRequest() error sending response: Host unreachable
[gazebo-1] NodeShared::RecvSrvRequest() error sending response: Host unreachable
[gazebo-1] NodeShared::RecvSrvRequest() error sending response: Host unreachable
[gazebo-1] NodeShared::RecvSrvRequest() error sending response: Host unreachable
[gazebo-1] NodeShared::RecvSrvRequest() error sending response: Host unreachable
[gazebo-1] NodeShared::RecvSrvRequest() error sending response: Host unreachable
[gazebo-1] NodeShared::RecvSrvRequest() error sending response: Host unreachable
[gazebo-1] NodeShared::RecvSrvRequest() error sending response: Host unreachable
[gazebo-1] NodeShared::RecvSrvRequest() error sending response: Host unreachable
[gazebo-1] NodeShared::RecvSrvRequest() error sending response: Host unreachable
[gazebo-1] NodeShared::RecvSrvRequest() error sending response: Host unreachable
[gazebo-1] NodeShared::RecvSrvRequest() error sending response: Host unreachable
[gazebo-1] NodeShared::RecvSrvRequest() error sending response: Host unreachable
[gazebo-1] NodeShared::RecvSrvRequest() error sending response: Host unreachable
[gazebo-1] NodeShared::RecvSrvRequest() error sending response: Host unreachable
[gazebo-1] NodeShared::RecvSrvRequest() error sending response: Host unreachable
[gazebo-1] NodeShared::RecvSrvRequest() error sending response: Host unreachable
[gazebo-1] NodeShared::RecvSrvRequest() error sending response: Host unreachable
[gazebo-1] NodeShared::RecvSrvRequest() error sending response: Host unreachable
[gazebo-1] NodeShared::RecvSrvRequest() error sending response: Host unreachable
[gazebo-1] NodeShared::RecvSrvRequest() error sending response: Host unreachable
[gazebo-1] NodeShared::RecvSrvRequest() error sending response: Host unreachable
[gazebo-1] NodeShared::RecvSrvRequest() error sending response: Host unreachable
[gazebo-1] NodeShared::RecvSrvRequest() error sending response: Host unreachable
[gazebo-1] NodeShared::RecvSrvRequest() error sending response: Host unreachable
[gazebo-1] NodeShared::RecvSrvRequest() error sending response: Host unreachable
[gazebo-1] NodeShared::RecvSrvRequest() error sending response: Host unreachable
[gazebo-1] NodeShared::RecvSrvRequest() error sending response: Host unreachable
[gazebo-1] NodeShared::RecvSrvRequest() error sending response: Host unreachable
[gazebo-1] NodeShared::RecvSrvRequest() error sending response: Host unreachable
[gazebo-1] NodeShared::RecvSrvRequest() error sending response: Host unreachable
[gazebo-1] NodeShared::RecvSrvRequest() error sending response: Host unreachable
[gazebo-1] NodeShared::RecvSrvRequest() error sending response: Host unreachable
[gazebo-1] NodeShared::RecvSrvRequest() error sending response: Host unreachable
[gazebo-1] NodeShared::RecvSrvRequest() error sending response: Host unreachable
[gazebo-1] NodeShared::RecvSrvRequest() error sending response: Host unreachable
[gazebo-1] NodeShared::RecvSrvRequest() error sending response: Host unreachable
[gazebo-1] NodeShared::RecvSrvRequest() error sending response: Host unreachable
[gazebo-1] NodeShared::RecvSrvRequest() error sending response: Host unreachable
[gazebo-1] NodeShared::RecvSrvRequest() error sending response: Host unreachable
[gazebo-1] NodeShared::RecvSrvRequest() error sending response: Host unreachable
[gazebo-1] NodeShared::RecvSrvRequest() error sending response: Host unreachable
[gazebo-1] NodeShared::RecvSrvRequest() error sending response: Host unreachable
[gazebo-1] NodeShared::RecvSrvRequest() error sending response: Host unreachable
[gazebo-1] NodeShared::RecvSrvRequest() error sending response: Host unreachable
[gazebo-1] NodeShared::RecvSrvRequest() error sending response: Host unreachable
[gazebo-1] NodeShared::RecvSrvRequest() error sending response: Host unreachable
[gazebo-1] NodeShared::RecvSrvRequest() error sending response: Host unreachable
[gazebo-1] NodeShared::RecvSrvRequest() error sending response: Host unreachable
[gazebo-1] NodeShared::RecvSrvRequest() error sending response: Host unreachable
[gazebo-1] NodeShared::RecvSrvRequest() error sending response: Host unreachable
[gazebo-1] NodeShared::RecvSrvRequest() error sending response: Host unreachable
[gazebo-1] NodeShared::RecvSrvRequest() error sending response: Host unreachable
[gazebo-1] NodeShared::RecvSrvRequest() error sending response: Host unreachable
[gazebo-1] NodeShared::RecvSrvRequest() error sending response: Host unreachable
[gazebo-1] NodeShared::RecvSrvRequest() error sending response: Host unreachable
[gazebo-1] NodeShared::RecvSrvRequest() error sending response: Host unreachable
[gazebo-1] NodeShared::RecvSrvRequest() error sending response: Host unreachable
[gazebo-1] NodeShared::RecvSrvRequest() error sending response: Host unreachable
[gazebo-1] NodeShared::RecvSrvRequest() error sending response: Host unreachable
[gazebo-1] NodeShared::RecvSrvRequest() error sending response: Host unreachable
[gazebo-1] NodeShared::RecvSrvRequest() error sending response: Host unreachable
[gazebo-1] NodeShared::RecvSrvRequest() error sending response: Host unreachable
[gazebo-1] NodeShared::RecvSrvRequest() error sending response: Host unreachable
[gazebo-1] NodeShared::RecvSrvRequest() error sending response: Host unreachable
[gazebo-1] NodeShared::RecvSrvRequest() error sending response: Host unreachable
[gazebo-1] NodeShared::RecvSrvRequest() error sending response: Host unreachable
[gazebo-1] NodeShared::RecvSrvRequest() error sending response: Host unreachable
[gazebo-1] NodeShared::RecvSrvRequest() error sending response: Host unreachable
[gazebo-1] NodeShared::RecvSrvRequest() error sending response: Host unreachable
[gazebo-1] NodeShared::RecvSrvRequest() error sending response: Host unreachable
[gazebo-1] NodeShared::RecvSrvRequest() error sending response: Host unreachable
[gazebo-1] NodeShared::RecvSrvRequest() error sending response: Host unreachable
[gazebo-1] NodeShared::RecvSrvRequest() error sending response: Host unreachable
[gazebo-1] NodeShared::RecvSrvRequest() error sending response: Host unreachable
[gazebo-1] NodeShared::RecvSrvRequest() error sending response: Host unreachable
[gazebo-1] NodeShared::RecvSrvRequest() error sending response: Host unreachable
[gazebo-1] NodeShared::RecvSrvRequest() error sending response: Host unreachable
[gazebo-1] NodeShared::RecvSrvRequest() error sending response: Host unreachable
[gazebo-1] NodeShared::RecvSrvRequest() error sending response: Host unreachable
[gazebo-1] NodeShared::RecvSrvRequest() error sending response: Host unreachable
[gazebo-1] NodeShared::RecvSrvRequest() error sending response: Host unreachable
[gazebo-1] NodeShared::RecvSrvRequest() error sending response: Host unreachable
[gazebo-1] NodeShared::RecvSrvRequest() error sending response: Host unreachable
[gazebo-1] NodeShared::RecvSrvRequest() error sending response: Host unreachable
[gazebo-1] NodeShared::RecvSrvRequest() error sending response: Host unreachable
[gazebo-1] NodeShared::RecvSrvRequest() error sending response: Host unreachable
[gazebo-1] NodeShared::RecvSrvRequest() error sending response: Host unreachable
[gazebo-1] NodeShared::RecvSrvRequest() error sending response: Host unreachable
[gazebo-1] NodeShared::RecvSrvRequest() error sending response: Host unreachable
[gazebo-1] NodeShared::RecvSrvRequest() error sending response: Host unreachable
[gazebo-1] NodeShared::RecvSrvRequest() error sending response: Host unreachable
[gazebo-1] NodeShared::RecvSrvRequest() error sending response: Host unreachable
[gazebo-1] NodeShared::RecvSrvRequest() error sending response: Host unreachable
[gazebo-1] NodeShared::RecvSrvRequest() error sending response: Host unreachable
[gazebo-1] NodeShared::RecvSrvRequest() error sending response: Host unreachable
[gazebo-1] NodeShared::RecvSrvRequest() error sending response: Host unreachable
[gazebo-1] NodeShared::RecvSrvRequest() error sending response: Host unreachable
[gazebo-1] NodeShared::RecvSrvRequest() error sending response: Host unreachable
[gazebo-1] NodeShared::RecvSrvRequest() error sending response: Host unreachable
[gazebo-1] NodeShared::RecvSrvRequest() error sending response: Host unreachable
[gazebo-1] NodeShared::RecvSrvRequest() error sending response: Host unreachable
[gazebo-1] NodeShared::RecvSrvRequest() error sending response: Host unreachable
[gazebo-1] NodeShared::RecvSrvRequest() error sending response: Host unreachable
[gazebo-1] NodeShared::RecvSrvRequest() error sending response: Host unreachable
[gazebo-1] NodeShared::RecvSrvRequest() error sending response: Host unreachable
[gazebo-1] NodeShared::RecvSrvRequest() error sending response: Host unreachable
[gazebo-1] NodeShared::RecvSrvRequest() error sending response: Host unreachable
[gazebo-1] NodeShared::RecvSrvRequest() error sending response: Host unreachable
[gazebo-1] NodeShared::RecvSrvRequest() error sending response: Host unreachable
[gazebo-1] NodeShared::RecvSrvRequest() error sending response: Host unreachable
[gazebo-1] NodeShared::RecvSrvRequest() error sending response: Host unreachable
[gazebo-1] NodeShared::RecvSrvRequest() error sending response: Host unreachable
[gazebo-1] NodeShared::RecvSrvRequest() error sending response: Host unreachable
[gazebo-1] NodeShared::RecvSrvRequest() error sending response: Host unreachable
[gazebo-1] NodeShared::RecvSrvRequest() error sending response: Host unreachable
[gazebo-1] NodeShared::RecvSrvRequest() error sending response: Host unreachable
[gazebo-1] NodeShared::RecvSrvRequest() error sending response: Host unreachable
[gazebo-1] NodeShared::RecvSrvRequest() error sending response: Host unreachable
[gazebo-1] NodeShared::RecvSrvRequest() error sending response: Host unreachable
[gazebo-1] NodeShared::RecvSrvRequest() error sending response: Host unreachable
[gazebo-1] NodeShared::RecvSrvRequest() error sending response: Host unreachable
[gazebo-1] NodeShared::RecvSrvRequest() error sending response: Host unreachable
[gazebo-1] NodeShared::RecvSrvRequest() error sending response: Host unreachable
[gazebo-1] NodeShared::RecvSrvRequest() error sending response: Host unreachable
[gazebo-1] NodeShared::RecvSrvRequest() error sending response: Host unreachable
[gazebo-1] NodeShared::RecvSrvRequest() error sending response: Host unreachable
[gazebo-1] NodeShared::RecvSrvRequest() error sending response: Host unreachable
[gazebo-1] NodeShared::RecvSrvRequest() error sending response: Host unreachable
[gazebo-1] NodeShared::RecvSrvRequest() error sending response: Host unreachable
[gazebo-1] NodeShared::RecvSrvRequest() error sending response: Host unreachable
[gazebo-1] NodeShared::RecvSrvRequest() error sending response: Host unreachable
[gazebo-1] NodeShared::RecvSrvRequest() error sending response: Host unreachable
[gazebo-1] NodeShared::RecvSrvRequest() error sending response: Host unreachable
[gazebo-1] NodeShared::RecvSrvRequest() error sending response: Host unreachable
[gazebo-1] NodeShared::RecvSrvRequest() error sending response: Host unreachable
[gazebo-1] NodeShared::RecvSrvRequest() error sending response: Host unreachable
[gazebo-1] NodeShared::RecvSrvRequest() error sending response: Host unreachable
[gazebo-1] NodeShared::RecvSrvRequest() error sending response: Host unreachable
[gazebo-1] NodeShared::RecvSrvRequest() error sending response: Host unreachable
[gazebo-1] NodeShared::RecvSrvRequest() error sending response: Host unreachable
[gazebo-1] NodeShared::RecvSrvRequest() error sending response: Host unreachable
[gazebo-1] NodeShared::RecvSrvRequest() error sending response: Host unreachable
[gazebo-1] NodeShared::RecvSrvRequest() error sending response: Host unreachable
[gazebo-1] NodeShared::RecvSrvRequest() error sending response: Host unreachable
[gazebo-1] NodeShared::RecvSrvRequest() error sending response: Host unreachable
[gazebo-1] NodeShared::RecvSrvRequest() error sending response: Host unreachable
[gazebo-1] NodeShared::RecvSrvRequest() error sending response: Host unreachable
[gazebo-1] NodeShared::RecvSrvRequest() error sending response: Host unreachable
[gazebo-1] NodeShared::RecvSrvRequest() error sending response: Host unreachable
[gazebo-1] NodeShared::RecvSrvRequest() error sending response: Host unreachable
[gazebo-1] NodeShared::RecvSrvRequest() error sending response: Host unreachable
[gazebo-1] NodeShared::RecvSrvRequest() error sending response: Host unreachable
[gazebo-1] NodeShared::RecvSrvRequest() error sending response: Host unreachable
[gazebo-1] NodeShared::RecvSrvRequest() error sending response: Host unreachable
[gazebo-1] NodeShared::RecvSrvRequest() error sending response: Host unreachable
[gazebo-1] NodeShared::RecvSrvRequest() error sending response: Host unreachable
[gazebo-1] NodeShared::RecvSrvRequest() error sending response: Host unreachable
[gazebo-1] NodeShared::RecvSrvRequest() error sending response: Host unreachable
[gazebo-1] NodeShared::RecvSrvRequest() error sending response: Host unreachable
[gazebo-1] NodeShared::RecvSrvRequest() error sending response: Host unreachable
[gazebo-1] NodeShared::RecvSrvRequest() error sending response: Host unreachable
[gazebo-1] NodeShared::RecvSrvRequest() error sending response: Host unreachable
[gazebo-1] NodeShared::RecvSrvRequest() error sending response: Host unreachable
[gazebo-1] NodeShared::RecvSrvRequest() error sending response: Host unreachable
[gazebo-1] NodeShared::RecvSrvRequest() error sending response: Host unreachable
[gazebo-1] NodeShared::RecvSrvRequest() error sending response: Host unreachable
[gazebo-1] NodeShared::RecvSrvRequest() error sending response: Host unreachable
[gazebo-1] NodeShared::RecvSrvRequest() error sending response: Host unreachable
[gazebo-1] NodeShared::RecvSrvRequest() error sending response: Host unreachable
[gazebo-1] NodeShared::RecvSrvRequest() error sending response: Host unreachable
[gazebo-1] NodeShared::RecvSrvRequest() error sending response: Host unreachable
[gazebo-1] NodeShared::RecvSrvRequest() error sending response: Host unreachable
[gazebo-1] NodeShared::RecvSrvRequest() error sending response: Host unreachable
[gazebo-1] NodeShared::RecvSrvRequest() error sending response: Host unreachable
[gazebo-1] NodeShared::RecvSrvRequest() error sending response: Host unreachable
[gazebo-1] NodeShared::RecvSrvRequest() error sending response: Host unreachable
[gazebo-1] NodeShared::RecvSrvRequest() error sending response: Host unreachable
[gazebo-1] NodeShared::RecvSrvRequest() error sending response: Host unreachable
[gazebo-1] NodeShared::RecvSrvRequest() error sending response: Host unreachable
[gazebo-1] NodeShared::RecvSrvRequest() error sending response: Host unreachable
[gazebo-1] NodeShared::RecvSrvRequest() error sending response: Host unreachable
[gazebo-1] NodeShared::RecvSrvRequest() error sending response: Host unreachable
[gazebo-1] NodeShared::RecvSrvRequest() error sending response: Host unreachable
[gazebo-1] NodeShared::RecvSrvRequest() error sending response: Host unreachable
[gazebo-1] NodeShared::RecvSrvRequest() error sending response: Host unreachable
[gazebo-1] NodeShared::RecvSrvRequest() error sending response: Host unreachable
[gazebo-1] NodeShared::RecvSrvRequest() error sending response: Host unreachable
[gazebo-1] NodeShared::RecvSrvRequest() error sending response: Host unreachable
[gazebo-1] NodeShared::RecvSrvRequest() error sending response: Host unreachable
[gazebo-1] NodeShared::RecvSrvRequest() error sending response: Host unreachable
[gazebo-1] NodeShared::RecvSrvRequest() error sending response: Host unreachable
[gazebo-1] NodeShared::RecvSrvRequest() error sending response: Host unreachable
[gazebo-1] NodeShared::RecvSrvRequest() error sending response: Host unreachable
[gazebo-1] NodeShared::RecvSrvRequest() error sending response: Host unreachable
[gazebo-1] NodeShared::RecvSrvRequest() error sending response: Host unreachable
[gazebo-1] NodeShared::RecvSrvRequest() error sending response: Host unreachable
[gazebo-1] NodeShared::RecvSrvRequest() error sending response: Host unreachable
[gazebo-1] NodeShared::RecvSrvRequest() error sending response: Host unreachable
[gazebo-1] NodeShared::RecvSrvRequest() error sending response: Host unreachable
[gazebo-1] NodeShared::RecvSrvRequest() error sending response: Host unreachable
[gazebo-1] NodeShared::RecvSrvRequest() error sending response: Host unreachable
[gazebo-1] NodeShared::RecvSrvRequest() error sending response: Host unreachable
[gazebo-1] NodeShared::RecvSrvRequest() error sending response: Host unreachable
[gazebo-1] NodeShared::RecvSrvRequest() error sending response: Host unreachable
[gazebo-1] NodeShared::RecvSrvRequest() error sending response: Host unreachable
[gazebo-1] NodeShared::RecvSrvRequest() error sending response: Host unreachable
[gazebo-1] NodeShared::RecvSrvRequest() error sending response: Host unreachable
[gazebo-1] NodeShared::RecvSrvRequest() error sending response: Host unreachable
[gazebo-1] NodeShared::RecvSrvRequest() error sending response: Host unreachable
[gazebo-1] NodeShared::RecvSrvRequest() error sending response: Host unreachable
[gazebo-1] NodeShared::RecvSrvRequest() error sending response: Host unreachable
[gazebo-1] NodeShared::RecvSrvRequest() error sending response: Host unreachable
[gazebo-1] NodeShared::RecvSrvRequest() error sending response: Host unreachable
[gazebo-1] NodeShared::RecvSrvRequest() error sending response: Host unreachable
[gazebo-1] NodeShared::RecvSrvRequest() error sending response: Host unreachable
[gazebo-1] NodeShared::RecvSrvRequest() error sending response: Host unreachable
[gazebo-1] NodeShared::RecvSrvRequest() error sending response: Host unreachable
[gazebo-1] NodeShared::RecvSrvRequest() error sending response: Host unreachable
[gazebo-1] NodeShared::RecvSrvRequest() error sending response: Host unreachable
[gazebo-1] NodeShared::RecvSrvRequest() error sending response: Host unreachable
[gazebo-1] NodeShared::RecvSrvRequest() error sending response: Host unreachable
[gazebo-1] NodeShared::RecvSrvRequest() error sending response: Host unreachable
[gazebo-1] NodeShared::RecvSrvRequest() error sending response: Host unreachable
[gazebo-1] NodeShared::RecvSrvRequest() error sending response: Host unreachable
[gazebo-1] NodeShared::RecvSrvRequest() error sending response: Host unreachable
[gazebo-1] NodeShared::RecvSrvRequest() error sending response: Host unreachable
[gazebo-1] NodeShared::RecvSrvRequest() error sending response: Host unreachable
[gazebo-1] NodeShared::RecvSrvRequest() error sending response: Host unreachable
[gazebo-1] NodeShared::RecvSrvRequest() error sending response: Host unreachable
[gazebo-1] NodeShared::RecvSrvRequest() error sending response: Host unreachable
[gazebo-1] NodeShared::RecvSrvRequest() error sending response: Host unreachable
[gazebo-1] NodeShared::RecvSrvRequest() error sending response: Host unreachable
[gazebo-1] NodeShared::RecvSrvRequest() error sending response: Host unreachable
[gazebo-1] NodeShared::RecvSrvRequest() error sending response: Host unreachable
[gazebo-1] NodeShared::RecvSrvRequest() error sending response: Host unreachable
[gazebo-1] NodeShared::RecvSrvRequest() error sending response: Host unreachable
[gazebo-1] NodeShared::RecvSrvRequest() error sending response: Host unreachable
[gazebo-1] NodeShared::RecvSrvRequest() error sending response: Host unreachable
[gazebo-1] NodeShared::RecvSrvRequest() error sending response: Host unreachable
[gazebo-1] NodeShared::RecvSrvRequest() error sending response: Host unreachable
[gazebo-1] NodeShared::RecvSrvRequest() error sending response: Host unreachable
[gazebo-1] NodeShared::RecvSrvRequest() error sending response: Host unreachable
[gazebo-1] NodeShared::RecvSrvRequest() error sending response: Host unreachable
[gazebo-1] NodeShared::RecvSrvRequest() error sending response: Host unreachable
[gazebo-1] NodeShared::RecvSrvRequest() error sending response: Host unreachable
[gazebo-1] NodeShared::RecvSrvRequest() error sending response: Host unreachable
[gazebo-1] NodeShared::RecvSrvRequest() error sending response: Host unreachable
[gazebo-1] NodeShared::RecvSrvRequest() error sending response: Host unreachable
[gazebo-1] NodeShared::RecvSrvRequest() error sending response: Host unreachable
[gazebo-1] NodeShared::RecvSrvRequest() error sending response: Host unreachable
[gazebo-1] NodeShared::RecvSrvRequest() error sending response: Host unreachable
[gazebo-1] NodeShared::RecvSrvRequest() error sending response: Host unreachable
[gazebo-1] NodeShared::RecvSrvRequest() error sending response: Host unreachable
[gazebo-1] NodeShared::RecvSrvRequest() error sending response: Host unreachable
[gazebo-1] NodeShared::RecvSrvRequest() error sending response: Host unreachable
[gazebo-1] NodeShared::RecvSrvRequest() error sending response: Host unreachable
[gazebo-1] NodeShared::RecvSrvRequest() error sending response: Host unreachable
[gazebo-1] NodeShared::RecvSrvRequest() error sending response: Host unreachable
[gazebo-1] NodeShared::RecvSrvRequest() error sending response: Host unreachable
[gazebo-1] NodeShared::RecvSrvRequest() error sending response: Host unreachable
[gazebo-1] NodeShared::RecvSrvRequest() error sending response: Host unreachable
[gazebo-1] NodeShared::RecvSrvRequest() error sending response: Host unreachable
[gazebo-1] NodeShared::RecvSrvRequest() error sending response: Host unreachable
[gazebo-1] NodeShared::RecvSrvRequest() error sending response: Host unreachable
[gazebo-1] NodeShared::RecvSrvRequest() error sending response: Host unreachable
[gazebo-1] NodeShared::RecvSrvRequest() error sending response: Host unreachable
[gazebo-1] NodeShared::RecvSrvRequest() error sending response: Host unreachable
[gazebo-1] NodeShared::RecvSrvRequest() error sending response: Host unreachable
[gazebo-1] NodeShared::RecvSrvRequest() error sending response: Host unreachable
[gazebo-1] NodeShared::RecvSrvRequest() error sending response: Host unreachable
[gazebo-1] NodeShared::RecvSrvRequest() error sending response: Host unreachable
[gazebo-1] NodeShared::RecvSrvRequest() error sending response: Host unreachable
[gazebo-1] NodeShared::RecvSrvRequest() error sending response: Host unreachable
[gazebo-1] NodeShared::RecvSrvRequest() error sending response: Host unreachable
[gazebo-1] NodeShared::RecvSrvRequest() error sending response: Host unreachable
[gazebo-1] NodeShared::RecvSrvRequest() error sending response: Host unreachable
[gazebo-1] NodeShared::RecvSrvRequest() error sending response: Host unreachable
[gazebo-1] NodeShared::RecvSrvRequest() error sending response: Host unreachable
[gazebo-1] NodeShared::RecvSrvRequest() error sending response: Host unreachable
[gazebo-1] NodeShared::RecvSrvRequest() error sending response: Host unreachable
[gazebo-1] NodeShared::RecvSrvRequest() error sending response: Host unreachable
[gazebo-1] NodeShared::RecvSrvRequest() error sending response: Host unreachable
[gazebo-1] NodeShared::RecvSrvRequest() error sending response: Host unreachable
[gazebo-1] NodeShared::RecvSrvRequest() error sending response: Host unreachable
[gazebo-1] NodeShared::RecvSrvRequest() error sending response: Host unreachable
[gazebo-1] NodeShared::RecvSrvRequest() error sending response: Host unreachable
[gazebo-1] NodeShared::RecvSrvRequest() error sending response: Host unreachable
[gazebo-1] NodeShared::RecvSrvRequest() error sending response: Host unreachable
[gazebo-1] NodeShared::RecvSrvRequest() error sending response: Host unreachable
[gazebo-1] NodeShared::RecvSrvRequest() error sending response: Host unreachable
[gazebo-1] NodeShared::RecvSrvRequest() error sending response: Host unreachable
[gazebo-1] NodeShared::RecvSrvRequest() error sending response: Host unreachable
[gazebo-1] NodeShared::RecvSrvRequest() error sending response: Host unreachable
[gazebo-1] NodeShared::RecvSrvRequest() error sending response: Host unreachable
[gazebo-1] NodeShared::RecvSrvRequest() error sending response: Host unreachable
[gazebo-1] NodeShared::RecvSrvRequest() error sending response: Host unreachable
[gazebo-1] NodeShared::RecvSrvRequest() error sending response: Host unreachable
[gazebo-1] NodeShared::RecvSrvRequest() error sending response: Host unreachable
[gazebo-1] NodeShared::RecvSrvRequest() error sending response: Host unreachable
[gazebo-1] NodeShared::RecvSrvRequest() error sending response: Host unreachable
[gazebo-1] NodeShared::RecvSrvRequest() error sending response: Host unreachable
[gazebo-1] NodeShared::RecvSrvRequest() error sending response: Host unreachable
[gazebo-1] NodeShared::RecvSrvRequest() error sending response: Host unreachable
[gazebo-1] NodeShared::RecvSrvRequest() error sending response: Host unreachable
[gazebo-1] NodeShared::RecvSrvRequest() error sending response: Host unreachable
[gazebo-1] NodeShared::RecvSrvRequest() error sending response: Host unreachable
[gazebo-1] NodeShared::RecvSrvRequest() error sending response: Host unreachable
[gazebo-1] NodeShared::RecvSrvRequest() error sending response: Host unreachable
[gazebo-1] NodeShared::RecvSrvRequest() error sending response: Host unreachable
[gazebo-1] NodeShared::RecvSrvRequest() error sending response: Host unreachable
[gazebo-1] NodeShared::RecvSrvRequest() error sending response: Host unreachable
[gazebo-1] NodeShared::RecvSrvRequest() error sending response: Host unreachable
[gazebo-1] NodeShared::RecvSrvRequest() error sending response: Host unreachable
[gazebo-1] NodeShared::RecvSrvRequest() error sending response: Host unreachable
[gazebo-1] NodeShared::RecvSrvRequest() error sending response: Host unreachable
[gazebo-1] NodeShared::RecvSrvRequest() error sending response: Host unreachable
[gazebo-1] NodeShared::RecvSrvRequest() error sending response: Host unreachable
[gazebo-1] NodeShared::RecvSrvRequest() error sending response: Host unreachable
[gazebo-1] NodeShared::RecvSrvRequest() error sending response: Host unreachable
[gazebo-1] NodeShared::RecvSrvRequest() error sending response: Host unreachable
[gazebo-1] NodeShared::RecvSrvRequest() error sending response: Host unreachable
[gazebo-1] NodeShared::RecvSrvRequest() error sending response: Host unreachable
[gazebo-1] NodeShared::RecvSrvRequest() error sending response: Host unreachable
[gazebo-1] NodeShared::RecvSrvRequest() error sending response: Host unreachable
[gazebo-1] NodeShared::RecvSrvRequest() error sending response: Host unreachable
[gazebo-1] NodeShared::RecvSrvRequest() error sending response: Host unreachable
[gazebo-1] NodeShared::RecvSrvRequest() error sending response: Host unreachable
[gazebo-1] NodeShared::RecvSrvRequest() error sending response: Host unreachable
[gazebo-1] NodeShared::RecvSrvRequest() error sending response: Host unreachable
[gazebo-1] NodeShared::RecvSrvRequest() error sending response: Host unreachable
[gazebo-1] NodeShared::RecvSrvRequest() error sending response: Host unreachable
[gazebo-1] NodeShared::RecvSrvRequest() error sending response: Host unreachable
[gazebo-1] NodeShared::RecvSrvRequest() error sending response: Host unreachable
[gazebo-1] NodeShared::RecvSrvRequest() error sending response: Host unreachable
[gazebo-1] NodeShared::RecvSrvRequest() error sending response: Host unreachable
[gazebo-1] NodeShared::RecvSrvRequest() error sending response: Host unreachable
[gazebo-1] NodeShared::RecvSrvRequest() error sending response: Host unreachable
[gazebo-1] NodeShared::RecvSrvRequest() error sending response: Host unreachable
[gazebo-1] NodeShared::RecvSrvRequest() error sending response: Host unreachable
[gazebo-1] NodeShared::RecvSrvRequest() error sending response: Host unreachable
[gazebo-1] NodeShared::RecvSrvRequest() error sending response: Host unreachable
[gazebo-1] NodeShared::RecvSrvRequest() error sending response: Host unreachable
[gazebo-1] NodeShared::RecvSrvRequest() error sending response: Host unreachable
[gazebo-1] NodeShared::RecvSrvRequest() error sending response: Host unreachable
[gazebo-1] NodeShared::RecvSrvRequest() error sending response: Host unreachable
[gazebo-1] NodeShared::RecvSrvRequest() error sending response: Host unreachable
[gazebo-1] NodeShared::RecvSrvRequest() error sending response: Host unreachable
[gazebo-1] NodeShared::RecvSrvRequest() error sending response: Host unreachable
[gazebo-1] NodeShared::RecvSrvRequest() error sending response: Host unreachable
[gazebo-1] NodeShared::RecvSrvRequest() error sending response: Host unreachable
[gazebo-1] NodeShared::RecvSrvRequest() error sending response: Host unreachable
[gazebo-1] NodeShared::RecvSrvRequest() error sending response: Host unreachable
[gazebo-1] NodeShared::RecvSrvRequest() error sending response: Host unreachable
[gazebo-1] NodeShared::RecvSrvRequest() error sending response: Host unreachable
[gazebo-1] NodeShared::RecvSrvRequest() error sending response: Host unreachable
[gazebo-1] NodeShared::RecvSrvRequest() error sending response: Host unreachable
[gazebo-1] NodeShared::RecvSrvRequest() error sending response: Host unreachable
[gazebo-1] NodeShared::RecvSrvRequest() error sending response: Host unreachable
[gazebo-1] NodeShared::RecvSrvRequest() error sending response: Host unreachable
[gazebo-1] NodeShared::RecvSrvRequest() error sending response: Host unreachable
[gazebo-1] NodeShared::RecvSrvRequest() error sending response: Host unreachable
[gazebo-1] NodeShared::RecvSrvRequest() error sending response: Host unreachable
[gazebo-1] NodeShared::RecvSrvRequest() error sending response: Host unreachable
[gazebo-1] NodeShared::RecvSrvRequest() error sending response: Host unreachable
[gazebo-1] NodeShared::RecvSrvRequest() error sending response: Host unreachable
[gazebo-1] NodeShared::RecvSrvRequest() error sending response: Host unreachable
[gazebo-1] NodeShared::RecvSrvRequest() error sending response: Host unreachable
[gazebo-1] NodeShared::RecvSrvRequest() error sending response: Host unreachable
[gazebo-1] NodeShared::RecvSrvRequest() error sending response: Host unreachable
[gazebo-1] NodeShared::RecvSrvRequest() error sending response: Host unreachable
[gazebo-1] NodeShared::RecvSrvRequest() error sending response: Host unreachable
[gazebo-1] NodeShared::RecvSrvRequest() error sending response: Host unreachable
[gazebo-1] NodeShared::RecvSrvRequest() error sending response: Host unreachable
[gazebo-1] NodeShared::RecvSrvRequest() error sending response: Host unreachable
[gazebo-1] NodeShared::RecvSrvRequest() error sending response: Host unreachable
[gazebo-1] NodeShared::RecvSrvRequest() error sending response: Host unreachable
[gazebo-1] NodeShared::RecvSrvRequest() error sending response: Host unreachable
[gazebo-1] NodeShared::RecvSrvRequest() error sending response: Host unreachable
[gazebo-1] NodeShared::RecvSrvRequest() error sending response: Host unreachable
[gazebo-1] NodeShared::RecvSrvRequest() error sending response: Host unreachable
[gazebo-1] NodeShared::RecvSrvRequest() error sending response: Host unreachable
[gazebo-1] NodeShared::RecvSrvRequest() error sending response: Host unreachable
[gazebo-1] NodeShared::RecvSrvRequest() error sending response: Host unreachable
[gazebo-1] NodeShared::RecvSrvRequest() error sending response: Host unreachable
[gazebo-1] NodeShared::RecvSrvRequest() error sending response: Host unreachable
[gazebo-1] NodeShared::RecvSrvRequest() error sending response: Host unreachable
[gazebo-1] NodeShared::RecvSrvRequest() error sending response: Host unreachable
[gazebo-1] NodeShared::RecvSrvRequest() error sending response: Host unreachable
[gazebo-1] NodeShared::RecvSrvRequest() error sending response: Host unreachable
[gazebo-1] NodeShared::RecvSrvRequest() error sending response: Host unreachable
[gazebo-1] NodeShared::RecvSrvRequest() error sending response: Host unreachable
[gazebo-1] NodeShared::RecvSrvRequest() error sending response: Host unreachable
[gazebo-1] NodeShared::RecvSrvRequest() error sending response: Host unreachable
[gazebo-1] NodeShared::RecvSrvRequest() error sending response: Host unreachable
[gazebo-1] NodeShared::RecvSrvRequest() error sending response: Host unreachable
[gazebo-1] NodeShared::RecvSrvRequest() error sending response: Host unreachable
[gazebo-1] NodeShared::RecvSrvRequest() error sending response: Host unreachable
[gazebo-1] NodeShared::RecvSrvRequest() error sending response: Host unreachable
[gazebo-1] NodeShared::RecvSrvRequest() error sending response: Host unreachable
[gazebo-1] NodeShared::RecvSrvRequest() error sending response: Host unreachable
[gazebo-1] NodeShared::RecvSrvRequest() error sending response: Host unreachable
[gazebo-1] NodeShared::RecvSrvRequest() error sending response: Host unreachable
[gazebo-1] NodeShared::RecvSrvRequest() error sending response: Host unreachable
[gazebo-1] NodeShared::RecvSrvRequest() error sending response: Host unreachable
[gazebo-1] NodeShared::RecvSrvRequest() error sending response: Host unreachable
[gazebo-1] NodeShared::RecvSrvRequest() error sending response: Host unreachable
[gazebo-1] NodeShared::RecvSrvRequest() error sending response: Host unreachable
[gazebo-1] NodeShared::RecvSrvRequest() error sending response: Host unreachable
[gazebo-1] NodeShared::RecvSrvRequest() error sending response: Host unreachable
[gazebo-1] NodeShared::RecvSrvRequest() error sending response: Host unreachable
[gazebo-1] NodeShared::RecvSrvRequest() error sending response: Host unreachable
[gazebo-1] NodeShared::RecvSrvRequest() error sending response: Host unreachable
[gazebo-1] NodeShared::RecvSrvRequest() error sending response: Host unreachable
[gazebo-1] NodeShared::RecvSrvRequest() error sending response: Host unreachable
[gazebo-1] NodeShared::RecvSrvRequest() error sending response: Host unreachable
[gazebo-1] NodeShared::RecvSrvRequest() error sending response: Host unreachable
[gazebo-1] NodeShared::RecvSrvRequest() error sending response: Host unreachable
[gazebo-1] NodeShared::RecvSrvRequest() error sending response: Host unreachable
[gazebo-1] NodeShared::RecvSrvRequest() error sending response: Host unreachable
[gazebo-1] NodeShared::RecvSrvRequest() error sending response: Host unreachable
[gazebo-1] NodeShared::RecvSrvRequest() error sending response: Host unreachable
[gazebo-1] NodeShared::RecvSrvRequest() error sending response: Host unreachable
[gazebo-1] NodeShared::RecvSrvRequest() error sending response: Host unreachable
[gazebo-1] NodeShared::RecvSrvRequest() error sending response: Host unreachable
[gazebo-1] NodeShared::RecvSrvRequest() error sending response: Host unreachable
[gazebo-1] NodeShared::RecvSrvRequest() error sending response: Host unreachable
[gazebo-1] NodeShared::RecvSrvRequest() error sending response: Host unreachable
[gazebo-1] NodeShared::RecvSrvRequest() error sending response: Host unreachable
[gazebo-1] NodeShared::RecvSrvRequest() error sending response: Host unreachable
[gazebo-1] NodeShared::RecvSrvRequest() error sending response: Host unreachable
[gazebo-1] NodeShared::RecvSrvRequest() error sending response: Host unreachable
[gazebo-1] NodeShared::RecvSrvRequest() error sending response: Host unreachable
[gazebo-1] NodeShared::RecvSrvRequest() error sending response: Host unreachable
[gazebo-1] NodeShared::RecvSrvRequest() error sending response: Host unreachable
[gazebo-1] NodeShared::RecvSrvRequest() error sending response: Host unreachable
[gazebo-1] NodeShared::RecvSrvRequest() error sending response: Host unreachable
[gazebo-1] NodeShared::RecvSrvRequest() error sending response: Host unreachable
[gazebo-1] NodeShared::RecvSrvRequest() error sending response: Host unreachable
[gazebo-1] NodeShared::RecvSrvRequest() error sending response: Host unreachable
[gazebo-1] NodeShared::RecvSrvRequest() error sending response: Host unreachable
[gazebo-1] NodeShared::RecvSrvRequest() error sending response: Host unreachable
[gazebo-1] NodeShared::RecvSrvRequest() error sending response: Host unreachable
[gazebo-1] NodeShared::RecvSrvRequest() error sending response: Host unreachable
[gazebo-1] NodeShared::RecvSrvRequest() error sending response: Host unreachable
[gazebo-1] NodeShared::RecvSrvRequest() error sending response: Host unreachable
[gazebo-1] NodeShared::RecvSrvRequest() error sending response: Host unreachable
[gazebo-1] NodeShared::RecvSrvRequest() error sending response: Host unreachable
[gazebo-1] NodeShared::RecvSrvRequest() error sending response: Host unreachable
[gazebo-1] NodeShared::RecvSrvRequest() error sending response: Host unreachable
[gazebo-1] NodeShared::RecvSrvRequest() error sending response: Host unreachable
[gazebo-1] NodeShared::RecvSrvRequest() error sending response: Host unreachable
[gazebo-1] NodeShared::RecvSrvRequest() error sending response: Host unreachable
[gazebo-1] NodeShared::RecvSrvRequest() error sending response: Host unreachable
[gazebo-1] NodeShared::RecvSrvRequest() error sending response: Host unreachable
[gazebo-1] NodeShared::RecvSrvRequest() error sending response: Host unreachable
[gazebo-1] NodeShared::RecvSrvRequest() error sending response: Host unreachable
[gazebo-1] NodeShared::RecvSrvRequest() error sending response: Host unreachable
[gazebo-1] NodeShared::RecvSrvRequest() error sending response: Host unreachable
[gazebo-1] NodeShared::RecvSrvRequest() error sending response: Host unreachable
[gazebo-1] NodeShared::RecvSrvRequest() error sending response: Host unreachable
[gazebo-1] NodeShared::RecvSrvRequest() error sending response: Host unreachable
[gazebo-1] NodeShared::RecvSrvRequest() error sending response: Host unreachable
[gazebo-1] NodeShared::RecvSrvRequest() error sending response: Host unreachable
[gazebo-1] NodeShared::RecvSrvRequest() error sending response: Host unreachable
[gazebo-1] NodeShared::RecvSrvRequest() error sending response: Host unreachable
[gazebo-1] NodeShared::RecvSrvRequest() error sending response: Host unreachable
[gazebo-1] NodeShared::RecvSrvRequest() error sending response: Host unreachable
[gazebo-1] NodeShared::RecvSrvRequest() error sending response: Host unreachable
[gazebo-1] NodeShared::RecvSrvRequest() error sending response: Host unreachable
[gazebo-1] NodeShared::RecvSrvRequest() error sending response: Host unreachable
[gazebo-1] NodeShared::RecvSrvRequest() error sending response: Host unreachable
[gazebo-1] NodeShared::RecvSrvRequest() error sending response: Host unreachable
[gazebo-1] NodeShared::RecvSrvRequest() error sending response: Host unreachable
[gazebo-1] NodeShared::RecvSrvRequest() error sending response: Host unreachable
[gazebo-1] NodeShared::RecvSrvRequest() error sending response: Host unreachable
[gazebo-1] NodeShared::RecvSrvRequest() error sending response: Host unreachable
[gazebo-1] NodeShared::RecvSrvRequest() error sending response: Host unreachable
[gazebo-1] NodeShared::RecvSrvRequest() error sending response: Host unreachable
[gazebo-1] NodeShared::RecvSrvRequest() error sending response: Host unreachable
[gazebo-1] NodeShared::RecvSrvRequest() error sending response: Host unreachable
[gazebo-1] NodeShared::RecvSrvRequest() error sending response: Host unreachable
[gazebo-1] NodeShared::RecvSrvRequest() error sending response: Host unreachable
[gazebo-1] NodeShared::RecvSrvRequest() error sending response: Host unreachable
[gazebo-1] NodeShared::RecvSrvRequest() error sending response: Host unreachable
[gazebo-1] NodeShared::RecvSrvRequest() error sending response: Host unreachable
[gazebo-1] NodeShared::RecvSrvRequest() error sending response: Host unreachable
[gazebo-1] NodeShared::RecvSrvRequest() error sending response: Host unreachable
[gazebo-1] NodeShared::RecvSrvRequest() error sending response: Host unreachable
[gazebo-1] NodeShared::RecvSrvRequest() error sending response: Host unreachable
[gazebo-1] NodeShared::RecvSrvRequest() error sending response: Host unreachable
[gazebo-1] NodeShared::RecvSrvRequest() error sending response: Host unreachable
[gazebo-1] NodeShared::RecvSrvRequest() error sending response: Host unreachable
[gazebo-1] NodeShared::RecvSrvRequest() error sending response: Host unreachable
[gazebo-1] NodeShared::RecvSrvRequest() error sending response: Host unreachable
[gazebo-1] NodeShared::RecvSrvRequest() error sending response: Host unreachable
[gazebo-1] NodeShared::RecvSrvRequest() error sending response: Host unreachable
[gazebo-1] NodeShared::RecvSrvRequest() error sending response: Host unreachable
[gazebo-1] NodeShared::RecvSrvRequest() error sending response: Host unreachable
[gazebo-1] NodeShared::RecvSrvRequest() error sending response: Host unreachable
[gazebo-1] NodeShared::RecvSrvRequest() error sending response: Host unreachable
[gazebo-1] NodeShared::RecvSrvRequest() error sending response: Host unreachable
[gazebo-1] NodeShared::RecvSrvRequest() error sending response: Host unreachable
[gazebo-1] NodeShared::RecvSrvRequest() error sending response: Host unreachable
[gazebo-1] NodeShared::RecvSrvRequest() error sending response: Host unreachable
[gazebo-1] NodeShared::RecvSrvRequest() error sending response: Host unreachable
[gazebo-1] NodeShared::RecvSrvRequest() error sending response: Host unreachable
[gazebo-1] NodeShared::RecvSrvRequest() error sending response: Host unreachable
[gazebo-1] NodeShared::RecvSrvRequest() error sending response: Host unreachable
[gazebo-1] NodeShared::RecvSrvRequest() error sending response: Host unreachable
[gazebo-1] NodeShared::RecvSrvRequest() error sending response: Host unreachable
[gazebo-1] NodeShared::RecvSrvRequest() error sending response: Host unreachable
[gazebo-1] NodeShared::RecvSrvRequest() error sending response: Host unreachable
[gazebo-1] NodeShared::RecvSrvRequest() error sending response: Host unreachable
[gazebo-1] NodeShared::RecvSrvRequest() error sending response: Host unreachable
[gazebo-1] NodeShared::RecvSrvRequest() error sending response: Host unreachable
[gazebo-1] NodeShared::RecvSrvRequest() error sending response: Host unreachable
[gazebo-1] NodeShared::RecvSrvRequest() error sending response: Host unreachable
[gazebo-1] NodeShared::RecvSrvRequest() error sending response: Host unreachable
[gazebo-1] NodeShared::RecvSrvRequest() error sending response: Host unreachable
[gazebo-1] NodeShared::RecvSrvRequest() error sending response: Host unreachable
[gazebo-1] NodeShared::RecvSrvRequest() error sending response: Host unreachable
[gazebo-1] NodeShared::RecvSrvRequest() error sending response: Host unreachable
[gazebo-1] NodeShared::RecvSrvRequest() error sending response: Host unreachable
[gazebo-1] NodeShared::RecvSrvRequest() error sending response: Host unreachable
[gazebo-1] NodeShared::RecvSrvRequest() error sending response: Host unreachable
[gazebo-1] NodeShared::RecvSrvRequest() error sending response: Host unreachable
[gazebo-1] NodeShared::RecvSrvRequest() error sending response: Host unreachable
[gazebo-1] NodeShared::RecvSrvRequest() error sending response: Host unreachable
[gazebo-1] NodeShared::RecvSrvRequest() error sending response: Host unreachable
[gazebo-1] NodeShared::RecvSrvRequest() error sending response: Host unreachable
[gazebo-1] NodeShared::RecvSrvRequest() error sending response: Host unreachable
[gazebo-1] NodeShared::RecvSrvRequest() error sending response: Host unreachable
[gazebo-1] NodeShared::RecvSrvRequest() error sending response: Host unreachable
[gazebo-1] NodeShared::RecvSrvRequest() error sending response: Host unreachable
[gazebo-1] NodeShared::RecvSrvRequest() error sending response: Host unreachable
[gazebo-1] NodeShared::RecvSrvRequest() error sending response: Host unreachable
[gazebo-1] NodeShared::RecvSrvRequest() error sending response: Host unreachable
[gazebo-1] NodeShared::RecvSrvRequest() error sending response: Host unreachable
[gazebo-1] NodeShared::RecvSrvRequest() error sending response: Host unreachable
[gazebo-1] NodeShared::RecvSrvRequest() error sending response: Host unreachable
[gazebo-1] NodeShared::RecvSrvRequest() error sending response: Host unreachable
[gazebo-1] NodeShared::RecvSrvRequest() error sending response: Host unreachable
[gazebo-1] NodeShared::RecvSrvRequest() error sending response: Host unreachable
[INFO] [ros2-12]: sending signal 'SIGINT' to process[ros2-12]
[INFO] [logger_node-11]: sending signal 'SIGINT' to process[logger_node-11]
[INFO] [safety_filter_node-10]: sending signal 'SIGINT' to process[safety_filter_node-10]
[INFO] [controller_node-9]: sending signal 'SIGINT' to process[controller_node-9]
[INFO] [dynamics_node-8]: sending signal 'SIGINT' to process[dynamics_node-8]
[INFO] [verification_evaluator_node-7]: sending signal 'SIGINT' to process[verification_evaluator_node-7]
[INFO] [planned_trajectory_replay_node-6]: sending signal 'SIGINT' to process[planned_trajectory_replay_node-6]
[INFO] [chaser_pose_follower-5]: sending signal 'SIGINT' to process[chaser_pose_follower-5]
[INFO] [rviz2-3]: sending signal 'SIGINT' to process[rviz2-3]
[INFO] [parameter_bridge-2]: sending signal 'SIGINT' to process[parameter_bridge-2]
[INFO] [gazebo-1]: sending signal 'SIGINT' to process[gazebo-1]
[ros2-12] [INFO] [1788947664.624336684] [rosbag2_recorder]: Topics discovery stopped.
[ros2-12] [INFO] [1788947664.624540148] [rosbag2_recorder]: Pausing recording.
[ros2-12] [INFO] [1788947664.624565085] [rosbag2_cpp]: Writing remaining messages from cache to the bag. It may take a while
[rviz2-3] [INFO] [1788947664.631902409] [rclcpp]: signal_handler(SIGINT/SIGTERM)
[parameter_bridge-2] [INFO] [1788947664.632989838] [rclcpp]: signal_handler(SIGINT/SIGTERM)
[ros2-12] [INFO] [1788947664.635892457] [rosbag2_recorder]: Recording stopped
[ros2-12] [INFO] [1788947664.636866963] [rosbag2_recorder]: Event publisher thread: Exited
[gazebo-1] NodeShared::RecvSrvRequest() error sending response: Host unreachable
[INFO] [parameter_bridge-2]: process has finished cleanly [pid 172342]
[INFO] [verification_evaluator_node-7]: process has finished cleanly [pid 172939]
[INFO] [ros2-12]: process has finished cleanly [pid 172944]
[INFO] [safety_filter_node-10]: process has finished cleanly [pid 172942]
[INFO] [dynamics_node-8]: process has finished cleanly [pid 172940]
[INFO] [planned_trajectory_replay_node-6]: process has finished cleanly [pid 172938]
[INFO] [controller_node-9]: process has finished cleanly [pid 172941]
[INFO] [rviz2-3]: process has finished cleanly [pid 172343]
[INFO] [chaser_pose_follower-5]: process has finished cleanly [pid 172892]
[INFO] [logger_node-11]: process has finished cleanly [pid 172943]
[INFO] [gazebo-1]: process has finished cleanly [pid 172341]
[INFO] [launch]: process[gazebo-1] was required: shutting down launched system
